time_s,vx_target,vx_actual,vx_error,vx_target_source,vx_actual_source,pitch_actual,pitch_actual_source,pitch_rate_q,pwm_mean,pwm_std,pwm_1,pwm_2,pwm_3,pwm_4,pwm_5,pwm_6,pwm_7,pwm_8,ctrl_vx_dX2Vx,ctrl_vx_var,ctrl_vx_delta,ctrl_vx_p,ctrl_vx_int,ctrl_vx_d,ctrl_ele_ffc,ctrl_theta_trim,ctrl_theta_var,ctrl_delta_theta,ctrl_theta_p,ctrl_theta_d,ctrl_ele_fbc,ctrl_ele_law_out
0.0,0.0,0.0,0.0,datactrl_ref_vx_fallback,datactrl_est_vx_fallback,-0.5999999642372131,states_theta,-0.033012229949235916,4.378652269036285e-06,8.280807484313371e-06,1.0584760607680936e-05,0.0,0.0,2.428771750745662e-05,1.5674003715272426e-07,0.0,0.0,0.0,0.0,0.0,0.0,0.0,0.0,0.0,0.0,0.0,0.0,0.5999999642372131,0.0,0.0,0.0,0.0
0.079,0.0,0.0,0.0,datactrl_ref_vx_fallback,datactrl_est_vx_fallback,-0.5999999642372131,states_theta,-0.033012229949235916,4.378652269036285e-06,8.280807484313371e-06,1.0584760607680936e-05,0.0,0.0,2.428771750745662e-05,1.5674003715272426e-07,0.0,0.0,0.0,0.0,0.0,0.0,0.0,0.0,0.0,0.0,0.0,0.0,0.5999999642372131,0.0,0.0,0.0,0.0
0.129,0.0,0.0,0.0,datactrl_ref_vx_fallback,datactrl_est_vx_fallback,-0.6100000143051147,states_theta,-0.033012229949235916,4.378652269036285e-06,8.280807484313371e-06,1.0584760607680936e-05,0.0,0.0,2.428771750745662e-05,1.5674003715272426e-07,0.0,0.0,0.0,0.0,0.0,0.0,0.0,0.0,0.0,0.0,0.0,0.0,0.6100000143051147,0.0,0.0,0.0,0.0
0.236,0.0,0.0,0.0,datactrl_ref_vx_fallback,datactrl_est_vx_fallback,-0.6100000143051147,states_theta,-0.033012229949235916,4.378652269036285e-06,8.280807484313371e-06,1.0584760607680936e-05,0.0,0.0,2.428771750745662e-05,1.5674003715272426e-07,0.0,0.0,0.0,0.0,0.0,0.0,0.0,0.0,0.0,0.0,0.0,0.0,0.6100000143051147,0.0,0.0,0.0,0.0
0.344,0.0,0.0,0.0,datactrl_ref_vx_fallback,datactrl_est_vx_fallback,-0.6100000143051147,states_theta,-0.033012229949235916,4.378652269036285e-06,8.280807484313371e-06,1.0584760607680936e-05,0.0,0.0,2.428771750745662e-05,1.5674003715272426e-07,0.0,0.0,0.0,0.0,0.0,0.0,0.0,0.0,0.0,0.0,0.0,0.0,0.6100000143051147,0.0,0.0,0.0,0.0
0.394,0.0,0.0,0.0,datactrl_ref_vx_fallback,datactrl_est_vx_fallback,-0.6100000143051147,states_theta,-0.033012229949235916,4.378652269036285e-06,8.280807484313371e-06,1.0584760607680936e-05,0.0,0.0,2.428771750745662e-05,1.5674003715272426e-07,0.0,0.0,0.0,0.0,0.0,0.0,0.0,0.0,0.0,0.0,0.0,0.0,0.6100000143051147,0.0,0.0,0.0,0.0
0.453,0.0,0.0,0.0,datactrl_ref_vx_fallback,datactrl_est_vx_fallback,-0.6200000047683716,states_theta,-0.033012229949235916,4.378652269036285e-06,8.280807484313371e-06,1.0584760607680936e-05,0.0,0.0,2.428771750745662e-05,1.5674003715272426e-07,0.0,0.0,0.0,0.0,0.0,0.0,0.0,0.0,0.0,0.0,0.0,0.0,0.6200000047683716,0.0,0.0,0.0,0.0
0.507,0.0,0.0,0.0,datactrl_ref_vx_fallback,datactrl_est_vx_fallback,-0.6200000047683716,states_theta,-0.033012229949235916,4.378652269036285e-06,8.280807484313371e-06,1.0584760607680936e-05,0.0,0.0,2.428771750745662e-05,1.5674003715272426e-07,0.0,0.0,0.0,0.0,0.0,0.0,0.0,0.0,0.0,0.0,0.0,0.0,0.6200000047683716,0.0,0.0,0.0,0.0
0.568,0.0,0.0,0.0,datactrl_ref_vx_fallback,datactrl_est_vx_fallback,-0.6200000047683716,states_theta,-0.033012229949235916,4.378652269036285e-06,8.280807484313371e-06,1.0584760607680936e-05,0.0,0.0,2.428771750745662e-05,1.5674003715272426e-07,0.0,0.0,0.0,0.0,0.0,0.0,0.0,0.0,0.0,0.0,0.0,0.0,0.6200000047683716,0.0,0.0,0.0,0.0
0.84,0.0,0.0,0.0,datactrl_ref_vx_fallback,datactrl_est_vx_fallback,-0.6299999952316284,states_theta,-0.033012229949235916,4.378652269036285e-06,8.280807484313371e-06,1.0584760607680936e-05,0.0,0.0,2.428771750745662e-05,1.5674003715272426e-07,0.0,0.0,0.0,0.0,0.0,0.0,0.0,0.0,0.0,0.0,0.0,0.0,0.6299999952316284,0.0,0.0,0.0,0.0
1.023,0.0,0.0,0.0,datactrl_ref_vx_fallback,datactrl_est_vx_fallback,-0.6299999952316284,states_theta,-0.033012229949235916,4.378652269036285e-06,8.280807484313371e-06,1.0584760607680936e-05,0.0,0.0,2.428771750745662e-05,1.5674003715272426e-07,0.0,0.0,0.0,0.0,0.0,0.0,0.0,0.0,0.0,0.0,0.0,0.0,0.6299999952316284,0.0,0.0,0.0,0.0
1.231,0.0,0.0,0.0,datactrl_ref_vx_fallback,datactrl_est_vx_fallback,-0.6399999856948853,states_theta,-0.033012229949235916,4.378652269036285e-06,8.280807484313371e-06,1.0584760607680936e-05,0.0,0.0,2.428771750745662e-05,1.5674003715272426e-07,0.0,0.0,0.0,0.0,0.0,0.0,0.0,0.0,0.0,0.0,0.0,0.0,0.6399999856948853,0.0,0.0,0.0,0.0
1.456,0.0,0.0,0.0,datactrl_ref_vx_fallback,datactrl_est_vx_fallback,-0.6499999761581421,states_theta,-0.033012229949235916,4.378652269036285e-06,8.280807484313371e-06,1.0584760607680936e-05,0.0,0.0,2.428771750745662e-05,1.5674003715272426e-07,0.0,0.0,0.0,0.0,0.0,0.0,0.0,0.0,0.0,0.0,0.0,0.0,0.6499999761581421,0.0,0.0,0.0,0.0
1.664,0.0,0.0,0.0,datactrl_ref_vx_fallback,datactrl_est_vx_fallback,-0.6499999761581421,states_theta,-0.033012229949235916,4.378652269036285e-06,8.280807484313371e-06,1.0584760607680936e-05,0.0,0.0,2.428771750745662e-05,1.5674003715272426e-07,0.0,0.0,0.0,0.0,0.0,0.0,0.0,0.0,0.0,0.0,0.0,0.0,0.6499999761581421,0.0,0.0,0.0,0.0
1.881,0.0,0.0,0.0,datactrl_ref_vx_fallback,datactrl_est_vx_fallback,-0.6599999666213989,states_theta,-0.033012229949235916,4.378652269036285e-06,8.280807484313371e-06,1.0584760607680936e-05,0.0,0.0,2.428771750745662e-05,1.5674003715272426e-07,0.0,0.0,0.0,0.0,0.0,0.0,0.0,0.0,0.0,0.0,0.0,0.0,0.6599999666213989,0.0,0.0,0.0,0.0
2.118,0.0,0.0,0.0,datactrl_ref_vx_fallback,datactrl_est_vx_fallback,-0.6699999570846558,states_theta,-0.033012229949235916,4.378652269036285e-06,8.280807484313371e-06,1.0584760607680936e-05,0.0,0.0,2.428771750745662e-05,1.5674003715272426e-07,0.0,0.0,0.0,0.0,0.0,0.0,0.0,0.0,0.0,0.0,0.0,0.0,0.6699999570846558,0.0,0.0,0.0,0.0
2.33,0.0,0.0,0.0,datactrl_ref_vx_fallback,datactrl_est_vx_fallback,-0.6699999570846558,states_theta,-0.033012229949235916,4.378652269036285e-06,8.280807484313371e-06,1.0584760607680936e-05,0.0,0.0,2.428771750745662e-05,1.5674003715272426e-07,0.0,0.0,0.0,0.0,0.0,0.0,0.0,0.0,0.0,0.0,0.0,0.0,0.6699999570846558,0.0,0.0,0.0,0.0
2.549,0.0,0.0,0.0,datactrl_ref_vx_fallback,datactrl_est_vx_fallback,-0.6800000071525574,states_theta,-0.033012229949235916,4.378652269036285e-06,8.280807484313371e-06,1.0584760607680936e-05,0.0,0.0,2.428771750745662e-05,1.5674003715272426e-07,0.0,0.0,0.0,0.0,0.0,0.0,0.0,0.0,0.0,0.0,0.0,0.0,0.6800000071525574,0.0,0.0,0.0,0.0
2.749,0.0,0.0,0.0,datactrl_ref_vx_fallback,datactrl_est_vx_fallback,-0.6899999976158142,states_theta,-0.033012229949235916,4.378652269036285e-06,8.280807484313371e-06,1.0584760607680936e-05,0.0,0.0,2.428771750745662e-05,1.5674003715272426e-07,0.0,0.0,0.0,0.0,0.0,0.0,0.0,0.0,0.0,0.0,0.0,0.0,0.6899999976158142,0.0,0.0,0.0,0.0
2.952,0.0,0.0,0.0,datactrl_ref_vx_fallback,datactrl_est_vx_fallback,-0.6899999976158142,states_theta,-0.033012229949235916,4.378652269036285e-06,8.280807484313371e-06,1.0584760607680936e-05,0.0,0.0,2.428771750745662e-05,1.5674003715272426e-07,0.0,0.0,0.0,0.0,0.0,0.0,0.0,0.0,0.0,0.0,0.0,0.0,0.6899999976158142,0.0,0.0,0.0,0.0
3.166,0.0,0.0,0.0,datactrl_ref_vx_fallback,datactrl_est_vx_fallback,-0.699999988079071,states_theta,-0.033012229949235916,4.378652269036285e-06,8.280807484313371e-06,1.0584760607680936e-05,0.0,0.0,2.428771750745662e-05,1.5674003715272426e-07,0.0,0.0,0.0,0.0,0.0,0.0,0.0,0.0,0.0,0.0,0.0,0.0,0.699999988079071,0.0,0.0,0.0,0.0
3.216,0.0,0.0,0.0,datactrl_ref_vx_fallback,datactrl_est_vx_fallback,-0.699999988079071,states_theta,-0.033012229949235916,4.378652269036285e-06,8.280807484313371e-06,1.0584760607680936e-05,0.0,0.0,2.428771750745662e-05,1.5674003715272426e-07,0.0,0.0,0.0,0.0,0.0,0.0,0.0,0.0,0.0,0.0,0.0,0.0,0.699999988079071,0.0,0.0,0.0,0.0
3.394,0.0,0.0,0.0,datactrl_ref_vx_fallback,datactrl_est_vx_fallback,-0.7099999785423279,states_theta,-0.033012229949235916,4.378652269036285e-06,8.280807484313371e-06,1.0584760607680936e-05,0.0,0.0,2.428771750745662e-05,1.5674003715272426e-07,0.0,0.0,0.0,0.0,0.0,0.0,0.0,0.0,0.0,0.0,0.0,0.0,0.7099999785423279,0.0,0.0,0.0,0.0
3.444,0.0,0.0,0.0,datactrl_ref_vx_fallback,datactrl_est_vx_fallback,-0.7099999785423279,states_theta,-0.033012229949235916,4.378652269036285e-06,8.280807484313371e-06,1.0584760607680936e-05,0.0,0.0,2.428771750745662e-05,1.5674003715272426e-07,0.0,0.0,0.0,0.0,0.0,0.0,0.0,0.0,0.0,0.0,0.0,0.0,0.7099999785423279,0.0,0.0,0.0,0.0
3.627,0.0,0.0,0.0,datactrl_ref_vx_fallback,datactrl_est_vx_fallback,-0.7099999785423279,states_theta,-0.033012229949235916,4.378652269036285e-06,8.280807484313371e-06,1.0584760607680936e-05,0.0,0.0,2.428771750745662e-05,1.5674003715272426e-07,0.0,0.0,0.0,0.0,0.0,0.0,0.0,0.0,0.0,0.0,0.0,0.0,0.7099999785423279,0.0,0.0,0.0,0.0
3.831,0.0,0.0,0.0,datactrl_ref_vx_fallback,datactrl_est_vx_fallback,-0.7199999690055847,states_theta,-0.033012229949235916,4.378652269036285e-06,8.280807484313371e-06,1.0584760607680936e-05,0.0,0.0,2.428771750745662e-05,1.5674003715272426e-07,0.0,0.0,0.0,0.0,0.0,0.0,0.0,0.0,0.0,0.0,0.0,0.0,0.7199999690055847,0.0,0.0,0.0,0.0
4.054,0.0,0.0,0.0,datactrl_ref_vx_fallback,datactrl_est_vx_fallback,-0.7299999594688416,states_theta,-0.033012229949235916,4.378652269036285e-06,8.280807484313371e-06,1.0584760607680936e-05,0.0,0.0,2.428771750745662e-05,1.5674003715272426e-07,0.0,0.0,0.0,0.0,0.0,0.0,0.0,0.0,0.0,0.0,0.0,0.0,0.7299999594688416,0.0,0.0,0.0,0.0
4.264,0.0,0.0,0.0,datactrl_ref_vx_fallback,datactrl_est_vx_fallback,-0.7299999594688416,states_theta,-0.033012229949235916,4.378652269036285e-06,8.280807484313371e-06,1.0584760607680936e-05,0.0,0.0,2.428771750745662e-05,1.5674003715272426e-07,0.0,0.0,0.0,0.0,0.0,0.0,0.0,0.0,0.0,0.0,0.0,0.0,0.7299999594688416,0.0,0.0,0.0,0.0
4.481,0.0,0.0,0.0,datactrl_ref_vx_fallback,datactrl_est_vx_fallback,-0.7400000095367432,states_theta,-0.033012229949235916,4.378652269036285e-06,8.280807484313371e-06,1.0584760607680936e-05,0.0,0.0,2.428771750745662e-05,1.5674003715272426e-07,0.0,0.0,0.0,0.0,0.0,0.0,0.0,0.0,0.0,0.0,0.0,0.0,0.7400000095367432,0.0,0.0,0.0,0.0
4.686,0.0,0.0,0.0,datactrl_ref_vx_fallback,datactrl_est_vx_fallback,-0.75,states_theta,-0.033012229949235916,4.378652269036285e-06,8.280807484313371e-06,1.0584760607680936e-05,0.0,0.0,2.428771750745662e-05,1.5674003715272426e-07,0.0,0.0,0.0,0.0,0.0,0.0,0.0,0.0,0.0,0.0,0.0,0.0,0.75,0.0,0.0,0.0,0.0
4.905,0.0,0.0,0.0,datactrl_ref_vx_fallback,datactrl_est_vx_fallback,-0.75,states_theta,-0.033012229949235916,2.0146563913112237e-05,3.061370507549566e-05,1.7444550467617382e-05,0.0,6.439778649543907e-05,0.0,7.933017434184142e-05,0.0,0.0,0.0,0.0,0.0,0.0,0.0,0.0,0.0,0.0,0.0,0.0,0.75,0.0,0.0,0.0,0.0
5.125,0.0,0.0,0.0,datactrl_ref_vx_fallback,datactrl_est_vx_fallback,-0.7599999904632568,states_theta,-0.033012229949235916,0.00011051803494231948,0.00018339513252122353,2.8681326289777822e-05,0.0,0.00042258197317211624,0.0,0.0004328809800766617,0.0,0.0,0.0,0.0,0.0,0.0,0.0,0.0,0.0,0.0,0.0,0.0,0.7599999904632568,0.0,0.0,0.0,0.0
5.338,0.0,0.0,0.0,datactrl_ref_vx_fallback,datactrl_est_vx_fallback,-0.7699999809265137,states_theta,-0.033012229949235916,0.00019024135143376301,0.0003187572465374816,3.807807583058309e-05,0.0,0.0007384463008228555,0.0,0.0007454064348166655,0.0,0.0,0.0,0.0,0.0,0.0,0.0,0.0,0.0,0.0,0.0,0.0,0.7699999809265137,0.0,0.0,0.0,0.0
5.566,0.0,0.0,0.0,datactrl_ref_vx_fallback,datactrl_est_vx_fallback,-0.7699999809265137,states_theta,-0.033012229949235916,0.0002577570530586904,0.00043348830065084346,4.577148365859388e-05,0.0,0.0010060292223748755,0.0,0.0010102557184360538,0.0,0.0,0.0,0.0,0.0,0.0,0.0,0.0,0.0,0.0,0.0,0.0,0.7699999809265137,0.0,0.0,0.0,0.0
5.782,0.0,0.0,0.0,datactrl_ref_vx_fallback,datactrl_est_vx_fallback,-0.7799999713897705,states_theta,-0.033012229949235916,0.00031182391752800895,0.0005253325772350457,5.207031324335833e-05,0.0,0.0012202663221813808,0.0,0.0012222547047993325,0.0,0.0,0.0,0.0,0.0,0.0,0.0,0.0,0.0,0.0,0.0,0.0,0.7799999713897705,0.0,0.0,0.0,0.0
6.001,0.0,0.0,0.0,datactrl_ref_vx_fallback,datactrl_est_vx_fallback,-0.7899999618530273,states_theta,-0.033012229949235916,0.0003600273437027971,0.0006073464490675464,5.7227358732813934e-05,0.0,0.0014114177102882309,0.0,0.001411573680601332,0.0,0.0,0.0,0.0,0.0,0.0,0.0,0.0,0.0,0.0,0.0,0.0,0.7899999618530273,0.0,0.0,0.0,0.0
6.207,0.0,0.0,0.0,datactrl_ref_vx_fallback,datactrl_est_vx_fallback,-0.7899999618530273,states_theta,-0.033012229949235916,0.00040129101208399154,0.0006776078390273887,6.144959047004351e-05,0.0,0.001575111394097542,0.0,0.0015737671121043469,0.0,0.0,0.0,0.0,0.0,0.0,0.0,0.0,0.0,0.0,0.0,0.0,0.7899999618530273,0.0,0.0,0.0,0.0
6.426,0.0,0.0,0.0,datactrl_ref_vx_fallback,datactrl_est_vx_fallback,-0.7999999523162842,states_theta,-0.033012229949235916,0.0004318513220396893,0.0007295526537787715,6.490646143994296e-05,0.0,0.0016962383497856554,0.0,0.001693665765091916,0.0,0.0,0.0,0.0,0.0,0.0,0.0,0.0,0.0,0.0,0.0,0.0,0.7999999523162842,0.0,0.0,0.0,0.0
6.64,0.0,0.0,0.0,datactrl_ref_vx_fallback,datactrl_est_vx_fallback,-0.8100000023841858,states_theta,-0.033012229949235916,0.0004621587340348823,0.0007812349674705073,6.773670801241557e-05,0.0,0.001816555699077702,0.0,0.001812977465188941,0.0,0.0,0.0,0.0,0.0,0.0,0.0,0.0,0.0,0.0,0.0,0.0,0.8100000023841858,0.0,0.0,0.0,0.0
6.852,0.0,0.0,0.0,datactrl_ref_vx_fallback,datactrl_est_vx_fallback,-0.8100000023841858,states_theta,-0.033012229949235916,0.0004885257395738222,0.0008262387242084086,7.005391792009286e-05,0.0,0.0019212767942410093,0.0,0.0019168752044294757,0.0,0.0,0.0,0.0,0.0,0.0,0.0,0.0,0.0,0.0,0.0,0.0,0.8100000023841858,0.0,0.0,0.0,0.0
6.906,0.0,0.0,0.0,datactrl_ref_vx_fallback,datactrl_est_vx_fallback,-0.8199999928474426,states_theta,-0.033012229949235916,0.0004885257395738222,0.0008262387242084086,7.005391792009286e-05,0.0,0.0019212767942410093,0.0,0.0019168752044294757,0.0,0.0,0.0,0.0,0.0,0.0,0.0,0.0,0.0,0.0,0.0,0.0,0.8199999928474426,0.0,0.0,0.0,0.0
7.092,0.0,0.0,0.0,datactrl_ref_vx_fallback,datactrl_est_vx_fallback,-0.8199999928474426,states_theta,-0.033012229949235916,0.0005090867497974632,0.0008540811938313074,9.83665128798047e-05,0.0,0.0020161170150100245,0.0,0.001958210470489877,0.0,0.0,0.0,0.0,0.0,0.0,0.0,0.0,0.0,0.0,0.0,0.0,0.8199999928474426,0.0,0.0,0.0,0.0
7.3,0.0,0.0,0.0,datactrl_ref_vx_fallback,datactrl_est_vx_fallback,-0.8299999833106995,states_theta,-0.033012229949235916,0.0005293244348145187,0.0008885066878686045,0.00010055827354158277,0.0,0.0020968863191471753,0.0,0.0020371508858273916,0.0,0.0,0.0,0.0,0.0,0.0,0.0,0.0,0.0,0.0,0.0,0.0,0.8299999833106995,0.0,0.0,0.0,0.0
7.501,0.0,0.0,0.0,datactrl_ref_vx_fallback,datactrl_est_vx_fallback,-0.8299999833106995,states_theta,-0.033012229949235916,0.0005473128180190185,0.0009191483039816945,0.00010235273539877104,0.0,0.002168691304788693,0.0,0.0021074585039646838,0.0,0.0,0.0,0.0,0.0,0.0,0.0,0.0,0.0,0.0,0.0,0.0,0.8299999833106995,0.0,0.0,0.0,0.0
7.714,0.0,0.0,0.0,datactrl_ref_vx_fallback,datactrl_est_vx_fallback,-0.8399999737739563,states_theta,-0.033012229949235916,0.0005571056980092765,0.0009356951288159008,0.00010382191650647307,0.0,0.0022077412046080562,0.0,0.002145282462959682,0.0,0.0,0.0,0.0,0.0,0.0,0.0,0.0,0.0,0.0,0.0,0.0,0.8399999737739563,0.0,0.0,0.0,0.0
7.929,0.0,0.0,0.0,datactrl_ref_vx_fallback,datactrl_est_vx_fallback,-0.8499999642372131,states_theta,-0.033012229949235916,0.0005715572221901619,0.0009603776257807393,0.00010502478026119012,0.0,0.002265447727181421,0.0,0.002201985270078684,0.0,0.0,0.0,0.0,0.0,0.0,0.0,0.0,0.0,0.0,0.0,0.0,0.8499999642372131,0.0,0.0,0.0,0.0
8.167,0.0,0.0,0.0,datactrl_ref_vx_fallback,datactrl_est_vx_fallback,-0.8499999642372131,states_theta,-0.033012229949235916,0.0005847346189506577,0.000982914874369141,0.00010600960180894204,0.0,0.0023180757898044425,0.0,0.0022537915599918773,0.0,0.0,0.0,0.0,0.0,0.0,0.0,0.0,0.0,0.0,0.0,0.0,0.8499999642372131,0.0,0.0,0.0,0.0
8.389,0.0,0.0,0.0,datactrl_ref_vx_fallback,datactrl_est_vx_fallback,-0.85999995470047,states_theta,-0.033012229949235916,0.0005902558154141247,0.0009922500159353963,0.0001068159054963785,0.0,0.00234009382910938,0.0,0.00227513678870724,0.0,0.0,0.0,0.0,0.0,0.0,0.0,0.0,0.0,0.0,0.0,0.0,0.85999995470047,0.0,0.0,0.0,0.0
8.592,0.0,0.0,0.0,datactrl_ref_vx_fallback,datactrl_est_vx_fallback,-0.8700000047683716,states_theta,-0.033012229949235916,0.0006014330903590201,0.001011414687332349,0.00010747605112160439,0.0,0.0023847482814366894,0.0,0.002319240390313867,0.0,0.0,0.0,0.0,0.0,0.0,0.0,0.0,0.0,0.0,0.0,0.0,0.8700000047683716,0.0,0.0,0.0,0.0
8.804,0.0,0.0,0.0,datactrl_ref_vx_fallback,datactrl_est_vx_fallback,-0.8700000047683716,states_theta,-0.033012229949235916,0.0006118892906974672,0.0010293643345453177,0.00010801653264648546,0.0,0.002426528341240726,0.0,0.0023605694516925266,0.0,0.0,0.0,0.0,0.0,0.0,0.0,0.0,0.0,0.0,0.0,0.0,0.8700000047683716,0.0,0.0,0.0,0.0
9.01,0.0,0.0,0.0,datactrl_ref_vx_fallback,datactrl_est_vx_fallback,-0.8799999952316284,states_theta,-0.033012229949235916,0.0006149999258950967,0.00103462699491792,0.00010845904149237616,0.0,0.0024389342507485216,0.0,0.0023726061149198755,0.0,0.0,0.0,0.0,0.0,0.0,0.0,0.0,0.0,0.0,0.0,0.0,0.8799999952316284,0.0,0.0,0.0,0.0
9.229,0.0,0.0,0.0,datactrl_ref_vx_fallback,datactrl_est_vx_fallback,-0.8899999856948853,states_theta,-0.033012229949235916,0.0006283433208047954,0.00104936454369627,0.00014004881589941526,0.0,0.002507882089736881,0.0,0.0023788156608020674,0.0,0.0,0.0,0.0,0.0,0.0,0.0,0.0,0.0,0.0,0.0,0.0,0.8899999856948853,0.0,0.0,0.0,0.0
9.425,0.0,0.0,0.0,datactrl_ref_vx_fallback,datactrl_est_vx_fallback,-0.8899999856948853,states_theta,-0.033012229949235916,0.0006466596500667985,0.0010809182760358506,0.00014048699885670218,0.0,0.0025804223452095616,0.0,0.002452367856468124,0.0,0.0,0.0,0.0,0.0,0.0,0.0,0.0,0.0,0.0,0.0,0.0,0.8899999856948853,0.0,0.0,0.0,0.0
9.651,0.0,0.0,0.0,datactrl_ref_vx_fallback,datactrl_est_vx_fallback,-0.8999999761581421,states_theta,-0.033012229949235916,0.0006466596500667985,0.0010809182760358506,0.00014048699885670218,0.0,0.0025804223452095616,0.0,0.002452367856468124,0.0,0.0,0.0,0.0,0.0,0.0,0.0,0.0,0.0,0.0,0.0,0.0,0.8999999761581421,0.0,0.0,0.0,0.0
9.873,0.0,0.0,0.0,datactrl_ref_vx_fallback,datactrl_est_vx_fallback,-0.9099999666213989,states_theta,-0.033012229949235916,0.0006535878471802059,0.0010929026080670643,0.00014048699885670218,0.0,0.0026081351336631913,0.0,0.0024800806449217535,0.0,0.0,0.0,0.0,0.0,0.0,0.0,0.0,0.0,0.0,0.0,0.0,0.9099999666213989,0.0,0.0,0.0,0.0
10.1,0.0,0.0,0.0,datactrl_ref_vx_fallback,datactrl_est_vx_fallback,-0.9099999666213989,states_theta,-0.033012229949235916,0.0006535878471802059,0.0010929026080670643,0.00014048699885670218,0.0,0.0026081351336631913,0.0,0.0024800806449217535,0.0,0.0,0.0,0.0,0.0,0.0,0.0,0.0,0.0,0.0,0.0,0.0,0.9099999666213989,0.0,0.0,0.0,0.0
10.302,0.0,0.0,0.0,datactrl_ref_vx_fallback,datactrl_est_vx_fallback,-0.9099999666213989,states_theta,-0.033012229949235916,0.0006535878471802059,0.0010929026080670643,0.00014048699885670218,0.0,0.0026081351336631913,0.0,0.0024800806449217535,0.0,0.0,0.0,0.0,0.0,0.0,0.0,0.0,0.0,0.0,0.0,0.0,0.9099999666213989,0.0,0.0,0.0,0.0
10.575,0.0,0.0,0.0,datactrl_ref_vx_fallback,datactrl_est_vx_fallback,-0.9099999666213989,states_theta,-0.033012229949235916,0.0006535878471802059,0.0010929026080670643,0.00014048699885670218,0.0,0.0026081351336631913,0.0,0.0024800806449217535,0.0,0.0,0.0,0.0,0.0,0.0,0.0,0.0,0.0,0.0,0.0,0.0,0.9099999666213989,0.0,0.0,0.0,0.0
10.742,0.0,0.0,0.0,datactrl_ref_vx_fallback,datactrl_est_vx_fallback,-0.9099999666213989,states_theta,-0.033012229949235916,0.0006535878471802059,0.0010929026080670643,0.00014048699885670218,0.0,0.0026081351336631913,0.0,0.0024800806449217535,0.0,0.0,0.0,0.0,0.0,0.0,0.0,0.0,0.0,0.0,0.0,0.0,0.9099999666213989,0.0,0.0,0.0,0.0
10.961,0.0,0.0,0.0,datactrl_ref_vx_fallback,datactrl_est_vx_fallback,-0.9099999666213989,states_theta,-0.033012229949235916,0.0006535878471802059,0.0010929026080670643,0.00014048699885670218,0.0,0.0026081351336631913,0.0,0.0024800806449217535,0.0,0.0,0.0,0.0,0.0,0.0,0.0,0.0,0.0,0.0,0.0,0.0,0.9099999666213989,0.0,0.0,0.0,0.0
11.161,0.0,0.0,0.0,datactrl_ref_vx_fallback,datactrl_est_vx_fallback,-0.9099999666213989,states_theta,-0.033012229949235916,0.0006535878471802059,0.0010929026080670643,0.00014048699885670218,0.0,0.0026081351336631913,0.0,0.0024800806449217535,0.0,0.0,0.0,0.0,0.0,0.0,0.0,0.0,0.0,0.0,0.0,0.0,0.9099999666213989,0.0,0.0,0.0,0.0
11.378,0.0,0.0,0.0,datactrl_ref_vx_fallback,datactrl_est_vx_fallback,-0.9099999666213989,states_theta,-0.033012229949235916,0.0006535878471802059,0.0010929026080670643,0.00014048699885670218,0.0,0.0026081351336631913,0.0,0.0024800806449217535,0.0,0.0,0.0,0.0,0.0,0.0,0.0,0.0,0.0,0.0,0.0,0.0,0.9099999666213989,0.0,0.0,0.0,0.0
11.612,0.0,0.0,0.0,datactrl_ref_vx_fallback,datactrl_est_vx_fallback,-0.9099999666213989,states_theta,-0.033012229949235916,0.0006535878471802059,0.0010929026080670643,0.00014048699885670218,0.0,0.0026081351336631913,0.0,0.0024800806449217535,0.0,0.0,0.0,0.0,0.0,0.0,0.0,0.0,0.0,0.0,0.0,0.0,0.9099999666213989,0.0,0.0,0.0,0.0
11.665,0.0,0.0,0.0,datactrl_ref_vx_fallback,datactrl_est_vx_fallback,-0.9099999666213989,states_theta,-0.033012229949235916,0.0006535878471802059,0.0010929026080670643,0.00014048699885670218,0.0,0.0026081351336631913,0.0,0.0024800806449217535,0.0,0.0,0.0,0.0,0.0,0.0,0.0,0.0,0.0,0.0,0.0,0.0,0.9099999666213989,0.0,0.0,0.0,0.0
11.839,0.0,0.0,0.0,datactrl_ref_vx_fallback,datactrl_est_vx_fallback,-0.9099999666213989,states_theta,-0.033012229949235916,0.0006535878471802059,0.0010929026080670643,0.00014048699885670218,0.0,0.0026081351336631913,0.0,0.0024800806449217535,0.0,0.0,0.0,0.0,0.0,0.0,0.0,0.0,0.0,0.0,0.0,0.0,0.9099999666213989,0.0,0.0,0.0,0.0
12.042,0.0,0.0,0.0,datactrl_ref_vx_fallback,datactrl_est_vx_fallback,-0.9099999666213989,states_theta,-0.033012229949235916,0.0006535878471802059,0.0010929026080670643,0.00014048699885670218,0.0,0.0026081351336631913,0.0,0.0024800806449217535,0.0,0.0,0.0,0.0,0.0,0.0,0.0,0.0,0.0,0.0,0.0,0.0,0.9099999666213989,0.0,0.0,0.0,0.0
12.263,0.0,0.0,0.0,datactrl_ref_vx_fallback,datactrl_est_vx_fallback,-0.9099999666213989,states_theta,-0.033012229949235916,0.0006535878471802059,0.0010929026080670643,0.00014048699885670218,0.0,0.0026081351336631913,0.0,0.0024800806449217535,0.0,0.0,0.0,0.0,0.0,0.0,0.0,0.0,0.0,0.0,0.0,0.0,0.9099999666213989,0.0,0.0,0.0,0.0
12.485,0.0,0.0,0.0,datactrl_ref_vx_fallback,datactrl_est_vx_fallback,-0.9099999666213989,states_theta,-0.033012229949235916,0.0006535878471802059,0.0010929026080670643,0.00014048699885670218,0.0,0.0026081351336631913,0.0,0.0024800806449217535,0.0,0.0,0.0,0.0,0.0,0.0,0.0,0.0,0.0,0.0,0.0,0.0,0.9099999666213989,0.0,0.0,0.0,0.0
12.749,0.0,0.0,0.0,datactrl_ref_vx_fallback,datactrl_est_vx_fallback,-0.9099999666213989,states_theta,-0.033012229949235916,0.0006535878471802059,0.0010929026080670643,0.00014048699885670218,0.0,0.0026081351336631913,0.0,0.0024800806449217535,0.0,0.0,0.0,0.0,0.0,0.0,0.0,0.0,0.0,0.0,0.0,0.0,0.9099999666213989,0.0,0.0,0.0,0.0
12.936,0.0,0.0,0.0,datactrl_ref_vx_fallback,datactrl_est_vx_fallback,-0.9099999666213989,states_theta,-0.033012229949235916,0.0006535878471802059,0.0010929026080670643,0.00014048699885670218,0.0,0.0026081351336631913,0.0,0.0024800806449217535,0.0,0.0,0.0,0.0,0.0,0.0,0.0,0.0,0.0,0.0,0.0,0.0,0.9099999666213989,0.0,0.0,0.0,0.0
13.155,0.0,0.0,0.0,datactrl_ref_vx_fallback,datactrl_est_vx_fallback,-0.9099999666213989,states_theta,-0.033012229949235916,0.0006535878471802059,0.0010929026080670643,0.00014048699885670218,0.0,0.0026081351336631913,0.0,0.0024800806449217535,0.0,0.0,0.0,0.0,0.0,0.0,0.0,0.0,0.0,0.0,0.0,0.0,0.9099999666213989,0.0,0.0,0.0,0.0
13.351,0.0,0.0,0.0,datactrl_ref_vx_fallback,datactrl_est_vx_fallback,-0.9099999666213989,states_theta,-0.033012229949235916,0.0006535878471802059,0.0010929026080670643,0.00014048699885670218,0.0,0.0026081351336631913,0.0,0.0024800806449217535,0.0,0.0,0.0,0.0,0.0,0.0,0.0,0.0,0.0,0.0,0.0,0.0,0.9099999666213989,0.0,0.0,0.0,0.0
13.56,0.0,0.0,0.0,datactrl_ref_vx_fallback,datactrl_est_vx_fallback,-0.9099999666213989,states_theta,-0.033012229949235916,0.0006535878471802059,0.0010929026080670643,0.00014048699885670218,0.0,0.0026081351336631913,0.0,0.0024800806449217535,0.0,0.0,0.0,0.0,0.0,0.0,0.0,0.0,0.0,0.0,0.0,0.0,0.9099999666213989,0.0,0.0,0.0,0.0
13.751,0.0,0.0,0.0,datactrl_ref_vx_fallback,datactrl_est_vx_fallback,-0.9099999666213989,states_theta,-0.033012229949235916,0.0006535878471802059,0.0010929026080670643,0.00014048699885670218,0.0,0.0026081351336631913,0.0,0.0024800806449217535,0.0,0.0,0.0,0.0,0.0,0.0,0.0,0.0,0.0,0.0,0.0,0.0,0.9099999666213989,0.0,0.0,0.0,0.0
14.034,0.0,0.0,0.0,datactrl_ref_vx_fallback,datactrl_est_vx_fallback,-0.9099999666213989,states_theta,-0.033012229949235916,0.0006535878471802059,0.0010929026080670643,0.00014048699885670218,0.0,0.0026081351336631913,0.0,0.0024800806449217535,0.0,0.0,0.0,0.0,0.0,0.0,0.0,0.0,0.0,0.0,0.0,0.0,0.9099999666213989,0.0,0.0,0.0,0.0
14.21,0.0,0.0,0.0,datactrl_ref_vx_fallback,datactrl_est_vx_fallback,-0.9099999666213989,states_theta,-0.033012229949235916,0.0006535878471802059,0.0010929026080670643,0.00014048699885670218,0.0,0.0026081351336631913,0.0,0.0024800806449217535,0.0,0.0,0.0,0.0,0.0,0.0,0.0,0.0,0.0,0.0,0.0,0.0,0.9099999666213989,0.0,0.0,0.0,0.0
14.416,0.0,0.0,0.0,datactrl_ref_vx_fallback,datactrl_est_vx_fallback,-0.9099999666213989,states_theta,-0.033012229949235916,0.0006535878471802059,0.0010929026080670643,0.00014048699885670218,0.0,0.0026081351336631913,0.0,0.0024800806449217535,0.0,0.0,0.0,0.0,0.0,0.0,0.0,0.0,0.0,0.0,0.0,0.0,0.9099999666213989,0.0,0.0,0.0,0.0
14.615,0.0,0.0,0.0,datactrl_ref_vx_fallback,datactrl_est_vx_fallback,-0.9099999666213989,states_theta,-0.033012229949235916,0.0006535878471802059,0.0010929026080670643,0.00014048699885670218,0.0,0.0026081351336631913,0.0,0.0024800806449217535,0.0,0.0,0.0,0.0,0.0,0.0,0.0,0.0,0.0,0.0,0.0,0.0,0.9099999666213989,0.0,0.0,0.0,0.0
14.841,0.0,0.0,0.0,datactrl_ref_vx_fallback,datactrl_est_vx_fallback,-0.9099999666213989,states_theta,-0.033012229949235916,0.0006535878471802059,0.0010929026080670643,0.00014048699885670218,0.0,0.0026081351336631913,0.0,0.0024800806449217535,0.0,0.0,0.0,0.0,0.0,0.0,0.0,0.0,0.0,0.0,0.0,0.0,0.9099999666213989,0.0,0.0,0.0,0.0
15.055,0.0,0.0,0.0,datactrl_ref_vx_fallback,datactrl_est_vx_fallback,-0.9099999666213989,states_theta,-0.033012229949235916,0.0006535878471802059,0.0010929026080670643,0.00014048699885670218,0.0,0.0026081351336631913,0.0,0.0024800806449217535,0.0,0.0,0.0,0.0,0.0,0.0,0.0,0.0,0.0,0.0,0.0,0.0,0.9099999666213989,0.0,0.0,0.0,0.0
15.29,0.0,0.0,0.0,datactrl_ref_vx_fallback,datactrl_est_vx_fallback,-0.9099999666213989,states_theta,-0.033012229949235916,0.0006535878471802059,0.0010929026080670643,0.00014048699885670218,0.0,0.0026081351336631913,0.0,0.0024800806449217535,0.0,0.0,0.0,0.0,0.0,0.0,0.0,0.0,0.0,0.0,0.0,0.0,0.9099999666213989,0.0,0.0,0.0,0.0
15.493,0.0,0.0,0.0,datactrl_ref_vx_fallback,datactrl_est_vx_fallback,-0.9099999666213989,states_theta,-0.033012229949235916,0.0006535878471802059,0.0010929026080670643,0.00014048699885670218,0.0,0.0026081351336631913,0.0,0.0024800806449217535,0.0,0.0,0.0,0.0,0.0,0.0,0.0,0.0,0.0,0.0,0.0,0.0,0.9099999666213989,0.0,0.0,0.0,0.0
15.719,0.0,0.0,0.0,datactrl_ref_vx_fallback,datactrl_est_vx_fallback,-0.9099999666213989,states_theta,-0.033012229949235916,0.0006535878471802059,0.0010929026080670643,0.00014048699885670218,0.0,0.0026081351336631913,0.0,0.0024800806449217535,0.0,0.0,0.0,0.0,0.0,0.0,0.0,0.0,0.0,0.0,0.0,0.0,0.9099999666213989,0.0,0.0,0.0,0.0
15.934,0.0,0.0,0.0,datactrl_ref_vx_fallback,datactrl_est_vx_fallback,-0.9099999666213989,states_theta,-0.033012229949235916,0.0006535878471802059,0.0010929026080670643,0.00014048699885670218,0.0,0.0026081351336631913,0.0,0.0024800806449217535,0.0,0.0,0.0,0.0,0.0,0.0,0.0,0.0,0.0,0.0,0.0,0.0,0.9099999666213989,0.0,0.0,0.0,0.0
16.157,0.0,0.0,0.0,datactrl_ref_vx_fallback,datactrl_est_vx_fallback,-0.9099999666213989,states_theta,-0.033012229949235916,0.0006535878471802059,0.0010929026080670643,0.00014048699885670218,0.0,0.0026081351336631913,0.0,0.0024800806449217535,0.0,0.0,0.0,0.0,0.0,0.0,0.0,0.0,0.0,0.0,0.0,0.0,0.9099999666213989,0.0,0.0,0.0,0.0
16.379,0.0,0.0,0.0,datactrl_ref_vx_fallback,datactrl_est_vx_fallback,-0.9099999666213989,states_theta,-0.033012229949235916,0.0006535878471802059,0.0010929026080670643,0.00014048699885670218,0.0,0.0026081351336631913,0.0,0.0024800806449217535,0.0,0.0,0.0,0.0,0.0,0.0,0.0,0.0,0.0,0.0,0.0,0.0,0.9099999666213989,0.0,0.0,0.0,0.0
16.598,0.0,0.0,0.0,datactrl_ref_vx_fallback,datactrl_est_vx_fallback,-0.9099999666213989,states_theta,-0.033012229949235916,0.0006535878471802059,0.0010929026080670643,0.00014048699885670218,0.0,0.0026081351336631913,0.0,0.0024800806449217535,0.0,0.0,0.0,0.0,0.0,0.0,0.0,0.0,0.0,0.0,0.0,0.0,0.9099999666213989,0.0,0.0,0.0,0.0
16.813,0.0,0.0,0.0,datactrl_ref_vx_fallback,datactrl_est_vx_fallback,-0.9099999666213989,states_theta,-0.033012229949235916,0.0006535878471802059,0.0010929026080670643,0.00014048699885670218,0.0,0.0026081351336631913,0.0,0.0024800806449217535,0.0,0.0,0.0,0.0,0.0,0.0,0.0,0.0,0.0,0.0,0.0,0.0,0.9099999666213989,0.0,0.0,0.0,0.0
17.037,0.0,0.0,0.0,datactrl_ref_vx_fallback,datactrl_est_vx_fallback,-0.9099999666213989,states_theta,-0.033012229949235916,0.0006535878471802059,0.0010929026080670643,0.00014048699885670218,0.0,0.0026081351336631913,0.0,0.0024800806449217535,0.0,0.0,0.0,0.0,0.0,0.0,0.0,0.0,0.0,0.0,0.0,0.0,0.9099999666213989,0.0,0.0,0.0,0.0
17.263,0.0,0.0,0.0,datactrl_ref_vx_fallback,datactrl_est_vx_fallback,-0.9099999666213989,states_theta,-0.033012229949235916,0.0006535878471802059,0.0010929026080670643,0.00014048699885670218,0.0,0.0026081351336631913,0.0,0.0024800806449217535,0.0,0.0,0.0,0.0,0.0,0.0,0.0,0.0,0.0,0.0,0.0,0.0,0.9099999666213989,0.0,0.0,0.0,0.0
17.465,0.0,0.0,0.0,datactrl_ref_vx_fallback,datactrl_est_vx_fallback,-0.9099999666213989,states_theta,-0.033012229949235916,0.0006535878471802059,0.0010929026080670643,0.00014048699885670218,0.0,0.0026081351336631913,0.0,0.0024800806449217535,0.0,0.0,0.0,0.0,0.0,0.0,0.0,0.0,0.0,0.0,0.0,0.0,0.9099999666213989,0.0,0.0,0.0,0.0
17.692,0.0,0.0,0.0,datactrl_ref_vx_fallback,datactrl_est_vx_fallback,-0.9099999666213989,states_theta,-0.033012229949235916,0.0006535878471802059,0.0010929026080670643,0.00014048699885670218,0.0,0.0026081351336631913,0.0,0.0024800806449217535,0.0,0.0,0.0,0.0,0.0,0.0,0.0,0.0,0.0,0.0,0.0,0.0,0.9099999666213989,0.0,0.0,0.0,0.0
17.904,0.0,0.0,0.0,datactrl_ref_vx_fallback,datactrl_est_vx_fallback,-0.9099999666213989,states_theta,-0.033012229949235916,0.0006535878471802059,0.0010929026080670643,0.00014048699885670218,0.0,0.0026081351336631913,0.0,0.0024800806449217535,0.0,0.0,0.0,0.0,0.0,0.0,0.0,0.0,0.0,0.0,0.0,0.0,0.9099999666213989,0.0,0.0,0.0,0.0
18.101,0.0,0.0,0.0,datactrl_ref_vx_fallback,datactrl_est_vx_fallback,-0.9099999666213989,states_theta,-0.033012229949235916,0.0006535878471802059,0.0010929026080670643,0.00014048699885670218,0.0,0.0026081351336631913,0.0,0.0024800806449217535,0.0,0.0,0.0,0.0,0.0,0.0,0.0,0.0,0.0,0.0,0.0,0.0,0.9099999666213989,0.0,0.0,0.0,0.0
18.294,0.0,0.0,0.0,datactrl_ref_vx_fallback,datactrl_est_vx_fallback,-0.9099999666213989,states_theta,-0.033012229949235916,0.0006535878471802059,0.0010929026080670643,0.00014048699885670218,0.0,0.0026081351336631913,0.0,0.0024800806449217535,0.0,0.0,0.0,0.0,0.0,0.0,0.0,0.0,0.0,0.0,0.0,0.0,0.9099999666213989,0.0,0.0,0.0,0.0
18.513,0.0,0.0,0.0,datactrl_ref_vx_fallback,datactrl_est_vx_fallback,-0.9099999666213989,states_theta,-0.033012229949235916,0.0006535878471802059,0.0010929026080670643,0.00014048699885670218,0.0,0.0026081351336631913,0.0,0.0024800806449217535,0.0,0.0,0.0,0.0,0.0,0.0,0.0,0.0,0.0,0.0,0.0,0.0,0.9099999666213989,0.0,0.0,0.0,0.0
18.712,0.0,0.0,0.0,datactrl_ref_vx_fallback,datactrl_est_vx_fallback,-0.9099999666213989,states_theta,-0.033012229949235916,0.0006535878471802059,0.0010929026080670643,0.00014048699885670218,0.0,0.0026081351336631913,0.0,0.0024800806449217535,0.0,0.0,0.0,0.0,0.0,0.0,0.0,0.0,0.0,0.0,0.0,0.0,0.9099999666213989,0.0,0.0,0.0,0.0
18.94,0.0,0.0,0.0,datactrl_ref_vx_fallback,datactrl_est_vx_fallback,-0.9099999666213989,states_theta,-0.033012229949235916,0.0006535878471802059,0.0010929026080670643,0.00014048699885670218,0.0,0.0026081351336631913,0.0,0.0024800806449217535,0.0,0.0,0.0,0.0,0.0,0.0,0.0,0.0,0.0,0.0,0.0,0.0,0.9099999666213989,0.0,0.0,0.0,0.0
19.122,0.0,0.0,0.0,datactrl_ref_vx_fallback,datactrl_est_vx_fallback,-0.9099999666213989,states_theta,-0.033012229949235916,0.0006535878471802059,0.0010929026080670643,0.00014048699885670218,0.0,0.0026081351336631913,0.0,0.0024800806449217535,0.0,0.0,0.0,0.0,0.0,0.0,0.0,0.0,0.0,0.0,0.0,0.0,0.9099999666213989,0.0,0.0,0.0,0.0
19.173,0.0,0.0,0.0,datactrl_ref_vx_fallback,datactrl_est_vx_fallback,-0.9099999666213989,states_theta,-0.033012229949235916,0.0006535878471802059,0.0010929026080670643,0.00014048699885670218,0.0,0.0026081351336631913,0.0,0.0024800806449217535,0.0,0.0,0.0,0.0,0.0,0.0,0.0,0.0,0.0,0.0,0.0,0.0,0.9099999666213989,0.0,0.0,0.0,0.0
19.361,0.0,0.0,0.0,datactrl_ref_vx_fallback,datactrl_est_vx_fallback,-0.9099999666213989,states_theta,-0.033012229949235916,0.0006535878471802059,0.0010929026080670643,0.00014048699885670218,0.0,0.0026081351336631913,0.0,0.0024800806449217535,0.0,0.0,0.0,0.0,0.0,0.0,0.0,0.0,0.0,0.0,0.0,0.0,0.9099999666213989,0.0,0.0,0.0,0.0
19.567,0.0,0.0,0.0,datactrl_ref_vx_fallback,datactrl_est_vx_fallback,-0.9099999666213989,states_theta,-0.033012229949235916,0.0006535878471802059,0.0010929026080670643,0.00014048699885670218,0.0,0.0026081351336631913,0.0,0.0024800806449217535,0.0,0.0,0.0,0.0,0.0,0.0,0.0,0.0,0.0,0.0,0.0,0.0,0.9099999666213989,0.0,0.0,0.0,0.0
19.774,0.0,0.0,0.0,datactrl_ref_vx_fallback,datactrl_est_vx_fallback,-0.9099999666213989,states_theta,-0.033012229949235916,0.0006535878471802059,0.0010929026080670643,0.00014048699885670218,0.0,0.0026081351336631913,0.0,0.0024800806449217535,0.0,0.0,0.0,0.0,0.0,0.0,0.0,0.0,0.0,0.0,0.0,0.0,0.9099999666213989,0.0,0.0,0.0,0.0
19.986,0.0,0.0,0.0,datactrl_ref_vx_fallback,datactrl_est_vx_fallback,-0.9099999666213989,states_theta,-0.033012229949235916,0.0006535878471802059,0.0010929026080670643,0.00014048699885670218,0.0,0.0026081351336631913,0.0,0.0024800806449217535,0.0,0.0,0.0,0.0,0.0,0.0,0.0,0.0,0.0,0.0,0.0,0.0,0.9099999666213989,0.0,0.0,0.0,0.0
20.211,0.0,0.0,0.0,datactrl_ref_vx_fallback,datactrl_est_vx_fallback,-0.9099999666213989,states_theta,-0.033012229949235916,0.0006535878471802059,0.0010929026080670643,0.00014048699885670218,0.0,0.0026081351336631913,0.0,0.0024800806449217535,0.0,0.0,0.0,0.0,0.0,0.0,0.0,0.0,0.0,0.0,0.0,0.0,0.9099999666213989,0.0,0.0,0.0,0.0
20.4,0.0,0.0,0.0,datactrl_ref_vx_fallback,datactrl_est_vx_fallback,-0.9099999666213989,states_theta,-0.033012229949235916,0.0006535878471802059,0.0010929026080670643,0.00014048699885670218,0.0,0.0026081351336631913,0.0,0.0024800806449217535,0.0,0.0,0.0,0.0,0.0,0.0,0.0,0.0,0.0,0.0,0.0,0.0,0.9099999666213989,0.0,0.0,0.0,0.0
20.61,0.0,0.0,0.0,datactrl_ref_vx_fallback,datactrl_est_vx_fallback,-0.9099999666213989,states_theta,-0.033012229949235916,0.0006535878471802059,0.0010929026080670643,0.00014048699885670218,0.0,0.0026081351336631913,0.0,0.0024800806449217535,0.0,0.0,0.0,0.0,0.0,0.0,0.0,0.0,0.0,0.0,0.0,0.0,0.9099999666213989,0.0,0.0,0.0,0.0
20.809,0.0,0.0,0.0,datactrl_ref_vx_fallback,datactrl_est_vx_fallback,-0.9099999666213989,states_theta,-0.033012229949235916,0.0006535878471802059,0.0010929026080670643,0.00014048699885670218,0.0,0.0026081351336631913,0.0,0.0024800806449217535,0.0,0.0,0.0,0.0,0.0,0.0,0.0,0.0,0.0,0.0,0.0,0.0,0.9099999666213989,0.0,0.0,0.0,0.0
20.981,0.0,0.0,0.0,datactrl_ref_vx_fallback,datactrl_est_vx_fallback,-0.9099999666213989,states_theta,-0.033012229949235916,0.0006535878471802059,0.0010929026080670643,0.00014048699885670218,0.0,0.0026081351336631913,0.0,0.0024800806449217535,0.0,0.0,0.0,0.0,0.0,0.0,0.0,0.0,0.0,0.0,0.0,0.0,0.9099999666213989,0.0,0.0,0.0,0.0
21.184,0.0,0.0,0.0,datactrl_ref_vx_fallback,datactrl_est_vx_fallback,-0.9099999666213989,states_theta,-0.033012229949235916,0.0006535878471802059,0.0010929026080670643,0.00014048699885670218,0.0,0.0026081351336631913,0.0,0.0024800806449217535,0.0,0.0,0.0,0.0,0.0,0.0,0.0,0.0,0.0,0.0,0.0,0.0,0.9099999666213989,0.0,0.0,0.0,0.0
21.296,0.0,0.0,0.0,datactrl_ref_vx_fallback,datactrl_est_vx_fallback,-0.9099999666213989,states_theta,-0.033012229949235916,0.0006535878471802059,0.0010929026080670643,0.00014048699885670218,0.0,0.0026081351336631913,0.0,0.0024800806449217535,0.0,0.0,0.0,0.0,0.0,0.0,0.0,0.0,0.0,0.0,0.0,0.0,0.9099999666213989,0.0,0.0,0.0,0.0
21.367,0.0,0.0,0.0,datactrl_ref_vx_fallback,datactrl_est_vx_fallback,-0.9099999666213989,states_theta,-0.033012229949235916,0.0006535878471802059,0.0010929026080670643,0.00014048699885670218,0.0,0.0026081351336631913,0.0,0.0024800806449217535,0.0,0.0,0.0,0.0,0.0,0.0,0.0,0.0,0.0,0.0,0.0,0.0,0.9099999666213989,0.0,0.0,0.0,0.0
21.446,0.0,0.0,0.0,datactrl_ref_vx_fallback,datactrl_est_vx_fallback,-0.9099999666213989,states_theta,-0.033012229949235916,0.0006535878471802059,0.0010929026080670643,0.00014048699885670218,0.0,0.0026081351336631913,0.0,0.0024800806449217535,0.0,0.0,0.0,0.0,0.0,0.0,0.0,0.0,0.0,0.0,0.0,0.0,0.9099999666213989,0.0,0.0,0.0,0.0
21.523,0.0,0.0,0.0,datactrl_ref_vx_fallback,datactrl_est_vx_fallback,-0.9099999666213989,states_theta,-0.033012229949235916,0.0006535878471802059,0.0010929026080670643,0.00014048699885670218,0.0,0.0026081351336631913,0.0,0.0024800806449217535,0.0,0.0,0.0,0.0,0.0,0.0,0.0,0.0,0.0,0.0,0.0,0.0,0.9099999666213989,0.0,0.0,0.0,0.0
21.702,0.0,0.0,0.0,datactrl_ref_vx_fallback,datactrl_est_vx_fallback,-0.9099999666213989,states_theta,-0.033012229949235916,0.0006535878471802059,0.0010929026080670643,0.00014048699885670218,0.0,0.0026081351336631913,0.0,0.0024800806449217535,0.0,0.0,0.0,0.0,0.0,0.0,0.0,0.0,0.0,0.0,0.0,0.0,0.9099999666213989,0.0,0.0,0.0,0.0
21.809,0.0,0.0,0.0,datactrl_ref_vx_fallback,datactrl_est_vx_fallback,-0.9099999666213989,states_theta,-0.033012229949235916,0.0006535878471802059,0.0010929026080670643,0.00014048699885670218,0.0,0.0026081351336631913,0.0,0.0024800806449217535,0.0,0.0,0.0,0.0,0.0,0.0,0.0,0.0,0.0,0.0,0.0,0.0,0.9099999666213989,0.0,0.0,0.0,0.0
22.021,0.0,0.0,0.0,datactrl_ref_vx_fallback,datactrl_est_vx_fallback,-0.9099999666213989,states_theta,-0.033012229949235916,0.0006535878471802059,0.0010929026080670643,0.00014048699885670218,0.0,0.0026081351336631913,0.0,0.0024800806449217535,0.0,0.0,0.0,0.0,0.0,0.0,0.0,0.0,0.0,0.0,0.0,0.0,0.9099999666213989,0.0,0.0,0.0,0.0
22.149,0.0,0.0,0.0,datactrl_ref_vx_fallback,datactrl_est_vx_fallback,-0.9099999666213989,states_theta,-0.033012229949235916,0.0006535878471802059,0.0010929026080670643,0.00014048699885670218,0.0,0.0026081351336631913,0.0,0.0024800806449217535,0.0,0.0,0.0,0.0,0.0,0.0,0.0,0.0,0.0,0.0,0.0,0.0,0.9099999666213989,0.0,0.0,0.0,0.0
22.202,0.0,0.0,0.0,datactrl_ref_vx_fallback,datactrl_est_vx_fallback,-0.9099999666213989,states_theta,-0.033012229949235916,0.0006535878471802059,0.0010929026080670643,0.00014048699885670218,0.0,0.0026081351336631913,0.0,0.0024800806449217535,0.0,0.0,0.0,0.0,0.0,0.0,0.0,0.0,0.0,0.0,0.0,0.0,0.9099999666213989,0.0,0.0,0.0,0.0
22.256,0.0,0.0,0.0,datactrl_ref_vx_fallback,datactrl_est_vx_fallback,-0.9099999666213989,states_theta,-0.033012229949235916,0.0006535878471802059,0.0010929026080670643,0.00014048699885670218,0.0,0.0026081351336631913,0.0,0.0024800806449217535,0.0,0.0,0.0,0.0,0.0,0.0,0.0,0.0,0.0,0.0,0.0,0.0,0.9099999666213989,0.0,0.0,0.0,0.0
22.313,0.0,0.0,0.0,datactrl_ref_vx_fallback,datactrl_est_vx_fallback,-0.9099999666213989,states_theta,-0.033012229949235916,0.0006535878471802059,0.0010929026080670643,0.00014048699885670218,0.0,0.0026081351336631913,0.0,0.0024800806449217535,0.0,0.0,0.0,0.0,0.0,0.0,0.0,0.0,0.0,0.0,0.0,0.0,0.9099999666213989,0.0,0.0,0.0,0.0
22.367,0.0,0.0,0.0,datactrl_ref_vx_fallback,datactrl_est_vx_fallback,-0.9099999666213989,states_theta,-0.033012229949235916,0.0006535878471802059,0.0010929026080670643,0.00014048699885670218,0.0,0.0026081351336631913,0.0,0.0024800806449217535,0.0,0.0,0.0,0.0,0.0,0.0,0.0,0.0,0.0,0.0,0.0,0.0,0.9099999666213989,0.0,0.0,0.0,0.0
22.423,0.0,0.0,0.0,datactrl_ref_vx_fallback,datactrl_est_vx_fallback,-0.9099999666213989,states_theta,-0.033012229949235916,0.0006535878471802059,0.0010929026080670643,0.00014048699885670218,0.0,0.0026081351336631913,0.0,0.0024800806449217535,0.0,0.0,0.0,0.0,0.0,0.0,0.0,0.0,0.0,0.0,0.0,0.0,0.9099999666213989,0.0,0.0,0.0,0.0
22.486,0.0,0.0,0.0,datactrl_ref_vx_fallback,datactrl_est_vx_fallback,-0.9099999666213989,states_theta,-0.033012229949235916,0.0006535878471802059,0.0010929026080670643,0.00014048699885670218,0.0,0.0026081351336631913,0.0,0.0024800806449217535,0.0,0.0,0.0,0.0,0.0,0.0,0.0,0.0,0.0,0.0,0.0,0.0,0.9099999666213989,0.0,0.0,0.0,0.0
22.539,0.0,0.0,0.0,datactrl_ref_vx_fallback,datactrl_est_vx_fallback,-0.9099999666213989,states_theta,-0.033012229949235916,0.0006535878471802059,0.0010929026080670643,0.00014048699885670218,0.0,0.0026081351336631913,0.0,0.0024800806449217535,0.0,0.0,0.0,0.0,0.0,0.0,0.0,0.0,0.0,0.0,0.0,0.0,0.9099999666213989,0.0,0.0,0.0,0.0
22.608,0.0,0.0,0.0,datactrl_ref_vx_fallback,datactrl_est_vx_fallback,-0.9099999666213989,states_theta,-0.033012229949235916,0.0006535878471802059,0.0010929026080670643,0.00014048699885670218,0.0,0.0026081351336631913,0.0,0.0024800806449217535,0.0,0.0,0.0,0.0,0.0,0.0,0.0,0.0,0.0,0.0,0.0,0.0,0.9099999666213989,0.0,0.0,0.0,0.0
22.703,0.0,0.0,0.0,datactrl_ref_vx_fallback,datactrl_est_vx_fallback,-0.9099999666213989,states_theta,-0.033012229949235916,0.0006535878471802059,0.0010929026080670643,0.00014048699885670218,0.0,0.0026081351336631913,0.0,0.0024800806449217535,0.0,0.0,0.0,0.0,0.0,0.0,0.0,0.0,0.0,0.0,0.0,0.0,0.9099999666213989,0.0,0.0,0.0,0.0
22.802,0.0,0.0,0.0,datactrl_ref_vx_fallback,datactrl_est_vx_fallback,-0.9099999666213989,states_theta,-0.033012229949235916,0.0006535878471802059,0.0010929026080670643,0.00014048699885670218,0.0,0.0026081351336631913,0.0,0.0024800806449217535,0.0,0.0,0.0,0.0,0.0,0.0,0.0,0.0,0.0,0.0,0.0,0.0,0.9099999666213989,0.0,0.0,0.0,0.0
22.902,0.0,0.0,0.0,datactrl_ref_vx_fallback,datactrl_est_vx_fallback,-0.9099999666213989,states_theta,-0.033012229949235916,0.0006535878471802059,0.0010929026080670643,0.00014048699885670218,0.0,0.0026081351336631913,0.0,0.0024800806449217535,0.0,0.0,0.0,0.0,0.0,0.0,0.0,0.0,0.0,0.0,0.0,0.0,0.9099999666213989,0.0,0.0,0.0,0.0
23.003,0.0,0.0,0.0,datactrl_ref_vx_fallback,datactrl_est_vx_fallback,-0.9099999666213989,states_theta,-0.033012229949235916,0.0006535878471802059,0.0010929026080670643,0.00014048699885670218,0.0,0.0026081351336631913,0.0,0.0024800806449217535,0.0,0.0,0.0,0.0,0.0,0.0,0.0,0.0,0.0,0.0,0.0,0.0,0.9099999666213989,0.0,0.0,0.0,0.0
23.103,0.0,0.0,0.0,datactrl_ref_vx_fallback,datactrl_est_vx_fallback,-0.9099999666213989,states_theta,-0.033012229949235916,0.0006535878471802059,0.0010929026080670643,0.00014048699885670218,0.0,0.0026081351336631913,0.0,0.0024800806449217535,0.0,0.0,0.0,0.0,0.0,0.0,0.0,0.0,0.0,0.0,0.0,0.0,0.9099999666213989,0.0,0.0,0.0,0.0
23.204,0.0,0.0,0.0,datactrl_ref_vx_fallback,datactrl_est_vx_fallback,-0.9099999666213989,states_theta,-0.033012229949235916,0.0006535878471802059,0.0010929026080670643,0.00014048699885670218,0.0,0.0026081351336631913,0.0,0.0024800806449217535,0.0,0.0,0.0,0.0,0.0,0.0,0.0,0.0,0.0,0.0,0.0,0.0,0.9099999666213989,0.0,0.0,0.0,0.0
23.304,0.0,0.0,0.0,datactrl_ref_vx_fallback,datactrl_est_vx_fallback,-0.9099999666213989,states_theta,-0.033012229949235916,0.0006535878471802059,0.0010929026080670643,0.00014048699885670218,0.0,0.0026081351336631913,0.0,0.0024800806449217535,0.0,0.0,0.0,0.0,0.0,0.0,0.0,0.0,0.0,0.0,0.0,0.0,0.9099999666213989,0.0,0.0,0.0,0.0
23.404,0.0,0.0,0.0,datactrl_ref_vx_fallback,datactrl_est_vx_fallback,-0.9099999666213989,states_theta,-0.033012229949235916,0.0006535878471802059,0.0010929026080670643,0.00014048699885670218,0.0,0.0026081351336631913,0.0,0.0024800806449217535,0.0,0.0,0.0,0.0,0.0,0.0,0.0,0.0,0.0,0.0,0.0,0.0,0.9099999666213989,0.0,0.0,0.0,0.0
23.503,0.0,0.0,0.0,datactrl_ref_vx_fallback,datactrl_est_vx_fallback,-0.9099999666213989,states_theta,-0.033012229949235916,0.0006535878471802059,0.0010929026080670643,0.00014048699885670218,0.0,0.0026081351336631913,0.0,0.0024800806449217535,0.0,0.0,0.0,0.0,0.0,0.0,0.0,0.0,0.0,0.0,0.0,0.0,0.9099999666213989,0.0,0.0,0.0,0.0
23.604,0.0,0.0,0.0,datactrl_ref_vx_fallback,datactrl_est_vx_fallback,-0.9099999666213989,states_theta,-0.033012229949235916,0.0006535878471802059,0.0010929026080670643,0.00014048699885670218,0.0,0.0026081351336631913,0.0,0.0024800806449217535,0.0,0.0,0.0,0.0,0.0,0.0,0.0,0.0,0.0,0.0,0.0,0.0,0.9099999666213989,0.0,0.0,0.0,0.0
23.704,0.0,0.0,0.0,datactrl_ref_vx_fallback,datactrl_est_vx_fallback,-0.9099999666213989,states_theta,-0.033012229949235916,0.0006535878471802059,0.0010929026080670643,0.00014048699885670218,0.0,0.0026081351336631913,0.0,0.0024800806449217535,0.0,0.0,0.0,0.0,0.0,0.0,0.0,0.0,0.0,0.0,0.0,0.0,0.9099999666213989,0.0,0.0,0.0,0.0
23.804,0.0,0.0,0.0,datactrl_ref_vx_fallback,datactrl_est_vx_fallback,-0.9099999666213989,states_theta,-0.033012229949235916,0.0006535878471802059,0.0010929026080670643,0.00014048699885670218,0.0,0.0026081351336631913,0.0,0.0024800806449217535,0.0,0.0,0.0,0.0,0.0,0.0,0.0,0.0,0.0,0.0,0.0,0.0,0.9099999666213989,0.0,0.0,0.0,0.0
23.905,0.0,0.0,0.0,datactrl_ref_vx_fallback,datactrl_est_vx_fallback,-0.9099999666213989,states_theta,-0.033012229949235916,0.0006535878471802059,0.0010929026080670643,0.00014048699885670218,0.0,0.0026081351336631913,0.0,0.0024800806449217535,0.0,0.0,0.0,0.0,0.0,0.0,0.0,0.0,0.0,0.0,0.0,0.0,0.9099999666213989,0.0,0.0,0.0,0.0
24.004,0.0,0.0,0.0,datactrl_ref_vx_fallback,datactrl_est_vx_fallback,-0.9099999666213989,states_theta,-0.033012229949235916,0.0006535878471802059,0.0010929026080670643,0.00014048699885670218,0.0,0.0026081351336631913,0.0,0.0024800806449217535,0.0,0.0,0.0,0.0,0.0,0.0,0.0,0.0,0.0,0.0,0.0,0.0,0.9099999666213989,0.0,0.0,0.0,0.0
24.105,0.0,0.0,0.0,datactrl_ref_vx_fallback,datactrl_est_vx_fallback,-0.9099999666213989,states_theta,-0.033012229949235916,0.0006535878471802059,0.0010929026080670643,0.00014048699885670218,0.0,0.0026081351336631913,0.0,0.0024800806449217535,0.0,0.0,0.0,0.0,0.0,0.0,0.0,0.0,0.0,0.0,0.0,0.0,0.9099999666213989,0.0,0.0,0.0,0.0
24.206,0.0,0.0,0.0,datactrl_ref_vx_fallback,datactrl_est_vx_fallback,-0.9099999666213989,states_theta,-0.033012229949235916,0.0006535878471802059,0.0010929026080670643,0.00014048699885670218,0.0,0.0026081351336631913,0.0,0.0024800806449217535,0.0,0.0,0.0,0.0,0.0,0.0,0.0,0.0,0.0,0.0,0.0,0.0,0.9099999666213989,0.0,0.0,0.0,0.0
24.305,0.0,0.0,0.0,datactrl_ref_vx_fallback,datactrl_est_vx_fallback,-0.9099999666213989,states_theta,-0.033012229949235916,0.0006535878471802059,0.0010929026080670643,0.00014048699885670218,0.0,0.0026081351336631913,0.0,0.0024800806449217535,0.0,0.0,0.0,0.0,0.0,0.0,0.0,0.0,0.0,0.0,0.0,0.0,0.9099999666213989,0.0,0.0,0.0,0.0
24.405,0.0,0.0,0.0,datactrl_ref_vx_fallback,datactrl_est_vx_fallback,-0.9099999666213989,states_theta,-0.033012229949235916,0.0006535878471802059,0.0010929026080670643,0.00014048699885670218,0.0,0.0026081351336631913,0.0,0.0024800806449217535,0.0,0.0,0.0,0.0,0.0,0.0,0.0,0.0,0.0,0.0,0.0,0.0,0.9099999666213989,0.0,0.0,0.0,0.0
24.505,0.0,0.0,0.0,datactrl_ref_vx_fallback,datactrl_est_vx_fallback,-0.9099999666213989,states_theta,-0.033012229949235916,0.0006535878471802059,0.0010929026080670643,0.00014048699885670218,0.0,0.0026081351336631913,0.0,0.0024800806449217535,0.0,0.0,0.0,0.0,0.0,0.0,0.0,0.0,0.0,0.0,0.0,0.0,0.9099999666213989,0.0,0.0,0.0,0.0
24.606,0.0,0.0,0.0,datactrl_ref_vx_fallback,datactrl_est_vx_fallback,-0.9099999666213989,states_theta,-0.033012229949235916,0.0006535878471802059,0.0010929026080670643,0.00014048699885670218,0.0,0.0026081351336631913,0.0,0.0024800806449217535,0.0,0.0,0.0,0.0,0.0,0.0,0.0,0.0,0.0,0.0,0.0,0.0,0.9099999666213989,0.0,0.0,0.0,0.0
24.705,0.0,0.0,0.0,datactrl_ref_vx_fallback,datactrl_est_vx_fallback,-0.9099999666213989,states_theta,-0.033012229949235916,0.0006535878471802059,0.0010929026080670643,0.00014048699885670218,0.0,0.0026081351336631913,0.0,0.0024800806449217535,0.0,0.0,0.0,0.0,0.0,0.0,0.0,0.0,0.0,0.0,0.0,0.0,0.9099999666213989,0.0,0.0,0.0,0.0
24.806,0.0,0.0,0.0,datactrl_ref_vx_fallback,datactrl_est_vx_fallback,-0.9099999666213989,states_theta,-0.033012229949235916,0.0006535878471802059,0.0010929026080670643,0.00014048699885670218,0.0,0.0026081351336631913,0.0,0.0024800806449217535,0.0,0.0,0.0,0.0,0.0,0.0,0.0,0.0,0.0,0.0,0.0,0.0,0.9099999666213989,0.0,0.0,0.0,0.0
24.906,0.0,0.0,0.0,datactrl_ref_vx_fallback,datactrl_est_vx_fallback,-0.9099999666213989,states_theta,-0.033012229949235916,0.0006535878471802059,0.0010929026080670643,0.00014048699885670218,0.0,0.0026081351336631913,0.0,0.0024800806449217535,0.0,0.0,0.0,0.0,0.0,0.0,0.0,0.0,0.0,0.0,0.0,0.0,0.9099999666213989,0.0,0.0,0.0,0.0
25.006,0.0,0.0,0.0,datactrl_ref_vx_fallback,datactrl_est_vx_fallback,-0.9099999666213989,states_theta,-0.033012229949235916,0.0006535878471802059,0.0010929026080670643,0.00014048699885670218,0.0,0.0026081351336631913,0.0,0.0024800806449217535,0.0,0.0,0.0,0.0,0.0,0.0,0.0,0.0,0.0,0.0,0.0,0.0,0.9099999666213989,0.0,0.0,0.0,0.0
25.106,0.0,0.0,0.0,datactrl_ref_vx_fallback,datactrl_est_vx_fallback,-0.9099999666213989,states_theta,-0.033012229949235916,0.0006535878471802059,0.0010929026080670643,0.00014048699885670218,0.0,0.0026081351336631913,0.0,0.0024800806449217535,0.0,0.0,0.0,0.0,0.0,0.0,0.0,0.0,0.0,0.0,0.0,0.0,0.9099999666213989,0.0,0.0,0.0,0.0
25.207,0.0,0.0,0.0,datactrl_ref_vx_fallback,datactrl_est_vx_fallback,-0.9099999666213989,states_theta,-0.033012229949235916,0.0006535878471802059,0.0010929026080670643,0.00014048699885670218,0.0,0.0026081351336631913,0.0,0.0024800806449217535,0.0,0.0,0.0,0.0,0.0,0.0,0.0,0.0,0.0,0.0,0.0,0.0,0.9099999666213989,0.0,0.0,0.0,0.0
25.306,0.0,0.0,0.0,datactrl_ref_vx_fallback,datactrl_est_vx_fallback,-0.9099999666213989,states_theta,-0.033012229949235916,0.0006535878471802059,0.0010929026080670643,0.00014048699885670218,0.0,0.0026081351336631913,0.0,0.0024800806449217535,0.0,0.0,0.0,0.0,0.0,0.0,0.0,0.0,0.0,0.0,0.0,0.0,0.9099999666213989,0.0,0.0,0.0,0.0
25.407,0.0,0.0,0.0,datactrl_ref_vx_fallback,datactrl_est_vx_fallback,-0.9099999666213989,states_theta,-0.033012229949235916,0.0006535878471802059,0.0010929026080670643,0.00014048699885670218,0.0,0.0026081351336631913,0.0,0.0024800806449217535,0.0,0.0,0.0,0.0,0.0,0.0,0.0,0.0,0.0,0.0,0.0,0.0,0.9099999666213989,0.0,0.0,0.0,0.0
25.507,0.0,0.0,0.0,datactrl_ref_vx_fallback,datactrl_est_vx_fallback,-0.9099999666213989,states_theta,-0.033012229949235916,0.0006535878471802059,0.0010929026080670643,0.00014048699885670218,0.0,0.0026081351336631913,0.0,0.0024800806449217535,0.0,0.0,0.0,0.0,0.0,0.0,0.0,0.0,0.0,0.0,0.0,0.0,0.9099999666213989,0.0,0.0,0.0,0.0
25.607,0.0,0.0,0.0,datactrl_ref_vx_fallback,datactrl_est_vx_fallback,-0.9099999666213989,states_theta,-0.033012229949235916,0.0006535878471802059,0.0010929026080670643,0.00014048699885670218,0.0,0.0026081351336631913,0.0,0.0024800806449217535,0.0,0.0,0.0,0.0,0.0,0.0,0.0,0.0,0.0,0.0,0.0,0.0,0.9099999666213989,0.0,0.0,0.0,0.0
25.708,0.0,0.0,0.0,datactrl_ref_vx_fallback,datactrl_est_vx_fallback,-0.9099999666213989,states_theta,-0.033012229949235916,0.0006535878471802059,0.0010929026080670643,0.00014048699885670218,0.0,0.0026081351336631913,0.0,0.0024800806449217535,0.0,0.0,0.0,0.0,0.0,0.0,0.0,0.0,0.0,0.0,0.0,0.0,0.9099999666213989,0.0,0.0,0.0,0.0
25.807,0.0,0.0,0.0,datactrl_ref_vx_fallback,datactrl_est_vx_fallback,-0.9099999666213989,states_theta,-0.033012229949235916,0.0006535878471802059,0.0010929026080670643,0.00014048699885670218,0.0,0.0026081351336631913,0.0,0.0024800806449217535,0.0,0.0,0.0,0.0,0.0,0.0,0.0,0.0,0.0,0.0,0.0,0.0,0.9099999666213989,0.0,0.0,0.0,0.0
25.912,0.0,0.0,0.0,datactrl_ref_vx_fallback,datactrl_est_vx_fallback,-0.9099999666213989,states_theta,-0.033012229949235916,0.0006535878471802059,0.0010929026080670643,0.00014048699885670218,0.0,0.0026081351336631913,0.0,0.0024800806449217535,0.0,0.0,0.0,0.0,0.0,0.0,0.0,0.0,0.0,0.0,0.0,0.0,0.9099999666213989,0.0,0.0,0.0,0.0
26.012,0.0,0.0,0.0,datactrl_ref_vx_fallback,datactrl_est_vx_fallback,-0.9099999666213989,states_theta,-0.033012229949235916,0.0006535878471802059,0.0010929026080670643,0.00014048699885670218,0.0,0.0026081351336631913,0.0,0.0024800806449217535,0.0,0.0,0.0,0.0,0.0,0.0,0.0,0.0,0.0,0.0,0.0,0.0,0.9099999666213989,0.0,0.0,0.0,0.0
26.116,0.0,0.0,0.0,datactrl_ref_vx_fallback,datactrl_est_vx_fallback,-0.9099999666213989,states_theta,-0.033012229949235916,0.0006535878471802059,0.0010929026080670643,0.00014048699885670218,0.0,0.0026081351336631913,0.0,0.0024800806449217535,0.0,0.0,0.0,0.0,0.0,0.0,0.0,0.0,0.0,0.0,0.0,0.0,0.9099999666213989,0.0,0.0,0.0,0.0
26.21,0.0,0.0,0.0,datactrl_ref_vx_fallback,datactrl_est_vx_fallback,-0.9099999666213989,states_theta,-0.033012229949235916,0.0006535878471802059,0.0010929026080670643,0.00014048699885670218,0.0,0.0026081351336631913,0.0,0.0024800806449217535,0.0,0.0,0.0,0.0,0.0,0.0,0.0,0.0,0.0,0.0,0.0,0.0,0.9099999666213989,0.0,0.0,0.0,0.0
26.311,0.0,0.0,0.0,datactrl_ref_vx_fallback,datactrl_est_vx_fallback,-0.9099999666213989,states_theta,-0.033012229949235916,0.0006535878471802059,0.0010929026080670643,0.00014048699885670218,0.0,0.0026081351336631913,0.0,0.0024800806449217535,0.0,0.0,0.0,0.0,0.0,0.0,0.0,0.0,0.0,0.0,0.0,0.0,0.9099999666213989,0.0,0.0,0.0,0.0
26.416,0.0,0.0,0.0,datactrl_ref_vx_fallback,datactrl_est_vx_fallback,-0.9099999666213989,states_theta,-0.033012229949235916,0.0006535878471802059,0.0010929026080670643,0.00014048699885670218,0.0,0.0026081351336631913,0.0,0.0024800806449217535,0.0,0.0,0.0,0.0,0.0,0.0,0.0,0.0,0.0,0.0,0.0,0.0,0.9099999666213989,0.0,0.0,0.0,0.0
26.512,0.0,0.0,0.0,datactrl_ref_vx_fallback,datactrl_est_vx_fallback,-0.9099999666213989,states_theta,-0.033012229949235916,0.0006535878471802059,0.0010929026080670643,0.00014048699885670218,0.0,0.0026081351336631913,0.0,0.0024800806449217535,0.0,0.0,0.0,0.0,0.0,0.0,0.0,0.0,0.0,0.0,0.0,0.0,0.9099999666213989,0.0,0.0,0.0,0.0
26.612,0.0,0.0,0.0,datactrl_ref_vx_fallback,datactrl_est_vx_fallback,-0.9099999666213989,states_theta,-0.033012229949235916,0.0006535878471802059,0.0010929026080670643,0.00014048699885670218,0.0,0.0026081351336631913,0.0,0.0024800806449217535,0.0,0.0,0.0,0.0,0.0,0.0,0.0,0.0,0.0,0.0,0.0,0.0,0.9099999666213989,0.0,0.0,0.0,0.0
26.727,0.0,0.0,0.0,datactrl_ref_vx_fallback,datactrl_est_vx_fallback,-0.9099999666213989,states_theta,-0.033012229949235916,0.0006535878471802059,0.0010929026080670643,0.00014048699885670218,0.0,0.0026081351336631913,0.0,0.0024800806449217535,0.0,0.0,0.0,0.0,0.0,0.0,0.0,0.0,0.0,0.0,0.0,0.0,0.9099999666213989,0.0,0.0,0.0,0.0
26.845,0.0,0.0,0.0,datactrl_ref_vx_fallback,datactrl_est_vx_fallback,-0.9099999666213989,states_theta,-0.033012229949235916,0.0006535878471802059,0.0010929026080670643,0.00014048699885670218,0.0,0.0026081351336631913,0.0,0.0024800806449217535,0.0,0.0,0.0,0.0,0.0,0.0,0.0,0.0,0.0,0.0,0.0,0.0,0.9099999666213989,0.0,0.0,0.0,0.0
26.952,0.0,0.0,0.0,datactrl_ref_vx_fallback,datactrl_est_vx_fallback,-0.9099999666213989,states_theta,-0.033012229949235916,0.0006535878471802059,0.0010929026080670643,0.00014048699885670218,0.0,0.0026081351336631913,0.0,0.0024800806449217535,0.0,0.0,0.0,0.0,0.0,0.0,0.0,0.0,0.0,0.0,0.0,0.0,0.9099999666213989,0.0,0.0,0.0,0.0
27.011,0.0,0.0,0.0,datactrl_ref_vx_fallback,datactrl_est_vx_fallback,-0.9099999666213989,states_theta,-0.033012229949235916,0.0006535878471802059,0.0010929026080670643,0.00014048699885670218,0.0,0.0026081351336631913,0.0,0.0024800806449217535,0.0,0.0,0.0,0.0,0.0,0.0,0.0,0.0,0.0,0.0,0.0,0.0,0.9099999666213989,0.0,0.0,0.0,0.0
27.071,0.0,0.0,0.0,datactrl_ref_vx_fallback,datactrl_est_vx_fallback,-0.9099999666213989,states_theta,-0.033012229949235916,0.0006535878471802059,0.0010929026080670643,0.00014048699885670218,0.0,0.0026081351336631913,0.0,0.0024800806449217535,0.0,0.0,0.0,0.0,0.0,0.0,0.0,0.0,0.0,0.0,0.0,0.0,0.9099999666213989,0.0,0.0,0.0,0.0
27.121,0.0,0.0,0.0,datactrl_ref_vx_fallback,datactrl_est_vx_fallback,-0.9099999666213989,states_theta,-0.033012229949235916,0.0006535878471802059,0.0010929026080670643,0.00014048699885670218,0.0,0.0026081351336631913,0.0,0.0024800806449217535,0.0,0.0,0.0,0.0,0.0,0.0,0.0,0.0,0.0,0.0,0.0,0.0,0.9099999666213989,0.0,0.0,0.0,0.0
27.184,0.0,0.0,0.0,datactrl_ref_vx_fallback,datactrl_est_vx_fallback,-0.9099999666213989,states_theta,-0.033012229949235916,0.0006535878471802059,0.0010929026080670643,0.00014048699885670218,0.0,0.0026081351336631913,0.0,0.0024800806449217535,0.0,0.0,0.0,0.0,0.0,0.0,0.0,0.0,0.0,0.0,0.0,0.0,0.9099999666213989,0.0,0.0,0.0,0.0
27.244,0.0,0.0,0.0,datactrl_ref_vx_fallback,datactrl_est_vx_fallback,-0.9099999666213989,states_theta,-0.033012229949235916,0.0006535878471802059,0.0010929026080670643,0.00014048699885670218,0.0,0.0026081351336631913,0.0,0.0024800806449217535,0.0,0.0,0.0,0.0,0.0,0.0,0.0,0.0,0.0,0.0,0.0,0.0,0.9099999666213989,0.0,0.0,0.0,0.0
27.302,0.0,0.0,0.0,datactrl_ref_vx_fallback,datactrl_est_vx_fallback,-0.9099999666213989,states_theta,-0.033012229949235916,0.0006535878471802059,0.0010929026080670643,0.00014048699885670218,0.0,0.0026081351336631913,0.0,0.0024800806449217535,0.0,0.0,0.0,0.0,0.0,0.0,0.0,0.0,0.0,0.0,0.0,0.0,0.9099999666213989,0.0,0.0,0.0,0.0
27.396,0.0,0.0,0.0,datactrl_ref_vx_fallback,datactrl_est_vx_fallback,-0.9099999666213989,states_theta,-0.033012229949235916,0.0006535878471802059,0.0010929026080670643,0.00014048699885670218,0.0,0.0026081351336631913,0.0,0.0024800806449217535,0.0,0.0,0.0,0.0,0.0,0.0,0.0,0.0,0.0,0.0,0.0,0.0,0.9099999666213989,0.0,0.0,0.0,0.0
27.5,0.0,0.0,0.0,datactrl_ref_vx_fallback,datactrl_est_vx_fallback,-0.9099999666213989,states_theta,-0.033012229949235916,0.0006535878471802059,0.0010929026080670643,0.00014048699885670218,0.0,0.0026081351336631913,0.0,0.0024800806449217535,0.0,0.0,0.0,0.0,0.0,0.0,0.0,0.0,0.0,0.0,0.0,0.0,0.9099999666213989,0.0,0.0,0.0,0.0
27.559,0.0,0.0,0.0,datactrl_ref_vx_fallback,datactrl_est_vx_fallback,-0.9099999666213989,states_theta,-0.033012229949235916,0.0006535878471802059,0.0010929026080670643,0.00014048699885670218,0.0,0.0026081351336631913,0.0,0.0024800806449217535,0.0,0.0,0.0,0.0,0.0,0.0,0.0,0.0,0.0,0.0,0.0,0.0,0.9099999666213989,0.0,0.0,0.0,0.0
27.731,0.0,0.0,0.0,datactrl_ref_vx_fallback,datactrl_est_vx_fallback,-0.9099999666213989,states_theta,-0.033012229949235916,0.0006535878471802059,0.0010929026080670643,0.00014048699885670218,0.0,0.0026081351336631913,0.0,0.0024800806449217535,0.0,0.0,0.0,0.0,0.0,0.0,0.0,0.0,0.0,0.0,0.0,0.0,0.9099999666213989,0.0,0.0,0.0,0.0
27.957,0.0,0.0,0.0,datactrl_ref_vx_fallback,datactrl_est_vx_fallback,-0.9099999666213989,states_theta,-0.033012229949235916,0.0006535878471802059,0.0010929026080670643,0.00014048699885670218,0.0,0.0026081351336631913,0.0,0.0024800806449217535,0.0,0.0,0.0,0.0,0.0,0.0,0.0,0.0,0.0,0.0,0.0,0.0,0.9099999666213989,0.0,0.0,0.0,0.0
28.167,0.0,0.0,0.0,datactrl_ref_vx_fallback,datactrl_est_vx_fallback,-0.9099999666213989,states_theta,-0.033012229949235916,0.0006535878471802059,0.0010929026080670643,0.00014048699885670218,0.0,0.0026081351336631913,0.0,0.0024800806449217535,0.0,0.0,0.0,0.0,0.0,0.0,0.0,0.0,0.0,0.0,0.0,0.0,0.9099999666213989,0.0,0.0,0.0,0.0
28.374,0.0,0.0,0.0,datactrl_ref_vx_fallback,datactrl_est_vx_fallback,-0.9099999666213989,states_theta,-0.033012229949235916,0.0006535878471802059,0.0010929026080670643,0.00014048699885670218,0.0,0.0026081351336631913,0.0,0.0024800806449217535,0.0,0.0,0.0,0.0,0.0,0.0,0.0,0.0,0.0,0.0,0.0,0.0,0.9099999666213989,0.0,0.0,0.0,0.0
28.425,0.0,0.0,0.0,datactrl_ref_vx_fallback,datactrl_est_vx_fallback,-0.9099999666213989,states_theta,-0.033012229949235916,0.0006535878471802059,0.0010929026080670643,0.00014048699885670218,0.0,0.0026081351336631913,0.0,0.0024800806449217535,0.0,0.0,0.0,0.0,0.0,0.0,0.0,0.0,0.0,0.0,0.0,0.0,0.9099999666213989,0.0,0.0,0.0,0.0
28.586,0.0,0.0,0.0,datactrl_ref_vx_fallback,datactrl_est_vx_fallback,-0.9099999666213989,states_theta,-0.033012229949235916,0.0006535878471802059,0.0010929026080670643,0.00014048699885670218,0.0,0.0026081351336631913,0.0,0.0024800806449217535,0.0,0.0,0.0,0.0,0.0,0.0,0.0,0.0,0.0,0.0,0.0,0.0,0.9099999666213989,0.0,0.0,0.0,0.0
28.789,0.0,0.0,0.0,datactrl_ref_vx_fallback,datactrl_est_vx_fallback,-0.9099999666213989,states_theta,-0.033012229949235916,0.0006535878471802059,0.0010929026080670643,0.00014048699885670218,0.0,0.0026081351336631913,0.0,0.0024800806449217535,0.0,0.0,0.0,0.0,0.0,0.0,0.0,0.0,0.0,0.0,0.0,0.0,0.9099999666213989,0.0,0.0,0.0,0.0
29.002,0.0,0.0,0.0,datactrl_ref_vx_fallback,datactrl_est_vx_fallback,-0.9099999666213989,states_theta,-0.033012229949235916,0.0006535878471802059,0.0010929026080670643,0.00014048699885670218,0.0,0.0026081351336631913,0.0,0.0024800806449217535,0.0,0.0,0.0,0.0,0.0,0.0,0.0,0.0,0.0,0.0,0.0,0.0,0.9099999666213989,0.0,0.0,0.0,0.0
29.055,0.0,0.0,0.0,datactrl_ref_vx_fallback,datactrl_est_vx_fallback,-0.9099999666213989,states_theta,-0.033012229949235916,0.0006535878471802059,0.0010929026080670643,0.00014048699885670218,0.0,0.0026081351336631913,0.0,0.0024800806449217535,0.0,0.0,0.0,0.0,0.0,0.0,0.0,0.0,0.0,0.0,0.0,0.0,0.9099999666213989,0.0,0.0,0.0,0.0
29.218,0.0,0.0,0.0,datactrl_ref_vx_fallback,datactrl_est_vx_fallback,-0.9099999666213989,states_theta,-0.033012229949235916,0.0006535878471802059,0.0010929026080670643,0.00014048699885670218,0.0,0.0026081351336631913,0.0,0.0024800806449217535,0.0,0.0,0.0,0.0,0.0,0.0,0.0,0.0,0.0,0.0,0.0,0.0,0.9099999666213989,0.0,0.0,0.0,0.0
29.442,0.0,0.0,0.0,datactrl_ref_vx_fallback,datactrl_est_vx_fallback,-0.9099999666213989,states_theta,-0.033012229949235916,0.0006535878471802059,0.0010929026080670643,0.00014048699885670218,0.0,0.0026081351336631913,0.0,0.0024800806449217535,0.0,0.0,0.0,0.0,0.0,0.0,0.0,0.0,0.0,0.0,0.0,0.0,0.9099999666213989,0.0,0.0,0.0,0.0
29.675,0.0,0.0,0.0,datactrl_ref_vx_fallback,datactrl_est_vx_fallback,-0.9099999666213989,states_theta,-0.033012229949235916,0.0006535878471802059,0.0010929026080670643,0.00014048699885670218,0.0,0.0026081351336631913,0.0,0.0024800806449217535,0.0,0.0,0.0,0.0,0.0,0.0,0.0,0.0,0.0,0.0,0.0,0.0,0.9099999666213989,0.0,0.0,0.0,0.0
29.885,0.0,0.0,0.0,datactrl_ref_vx_fallback,datactrl_est_vx_fallback,-0.9099999666213989,states_theta,-0.033012229949235916,0.0006535878471802059,0.0010929026080670643,0.00014048699885670218,0.0,0.0026081351336631913,0.0,0.0024800806449217535,0.0,0.0,0.0,0.0,0.0,0.0,0.0,0.0,0.0,0.0,0.0,0.0,0.9099999666213989,0.0,0.0,0.0,0.0
30.101,0.0,0.0,0.0,datactrl_ref_vx_fallback,datactrl_est_vx_fallback,-0.9099999666213989,states_theta,-0.033012229949235916,0.0006535878471802059,0.0010929026080670643,0.00014048699885670218,0.0,0.0026081351336631913,0.0,0.0024800806449217535,0.0,0.0,0.0,0.0,0.0,0.0,0.0,0.0,0.0,0.0,0.0,0.0,0.9099999666213989,0.0,0.0,0.0,0.0
30.319,0.0,0.0,0.0,datactrl_ref_vx_fallback,datactrl_est_vx_fallback,-0.9099999666213989,states_theta,-0.033012229949235916,0.0006535878471802059,0.0010929026080670643,0.00014048699885670218,0.0,0.0026081351336631913,0.0,0.0024800806449217535,0.0,0.0,0.0,0.0,0.0,0.0,0.0,0.0,0.0,0.0,0.0,0.0,0.9099999666213989,0.0,0.0,0.0,0.0
30.547,0.0,0.0,0.0,datactrl_ref_vx_fallback,datactrl_est_vx_fallback,-0.9099999666213989,states_theta,-0.033012229949235916,0.0006535878471802059,0.0010929026080670643,0.00014048699885670218,0.0,0.0026081351336631913,0.0,0.0024800806449217535,0.0,0.0,0.0,0.0,0.0,0.0,0.0,0.0,0.0,0.0,0.0,0.0,0.9099999666213989,0.0,0.0,0.0,0.0
30.759,0.0,0.0,0.0,datactrl_ref_vx_fallback,datactrl_est_vx_fallback,-0.9099999666213989,states_theta,-0.033012229949235916,0.0006535878471802059,0.0010929026080670643,0.00014048699885670218,0.0,0.0026081351336631913,0.0,0.0024800806449217535,0.0,0.0,0.0,0.0,0.0,0.0,0.0,0.0,0.0,0.0,0.0,0.0,0.9099999666213989,0.0,0.0,0.0,0.0
30.974,0.0,0.0,0.0,datactrl_ref_vx_fallback,datactrl_est_vx_fallback,-0.9099999666213989,states_theta,-0.033012229949235916,0.0006535878471802059,0.0010929026080670643,0.00014048699885670218,0.0,0.0026081351336631913,0.0,0.0024800806449217535,0.0,0.0,0.0,0.0,0.0,0.0,0.0,0.0,0.0,0.0,0.0,0.0,0.9099999666213989,0.0,0.0,0.0,0.0
31.024,0.0,0.0,0.0,datactrl_ref_vx_fallback,datactrl_est_vx_fallback,-0.9099999666213989,states_theta,-0.033012229949235916,0.0006535878471802059,0.0010929026080670643,0.00014048699885670218,0.0,0.0026081351336631913,0.0,0.0024800806449217535,0.0,0.0,0.0,0.0,0.0,0.0,0.0,0.0,0.0,0.0,0.0,0.0,0.9099999666213989,0.0,0.0,0.0,0.0
31.198,0.0,0.0,0.0,datactrl_ref_vx_fallback,datactrl_est_vx_fallback,-0.9099999666213989,states_theta,-0.033012229949235916,0.0006535878471802059,0.0010929026080670643,0.00014048699885670218,0.0,0.0026081351336631913,0.0,0.0024800806449217535,0.0,0.0,0.0,0.0,0.0,0.0,0.0,0.0,0.0,0.0,0.0,0.0,0.9099999666213989,0.0,0.0,0.0,0.0
31.432,0.0,0.0,0.0,datactrl_ref_vx_fallback,datactrl_est_vx_fallback,-0.9099999666213989,states_theta,-0.033012229949235916,0.0006535878471802059,0.0010929026080670643,0.00014048699885670218,0.0,0.0026081351336631913,0.0,0.0024800806449217535,0.0,0.0,0.0,0.0,0.0,0.0,0.0,0.0,0.0,0.0,0.0,0.0,0.9099999666213989,0.0,0.0,0.0,0.0
31.484,0.0,0.0,0.0,datactrl_ref_vx_fallback,datactrl_est_vx_fallback,-0.9099999666213989,states_theta,-0.033012229949235916,0.0006535878471802059,0.0010929026080670643,0.00014048699885670218,0.0,0.0026081351336631913,0.0,0.0024800806449217535,0.0,0.0,0.0,0.0,0.0,0.0,0.0,0.0,0.0,0.0,0.0,0.0,0.9099999666213989,0.0,0.0,0.0,0.0
31.661,0.0,0.0,0.0,datactrl_ref_vx_fallback,datactrl_est_vx_fallback,-0.9099999666213989,states_theta,-0.033012229949235916,0.0006535878471802059,0.0010929026080670643,0.00014048699885670218,0.0,0.0026081351336631913,0.0,0.0024800806449217535,0.0,0.0,0.0,0.0,0.0,0.0,0.0,0.0,0.0,0.0,0.0,0.0,0.9099999666213989,0.0,0.0,0.0,0.0
31.881,0.0,0.0,0.0,datactrl_ref_vx_fallback,datactrl_est_vx_fallback,-0.9099999666213989,states_theta,-0.033012229949235916,0.0006535878471802059,0.0010929026080670643,0.00014048699885670218,0.0,0.0026081351336631913,0.0,0.0024800806449217535,0.0,0.0,0.0,0.0,0.0,0.0,0.0,0.0,0.0,0.0,0.0,0.0,0.9099999666213989,0.0,0.0,0.0,0.0
32.097,0.0,0.0,0.0,datactrl_ref_vx_fallback,datactrl_est_vx_fallback,-0.9099999666213989,states_theta,-0.033012229949235916,0.0006535878471802059,0.0010929026080670643,0.00014048699885670218,0.0,0.0026081351336631913,0.0,0.0024800806449217535,0.0,0.0,0.0,0.0,0.0,0.0,0.0,0.0,0.0,0.0,0.0,0.0,0.9099999666213989,0.0,0.0,0.0,0.0
32.309,0.0,0.0,0.0,datactrl_ref_vx_fallback,datactrl_est_vx_fallback,-0.9099999666213989,states_theta,-0.033012229949235916,0.0006535878471802059,0.0010929026080670643,0.00014048699885670218,0.0,0.0026081351336631913,0.0,0.0024800806449217535,0.0,0.0,0.0,0.0,0.0,0.0,0.0,0.0,0.0,0.0,0.0,0.0,0.9099999666213989,0.0,0.0,0.0,0.0
32.516,0.0,0.0,0.0,datactrl_ref_vx_fallback,datactrl_est_vx_fallback,-0.9099999666213989,states_theta,-0.033012229949235916,0.0006535878471802059,0.0010929026080670643,0.00014048699885670218,0.0,0.0026081351336631913,0.0,0.0024800806449217535,0.0,0.0,0.0,0.0,0.0,0.0,0.0,0.0,0.0,0.0,0.0,0.0,0.9099999666213989,0.0,0.0,0.0,0.0
32.665,0.0,0.0,0.0,datactrl_ref_vx_fallback,datactrl_est_vx_fallback,-0.9099999666213989,states_theta,-0.033012229949235916,0.0006535878471802059,0.0010929026080670643,0.00014048699885670218,0.0,0.0026081351336631913,0.0,0.0024800806449217535,0.0,0.0,0.0,0.0,0.0,0.0,0.0,0.0,0.0,0.0,0.0,0.0,0.9099999666213989,0.0,0.0,0.0,0.0
32.736,0.0,0.0,0.0,datactrl_ref_vx_fallback,datactrl_est_vx_fallback,-0.9099999666213989,states_theta,-0.033012229949235916,0.0006535878471802059,0.0010929026080670643,0.00014048699885670218,0.0,0.0026081351336631913,0.0,0.0024800806449217535,0.0,0.0,0.0,0.0,0.0,0.0,0.0,0.0,0.0,0.0,0.0,0.0,0.9099999666213989,0.0,0.0,0.0,0.0
32.792,0.0,0.0,0.0,datactrl_ref_vx_fallback,datactrl_est_vx_fallback,-0.9099999666213989,states_theta,-0.033012229949235916,0.0006535878471802059,0.0010929026080670643,0.00014048699885670218,0.0,0.0026081351336631913,0.0,0.0024800806449217535,0.0,0.0,0.0,0.0,0.0,0.0,0.0,0.0,0.0,0.0,0.0,0.0,0.9099999666213989,0.0,0.0,0.0,0.0
32.932,0.0,0.0,0.0,datactrl_ref_vx_fallback,datactrl_est_vx_fallback,-0.9099999666213989,states_theta,-0.033012229949235916,0.0006535878471802059,0.0010929026080670643,0.00014048699885670218,0.0,0.0026081351336631913,0.0,0.0024800806449217535,0.0,0.0,0.0,0.0,0.0,0.0,0.0,0.0,0.0,0.0,0.0,0.0,0.9099999666213989,0.0,0.0,0.0,0.0
33.009,0.0,0.0,0.0,datactrl_ref_vx_fallback,datactrl_est_vx_fallback,-0.9099999666213989,states_theta,-0.033012229949235916,0.0006535878471802059,0.0010929026080670643,0.00014048699885670218,0.0,0.0026081351336631913,0.0,0.0024800806449217535,0.0,0.0,0.0,0.0,0.0,0.0,0.0,0.0,0.0,0.0,0.0,0.0,0.9099999666213989,0.0,0.0,0.0,0.0
33.105,0.0,0.0,0.0,datactrl_ref_vx_fallback,datactrl_est_vx_fallback,-0.9099999666213989,states_theta,-0.033012229949235916,0.0006535878471802059,0.0010929026080670643,0.00014048699885670218,0.0,0.0026081351336631913,0.0,0.0024800806449217535,0.0,0.0,0.0,0.0,0.0,0.0,0.0,0.0,0.0,0.0,0.0,0.0,0.9099999666213989,0.0,0.0,0.0,0.0
33.218,0.0,0.0,0.0,datactrl_ref_vx_fallback,datactrl_est_vx_fallback,-0.9099999666213989,states_theta,-0.033012229949235916,0.0006535878471802059,0.0010929026080670643,0.00014048699885670218,0.0,0.0026081351336631913,0.0,0.0024800806449217535,0.0,0.0,0.0,0.0,0.0,0.0,0.0,0.0,0.0,0.0,0.0,0.0,0.9099999666213989,0.0,0.0,0.0,0.0
33.269,0.0,0.0,0.0,datactrl_ref_vx_fallback,datactrl_est_vx_fallback,-0.9099999666213989,states_theta,-0.033012229949235916,0.0006535878471802059,0.0010929026080670643,0.00014048699885670218,0.0,0.0026081351336631913,0.0,0.0024800806449217535,0.0,0.0,0.0,0.0,0.0,0.0,0.0,0.0,0.0,0.0,0.0,0.0,0.9099999666213989,0.0,0.0,0.0,0.0
33.329,0.0,0.0,0.0,datactrl_ref_vx_fallback,datactrl_est_vx_fallback,-0.9099999666213989,states_theta,-0.033012229949235916,0.0006535878471802059,0.0010929026080670643,0.00014048699885670218,0.0,0.0026081351336631913,0.0,0.0024800806449217535,0.0,0.0,0.0,0.0,0.0,0.0,0.0,0.0,0.0,0.0,0.0,0.0,0.9099999666213989,0.0,0.0,0.0,0.0
33.391,0.0,0.0,0.0,datactrl_ref_vx_fallback,datactrl_est_vx_fallback,-0.9099999666213989,states_theta,-0.033012229949235916,0.0006535878471802059,0.0010929026080670643,0.00014048699885670218,0.0,0.0026081351336631913,0.0,0.0024800806449217535,0.0,0.0,0.0,0.0,0.0,0.0,0.0,0.0,0.0,0.0,0.0,0.0,0.9099999666213989,0.0,0.0,0.0,0.0
33.442,0.0,0.0,0.0,datactrl_ref_vx_fallback,datactrl_est_vx_fallback,-0.9099999666213989,states_theta,-0.033012229949235916,0.0006535878471802059,0.0010929026080670643,0.00014048699885670218,0.0,0.0026081351336631913,0.0,0.0024800806449217535,0.0,0.0,0.0,0.0,0.0,0.0,0.0,0.0,0.0,0.0,0.0,0.0,0.9099999666213989,0.0,0.0,0.0,0.0
33.545,0.0,0.0,0.0,datactrl_ref_vx_fallback,datactrl_est_vx_fallback,-0.9099999666213989,states_theta,-0.033012229949235916,0.0006535878471802059,0.0010929026080670643,0.00014048699885670218,0.0,0.0026081351336631913,0.0,0.0024800806449217535,0.0,0.0,0.0,0.0,0.0,0.0,0.0,0.0,0.0,0.0,0.0,0.0,0.9099999666213989,0.0,0.0,0.0,0.0
33.624,0.0,0.0,0.0,datactrl_ref_vx_fallback,datactrl_est_vx_fallback,-0.9099999666213989,states_theta,-0.033012229949235916,0.0006535878471802059,0.0010929026080670643,0.00014048699885670218,0.0,0.0026081351336631913,0.0,0.0024800806449217535,0.0,0.0,0.0,0.0,0.0,0.0,0.0,0.0,0.0,0.0,0.0,0.0,0.9099999666213989,0.0,0.0,0.0,0.0
33.718,0.0,0.0,0.0,datactrl_ref_vx_fallback,datactrl_est_vx_fallback,-0.9099999666213989,states_theta,-0.033012229949235916,0.0006535878471802059,0.0010929026080670643,0.00014048699885670218,0.0,0.0026081351336631913,0.0,0.0024800806449217535,0.0,0.0,0.0,0.0,0.0,0.0,0.0,0.0,0.0,0.0,0.0,0.0,0.9099999666213989,0.0,0.0,0.0,0.0
33.841,0.0,0.0,0.0,datactrl_ref_vx_fallback,datactrl_est_vx_fallback,-0.9099999666213989,states_theta,-0.033012229949235916,0.0006535878471802059,0.0010929026080670643,0.00014048699885670218,0.0,0.0026081351336631913,0.0,0.0024800806449217535,0.0,0.0,0.0,0.0,0.0,0.0,0.0,0.0,0.0,0.0,0.0,0.0,0.9099999666213989,0.0,0.0,0.0,0.0
33.916,0.0,0.0,0.0,datactrl_ref_vx_fallback,datactrl_est_vx_fallback,-0.9099999666213989,states_theta,-0.033012229949235916,0.0006535878471802059,0.0010929026080670643,0.00014048699885670218,0.0,0.0026081351336631913,0.0,0.0024800806449217535,0.0,0.0,0.0,0.0,0.0,0.0,0.0,0.0,0.0,0.0,0.0,0.0,0.9099999666213989,0.0,0.0,0.0,0.0
34.017,0.0,0.0,0.0,datactrl_ref_vx_fallback,datactrl_est_vx_fallback,-0.9099999666213989,states_theta,-0.033012229949235916,0.0006535878471802059,0.0010929026080670643,0.00014048699885670218,0.0,0.0026081351336631913,0.0,0.0024800806449217535,0.0,0.0,0.0,0.0,0.0,0.0,0.0,0.0,0.0,0.0,0.0,0.0,0.9099999666213989,0.0,0.0,0.0,0.0
34.118,0.0,0.0,0.0,datactrl_ref_vx_fallback,datactrl_est_vx_fallback,-0.9099999666213989,states_theta,-0.033012229949235916,0.0006535878471802059,0.0010929026080670643,0.00014048699885670218,0.0,0.0026081351336631913,0.0,0.0024800806449217535,0.0,0.0,0.0,0.0,0.0,0.0,0.0,0.0,0.0,0.0,0.0,0.0,0.9099999666213989,0.0,0.0,0.0,0.0
34.218,0.0,0.0,0.0,datactrl_ref_vx_fallback,datactrl_est_vx_fallback,-0.9099999666213989,states_theta,-0.033012229949235916,0.0006535878471802059,0.0010929026080670643,0.00014048699885670218,0.0,0.0026081351336631913,0.0,0.0024800806449217535,0.0,0.0,0.0,0.0,0.0,0.0,0.0,0.0,0.0,0.0,0.0,0.0,0.9099999666213989,0.0,0.0,0.0,0.0
34.317,0.0,0.0,0.0,datactrl_ref_vx_fallback,datactrl_est_vx_fallback,-0.9099999666213989,states_theta,-0.033012229949235916,0.0006535878471802059,0.0010929026080670643,0.00014048699885670218,0.0,0.0026081351336631913,0.0,0.0024800806449217535,0.0,0.0,0.0,0.0,0.0,0.0,0.0,0.0,0.0,0.0,0.0,0.0,0.9099999666213989,0.0,0.0,0.0,0.0
34.418,0.0,0.0,0.0,datactrl_ref_vx_fallback,datactrl_est_vx_fallback,-0.9099999666213989,states_theta,-0.033012229949235916,0.0006535878471802059,0.0010929026080670643,0.00014048699885670218,0.0,0.0026081351336631913,0.0,0.0024800806449217535,0.0,0.0,0.0,0.0,0.0,0.0,0.0,0.0,0.0,0.0,0.0,0.0,0.9099999666213989,0.0,0.0,0.0,0.0
34.517,0.0,0.0,0.0,datactrl_ref_vx_fallback,datactrl_est_vx_fallback,-0.9099999666213989,states_theta,-0.033012229949235916,0.0006535878471802059,0.0010929026080670643,0.00014048699885670218,0.0,0.0026081351336631913,0.0,0.0024800806449217535,0.0,0.0,0.0,0.0,0.0,0.0,0.0,0.0,0.0,0.0,0.0,0.0,0.9099999666213989,0.0,0.0,0.0,0.0
34.619,0.0,0.0,0.0,datactrl_ref_vx_fallback,datactrl_est_vx_fallback,-0.9099999666213989,states_theta,-0.033012229949235916,0.0006535878471802059,0.0010929026080670643,0.00014048699885670218,0.0,0.0026081351336631913,0.0,0.0024800806449217535,0.0,0.0,0.0,0.0,0.0,0.0,0.0,0.0,0.0,0.0,0.0,0.0,0.9099999666213989,0.0,0.0,0.0,0.0
34.719,0.0,0.0,0.0,datactrl_ref_vx_fallback,datactrl_est_vx_fallback,-0.9099999666213989,states_theta,-0.033012229949235916,0.0006535878471802059,0.0010929026080670643,0.00014048699885670218,0.0,0.0026081351336631913,0.0,0.0024800806449217535,0.0,0.0,0.0,0.0,0.0,0.0,0.0,0.0,0.0,0.0,0.0,0.0,0.9099999666213989,0.0,0.0,0.0,0.0
34.818,0.0,0.0,0.0,datactrl_ref_vx_fallback,datactrl_est_vx_fallback,-0.9099999666213989,states_theta,-0.033012229949235916,0.0006535878471802059,0.0010929026080670643,0.00014048699885670218,0.0,0.0026081351336631913,0.0,0.0024800806449217535,0.0,0.0,0.0,0.0,0.0,0.0,0.0,0.0,0.0,0.0,0.0,0.0,0.9099999666213989,0.0,0.0,0.0,0.0
34.918,0.0,0.0,0.0,datactrl_ref_vx_fallback,datactrl_est_vx_fallback,-0.9099999666213989,states_theta,-0.033012229949235916,0.0006535878471802059,0.0010929026080670643,0.00014048699885670218,0.0,0.0026081351336631913,0.0,0.0024800806449217535,0.0,0.0,0.0,0.0,0.0,0.0,0.0,0.0,0.0,0.0,0.0,0.0,0.9099999666213989,0.0,0.0,0.0,0.0
35.017,0.0,0.0,0.0,datactrl_ref_vx_fallback,datactrl_est_vx_fallback,-0.9099999666213989,states_theta,-0.033012229949235916,0.0006535878471802059,0.0010929026080670643,0.00014048699885670218,0.0,0.0026081351336631913,0.0,0.0024800806449217535,0.0,0.0,0.0,0.0,0.0,0.0,0.0,0.0,0.0,0.0,0.0,0.0,0.9099999666213989,0.0,0.0,0.0,0.0
35.119,0.0,0.0,0.0,datactrl_ref_vx_fallback,datactrl_est_vx_fallback,-0.9099999666213989,states_theta,-0.033012229949235916,0.0006535878471802059,0.0010929026080670643,0.00014048699885670218,0.0,0.0026081351336631913,0.0,0.0024800806449217535,0.0,0.0,0.0,0.0,0.0,0.0,0.0,0.0,0.0,0.0,0.0,0.0,0.9099999666213989,0.0,0.0,0.0,0.0
35.218,0.0,0.0,0.0,datactrl_ref_vx_fallback,datactrl_est_vx_fallback,-0.9099999666213989,states_theta,-0.033012229949235916,0.0006535878471802059,0.0010929026080670643,0.00014048699885670218,0.0,0.0026081351336631913,0.0,0.0024800806449217535,0.0,0.0,0.0,0.0,0.0,0.0,0.0,0.0,0.0,0.0,0.0,0.0,0.9099999666213989,0.0,0.0,0.0,0.0
35.319,0.0,0.0,0.0,datactrl_ref_vx_fallback,datactrl_est_vx_fallback,-0.9099999666213989,states_theta,-0.033012229949235916,0.0006535878471802059,0.0010929026080670643,0.00014048699885670218,0.0,0.0026081351336631913,0.0,0.0024800806449217535,0.0,0.0,0.0,0.0,0.0,0.0,0.0,0.0,0.0,0.0,0.0,0.0,0.9099999666213989,0.0,0.0,0.0,0.0
35.418,0.0,0.0,0.0,datactrl_ref_vx_fallback,datactrl_est_vx_fallback,-0.9099999666213989,states_theta,-0.033012229949235916,0.0006535878471802059,0.0010929026080670643,0.00014048699885670218,0.0,0.0026081351336631913,0.0,0.0024800806449217535,0.0,0.0,0.0,0.0,0.0,0.0,0.0,0.0,0.0,0.0,0.0,0.0,0.9099999666213989,0.0,0.0,0.0,0.0
35.519,0.0,0.0,0.0,datactrl_ref_vx_fallback,datactrl_est_vx_fallback,-0.9099999666213989,states_theta,-0.033012229949235916,0.0006535878471802059,0.0010929026080670643,0.00014048699885670218,0.0,0.0026081351336631913,0.0,0.0024800806449217535,0.0,0.0,0.0,0.0,0.0,0.0,0.0,0.0,0.0,0.0,0.0,0.0,0.9099999666213989,0.0,0.0,0.0,0.0
35.619,0.0,0.0,0.0,datactrl_ref_vx_fallback,datactrl_est_vx_fallback,-0.9099999666213989,states_theta,-0.033012229949235916,0.0006535878471802059,0.0010929026080670643,0.00014048699885670218,0.0,0.0026081351336631913,0.0,0.0024800806449217535,0.0,0.0,0.0,0.0,0.0,0.0,0.0,0.0,0.0,0.0,0.0,0.0,0.9099999666213989,0.0,0.0,0.0,0.0
35.719,0.0,0.0,0.0,datactrl_ref_vx_fallback,datactrl_est_vx_fallback,-0.9099999666213989,states_theta,-0.033012229949235916,0.0006535878471802059,0.0010929026080670643,0.00014048699885670218,0.0,0.0026081351336631913,0.0,0.0024800806449217535,0.0,0.0,0.0,0.0,0.0,0.0,0.0,0.0,0.0,0.0,0.0,0.0,0.9099999666213989,0.0,0.0,0.0,0.0
35.818,0.0,0.0,0.0,datactrl_ref_vx_fallback,datactrl_est_vx_fallback,-0.9099999666213989,states_theta,-0.033012229949235916,0.0006535878471802059,0.0010929026080670643,0.00014048699885670218,0.0,0.0026081351336631913,0.0,0.0024800806449217535,0.0,0.0,0.0,0.0,0.0,0.0,0.0,0.0,0.0,0.0,0.0,0.0,0.9099999666213989,0.0,0.0,0.0,0.0
35.919,0.0,0.0,0.0,datactrl_ref_vx_fallback,datactrl_est_vx_fallback,-0.9099999666213989,states_theta,-0.033012229949235916,0.0006535878471802059,0.0010929026080670643,0.00014048699885670218,0.0,0.0026081351336631913,0.0,0.0024800806449217535,0.0,0.0,0.0,0.0,0.0,0.0,0.0,0.0,0.0,0.0,0.0,0.0,0.9099999666213989,0.0,0.0,0.0,0.0
36.019,0.0,0.0,0.0,datactrl_ref_vx_fallback,datactrl_est_vx_fallback,-0.9099999666213989,states_theta,-0.033012229949235916,0.0006535878471802059,0.0010929026080670643,0.00014048699885670218,0.0,0.0026081351336631913,0.0,0.0024800806449217535,0.0,0.0,0.0,0.0,0.0,0.0,0.0,0.0,0.0,0.0,0.0,0.0,0.9099999666213989,0.0,0.0,0.0,0.0
36.12,0.0,0.0,0.0,datactrl_ref_vx_fallback,datactrl_est_vx_fallback,-0.9099999666213989,states_theta,-0.033012229949235916,0.0006535878471802059,0.0010929026080670643,0.00014048699885670218,0.0,0.0026081351336631913,0.0,0.0024800806449217535,0.0,0.0,0.0,0.0,0.0,0.0,0.0,0.0,0.0,0.0,0.0,0.0,0.9099999666213989,0.0,0.0,0.0,0.0
36.219,0.0,0.0,0.0,datactrl_ref_vx_fallback,datactrl_est_vx_fallback,-0.9099999666213989,states_theta,-0.033012229949235916,0.0006535878471802059,0.0010929026080670643,0.00014048699885670218,0.0,0.0026081351336631913,0.0,0.0024800806449217535,0.0,0.0,0.0,0.0,0.0,0.0,0.0,0.0,0.0,0.0,0.0,0.0,0.9099999666213989,0.0,0.0,0.0,0.0
36.32,0.0,0.0,0.0,datactrl_ref_vx_fallback,datactrl_est_vx_fallback,-0.9099999666213989,states_theta,-0.033012229949235916,0.0006535878471802059,0.0010929026080670643,0.00014048699885670218,0.0,0.0026081351336631913,0.0,0.0024800806449217535,0.0,0.0,0.0,0.0,0.0,0.0,0.0,0.0,0.0,0.0,0.0,0.0,0.9099999666213989,0.0,0.0,0.0,0.0
36.42,0.0,0.0,0.0,datactrl_ref_vx_fallback,datactrl_est_vx_fallback,-0.9099999666213989,states_theta,-0.033012229949235916,0.0006535878471802059,0.0010929026080670643,0.00014048699885670218,0.0,0.0026081351336631913,0.0,0.0024800806449217535,0.0,0.0,0.0,0.0,0.0,0.0,0.0,0.0,0.0,0.0,0.0,0.0,0.9099999666213989,0.0,0.0,0.0,0.0
36.52,0.0,0.0,0.0,datactrl_ref_vx_fallback,datactrl_est_vx_fallback,-0.9099999666213989,states_theta,-0.033012229949235916,0.0006535878471802059,0.0010929026080670643,0.00014048699885670218,0.0,0.0026081351336631913,0.0,0.0024800806449217535,0.0,0.0,0.0,0.0,0.0,0.0,0.0,0.0,0.0,0.0,0.0,0.0,0.9099999666213989,0.0,0.0,0.0,0.0
36.62,0.0,0.0,0.0,datactrl_ref_vx_fallback,datactrl_est_vx_fallback,-0.9099999666213989,states_theta,-0.033012229949235916,0.0006535878471802059,0.0010929026080670643,0.00014048699885670218,0.0,0.0026081351336631913,0.0,0.0024800806449217535,0.0,0.0,0.0,0.0,0.0,0.0,0.0,0.0,0.0,0.0,0.0,0.0,0.9099999666213989,0.0,0.0,0.0,0.0
36.72,0.0,0.0,0.0,datactrl_ref_vx_fallback,datactrl_est_vx_fallback,-0.9099999666213989,states_theta,-0.033012229949235916,0.0006535878471802059,0.0010929026080670643,0.00014048699885670218,0.0,0.0026081351336631913,0.0,0.0024800806449217535,0.0,0.0,0.0,0.0,0.0,0.0,0.0,0.0,0.0,0.0,0.0,0.0,0.9099999666213989,0.0,0.0,0.0,0.0
36.82,0.0,0.0,0.0,datactrl_ref_vx_fallback,datactrl_est_vx_fallback,-0.9099999666213989,states_theta,-0.033012229949235916,0.0006535878471802059,0.0010929026080670643,0.00014048699885670218,0.0,0.0026081351336631913,0.0,0.0024800806449217535,0.0,0.0,0.0,0.0,0.0,0.0,0.0,0.0,0.0,0.0,0.0,0.0,0.9099999666213989,0.0,0.0,0.0,0.0
36.92,0.0,0.0,0.0,datactrl_ref_vx_fallback,datactrl_est_vx_fallback,-0.9099999666213989,states_theta,-0.033012229949235916,0.0006535878471802059,0.0010929026080670643,0.00014048699885670218,0.0,0.0026081351336631913,0.0,0.0024800806449217535,0.0,0.0,0.0,0.0,0.0,0.0,0.0,0.0,0.0,0.0,0.0,0.0,0.9099999666213989,0.0,0.0,0.0,0.0
37.021,0.0,0.0,0.0,datactrl_ref_vx_fallback,datactrl_est_vx_fallback,-0.9099999666213989,states_theta,-0.033012229949235916,0.0006535878471802059,0.0010929026080670643,0.00014048699885670218,0.0,0.0026081351336631913,0.0,0.0024800806449217535,0.0,0.0,0.0,0.0,0.0,0.0,0.0,0.0,0.0,0.0,0.0,0.0,0.9099999666213989,0.0,0.0,0.0,0.0
37.121,0.0,0.0,0.0,datactrl_ref_vx_fallback,datactrl_est_vx_fallback,-0.9099999666213989,states_theta,-0.033012229949235916,0.0006535878471802059,0.0010929026080670643,0.00014048699885670218,0.0,0.0026081351336631913,0.0,0.0024800806449217535,0.0,0.0,0.0,0.0,0.0,0.0,0.0,0.0,0.0,0.0,0.0,0.0,0.9099999666213989,0.0,0.0,0.0,0.0
37.221,0.0,0.0,0.0,datactrl_ref_vx_fallback,datactrl_est_vx_fallback,-0.9099999666213989,states_theta,-0.033012229949235916,0.0006535878471802059,0.0010929026080670643,0.00014048699885670218,0.0,0.0026081351336631913,0.0,0.0024800806449217535,0.0,0.0,0.0,0.0,0.0,0.0,0.0,0.0,0.0,0.0,0.0,0.0,0.9099999666213989,0.0,0.0,0.0,0.0
37.321,0.0,0.0,0.0,datactrl_ref_vx_fallback,datactrl_est_vx_fallback,-0.9099999666213989,states_theta,-0.033012229949235916,0.0006535878471802059,0.0010929026080670643,0.00014048699885670218,0.0,0.0026081351336631913,0.0,0.0024800806449217535,0.0,0.0,0.0,0.0,0.0,0.0,0.0,0.0,0.0,0.0,0.0,0.0,0.9099999666213989,0.0,0.0,0.0,0.0
37.421,0.0,0.0,0.0,datactrl_ref_vx_fallback,datactrl_est_vx_fallback,-0.9099999666213989,states_theta,-0.033012229949235916,0.0006535878471802059,0.0010929026080670643,0.00014048699885670218,0.0,0.0026081351336631913,0.0,0.0024800806449217535,0.0,0.0,0.0,0.0,0.0,0.0,0.0,0.0,0.0,0.0,0.0,0.0,0.9099999666213989,0.0,0.0,0.0,0.0
37.521,0.0,0.0,0.0,datactrl_ref_vx_fallback,datactrl_est_vx_fallback,-0.9099999666213989,states_theta,-0.033012229949235916,0.0006535878471802059,0.0010929026080670643,0.00014048699885670218,0.0,0.0026081351336631913,0.0,0.0024800806449217535,0.0,0.0,0.0,0.0,0.0,0.0,0.0,0.0,0.0,0.0,0.0,0.0,0.9099999666213989,0.0,0.0,0.0,0.0
37.622,0.0,0.0,0.0,datactrl_ref_vx_fallback,datactrl_est_vx_fallback,-0.9099999666213989,states_theta,-0.033012229949235916,0.0006535878471802059,0.0010929026080670643,0.00014048699885670218,0.0,0.0026081351336631913,0.0,0.0024800806449217535,0.0,0.0,0.0,0.0,0.0,0.0,0.0,0.0,0.0,0.0,0.0,0.0,0.9099999666213989,0.0,0.0,0.0,0.0
37.721,0.0,0.0,0.0,datactrl_ref_vx_fallback,datactrl_est_vx_fallback,-0.9099999666213989,states_theta,-0.033012229949235916,0.0006535878471802059,0.0010929026080670643,0.00014048699885670218,0.0,0.0026081351336631913,0.0,0.0024800806449217535,0.0,0.0,0.0,0.0,0.0,0.0,0.0,0.0,0.0,0.0,0.0,0.0,0.9099999666213989,0.0,0.0,0.0,0.0
37.822,0.0,0.0,0.0,datactrl_ref_vx_fallback,datactrl_est_vx_fallback,-0.9099999666213989,states_theta,-0.033012229949235916,0.0006535878471802059,0.0010929026080670643,0.00014048699885670218,0.0,0.0026081351336631913,0.0,0.0024800806449217535,0.0,0.0,0.0,0.0,0.0,0.0,0.0,0.0,0.0,0.0,0.0,0.0,0.9099999666213989,0.0,0.0,0.0,0.0
37.922,0.0,0.0,0.0,datactrl_ref_vx_fallback,datactrl_est_vx_fallback,-0.9099999666213989,states_theta,-0.033012229949235916,0.0006535878471802059,0.0010929026080670643,0.00014048699885670218,0.0,0.0026081351336631913,0.0,0.0024800806449217535,0.0,0.0,0.0,0.0,0.0,0.0,0.0,0.0,0.0,0.0,0.0,0.0,0.9099999666213989,0.0,0.0,0.0,0.0
38.022,0.0,0.0,0.0,datactrl_ref_vx_fallback,datactrl_est_vx_fallback,-0.9099999666213989,states_theta,-0.033012229949235916,0.0006535878471802059,0.0010929026080670643,0.00014048699885670218,0.0,0.0026081351336631913,0.0,0.0024800806449217535,0.0,0.0,0.0,0.0,0.0,0.0,0.0,0.0,0.0,0.0,0.0,0.0,0.9099999666213989,0.0,0.0,0.0,0.0
38.121,0.0,0.0,0.0,datactrl_ref_vx_fallback,datactrl_est_vx_fallback,-0.9099999666213989,states_theta,-0.033012229949235916,0.0006535878471802059,0.0010929026080670643,0.00014048699885670218,0.0,0.0026081351336631913,0.0,0.0024800806449217535,0.0,0.0,0.0,0.0,0.0,0.0,0.0,0.0,0.0,0.0,0.0,0.0,0.9099999666213989,0.0,0.0,0.0,0.0
38.221,0.0,0.0,0.0,datactrl_ref_vx_fallback,datactrl_est_vx_fallback,-0.9099999666213989,states_theta,-0.033012229949235916,0.0006535878471802059,0.0010929026080670643,0.00014048699885670218,0.0,0.0026081351336631913,0.0,0.0024800806449217535,0.0,0.0,0.0,0.0,0.0,0.0,0.0,0.0,0.0,0.0,0.0,0.0,0.9099999666213989,0.0,0.0,0.0,0.0
38.322,0.0,0.0,0.0,datactrl_ref_vx_fallback,datactrl_est_vx_fallback,-0.9099999666213989,states_theta,-0.033012229949235916,0.0006535878471802059,0.0010929026080670643,0.00014048699885670218,0.0,0.0026081351336631913,0.0,0.0024800806449217535,0.0,0.0,0.0,0.0,0.0,0.0,0.0,0.0,0.0,0.0,0.0,0.0,0.9099999666213989,0.0,0.0,0.0,0.0
38.422,0.0,0.0,0.0,datactrl_ref_vx_fallback,datactrl_est_vx_fallback,-0.9099999666213989,states_theta,-0.033012229949235916,0.0006535878471802059,0.0010929026080670643,0.00014048699885670218,0.0,0.0026081351336631913,0.0,0.0024800806449217535,0.0,0.0,0.0,0.0,0.0,0.0,0.0,0.0,0.0,0.0,0.0,0.0,0.9099999666213989,0.0,0.0,0.0,0.0
38.522,0.0,0.0,0.0,datactrl_ref_vx_fallback,datactrl_est_vx_fallback,-0.9099999666213989,states_theta,-0.033012229949235916,0.0006535878471802059,0.0010929026080670643,0.00014048699885670218,0.0,0.0026081351336631913,0.0,0.0024800806449217535,0.0,0.0,0.0,0.0,0.0,0.0,0.0,0.0,0.0,0.0,0.0,0.0,0.9099999666213989,0.0,0.0,0.0,0.0
38.621,0.0,0.0,0.0,datactrl_ref_vx_fallback,datactrl_est_vx_fallback,-0.9099999666213989,states_theta,-0.033012229949235916,0.0006535878471802059,0.0010929026080670643,0.00014048699885670218,0.0,0.0026081351336631913,0.0,0.0024800806449217535,0.0,0.0,0.0,0.0,0.0,0.0,0.0,0.0,0.0,0.0,0.0,0.0,0.9099999666213989,0.0,0.0,0.0,0.0
38.723,0.0,0.0,0.0,datactrl_ref_vx_fallback,datactrl_est_vx_fallback,-0.9099999666213989,states_theta,-0.033012229949235916,0.0006535878471802059,0.0010929026080670643,0.00014048699885670218,0.0,0.0026081351336631913,0.0,0.0024800806449217535,0.0,0.0,0.0,0.0,0.0,0.0,0.0,0.0,0.0,0.0,0.0,0.0,0.9099999666213989,0.0,0.0,0.0,0.0
38.823,0.0,0.0,0.0,datactrl_ref_vx_fallback,datactrl_est_vx_fallback,-0.9099999666213989,states_theta,-0.033012229949235916,0.0006535878471802059,0.0010929026080670643,0.00014048699885670218,0.0,0.0026081351336631913,0.0,0.0024800806449217535,0.0,0.0,0.0,0.0,0.0,0.0,0.0,0.0,0.0,0.0,0.0,0.0,0.9099999666213989,0.0,0.0,0.0,0.0
38.923,0.0,0.0,0.0,datactrl_ref_vx_fallback,datactrl_est_vx_fallback,-0.9099999666213989,states_theta,-0.033012229949235916,0.0006535878471802059,0.0010929026080670643,0.00014048699885670218,0.0,0.0026081351336631913,0.0,0.0024800806449217535,0.0,0.0,0.0,0.0,0.0,0.0,0.0,0.0,0.0,0.0,0.0,0.0,0.9099999666213989,0.0,0.0,0.0,0.0
39.02,0.0,0.0,0.0,datactrl_ref_vx_fallback,datactrl_est_vx_fallback,-0.9099999666213989,states_theta,-0.033012229949235916,0.0006535878471802059,0.0010929026080670643,0.00014048699885670218,0.0,0.0026081351336631913,0.0,0.0024800806449217535,0.0,0.0,0.0,0.0,0.0,0.0,0.0,0.0,0.0,0.0,0.0,0.0,0.9099999666213989,0.0,0.0,0.0,0.0
39.124,0.0,0.0,0.0,datactrl_ref_vx_fallback,datactrl_est_vx_fallback,-0.9099999666213989,states_theta,-0.033012229949235916,0.0006535878471802059,0.0010929026080670643,0.00014048699885670218,0.0,0.0026081351336631913,0.0,0.0024800806449217535,0.0,0.0,0.0,0.0,0.0,0.0,0.0,0.0,0.0,0.0,0.0,0.0,0.9099999666213989,0.0,0.0,0.0,0.0
39.224,0.0,0.0,0.0,datactrl_ref_vx_fallback,datactrl_est_vx_fallback,-0.9099999666213989,states_theta,-0.033012229949235916,0.0006535878471802059,0.0010929026080670643,0.00014048699885670218,0.0,0.0026081351336631913,0.0,0.0024800806449217535,0.0,0.0,0.0,0.0,0.0,0.0,0.0,0.0,0.0,0.0,0.0,0.0,0.9099999666213989,0.0,0.0,0.0,0.0
39.323,0.0,0.0,0.0,datactrl_ref_vx_fallback,datactrl_est_vx_fallback,-0.9099999666213989,states_theta,-0.033012229949235916,0.0006535878471802059,0.0010929026080670643,0.00014048699885670218,0.0,0.0026081351336631913,0.0,0.0024800806449217535,0.0,0.0,0.0,0.0,0.0,0.0,0.0,0.0,0.0,0.0,0.0,0.0,0.9099999666213989,0.0,0.0,0.0,0.0
39.423,0.0,0.0,0.0,datactrl_ref_vx_fallback,datactrl_est_vx_fallback,-0.9099999666213989,states_theta,-0.033012229949235916,0.0006535878471802059,0.0010929026080670643,0.00014048699885670218,0.0,0.0026081351336631913,0.0,0.0024800806449217535,0.0,0.0,0.0,0.0,0.0,0.0,0.0,0.0,0.0,0.0,0.0,0.0,0.9099999666213989,0.0,0.0,0.0,0.0
39.524,0.0,0.0,0.0,datactrl_ref_vx_fallback,datactrl_est_vx_fallback,-0.9099999666213989,states_theta,-0.033012229949235916,0.0006535878471802059,0.0010929026080670643,0.00014048699885670218,0.0,0.0026081351336631913,0.0,0.0024800806449217535,0.0,0.0,0.0,0.0,0.0,0.0,0.0,0.0,0.0,0.0,0.0,0.0,0.9099999666213989,0.0,0.0,0.0,0.0
39.624,0.0,0.0,0.0,datactrl_ref_vx_fallback,datactrl_est_vx_fallback,-0.9099999666213989,states_theta,-0.033012229949235916,0.0006535878471802059,0.0010929026080670643,0.00014048699885670218,0.0,0.0026081351336631913,0.0,0.0024800806449217535,0.0,0.0,0.0,0.0,0.0,0.0,0.0,0.0,0.0,0.0,0.0,0.0,0.9099999666213989,0.0,0.0,0.0,0.0
39.724,0.0,0.0,0.0,datactrl_ref_vx_fallback,datactrl_est_vx_fallback,-0.9099999666213989,states_theta,-0.033012229949235916,0.0006535878471802059,0.0010929026080670643,0.00014048699885670218,0.0,0.0026081351336631913,0.0,0.0024800806449217535,0.0,0.0,0.0,0.0,0.0,0.0,0.0,0.0,0.0,0.0,0.0,0.0,0.9099999666213989,0.0,0.0,0.0,0.0
39.824,0.0,0.0,0.0,datactrl_ref_vx_fallback,datactrl_est_vx_fallback,-0.9099999666213989,states_theta,-0.033012229949235916,0.0006535878471802059,0.0010929026080670643,0.00014048699885670218,0.0,0.0026081351336631913,0.0,0.0024800806449217535,0.0,0.0,0.0,0.0,0.0,0.0,0.0,0.0,0.0,0.0,0.0,0.0,0.9099999666213989,0.0,0.0,0.0,0.0
39.924,0.0,0.0,0.0,datactrl_ref_vx_fallback,datactrl_est_vx_fallback,-0.9099999666213989,states_theta,-0.033012229949235916,0.0006535878471802059,0.0010929026080670643,0.00014048699885670218,0.0,0.0026081351336631913,0.0,0.0024800806449217535,0.0,0.0,0.0,0.0,0.0,0.0,0.0,0.0,0.0,0.0,0.0,0.0,0.9099999666213989,0.0,0.0,0.0,0.0
40.025,0.0,0.0,0.0,datactrl_ref_vx_fallback,datactrl_est_vx_fallback,-0.9099999666213989,states_theta,-0.033012229949235916,0.0006535878471802059,0.0010929026080670643,0.00014048699885670218,0.0,0.0026081351336631913,0.0,0.0024800806449217535,0.0,0.0,0.0,0.0,0.0,0.0,0.0,0.0,0.0,0.0,0.0,0.0,0.9099999666213989,0.0,0.0,0.0,0.0
40.125,0.0,0.0,0.0,datactrl_ref_vx_fallback,datactrl_est_vx_fallback,-0.9099999666213989,states_theta,-0.033012229949235916,0.0006535878471802059,0.0010929026080670643,0.00014048699885670218,0.0,0.0026081351336631913,0.0,0.0024800806449217535,0.0,0.0,0.0,0.0,0.0,0.0,0.0,0.0,0.0,0.0,0.0,0.0,0.9099999666213989,0.0,0.0,0.0,0.0
40.225,0.0,0.0,0.0,datactrl_ref_vx_fallback,datactrl_est_vx_fallback,-0.9099999666213989,states_theta,-0.033012229949235916,0.0006535878471802059,0.0010929026080670643,0.00014048699885670218,0.0,0.0026081351336631913,0.0,0.0024800806449217535,0.0,0.0,0.0,0.0,0.0,0.0,0.0,0.0,0.0,0.0,0.0,0.0,0.9099999666213989,0.0,0.0,0.0,0.0
40.326,0.0,0.0,0.0,datactrl_ref_vx_fallback,datactrl_est_vx_fallback,-0.9099999666213989,states_theta,-0.033012229949235916,0.0006535878471802059,0.0010929026080670643,0.00014048699885670218,0.0,0.0026081351336631913,0.0,0.0024800806449217535,0.0,0.0,0.0,0.0,0.0,0.0,0.0,0.0,0.0,0.0,0.0,0.0,0.9099999666213989,0.0,0.0,0.0,0.0
40.425,0.0,0.0,0.0,datactrl_ref_vx_fallback,datactrl_est_vx_fallback,-0.9099999666213989,states_theta,-0.033012229949235916,0.0006535878471802059,0.0010929026080670643,0.00014048699885670218,0.0,0.0026081351336631913,0.0,0.0024800806449217535,0.0,0.0,0.0,0.0,0.0,0.0,0.0,0.0,0.0,0.0,0.0,0.0,0.9099999666213989,0.0,0.0,0.0,0.0
40.524,0.0,0.0,0.0,datactrl_ref_vx_fallback,datactrl_est_vx_fallback,-0.9099999666213989,states_theta,-0.033012229949235916,0.0006535878471802059,0.0010929026080670643,0.00014048699885670218,0.0,0.0026081351336631913,0.0,0.0024800806449217535,0.0,0.0,0.0,0.0,0.0,0.0,0.0,0.0,0.0,0.0,0.0,0.0,0.9099999666213989,0.0,0.0,0.0,0.0
40.626,0.0,0.0,0.0,datactrl_ref_vx_fallback,datactrl_est_vx_fallback,-0.9099999666213989,states_theta,-0.033012229949235916,0.0006535878471802059,0.0010929026080670643,0.00014048699885670218,0.0,0.0026081351336631913,0.0,0.0024800806449217535,0.0,0.0,0.0,0.0,0.0,0.0,0.0,0.0,0.0,0.0,0.0,0.0,0.9099999666213989,0.0,0.0,0.0,0.0
40.726,0.0,0.0,0.0,datactrl_ref_vx_fallback,datactrl_est_vx_fallback,-0.9099999666213989,states_theta,-0.033012229949235916,0.0006535878471802059,0.0010929026080670643,0.00014048699885670218,0.0,0.0026081351336631913,0.0,0.0024800806449217535,0.0,0.0,0.0,0.0,0.0,0.0,0.0,0.0,0.0,0.0,0.0,0.0,0.9099999666213989,0.0,0.0,0.0,0.0
40.825,0.0,0.0,0.0,datactrl_ref_vx_fallback,datactrl_est_vx_fallback,-0.9099999666213989,states_theta,-0.033012229949235916,0.0006535878471802059,0.0010929026080670643,0.00014048699885670218,0.0,0.0026081351336631913,0.0,0.0024800806449217535,0.0,0.0,0.0,0.0,0.0,0.0,0.0,0.0,0.0,0.0,0.0,0.0,0.9099999666213989,0.0,0.0,0.0,0.0
40.924,0.0,0.0,0.0,datactrl_ref_vx_fallback,datactrl_est_vx_fallback,-0.9099999666213989,states_theta,-0.033012229949235916,0.0006535878471802059,0.0010929026080670643,0.00014048699885670218,0.0,0.0026081351336631913,0.0,0.0024800806449217535,0.0,0.0,0.0,0.0,0.0,0.0,0.0,0.0,0.0,0.0,0.0,0.0,0.9099999666213989,0.0,0.0,0.0,0.0
41.025,0.0,0.0,0.0,datactrl_ref_vx_fallback,datactrl_est_vx_fallback,-0.9099999666213989,states_theta,-0.033012229949235916,0.0006535878471802059,0.0010929026080670643,0.00014048699885670218,0.0,0.0026081351336631913,0.0,0.0024800806449217535,0.0,0.0,0.0,0.0,0.0,0.0,0.0,0.0,0.0,0.0,0.0,0.0,0.9099999666213989,0.0,0.0,0.0,0.0
41.126,0.0,0.0,0.0,datactrl_ref_vx_fallback,datactrl_est_vx_fallback,-0.9099999666213989,states_theta,-0.033012229949235916,0.0006535878471802059,0.0010929026080670643,0.00014048699885670218,0.0,0.0026081351336631913,0.0,0.0024800806449217535,0.0,0.0,0.0,0.0,0.0,0.0,0.0,0.0,0.0,0.0,0.0,0.0,0.9099999666213989,0.0,0.0,0.0,0.0
41.226,0.0,0.0,0.0,datactrl_ref_vx_fallback,datactrl_est_vx_fallback,-0.9099999666213989,states_theta,-0.033012229949235916,0.0006535878471802059,0.0010929026080670643,0.00014048699885670218,0.0,0.0026081351336631913,0.0,0.0024800806449217535,0.0,0.0,0.0,0.0,0.0,0.0,0.0,0.0,0.0,0.0,0.0,0.0,0.9099999666213989,0.0,0.0,0.0,0.0
41.326,0.0,0.0,0.0,datactrl_ref_vx_fallback,datactrl_est_vx_fallback,-0.9099999666213989,states_theta,-0.033012229949235916,0.0006535878471802059,0.0010929026080670643,0.00014048699885670218,0.0,0.0026081351336631913,0.0,0.0024800806449217535,0.0,0.0,0.0,0.0,0.0,0.0,0.0,0.0,0.0,0.0,0.0,0.0,0.9099999666213989,0.0,0.0,0.0,0.0
41.426,0.0,0.0,0.0,datactrl_ref_vx_fallback,datactrl_est_vx_fallback,-0.9099999666213989,states_theta,-0.033012229949235916,0.0006535878471802059,0.0010929026080670643,0.00014048699885670218,0.0,0.0026081351336631913,0.0,0.0024800806449217535,0.0,0.0,0.0,0.0,0.0,0.0,0.0,0.0,0.0,0.0,0.0,0.0,0.9099999666213989,0.0,0.0,0.0,0.0
41.526,0.0,0.0,0.0,datactrl_ref_vx_fallback,datactrl_est_vx_fallback,-0.9099999666213989,states_theta,-0.033012229949235916,0.0006535878471802059,0.0010929026080670643,0.00014048699885670218,0.0,0.0026081351336631913,0.0,0.0024800806449217535,0.0,0.0,0.0,0.0,0.0,0.0,0.0,0.0,0.0,0.0,0.0,0.0,0.9099999666213989,0.0,0.0,0.0,0.0
41.627,0.0,0.0,0.0,datactrl_ref_vx_fallback,datactrl_est_vx_fallback,-0.9099999666213989,states_theta,-0.033012229949235916,0.0006535878471802059,0.0010929026080670643,0.00014048699885670218,0.0,0.0026081351336631913,0.0,0.0024800806449217535,0.0,0.0,0.0,0.0,0.0,0.0,0.0,0.0,0.0,0.0,0.0,0.0,0.9099999666213989,0.0,0.0,0.0,0.0
41.727,0.0,0.0,0.0,datactrl_ref_vx_fallback,datactrl_est_vx_fallback,-0.9099999666213989,states_theta,-0.033012229949235916,0.0006535878471802059,0.0010929026080670643,0.00014048699885670218,0.0,0.0026081351336631913,0.0,0.0024800806449217535,0.0,0.0,0.0,0.0,0.0,0.0,0.0,0.0,0.0,0.0,0.0,0.0,0.9099999666213989,0.0,0.0,0.0,0.0
41.826,0.0,0.0,0.0,datactrl_ref_vx_fallback,datactrl_est_vx_fallback,-0.9099999666213989,states_theta,-0.033012229949235916,0.0006535878471802059,0.0010929026080670643,0.00014048699885670218,0.0,0.0026081351336631913,0.0,0.0024800806449217535,0.0,0.0,0.0,0.0,0.0,0.0,0.0,0.0,0.0,0.0,0.0,0.0,0.9099999666213989,0.0,0.0,0.0,0.0
41.929,0.0,0.0,0.0,datactrl_ref_vx_fallback,datactrl_est_vx_fallback,-0.9099999666213989,states_theta,-0.033012229949235916,0.0006535878471802059,0.0010929026080670643,0.00014048699885670218,0.0,0.0026081351336631913,0.0,0.0024800806449217535,0.0,0.0,0.0,0.0,0.0,0.0,0.0,0.0,0.0,0.0,0.0,0.0,0.9099999666213989,0.0,0.0,0.0,0.0
42.027,0.0,0.0,0.0,datactrl_ref_vx_fallback,datactrl_est_vx_fallback,-0.9099999666213989,states_theta,-0.033012229949235916,0.0006535878471802059,0.0010929026080670643,0.00014048699885670218,0.0,0.0026081351336631913,0.0,0.0024800806449217535,0.0,0.0,0.0,0.0,0.0,0.0,0.0,0.0,0.0,0.0,0.0,0.0,0.9099999666213989,0.0,0.0,0.0,0.0
42.127,0.0,0.0,0.0,datactrl_ref_vx_fallback,datactrl_est_vx_fallback,-0.9099999666213989,states_theta,-0.033012229949235916,0.0006535878471802059,0.0010929026080670643,0.00014048699885670218,0.0,0.0026081351336631913,0.0,0.0024800806449217535,0.0,0.0,0.0,0.0,0.0,0.0,0.0,0.0,0.0,0.0,0.0,0.0,0.9099999666213989,0.0,0.0,0.0,0.0
42.227,0.0,0.0,0.0,datactrl_ref_vx_fallback,datactrl_est_vx_fallback,-0.9099999666213989,states_theta,-0.033012229949235916,0.0006535878471802059,0.0010929026080670643,0.00014048699885670218,0.0,0.0026081351336631913,0.0,0.0024800806449217535,0.0,0.0,0.0,0.0,0.0,0.0,0.0,0.0,0.0,0.0,0.0,0.0,0.9099999666213989,0.0,0.0,0.0,0.0
42.327,0.0,0.0,0.0,datactrl_ref_vx_fallback,datactrl_est_vx_fallback,-0.9099999666213989,states_theta,-0.033012229949235916,0.0006535878471802059,0.0010929026080670643,0.00014048699885670218,0.0,0.0026081351336631913,0.0,0.0024800806449217535,0.0,0.0,0.0,0.0,0.0,0.0,0.0,0.0,0.0,0.0,0.0,0.0,0.9099999666213989,0.0,0.0,0.0,0.0
42.427,0.0,0.0,0.0,datactrl_ref_vx_fallback,datactrl_est_vx_fallback,-0.9099999666213989,states_theta,-0.033012229949235916,0.0006535878471802059,0.0010929026080670643,0.00014048699885670218,0.0,0.0026081351336631913,0.0,0.0024800806449217535,0.0,0.0,0.0,0.0,0.0,0.0,0.0,0.0,0.0,0.0,0.0,0.0,0.9099999666213989,0.0,0.0,0.0,0.0
42.529,0.0,0.0,0.0,datactrl_ref_vx_fallback,datactrl_est_vx_fallback,-0.9099999666213989,states_theta,-0.033012229949235916,0.0006535878471802059,0.0010929026080670643,0.00014048699885670218,0.0,0.0026081351336631913,0.0,0.0024800806449217535,0.0,0.0,0.0,0.0,0.0,0.0,0.0,0.0,0.0,0.0,0.0,0.0,0.9099999666213989,0.0,0.0,0.0,0.0
42.625,0.0,0.0,0.0,datactrl_ref_vx_fallback,datactrl_est_vx_fallback,-0.9099999666213989,states_theta,-0.033012229949235916,0.0006535878471802059,0.0010929026080670643,0.00014048699885670218,0.0,0.0026081351336631913,0.0,0.0024800806449217535,0.0,0.0,0.0,0.0,0.0,0.0,0.0,0.0,0.0,0.0,0.0,0.0,0.9099999666213989,0.0,0.0,0.0,0.0
42.728,0.0,0.0,0.0,datactrl_ref_vx_fallback,datactrl_est_vx_fallback,-0.9099999666213989,states_theta,-0.033012229949235916,0.0006535878471802059,0.0010929026080670643,0.00014048699885670218,0.0,0.0026081351336631913,0.0,0.0024800806449217535,0.0,0.0,0.0,0.0,0.0,0.0,0.0,0.0,0.0,0.0,0.0,0.0,0.9099999666213989,0.0,0.0,0.0,0.0
42.828,0.0,0.0,0.0,datactrl_ref_vx_fallback,datactrl_est_vx_fallback,-0.9099999666213989,states_theta,-0.033012229949235916,0.0006535878471802059,0.0010929026080670643,0.00014048699885670218,0.0,0.0026081351336631913,0.0,0.0024800806449217535,0.0,0.0,0.0,0.0,0.0,0.0,0.0,0.0,0.0,0.0,0.0,0.0,0.9099999666213989,0.0,0.0,0.0,0.0
42.927,0.0,0.0,0.0,datactrl_ref_vx_fallback,datactrl_est_vx_fallback,-0.9099999666213989,states_theta,-0.033012229949235916,0.0006535878471802059,0.0010929026080670643,0.00014048699885670218,0.0,0.0026081351336631913,0.0,0.0024800806449217535,0.0,0.0,0.0,0.0,0.0,0.0,0.0,0.0,0.0,0.0,0.0,0.0,0.9099999666213989,0.0,0.0,0.0,0.0
43.027,0.0,0.0,0.0,datactrl_ref_vx_fallback,datactrl_est_vx_fallback,-0.9099999666213989,states_theta,-0.033012229949235916,0.0006535878471802059,0.0010929026080670643,0.00014048699885670218,0.0,0.0026081351336631913,0.0,0.0024800806449217535,0.0,0.0,0.0,0.0,0.0,0.0,0.0,0.0,0.0,0.0,0.0,0.0,0.9099999666213989,0.0,0.0,0.0,0.0
43.128,0.0,0.0,0.0,datactrl_ref_vx_fallback,datactrl_est_vx_fallback,-0.9099999666213989,states_theta,-0.033012229949235916,0.0006535878471802059,0.0010929026080670643,0.00014048699885670218,0.0,0.0026081351336631913,0.0,0.0024800806449217535,0.0,0.0,0.0,0.0,0.0,0.0,0.0,0.0,0.0,0.0,0.0,0.0,0.9099999666213989,0.0,0.0,0.0,0.0
43.228,0.0,0.0,0.0,datactrl_ref_vx_fallback,datactrl_est_vx_fallback,-0.9099999666213989,states_theta,-0.033012229949235916,0.0006535878471802059,0.0010929026080670643,0.00014048699885670218,0.0,0.0026081351336631913,0.0,0.0024800806449217535,0.0,0.0,0.0,0.0,0.0,0.0,0.0,0.0,0.0,0.0,0.0,0.0,0.9099999666213989,0.0,0.0,0.0,0.0
43.328,0.0,0.0,0.0,datactrl_ref_vx_fallback,datactrl_est_vx_fallback,-0.9099999666213989,states_theta,-0.033012229949235916,0.0006535878471802059,0.0010929026080670643,0.00014048699885670218,0.0,0.0026081351336631913,0.0,0.0024800806449217535,0.0,0.0,0.0,0.0,0.0,0.0,0.0,0.0,0.0,0.0,0.0,0.0,0.9099999666213989,0.0,0.0,0.0,0.0
43.428,0.0,0.0,0.0,datactrl_ref_vx_fallback,datactrl_est_vx_fallback,-0.9099999666213989,states_theta,-0.033012229949235916,0.0006535878471802059,0.0010929026080670643,0.00014048699885670218,0.0,0.0026081351336631913,0.0,0.0024800806449217535,0.0,0.0,0.0,0.0,0.0,0.0,0.0,0.0,0.0,0.0,0.0,0.0,0.9099999666213989,0.0,0.0,0.0,0.0
43.528,0.0,0.0,0.0,datactrl_ref_vx_fallback,datactrl_est_vx_fallback,-0.9099999666213989,states_theta,-0.033012229949235916,0.0006535878471802059,0.0010929026080670643,0.00014048699885670218,0.0,0.0026081351336631913,0.0,0.0024800806449217535,0.0,0.0,0.0,0.0,0.0,0.0,0.0,0.0,0.0,0.0,0.0,0.0,0.9099999666213989,0.0,0.0,0.0,0.0
43.629,0.0,0.0,0.0,datactrl_ref_vx_fallback,datactrl_est_vx_fallback,-0.9099999666213989,states_theta,-0.033012229949235916,0.0006535878471802059,0.0010929026080670643,0.00014048699885670218,0.0,0.0026081351336631913,0.0,0.0024800806449217535,0.0,0.0,0.0,0.0,0.0,0.0,0.0,0.0,0.0,0.0,0.0,0.0,0.9099999666213989,0.0,0.0,0.0,0.0
43.729,0.0,0.0,0.0,datactrl_ref_vx_fallback,datactrl_est_vx_fallback,-0.9099999666213989,states_theta,-0.033012229949235916,0.0006535878471802059,0.0010929026080670643,0.00014048699885670218,0.0,0.0026081351336631913,0.0,0.0024800806449217535,0.0,0.0,0.0,0.0,0.0,0.0,0.0,0.0,0.0,0.0,0.0,0.0,0.9099999666213989,0.0,0.0,0.0,0.0
43.829,0.0,0.0,0.0,datactrl_ref_vx_fallback,datactrl_est_vx_fallback,-0.9099999666213989,states_theta,-0.033012229949235916,0.0006535878471802059,0.0010929026080670643,0.00014048699885670218,0.0,0.0026081351336631913,0.0,0.0024800806449217535,0.0,0.0,0.0,0.0,0.0,0.0,0.0,0.0,0.0,0.0,0.0,0.0,0.9099999666213989,0.0,0.0,0.0,0.0
43.929,0.0,0.0,0.0,datactrl_ref_vx_fallback,datactrl_est_vx_fallback,-0.9099999666213989,states_theta,-0.033012229949235916,0.0006535878471802059,0.0010929026080670643,0.00014048699885670218,0.0,0.0026081351336631913,0.0,0.0024800806449217535,0.0,0.0,0.0,0.0,0.0,0.0,0.0,0.0,0.0,0.0,0.0,0.0,0.9099999666213989,0.0,0.0,0.0,0.0
44.03,0.0,0.0,0.0,datactrl_ref_vx_fallback,datactrl_est_vx_fallback,-0.9099999666213989,states_theta,-0.033012229949235916,0.0006535878471802059,0.0010929026080670643,0.00014048699885670218,0.0,0.0026081351336631913,0.0,0.0024800806449217535,0.0,0.0,0.0,0.0,0.0,0.0,0.0,0.0,0.0,0.0,0.0,0.0,0.9099999666213989,0.0,0.0,0.0,0.0
44.129,0.0,0.0,0.0,datactrl_ref_vx_fallback,datactrl_est_vx_fallback,-0.9099999666213989,states_theta,-0.033012229949235916,0.0006535878471802059,0.0010929026080670643,0.00014048699885670218,0.0,0.0026081351336631913,0.0,0.0024800806449217535,0.0,0.0,0.0,0.0,0.0,0.0,0.0,0.0,0.0,0.0,0.0,0.0,0.9099999666213989,0.0,0.0,0.0,0.0
44.229,0.0,0.0,0.0,datactrl_ref_vx_fallback,datactrl_est_vx_fallback,-0.9099999666213989,states_theta,-0.033012229949235916,0.0006535878471802059,0.0010929026080670643,0.00014048699885670218,0.0,0.0026081351336631913,0.0,0.0024800806449217535,0.0,0.0,0.0,0.0,0.0,0.0,0.0,0.0,0.0,0.0,0.0,0.0,0.9099999666213989,0.0,0.0,0.0,0.0
44.329,0.0,0.0,0.0,datactrl_ref_vx_fallback,datactrl_est_vx_fallback,-0.9099999666213989,states_theta,-0.033012229949235916,0.0006535878471802059,0.0010929026080670643,0.00014048699885670218,0.0,0.0026081351336631913,0.0,0.0024800806449217535,0.0,0.0,0.0,0.0,0.0,0.0,0.0,0.0,0.0,0.0,0.0,0.0,0.9099999666213989,0.0,0.0,0.0,0.0
44.43,0.0,0.0,0.0,datactrl_ref_vx_fallback,datactrl_est_vx_fallback,-0.9099999666213989,states_theta,-0.033012229949235916,0.0006535878471802059,0.0010929026080670643,0.00014048699885670218,0.0,0.0026081351336631913,0.0,0.0024800806449217535,0.0,0.0,0.0,0.0,0.0,0.0,0.0,0.0,0.0,0.0,0.0,0.0,0.9099999666213989,0.0,0.0,0.0,0.0
44.53,0.0,0.0,0.0,datactrl_ref_vx_fallback,datactrl_est_vx_fallback,-0.9099999666213989,states_theta,-0.033012229949235916,0.0006535878471802059,0.0010929026080670643,0.00014048699885670218,0.0,0.0026081351336631913,0.0,0.0024800806449217535,0.0,0.0,0.0,0.0,0.0,0.0,0.0,0.0,0.0,0.0,0.0,0.0,0.9099999666213989,0.0,0.0,0.0,0.0
44.63,0.0,0.0,0.0,datactrl_ref_vx_fallback,datactrl_est_vx_fallback,-0.9099999666213989,states_theta,-0.033012229949235916,0.0006535878471802059,0.0010929026080670643,0.00014048699885670218,0.0,0.0026081351336631913,0.0,0.0024800806449217535,0.0,0.0,0.0,0.0,0.0,0.0,0.0,0.0,0.0,0.0,0.0,0.0,0.9099999666213989,0.0,0.0,0.0,0.0
44.729,0.0,0.0,0.0,datactrl_ref_vx_fallback,datactrl_est_vx_fallback,-0.9099999666213989,states_theta,-0.033012229949235916,0.0006535878471802059,0.0010929026080670643,0.00014048699885670218,0.0,0.0026081351336631913,0.0,0.0024800806449217535,0.0,0.0,0.0,0.0,0.0,0.0,0.0,0.0,0.0,0.0,0.0,0.0,0.9099999666213989,0.0,0.0,0.0,0.0
44.831,0.0,0.0,0.0,datactrl_ref_vx_fallback,datactrl_est_vx_fallback,-0.9099999666213989,states_theta,-0.033012229949235916,0.0006535878471802059,0.0010929026080670643,0.00014048699885670218,0.0,0.0026081351336631913,0.0,0.0024800806449217535,0.0,0.0,0.0,0.0,0.0,0.0,0.0,0.0,0.0,0.0,0.0,0.0,0.9099999666213989,0.0,0.0,0.0,0.0
44.93,0.0,0.0,0.0,datactrl_ref_vx_fallback,datactrl_est_vx_fallback,-0.9099999666213989,states_theta,-0.033012229949235916,0.0006535878471802059,0.0010929026080670643,0.00014048699885670218,0.0,0.0026081351336631913,0.0,0.0024800806449217535,0.0,0.0,0.0,0.0,0.0,0.0,0.0,0.0,0.0,0.0,0.0,0.0,0.9099999666213989,0.0,0.0,0.0,0.0
45.031,0.0,0.0,0.0,datactrl_ref_vx_fallback,datactrl_est_vx_fallback,-0.9099999666213989,states_theta,-0.033012229949235916,0.0006535878471802059,0.0010929026080670643,0.00014048699885670218,0.0,0.0026081351336631913,0.0,0.0024800806449217535,0.0,0.0,0.0,0.0,0.0,0.0,0.0,0.0,0.0,0.0,0.0,0.0,0.9099999666213989,0.0,0.0,0.0,0.0
45.13,0.0,0.0,0.0,datactrl_ref_vx_fallback,datactrl_est_vx_fallback,-0.9099999666213989,states_theta,-0.033012229949235916,0.0006535878471802059,0.0010929026080670643,0.00014048699885670218,0.0,0.0026081351336631913,0.0,0.0024800806449217535,0.0,0.0,0.0,0.0,0.0,0.0,0.0,0.0,0.0,0.0,0.0,0.0,0.9099999666213989,0.0,0.0,0.0,0.0
45.231,0.0,0.0,0.0,datactrl_ref_vx_fallback,datactrl_est_vx_fallback,-0.9099999666213989,states_theta,-0.033012229949235916,0.0006535878471802059,0.0010929026080670643,0.00014048699885670218,0.0,0.0026081351336631913,0.0,0.0024800806449217535,0.0,0.0,0.0,0.0,0.0,0.0,0.0,0.0,0.0,0.0,0.0,0.0,0.9099999666213989,0.0,0.0,0.0,0.0
45.331,0.0,0.0,0.0,datactrl_ref_vx_fallback,datactrl_est_vx_fallback,-0.9099999666213989,states_theta,-0.033012229949235916,0.0006535878471802059,0.0010929026080670643,0.00014048699885670218,0.0,0.0026081351336631913,0.0,0.0024800806449217535,0.0,0.0,0.0,0.0,0.0,0.0,0.0,0.0,0.0,0.0,0.0,0.0,0.9099999666213989,0.0,0.0,0.0,0.0
45.432,0.0,0.0,0.0,datactrl_ref_vx_fallback,datactrl_est_vx_fallback,-0.9099999666213989,states_theta,-0.033012229949235916,0.0006535878471802059,0.0010929026080670643,0.00014048699885670218,0.0,0.0026081351336631913,0.0,0.0024800806449217535,0.0,0.0,0.0,0.0,0.0,0.0,0.0,0.0,0.0,0.0,0.0,0.0,0.9099999666213989,0.0,0.0,0.0,0.0
45.529,0.0,0.0,0.0,datactrl_ref_vx_fallback,datactrl_est_vx_fallback,-0.9099999666213989,states_theta,-0.033012229949235916,0.0006535878471802059,0.0010929026080670643,0.00014048699885670218,0.0,0.0026081351336631913,0.0,0.0024800806449217535,0.0,0.0,0.0,0.0,0.0,0.0,0.0,0.0,0.0,0.0,0.0,0.0,0.9099999666213989,0.0,0.0,0.0,0.0
45.631,0.0,0.0,0.0,datactrl_ref_vx_fallback,datactrl_est_vx_fallback,-0.9099999666213989,states_theta,-0.033012229949235916,0.0006535878471802059,0.0010929026080670643,0.00014048699885670218,0.0,0.0026081351336631913,0.0,0.0024800806449217535,0.0,0.0,0.0,0.0,0.0,0.0,0.0,0.0,0.0,0.0,0.0,0.0,0.9099999666213989,0.0,0.0,0.0,0.0
45.732,0.0,0.0,0.0,datactrl_ref_vx_fallback,datactrl_est_vx_fallback,-0.9099999666213989,states_theta,-0.033012229949235916,0.0006535878471802059,0.0010929026080670643,0.00014048699885670218,0.0,0.0026081351336631913,0.0,0.0024800806449217535,0.0,0.0,0.0,0.0,0.0,0.0,0.0,0.0,0.0,0.0,0.0,0.0,0.9099999666213989,0.0,0.0,0.0,0.0
45.831,0.0,0.0,0.0,datactrl_ref_vx_fallback,datactrl_est_vx_fallback,-0.9099999666213989,states_theta,-0.033012229949235916,0.0006535878471802059,0.0010929026080670643,0.00014048699885670218,0.0,0.0026081351336631913,0.0,0.0024800806449217535,0.0,0.0,0.0,0.0,0.0,0.0,0.0,0.0,0.0,0.0,0.0,0.0,0.9099999666213989,0.0,0.0,0.0,0.0
45.932,0.0,0.0,0.0,datactrl_ref_vx_fallback,datactrl_est_vx_fallback,-0.9099999666213989,states_theta,-0.033012229949235916,0.0006535878471802059,0.0010929026080670643,0.00014048699885670218,0.0,0.0026081351336631913,0.0,0.0024800806449217535,0.0,0.0,0.0,0.0,0.0,0.0,0.0,0.0,0.0,0.0,0.0,0.0,0.9099999666213989,0.0,0.0,0.0,0.0
46.032,0.0,0.0,0.0,datactrl_ref_vx_fallback,datactrl_est_vx_fallback,-0.9099999666213989,states_theta,-0.033012229949235916,0.0006535878471802059,0.0010929026080670643,0.00014048699885670218,0.0,0.0026081351336631913,0.0,0.0024800806449217535,0.0,0.0,0.0,0.0,0.0,0.0,0.0,0.0,0.0,0.0,0.0,0.0,0.9099999666213989,0.0,0.0,0.0,0.0
46.132,0.0,0.0,0.0,datactrl_ref_vx_fallback,datactrl_est_vx_fallback,-0.9099999666213989,states_theta,-0.033012229949235916,0.0006535878471802059,0.0010929026080670643,0.00014048699885670218,0.0,0.0026081351336631913,0.0,0.0024800806449217535,0.0,0.0,0.0,0.0,0.0,0.0,0.0,0.0,0.0,0.0,0.0,0.0,0.9099999666213989,0.0,0.0,0.0,0.0
46.231,0.0,0.0,0.0,datactrl_ref_vx_fallback,datactrl_est_vx_fallback,-0.9099999666213989,states_theta,-0.033012229949235916,0.0006535878471802059,0.0010929026080670643,0.00014048699885670218,0.0,0.0026081351336631913,0.0,0.0024800806449217535,0.0,0.0,0.0,0.0,0.0,0.0,0.0,0.0,0.0,0.0,0.0,0.0,0.9099999666213989,0.0,0.0,0.0,0.0
46.332,0.0,0.0,0.0,datactrl_ref_vx_fallback,datactrl_est_vx_fallback,-0.9099999666213989,states_theta,-0.033012229949235916,0.0006535878471802059,0.0010929026080670643,0.00014048699885670218,0.0,0.0026081351336631913,0.0,0.0024800806449217535,0.0,0.0,0.0,0.0,0.0,0.0,0.0,0.0,0.0,0.0,0.0,0.0,0.9099999666213989,0.0,0.0,0.0,0.0
46.432,0.0,0.0,0.0,datactrl_ref_vx_fallback,datactrl_est_vx_fallback,-0.9099999666213989,states_theta,-0.033012229949235916,0.0006535878471802059,0.0010929026080670643,0.00014048699885670218,0.0,0.0026081351336631913,0.0,0.0024800806449217535,0.0,0.0,0.0,0.0,0.0,0.0,0.0,0.0,0.0,0.0,0.0,0.0,0.9099999666213989,0.0,0.0,0.0,0.0
46.533,0.0,0.0,0.0,datactrl_ref_vx_fallback,datactrl_est_vx_fallback,-0.9099999666213989,states_theta,-0.033012229949235916,0.0006535878471802059,0.0010929026080670643,0.00014048699885670218,0.0,0.0026081351336631913,0.0,0.0024800806449217535,0.0,0.0,0.0,0.0,0.0,0.0,0.0,0.0,0.0,0.0,0.0,0.0,0.9099999666213989,0.0,0.0,0.0,0.0
46.632,0.0,0.0,0.0,datactrl_ref_vx_fallback,datactrl_est_vx_fallback,-0.9099999666213989,states_theta,-0.033012229949235916,0.0006535878471802059,0.0010929026080670643,0.00014048699885670218,0.0,0.0026081351336631913,0.0,0.0024800806449217535,0.0,0.0,0.0,0.0,0.0,0.0,0.0,0.0,0.0,0.0,0.0,0.0,0.9099999666213989,0.0,0.0,0.0,0.0
46.734,0.0,0.0,0.0,datactrl_ref_vx_fallback,datactrl_est_vx_fallback,-0.9099999666213989,states_theta,-0.033012229949235916,0.0006535878471802059,0.0010929026080670643,0.00014048699885670218,0.0,0.0026081351336631913,0.0,0.0024800806449217535,0.0,0.0,0.0,0.0,0.0,0.0,0.0,0.0,0.0,0.0,0.0,0.0,0.9099999666213989,0.0,0.0,0.0,0.0
46.832,0.0,0.0,0.0,datactrl_ref_vx_fallback,datactrl_est_vx_fallback,-0.9099999666213989,states_theta,-0.033012229949235916,0.0006535878471802059,0.0010929026080670643,0.00014048699885670218,0.0,0.0026081351336631913,0.0,0.0024800806449217535,0.0,0.0,0.0,0.0,0.0,0.0,0.0,0.0,0.0,0.0,0.0,0.0,0.9099999666213989,0.0,0.0,0.0,0.0
46.932,0.0,0.0,0.0,datactrl_ref_vx_fallback,datactrl_est_vx_fallback,-0.9099999666213989,states_theta,-0.033012229949235916,0.0006535878471802059,0.0010929026080670643,0.00014048699885670218,0.0,0.0026081351336631913,0.0,0.0024800806449217535,0.0,0.0,0.0,0.0,0.0,0.0,0.0,0.0,0.0,0.0,0.0,0.0,0.9099999666213989,0.0,0.0,0.0,0.0
47.034,0.0,0.0,0.0,datactrl_ref_vx_fallback,datactrl_est_vx_fallback,-0.9099999666213989,states_theta,-0.033012229949235916,0.0006535878471802059,0.0010929026080670643,0.00014048699885670218,0.0,0.0026081351336631913,0.0,0.0024800806449217535,0.0,0.0,0.0,0.0,0.0,0.0,0.0,0.0,0.0,0.0,0.0,0.0,0.9099999666213989,0.0,0.0,0.0,0.0
47.132,0.0,0.0,0.0,datactrl_ref_vx_fallback,datactrl_est_vx_fallback,-0.9099999666213989,states_theta,-0.033012229949235916,0.0006535878471802059,0.0010929026080670643,0.00014048699885670218,0.0,0.0026081351336631913,0.0,0.0024800806449217535,0.0,0.0,0.0,0.0,0.0,0.0,0.0,0.0,0.0,0.0,0.0,0.0,0.9099999666213989,0.0,0.0,0.0,0.0
47.233,0.0,0.0,0.0,datactrl_ref_vx_fallback,datactrl_est_vx_fallback,-0.9099999666213989,states_theta,-0.033012229949235916,0.0006535878471802059,0.0010929026080670643,0.00014048699885670218,0.0,0.0026081351336631913,0.0,0.0024800806449217535,0.0,0.0,0.0,0.0,0.0,0.0,0.0,0.0,0.0,0.0,0.0,0.0,0.9099999666213989,0.0,0.0,0.0,0.0
47.333,0.0,0.0,0.0,datactrl_ref_vx_fallback,datactrl_est_vx_fallback,-0.9099999666213989,states_theta,-0.033012229949235916,0.0006535878471802059,0.0010929026080670643,0.00014048699885670218,0.0,0.0026081351336631913,0.0,0.0024800806449217535,0.0,0.0,0.0,0.0,0.0,0.0,0.0,0.0,0.0,0.0,0.0,0.0,0.9099999666213989,0.0,0.0,0.0,0.0
47.434,0.0,0.0,0.0,datactrl_ref_vx_fallback,datactrl_est_vx_fallback,-0.9099999666213989,states_theta,-0.033012229949235916,0.0006535878471802059,0.0010929026080670643,0.00014048699885670218,0.0,0.0026081351336631913,0.0,0.0024800806449217535,0.0,0.0,0.0,0.0,0.0,0.0,0.0,0.0,0.0,0.0,0.0,0.0,0.9099999666213989,0.0,0.0,0.0,0.0
47.533,0.0,0.0,0.0,datactrl_ref_vx_fallback,datactrl_est_vx_fallback,-0.9099999666213989,states_theta,-0.033012229949235916,0.0006535878471802059,0.0010929026080670643,0.00014048699885670218,0.0,0.0026081351336631913,0.0,0.0024800806449217535,0.0,0.0,0.0,0.0,0.0,0.0,0.0,0.0,0.0,0.0,0.0,0.0,0.9099999666213989,0.0,0.0,0.0,0.0
47.633,0.0,0.0,0.0,datactrl_ref_vx_fallback,datactrl_est_vx_fallback,-0.9099999666213989,states_theta,-0.033012229949235916,0.0006535878471802059,0.0010929026080670643,0.00014048699885670218,0.0,0.0026081351336631913,0.0,0.0024800806449217535,0.0,0.0,0.0,0.0,0.0,0.0,0.0,0.0,0.0,0.0,0.0,0.0,0.9099999666213989,0.0,0.0,0.0,0.0
47.734,0.0,0.0,0.0,datactrl_ref_vx_fallback,datactrl_est_vx_fallback,-0.9099999666213989,states_theta,-0.033012229949235916,0.0006535878471802059,0.0010929026080670643,0.00014048699885670218,0.0,0.0026081351336631913,0.0,0.0024800806449217535,0.0,0.0,0.0,0.0,0.0,0.0,0.0,0.0,0.0,0.0,0.0,0.0,0.9099999666213989,0.0,0.0,0.0,0.0
47.834,0.0,0.0,0.0,datactrl_ref_vx_fallback,datactrl_est_vx_fallback,-0.9099999666213989,states_theta,-0.033012229949235916,0.0006535878471802059,0.0010929026080670643,0.00014048699885670218,0.0,0.0026081351336631913,0.0,0.0024800806449217535,0.0,0.0,0.0,0.0,0.0,0.0,0.0,0.0,0.0,0.0,0.0,0.0,0.9099999666213989,0.0,0.0,0.0,0.0
47.934,0.0,0.0,0.0,datactrl_ref_vx_fallback,datactrl_est_vx_fallback,-0.9099999666213989,states_theta,-0.033012229949235916,0.0006535878471802059,0.0010929026080670643,0.00014048699885670218,0.0,0.0026081351336631913,0.0,0.0024800806449217535,0.0,0.0,0.0,0.0,0.0,0.0,0.0,0.0,0.0,0.0,0.0,0.0,0.9099999666213989,0.0,0.0,0.0,0.0
48.034,0.0,0.0,0.0,datactrl_ref_vx_fallback,datactrl_est_vx_fallback,-0.9099999666213989,states_theta,-0.033012229949235916,0.0006535878471802059,0.0010929026080670643,0.00014048699885670218,0.0,0.0026081351336631913,0.0,0.0024800806449217535,0.0,0.0,0.0,0.0,0.0,0.0,0.0,0.0,0.0,0.0,0.0,0.0,0.9099999666213989,0.0,0.0,0.0,0.0
48.134,0.0,0.0,0.0,datactrl_ref_vx_fallback,datactrl_est_vx_fallback,-0.9099999666213989,states_theta,-0.033012229949235916,0.0006535878471802059,0.0010929026080670643,0.00014048699885670218,0.0,0.0026081351336631913,0.0,0.0024800806449217535,0.0,0.0,0.0,0.0,0.0,0.0,0.0,0.0,0.0,0.0,0.0,0.0,0.9099999666213989,0.0,0.0,0.0,0.0
48.235,0.0,0.0,0.0,datactrl_ref_vx_fallback,datactrl_est_vx_fallback,-0.9099999666213989,states_theta,-0.033012229949235916,0.0006535878471802059,0.0010929026080670643,0.00014048699885670218,0.0,0.0026081351336631913,0.0,0.0024800806449217535,0.0,0.0,0.0,0.0,0.0,0.0,0.0,0.0,0.0,0.0,0.0,0.0,0.9099999666213989,0.0,0.0,0.0,0.0
48.334,0.0,0.0,0.0,datactrl_ref_vx_fallback,datactrl_est_vx_fallback,-0.9099999666213989,states_theta,-0.033012229949235916,0.0006535878471802059,0.0010929026080670643,0.00014048699885670218,0.0,0.0026081351336631913,0.0,0.0024800806449217535,0.0,0.0,0.0,0.0,0.0,0.0,0.0,0.0,0.0,0.0,0.0,0.0,0.9099999666213989,0.0,0.0,0.0,0.0
48.435,0.0,0.0,0.0,datactrl_ref_vx_fallback,datactrl_est_vx_fallback,-0.9099999666213989,states_theta,-0.033012229949235916,0.0006535878471802059,0.0010929026080670643,0.00014048699885670218,0.0,0.0026081351336631913,0.0,0.0024800806449217535,0.0,0.0,0.0,0.0,0.0,0.0,0.0,0.0,0.0,0.0,0.0,0.0,0.9099999666213989,0.0,0.0,0.0,0.0
48.536,0.0,0.0,0.0,datactrl_ref_vx_fallback,datactrl_est_vx_fallback,-0.9099999666213989,states_theta,-0.033012229949235916,0.0006535878471802059,0.0010929026080670643,0.00014048699885670218,0.0,0.0026081351336631913,0.0,0.0024800806449217535,0.0,0.0,0.0,0.0,0.0,0.0,0.0,0.0,0.0,0.0,0.0,0.0,0.9099999666213989,0.0,0.0,0.0,0.0
48.634,0.0,0.0,0.0,datactrl_ref_vx_fallback,datactrl_est_vx_fallback,-0.9099999666213989,states_theta,-0.033012229949235916,0.0006535878471802059,0.0010929026080670643,0.00014048699885670218,0.0,0.0026081351336631913,0.0,0.0024800806449217535,0.0,0.0,0.0,0.0,0.0,0.0,0.0,0.0,0.0,0.0,0.0,0.0,0.9099999666213989,0.0,0.0,0.0,0.0
48.735,0.0,0.0,0.0,datactrl_ref_vx_fallback,datactrl_est_vx_fallback,-0.9099999666213989,states_theta,-0.033012229949235916,0.0006535878471802059,0.0010929026080670643,0.00014048699885670218,0.0,0.0026081351336631913,0.0,0.0024800806449217535,0.0,0.0,0.0,0.0,0.0,0.0,0.0,0.0,0.0,0.0,0.0,0.0,0.9099999666213989,0.0,0.0,0.0,0.0
48.836,0.0,0.0,0.0,datactrl_ref_vx_fallback,datactrl_est_vx_fallback,-0.9099999666213989,states_theta,-0.033012229949235916,0.0006535878471802059,0.0010929026080670643,0.00014048699885670218,0.0,0.0026081351336631913,0.0,0.0024800806449217535,0.0,0.0,0.0,0.0,0.0,0.0,0.0,0.0,0.0,0.0,0.0,0.0,0.9099999666213989,0.0,0.0,0.0,0.0
48.936,0.0,0.0,0.0,datactrl_ref_vx_fallback,datactrl_est_vx_fallback,-0.9099999666213989,states_theta,-0.033012229949235916,0.0006535878471802059,0.0010929026080670643,0.00014048699885670218,0.0,0.0026081351336631913,0.0,0.0024800806449217535,0.0,0.0,0.0,0.0,0.0,0.0,0.0,0.0,0.0,0.0,0.0,0.0,0.9099999666213989,0.0,0.0,0.0,0.0
49.036,0.0,0.0,0.0,datactrl_ref_vx_fallback,datactrl_est_vx_fallback,-0.9099999666213989,states_theta,-0.033012229949235916,0.0006535878471802059,0.0010929026080670643,0.00014048699885670218,0.0,0.0026081351336631913,0.0,0.0024800806449217535,0.0,0.0,0.0,0.0,0.0,0.0,0.0,0.0,0.0,0.0,0.0,0.0,0.9099999666213989,0.0,0.0,0.0,0.0
49.135,0.0,0.0,0.0,datactrl_ref_vx_fallback,datactrl_est_vx_fallback,-0.9099999666213989,states_theta,-0.033012229949235916,0.0006535878471802059,0.0010929026080670643,0.00014048699885670218,0.0,0.0026081351336631913,0.0,0.0024800806449217535,0.0,0.0,0.0,0.0,0.0,0.0,0.0,0.0,0.0,0.0,0.0,0.0,0.9099999666213989,0.0,0.0,0.0,0.0
49.236,0.0,0.0,0.0,datactrl_ref_vx_fallback,datactrl_est_vx_fallback,-0.9099999666213989,states_theta,-0.033012229949235916,0.0006535878471802059,0.0010929026080670643,0.00014048699885670218,0.0,0.0026081351336631913,0.0,0.0024800806449217535,0.0,0.0,0.0,0.0,0.0,0.0,0.0,0.0,0.0,0.0,0.0,0.0,0.9099999666213989,0.0,0.0,0.0,0.0
49.336,0.0,0.0,0.0,datactrl_ref_vx_fallback,datactrl_est_vx_fallback,-0.9099999666213989,states_theta,-0.033012229949235916,0.0006535878471802059,0.0010929026080670643,0.00014048699885670218,0.0,0.0026081351336631913,0.0,0.0024800806449217535,0.0,0.0,0.0,0.0,0.0,0.0,0.0,0.0,0.0,0.0,0.0,0.0,0.9099999666213989,0.0,0.0,0.0,0.0
49.437,0.0,0.0,0.0,datactrl_ref_vx_fallback,datactrl_est_vx_fallback,-0.9099999666213989,states_theta,-0.033012229949235916,0.0006535878471802059,0.0010929026080670643,0.00014048699885670218,0.0,0.0026081351336631913,0.0,0.0024800806449217535,0.0,0.0,0.0,0.0,0.0,0.0,0.0,0.0,0.0,0.0,0.0,0.0,0.9099999666213989,0.0,0.0,0.0,0.0
49.538,0.0,0.0,0.0,datactrl_ref_vx_fallback,datactrl_est_vx_fallback,-0.9099999666213989,states_theta,-0.033012229949235916,0.0006535878471802059,0.0010929026080670643,0.00014048699885670218,0.0,0.0026081351336631913,0.0,0.0024800806449217535,0.0,0.0,0.0,0.0,0.0,0.0,0.0,0.0,0.0,0.0,0.0,0.0,0.9099999666213989,0.0,0.0,0.0,0.0
49.638,0.0,0.0,0.0,datactrl_ref_vx_fallback,datactrl_est_vx_fallback,-0.9099999666213989,states_theta,-0.033012229949235916,0.0006535878471802059,0.0010929026080670643,0.00014048699885670218,0.0,0.0026081351336631913,0.0,0.0024800806449217535,0.0,0.0,0.0,0.0,0.0,0.0,0.0,0.0,0.0,0.0,0.0,0.0,0.9099999666213989,0.0,0.0,0.0,0.0
49.738,0.0,0.0,0.0,datactrl_ref_vx_fallback,datactrl_est_vx_fallback,-0.9099999666213989,states_theta,-0.033012229949235916,0.0006535878471802059,0.0010929026080670643,0.00014048699885670218,0.0,0.0026081351336631913,0.0,0.0024800806449217535,0.0,0.0,0.0,0.0,0.0,0.0,0.0,0.0,0.0,0.0,0.0,0.0,0.9099999666213989,0.0,0.0,0.0,0.0
49.84,0.0,0.0,0.0,datactrl_ref_vx_fallback,datactrl_est_vx_fallback,-0.9099999666213989,states_theta,-0.033012229949235916,0.0006535878471802059,0.0010929026080670643,0.00014048699885670218,0.0,0.0026081351336631913,0.0,0.0024800806449217535,0.0,0.0,0.0,0.0,0.0,0.0,0.0,0.0,0.0,0.0,0.0,0.0,0.9099999666213989,0.0,0.0,0.0,0.0
49.939,0.0,0.0,0.0,datactrl_ref_vx_fallback,datactrl_est_vx_fallback,-0.9099999666213989,states_theta,-0.033012229949235916,0.0006535878471802059,0.0010929026080670643,0.00014048699885670218,0.0,0.0026081351336631913,0.0,0.0024800806449217535,0.0,0.0,0.0,0.0,0.0,0.0,0.0,0.0,0.0,0.0,0.0,0.0,0.9099999666213989,0.0,0.0,0.0,0.0
50.051,0.0,0.0,0.0,datactrl_ref_vx_fallback,datactrl_est_vx_fallback,-0.9099999666213989,states_theta,-0.033012229949235916,0.0006535878471802059,0.0010929026080670643,0.00014048699885670218,0.0,0.0026081351336631913,0.0,0.0024800806449217535,0.0,0.0,0.0,0.0,0.0,0.0,0.0,0.0,0.0,0.0,0.0,0.0,0.9099999666213989,0.0,0.0,0.0,0.0
50.181,0.0,0.0,0.0,datactrl_ref_vx_fallback,datactrl_est_vx_fallback,-0.9099999666213989,states_theta,-0.033012229949235916,0.0006535878471802059,0.0010929026080670643,0.00014048699885670218,0.0,0.0026081351336631913,0.0,0.0024800806449217535,0.0,0.0,0.0,0.0,0.0,0.0,0.0,0.0,0.0,0.0,0.0,0.0,0.9099999666213989,0.0,0.0,0.0,0.0
50.281,0.0,0.0,0.0,datactrl_ref_vx_fallback,datactrl_est_vx_fallback,-0.9099999666213989,states_theta,-0.033012229949235916,0.0006535878471802059,0.0010929026080670643,0.00014048699885670218,0.0,0.0026081351336631913,0.0,0.0024800806449217535,0.0,0.0,0.0,0.0,0.0,0.0,0.0,0.0,0.0,0.0,0.0,0.0,0.9099999666213989,0.0,0.0,0.0,0.0
50.386,0.0,0.0,0.0,datactrl_ref_vx_fallback,datactrl_est_vx_fallback,-0.9099999666213989,states_theta,-0.033012229949235916,0.0006535878471802059,0.0010929026080670643,0.00014048699885670218,0.0,0.0026081351336631913,0.0,0.0024800806449217535,0.0,0.0,0.0,0.0,0.0,0.0,0.0,0.0,0.0,0.0,0.0,0.0,0.9099999666213989,0.0,0.0,0.0,0.0
50.496,0.0,0.0,0.0,datactrl_ref_vx_fallback,datactrl_est_vx_fallback,-0.9099999666213989,states_theta,-0.033012229949235916,0.0006535878471802059,0.0010929026080670643,0.00014048699885670218,0.0,0.0026081351336631913,0.0,0.0024800806449217535,0.0,0.0,0.0,0.0,0.0,0.0,0.0,0.0,0.0,0.0,0.0,0.0,0.9099999666213989,0.0,0.0,0.0,0.0
50.601,0.0,0.0,0.0,datactrl_ref_vx_fallback,datactrl_est_vx_fallback,-0.9099999666213989,states_theta,-0.033012229949235916,0.0006535878471802059,0.0010929026080670643,0.00014048699885670218,0.0,0.0026081351336631913,0.0,0.0024800806449217535,0.0,0.0,0.0,0.0,0.0,0.0,0.0,0.0,0.0,0.0,0.0,0.0,0.9099999666213989,0.0,0.0,0.0,0.0
50.659,0.0,0.0,0.0,datactrl_ref_vx_fallback,datactrl_est_vx_fallback,-0.9099999666213989,states_theta,-0.033012229949235916,0.0006535878471802059,0.0010929026080670643,0.00014048699885670218,0.0,0.0026081351336631913,0.0,0.0024800806449217535,0.0,0.0,0.0,0.0,0.0,0.0,0.0,0.0,0.0,0.0,0.0,0.0,0.9099999666213989,0.0,0.0,0.0,0.0
50.717,0.0,0.0,0.0,datactrl_ref_vx_fallback,datactrl_est_vx_fallback,-0.9099999666213989,states_theta,-0.033012229949235916,0.0006535878471802059,0.0010929026080670643,0.00014048699885670218,0.0,0.0026081351336631913,0.0,0.0024800806449217535,0.0,0.0,0.0,0.0,0.0,0.0,0.0,0.0,0.0,0.0,0.0,0.0,0.9099999666213989,0.0,0.0,0.0,0.0
50.82,0.0,0.0,0.0,datactrl_ref_vx_fallback,datactrl_est_vx_fallback,-0.9099999666213989,states_theta,-0.033012229949235916,0.0006535878471802059,0.0010929026080670643,0.00014048699885670218,0.0,0.0026081351336631913,0.0,0.0024800806449217535,0.0,0.0,0.0,0.0,0.0,0.0,0.0,0.0,0.0,0.0,0.0,0.0,0.9099999666213989,0.0,0.0,0.0,0.0
50.871,0.0,0.0,0.0,datactrl_ref_vx_fallback,datactrl_est_vx_fallback,-0.9099999666213989,states_theta,-0.033012229949235916,0.0006535878471802059,0.0010929026080670643,0.00014048699885670218,0.0,0.0026081351336631913,0.0,0.0024800806449217535,0.0,0.0,0.0,0.0,0.0,0.0,0.0,0.0,0.0,0.0,0.0,0.0,0.9099999666213989,0.0,0.0,0.0,0.0
50.928,0.0,0.0,0.0,datactrl_ref_vx_fallback,datactrl_est_vx_fallback,-0.9099999666213989,states_theta,-0.033012229949235916,0.0006535878471802059,0.0010929026080670643,0.00014048699885670218,0.0,0.0026081351336631913,0.0,0.0024800806449217535,0.0,0.0,0.0,0.0,0.0,0.0,0.0,0.0,0.0,0.0,0.0,0.0,0.9099999666213989,0.0,0.0,0.0,0.0
51.045,0.0,0.0,0.0,datactrl_ref_vx_fallback,datactrl_est_vx_fallback,-0.9099999666213989,states_theta,-0.033012229949235916,0.0006535878471802059,0.0010929026080670643,0.00014048699885670218,0.0,0.0026081351336631913,0.0,0.0024800806449217535,0.0,0.0,0.0,0.0,0.0,0.0,0.0,0.0,0.0,0.0,0.0,0.0,0.9099999666213989,0.0,0.0,0.0,0.0
51.1,0.0,0.0,0.0,datactrl_ref_vx_fallback,datactrl_est_vx_fallback,-0.9099999666213989,states_theta,-0.033012229949235916,0.0006535878471802059,0.0010929026080670643,0.00014048699885670218,0.0,0.0026081351336631913,0.0,0.0024800806449217535,0.0,0.0,0.0,0.0,0.0,0.0,0.0,0.0,0.0,0.0,0.0,0.0,0.9099999666213989,0.0,0.0,0.0,0.0
51.286,0.0,0.0,0.0,datactrl_ref_vx_fallback,datactrl_est_vx_fallback,-0.9099999666213989,states_theta,-0.033012229949235916,0.0006535878471802059,0.0010929026080670643,0.00014048699885670218,0.0,0.0026081351336631913,0.0,0.0024800806449217535,0.0,0.0,0.0,0.0,0.0,0.0,0.0,0.0,0.0,0.0,0.0,0.0,0.9099999666213989,0.0,0.0,0.0,0.0
51.51,0.0,0.0,0.0,datactrl_ref_vx_fallback,datactrl_est_vx_fallback,-0.9099999666213989,states_theta,-0.033012229949235916,0.0006535878471802059,0.0010929026080670643,0.00014048699885670218,0.0,0.0026081351336631913,0.0,0.0024800806449217535,0.0,0.0,0.0,0.0,0.0,0.0,0.0,0.0,0.0,0.0,0.0,0.0,0.9099999666213989,0.0,0.0,0.0,0.0
51.72,0.0,0.0,0.0,datactrl_ref_vx_fallback,datactrl_est_vx_fallback,-0.9099999666213989,states_theta,-0.033012229949235916,0.0006535878471802059,0.0010929026080670643,0.00014048699885670218,0.0,0.0026081351336631913,0.0,0.0024800806449217535,0.0,0.0,0.0,0.0,0.0,0.0,0.0,0.0,0.0,0.0,0.0,0.0,0.9099999666213989,0.0,0.0,0.0,0.0
51.936,0.0,0.0,0.0,datactrl_ref_vx_fallback,datactrl_est_vx_fallback,-0.9099999666213989,states_theta,-0.033012229949235916,0.0006535878471802059,0.0010929026080670643,0.00014048699885670218,0.0,0.0026081351336631913,0.0,0.0024800806449217535,0.0,0.0,0.0,0.0,0.0,0.0,0.0,0.0,0.0,0.0,0.0,0.0,0.9099999666213989,0.0,0.0,0.0,0.0
52.136,0.0,0.0,0.0,datactrl_ref_vx_fallback,datactrl_est_vx_fallback,-0.9099999666213989,states_theta,-0.033012229949235916,0.0006535878471802059,0.0010929026080670643,0.00014048699885670218,0.0,0.0026081351336631913,0.0,0.0024800806449217535,0.0,0.0,0.0,0.0,0.0,0.0,0.0,0.0,0.0,0.0,0.0,0.0,0.9099999666213989,0.0,0.0,0.0,0.0
52.34,0.0,0.0,0.0,datactrl_ref_vx_fallback,datactrl_est_vx_fallback,-0.9099999666213989,states_theta,-0.033012229949235916,0.0006535878471802059,0.0010929026080670643,0.00014048699885670218,0.0,0.0026081351336631913,0.0,0.0024800806449217535,0.0,0.0,0.0,0.0,0.0,0.0,0.0,0.0,0.0,0.0,0.0,0.0,0.9099999666213989,0.0,0.0,0.0,0.0
52.555,0.0,0.0,0.0,datactrl_ref_vx_fallback,datactrl_est_vx_fallback,-0.9099999666213989,states_theta,-0.033012229949235916,0.0006535878471802059,0.0010929026080670643,0.00014048699885670218,0.0,0.0026081351336631913,0.0,0.0024800806449217535,0.0,0.0,0.0,0.0,0.0,0.0,0.0,0.0,0.0,0.0,0.0,0.0,0.9099999666213989,0.0,0.0,0.0,0.0
52.761,0.0,0.0,0.0,datactrl_ref_vx_fallback,datactrl_est_vx_fallback,-0.9099999666213989,states_theta,-0.033012229949235916,0.0006535878471802059,0.0010929026080670643,0.00014048699885670218,0.0,0.0026081351336631913,0.0,0.0024800806449217535,0.0,0.0,0.0,0.0,0.0,0.0,0.0,0.0,0.0,0.0,0.0,0.0,0.9099999666213989,0.0,0.0,0.0,0.0
52.977,0.0,0.0,0.0,datactrl_ref_vx_fallback,datactrl_est_vx_fallback,-0.9099999666213989,states_theta,-0.033012229949235916,0.0006535878471802059,0.0010929026080670643,0.00014048699885670218,0.0,0.0026081351336631913,0.0,0.0024800806449217535,0.0,0.0,0.0,0.0,0.0,0.0,0.0,0.0,0.0,0.0,0.0,0.0,0.9099999666213989,0.0,0.0,0.0,0.0
53.181,0.0,0.0,0.0,datactrl_ref_vx_fallback,datactrl_est_vx_fallback,-0.9099999666213989,states_theta,-0.033012229949235916,0.0006535878471802059,0.0010929026080670643,0.00014048699885670218,0.0,0.0026081351336631913,0.0,0.0024800806449217535,0.0,0.0,0.0,0.0,0.0,0.0,0.0,0.0,0.0,0.0,0.0,0.0,0.9099999666213989,0.0,0.0,0.0,0.0
53.398,0.0,0.0,0.0,datactrl_ref_vx_fallback,datactrl_est_vx_fallback,-0.9099999666213989,states_theta,-0.033012229949235916,0.0006535878471802059,0.0010929026080670643,0.00014048699885670218,0.0,0.0026081351336631913,0.0,0.0024800806449217535,0.0,0.0,0.0,0.0,0.0,0.0,0.0,0.0,0.0,0.0,0.0,0.0,0.9099999666213989,0.0,0.0,0.0,0.0
53.608,0.0,0.0,0.0,datactrl_ref_vx_fallback,datactrl_est_vx_fallback,-0.9099999666213989,states_theta,-0.033012229949235916,0.0006535878471802059,0.0010929026080670643,0.00014048699885670218,0.0,0.0026081351336631913,0.0,0.0024800806449217535,0.0,0.0,0.0,0.0,0.0,0.0,0.0,0.0,0.0,0.0,0.0,0.0,0.9099999666213989,0.0,0.0,0.0,0.0
53.827,0.0,0.0,0.0,datactrl_ref_vx_fallback,datactrl_est_vx_fallback,-0.9099999666213989,states_theta,-0.033012229949235916,0.0006535878471802059,0.0010929026080670643,0.00014048699885670218,0.0,0.0026081351336631913,0.0,0.0024800806449217535,0.0,0.0,0.0,0.0,0.0,0.0,0.0,0.0,0.0,0.0,0.0,0.0,0.9099999666213989,0.0,0.0,0.0,0.0
54.047,0.0,0.0,0.0,datactrl_ref_vx_fallback,datactrl_est_vx_fallback,-0.9099999666213989,states_theta,-0.033012229949235916,0.0006535878471802059,0.0010929026080670643,0.00014048699885670218,0.0,0.0026081351336631913,0.0,0.0024800806449217535,0.0,0.0,0.0,0.0,0.0,0.0,0.0,0.0,0.0,0.0,0.0,0.0,0.9099999666213989,0.0,0.0,0.0,0.0
54.254,0.0,0.0,0.0,datactrl_ref_vx_fallback,datactrl_est_vx_fallback,-0.9099999666213989,states_theta,-0.033012229949235916,0.0006535878471802059,0.0010929026080670643,0.00014048699885670218,0.0,0.0026081351336631913,0.0,0.0024800806449217535,0.0,0.0,0.0,0.0,0.0,0.0,0.0,0.0,0.0,0.0,0.0,0.0,0.9099999666213989,0.0,0.0,0.0,0.0
54.481,0.0,0.0,0.0,datactrl_ref_vx_fallback,datactrl_est_vx_fallback,-0.9099999666213989,states_theta,-0.033012229949235916,0.0006535878471802059,0.0010929026080670643,0.00014048699885670218,0.0,0.0026081351336631913,0.0,0.0024800806449217535,0.0,0.0,0.0,0.0,0.0,0.0,0.0,0.0,0.0,0.0,0.0,0.0,0.9099999666213989,0.0,0.0,0.0,0.0
54.687,0.0,0.0,0.0,datactrl_ref_vx_fallback,datactrl_est_vx_fallback,-0.9099999666213989,states_theta,-0.033012229949235916,0.0006535878471802059,0.0010929026080670643,0.00014048699885670218,0.0,0.0026081351336631913,0.0,0.0024800806449217535,0.0,0.0,0.0,0.0,0.0,0.0,0.0,0.0,0.0,0.0,0.0,0.0,0.9099999666213989,0.0,0.0,0.0,0.0
54.916,0.0,0.0,0.0,datactrl_ref_vx_fallback,datactrl_est_vx_fallback,-0.9099999666213989,states_theta,-0.033012229949235916,0.0006535878471802059,0.0010929026080670643,0.00014048699885670218,0.0,0.0026081351336631913,0.0,0.0024800806449217535,0.0,0.0,0.0,0.0,0.0,0.0,0.0,0.0,0.0,0.0,0.0,0.0,0.9099999666213989,0.0,0.0,0.0,0.0
55.139,0.0,0.0,0.0,datactrl_ref_vx_fallback,datactrl_est_vx_fallback,-0.9099999666213989,states_theta,-0.033012229949235916,0.0006535878471802059,0.0010929026080670643,0.00014048699885670218,0.0,0.0026081351336631913,0.0,0.0024800806449217535,0.0,0.0,0.0,0.0,0.0,0.0,0.0,0.0,0.0,0.0,0.0,0.0,0.9099999666213989,0.0,0.0,0.0,0.0
55.352,0.0,0.0,0.0,datactrl_ref_vx_fallback,datactrl_est_vx_fallback,-0.9099999666213989,states_theta,-0.033012229949235916,0.0006535878471802059,0.0010929026080670643,0.00014048699885670218,0.0,0.0026081351336631913,0.0,0.0024800806449217535,0.0,0.0,0.0,0.0,0.0,0.0,0.0,0.0,0.0,0.0,0.0,0.0,0.9099999666213989,0.0,0.0,0.0,0.0
55.554,0.0,0.0,0.0,datactrl_ref_vx_fallback,datactrl_est_vx_fallback,-0.9099999666213989,states_theta,-0.033012229949235916,0.0006535878471802059,0.0010929026080670643,0.00014048699885670218,0.0,0.0026081351336631913,0.0,0.0024800806449217535,0.0,0.0,0.0,0.0,0.0,0.0,0.0,0.0,0.0,0.0,0.0,0.0,0.9099999666213989,0.0,0.0,0.0,0.0
55.771,0.0,0.0,0.0,datactrl_ref_vx_fallback,datactrl_est_vx_fallback,-0.9099999666213989,states_theta,-0.033012229949235916,0.0006535878471802059,0.0010929026080670643,0.00014048699885670218,0.0,0.0026081351336631913,0.0,0.0024800806449217535,0.0,0.0,0.0,0.0,0.0,0.0,0.0,0.0,0.0,0.0,0.0,0.0,0.9099999666213989,0.0,0.0,0.0,0.0
56.066,0.0,0.0,0.0,datactrl_ref_vx_fallback,datactrl_est_vx_fallback,-0.9099999666213989,states_theta,-0.033012229949235916,0.0006535878471802059,0.0010929026080670643,0.00014048699885670218,0.0,0.0026081351336631913,0.0,0.0024800806449217535,0.0,0.0,0.0,0.0,0.0,0.0,0.0,0.0,0.0,0.0,0.0,0.0,0.9099999666213989,0.0,0.0,0.0,0.0
56.232,0.0,0.0,0.0,datactrl_ref_vx_fallback,datactrl_est_vx_fallback,-0.9099999666213989,states_theta,-0.033012229949235916,0.0006535878471802059,0.0010929026080670643,0.00014048699885670218,0.0,0.0026081351336631913,0.0,0.0024800806449217535,0.0,0.0,0.0,0.0,0.0,0.0,0.0,0.0,0.0,0.0,0.0,0.0,0.9099999666213989,0.0,0.0,0.0,0.0
56.419,0.0,0.0,0.0,datactrl_ref_vx_fallback,datactrl_est_vx_fallback,-0.9099999666213989,states_theta,-0.033012229949235916,0.0006535878471802059,0.0010929026080670643,0.00014048699885670218,0.0,0.0026081351336631913,0.0,0.0024800806449217535,0.0,0.0,0.0,0.0,0.0,0.0,0.0,0.0,0.0,0.0,0.0,0.0,0.9099999666213989,0.0,0.0,0.0,0.0
56.626,0.0,0.0,0.0,datactrl_ref_vx_fallback,datactrl_est_vx_fallback,-0.9099999666213989,states_theta,-0.033012229949235916,0.0006535878471802059,0.0010929026080670643,0.00014048699885670218,0.0,0.0026081351336631913,0.0,0.0024800806449217535,0.0,0.0,0.0,0.0,0.0,0.0,0.0,0.0,0.0,0.0,0.0,0.0,0.9099999666213989,0.0,0.0,0.0,0.0
56.834,0.0,0.0,0.0,datactrl_ref_vx_fallback,datactrl_est_vx_fallback,-0.9099999666213989,states_theta,-0.033012229949235916,0.0006535878471802059,0.0010929026080670643,0.00014048699885670218,0.0,0.0026081351336631913,0.0,0.0024800806449217535,0.0,0.0,0.0,0.0,0.0,0.0,0.0,0.0,0.0,0.0,0.0,0.0,0.9099999666213989,0.0,0.0,0.0,0.0
57.045,0.0,0.0,0.0,datactrl_ref_vx_fallback,datactrl_est_vx_fallback,-0.9099999666213989,states_theta,-0.033012229949235916,0.0006535878471802059,0.0010929026080670643,0.00014048699885670218,0.0,0.0026081351336631913,0.0,0.0024800806449217535,0.0,0.0,0.0,0.0,0.0,0.0,0.0,0.0,0.0,0.0,0.0,0.0,0.9099999666213989,0.0,0.0,0.0,0.0
57.332,0.0,0.0,0.0,datactrl_ref_vx_fallback,datactrl_est_vx_fallback,-0.9099999666213989,states_theta,-0.033012229949235916,0.0006535878471802059,0.0010929026080670643,0.00014048699885670218,0.0,0.0026081351336631913,0.0,0.0024800806449217535,0.0,0.0,0.0,0.0,0.0,0.0,0.0,0.0,0.0,0.0,0.0,0.0,0.9099999666213989,0.0,0.0,0.0,0.0
57.519,0.0,0.0,0.0,datactrl_ref_vx_fallback,datactrl_est_vx_fallback,-0.9099999666213989,states_theta,-0.033012229949235916,0.0006535878471802059,0.0010929026080670643,0.00014048699885670218,0.0,0.0026081351336631913,0.0,0.0024800806449217535,0.0,0.0,0.0,0.0,0.0,0.0,0.0,0.0,0.0,0.0,0.0,0.0,0.9099999666213989,0.0,0.0,0.0,0.0
57.735,0.0,0.0,0.0,datactrl_ref_vx_fallback,datactrl_est_vx_fallback,-0.9099999666213989,states_theta,-0.033012229949235916,0.0006535878471802059,0.0010929026080670643,0.00014048699885670218,0.0,0.0026081351336631913,0.0,0.0024800806449217535,0.0,0.0,0.0,0.0,0.0,0.0,0.0,0.0,0.0,0.0,0.0,0.0,0.9099999666213989,0.0,0.0,0.0,0.0
58.021,0.0,0.0,0.0,datactrl_ref_vx_fallback,datactrl_est_vx_fallback,-0.9099999666213989,states_theta,-0.033012229949235916,0.0006535878471802059,0.0010929026080670643,0.00014048699885670218,0.0,0.0026081351336631913,0.0,0.0024800806449217535,0.0,0.0,0.0,0.0,0.0,0.0,0.0,0.0,0.0,0.0,0.0,0.0,0.9099999666213989,0.0,0.0,0.0,0.0
58.171,0.0,0.0,0.0,datactrl_ref_vx_fallback,datactrl_est_vx_fallback,-0.9099999666213989,states_theta,-0.033012229949235916,0.0006535878471802059,0.0010929026080670643,0.00014048699885670218,0.0,0.0026081351336631913,0.0,0.0024800806449217535,0.0,0.0,0.0,0.0,0.0,0.0,0.0,0.0,0.0,0.0,0.0,0.0,0.9099999666213989,0.0,0.0,0.0,0.0
58.224,0.0,0.0,0.0,datactrl_ref_vx_fallback,datactrl_est_vx_fallback,-0.9099999666213989,states_theta,-0.033012229949235916,0.0006535878471802059,0.0010929026080670643,0.00014048699885670218,0.0,0.0026081351336631913,0.0,0.0024800806449217535,0.0,0.0,0.0,0.0,0.0,0.0,0.0,0.0,0.0,0.0,0.0,0.0,0.9099999666213989,0.0,0.0,0.0,0.0
58.414,0.0,0.0,0.0,datactrl_ref_vx_fallback,datactrl_est_vx_fallback,-0.9099999666213989,states_theta,-0.033012229949235916,0.0006535878471802059,0.0010929026080670643,0.00014048699885670218,0.0,0.0026081351336631913,0.0,0.0024800806449217535,0.0,0.0,0.0,0.0,0.0,0.0,0.0,0.0,0.0,0.0,0.0,0.0,0.9099999666213989,0.0,0.0,0.0,0.0
58.638,0.0,0.0,0.0,datactrl_ref_vx_fallback,datactrl_est_vx_fallback,-0.9099999666213989,states_theta,-0.033012229949235916,0.0006535878471802059,0.0010929026080670643,0.00014048699885670218,0.0,0.0026081351336631913,0.0,0.0024800806449217535,0.0,0.0,0.0,0.0,0.0,0.0,0.0,0.0,0.0,0.0,0.0,0.0,0.9099999666213989,0.0,0.0,0.0,0.0
58.858,0.0,0.0,0.0,datactrl_ref_vx_fallback,datactrl_est_vx_fallback,-0.9099999666213989,states_theta,-0.033012229949235916,0.0006535878471802059,0.0010929026080670643,0.00014048699885670218,0.0,0.0026081351336631913,0.0,0.0024800806449217535,0.0,0.0,0.0,0.0,0.0,0.0,0.0,0.0,0.0,0.0,0.0,0.0,0.9099999666213989,0.0,0.0,0.0,0.0
59.085,0.0,0.0,0.0,datactrl_ref_vx_fallback,datactrl_est_vx_fallback,-0.9099999666213989,states_theta,-0.033012229949235916,0.0006535878471802059,0.0010929026080670643,0.00014048699885670218,0.0,0.0026081351336631913,0.0,0.0024800806449217535,0.0,0.0,0.0,0.0,0.0,0.0,0.0,0.0,0.0,0.0,0.0,0.0,0.9099999666213989,0.0,0.0,0.0,0.0
59.383,0.0,0.0,0.0,datactrl_ref_vx_fallback,datactrl_est_vx_fallback,-0.9099999666213989,states_theta,-0.033012229949235916,0.0006535878471802059,0.0010929026080670643,0.00014048699885670218,0.0,0.0026081351336631913,0.0,0.0024800806449217535,0.0,0.0,0.0,0.0,0.0,0.0,0.0,0.0,0.0,0.0,0.0,0.0,0.9099999666213989,0.0,0.0,0.0,0.0
59.57,0.0,0.0,0.0,datactrl_ref_vx_fallback,datactrl_est_vx_fallback,-0.9099999666213989,states_theta,-0.033012229949235916,0.0006535878471802059,0.0010929026080670643,0.00014048699885670218,0.0,0.0026081351336631913,0.0,0.0024800806449217535,0.0,0.0,0.0,0.0,0.0,0.0,0.0,0.0,0.0,0.0,0.0,0.0,0.9099999666213989,0.0,0.0,0.0,0.0
59.622,0.0,0.0,0.0,datactrl_ref_vx_fallback,datactrl_est_vx_fallback,-0.9099999666213989,states_theta,-0.033012229949235916,0.0006535878471802059,0.0010929026080670643,0.00014048699885670218,0.0,0.0026081351336631913,0.0,0.0024800806449217535,0.0,0.0,0.0,0.0,0.0,0.0,0.0,0.0,0.0,0.0,0.0,0.0,0.9099999666213989,0.0,0.0,0.0,0.0
59.794,0.0,0.0,0.0,datactrl_ref_vx_fallback,datactrl_est_vx_fallback,-0.9099999666213989,states_theta,-0.033012229949235916,0.0006535878471802059,0.0010929026080670643,0.00014048699885670218,0.0,0.0026081351336631913,0.0,0.0024800806449217535,0.0,0.0,0.0,0.0,0.0,0.0,0.0,0.0,0.0,0.0,0.0,0.0,0.9099999666213989,0.0,0.0,0.0,0.0
59.844,0.0,0.0,0.0,datactrl_ref_vx_fallback,datactrl_est_vx_fallback,-0.9099999666213989,states_theta,-0.033012229949235916,0.0006535878471802059,0.0010929026080670643,0.00014048699885670218,0.0,0.0026081351336631913,0.0,0.0024800806449217535,0.0,0.0,0.0,0.0,0.0,0.0,0.0,0.0,0.0,0.0,0.0,0.0,0.9099999666213989,0.0,0.0,0.0,0.0
60.026,0.0,0.0,0.0,datactrl_ref_vx_fallback,datactrl_est_vx_fallback,-0.9099999666213989,states_theta,-0.033012229949235916,0.0006535878471802059,0.0010929026080670643,0.00014048699885670218,0.0,0.0026081351336631913,0.0,0.0024800806449217535,0.0,0.0,0.0,0.0,0.0,0.0,0.0,0.0,0.0,0.0,0.0,0.0,0.9099999666213989,0.0,0.0,0.0,0.0
60.247,0.0,0.0,0.0,datactrl_ref_vx_fallback,datactrl_est_vx_fallback,-0.9099999666213989,states_theta,-0.033012229949235916,0.0006535878471802059,0.0010929026080670643,0.00014048699885670218,0.0,0.0026081351336631913,0.0,0.0024800806449217535,0.0,0.0,0.0,0.0,0.0,0.0,0.0,0.0,0.0,0.0,0.0,0.0,0.9099999666213989,0.0,0.0,0.0,0.0
60.534,0.0,0.0,0.0,datactrl_ref_vx_fallback,datactrl_est_vx_fallback,-0.9099999666213989,states_theta,-0.033012229949235916,0.0006535878471802059,0.0010929026080670643,0.00014048699885670218,0.0,0.0026081351336631913,0.0,0.0024800806449217535,0.0,0.0,0.0,0.0,0.0,0.0,0.0,0.0,0.0,0.0,0.0,0.0,0.9099999666213989,0.0,0.0,0.0,0.0
60.704,0.0,0.0,0.0,datactrl_ref_vx_fallback,datactrl_est_vx_fallback,-0.9099999666213989,states_theta,-0.033012229949235916,0.0006535878471802059,0.0010929026080670643,0.00014048699885670218,0.0,0.0026081351336631913,0.0,0.0024800806449217535,0.0,0.0,0.0,0.0,0.0,0.0,0.0,0.0,0.0,0.0,0.0,0.0,0.9099999666213989,0.0,0.0,0.0,0.0
60.916,0.0,0.0,0.0,datactrl_ref_vx_fallback,datactrl_est_vx_fallback,-0.9099999666213989,states_theta,-0.033012229949235916,0.0006535878471802059,0.0010929026080670643,0.00014048699885670218,0.0,0.0026081351336631913,0.0,0.0024800806449217535,0.0,0.0,0.0,0.0,0.0,0.0,0.0,0.0,0.0,0.0,0.0,0.0,0.9099999666213989,0.0,0.0,0.0,0.0
61.165,0.0,0.0,0.0,datactrl_ref_vx_fallback,datactrl_est_vx_fallback,-0.9099999666213989,states_theta,-0.033012229949235916,0.0006535878471802059,0.0010929026080670643,0.00014048699885670218,0.0,0.0026081351336631913,0.0,0.0024800806449217535,0.0,0.0,0.0,0.0,0.0,0.0,0.0,0.0,0.0,0.0,0.0,0.0,0.9099999666213989,0.0,0.0,0.0,0.0
61.4,0.0,0.0,0.0,datactrl_ref_vx_fallback,datactrl_est_vx_fallback,-0.9099999666213989,states_theta,-0.033012229949235916,0.0006535878471802059,0.0010929026080670643,0.00014048699885670218,0.0,0.0026081351336631913,0.0,0.0024800806449217535,0.0,0.0,0.0,0.0,0.0,0.0,0.0,0.0,0.0,0.0,0.0,0.0,0.9099999666213989,0.0,0.0,0.0,0.0
61.646,0.0,0.0,0.0,datactrl_ref_vx_fallback,datactrl_est_vx_fallback,-0.9099999666213989,states_theta,-0.033012229949235916,0.0006535878471802059,0.0010929026080670643,0.00014048699885670218,0.0,0.0026081351336631913,0.0,0.0024800806449217535,0.0,0.0,0.0,0.0,0.0,0.0,0.0,0.0,0.0,0.0,0.0,0.0,0.9099999666213989,0.0,0.0,0.0,0.0
61.698,0.0,0.0,0.0,datactrl_ref_vx_fallback,datactrl_est_vx_fallback,-0.9099999666213989,states_theta,-0.033012229949235916,0.0006535878471802059,0.0010929026080670643,0.00014048699885670218,0.0,0.0026081351336631913,0.0,0.0024800806449217535,0.0,0.0,0.0,0.0,0.0,0.0,0.0,0.0,0.0,0.0,0.0,0.0,0.9099999666213989,0.0,0.0,0.0,0.0
61.872,0.0,0.0,0.0,datactrl_ref_vx_fallback,datactrl_est_vx_fallback,-0.9099999666213989,states_theta,-0.033012229949235916,0.0006535878471802059,0.0010929026080670643,0.00014048699885670218,0.0,0.0026081351336631913,0.0,0.0024800806449217535,0.0,0.0,0.0,0.0,0.0,0.0,0.0,0.0,0.0,0.0,0.0,0.0,0.9099999666213989,0.0,0.0,0.0,0.0
62.152,0.0,0.0,0.0,datactrl_ref_vx_fallback,datactrl_est_vx_fallback,-0.9099999666213989,states_theta,-0.033012229949235916,0.0006535878471802059,0.0010929026080670643,0.00014048699885670218,0.0,0.0026081351336631913,0.0,0.0024800806449217535,0.0,0.0,0.0,0.0,0.0,0.0,0.0,0.0,0.0,0.0,0.0,0.0,0.9099999666213989,0.0,0.0,0.0,0.0
62.338,0.0,0.0,0.0,datactrl_ref_vx_fallback,datactrl_est_vx_fallback,-0.9099999666213989,states_theta,-0.033012229949235916,0.0006535878471802059,0.0010929026080670643,0.00014048699885670218,0.0,0.0026081351336631913,0.0,0.0024800806449217535,0.0,0.0,0.0,0.0,0.0,0.0,0.0,0.0,0.0,0.0,0.0,0.0,0.9099999666213989,0.0,0.0,0.0,0.0
62.562,0.0,0.0,0.0,datactrl_ref_vx_fallback,datactrl_est_vx_fallback,-0.9099999666213989,states_theta,-0.033012229949235916,0.0006535878471802059,0.0010929026080670643,0.00014048699885670218,0.0,0.0026081351336631913,0.0,0.0024800806449217535,0.0,0.0,0.0,0.0,0.0,0.0,0.0,0.0,0.0,0.0,0.0,0.0,0.9099999666213989,0.0,0.0,0.0,0.0
62.78,0.0,0.0,0.0,datactrl_ref_vx_fallback,datactrl_est_vx_fallback,-0.9099999666213989,states_theta,-0.033012229949235916,0.0006535878471802059,0.0010929026080670643,0.00014048699885670218,0.0,0.0026081351336631913,0.0,0.0024800806449217535,0.0,0.0,0.0,0.0,0.0,0.0,0.0,0.0,0.0,0.0,0.0,0.0,0.9099999666213989,0.0,0.0,0.0,0.0
62.98,0.0,0.0,0.0,datactrl_ref_vx_fallback,datactrl_est_vx_fallback,-0.9099999666213989,states_theta,-0.033012229949235916,0.0006535878471802059,0.0010929026080670643,0.00014048699885670218,0.0,0.0026081351336631913,0.0,0.0024800806449217535,0.0,0.0,0.0,0.0,0.0,0.0,0.0,0.0,0.0,0.0,0.0,0.0,0.9099999666213989,0.0,0.0,0.0,0.0
63.208,0.0,0.0,0.0,datactrl_ref_vx_fallback,datactrl_est_vx_fallback,-0.9099999666213989,states_theta,-0.033012229949235916,0.0006535878471802059,0.0010929026080670643,0.00014048699885670218,0.0,0.0026081351336631913,0.0,0.0024800806449217535,0.0,0.0,0.0,0.0,0.0,0.0,0.0,0.0,0.0,0.0,0.0,0.0,0.9099999666213989,0.0,0.0,0.0,0.0
63.444,0.0,0.0,0.0,datactrl_ref_vx_fallback,datactrl_est_vx_fallback,-0.9099999666213989,states_theta,-0.033012229949235916,0.0006535878471802059,0.0010929026080670643,0.00014048699885670218,0.0,0.0026081351336631913,0.0,0.0024800806449217535,0.0,0.0,0.0,0.0,0.0,0.0,0.0,0.0,0.0,0.0,0.0,0.0,0.9099999666213989,0.0,0.0,0.0,0.0
63.499,0.0,0.0,0.0,datactrl_ref_vx_fallback,datactrl_est_vx_fallback,-0.9099999666213989,states_theta,-0.033012229949235916,0.0006535878471802059,0.0010929026080670643,0.00014048699885670218,0.0,0.0026081351336631913,0.0,0.0024800806449217535,0.0,0.0,0.0,0.0,0.0,0.0,0.0,0.0,0.0,0.0,0.0,0.0,0.9099999666213989,0.0,0.0,0.0,0.0
63.686,0.0,0.0,0.0,datactrl_ref_vx_fallback,datactrl_est_vx_fallback,-0.9099999666213989,states_theta,-0.033012229949235916,0.0006535878471802059,0.0010929026080670643,0.00014048699885670218,0.0,0.0026081351336631913,0.0,0.0024800806449217535,0.0,0.0,0.0,0.0,0.0,0.0,0.0,0.0,0.0,0.0,0.0,0.0,0.9099999666213989,0.0,0.0,0.0,0.0
63.889,0.0,0.0,0.0,datactrl_ref_vx_fallback,datactrl_est_vx_fallback,-0.9099999666213989,states_theta,-0.033012229949235916,0.0006535878471802059,0.0010929026080670643,0.00014048699885670218,0.0,0.0026081351336631913,0.0,0.0024800806449217535,0.0,0.0,0.0,0.0,0.0,0.0,0.0,0.0,0.0,0.0,0.0,0.0,0.9099999666213989,0.0,0.0,0.0,0.0
64.118,0.0,0.0,0.0,datactrl_ref_vx_fallback,datactrl_est_vx_fallback,-0.9099999666213989,states_theta,-0.033012229949235916,0.0006535878471802059,0.0010929026080670643,0.00014048699885670218,0.0,0.0026081351336631913,0.0,0.0024800806449217535,0.0,0.0,0.0,0.0,0.0,0.0,0.0,0.0,0.0,0.0,0.0,0.0,0.9099999666213989,0.0,0.0,0.0,0.0
64.338,0.0,0.0,0.0,datactrl_ref_vx_fallback,datactrl_est_vx_fallback,-0.9099999666213989,states_theta,-0.033012229949235916,0.0006535878471802059,0.0010929026080670643,0.00014048699885670218,0.0,0.0026081351336631913,0.0,0.0024800806449217535,0.0,0.0,0.0,0.0,0.0,0.0,0.0,0.0,0.0,0.0,0.0,0.0,0.9099999666213989,0.0,0.0,0.0,0.0
64.567,0.0,0.0,0.0,datactrl_ref_vx_fallback,datactrl_est_vx_fallback,-0.9099999666213989,states_theta,-0.033012229949235916,0.0006535878471802059,0.0010929026080670643,0.00014048699885670218,0.0,0.0026081351336631913,0.0,0.0024800806449217535,0.0,0.0,0.0,0.0,0.0,0.0,0.0,0.0,0.0,0.0,0.0,0.0,0.9099999666213989,0.0,0.0,0.0,0.0
64.788,0.0,0.0,0.0,datactrl_ref_vx_fallback,datactrl_est_vx_fallback,-0.9099999666213989,states_theta,-0.033012229949235916,0.0006535878471802059,0.0010929026080670643,0.00014048699885670218,0.0,0.0026081351336631913,0.0,0.0024800806449217535,0.0,0.0,0.0,0.0,0.0,0.0,0.0,0.0,0.0,0.0,0.0,0.0,0.9099999666213989,0.0,0.0,0.0,0.0
64.999,0.0,0.0,0.0,datactrl_ref_vx_fallback,datactrl_est_vx_fallback,-0.9099999666213989,states_theta,-0.033012229949235916,0.0006535878471802059,0.0010929026080670643,0.00014048699885670218,0.0,0.0026081351336631913,0.0,0.0024800806449217535,0.0,0.0,0.0,0.0,0.0,0.0,0.0,0.0,0.0,0.0,0.0,0.0,0.9099999666213989,0.0,0.0,0.0,0.0
65.227,0.0,0.0,0.0,datactrl_ref_vx_fallback,datactrl_est_vx_fallback,-0.9099999666213989,states_theta,-0.033012229949235916,0.0006535878471802059,0.0010929026080670643,0.00014048699885670218,0.0,0.0026081351336631913,0.0,0.0024800806449217535,0.0,0.0,0.0,0.0,0.0,0.0,0.0,0.0,0.0,0.0,0.0,0.0,0.9099999666213989,0.0,0.0,0.0,0.0
65.462,0.0,0.0,0.0,datactrl_ref_vx_fallback,datactrl_est_vx_fallback,-0.9099999666213989,states_theta,-0.033012229949235916,0.0006535878471802059,0.0010929026080670643,0.00014048699885670218,0.0,0.0026081351336631913,0.0,0.0024800806449217535,0.0,0.0,0.0,0.0,0.0,0.0,0.0,0.0,0.0,0.0,0.0,0.0,0.9099999666213989,0.0,0.0,0.0,0.0
65.685,0.0,0.0,0.0,datactrl_ref_vx_fallback,datactrl_est_vx_fallback,-0.9099999666213989,states_theta,-0.033012229949235916,0.0006535878471802059,0.0010929026080670643,0.00014048699885670218,0.0,0.0026081351336631913,0.0,0.0024800806449217535,0.0,0.0,0.0,0.0,0.0,0.0,0.0,0.0,0.0,0.0,0.0,0.0,0.9099999666213989,0.0,0.0,0.0,0.0
65.889,0.0,0.0,0.0,datactrl_ref_vx_fallback,datactrl_est_vx_fallback,-0.9099999666213989,states_theta,-0.033012229949235916,0.0006535878471802059,0.0010929026080670643,0.00014048699885670218,0.0,0.0026081351336631913,0.0,0.0024800806449217535,0.0,0.0,0.0,0.0,0.0,0.0,0.0,0.0,0.0,0.0,0.0,0.0,0.9099999666213989,0.0,0.0,0.0,0.0
66.124,0.0,0.0,0.0,datactrl_ref_vx_fallback,datactrl_est_vx_fallback,-0.9099999666213989,states_theta,-0.033012229949235916,0.0006535878471802059,0.0010929026080670643,0.00014048699885670218,0.0,0.0026081351336631913,0.0,0.0024800806449217535,0.0,0.0,0.0,0.0,0.0,0.0,0.0,0.0,0.0,0.0,0.0,0.0,0.9099999666213989,0.0,0.0,0.0,0.0
66.355,0.0,0.0,0.0,datactrl_ref_vx_fallback,datactrl_est_vx_fallback,-0.9099999666213989,states_theta,-0.033012229949235916,0.0006535878471802059,0.0010929026080670643,0.00014048699885670218,0.0,0.0026081351336631913,0.0,0.0024800806449217535,0.0,0.0,0.0,0.0,0.0,0.0,0.0,0.0,0.0,0.0,0.0,0.0,0.9099999666213989,0.0,0.0,0.0,0.0
66.585,0.0,0.0,0.0,datactrl_ref_vx_fallback,datactrl_est_vx_fallback,-0.9099999666213989,states_theta,-0.033012229949235916,0.0006535878471802059,0.0010929026080670643,0.00014048699885670218,0.0,0.0026081351336631913,0.0,0.0024800806449217535,0.0,0.0,0.0,0.0,0.0,0.0,0.0,0.0,0.0,0.0,0.0,0.0,0.9099999666213989,0.0,0.0,0.0,0.0
66.8,0.0,0.0,0.0,datactrl_ref_vx_fallback,datactrl_est_vx_fallback,-0.9099999666213989,states_theta,-0.033012229949235916,0.0006535878471802059,0.0010929026080670643,0.00014048699885670218,0.0,0.0026081351336631913,0.0,0.0024800806449217535,0.0,0.0,0.0,0.0,0.0,0.0,0.0,0.0,0.0,0.0,0.0,0.0,0.9099999666213989,0.0,0.0,0.0,0.0
67.014,0.0,0.0,0.0,datactrl_ref_vx_fallback,datactrl_est_vx_fallback,-0.9099999666213989,states_theta,-0.033012229949235916,0.0006535878471802059,0.0010929026080670643,0.00014048699885670218,0.0,0.0026081351336631913,0.0,0.0024800806449217535,0.0,0.0,0.0,0.0,0.0,0.0,0.0,0.0,0.0,0.0,0.0,0.0,0.9099999666213989,0.0,0.0,0.0,0.0
67.24,0.0,0.0,0.0,datactrl_ref_vx_fallback,datactrl_est_vx_fallback,-0.9099999666213989,states_theta,-0.033012229949235916,0.0006535878471802059,0.0010929026080670643,0.00014048699885670218,0.0,0.0026081351336631913,0.0,0.0024800806449217535,0.0,0.0,0.0,0.0,0.0,0.0,0.0,0.0,0.0,0.0,0.0,0.0,0.9099999666213989,0.0,0.0,0.0,0.0
67.46,0.0,0.0,0.0,datactrl_ref_vx_fallback,datactrl_est_vx_fallback,-0.9099999666213989,states_theta,-0.033012229949235916,0.0006535878471802059,0.0010929026080670643,0.00014048699885670218,0.0,0.0026081351336631913,0.0,0.0024800806449217535,0.0,0.0,0.0,0.0,0.0,0.0,0.0,0.0,0.0,0.0,0.0,0.0,0.9099999666213989,0.0,0.0,0.0,0.0
67.646,0.0,0.0,0.0,datactrl_ref_vx_fallback,datactrl_est_vx_fallback,-0.9099999666213989,states_theta,-0.033012229949235916,0.0006535878471802059,0.0010929026080670643,0.00014048699885670218,0.0,0.0026081351336631913,0.0,0.0024800806449217535,0.0,0.0,0.0,0.0,0.0,0.0,0.0,0.0,0.0,0.0,0.0,0.0,0.9099999666213989,0.0,0.0,0.0,0.0
67.697,0.0,0.0,0.0,datactrl_ref_vx_fallback,datactrl_est_vx_fallback,-0.9099999666213989,states_theta,-0.033012229949235916,0.0006535878471802059,0.0010929026080670643,0.00014048699885670218,0.0,0.0026081351336631913,0.0,0.0024800806449217535,0.0,0.0,0.0,0.0,0.0,0.0,0.0,0.0,0.0,0.0,0.0,0.0,0.9099999666213989,0.0,0.0,0.0,0.0
67.883,0.0,0.0,0.0,datactrl_ref_vx_fallback,datactrl_est_vx_fallback,-0.9099999666213989,states_theta,-0.033012229949235916,0.0006535878471802059,0.0010929026080670643,0.00014048699885670218,0.0,0.0026081351336631913,0.0,0.0024800806449217535,0.0,0.0,0.0,0.0,0.0,0.0,0.0,0.0,0.0,0.0,0.0,0.0,0.9099999666213989,0.0,0.0,0.0,0.0
68.137,0.0,0.0,0.0,datactrl_ref_vx_fallback,datactrl_est_vx_fallback,-0.9099999666213989,states_theta,-0.033012229949235916,0.0006535878471802059,0.0010929026080670643,0.00014048699885670218,0.0,0.0026081351336631913,0.0,0.0024800806449217535,0.0,0.0,0.0,0.0,0.0,0.0,0.0,0.0,0.0,0.0,0.0,0.0,0.9099999666213989,0.0,0.0,0.0,0.0
68.363,0.0,0.0,0.0,datactrl_ref_vx_fallback,datactrl_est_vx_fallback,-0.9099999666213989,states_theta,-0.033012229949235916,0.0006535878471802059,0.0010929026080670643,0.00014048699885670218,0.0,0.0026081351336631913,0.0,0.0024800806449217535,0.0,0.0,0.0,0.0,0.0,0.0,0.0,0.0,0.0,0.0,0.0,0.0,0.9099999666213989,0.0,0.0,0.0,0.0
68.573,0.0,0.0,0.0,datactrl_ref_vx_fallback,datactrl_est_vx_fallback,-0.9099999666213989,states_theta,-0.033012229949235916,0.0006535878471802059,0.0010929026080670643,0.00014048699885670218,0.0,0.0026081351336631913,0.0,0.0024800806449217535,0.0,0.0,0.0,0.0,0.0,0.0,0.0,0.0,0.0,0.0,0.0,0.0,0.9099999666213989,0.0,0.0,0.0,0.0
68.8,0.0,0.0,0.0,datactrl_ref_vx_fallback,datactrl_est_vx_fallback,-0.9099999666213989,states_theta,-0.033012229949235916,0.0006535878471802059,0.0010929026080670643,0.00014048699885670218,0.0,0.0026081351336631913,0.0,0.0024800806449217535,0.0,0.0,0.0,0.0,0.0,0.0,0.0,0.0,0.0,0.0,0.0,0.0,0.9099999666213989,0.0,0.0,0.0,0.0
69.009,0.0,0.0,0.0,datactrl_ref_vx_fallback,datactrl_est_vx_fallback,-0.9099999666213989,states_theta,-0.033012229949235916,0.0006535878471802059,0.0010929026080670643,0.00014048699885670218,0.0,0.0026081351336631913,0.0,0.0024800806449217535,0.0,0.0,0.0,0.0,0.0,0.0,0.0,0.0,0.0,0.0,0.0,0.0,0.9099999666213989,0.0,0.0,0.0,0.0
69.266,0.0,0.0,0.0,datactrl_ref_vx_fallback,datactrl_est_vx_fallback,-0.9099999666213989,states_theta,-0.033012229949235916,0.0006535878471802059,0.0010929026080670643,0.00014048699885670218,0.0,0.0026081351336631913,0.0,0.0024800806449217535,0.0,0.0,0.0,0.0,0.0,0.0,0.0,0.0,0.0,0.0,0.0,0.0,0.9099999666213989,0.0,0.0,0.0,0.0
69.41,0.0,0.0,0.0,datactrl_ref_vx_fallback,datactrl_est_vx_fallback,-0.9099999666213989,states_theta,-0.033012229949235916,0.0006535878471802059,0.0010929026080670643,0.00014048699885670218,0.0,0.0026081351336631913,0.0,0.0024800806449217535,0.0,0.0,0.0,0.0,0.0,0.0,0.0,0.0,0.0,0.0,0.0,0.0,0.9099999666213989,0.0,0.0,0.0,0.0
69.46,0.0,0.0,0.0,datactrl_ref_vx_fallback,datactrl_est_vx_fallback,-0.9099999666213989,states_theta,-0.033012229949235916,0.0006535878471802059,0.0010929026080670643,0.00014048699885670218,0.0,0.0026081351336631913,0.0,0.0024800806449217535,0.0,0.0,0.0,0.0,0.0,0.0,0.0,0.0,0.0,0.0,0.0,0.0,0.9099999666213989,0.0,0.0,0.0,0.0
69.642,0.0,0.0,0.0,datactrl_ref_vx_fallback,datactrl_est_vx_fallback,-0.9099999666213989,states_theta,-0.033012229949235916,0.0006535878471802059,0.0010929026080670643,0.00014048699885670218,0.0,0.0026081351336631913,0.0,0.0024800806449217535,0.0,0.0,0.0,0.0,0.0,0.0,0.0,0.0,0.0,0.0,0.0,0.0,0.9099999666213989,0.0,0.0,0.0,0.0
69.86,0.0,0.0,0.0,datactrl_ref_vx_fallback,datactrl_est_vx_fallback,-0.9099999666213989,states_theta,-0.033012229949235916,0.0006535878471802059,0.0010929026080670643,0.00014048699885670218,0.0,0.0026081351336631913,0.0,0.0024800806449217535,0.0,0.0,0.0,0.0,0.0,0.0,0.0,0.0,0.0,0.0,0.0,0.0,0.9099999666213989,0.0,0.0,0.0,0.0
70.086,0.0,0.0,0.0,datactrl_ref_vx_fallback,datactrl_est_vx_fallback,-0.9099999666213989,states_theta,-0.033012229949235916,0.0006535878471802059,0.0010929026080670643,0.00014048699885670218,0.0,0.0026081351336631913,0.0,0.0024800806449217535,0.0,0.0,0.0,0.0,0.0,0.0,0.0,0.0,0.0,0.0,0.0,0.0,0.9099999666213989,0.0,0.0,0.0,0.0
70.138,0.0,0.0,0.0,datactrl_ref_vx_fallback,datactrl_est_vx_fallback,-0.9099999666213989,states_theta,-0.033012229949235916,0.0006535878471802059,0.0010929026080670643,0.00014048699885670218,0.0,0.0026081351336631913,0.0,0.0024800806449217535,0.0,0.0,0.0,0.0,0.0,0.0,0.0,0.0,0.0,0.0,0.0,0.0,0.9099999666213989,0.0,0.0,0.0,0.0
70.326,0.0,0.0,0.0,datactrl_ref_vx_fallback,datactrl_est_vx_fallback,-0.9099999666213989,states_theta,-0.033012229949235916,0.0006535878471802059,0.0010929026080670643,0.00014048699885670218,0.0,0.0026081351336631913,0.0,0.0024800806449217535,0.0,0.0,0.0,0.0,0.0,0.0,0.0,0.0,0.0,0.0,0.0,0.0,0.9099999666213989,0.0,0.0,0.0,0.0
70.547,0.0,0.0,0.0,datactrl_ref_vx_fallback,datactrl_est_vx_fallback,-0.9099999666213989,states_theta,-0.033012229949235916,0.0006535878471802059,0.0010929026080670643,0.00014048699885670218,0.0,0.0026081351336631913,0.0,0.0024800806449217535,0.0,0.0,0.0,0.0,0.0,0.0,0.0,0.0,0.0,0.0,0.0,0.0,0.9099999666213989,0.0,0.0,0.0,0.0
70.755,0.0,0.0,0.0,datactrl_ref_vx_fallback,datactrl_est_vx_fallback,-0.9099999666213989,states_theta,-0.033012229949235916,0.0006535878471802059,0.0010929026080670643,0.00014048699885670218,0.0,0.0026081351336631913,0.0,0.0024800806449217535,0.0,0.0,0.0,0.0,0.0,0.0,0.0,0.0,0.0,0.0,0.0,0.0,0.9099999666213989,0.0,0.0,0.0,0.0
71.043,0.0,0.0,0.0,datactrl_ref_vx_fallback,datactrl_est_vx_fallback,-0.9099999666213989,states_theta,-0.033012229949235916,0.0006535878471802059,0.0010929026080670643,0.00014048699885670218,0.0,0.0026081351336631913,0.0,0.0024800806449217535,0.0,0.0,0.0,0.0,0.0,0.0,0.0,0.0,0.0,0.0,0.0,0.0,0.9099999666213989,0.0,0.0,0.0,0.0
71.234,0.0,0.0,0.0,datactrl_ref_vx_fallback,datactrl_est_vx_fallback,-0.9099999666213989,states_theta,-0.033012229949235916,0.0006535878471802059,0.0010929026080670643,0.00014048699885670218,0.0,0.0026081351336631913,0.0,0.0024800806449217535,0.0,0.0,0.0,0.0,0.0,0.0,0.0,0.0,0.0,0.0,0.0,0.0,0.9099999666213989,0.0,0.0,0.0,0.0
71.44,0.0,0.0,0.0,datactrl_ref_vx_fallback,datactrl_est_vx_fallback,-0.9099999666213989,states_theta,-0.033012229949235916,0.0006535878471802059,0.0010929026080670643,0.00014048699885670218,0.0,0.0026081351336631913,0.0,0.0024800806449217535,0.0,0.0,0.0,0.0,0.0,0.0,0.0,0.0,0.0,0.0,0.0,0.0,0.9099999666213989,0.0,0.0,0.0,0.0
71.671,0.0,0.0,0.0,datactrl_ref_vx_fallback,datactrl_est_vx_fallback,-0.9099999666213989,states_theta,-0.033012229949235916,0.0006535878471802059,0.0010929026080670643,0.00014048699885670218,0.0,0.0026081351336631913,0.0,0.0024800806449217535,0.0,0.0,0.0,0.0,0.0,0.0,0.0,0.0,0.0,0.0,0.0,0.0,0.9099999666213989,0.0,0.0,0.0,0.0
71.894,0.0,0.0,0.0,datactrl_ref_vx_fallback,datactrl_est_vx_fallback,-0.9099999666213989,states_theta,-0.033012229949235916,0.0006535878471802059,0.0010929026080670643,0.00014048699885670218,0.0,0.0026081351336631913,0.0,0.0024800806449217535,0.0,0.0,0.0,0.0,0.0,0.0,0.0,0.0,0.0,0.0,0.0,0.0,0.9099999666213989,0.0,0.0,0.0,0.0
72.109,0.0,0.0,0.0,datactrl_ref_vx_fallback,datactrl_est_vx_fallback,-0.9099999666213989,states_theta,-0.033012229949235916,0.0006535878471802059,0.0010929026080670643,0.00014048699885670218,0.0,0.0026081351336631913,0.0,0.0024800806449217535,0.0,0.0,0.0,0.0,0.0,0.0,0.0,0.0,0.0,0.0,0.0,0.0,0.9099999666213989,0.0,0.0,0.0,0.0
72.315,0.0,0.0,0.0,datactrl_ref_vx_fallback,datactrl_est_vx_fallback,-0.9099999666213989,states_theta,-0.033012229949235916,0.0006535878471802059,0.0010929026080670643,0.00014048699885670218,0.0,0.0026081351336631913,0.0,0.0024800806449217535,0.0,0.0,0.0,0.0,0.0,0.0,0.0,0.0,0.0,0.0,0.0,0.0,0.9099999666213989,0.0,0.0,0.0,0.0
72.59,0.0,0.0,0.0,datactrl_ref_vx_fallback,datactrl_est_vx_fallback,-0.9099999666213989,states_theta,-0.033012229949235916,0.0006535878471802059,0.0010929026080670643,0.00014048699885670218,0.0,0.0026081351336631913,0.0,0.0024800806449217535,0.0,0.0,0.0,0.0,0.0,0.0,0.0,0.0,0.0,0.0,0.0,0.0,0.9099999666213989,0.0,0.0,0.0,0.0
72.773,0.0,0.0,0.0,datactrl_ref_vx_fallback,datactrl_est_vx_fallback,-0.9099999666213989,states_theta,-0.033012229949235916,0.0006535878471802059,0.0010929026080670643,0.00014048699885670218,0.0,0.0026081351336631913,0.0,0.0024800806449217535,0.0,0.0,0.0,0.0,0.0,0.0,0.0,0.0,0.0,0.0,0.0,0.0,0.9099999666213989,0.0,0.0,0.0,0.0
72.824,0.0,0.0,0.0,datactrl_ref_vx_fallback,datactrl_est_vx_fallback,-0.9099999666213989,states_theta,-0.033012229949235916,0.0006535878471802059,0.0010929026080670643,0.00014048699885670218,0.0,0.0026081351336631913,0.0,0.0024800806449217535,0.0,0.0,0.0,0.0,0.0,0.0,0.0,0.0,0.0,0.0,0.0,0.0,0.9099999666213989,0.0,0.0,0.0,0.0
73.002,0.0,0.0,0.0,datactrl_ref_vx_fallback,datactrl_est_vx_fallback,-0.9099999666213989,states_theta,-0.033012229949235916,0.0006535878471802059,0.0010929026080670643,0.00014048699885670218,0.0,0.0026081351336631913,0.0,0.0024800806449217535,0.0,0.0,0.0,0.0,0.0,0.0,0.0,0.0,0.0,0.0,0.0,0.0,0.9099999666213989,0.0,0.0,0.0,0.0
73.201,0.0,0.0,0.0,datactrl_ref_vx_fallback,datactrl_est_vx_fallback,-0.9099999666213989,states_theta,-0.033012229949235916,0.0006535878471802059,0.0010929026080670643,0.00014048699885670218,0.0,0.0026081351336631913,0.0,0.0024800806449217535,0.0,0.0,0.0,0.0,0.0,0.0,0.0,0.0,0.0,0.0,0.0,0.0,0.9099999666213989,0.0,0.0,0.0,0.0
73.42,0.0,0.0,0.0,datactrl_ref_vx_fallback,datactrl_est_vx_fallback,-0.9099999666213989,states_theta,-0.033012229949235916,0.0006535878471802059,0.0010929026080670643,0.00014048699885670218,0.0,0.0026081351336631913,0.0,0.0024800806449217535,0.0,0.0,0.0,0.0,0.0,0.0,0.0,0.0,0.0,0.0,0.0,0.0,0.9099999666213989,0.0,0.0,0.0,0.0
73.644,0.0,0.0,0.0,datactrl_ref_vx_fallback,datactrl_est_vx_fallback,-0.9099999666213989,states_theta,-0.033012229949235916,0.0006535878471802059,0.0010929026080670643,0.00014048699885670218,0.0,0.0026081351336631913,0.0,0.0024800806449217535,0.0,0.0,0.0,0.0,0.0,0.0,0.0,0.0,0.0,0.0,0.0,0.0,0.9099999666213989,0.0,0.0,0.0,0.0
73.855,0.0,0.0,0.0,datactrl_ref_vx_fallback,datactrl_est_vx_fallback,-0.9099999666213989,states_theta,-0.033012229949235916,0.0006535878471802059,0.0010929026080670643,0.00014048699885670218,0.0,0.0026081351336631913,0.0,0.0024800806449217535,0.0,0.0,0.0,0.0,0.0,0.0,0.0,0.0,0.0,0.0,0.0,0.0,0.9099999666213989,0.0,0.0,0.0,0.0
74.132,0.0,0.0,0.0,datactrl_ref_vx_fallback,datactrl_est_vx_fallback,-0.9099999666213989,states_theta,-0.033012229949235916,0.0006535878471802059,0.0010929026080670643,0.00014048699885670218,0.0,0.0026081351336631913,0.0,0.0024800806449217535,0.0,0.0,0.0,0.0,0.0,0.0,0.0,0.0,0.0,0.0,0.0,0.0,0.9099999666213989,0.0,0.0,0.0,0.0
74.32,0.0,0.0,0.0,datactrl_ref_vx_fallback,datactrl_est_vx_fallback,-0.9099999666213989,states_theta,-0.033012229949235916,0.0006535878471802059,0.0010929026080670643,0.00014048699885670218,0.0,0.0026081351336631913,0.0,0.0024800806449217535,0.0,0.0,0.0,0.0,0.0,0.0,0.0,0.0,0.0,0.0,0.0,0.0,0.9099999666213989,0.0,0.0,0.0,0.0
74.531,0.0,0.0,0.0,datactrl_ref_vx_fallback,datactrl_est_vx_fallback,-0.9099999666213989,states_theta,-0.033012229949235916,0.0006535878471802059,0.0010929026080670643,0.00014048699885670218,0.0,0.0026081351336631913,0.0,0.0024800806449217535,0.0,0.0,0.0,0.0,0.0,0.0,0.0,0.0,0.0,0.0,0.0,0.0,0.9099999666213989,0.0,0.0,0.0,0.0
74.752,0.0,0.0,0.0,datactrl_ref_vx_fallback,datactrl_est_vx_fallback,-0.9099999666213989,states_theta,-0.033012229949235916,0.0006535878471802059,0.0010929026080670643,0.00014048699885670218,0.0,0.0026081351336631913,0.0,0.0024800806449217535,0.0,0.0,0.0,0.0,0.0,0.0,0.0,0.0,0.0,0.0,0.0,0.0,0.9099999666213989,0.0,0.0,0.0,0.0
74.949,0.0,0.0,0.0,datactrl_ref_vx_fallback,datactrl_est_vx_fallback,-0.9099999666213989,states_theta,-0.033012229949235916,0.0006535878471802059,0.0010929026080670643,0.00014048699885670218,0.0,0.0026081351336631913,0.0,0.0024800806449217535,0.0,0.0,0.0,0.0,0.0,0.0,0.0,0.0,0.0,0.0,0.0,0.0,0.9099999666213989,0.0,0.0,0.0,0.0
75.224,0.0,0.0,0.0,datactrl_ref_vx_fallback,datactrl_est_vx_fallback,-0.9099999666213989,states_theta,-0.033012229949235916,0.0006535878471802059,0.0010929026080670643,0.00014048699885670218,0.0,0.0026081351336631913,0.0,0.0024800806449217535,0.0,0.0,0.0,0.0,0.0,0.0,0.0,0.0,0.0,0.0,0.0,0.0,0.9099999666213989,0.0,0.0,0.0,0.0
75.402,0.0,0.0,0.0,datactrl_ref_vx_fallback,datactrl_est_vx_fallback,-0.9099999666213989,states_theta,-0.033012229949235916,0.0006535878471802059,0.0010929026080670643,0.00014048699885670218,0.0,0.0026081351336631913,0.0,0.0024800806449217535,0.0,0.0,0.0,0.0,0.0,0.0,0.0,0.0,0.0,0.0,0.0,0.0,0.9099999666213989,0.0,0.0,0.0,0.0
75.638,0.0,0.0,0.0,datactrl_ref_vx_fallback,datactrl_est_vx_fallback,-0.9099999666213989,states_theta,-0.033012229949235916,0.0006535878471802059,0.0010929026080670643,0.00014048699885670218,0.0,0.0026081351336631913,0.0,0.0024800806449217535,0.0,0.0,0.0,0.0,0.0,0.0,0.0,0.0,0.0,0.0,0.0,0.0,0.9099999666213989,0.0,0.0,0.0,0.0
75.832,0.0,0.0,0.0,datactrl_ref_vx_fallback,datactrl_est_vx_fallback,-0.9099999666213989,states_theta,-0.033012229949235916,0.0006535878471802059,0.0010929026080670643,0.00014048699885670218,0.0,0.0026081351336631913,0.0,0.0024800806449217535,0.0,0.0,0.0,0.0,0.0,0.0,0.0,0.0,0.0,0.0,0.0,0.0,0.9099999666213989,0.0,0.0,0.0,0.0
76.107,0.0,0.0,0.0,datactrl_ref_vx_fallback,datactrl_est_vx_fallback,-0.9099999666213989,states_theta,-0.033012229949235916,0.0006535878471802059,0.0010929026080670643,0.00014048699885670218,0.0,0.0026081351336631913,0.0,0.0024800806449217535,0.0,0.0,0.0,0.0,0.0,0.0,0.0,0.0,0.0,0.0,0.0,0.0,0.9099999666213989,0.0,0.0,0.0,0.0
76.291,0.0,0.0,0.0,datactrl_ref_vx_fallback,datactrl_est_vx_fallback,-0.9099999666213989,states_theta,-0.033012229949235916,0.0006535878471802059,0.0010929026080670643,0.00014048699885670218,0.0,0.0026081351336631913,0.0,0.0024800806449217535,0.0,0.0,0.0,0.0,0.0,0.0,0.0,0.0,0.0,0.0,0.0,0.0,0.9099999666213989,0.0,0.0,0.0,0.0
76.54,0.0,0.0,0.0,datactrl_ref_vx_fallback,datactrl_est_vx_fallback,-0.9099999666213989,states_theta,-0.033012229949235916,0.0006535878471802059,0.0010929026080670643,0.00014048699885670218,0.0,0.0026081351336631913,0.0,0.0024800806449217535,0.0,0.0,0.0,0.0,0.0,0.0,0.0,0.0,0.0,0.0,0.0,0.0,0.9099999666213989,0.0,0.0,0.0,0.0
76.741,0.0,0.0,0.0,datactrl_ref_vx_fallback,datactrl_est_vx_fallback,-0.9099999666213989,states_theta,-0.033012229949235916,0.0006535878471802059,0.0010929026080670643,0.00014048699885670218,0.0,0.0026081351336631913,0.0,0.0024800806449217535,0.0,0.0,0.0,0.0,0.0,0.0,0.0,0.0,0.0,0.0,0.0,0.0,0.9099999666213989,0.0,0.0,0.0,0.0
76.961,0.0,0.0,0.0,datactrl_ref_vx_fallback,datactrl_est_vx_fallback,-0.9099999666213989,states_theta,-0.033012229949235916,0.0006535878471802059,0.0010929026080670643,0.00014048699885670218,0.0,0.0026081351336631913,0.0,0.0024800806449217535,0.0,0.0,0.0,0.0,0.0,0.0,0.0,0.0,0.0,0.0,0.0,0.0,0.9099999666213989,0.0,0.0,0.0,0.0
77.181,0.0,0.0,0.0,datactrl_ref_vx_fallback,datactrl_est_vx_fallback,-0.9099999666213989,states_theta,-0.033012229949235916,0.0006535878471802059,0.0010929026080670643,0.00014048699885670218,0.0,0.0026081351336631913,0.0,0.0024800806449217535,0.0,0.0,0.0,0.0,0.0,0.0,0.0,0.0,0.0,0.0,0.0,0.0,0.9099999666213989,0.0,0.0,0.0,0.0
77.393,0.0,0.0,0.0,datactrl_ref_vx_fallback,datactrl_est_vx_fallback,-0.9099999666213989,states_theta,-0.033012229949235916,0.0006535878471802059,0.0010929026080670643,0.00014048699885670218,0.0,0.0026081351336631913,0.0,0.0024800806449217535,0.0,0.0,0.0,0.0,0.0,0.0,0.0,0.0,0.0,0.0,0.0,0.0,0.9099999666213989,0.0,0.0,0.0,0.0
77.652,0.0,0.0,0.0,datactrl_ref_vx_fallback,datactrl_est_vx_fallback,-0.9099999666213989,states_theta,-0.033012229949235916,0.0006535878471802059,0.0010929026080670643,0.00014048699885670218,0.0,0.0026081351336631913,0.0,0.0024800806449217535,0.0,0.0,0.0,0.0,0.0,0.0,0.0,0.0,0.0,0.0,0.0,0.0,0.9099999666213989,0.0,0.0,0.0,0.0
77.83,0.0,0.0,0.0,datactrl_ref_vx_fallback,datactrl_est_vx_fallback,-0.9099999666213989,states_theta,-0.033012229949235916,0.0006535878471802059,0.0010929026080670643,0.00014048699885670218,0.0,0.0026081351336631913,0.0,0.0024800806449217535,0.0,0.0,0.0,0.0,0.0,0.0,0.0,0.0,0.0,0.0,0.0,0.0,0.9099999666213989,0.0,0.0,0.0,0.0
78.067,0.0,0.0,0.0,datactrl_ref_vx_fallback,datactrl_est_vx_fallback,-0.9099999666213989,states_theta,-0.033012229949235916,0.0006535878471802059,0.0010929026080670643,0.00014048699885670218,0.0,0.0026081351336631913,0.0,0.0024800806449217535,0.0,0.0,0.0,0.0,0.0,0.0,0.0,0.0,0.0,0.0,0.0,0.0,0.9099999666213989,0.0,0.0,0.0,0.0
78.281,0.0,0.0,0.0,datactrl_ref_vx_fallback,datactrl_est_vx_fallback,-0.9099999666213989,states_theta,-0.033012229949235916,0.0006535878471802059,0.0010929026080670643,0.00014048699885670218,0.0,0.0026081351336631913,0.0,0.0024800806449217535,0.0,0.0,0.0,0.0,0.0,0.0,0.0,0.0,0.0,0.0,0.0,0.0,0.9099999666213989,0.0,0.0,0.0,0.0
78.484,0.0,0.0,0.0,datactrl_ref_vx_fallback,datactrl_est_vx_fallback,-0.9099999666213989,states_theta,-0.033012229949235916,0.0006535878471802059,0.0010929026080670643,0.00014048699885670218,0.0,0.0026081351336631913,0.0,0.0024800806449217535,0.0,0.0,0.0,0.0,0.0,0.0,0.0,0.0,0.0,0.0,0.0,0.0,0.9099999666213989,0.0,0.0,0.0,0.0
78.695,0.0,0.0,0.0,datactrl_ref_vx_fallback,datactrl_est_vx_fallback,-0.9099999666213989,states_theta,-0.033012229949235916,0.0006535878471802059,0.0010929026080670643,0.00014048699885670218,0.0,0.0026081351336631913,0.0,0.0024800806449217535,0.0,0.0,0.0,0.0,0.0,0.0,0.0,0.0,0.0,0.0,0.0,0.0,0.9099999666213989,0.0,0.0,0.0,0.0
78.903,0.0,0.0,0.0,datactrl_ref_vx_fallback,datactrl_est_vx_fallback,-0.9099999666213989,states_theta,-0.033012229949235916,0.0006535878471802059,0.0010929026080670643,0.00014048699885670218,0.0,0.0026081351336631913,0.0,0.0024800806449217535,0.0,0.0,0.0,0.0,0.0,0.0,0.0,0.0,0.0,0.0,0.0,0.0,0.9099999666213989,0.0,0.0,0.0,0.0
79.188,0.0,0.0,0.0,datactrl_ref_vx_fallback,datactrl_est_vx_fallback,-0.9099999666213989,states_theta,-0.033012229949235916,0.0006535878471802059,0.0010929026080670643,0.00014048699885670218,0.0,0.0026081351336631913,0.0,0.0024800806449217535,0.0,0.0,0.0,0.0,0.0,0.0,0.0,0.0,0.0,0.0,0.0,0.0,0.9099999666213989,0.0,0.0,0.0,0.0
79.354,0.0,0.0,0.0,datactrl_ref_vx_fallback,datactrl_est_vx_fallback,-0.9099999666213989,states_theta,-0.033012229949235916,0.0006535878471802059,0.0010929026080670643,0.00014048699885670218,0.0,0.0026081351336631913,0.0,0.0024800806449217535,0.0,0.0,0.0,0.0,0.0,0.0,0.0,0.0,0.0,0.0,0.0,0.0,0.9099999666213989,0.0,0.0,0.0,0.0
79.583,0.0,0.0,0.0,datactrl_ref_vx_fallback,datactrl_est_vx_fallback,-0.9099999666213989,states_theta,-0.033012229949235916,0.0006535878471802059,0.0010929026080670643,0.00014048699885670218,0.0,0.0026081351336631913,0.0,0.0024800806449217535,0.0,0.0,0.0,0.0,0.0,0.0,0.0,0.0,0.0,0.0,0.0,0.0,0.9099999666213989,0.0,0.0,0.0,0.0
79.81,0.0,0.0,0.0,datactrl_ref_vx_fallback,datactrl_est_vx_fallback,-0.9099999666213989,states_theta,-0.033012229949235916,0.0006535878471802059,0.0010929026080670643,0.00014048699885670218,0.0,0.0026081351336631913,0.0,0.0024800806449217535,0.0,0.0,0.0,0.0,0.0,0.0,0.0,0.0,0.0,0.0,0.0,0.0,0.9099999666213989,0.0,0.0,0.0,0.0
80.046,0.0,0.0,0.0,datactrl_ref_vx_fallback,datactrl_est_vx_fallback,-0.9099999666213989,states_theta,-0.033012229949235916,0.0006535878471802059,0.0010929026080670643,0.00014048699885670218,0.0,0.0026081351336631913,0.0,0.0024800806449217535,0.0,0.0,0.0,0.0,0.0,0.0,0.0,0.0,0.0,0.0,0.0,0.0,0.9099999666213989,0.0,0.0,0.0,0.0
80.273,0.0,0.0,0.0,datactrl_ref_vx_fallback,datactrl_est_vx_fallback,-0.9099999666213989,states_theta,-0.033012229949235916,0.0006535878471802059,0.0010929026080670643,0.00014048699885670218,0.0,0.0026081351336631913,0.0,0.0024800806449217535,0.0,0.0,0.0,0.0,0.0,0.0,0.0,0.0,0.0,0.0,0.0,0.0,0.9099999666213989,0.0,0.0,0.0,0.0
80.504,0.0,0.0,0.0,datactrl_ref_vx_fallback,datactrl_est_vx_fallback,-0.9099999666213989,states_theta,-0.033012229949235916,0.0006535878471802059,0.0010929026080670643,0.00014048699885670218,0.0,0.0026081351336631913,0.0,0.0024800806449217535,0.0,0.0,0.0,0.0,0.0,0.0,0.0,0.0,0.0,0.0,0.0,0.0,0.9099999666213989,0.0,0.0,0.0,0.0
80.718,0.0,0.0,0.0,datactrl_ref_vx_fallback,datactrl_est_vx_fallback,-0.9099999666213989,states_theta,-0.033012229949235916,0.0006535878471802059,0.0010929026080670643,0.00014048699885670218,0.0,0.0026081351336631913,0.0,0.0024800806449217535,0.0,0.0,0.0,0.0,0.0,0.0,0.0,0.0,0.0,0.0,0.0,0.0,0.9099999666213989,0.0,0.0,0.0,0.0
80.947,0.0,0.0,0.0,datactrl_ref_vx_fallback,datactrl_est_vx_fallback,-0.9099999666213989,states_theta,-0.033012229949235916,0.0006535878471802059,0.0010929026080670643,0.00014048699885670218,0.0,0.0026081351336631913,0.0,0.0024800806449217535,0.0,0.0,0.0,0.0,0.0,0.0,0.0,0.0,0.0,0.0,0.0,0.0,0.9099999666213989,0.0,0.0,0.0,0.0
81.147,0.0,0.0,0.0,datactrl_ref_vx_fallback,datactrl_est_vx_fallback,-0.9099999666213989,states_theta,-0.033012229949235916,0.0006535878471802059,0.0010929026080670643,0.00014048699885670218,0.0,0.0026081351336631913,0.0,0.0024800806449217535,0.0,0.0,0.0,0.0,0.0,0.0,0.0,0.0,0.0,0.0,0.0,0.0,0.9099999666213989,0.0,0.0,0.0,0.0
81.38,0.0,0.0,0.0,datactrl_ref_vx_fallback,datactrl_est_vx_fallback,-0.9099999666213989,states_theta,-0.033012229949235916,0.0006535878471802059,0.0010929026080670643,0.00014048699885670218,0.0,0.0026081351336631913,0.0,0.0024800806449217535,0.0,0.0,0.0,0.0,0.0,0.0,0.0,0.0,0.0,0.0,0.0,0.0,0.9099999666213989,0.0,0.0,0.0,0.0
81.617,0.0,0.0,0.0,datactrl_ref_vx_fallback,datactrl_est_vx_fallback,-0.9099999666213989,states_theta,-0.033012229949235916,0.0006535878471802059,0.0010929026080670643,0.00014048699885670218,0.0,0.0026081351336631913,0.0,0.0024800806449217535,0.0,0.0,0.0,0.0,0.0,0.0,0.0,0.0,0.0,0.0,0.0,0.0,0.9099999666213989,0.0,0.0,0.0,0.0
81.667,0.0,0.0,0.0,datactrl_ref_vx_fallback,datactrl_est_vx_fallback,-0.9099999666213989,states_theta,-0.033012229949235916,0.0006535878471802059,0.0010929026080670643,0.00014048699885670218,0.0,0.0026081351336631913,0.0,0.0024800806449217535,0.0,0.0,0.0,0.0,0.0,0.0,0.0,0.0,0.0,0.0,0.0,0.0,0.9099999666213989,0.0,0.0,0.0,0.0
81.839,0.0,0.0,0.0,datactrl_ref_vx_fallback,datactrl_est_vx_fallback,-0.9099999666213989,states_theta,-0.033012229949235916,0.0006535878471802059,0.0010929026080670643,0.00014048699885670218,0.0,0.0026081351336631913,0.0,0.0024800806449217535,0.0,0.0,0.0,0.0,0.0,0.0,0.0,0.0,0.0,0.0,0.0,0.0,0.9099999666213989,0.0,0.0,0.0,0.0
82.051,0.0,0.0,0.0,datactrl_ref_vx_fallback,datactrl_est_vx_fallback,-0.9099999666213989,states_theta,-0.033012229949235916,0.0006535878471802059,0.0010929026080670643,0.00014048699885670218,0.0,0.0026081351336631913,0.0,0.0024800806449217535,0.0,0.0,0.0,0.0,0.0,0.0,0.0,0.0,0.0,0.0,0.0,0.0,0.9099999666213989,0.0,0.0,0.0,0.0
82.274,0.0,0.0,0.0,datactrl_ref_vx_fallback,datactrl_est_vx_fallback,-0.9099999666213989,states_theta,-0.033012229949235916,0.0006535878471802059,0.0010929026080670643,0.00014048699885670218,0.0,0.0026081351336631913,0.0,0.0024800806449217535,0.0,0.0,0.0,0.0,0.0,0.0,0.0,0.0,0.0,0.0,0.0,0.0,0.9099999666213989,0.0,0.0,0.0,0.0
82.326,0.0,0.0,0.0,datactrl_ref_vx_fallback,datactrl_est_vx_fallback,-0.9099999666213989,states_theta,-0.033012229949235916,0.0006535878471802059,0.0010929026080670643,0.00014048699885670218,0.0,0.0026081351336631913,0.0,0.0024800806449217535,0.0,0.0,0.0,0.0,0.0,0.0,0.0,0.0,0.0,0.0,0.0,0.0,0.9099999666213989,0.0,0.0,0.0,0.0
82.522,0.0,0.0,0.0,datactrl_ref_vx_fallback,datactrl_est_vx_fallback,-0.9099999666213989,states_theta,-0.033012229949235916,0.0006535878471802059,0.0010929026080670643,0.00014048699885670218,0.0,0.0026081351336631913,0.0,0.0024800806449217535,0.0,0.0,0.0,0.0,0.0,0.0,0.0,0.0,0.0,0.0,0.0,0.0,0.9099999666213989,0.0,0.0,0.0,0.0
82.746,0.0,0.0,0.0,datactrl_ref_vx_fallback,datactrl_est_vx_fallback,-0.9099999666213989,states_theta,-0.033012229949235916,0.0006535878471802059,0.0010929026080670643,0.00014048699885670218,0.0,0.0026081351336631913,0.0,0.0024800806449217535,0.0,0.0,0.0,0.0,0.0,0.0,0.0,0.0,0.0,0.0,0.0,0.0,0.9099999666213989,0.0,0.0,0.0,0.0
82.954,0.0,0.0,0.0,datactrl_ref_vx_fallback,datactrl_est_vx_fallback,-0.9099999666213989,states_theta,-0.033012229949235916,0.0006535878471802059,0.0010929026080670643,0.00014048699885670218,0.0,0.0026081351336631913,0.0,0.0024800806449217535,0.0,0.0,0.0,0.0,0.0,0.0,0.0,0.0,0.0,0.0,0.0,0.0,0.9099999666213989,0.0,0.0,0.0,0.0
83.189,0.0,0.0,0.0,datactrl_ref_vx_fallback,datactrl_est_vx_fallback,-0.9099999666213989,states_theta,-0.033012229949235916,0.0006535878471802059,0.0010929026080670643,0.00014048699885670218,0.0,0.0026081351336631913,0.0,0.0024800806449217535,0.0,0.0,0.0,0.0,0.0,0.0,0.0,0.0,0.0,0.0,0.0,0.0,0.9099999666213989,0.0,0.0,0.0,0.0
83.239,0.0,0.0,0.0,datactrl_ref_vx_fallback,datactrl_est_vx_fallback,-0.9099999666213989,states_theta,-0.033012229949235916,0.0006535878471802059,0.0010929026080670643,0.00014048699885670218,0.0,0.0026081351336631913,0.0,0.0024800806449217535,0.0,0.0,0.0,0.0,0.0,0.0,0.0,0.0,0.0,0.0,0.0,0.0,0.9099999666213989,0.0,0.0,0.0,0.0
83.42,0.0,0.0,0.0,datactrl_ref_vx_fallback,datactrl_est_vx_fallback,-0.9099999666213989,states_theta,-0.033012229949235916,0.0006535878471802059,0.0010929026080670643,0.00014048699885670218,0.0,0.0026081351336631913,0.0,0.0024800806449217535,0.0,0.0,0.0,0.0,0.0,0.0,0.0,0.0,0.0,0.0,0.0,0.0,0.9099999666213989,0.0,0.0,0.0,0.0
83.638,0.0,0.0,0.0,datactrl_ref_vx_fallback,datactrl_est_vx_fallback,-0.9099999666213989,states_theta,-0.033012229949235916,0.0006535878471802059,0.0010929026080670643,0.00014048699885670218,0.0,0.0026081351336631913,0.0,0.0024800806449217535,0.0,0.0,0.0,0.0,0.0,0.0,0.0,0.0,0.0,0.0,0.0,0.0,0.9099999666213989,0.0,0.0,0.0,0.0
83.701,0.0,0.0,0.0,datactrl_ref_vx_fallback,datactrl_est_vx_fallback,-0.9099999666213989,states_theta,-0.033012229949235916,0.0006535878471802059,0.0010929026080670643,0.00014048699885670218,0.0,0.0026081351336631913,0.0,0.0024800806449217535,0.0,0.0,0.0,0.0,0.0,0.0,0.0,0.0,0.0,0.0,0.0,0.0,0.9099999666213989,0.0,0.0,0.0,0.0
83.765,0.0,0.0,0.0,datactrl_ref_vx_fallback,datactrl_est_vx_fallback,-0.9099999666213989,states_theta,-0.033012229949235916,0.0006535878471802059,0.0010929026080670643,0.00014048699885670218,0.0,0.0026081351336631913,0.0,0.0024800806449217535,0.0,0.0,0.0,0.0,0.0,0.0,0.0,0.0,0.0,0.0,0.0,0.0,0.9099999666213989,0.0,0.0,0.0,0.0
83.974,0.0,0.0,0.0,datactrl_ref_vx_fallback,datactrl_est_vx_fallback,-0.9099999666213989,states_theta,-0.033012229949235916,0.0006535878471802059,0.0010929026080670643,0.00014048699885670218,0.0,0.0026081351336631913,0.0,0.0024800806449217535,0.0,0.0,0.0,0.0,0.0,0.0,0.0,0.0,0.0,0.0,0.0,0.0,0.9099999666213989,0.0,0.0,0.0,0.0
84.201,0.0,0.0,0.0,datactrl_ref_vx_fallback,datactrl_est_vx_fallback,-0.9099999666213989,states_theta,-0.033012229949235916,0.0006535878471802059,0.0010929026080670643,0.00014048699885670218,0.0,0.0026081351336631913,0.0,0.0024800806449217535,0.0,0.0,0.0,0.0,0.0,0.0,0.0,0.0,0.0,0.0,0.0,0.0,0.9099999666213989,0.0,0.0,0.0,0.0
84.251,0.0,0.0,0.0,datactrl_ref_vx_fallback,datactrl_est_vx_fallback,-0.9099999666213989,states_theta,-0.033012229949235916,0.0006535878471802059,0.0010929026080670643,0.00014048699885670218,0.0,0.0026081351336631913,0.0,0.0024800806449217535,0.0,0.0,0.0,0.0,0.0,0.0,0.0,0.0,0.0,0.0,0.0,0.0,0.9099999666213989,0.0,0.0,0.0,0.0
84.439,0.0,0.0,0.0,datactrl_ref_vx_fallback,datactrl_est_vx_fallback,-0.9099999666213989,states_theta,-0.033012229949235916,0.0006535878471802059,0.0010929026080670643,0.00014048699885670218,0.0,0.0026081351336631913,0.0,0.0024800806449217535,0.0,0.0,0.0,0.0,0.0,0.0,0.0,0.0,0.0,0.0,0.0,0.0,0.9099999666213989,0.0,0.0,0.0,0.0
84.679,0.0,0.0,0.0,datactrl_ref_vx_fallback,datactrl_est_vx_fallback,-0.9099999666213989,states_theta,-0.033012229949235916,0.0006535878471802059,0.0010929026080670643,0.00014048699885670218,0.0,0.0026081351336631913,0.0,0.0024800806449217535,0.0,0.0,0.0,0.0,0.0,0.0,0.0,0.0,0.0,0.0,0.0,0.0,0.9099999666213989,0.0,0.0,0.0,0.0
84.894,0.0,0.0,0.0,datactrl_ref_vx_fallback,datactrl_est_vx_fallback,-0.9099999666213989,states_theta,-0.033012229949235916,0.0006535878471802059,0.0010929026080670643,0.00014048699885670218,0.0,0.0026081351336631913,0.0,0.0024800806449217535,0.0,0.0,0.0,0.0,0.0,0.0,0.0,0.0,0.0,0.0,0.0,0.0,0.9099999666213989,0.0,0.0,0.0,0.0
85.104,0.0,0.0,0.0,datactrl_ref_vx_fallback,datactrl_est_vx_fallback,-0.9099999666213989,states_theta,-0.033012229949235916,0.0006535878471802059,0.0010929026080670643,0.00014048699885670218,0.0,0.0026081351336631913,0.0,0.0024800806449217535,0.0,0.0,0.0,0.0,0.0,0.0,0.0,0.0,0.0,0.0,0.0,0.0,0.9099999666213989,0.0,0.0,0.0,0.0
85.338,0.0,0.0,0.0,datactrl_ref_vx_fallback,datactrl_est_vx_fallback,-0.9099999666213989,states_theta,-0.033012229949235916,0.0006535878471802059,0.0010929026080670643,0.00014048699885670218,0.0,0.0026081351336631913,0.0,0.0024800806449217535,0.0,0.0,0.0,0.0,0.0,0.0,0.0,0.0,0.0,0.0,0.0,0.0,0.9099999666213989,0.0,0.0,0.0,0.0
85.576,0.0,0.0,0.0,datactrl_ref_vx_fallback,datactrl_est_vx_fallback,-0.9099999666213989,states_theta,-0.033012229949235916,0.0006535878471802059,0.0010929026080670643,0.00014048699885670218,0.0,0.0026081351336631913,0.0,0.0024800806449217535,0.0,0.0,0.0,0.0,0.0,0.0,0.0,0.0,0.0,0.0,0.0,0.0,0.9099999666213989,0.0,0.0,0.0,0.0
85.788,0.0,0.0,0.0,datactrl_ref_vx_fallback,datactrl_est_vx_fallback,-0.9099999666213989,states_theta,-0.033012229949235916,0.0006535878471802059,0.0010929026080670643,0.00014048699885670218,0.0,0.0026081351336631913,0.0,0.0024800806449217535,0.0,0.0,0.0,0.0,0.0,0.0,0.0,0.0,0.0,0.0,0.0,0.0,0.9099999666213989,0.0,0.0,0.0,0.0
86.085,0.0,0.0,0.0,datactrl_ref_vx_fallback,datactrl_est_vx_fallback,-0.9099999666213989,states_theta,-0.033012229949235916,0.0006535878471802059,0.0010929026080670643,0.00014048699885670218,0.0,0.0026081351336631913,0.0,0.0024800806449217535,0.0,0.0,0.0,0.0,0.0,0.0,0.0,0.0,0.0,0.0,0.0,0.0,0.9099999666213989,0.0,0.0,0.0,0.0
86.266,0.0,0.0,0.0,datactrl_ref_vx_fallback,datactrl_est_vx_fallback,-0.9099999666213989,states_theta,-0.033012229949235916,0.0006535878471802059,0.0010929026080670643,0.00014048699885670218,0.0,0.0026081351336631913,0.0,0.0024800806449217535,0.0,0.0,0.0,0.0,0.0,0.0,0.0,0.0,0.0,0.0,0.0,0.0,0.9099999666213989,0.0,0.0,0.0,0.0
86.484,0.0,0.0,0.0,datactrl_ref_vx_fallback,datactrl_est_vx_fallback,-0.9099999666213989,states_theta,-0.033012229949235916,0.0006535878471802059,0.0010929026080670643,0.00014048699885670218,0.0,0.0026081351336631913,0.0,0.0024800806449217535,0.0,0.0,0.0,0.0,0.0,0.0,0.0,0.0,0.0,0.0,0.0,0.0,0.9099999666213989,0.0,0.0,0.0,0.0
86.698,0.0,0.0,0.0,datactrl_ref_vx_fallback,datactrl_est_vx_fallback,-0.9099999666213989,states_theta,-0.033012229949235916,0.0006535878471802059,0.0010929026080670643,0.00014048699885670218,0.0,0.0026081351336631913,0.0,0.0024800806449217535,0.0,0.0,0.0,0.0,0.0,0.0,0.0,0.0,0.0,0.0,0.0,0.0,0.9099999666213989,0.0,0.0,0.0,0.0
86.912,0.0,0.0,0.0,datactrl_ref_vx_fallback,datactrl_est_vx_fallback,-0.9099999666213989,states_theta,-0.033012229949235916,0.0006535878471802059,0.0010929026080670643,0.00014048699885670218,0.0,0.0026081351336631913,0.0,0.0024800806449217535,0.0,0.0,0.0,0.0,0.0,0.0,0.0,0.0,0.0,0.0,0.0,0.0,0.9099999666213989,0.0,0.0,0.0,0.0
87.14,0.0,0.0,0.0,datactrl_ref_vx_fallback,datactrl_est_vx_fallback,-0.9099999666213989,states_theta,-0.033012229949235916,0.0006535878471802059,0.0010929026080670643,0.00014048699885670218,0.0,0.0026081351336631913,0.0,0.0024800806449217535,0.0,0.0,0.0,0.0,0.0,0.0,0.0,0.0,0.0,0.0,0.0,0.0,0.9099999666213989,0.0,0.0,0.0,0.0
87.372,0.0,0.0,0.0,datactrl_ref_vx_fallback,datactrl_est_vx_fallback,-0.9099999666213989,states_theta,-0.033012229949235916,0.0006535878471802059,0.0010929026080670643,0.00014048699885670218,0.0,0.0026081351336631913,0.0,0.0024800806449217535,0.0,0.0,0.0,0.0,0.0,0.0,0.0,0.0,0.0,0.0,0.0,0.0,0.9099999666213989,0.0,0.0,0.0,0.0
87.594,0.0,0.0,0.0,datactrl_ref_vx_fallback,datactrl_est_vx_fallback,-0.9099999666213989,states_theta,-0.033012229949235916,0.0006535878471802059,0.0010929026080670643,0.00014048699885670218,0.0,0.0026081351336631913,0.0,0.0024800806449217535,0.0,0.0,0.0,0.0,0.0,0.0,0.0,0.0,0.0,0.0,0.0,0.0,0.9099999666213989,0.0,0.0,0.0,0.0
87.82,0.0,0.0,0.0,datactrl_ref_vx_fallback,datactrl_est_vx_fallback,-0.9099999666213989,states_theta,-0.033012229949235916,0.0006535878471802059,0.0010929026080670643,0.00014048699885670218,0.0,0.0026081351336631913,0.0,0.0024800806449217535,0.0,0.0,0.0,0.0,0.0,0.0,0.0,0.0,0.0,0.0,0.0,0.0,0.9099999666213989,0.0,0.0,0.0,0.0
88.051,0.0,0.0,0.0,datactrl_ref_vx_fallback,datactrl_est_vx_fallback,-0.9099999666213989,states_theta,-0.033012229949235916,0.0006535878471802059,0.0010929026080670643,0.00014048699885670218,0.0,0.0026081351336631913,0.0,0.0024800806449217535,0.0,0.0,0.0,0.0,0.0,0.0,0.0,0.0,0.0,0.0,0.0,0.0,0.9099999666213989,0.0,0.0,0.0,0.0
88.264,0.0,0.0,0.0,datactrl_ref_vx_fallback,datactrl_est_vx_fallback,-0.9099999666213989,states_theta,-0.033012229949235916,0.0006535878471802059,0.0010929026080670643,0.00014048699885670218,0.0,0.0026081351336631913,0.0,0.0024800806449217535,0.0,0.0,0.0,0.0,0.0,0.0,0.0,0.0,0.0,0.0,0.0,0.0,0.9099999666213989,0.0,0.0,0.0,0.0
88.485,0.0,0.0,0.0,datactrl_ref_vx_fallback,datactrl_est_vx_fallback,-0.9099999666213989,states_theta,-0.033012229949235916,0.0006535878471802059,0.0010929026080670643,0.00014048699885670218,0.0,0.0026081351336631913,0.0,0.0024800806449217535,0.0,0.0,0.0,0.0,0.0,0.0,0.0,0.0,0.0,0.0,0.0,0.0,0.9099999666213989,0.0,0.0,0.0,0.0
88.701,0.0,0.0,0.0,datactrl_ref_vx_fallback,datactrl_est_vx_fallback,-0.9099999666213989,states_theta,-0.033012229949235916,0.0006535878471802059,0.0010929026080670643,0.00014048699885670218,0.0,0.0026081351336631913,0.0,0.0024800806449217535,0.0,0.0,0.0,0.0,0.0,0.0,0.0,0.0,0.0,0.0,0.0,0.0,0.9099999666213989,0.0,0.0,0.0,0.0
88.919,0.0,0.0,0.0,datactrl_ref_vx_fallback,datactrl_est_vx_fallback,-0.9099999666213989,states_theta,-0.033012229949235916,0.0006535878471802059,0.0010929026080670643,0.00014048699885670218,0.0,0.0026081351336631913,0.0,0.0024800806449217535,0.0,0.0,0.0,0.0,0.0,0.0,0.0,0.0,0.0,0.0,0.0,0.0,0.9099999666213989,0.0,0.0,0.0,0.0
89.16,0.0,0.0,0.0,datactrl_ref_vx_fallback,datactrl_est_vx_fallback,-0.9099999666213989,states_theta,-0.033012229949235916,0.0006535878471802059,0.0010929026080670643,0.00014048699885670218,0.0,0.0026081351336631913,0.0,0.0024800806449217535,0.0,0.0,0.0,0.0,0.0,0.0,0.0,0.0,0.0,0.0,0.0,0.0,0.9099999666213989,0.0,0.0,0.0,0.0
89.379,0.0,0.0,0.0,datactrl_ref_vx_fallback,datactrl_est_vx_fallback,-0.9099999666213989,states_theta,-0.033012229949235916,0.0006535878471802059,0.0010929026080670643,0.00014048699885670218,0.0,0.0026081351336631913,0.0,0.0024800806449217535,0.0,0.0,0.0,0.0,0.0,0.0,0.0,0.0,0.0,0.0,0.0,0.0,0.9099999666213989,0.0,0.0,0.0,0.0
89.58,0.0,0.0,0.0,datactrl_ref_vx_fallback,datactrl_est_vx_fallback,-0.9099999666213989,states_theta,-0.033012229949235916,0.0006535878471802059,0.0010929026080670643,0.00014048699885670218,0.0,0.0026081351336631913,0.0,0.0024800806449217535,0.0,0.0,0.0,0.0,0.0,0.0,0.0,0.0,0.0,0.0,0.0,0.0,0.9099999666213989,0.0,0.0,0.0,0.0
89.634,0.0,0.0,0.0,datactrl_ref_vx_fallback,datactrl_est_vx_fallback,-0.9099999666213989,states_theta,-0.033012229949235916,0.0006535878471802059,0.0010929026080670643,0.00014048699885670218,0.0,0.0026081351336631913,0.0,0.0024800806449217535,0.0,0.0,0.0,0.0,0.0,0.0,0.0,0.0,0.0,0.0,0.0,0.0,0.9099999666213989,0.0,0.0,0.0,0.0
89.811,0.0,0.0,0.0,datactrl_ref_vx_fallback,datactrl_est_vx_fallback,-0.9099999666213989,states_theta,-0.033012229949235916,0.0006535878471802059,0.0010929026080670643,0.00014048699885670218,0.0,0.0026081351336631913,0.0,0.0024800806449217535,0.0,0.0,0.0,0.0,0.0,0.0,0.0,0.0,0.0,0.0,0.0,0.0,0.9099999666213989,0.0,0.0,0.0,0.0
90.088,0.0,0.0,0.0,datactrl_ref_vx_fallback,datactrl_est_vx_fallback,-0.9099999666213989,states_theta,-0.033012229949235916,0.0006535878471802059,0.0010929026080670643,0.00014048699885670218,0.0,0.0026081351336631913,0.0,0.0024800806449217535,0.0,0.0,0.0,0.0,0.0,0.0,0.0,0.0,0.0,0.0,0.0,0.0,0.9099999666213989,0.0,0.0,0.0,0.0
90.263,0.0,0.0,0.0,datactrl_ref_vx_fallback,datactrl_est_vx_fallback,-0.9099999666213989,states_theta,-0.033012229949235916,0.0006535878471802059,0.0010929026080670643,0.00014048699885670218,0.0,0.0026081351336631913,0.0,0.0024800806449217535,0.0,0.0,0.0,0.0,0.0,0.0,0.0,0.0,0.0,0.0,0.0,0.0,0.9099999666213989,0.0,0.0,0.0,0.0
90.479,0.0,0.0,0.0,datactrl_ref_vx_fallback,datactrl_est_vx_fallback,-0.9099999666213989,states_theta,-0.033012229949235916,0.0006535878471802059,0.0010929026080670643,0.00014048699885670218,0.0,0.0026081351336631913,0.0,0.0024800806449217535,0.0,0.0,0.0,0.0,0.0,0.0,0.0,0.0,0.0,0.0,0.0,0.0,0.9099999666213989,0.0,0.0,0.0,0.0
90.702,0.0,0.0,0.0,datactrl_ref_vx_fallback,datactrl_est_vx_fallback,-0.9099999666213989,states_theta,-0.033012229949235916,0.0006535878471802059,0.0010929026080670643,0.00014048699885670218,0.0,0.0026081351336631913,0.0,0.0024800806449217535,0.0,0.0,0.0,0.0,0.0,0.0,0.0,0.0,0.0,0.0,0.0,0.0,0.9099999666213989,0.0,0.0,0.0,0.0
90.946,0.0,0.0,0.0,datactrl_ref_vx_fallback,datactrl_est_vx_fallback,-0.9099999666213989,states_theta,-0.033012229949235916,0.0006535878471802059,0.0010929026080670643,0.00014048699885670218,0.0,0.0026081351336631913,0.0,0.0024800806449217535,0.0,0.0,0.0,0.0,0.0,0.0,0.0,0.0,0.0,0.0,0.0,0.0,0.9099999666213989,0.0,0.0,0.0,0.0
91.176,0.0,0.0,0.0,datactrl_ref_vx_fallback,datactrl_est_vx_fallback,-0.9099999666213989,states_theta,-0.033012229949235916,0.0006535878471802059,0.0010929026080670643,0.00014048699885670218,0.0,0.0026081351336631913,0.0,0.0024800806449217535,0.0,0.0,0.0,0.0,0.0,0.0,0.0,0.0,0.0,0.0,0.0,0.0,0.9099999666213989,0.0,0.0,0.0,0.0
91.451,0.0,0.0,0.0,datactrl_ref_vx_fallback,datactrl_est_vx_fallback,-0.9099999666213989,states_theta,-0.033012229949235916,0.0006535878471802059,0.0010929026080670643,0.00014048699885670218,0.0,0.0026081351336631913,0.0,0.0024800806449217535,0.0,0.0,0.0,0.0,0.0,0.0,0.0,0.0,0.0,0.0,0.0,0.0,0.9099999666213989,0.0,0.0,0.0,0.0
91.634,0.0,0.0,0.0,datactrl_ref_vx_fallback,datactrl_est_vx_fallback,-0.9099999666213989,states_theta,-0.033012229949235916,0.0006535878471802059,0.0010929026080670643,0.00014048699885670218,0.0,0.0026081351336631913,0.0,0.0024800806449217535,0.0,0.0,0.0,0.0,0.0,0.0,0.0,0.0,0.0,0.0,0.0,0.0,0.9099999666213989,0.0,0.0,0.0,0.0
91.85,0.0,0.0,0.0,datactrl_ref_vx_fallback,datactrl_est_vx_fallback,-0.9099999666213989,states_theta,-0.033012229949235916,0.0006535878471802059,0.0010929026080670643,0.00014048699885670218,0.0,0.0026081351336631913,0.0,0.0024800806449217535,0.0,0.0,0.0,0.0,0.0,0.0,0.0,0.0,0.0,0.0,0.0,0.0,0.9099999666213989,0.0,0.0,0.0,0.0
92.1,0.0,0.0,0.0,datactrl_ref_vx_fallback,datactrl_est_vx_fallback,-0.9099999666213989,states_theta,-0.033012229949235916,0.0006535878471802059,0.0010929026080670643,0.00014048699885670218,0.0,0.0026081351336631913,0.0,0.0024800806449217535,0.0,0.0,0.0,0.0,0.0,0.0,0.0,0.0,0.0,0.0,0.0,0.0,0.9099999666213989,0.0,0.0,0.0,0.0
92.311,0.0,0.0,0.0,datactrl_ref_vx_fallback,datactrl_est_vx_fallback,-0.9099999666213989,states_theta,-0.033012229949235916,0.0006535878471802059,0.0010929026080670643,0.00014048699885670218,0.0,0.0026081351336631913,0.0,0.0024800806449217535,0.0,0.0,0.0,0.0,0.0,0.0,0.0,0.0,0.0,0.0,0.0,0.0,0.9099999666213989,0.0,0.0,0.0,0.0
92.531,0.0,0.0,0.0,datactrl_ref_vx_fallback,datactrl_est_vx_fallback,-0.9099999666213989,states_theta,-0.033012229949235916,0.0006535878471802059,0.0010929026080670643,0.00014048699885670218,0.0,0.0026081351336631913,0.0,0.0024800806449217535,0.0,0.0,0.0,0.0,0.0,0.0,0.0,0.0,0.0,0.0,0.0,0.0,0.9099999666213989,0.0,0.0,0.0,0.0
92.741,0.0,0.0,0.0,datactrl_ref_vx_fallback,datactrl_est_vx_fallback,-0.9099999666213989,states_theta,-0.033012229949235916,0.0006535878471802059,0.0010929026080670643,0.00014048699885670218,0.0,0.0026081351336631913,0.0,0.0024800806449217535,0.0,0.0,0.0,0.0,0.0,0.0,0.0,0.0,0.0,0.0,0.0,0.0,0.9099999666213989,0.0,0.0,0.0,0.0
92.943,0.0,0.0,0.0,datactrl_ref_vx_fallback,datactrl_est_vx_fallback,-0.9099999666213989,states_theta,-0.033012229949235916,0.0006535878471802059,0.0010929026080670643,0.00014048699885670218,0.0,0.0026081351336631913,0.0,0.0024800806449217535,0.0,0.0,0.0,0.0,0.0,0.0,0.0,0.0,0.0,0.0,0.0,0.0,0.9099999666213989,0.0,0.0,0.0,0.0
93.131,0.0,0.0,0.0,datactrl_ref_vx_fallback,datactrl_est_vx_fallback,-0.9099999666213989,states_theta,-0.033012229949235916,0.0006535878471802059,0.0010929026080670643,0.00014048699885670218,0.0,0.0026081351336631913,0.0,0.0024800806449217535,0.0,0.0,0.0,0.0,0.0,0.0,0.0,0.0,0.0,0.0,0.0,0.0,0.9099999666213989,0.0,0.0,0.0,0.0
93.339,0.0,0.0,0.0,datactrl_ref_vx_fallback,datactrl_est_vx_fallback,-0.9099999666213989,states_theta,-0.033012229949235916,0.0006535878471802059,0.0010929026080670643,0.00014048699885670218,0.0,0.0026081351336631913,0.0,0.0024800806449217535,0.0,0.0,0.0,0.0,0.0,0.0,0.0,0.0,0.0,0.0,0.0,0.0,0.9099999666213989,0.0,0.0,0.0,0.0
93.577,0.0,0.0,0.0,datactrl_ref_vx_fallback,datactrl_est_vx_fallback,-0.9099999666213989,states_theta,-0.033012229949235916,0.0006535878471802059,0.0010929026080670643,0.00014048699885670218,0.0,0.0026081351336631913,0.0,0.0024800806449217535,0.0,0.0,0.0,0.0,0.0,0.0,0.0,0.0,0.0,0.0,0.0,0.0,0.9099999666213989,0.0,0.0,0.0,0.0
93.79,0.0,0.0,0.0,datactrl_ref_vx_fallback,datactrl_est_vx_fallback,-0.9099999666213989,states_theta,-0.033012229949235916,0.0006535878471802059,0.0010929026080670643,0.00014048699885670218,0.0,0.0026081351336631913,0.0,0.0024800806449217535,0.0,0.0,0.0,0.0,0.0,0.0,0.0,0.0,0.0,0.0,0.0,0.0,0.9099999666213989,0.0,0.0,0.0,0.0
93.999,0.0,0.0,0.0,datactrl_ref_vx_fallback,datactrl_est_vx_fallback,-0.9099999666213989,states_theta,-0.033012229949235916,0.0006535878471802059,0.0010929026080670643,0.00014048699885670218,0.0,0.0026081351336631913,0.0,0.0024800806449217535,0.0,0.0,0.0,0.0,0.0,0.0,0.0,0.0,0.0,0.0,0.0,0.0,0.9099999666213989,0.0,0.0,0.0,0.0
94.218,0.0,0.0,0.0,datactrl_ref_vx_fallback,datactrl_est_vx_fallback,-0.9099999666213989,states_theta,-0.033012229949235916,0.0006535878471802059,0.0010929026080670643,0.00014048699885670218,0.0,0.0026081351336631913,0.0,0.0024800806449217535,0.0,0.0,0.0,0.0,0.0,0.0,0.0,0.0,0.0,0.0,0.0,0.0,0.9099999666213989,0.0,0.0,0.0,0.0
94.436,0.0,0.0,0.0,datactrl_ref_vx_fallback,datactrl_est_vx_fallback,-0.9099999666213989,states_theta,-0.033012229949235916,0.0006535878471802059,0.0010929026080670643,0.00014048699885670218,0.0,0.0026081351336631913,0.0,0.0024800806449217535,0.0,0.0,0.0,0.0,0.0,0.0,0.0,0.0,0.0,0.0,0.0,0.0,0.9099999666213989,0.0,0.0,0.0,0.0
94.629,0.0,0.0,0.0,datactrl_ref_vx_fallback,datactrl_est_vx_fallback,-0.9099999666213989,states_theta,-0.033012229949235916,0.0006535878471802059,0.0010929026080670643,0.00014048699885670218,0.0,0.0026081351336631913,0.0,0.0024800806449217535,0.0,0.0,0.0,0.0,0.0,0.0,0.0,0.0,0.0,0.0,0.0,0.0,0.9099999666213989,0.0,0.0,0.0,0.0
94.832,0.0,0.0,0.0,datactrl_ref_vx_fallback,datactrl_est_vx_fallback,-0.9099999666213989,states_theta,-0.033012229949235916,0.0006535878471802059,0.0010929026080670643,0.00014048699885670218,0.0,0.0026081351336631913,0.0,0.0024800806449217535,0.0,0.0,0.0,0.0,0.0,0.0,0.0,0.0,0.0,0.0,0.0,0.0,0.9099999666213989,0.0,0.0,0.0,0.0
95.047,0.0,0.0,0.0,datactrl_ref_vx_fallback,datactrl_est_vx_fallback,-0.9099999666213989,states_theta,-0.033012229949235916,0.0006535878471802059,0.0010929026080670643,0.00014048699885670218,0.0,0.0026081351336631913,0.0,0.0024800806449217535,0.0,0.0,0.0,0.0,0.0,0.0,0.0,0.0,0.0,0.0,0.0,0.0,0.9099999666213989,0.0,0.0,0.0,0.0
95.249,0.0,0.0,0.0,datactrl_ref_vx_fallback,datactrl_est_vx_fallback,-0.9099999666213989,states_theta,-0.033012229949235916,0.0006535878471802059,0.0010929026080670643,0.00014048699885670218,0.0,0.0026081351336631913,0.0,0.0024800806449217535,0.0,0.0,0.0,0.0,0.0,0.0,0.0,0.0,0.0,0.0,0.0,0.0,0.9099999666213989,0.0,0.0,0.0,0.0
95.454,0.0,0.0,0.0,datactrl_ref_vx_fallback,datactrl_est_vx_fallback,-0.9099999666213989,states_theta,-0.033012229949235916,0.0006535878471802059,0.0010929026080670643,0.00014048699885670218,0.0,0.0026081351336631913,0.0,0.0024800806449217535,0.0,0.0,0.0,0.0,0.0,0.0,0.0,0.0,0.0,0.0,0.0,0.0,0.9099999666213989,0.0,0.0,0.0,0.0
95.648,0.0,0.0,0.0,datactrl_ref_vx_fallback,datactrl_est_vx_fallback,-0.9099999666213989,states_theta,-0.033012229949235916,0.0006535878471802059,0.0010929026080670643,0.00014048699885670218,0.0,0.0026081351336631913,0.0,0.0024800806449217535,0.0,0.0,0.0,0.0,0.0,0.0,0.0,0.0,0.0,0.0,0.0,0.0,0.9099999666213989,0.0,0.0,0.0,0.0
95.848,0.0,0.0,0.0,datactrl_ref_vx_fallback,datactrl_est_vx_fallback,-0.9099999666213989,states_theta,-0.033012229949235916,0.0006535878471802059,0.0010929026080670643,0.00014048699885670218,0.0,0.0026081351336631913,0.0,0.0024800806449217535,0.0,0.0,0.0,0.0,0.0,0.0,0.0,0.0,0.0,0.0,0.0,0.0,0.9099999666213989,0.0,0.0,0.0,0.0
96.052,0.0,0.0,0.0,datactrl_ref_vx_fallback,datactrl_est_vx_fallback,-0.9099999666213989,states_theta,-0.033012229949235916,0.0006535878471802059,0.0010929026080670643,0.00014048699885670218,0.0,0.0026081351336631913,0.0,0.0024800806449217535,0.0,0.0,0.0,0.0,0.0,0.0,0.0,0.0,0.0,0.0,0.0,0.0,0.9099999666213989,0.0,0.0,0.0,0.0
96.25,0.0,0.0,0.0,datactrl_ref_vx_fallback,datactrl_est_vx_fallback,-0.9099999666213989,states_theta,-0.033012229949235916,0.0006535878471802059,0.0010929026080670643,0.00014048699885670218,0.0,0.0026081351336631913,0.0,0.0024800806449217535,0.0,0.0,0.0,0.0,0.0,0.0,0.0,0.0,0.0,0.0,0.0,0.0,0.9099999666213989,0.0,0.0,0.0,0.0
96.441,0.0,0.0,0.0,datactrl_ref_vx_fallback,datactrl_est_vx_fallback,-0.9099999666213989,states_theta,-0.033012229949235916,0.0006535878471802059,0.0010929026080670643,0.00014048699885670218,0.0,0.0026081351336631913,0.0,0.0024800806449217535,0.0,0.0,0.0,0.0,0.0,0.0,0.0,0.0,0.0,0.0,0.0,0.0,0.9099999666213989,0.0,0.0,0.0,0.0
96.668,0.0,0.0,0.0,datactrl_ref_vx_fallback,datactrl_est_vx_fallback,-0.9099999666213989,states_theta,-0.033012229949235916,0.0006535878471802059,0.0010929026080670643,0.00014048699885670218,0.0,0.0026081351336631913,0.0,0.0024800806449217535,0.0,0.0,0.0,0.0,0.0,0.0,0.0,0.0,0.0,0.0,0.0,0.0,0.9099999666213989,0.0,0.0,0.0,0.0
96.894,0.0,0.0,0.0,datactrl_ref_vx_fallback,datactrl_est_vx_fallback,-0.9099999666213989,states_theta,-0.033012229949235916,0.0006535878471802059,0.0010929026080670643,0.00014048699885670218,0.0,0.0026081351336631913,0.0,0.0024800806449217535,0.0,0.0,0.0,0.0,0.0,0.0,0.0,0.0,0.0,0.0,0.0,0.0,0.9099999666213989,0.0,0.0,0.0,0.0
97.1,0.0,0.0,0.0,datactrl_ref_vx_fallback,datactrl_est_vx_fallback,-0.9099999666213989,states_theta,-0.033012229949235916,0.0006535878471802059,0.0010929026080670643,0.00014048699885670218,0.0,0.0026081351336631913,0.0,0.0024800806449217535,0.0,0.0,0.0,0.0,0.0,0.0,0.0,0.0,0.0,0.0,0.0,0.0,0.9099999666213989,0.0,0.0,0.0,0.0
97.306,0.0,0.0,0.0,datactrl_ref_vx_fallback,datactrl_est_vx_fallback,-0.9099999666213989,states_theta,-0.033012229949235916,0.0006535878471802059,0.0010929026080670643,0.00014048699885670218,0.0,0.0026081351336631913,0.0,0.0024800806449217535,0.0,0.0,0.0,0.0,0.0,0.0,0.0,0.0,0.0,0.0,0.0,0.0,0.9099999666213989,0.0,0.0,0.0,0.0
97.49,0.0,0.0,0.0,datactrl_ref_vx_fallback,datactrl_est_vx_fallback,-0.9099999666213989,states_theta,-0.033012229949235916,0.0006535878471802059,0.0010929026080670643,0.00014048699885670218,0.0,0.0026081351336631913,0.0,0.0024800806449217535,0.0,0.0,0.0,0.0,0.0,0.0,0.0,0.0,0.0,0.0,0.0,0.0,0.9099999666213989,0.0,0.0,0.0,0.0
97.699,0.0,0.0,0.0,datactrl_ref_vx_fallback,datactrl_est_vx_fallback,-0.9099999666213989,states_theta,-0.033012229949235916,0.0006535878471802059,0.0010929026080670643,0.00014048699885670218,0.0,0.0026081351336631913,0.0,0.0024800806449217535,0.0,0.0,0.0,0.0,0.0,0.0,0.0,0.0,0.0,0.0,0.0,0.0,0.9099999666213989,0.0,0.0,0.0,0.0
97.896,0.0,0.0,0.0,datactrl_ref_vx_fallback,datactrl_est_vx_fallback,-0.9099999666213989,states_theta,-0.033012229949235916,0.0006535878471802059,0.0010929026080670643,0.00014048699885670218,0.0,0.0026081351336631913,0.0,0.0024800806449217535,0.0,0.0,0.0,0.0,0.0,0.0,0.0,0.0,0.0,0.0,0.0,0.0,0.9099999666213989,0.0,0.0,0.0,0.0
98.139,0.0,0.0,0.0,datactrl_ref_vx_fallback,datactrl_est_vx_fallback,-0.9099999666213989,states_theta,-0.033012229949235916,0.0006535878471802059,0.0010929026080670643,0.00014048699885670218,0.0,0.0026081351336631913,0.0,0.0024800806449217535,0.0,0.0,0.0,0.0,0.0,0.0,0.0,0.0,0.0,0.0,0.0,0.0,0.9099999666213989,0.0,0.0,0.0,0.0
98.348,0.0,0.0,0.0,datactrl_ref_vx_fallback,datactrl_est_vx_fallback,-0.9099999666213989,states_theta,-0.033012229949235916,0.0006535878471802059,0.0010929026080670643,0.00014048699885670218,0.0,0.0026081351336631913,0.0,0.0024800806449217535,0.0,0.0,0.0,0.0,0.0,0.0,0.0,0.0,0.0,0.0,0.0,0.0,0.9099999666213989,0.0,0.0,0.0,0.0
98.56,0.0,0.0,0.0,datactrl_ref_vx_fallback,datactrl_est_vx_fallback,-0.9099999666213989,states_theta,-0.033012229949235916,0.0006535878471802059,0.0010929026080670643,0.00014048699885670218,0.0,0.0026081351336631913,0.0,0.0024800806449217535,0.0,0.0,0.0,0.0,0.0,0.0,0.0,0.0,0.0,0.0,0.0,0.0,0.9099999666213989,0.0,0.0,0.0,0.0
98.773,0.0,0.0,0.0,datactrl_ref_vx_fallback,datactrl_est_vx_fallback,-0.9099999666213989,states_theta,-0.033012229949235916,0.0006535878471802059,0.0010929026080670643,0.00014048699885670218,0.0,0.0026081351336631913,0.0,0.0024800806449217535,0.0,0.0,0.0,0.0,0.0,0.0,0.0,0.0,0.0,0.0,0.0,0.0,0.9099999666213989,0.0,0.0,0.0,0.0
98.987,0.0,0.0,0.0,datactrl_ref_vx_fallback,datactrl_est_vx_fallback,-0.9099999666213989,states_theta,-0.033012229949235916,0.0006535878471802059,0.0010929026080670643,0.00014048699885670218,0.0,0.0026081351336631913,0.0,0.0024800806449217535,0.0,0.0,0.0,0.0,0.0,0.0,0.0,0.0,0.0,0.0,0.0,0.0,0.9099999666213989,0.0,0.0,0.0,0.0
99.199,0.0,0.0,0.0,datactrl_ref_vx_fallback,datactrl_est_vx_fallback,-0.9099999666213989,states_theta,-0.033012229949235916,0.0006535878471802059,0.0010929026080670643,0.00014048699885670218,0.0,0.0026081351336631913,0.0,0.0024800806449217535,0.0,0.0,0.0,0.0,0.0,0.0,0.0,0.0,0.0,0.0,0.0,0.0,0.9099999666213989,0.0,0.0,0.0,0.0
99.251,0.0,0.0,0.0,datactrl_ref_vx_fallback,datactrl_est_vx_fallback,-0.9099999666213989,states_theta,-0.033012229949235916,0.0006535878471802059,0.0010929026080670643,0.00014048699885670218,0.0,0.0026081351336631913,0.0,0.0024800806449217535,0.0,0.0,0.0,0.0,0.0,0.0,0.0,0.0,0.0,0.0,0.0,0.0,0.9099999666213989,0.0,0.0,0.0,0.0
99.424,0.0,0.0,0.0,datactrl_ref_vx_fallback,datactrl_est_vx_fallback,-0.9099999666213989,states_theta,-0.033012229949235916,0.0006535878471802059,0.0010929026080670643,0.00014048699885670218,0.0,0.0026081351336631913,0.0,0.0024800806449217535,0.0,0.0,0.0,0.0,0.0,0.0,0.0,0.0,0.0,0.0,0.0,0.0,0.9099999666213989,0.0,0.0,0.0,0.0
99.66,0.0,0.0,0.0,datactrl_ref_vx_fallback,datactrl_est_vx_fallback,-0.9099999666213989,states_theta,-0.033012229949235916,0.0006535878471802059,0.0010929026080670643,0.00014048699885670218,0.0,0.0026081351336631913,0.0,0.0024800806449217535,0.0,0.0,0.0,0.0,0.0,0.0,0.0,0.0,0.0,0.0,0.0,0.0,0.9099999666213989,0.0,0.0,0.0,0.0
99.876,0.0,0.0,0.0,datactrl_ref_vx_fallback,datactrl_est_vx_fallback,-0.9099999666213989,states_theta,-0.033012229949235916,0.0006535878471802059,0.0010929026080670643,0.00014048699885670218,0.0,0.0026081351336631913,0.0,0.0024800806449217535,0.0,0.0,0.0,0.0,0.0,0.0,0.0,0.0,0.0,0.0,0.0,0.0,0.9099999666213989,0.0,0.0,0.0,0.0
100.079,0.0,0.0,0.0,datactrl_ref_vx_fallback,datactrl_est_vx_fallback,-0.9099999666213989,states_theta,-0.033012229949235916,0.0006535878471802059,0.0010929026080670643,0.00014048699885670218,0.0,0.0026081351336631913,0.0,0.0024800806449217535,0.0,0.0,0.0,0.0,0.0,0.0,0.0,0.0,0.0,0.0,0.0,0.0,0.9099999666213989,0.0,0.0,0.0,0.0
100.296,0.0,0.0,0.0,datactrl_ref_vx_fallback,datactrl_est_vx_fallback,-0.9099999666213989,states_theta,-0.033012229949235916,0.0006535878471802059,0.0010929026080670643,0.00014048699885670218,0.0,0.0026081351336631913,0.0,0.0024800806449217535,0.0,0.0,0.0,0.0,0.0,0.0,0.0,0.0,0.0,0.0,0.0,0.0,0.9099999666213989,0.0,0.0,0.0,0.0
100.532,0.0,0.0,0.0,datactrl_ref_vx_fallback,datactrl_est_vx_fallback,-0.9099999666213989,states_theta,-0.033012229949235916,0.0006535878471802059,0.0010929026080670643,0.00014048699885670218,0.0,0.0026081351336631913,0.0,0.0024800806449217535,0.0,0.0,0.0,0.0,0.0,0.0,0.0,0.0,0.0,0.0,0.0,0.0,0.9099999666213989,0.0,0.0,0.0,0.0
100.752,0.0,0.0,0.0,datactrl_ref_vx_fallback,datactrl_est_vx_fallback,-0.9099999666213989,states_theta,-0.033012229949235916,0.0006535878471802059,0.0010929026080670643,0.00014048699885670218,0.0,0.0026081351336631913,0.0,0.0024800806449217535,0.0,0.0,0.0,0.0,0.0,0.0,0.0,0.0,0.0,0.0,0.0,0.0,0.9099999666213989,0.0,0.0,0.0,0.0
100.956,0.0,0.0,0.0,datactrl_ref_vx_fallback,datactrl_est_vx_fallback,-0.9099999666213989,states_theta,-0.033012229949235916,0.0006535878471802059,0.0010929026080670643,0.00014048699885670218,0.0,0.0026081351336631913,0.0,0.0024800806449217535,0.0,0.0,0.0,0.0,0.0,0.0,0.0,0.0,0.0,0.0,0.0,0.0,0.9099999666213989,0.0,0.0,0.0,0.0
101.179,0.0,0.0,0.0,datactrl_ref_vx_fallback,datactrl_est_vx_fallback,-0.9099999666213989,states_theta,-0.033012229949235916,0.0006535878471802059,0.0010929026080670643,0.00014048699885670218,0.0,0.0026081351336631913,0.0,0.0024800806449217535,0.0,0.0,0.0,0.0,0.0,0.0,0.0,0.0,0.0,0.0,0.0,0.0,0.9099999666213989,0.0,0.0,0.0,0.0
101.404,0.0,0.0,0.0,datactrl_ref_vx_fallback,datactrl_est_vx_fallback,-0.9099999666213989,states_theta,-0.033012229949235916,0.0006535878471802059,0.0010929026080670643,0.00014048699885670218,0.0,0.0026081351336631913,0.0,0.0024800806449217535,0.0,0.0,0.0,0.0,0.0,0.0,0.0,0.0,0.0,0.0,0.0,0.0,0.9099999666213989,0.0,0.0,0.0,0.0
101.699,0.0,0.0,0.0,datactrl_ref_vx_fallback,datactrl_est_vx_fallback,-0.9099999666213989,states_theta,-0.033012229949235916,0.0006535878471802059,0.0010929026080670643,0.00014048699885670218,0.0,0.0026081351336631913,0.0,0.0024800806449217535,0.0,0.0,0.0,0.0,0.0,0.0,0.0,0.0,0.0,0.0,0.0,0.0,0.9099999666213989,0.0,0.0,0.0,0.0
101.857,0.0,0.0,0.0,datactrl_ref_vx_fallback,datactrl_est_vx_fallback,-0.9099999666213989,states_theta,-0.033012229949235916,0.0006535878471802059,0.0010929026080670643,0.00014048699885670218,0.0,0.0026081351336631913,0.0,0.0024800806449217535,0.0,0.0,0.0,0.0,0.0,0.0,0.0,0.0,0.0,0.0,0.0,0.0,0.9099999666213989,0.0,0.0,0.0,0.0
102.074,0.0,0.0,0.0,datactrl_ref_vx_fallback,datactrl_est_vx_fallback,-0.9099999666213989,states_theta,-0.033012229949235916,0.0006535878471802059,0.0010929026080670643,0.00014048699885670218,0.0,0.0026081351336631913,0.0,0.0024800806449217535,0.0,0.0,0.0,0.0,0.0,0.0,0.0,0.0,0.0,0.0,0.0,0.0,0.9099999666213989,0.0,0.0,0.0,0.0
102.304,0.0,0.0,0.0,datactrl_ref_vx_fallback,datactrl_est_vx_fallback,-0.9099999666213989,states_theta,-0.033012229949235916,0.0006535878471802059,0.0010929026080670643,0.00014048699885670218,0.0,0.0026081351336631913,0.0,0.0024800806449217535,0.0,0.0,0.0,0.0,0.0,0.0,0.0,0.0,0.0,0.0,0.0,0.0,0.9099999666213989,0.0,0.0,0.0,0.0
102.538,0.0,0.0,0.0,datactrl_ref_vx_fallback,datactrl_est_vx_fallback,-0.9099999666213989,states_theta,-0.033012229949235916,0.0006535878471802059,0.0010929026080670643,0.00014048699885670218,0.0,0.0026081351336631913,0.0,0.0024800806449217535,0.0,0.0,0.0,0.0,0.0,0.0,0.0,0.0,0.0,0.0,0.0,0.0,0.9099999666213989,0.0,0.0,0.0,0.0
102.755,0.0,0.0,0.0,datactrl_ref_vx_fallback,datactrl_est_vx_fallback,-0.9099999666213989,states_theta,-0.033012229949235916,0.0006535878471802059,0.0010929026080670643,0.00014048699885670218,0.0,0.0026081351336631913,0.0,0.0024800806449217535,0.0,0.0,0.0,0.0,0.0,0.0,0.0,0.0,0.0,0.0,0.0,0.0,0.9099999666213989,0.0,0.0,0.0,0.0
102.98,0.0,0.0,0.0,datactrl_ref_vx_fallback,datactrl_est_vx_fallback,-0.9099999666213989,states_theta,-0.033012229949235916,0.0006535878471802059,0.0010929026080670643,0.00014048699885670218,0.0,0.0026081351336631913,0.0,0.0024800806449217535,0.0,0.0,0.0,0.0,0.0,0.0,0.0,0.0,0.0,0.0,0.0,0.0,0.9099999666213989,0.0,0.0,0.0,0.0
103.2,0.0,0.0,0.0,datactrl_ref_vx_fallback,datactrl_est_vx_fallback,-0.9099999666213989,states_theta,-0.033012229949235916,0.0006535878471802059,0.0010929026080670643,0.00014048699885670218,0.0,0.0026081351336631913,0.0,0.0024800806449217535,0.0,0.0,0.0,0.0,0.0,0.0,0.0,0.0,0.0,0.0,0.0,0.0,0.9099999666213989,0.0,0.0,0.0,0.0
103.253,0.0,0.0,0.0,datactrl_ref_vx_fallback,datactrl_est_vx_fallback,-0.9099999666213989,states_theta,-0.033012229949235916,0.0006535878471802059,0.0010929026080670643,0.00014048699885670218,0.0,0.0026081351336631913,0.0,0.0024800806449217535,0.0,0.0,0.0,0.0,0.0,0.0,0.0,0.0,0.0,0.0,0.0,0.0,0.9099999666213989,0.0,0.0,0.0,0.0
103.429,0.0,0.0,0.0,datactrl_ref_vx_fallback,datactrl_est_vx_fallback,-0.9099999666213989,states_theta,-0.033012229949235916,0.0006535878471802059,0.0010929026080670643,0.00014048699885670218,0.0,0.0026081351336631913,0.0,0.0024800806449217535,0.0,0.0,0.0,0.0,0.0,0.0,0.0,0.0,0.0,0.0,0.0,0.0,0.9099999666213989,0.0,0.0,0.0,0.0
103.632,0.0,0.0,0.0,datactrl_ref_vx_fallback,datactrl_est_vx_fallback,-0.9099999666213989,states_theta,-0.033012229949235916,0.0006535878471802059,0.0010929026080670643,0.00014048699885670218,0.0,0.0026081351336631913,0.0,0.0024800806449217535,0.0,0.0,0.0,0.0,0.0,0.0,0.0,0.0,0.0,0.0,0.0,0.0,0.9099999666213989,0.0,0.0,0.0,0.0
103.844,0.0,0.0,0.0,datactrl_ref_vx_fallback,datactrl_est_vx_fallback,-0.9099999666213989,states_theta,-0.033012229949235916,0.0006535878471802059,0.0010929026080670643,0.00014048699885670218,0.0,0.0026081351336631913,0.0,0.0024800806449217535,0.0,0.0,0.0,0.0,0.0,0.0,0.0,0.0,0.0,0.0,0.0,0.0,0.9099999666213989,0.0,0.0,0.0,0.0
104.129,0.0,0.0,0.0,datactrl_ref_vx_fallback,datactrl_est_vx_fallback,-0.9099999666213989,states_theta,-0.033012229949235916,0.0006535878471802059,0.0010929026080670643,0.00014048699885670218,0.0,0.0026081351336631913,0.0,0.0024800806449217535,0.0,0.0,0.0,0.0,0.0,0.0,0.0,0.0,0.0,0.0,0.0,0.0,0.9099999666213989,0.0,0.0,0.0,0.0
104.305,0.0,0.0,0.0,datactrl_ref_vx_fallback,datactrl_est_vx_fallback,-0.9099999666213989,states_theta,-0.033012229949235916,0.0006535878471802059,0.0010929026080670643,0.00014048699885670218,0.0,0.0026081351336631913,0.0,0.0024800806449217535,0.0,0.0,0.0,0.0,0.0,0.0,0.0,0.0,0.0,0.0,0.0,0.0,0.9099999666213989,0.0,0.0,0.0,0.0
104.505,0.0,0.0,0.0,datactrl_ref_vx_fallback,datactrl_est_vx_fallback,-0.9099999666213989,states_theta,-0.033012229949235916,0.0006535878471802059,0.0010929026080670643,0.00014048699885670218,0.0,0.0026081351336631913,0.0,0.0024800806449217535,0.0,0.0,0.0,0.0,0.0,0.0,0.0,0.0,0.0,0.0,0.0,0.0,0.9099999666213989,0.0,0.0,0.0,0.0
104.717,0.0,0.0,0.0,datactrl_ref_vx_fallback,datactrl_est_vx_fallback,-0.9099999666213989,states_theta,-0.033012229949235916,0.0006535878471802059,0.0010929026080670643,0.00014048699885670218,0.0,0.0026081351336631913,0.0,0.0024800806449217535,0.0,0.0,0.0,0.0,0.0,0.0,0.0,0.0,0.0,0.0,0.0,0.0,0.9099999666213989,0.0,0.0,0.0,0.0
104.935,0.0,0.0,0.0,datactrl_ref_vx_fallback,datactrl_est_vx_fallback,-0.9099999666213989,states_theta,-0.033012229949235916,0.0006535878471802059,0.0010929026080670643,0.00014048699885670218,0.0,0.0026081351336631913,0.0,0.0024800806449217535,0.0,0.0,0.0,0.0,0.0,0.0,0.0,0.0,0.0,0.0,0.0,0.0,0.9099999666213989,0.0,0.0,0.0,0.0
105.154,0.0,0.0,0.0,datactrl_ref_vx_fallback,datactrl_est_vx_fallback,-0.9099999666213989,states_theta,-0.033012229949235916,0.0006535878471802059,0.0010929026080670643,0.00014048699885670218,0.0,0.0026081351336631913,0.0,0.0024800806449217535,0.0,0.0,0.0,0.0,0.0,0.0,0.0,0.0,0.0,0.0,0.0,0.0,0.9099999666213989,0.0,0.0,0.0,0.0
105.362,0.0,0.0,0.0,datactrl_ref_vx_fallback,datactrl_est_vx_fallback,-0.9099999666213989,states_theta,-0.033012229949235916,0.0006535878471802059,0.0010929026080670643,0.00014048699885670218,0.0,0.0026081351336631913,0.0,0.0024800806449217535,0.0,0.0,0.0,0.0,0.0,0.0,0.0,0.0,0.0,0.0,0.0,0.0,0.9099999666213989,0.0,0.0,0.0,0.0
105.591,0.0,0.0,0.0,datactrl_ref_vx_fallback,datactrl_est_vx_fallback,-0.9099999666213989,states_theta,-0.033012229949235916,0.0006535878471802059,0.0010929026080670643,0.00014048699885670218,0.0,0.0026081351336631913,0.0,0.0024800806449217535,0.0,0.0,0.0,0.0,0.0,0.0,0.0,0.0,0.0,0.0,0.0,0.0,0.9099999666213989,0.0,0.0,0.0,0.0
105.802,0.0,0.0,0.0,datactrl_ref_vx_fallback,datactrl_est_vx_fallback,-0.9099999666213989,states_theta,-0.033012229949235916,0.0006535878471802059,0.0010929026080670643,0.00014048699885670218,0.0,0.0026081351336631913,0.0,0.0024800806449217535,0.0,0.0,0.0,0.0,0.0,0.0,0.0,0.0,0.0,0.0,0.0,0.0,0.9099999666213989,0.0,0.0,0.0,0.0
106.03,0.0,0.0,0.0,datactrl_ref_vx_fallback,datactrl_est_vx_fallback,-0.9099999666213989,states_theta,-0.033012229949235916,0.0006535878471802059,0.0010929026080670643,0.00014048699885670218,0.0,0.0026081351336631913,0.0,0.0024800806449217535,0.0,0.0,0.0,0.0,0.0,0.0,0.0,0.0,0.0,0.0,0.0,0.0,0.9099999666213989,0.0,0.0,0.0,0.0
106.216,0.0,0.0,0.0,datactrl_ref_vx_fallback,datactrl_est_vx_fallback,-0.9099999666213989,states_theta,-0.033012229949235916,0.0006535878471802059,0.0010929026080670643,0.00014048699885670218,0.0,0.0026081351336631913,0.0,0.0024800806449217535,0.0,0.0,0.0,0.0,0.0,0.0,0.0,0.0,0.0,0.0,0.0,0.0,0.9099999666213989,0.0,0.0,0.0,0.0
106.492,0.0,0.0,0.0,datactrl_ref_vx_fallback,datactrl_est_vx_fallback,-0.9099999666213989,states_theta,-0.033012229949235916,0.0006535878471802059,0.0010929026080670643,0.00014048699885670218,0.0,0.0026081351336631913,0.0,0.0024800806449217535,0.0,0.0,0.0,0.0,0.0,0.0,0.0,0.0,0.0,0.0,0.0,0.0,0.9099999666213989,0.0,0.0,0.0,0.0
106.667,0.0,0.0,0.0,datactrl_ref_vx_fallback,datactrl_est_vx_fallback,-0.9099999666213989,states_theta,-0.033012229949235916,0.0006535878471802059,0.0010929026080670643,0.00014048699885670218,0.0,0.0026081351336631913,0.0,0.0024800806449217535,0.0,0.0,0.0,0.0,0.0,0.0,0.0,0.0,0.0,0.0,0.0,0.0,0.9099999666213989,0.0,0.0,0.0,0.0
106.882,0.0,0.0,0.0,datactrl_ref_vx_fallback,datactrl_est_vx_fallback,-0.9099999666213989,states_theta,-0.033012229949235916,0.0006535878471802059,0.0010929026080670643,0.00014048699885670218,0.0,0.0026081351336631913,0.0,0.0024800806449217535,0.0,0.0,0.0,0.0,0.0,0.0,0.0,0.0,0.0,0.0,0.0,0.0,0.9099999666213989,0.0,0.0,0.0,0.0
107.107,0.0,0.0,0.0,datactrl_ref_vx_fallback,datactrl_est_vx_fallback,-0.9099999666213989,states_theta,-0.033012229949235916,0.0006535878471802059,0.0010929026080670643,0.00014048699885670218,0.0,0.0026081351336631913,0.0,0.0024800806449217535,0.0,0.0,0.0,0.0,0.0,0.0,0.0,0.0,0.0,0.0,0.0,0.0,0.9099999666213989,0.0,0.0,0.0,0.0
107.317,0.0,0.0,0.0,datactrl_ref_vx_fallback,datactrl_est_vx_fallback,-0.9099999666213989,states_theta,-0.033012229949235916,0.0006535878471802059,0.0010929026080670643,0.00014048699885670218,0.0,0.0026081351336631913,0.0,0.0024800806449217535,0.0,0.0,0.0,0.0,0.0,0.0,0.0,0.0,0.0,0.0,0.0,0.0,0.9099999666213989,0.0,0.0,0.0,0.0
107.523,0.0,0.0,0.0,datactrl_ref_vx_fallback,datactrl_est_vx_fallback,-0.9099999666213989,states_theta,-0.033012229949235916,0.0006535878471802059,0.0010929026080670643,0.00014048699885670218,0.0,0.0026081351336631913,0.0,0.0024800806449217535,0.0,0.0,0.0,0.0,0.0,0.0,0.0,0.0,0.0,0.0,0.0,0.0,0.9099999666213989,0.0,0.0,0.0,0.0
107.76,0.0,0.0,0.0,datactrl_ref_vx_fallback,datactrl_est_vx_fallback,-0.9099999666213989,states_theta,-0.033012229949235916,0.0006535878471802059,0.0010929026080670643,0.00014048699885670218,0.0,0.0026081351336631913,0.0,0.0024800806449217535,0.0,0.0,0.0,0.0,0.0,0.0,0.0,0.0,0.0,0.0,0.0,0.0,0.9099999666213989,0.0,0.0,0.0,0.0
107.974,0.0,0.0,0.0,datactrl_ref_vx_fallback,datactrl_est_vx_fallback,-0.9099999666213989,states_theta,-0.033012229949235916,0.0006535878471802059,0.0010929026080670643,0.00014048699885670218,0.0,0.0026081351336631913,0.0,0.0024800806449217535,0.0,0.0,0.0,0.0,0.0,0.0,0.0,0.0,0.0,0.0,0.0,0.0,0.9099999666213989,0.0,0.0,0.0,0.0
108.187,0.0,0.0,0.0,datactrl_ref_vx_fallback,datactrl_est_vx_fallback,-0.9099999666213989,states_theta,-0.033012229949235916,0.0006535878471802059,0.0010929026080670643,0.00014048699885670218,0.0,0.0026081351336631913,0.0,0.0024800806449217535,0.0,0.0,0.0,0.0,0.0,0.0,0.0,0.0,0.0,0.0,0.0,0.0,0.9099999666213989,0.0,0.0,0.0,0.0
108.392,0.0,0.0,0.0,datactrl_ref_vx_fallback,datactrl_est_vx_fallback,-0.9099999666213989,states_theta,-0.033012229949235916,0.0006535878471802059,0.0010929026080670643,0.00014048699885670218,0.0,0.0026081351336631913,0.0,0.0024800806449217535,0.0,0.0,0.0,0.0,0.0,0.0,0.0,0.0,0.0,0.0,0.0,0.0,0.9099999666213989,0.0,0.0,0.0,0.0
108.612,0.0,0.0,0.0,datactrl_ref_vx_fallback,datactrl_est_vx_fallback,-0.9099999666213989,states_theta,-0.033012229949235916,0.0006535878471802059,0.0010929026080670643,0.00014048699885670218,0.0,0.0026081351336631913,0.0,0.0024800806449217535,0.0,0.0,0.0,0.0,0.0,0.0,0.0,0.0,0.0,0.0,0.0,0.0,0.9099999666213989,0.0,0.0,0.0,0.0
108.842,0.0,0.0,0.0,datactrl_ref_vx_fallback,datactrl_est_vx_fallback,-0.9099999666213989,states_theta,-0.033012229949235916,0.0006535878471802059,0.0010929026080670643,0.00014048699885670218,0.0,0.0026081351336631913,0.0,0.0024800806449217535,0.0,0.0,0.0,0.0,0.0,0.0,0.0,0.0,0.0,0.0,0.0,0.0,0.9099999666213989,0.0,0.0,0.0,0.0
109.042,0.0,0.0,0.0,datactrl_ref_vx_fallback,datactrl_est_vx_fallback,-0.9099999666213989,states_theta,-0.033012229949235916,0.0006535878471802059,0.0010929026080670643,0.00014048699885670218,0.0,0.0026081351336631913,0.0,0.0024800806449217535,0.0,0.0,0.0,0.0,0.0,0.0,0.0,0.0,0.0,0.0,0.0,0.0,0.9099999666213989,0.0,0.0,0.0,0.0
109.271,0.0,0.0,0.0,datactrl_ref_vx_fallback,datactrl_est_vx_fallback,-0.9099999666213989,states_theta,-0.033012229949235916,0.0006535878471802059,0.0010929026080670643,0.00014048699885670218,0.0,0.0026081351336631913,0.0,0.0024800806449217535,0.0,0.0,0.0,0.0,0.0,0.0,0.0,0.0,0.0,0.0,0.0,0.0,0.9099999666213989,0.0,0.0,0.0,0.0
109.492,0.0,0.0,0.0,datactrl_ref_vx_fallback,datactrl_est_vx_fallback,-0.9099999666213989,states_theta,-0.033012229949235916,0.0006535878471802059,0.0010929026080670643,0.00014048699885670218,0.0,0.0026081351336631913,0.0,0.0024800806449217535,0.0,0.0,0.0,0.0,0.0,0.0,0.0,0.0,0.0,0.0,0.0,0.0,0.9099999666213989,0.0,0.0,0.0,0.0
109.721,0.0,0.0,0.0,datactrl_ref_vx_fallback,datactrl_est_vx_fallback,-0.9099999666213989,states_theta,-0.033012229949235916,0.0006535878471802059,0.0010929026080670643,0.00014048699885670218,0.0,0.0026081351336631913,0.0,0.0024800806449217535,0.0,0.0,0.0,0.0,0.0,0.0,0.0,0.0,0.0,0.0,0.0,0.0,0.9099999666213989,0.0,0.0,0.0,0.0
109.916,0.0,0.0,0.0,datactrl_ref_vx_fallback,datactrl_est_vx_fallback,-0.9099999666213989,states_theta,-0.033012229949235916,0.0006535878471802059,0.0010929026080670643,0.00014048699885670218,0.0,0.0026081351336631913,0.0,0.0024800806449217535,0.0,0.0,0.0,0.0,0.0,0.0,0.0,0.0,0.0,0.0,0.0,0.0,0.9099999666213989,0.0,0.0,0.0,0.0
110.156,0.0,0.0,0.0,datactrl_ref_vx_fallback,datactrl_est_vx_fallback,-0.9099999666213989,states_theta,-0.033012229949235916,0.0006535878471802059,0.0010929026080670643,0.00014048699885670218,0.0,0.0026081351336631913,0.0,0.0024800806449217535,0.0,0.0,0.0,0.0,0.0,0.0,0.0,0.0,0.0,0.0,0.0,0.0,0.9099999666213989,0.0,0.0,0.0,0.0
110.369,0.0,0.0,0.0,datactrl_ref_vx_fallback,datactrl_est_vx_fallback,-0.9099999666213989,states_theta,-0.033012229949235916,0.0006535878471802059,0.0010929026080670643,0.00014048699885670218,0.0,0.0026081351336631913,0.0,0.0024800806449217535,0.0,0.0,0.0,0.0,0.0,0.0,0.0,0.0,0.0,0.0,0.0,0.0,0.9099999666213989,0.0,0.0,0.0,0.0
110.582,0.0,0.0,0.0,datactrl_ref_vx_fallback,datactrl_est_vx_fallback,-0.9099999666213989,states_theta,-0.033012229949235916,0.0006535878471802059,0.0010929026080670643,0.00014048699885670218,0.0,0.0026081351336631913,0.0,0.0024800806449217535,0.0,0.0,0.0,0.0,0.0,0.0,0.0,0.0,0.0,0.0,0.0,0.0,0.9099999666213989,0.0,0.0,0.0,0.0
110.787,0.0,0.0,0.0,datactrl_ref_vx_fallback,datactrl_est_vx_fallback,-0.9099999666213989,states_theta,-0.033012229949235916,0.0006535878471802059,0.0010929026080670643,0.00014048699885670218,0.0,0.0026081351336631913,0.0,0.0024800806449217535,0.0,0.0,0.0,0.0,0.0,0.0,0.0,0.0,0.0,0.0,0.0,0.0,0.9099999666213989,0.0,0.0,0.0,0.0
111.0,0.0,0.0,0.0,datactrl_ref_vx_fallback,datactrl_est_vx_fallback,-0.9099999666213989,states_theta,-0.033012229949235916,0.0006535878471802059,0.0010929026080670643,0.00014048699885670218,0.0,0.0026081351336631913,0.0,0.0024800806449217535,0.0,0.0,0.0,0.0,0.0,0.0,0.0,0.0,0.0,0.0,0.0,0.0,0.9099999666213989,0.0,0.0,0.0,0.0
111.272,0.0,0.0,0.0,datactrl_ref_vx_fallback,datactrl_est_vx_fallback,-0.9099999666213989,states_theta,-0.033012229949235916,0.0006535878471802059,0.0010929026080670643,0.00014048699885670218,0.0,0.0026081351336631913,0.0,0.0024800806449217535,0.0,0.0,0.0,0.0,0.0,0.0,0.0,0.0,0.0,0.0,0.0,0.0,0.9099999666213989,0.0,0.0,0.0,0.0
111.436,0.0,0.0,0.0,datactrl_ref_vx_fallback,datactrl_est_vx_fallback,-0.9099999666213989,states_theta,-0.033012229949235916,0.0006535878471802059,0.0010929026080670643,0.00014048699885670218,0.0,0.0026081351336631913,0.0,0.0024800806449217535,0.0,0.0,0.0,0.0,0.0,0.0,0.0,0.0,0.0,0.0,0.0,0.0,0.9099999666213989,0.0,0.0,0.0,0.0
111.651,0.0,0.0,0.0,datactrl_ref_vx_fallback,datactrl_est_vx_fallback,-0.9099999666213989,states_theta,-0.033012229949235916,0.0006535878471802059,0.0010929026080670643,0.00014048699885670218,0.0,0.0026081351336631913,0.0,0.0024800806449217535,0.0,0.0,0.0,0.0,0.0,0.0,0.0,0.0,0.0,0.0,0.0,0.0,0.9099999666213989,0.0,0.0,0.0,0.0
111.864,0.0,0.0,0.0,datactrl_ref_vx_fallback,datactrl_est_vx_fallback,-0.9099999666213989,states_theta,-0.033012229949235916,0.0006535878471802059,0.0010929026080670643,0.00014048699885670218,0.0,0.0026081351336631913,0.0,0.0024800806449217535,0.0,0.0,0.0,0.0,0.0,0.0,0.0,0.0,0.0,0.0,0.0,0.0,0.9099999666213989,0.0,0.0,0.0,0.0
112.079,0.0,0.0,0.0,datactrl_ref_vx_fallback,datactrl_est_vx_fallback,-0.9099999666213989,states_theta,-0.033012229949235916,0.0006535878471802059,0.0010929026080670643,0.00014048699885670218,0.0,0.0026081351336631913,0.0,0.0024800806449217535,0.0,0.0,0.0,0.0,0.0,0.0,0.0,0.0,0.0,0.0,0.0,0.0,0.9099999666213989,0.0,0.0,0.0,0.0
112.297,0.0,0.0,0.0,datactrl_ref_vx_fallback,datactrl_est_vx_fallback,-0.9099999666213989,states_theta,-0.033012229949235916,0.0006535878471802059,0.0010929026080670643,0.00014048699885670218,0.0,0.0026081351336631913,0.0,0.0024800806449217535,0.0,0.0,0.0,0.0,0.0,0.0,0.0,0.0,0.0,0.0,0.0,0.0,0.9099999666213989,0.0,0.0,0.0,0.0
112.525,0.0,0.0,0.0,datactrl_ref_vx_fallback,datactrl_est_vx_fallback,-0.9099999666213989,states_theta,-0.033012229949235916,0.0006535878471802059,0.0010929026080670643,0.00014048699885670218,0.0,0.0026081351336631913,0.0,0.0024800806449217535,0.0,0.0,0.0,0.0,0.0,0.0,0.0,0.0,0.0,0.0,0.0,0.0,0.9099999666213989,0.0,0.0,0.0,0.0
112.738,0.0,0.0,0.0,datactrl_ref_vx_fallback,datactrl_est_vx_fallback,-0.9099999666213989,states_theta,-0.033012229949235916,0.0006535878471802059,0.0010929026080670643,0.00014048699885670218,0.0,0.0026081351336631913,0.0,0.0024800806449217535,0.0,0.0,0.0,0.0,0.0,0.0,0.0,0.0,0.0,0.0,0.0,0.0,0.9099999666213989,0.0,0.0,0.0,0.0
112.965,0.0,0.0,0.0,datactrl_ref_vx_fallback,datactrl_est_vx_fallback,-0.9099999666213989,states_theta,-0.033012229949235916,0.0006535878471802059,0.0010929026080670643,0.00014048699885670218,0.0,0.0026081351336631913,0.0,0.0024800806449217535,0.0,0.0,0.0,0.0,0.0,0.0,0.0,0.0,0.0,0.0,0.0,0.0,0.9099999666213989,0.0,0.0,0.0,0.0
113.175,0.0,0.0,0.0,datactrl_ref_vx_fallback,datactrl_est_vx_fallback,-0.9099999666213989,states_theta,-0.033012229949235916,0.0006535878471802059,0.0010929026080670643,0.00014048699885670218,0.0,0.0026081351336631913,0.0,0.0024800806449217535,0.0,0.0,0.0,0.0,0.0,0.0,0.0,0.0,0.0,0.0,0.0,0.0,0.9099999666213989,0.0,0.0,0.0,0.0
113.386,0.0,0.0,0.0,datactrl_ref_vx_fallback,datactrl_est_vx_fallback,-0.9099999666213989,states_theta,-0.033012229949235916,0.0006535878471802059,0.0010929026080670643,0.00014048699885670218,0.0,0.0026081351336631913,0.0,0.0024800806449217535,0.0,0.0,0.0,0.0,0.0,0.0,0.0,0.0,0.0,0.0,0.0,0.0,0.9099999666213989,0.0,0.0,0.0,0.0
113.601,0.0,0.0,0.0,datactrl_ref_vx_fallback,datactrl_est_vx_fallback,-0.9099999666213989,states_theta,-0.033012229949235916,0.0006535878471802059,0.0010929026080670643,0.00014048699885670218,0.0,0.0026081351336631913,0.0,0.0024800806449217535,0.0,0.0,0.0,0.0,0.0,0.0,0.0,0.0,0.0,0.0,0.0,0.0,0.9099999666213989,0.0,0.0,0.0,0.0
113.814,0.0,0.0,0.0,datactrl_ref_vx_fallback,datactrl_est_vx_fallback,-0.9099999666213989,states_theta,-0.033012229949235916,0.0006535878471802059,0.0010929026080670643,0.00014048699885670218,0.0,0.0026081351336631913,0.0,0.0024800806449217535,0.0,0.0,0.0,0.0,0.0,0.0,0.0,0.0,0.0,0.0,0.0,0.0,0.9099999666213989,0.0,0.0,0.0,0.0
114.033,0.0,0.0,0.0,datactrl_ref_vx_fallback,datactrl_est_vx_fallback,-0.9099999666213989,states_theta,-0.033012229949235916,0.0006535878471802059,0.0010929026080670643,0.00014048699885670218,0.0,0.0026081351336631913,0.0,0.0024800806449217535,0.0,0.0,0.0,0.0,0.0,0.0,0.0,0.0,0.0,0.0,0.0,0.0,0.9099999666213989,0.0,0.0,0.0,0.0
114.245,0.0,0.0,0.0,datactrl_ref_vx_fallback,datactrl_est_vx_fallback,-0.9099999666213989,states_theta,-0.033012229949235916,0.0006535878471802059,0.0010929026080670643,0.00014048699885670218,0.0,0.0026081351336631913,0.0,0.0024800806449217535,0.0,0.0,0.0,0.0,0.0,0.0,0.0,0.0,0.0,0.0,0.0,0.0,0.9099999666213989,0.0,0.0,0.0,0.0
114.441,0.0,0.0,0.0,datactrl_ref_vx_fallback,datactrl_est_vx_fallback,-0.9099999666213989,states_theta,-0.033012229949235916,0.0006535878471802059,0.0010929026080670643,0.00014048699885670218,0.0,0.0026081351336631913,0.0,0.0024800806449217535,0.0,0.0,0.0,0.0,0.0,0.0,0.0,0.0,0.0,0.0,0.0,0.0,0.9099999666213989,0.0,0.0,0.0,0.0
114.668,0.0,0.0,0.0,datactrl_ref_vx_fallback,datactrl_est_vx_fallback,-0.9099999666213989,states_theta,-0.033012229949235916,0.0006535878471802059,0.0010929026080670643,0.00014048699885670218,0.0,0.0026081351336631913,0.0,0.0024800806449217535,0.0,0.0,0.0,0.0,0.0,0.0,0.0,0.0,0.0,0.0,0.0,0.0,0.9099999666213989,0.0,0.0,0.0,0.0
114.895,0.0,0.0,0.0,datactrl_ref_vx_fallback,datactrl_est_vx_fallback,-0.9099999666213989,states_theta,-0.033012229949235916,0.0006535878471802059,0.0010929026080670643,0.00014048699885670218,0.0,0.0026081351336631913,0.0,0.0024800806449217535,0.0,0.0,0.0,0.0,0.0,0.0,0.0,0.0,0.0,0.0,0.0,0.0,0.9099999666213989,0.0,0.0,0.0,0.0
115.109,0.0,0.0,0.0,datactrl_ref_vx_fallback,datactrl_est_vx_fallback,-0.9099999666213989,states_theta,-0.033012229949235916,0.0006535878471802059,0.0010929026080670643,0.00014048699885670218,0.0,0.0026081351336631913,0.0,0.0024800806449217535,0.0,0.0,0.0,0.0,0.0,0.0,0.0,0.0,0.0,0.0,0.0,0.0,0.9099999666213989,0.0,0.0,0.0,0.0
115.32,0.0,0.0,0.0,datactrl_ref_vx_fallback,datactrl_est_vx_fallback,-0.9099999666213989,states_theta,-0.033012229949235916,0.0006535878471802059,0.0010929026080670643,0.00014048699885670218,0.0,0.0026081351336631913,0.0,0.0024800806449217535,0.0,0.0,0.0,0.0,0.0,0.0,0.0,0.0,0.0,0.0,0.0,0.0,0.9099999666213989,0.0,0.0,0.0,0.0
115.538,0.0,0.0,0.0,datactrl_ref_vx_fallback,datactrl_est_vx_fallback,-0.9099999666213989,states_theta,-0.033012229949235916,0.0006535878471802059,0.0010929026080670643,0.00014048699885670218,0.0,0.0026081351336631913,0.0,0.0024800806449217535,0.0,0.0,0.0,0.0,0.0,0.0,0.0,0.0,0.0,0.0,0.0,0.0,0.9099999666213989,0.0,0.0,0.0,0.0
115.747,0.0,0.0,0.0,datactrl_ref_vx_fallback,datactrl_est_vx_fallback,-0.9099999666213989,states_theta,-0.033012229949235916,0.0006535878471802059,0.0010929026080670643,0.00014048699885670218,0.0,0.0026081351336631913,0.0,0.0024800806449217535,0.0,0.0,0.0,0.0,0.0,0.0,0.0,0.0,0.0,0.0,0.0,0.0,0.9099999666213989,0.0,0.0,0.0,0.0
115.917,0.0,0.0,0.0,datactrl_ref_vx_fallback,datactrl_est_vx_fallback,-0.9099999666213989,states_theta,-0.033012229949235916,0.0006535878471802059,0.0010929026080670643,0.00014048699885670218,0.0,0.0026081351336631913,0.0,0.0024800806449217535,0.0,0.0,0.0,0.0,0.0,0.0,0.0,0.0,0.0,0.0,0.0,0.0,0.9099999666213989,0.0,0.0,0.0,0.0
116.129,0.0,0.0,0.0,datactrl_ref_vx_fallback,datactrl_est_vx_fallback,-0.9099999666213989,states_theta,-0.033012229949235916,0.0006535878471802059,0.0010929026080670643,0.00014048699885670218,0.0,0.0026081351336631913,0.0,0.0024800806449217535,0.0,0.0,0.0,0.0,0.0,0.0,0.0,0.0,0.0,0.0,0.0,0.0,0.9099999666213989,0.0,0.0,0.0,0.0
116.225,0.0,0.0,0.0,datactrl_ref_vx_fallback,datactrl_est_vx_fallback,-0.9099999666213989,states_theta,-0.033012229949235916,0.0006535878471802059,0.0010929026080670643,0.00014048699885670218,0.0,0.0026081351336631913,0.0,0.0024800806449217535,0.0,0.0,0.0,0.0,0.0,0.0,0.0,0.0,0.0,0.0,0.0,0.0,0.9099999666213989,0.0,0.0,0.0,0.0
116.396,0.0,0.0,0.0,datactrl_ref_vx_fallback,datactrl_est_vx_fallback,-0.9099999666213989,states_theta,-0.033012229949235916,0.0006535878471802059,0.0010929026080670643,0.00014048699885670218,0.0,0.0026081351336631913,0.0,0.0024800806449217535,0.0,0.0,0.0,0.0,0.0,0.0,0.0,0.0,0.0,0.0,0.0,0.0,0.9099999666213989,0.0,0.0,0.0,0.0
116.591,0.0,0.0,0.0,datactrl_ref_vx_fallback,datactrl_est_vx_fallback,-0.9099999666213989,states_theta,-0.033012229949235916,0.0006535878471802059,0.0010929026080670643,0.00014048699885670218,0.0,0.0026081351336631913,0.0,0.0024800806449217535,0.0,0.0,0.0,0.0,0.0,0.0,0.0,0.0,0.0,0.0,0.0,0.0,0.9099999666213989,0.0,0.0,0.0,0.0
116.772,0.0,0.0,0.0,datactrl_ref_vx_fallback,datactrl_est_vx_fallback,-0.9099999666213989,states_theta,-0.033012229949235916,0.0006535878471802059,0.0010929026080670643,0.00014048699885670218,0.0,0.0026081351336631913,0.0,0.0024800806449217535,0.0,0.0,0.0,0.0,0.0,0.0,0.0,0.0,0.0,0.0,0.0,0.0,0.9099999666213989,0.0,0.0,0.0,0.0
116.95,0.0,0.0,0.0,datactrl_ref_vx_fallback,datactrl_est_vx_fallback,-0.9099999666213989,states_theta,-0.033012229949235916,0.0006535878471802059,0.0010929026080670643,0.00014048699885670218,0.0,0.0026081351336631913,0.0,0.0024800806449217535,0.0,0.0,0.0,0.0,0.0,0.0,0.0,0.0,0.0,0.0,0.0,0.0,0.9099999666213989,0.0,0.0,0.0,0.0
117.157,0.0,0.0,0.0,datactrl_ref_vx_fallback,datactrl_est_vx_fallback,-0.9099999666213989,states_theta,-0.033012229949235916,0.0006535878471802059,0.0010929026080670643,0.00014048699885670218,0.0,0.0026081351336631913,0.0,0.0024800806449217535,0.0,0.0,0.0,0.0,0.0,0.0,0.0,0.0,0.0,0.0,0.0,0.0,0.9099999666213989,0.0,0.0,0.0,0.0
117.358,0.0,0.0,0.0,datactrl_ref_vx_fallback,datactrl_est_vx_fallback,-0.9099999666213989,states_theta,-0.033012229949235916,0.0006535878471802059,0.0010929026080670643,0.00014048699885670218,0.0,0.0026081351336631913,0.0,0.0024800806449217535,0.0,0.0,0.0,0.0,0.0,0.0,0.0,0.0,0.0,0.0,0.0,0.0,0.9099999666213989,0.0,0.0,0.0,0.0
117.568,0.0,0.0,0.0,datactrl_ref_vx_fallback,datactrl_est_vx_fallback,-0.9099999666213989,states_theta,-0.033012229949235916,0.0006535878471802059,0.0010929026080670643,0.00014048699885670218,0.0,0.0026081351336631913,0.0,0.0024800806449217535,0.0,0.0,0.0,0.0,0.0,0.0,0.0,0.0,0.0,0.0,0.0,0.0,0.9099999666213989,0.0,0.0,0.0,0.0
117.754,0.0,0.0,0.0,datactrl_ref_vx_fallback,datactrl_est_vx_fallback,-0.9099999666213989,states_theta,-0.033012229949235916,0.0006535878471802059,0.0010929026080670643,0.00014048699885670218,0.0,0.0026081351336631913,0.0,0.0024800806449217535,0.0,0.0,0.0,0.0,0.0,0.0,0.0,0.0,0.0,0.0,0.0,0.0,0.9099999666213989,0.0,0.0,0.0,0.0
117.93,0.0,0.0,0.0,datactrl_ref_vx_fallback,datactrl_est_vx_fallback,-0.9099999666213989,states_theta,-0.033012229949235916,0.0006535878471802059,0.0010929026080670643,0.00014048699885670218,0.0,0.0026081351336631913,0.0,0.0024800806449217535,0.0,0.0,0.0,0.0,0.0,0.0,0.0,0.0,0.0,0.0,0.0,0.0,0.9099999666213989,0.0,0.0,0.0,0.0
118.15,0.0,0.0,0.0,datactrl_ref_vx_fallback,datactrl_est_vx_fallback,-0.9099999666213989,states_theta,-0.033012229949235916,0.0006535878471802059,0.0010929026080670643,0.00014048699885670218,0.0,0.0026081351336631913,0.0,0.0024800806449217535,0.0,0.0,0.0,0.0,0.0,0.0,0.0,0.0,0.0,0.0,0.0,0.0,0.9099999666213989,0.0,0.0,0.0,0.0
118.377,0.0,0.0,0.0,datactrl_ref_vx_fallback,datactrl_est_vx_fallback,-0.9099999666213989,states_theta,-0.033012229949235916,0.0006535878471802059,0.0010929026080670643,0.00014048699885670218,0.0,0.0026081351336631913,0.0,0.0024800806449217535,0.0,0.0,0.0,0.0,0.0,0.0,0.0,0.0,0.0,0.0,0.0,0.0,0.9099999666213989,0.0,0.0,0.0,0.0
118.588,0.0,0.0,0.0,datactrl_ref_vx_fallback,datactrl_est_vx_fallback,-0.9099999666213989,states_theta,-0.033012229949235916,0.0006535878471802059,0.0010929026080670643,0.00014048699885670218,0.0,0.0026081351336631913,0.0,0.0024800806449217535,0.0,0.0,0.0,0.0,0.0,0.0,0.0,0.0,0.0,0.0,0.0,0.0,0.9099999666213989,0.0,0.0,0.0,0.0
118.8,0.0,0.0,0.0,datactrl_ref_vx_fallback,datactrl_est_vx_fallback,-0.9099999666213989,states_theta,-0.033012229949235916,0.0006535878471802059,0.0010929026080670643,0.00014048699885670218,0.0,0.0026081351336631913,0.0,0.0024800806449217535,0.0,0.0,0.0,0.0,0.0,0.0,0.0,0.0,0.0,0.0,0.0,0.0,0.9099999666213989,0.0,0.0,0.0,0.0
119.026,0.0,0.0,0.0,datactrl_ref_vx_fallback,datactrl_est_vx_fallback,-0.9099999666213989,states_theta,-0.033012229949235916,0.0006535878471802059,0.0010929026080670643,0.00014048699885670218,0.0,0.0026081351336631913,0.0,0.0024800806449217535,0.0,0.0,0.0,0.0,0.0,0.0,0.0,0.0,0.0,0.0,0.0,0.0,0.9099999666213989,0.0,0.0,0.0,0.0
119.239,0.0,0.0,0.0,datactrl_ref_vx_fallback,datactrl_est_vx_fallback,-0.9099999666213989,states_theta,-0.033012229949235916,0.0006535878471802059,0.0010929026080670643,0.00014048699885670218,0.0,0.0026081351336631913,0.0,0.0024800806449217535,0.0,0.0,0.0,0.0,0.0,0.0,0.0,0.0,0.0,0.0,0.0,0.0,0.9099999666213989,0.0,0.0,0.0,0.0
119.442,0.0,0.0,0.0,datactrl_ref_vx_fallback,datactrl_est_vx_fallback,-0.9099999666213989,states_theta,-0.033012229949235916,0.0006535878471802059,0.0010929026080670643,0.00014048699885670218,0.0,0.0026081351336631913,0.0,0.0024800806449217535,0.0,0.0,0.0,0.0,0.0,0.0,0.0,0.0,0.0,0.0,0.0,0.0,0.9099999666213989,0.0,0.0,0.0,0.0
119.66,0.0,0.0,0.0,datactrl_ref_vx_fallback,datactrl_est_vx_fallback,-0.9099999666213989,states_theta,-0.033012229949235916,0.0006535878471802059,0.0010929026080670643,0.00014048699885670218,0.0,0.0026081351336631913,0.0,0.0024800806449217535,0.0,0.0,0.0,0.0,0.0,0.0,0.0,0.0,0.0,0.0,0.0,0.0,0.9099999666213989,0.0,0.0,0.0,0.0
119.879,0.0,0.0,0.0,datactrl_ref_vx_fallback,datactrl_est_vx_fallback,-0.9099999666213989,states_theta,-0.033012229949235916,0.0006535878471802059,0.0010929026080670643,0.00014048699885670218,0.0,0.0026081351336631913,0.0,0.0024800806449217535,0.0,0.0,0.0,0.0,0.0,0.0,0.0,0.0,0.0,0.0,0.0,0.0,0.9099999666213989,0.0,0.0,0.0,0.0
120.086,0.0,0.0,0.0,datactrl_ref_vx_fallback,datactrl_est_vx_fallback,-0.9099999666213989,states_theta,-0.033012229949235916,0.0006535878471802059,0.0010929026080670643,0.00014048699885670218,0.0,0.0026081351336631913,0.0,0.0024800806449217535,0.0,0.0,0.0,0.0,0.0,0.0,0.0,0.0,0.0,0.0,0.0,0.0,0.9099999666213989,0.0,0.0,0.0,0.0
120.284,0.0,0.0,0.0,datactrl_ref_vx_fallback,datactrl_est_vx_fallback,-0.9099999666213989,states_theta,-0.033012229949235916,0.0006535878471802059,0.0010929026080670643,0.00014048699885670218,0.0,0.0026081351336631913,0.0,0.0024800806449217535,0.0,0.0,0.0,0.0,0.0,0.0,0.0,0.0,0.0,0.0,0.0,0.0,0.9099999666213989,0.0,0.0,0.0,0.0
120.508,0.0,0.0,0.0,datactrl_ref_vx_fallback,datactrl_est_vx_fallback,-0.9099999666213989,states_theta,-0.033012229949235916,0.0006535878471802059,0.0010929026080670643,0.00014048699885670218,0.0,0.0026081351336631913,0.0,0.0024800806449217535,0.0,0.0,0.0,0.0,0.0,0.0,0.0,0.0,0.0,0.0,0.0,0.0,0.9099999666213989,0.0,0.0,0.0,0.0
120.719,0.0,0.0,0.0,datactrl_ref_vx_fallback,datactrl_est_vx_fallback,-0.9099999666213989,states_theta,-0.033012229949235916,0.0006535878471802059,0.0010929026080670643,0.00014048699885670218,0.0,0.0026081351336631913,0.0,0.0024800806449217535,0.0,0.0,0.0,0.0,0.0,0.0,0.0,0.0,0.0,0.0,0.0,0.0,0.9099999666213989,0.0,0.0,0.0,0.0
120.942,0.0,0.0,0.0,datactrl_ref_vx_fallback,datactrl_est_vx_fallback,-0.9099999666213989,states_theta,-0.033012229949235916,0.0006535878471802059,0.0010929026080670643,0.00014048699885670218,0.0,0.0026081351336631913,0.0,0.0024800806449217535,0.0,0.0,0.0,0.0,0.0,0.0,0.0,0.0,0.0,0.0,0.0,0.0,0.9099999666213989,0.0,0.0,0.0,0.0
121.142,0.0,0.0,0.0,datactrl_ref_vx_fallback,datactrl_est_vx_fallback,-0.9099999666213989,states_theta,-0.033012229949235916,0.0006535878471802059,0.0010929026080670643,0.00014048699885670218,0.0,0.0026081351336631913,0.0,0.0024800806449217535,0.0,0.0,0.0,0.0,0.0,0.0,0.0,0.0,0.0,0.0,0.0,0.0,0.9099999666213989,0.0,0.0,0.0,0.0
121.349,0.0,0.0,0.0,datactrl_ref_vx_fallback,datactrl_est_vx_fallback,-0.9099999666213989,states_theta,-0.033012229949235916,0.0006535878471802059,0.0010929026080670643,0.00014048699885670218,0.0,0.0026081351336631913,0.0,0.0024800806449217535,0.0,0.0,0.0,0.0,0.0,0.0,0.0,0.0,0.0,0.0,0.0,0.0,0.9099999666213989,0.0,0.0,0.0,0.0
121.562,0.0,0.0,0.0,datactrl_ref_vx_fallback,datactrl_est_vx_fallback,-0.9099999666213989,states_theta,-0.033012229949235916,0.0006535878471802059,0.0010929026080670643,0.00014048699885670218,0.0,0.0026081351336631913,0.0,0.0024800806449217535,0.0,0.0,0.0,0.0,0.0,0.0,0.0,0.0,0.0,0.0,0.0,0.0,0.9099999666213989,0.0,0.0,0.0,0.0
121.613,0.0,0.0,0.0,datactrl_ref_vx_fallback,datactrl_est_vx_fallback,-0.9099999666213989,states_theta,-0.033012229949235916,0.0006535878471802059,0.0010929026080670643,0.00014048699885670218,0.0,0.0026081351336631913,0.0,0.0024800806449217535,0.0,0.0,0.0,0.0,0.0,0.0,0.0,0.0,0.0,0.0,0.0,0.0,0.9099999666213989,0.0,0.0,0.0,0.0
121.785,0.0,0.0,0.0,datactrl_ref_vx_fallback,datactrl_est_vx_fallback,-0.9099999666213989,states_theta,-0.033012229949235916,0.0006535878471802059,0.0010929026080670643,0.00014048699885670218,0.0,0.0026081351336631913,0.0,0.0024800806449217535,0.0,0.0,0.0,0.0,0.0,0.0,0.0,0.0,0.0,0.0,0.0,0.0,0.9099999666213989,0.0,0.0,0.0,0.0
122.062,0.0,0.0,0.0,datactrl_ref_vx_fallback,datactrl_est_vx_fallback,-0.9099999666213989,states_theta,-0.033012229949235916,0.0006535878471802059,0.0010929026080670643,0.00014048699885670218,0.0,0.0026081351336631913,0.0,0.0024800806449217535,0.0,0.0,0.0,0.0,0.0,0.0,0.0,0.0,0.0,0.0,0.0,0.0,0.9099999666213989,0.0,0.0,0.0,0.0
122.24,0.0,0.0,0.0,datactrl_ref_vx_fallback,datactrl_est_vx_fallback,-0.9099999666213989,states_theta,-0.033012229949235916,0.0006535878471802059,0.0010929026080670643,0.00014048699885670218,0.0,0.0026081351336631913,0.0,0.0024800806449217535,0.0,0.0,0.0,0.0,0.0,0.0,0.0,0.0,0.0,0.0,0.0,0.0,0.9099999666213989,0.0,0.0,0.0,0.0
122.467,0.0,0.0,0.0,datactrl_ref_vx_fallback,datactrl_est_vx_fallback,-0.9099999666213989,states_theta,-0.033012229949235916,0.0006535878471802059,0.0010929026080670643,0.00014048699885670218,0.0,0.0026081351336631913,0.0,0.0024800806449217535,0.0,0.0,0.0,0.0,0.0,0.0,0.0,0.0,0.0,0.0,0.0,0.0,0.9099999666213989,0.0,0.0,0.0,0.0
122.517,0.0,0.0,0.0,datactrl_ref_vx_fallback,datactrl_est_vx_fallback,-0.9099999666213989,states_theta,-0.033012229949235916,0.0006535878471802059,0.0010929026080670643,0.00014048699885670218,0.0,0.0026081351336631913,0.0,0.0024800806449217535,0.0,0.0,0.0,0.0,0.0,0.0,0.0,0.0,0.0,0.0,0.0,0.0,0.9099999666213989,0.0,0.0,0.0,0.0
122.688,0.0,0.0,0.0,datactrl_ref_vx_fallback,datactrl_est_vx_fallback,-0.9099999666213989,states_theta,-0.033012229949235916,0.0006535878471802059,0.0010929026080670643,0.00014048699885670218,0.0,0.0026081351336631913,0.0,0.0024800806449217535,0.0,0.0,0.0,0.0,0.0,0.0,0.0,0.0,0.0,0.0,0.0,0.0,0.9099999666213989,0.0,0.0,0.0,0.0
122.881,0.0,0.0,0.0,datactrl_ref_vx_fallback,datactrl_est_vx_fallback,-0.9099999666213989,states_theta,-0.033012229949235916,0.0006535878471802059,0.0010929026080670643,0.00014048699885670218,0.0,0.0026081351336631913,0.0,0.0024800806449217535,0.0,0.0,0.0,0.0,0.0,0.0,0.0,0.0,0.0,0.0,0.0,0.0,0.9099999666213989,0.0,0.0,0.0,0.0
123.109,0.0,0.0,0.0,datactrl_ref_vx_fallback,datactrl_est_vx_fallback,-0.9099999666213989,states_theta,-0.033012229949235916,0.0006535878471802059,0.0010929026080670643,0.00014048699885670218,0.0,0.0026081351336631913,0.0,0.0024800806449217535,0.0,0.0,0.0,0.0,0.0,0.0,0.0,0.0,0.0,0.0,0.0,0.0,0.9099999666213989,0.0,0.0,0.0,0.0
123.347,0.0,0.0,0.0,datactrl_ref_vx_fallback,datactrl_est_vx_fallback,-0.9099999666213989,states_theta,-0.033012229949235916,0.0006535878471802059,0.0010929026080670643,0.00014048699885670218,0.0,0.0026081351336631913,0.0,0.0024800806449217535,0.0,0.0,0.0,0.0,0.0,0.0,0.0,0.0,0.0,0.0,0.0,0.0,0.9099999666213989,0.0,0.0,0.0,0.0
123.605,0.0,0.0,0.0,datactrl_ref_vx_fallback,datactrl_est_vx_fallback,-0.9099999666213989,states_theta,-0.033012229949235916,0.0006535878471802059,0.0010929026080670643,0.00014048699885670218,0.0,0.0026081351336631913,0.0,0.0024800806449217535,0.0,0.0,0.0,0.0,0.0,0.0,0.0,0.0,0.0,0.0,0.0,0.0,0.9099999666213989,0.0,0.0,0.0,0.0
123.779,0.0,0.0,0.0,datactrl_ref_vx_fallback,datactrl_est_vx_fallback,-0.9099999666213989,states_theta,-0.033012229949235916,0.0006535878471802059,0.0010929026080670643,0.00014048699885670218,0.0,0.0026081351336631913,0.0,0.0024800806449217535,0.0,0.0,0.0,0.0,0.0,0.0,0.0,0.0,0.0,0.0,0.0,0.0,0.9099999666213989,0.0,0.0,0.0,0.0
123.978,0.0,0.0,0.0,datactrl_ref_vx_fallback,datactrl_est_vx_fallback,-0.9099999666213989,states_theta,-0.033012229949235916,0.0006535878471802059,0.0010929026080670643,0.00014048699885670218,0.0,0.0026081351336631913,0.0,0.0024800806449217535,0.0,0.0,0.0,0.0,0.0,0.0,0.0,0.0,0.0,0.0,0.0,0.0,0.9099999666213989,0.0,0.0,0.0,0.0
124.198,0.0,0.0,0.0,datactrl_ref_vx_fallback,datactrl_est_vx_fallback,-0.9099999666213989,states_theta,-0.033012229949235916,0.0006535878471802059,0.0010929026080670643,0.00014048699885670218,0.0,0.0026081351336631913,0.0,0.0024800806449217535,0.0,0.0,0.0,0.0,0.0,0.0,0.0,0.0,0.0,0.0,0.0,0.0,0.9099999666213989,0.0,0.0,0.0,0.0
124.25,0.0,0.0,0.0,datactrl_ref_vx_fallback,datactrl_est_vx_fallback,-0.9099999666213989,states_theta,-0.033012229949235916,0.0006535878471802059,0.0010929026080670643,0.00014048699885670218,0.0,0.0026081351336631913,0.0,0.0024800806449217535,0.0,0.0,0.0,0.0,0.0,0.0,0.0,0.0,0.0,0.0,0.0,0.0,0.9099999666213989,0.0,0.0,0.0,0.0
124.429,0.0,0.0,0.0,datactrl_ref_vx_fallback,datactrl_est_vx_fallback,-0.9099999666213989,states_theta,-0.033012229949235916,0.0006535878471802059,0.0010929026080670643,0.00014048699885670218,0.0,0.0026081351336631913,0.0,0.0024800806449217535,0.0,0.0,0.0,0.0,0.0,0.0,0.0,0.0,0.0,0.0,0.0,0.0,0.9099999666213989,0.0,0.0,0.0,0.0
124.646,0.0,0.0,0.0,datactrl_ref_vx_fallback,datactrl_est_vx_fallback,-0.9099999666213989,states_theta,-0.033012229949235916,0.0006535878471802059,0.0010929026080670643,0.00014048699885670218,0.0,0.0026081351336631913,0.0,0.0024800806449217535,0.0,0.0,0.0,0.0,0.0,0.0,0.0,0.0,0.0,0.0,0.0,0.0,0.9099999666213989,0.0,0.0,0.0,0.0
124.854,0.0,0.0,0.0,datactrl_ref_vx_fallback,datactrl_est_vx_fallback,-0.9099999666213989,states_theta,-0.033012229949235916,0.0006535878471802059,0.0010929026080670643,0.00014048699885670218,0.0,0.0026081351336631913,0.0,0.0024800806449217535,0.0,0.0,0.0,0.0,0.0,0.0,0.0,0.0,0.0,0.0,0.0,0.0,0.9099999666213989,0.0,0.0,0.0,0.0
125.095,0.0,0.0,0.0,datactrl_ref_vx_fallback,datactrl_est_vx_fallback,-0.9099999666213989,states_theta,-0.033012229949235916,0.0006535878471802059,0.0010929026080670643,0.00014048699885670218,0.0,0.0026081351336631913,0.0,0.0024800806449217535,0.0,0.0,0.0,0.0,0.0,0.0,0.0,0.0,0.0,0.0,0.0,0.0,0.9099999666213989,0.0,0.0,0.0,0.0
125.304,0.0,0.0,0.0,datactrl_ref_vx_fallback,datactrl_est_vx_fallback,-0.9099999666213989,states_theta,-0.033012229949235916,0.0006535878471802059,0.0010929026080670643,0.00014048699885670218,0.0,0.0026081351336631913,0.0,0.0024800806449217535,0.0,0.0,0.0,0.0,0.0,0.0,0.0,0.0,0.0,0.0,0.0,0.0,0.9099999666213989,0.0,0.0,0.0,0.0
125.496,0.0,0.0,0.0,datactrl_ref_vx_fallback,datactrl_est_vx_fallback,-0.9099999666213989,states_theta,-0.033012229949235916,0.0006535878471802059,0.0010929026080670643,0.00014048699885670218,0.0,0.0026081351336631913,0.0,0.0024800806449217535,0.0,0.0,0.0,0.0,0.0,0.0,0.0,0.0,0.0,0.0,0.0,0.0,0.9099999666213989,0.0,0.0,0.0,0.0
125.729,0.0,0.0,0.0,datactrl_ref_vx_fallback,datactrl_est_vx_fallback,-0.9099999666213989,states_theta,-0.033012229949235916,0.0006535878471802059,0.0010929026080670643,0.00014048699885670218,0.0,0.0026081351336631913,0.0,0.0024800806449217535,0.0,0.0,0.0,0.0,0.0,0.0,0.0,0.0,0.0,0.0,0.0,0.0,0.9099999666213989,0.0,0.0,0.0,0.0
125.957,0.0,0.0,0.0,datactrl_ref_vx_fallback,datactrl_est_vx_fallback,-0.9099999666213989,states_theta,-0.033012229949235916,0.0006535878471802059,0.0010929026080670643,0.00014048699885670218,0.0,0.0026081351336631913,0.0,0.0024800806449217535,0.0,0.0,0.0,0.0,0.0,0.0,0.0,0.0,0.0,0.0,0.0,0.0,0.9099999666213989,0.0,0.0,0.0,0.0
126.18,0.0,0.0,0.0,datactrl_ref_vx_fallback,datactrl_est_vx_fallback,-0.9099999666213989,states_theta,-0.033012229949235916,0.0006535878471802059,0.0010929026080670643,0.00014048699885670218,0.0,0.0026081351336631913,0.0,0.0024800806449217535,0.0,0.0,0.0,0.0,0.0,0.0,0.0,0.0,0.0,0.0,0.0,0.0,0.9099999666213989,0.0,0.0,0.0,0.0
126.375,0.0,0.0,0.0,datactrl_ref_vx_fallback,datactrl_est_vx_fallback,-0.9099999666213989,states_theta,-0.033012229949235916,0.0006535878471802059,0.0010929026080670643,0.00014048699885670218,0.0,0.0026081351336631913,0.0,0.0024800806449217535,0.0,0.0,0.0,0.0,0.0,0.0,0.0,0.0,0.0,0.0,0.0,0.0,0.9099999666213989,0.0,0.0,0.0,0.0
126.592,0.0,0.0,0.0,datactrl_ref_vx_fallback,datactrl_est_vx_fallback,-0.9099999666213989,states_theta,-0.033012229949235916,0.0006535878471802059,0.0010929026080670643,0.00014048699885670218,0.0,0.0026081351336631913,0.0,0.0024800806449217535,0.0,0.0,0.0,0.0,0.0,0.0,0.0,0.0,0.0,0.0,0.0,0.0,0.9099999666213989,0.0,0.0,0.0,0.0
126.807,0.0,0.0,0.0,datactrl_ref_vx_fallback,datactrl_est_vx_fallback,-0.9099999666213989,states_theta,-0.033012229949235916,0.0006535878471802059,0.0010929026080670643,0.00014048699885670218,0.0,0.0026081351336631913,0.0,0.0024800806449217535,0.0,0.0,0.0,0.0,0.0,0.0,0.0,0.0,0.0,0.0,0.0,0.0,0.9099999666213989,0.0,0.0,0.0,0.0
126.859,0.0,0.0,0.0,datactrl_ref_vx_fallback,datactrl_est_vx_fallback,-0.9099999666213989,states_theta,-0.033012229949235916,0.0006535878471802059,0.0010929026080670643,0.00014048699885670218,0.0,0.0026081351336631913,0.0,0.0024800806449217535,0.0,0.0,0.0,0.0,0.0,0.0,0.0,0.0,0.0,0.0,0.0,0.0,0.9099999666213989,0.0,0.0,0.0,0.0
127.026,0.0,0.0,0.0,datactrl_ref_vx_fallback,datactrl_est_vx_fallback,-0.9099999666213989,states_theta,-0.033012229949235916,0.0006535878471802059,0.0010929026080670643,0.00014048699885670218,0.0,0.0026081351336631913,0.0,0.0024800806449217535,0.0,0.0,0.0,0.0,0.0,0.0,0.0,0.0,0.0,0.0,0.0,0.0,0.9099999666213989,0.0,0.0,0.0,0.0
127.23,0.0,0.0,0.0,datactrl_ref_vx_fallback,datactrl_est_vx_fallback,-0.9099999666213989,states_theta,-0.033012229949235916,0.0006535878471802059,0.0010929026080670643,0.00014048699885670218,0.0,0.0026081351336631913,0.0,0.0024800806449217535,0.0,0.0,0.0,0.0,0.0,0.0,0.0,0.0,0.0,0.0,0.0,0.0,0.9099999666213989,0.0,0.0,0.0,0.0
127.28,0.0,0.0,0.0,datactrl_ref_vx_fallback,datactrl_est_vx_fallback,-0.9099999666213989,states_theta,-0.033012229949235916,0.0006535878471802059,0.0010929026080670643,0.00014048699885670218,0.0,0.0026081351336631913,0.0,0.0024800806449217535,0.0,0.0,0.0,0.0,0.0,0.0,0.0,0.0,0.0,0.0,0.0,0.0,0.9099999666213989,0.0,0.0,0.0,0.0
127.47,0.0,0.0,0.0,datactrl_ref_vx_fallback,datactrl_est_vx_fallback,-0.9099999666213989,states_theta,-0.033012229949235916,0.0006535878471802059,0.0010929026080670643,0.00014048699885670218,0.0,0.0026081351336631913,0.0,0.0024800806449217535,0.0,0.0,0.0,0.0,0.0,0.0,0.0,0.0,0.0,0.0,0.0,0.0,0.9099999666213989,0.0,0.0,0.0,0.0
127.699,0.0,0.0,0.0,datactrl_ref_vx_fallback,datactrl_est_vx_fallback,-0.9099999666213989,states_theta,-0.033012229949235916,0.0006535878471802059,0.0010929026080670643,0.00014048699885670218,0.0,0.0026081351336631913,0.0,0.0024800806449217535,0.0,0.0,0.0,0.0,0.0,0.0,0.0,0.0,0.0,0.0,0.0,0.0,0.9099999666213989,0.0,0.0,0.0,0.0
127.91,0.0,0.0,0.0,datactrl_ref_vx_fallback,datactrl_est_vx_fallback,-0.9099999666213989,states_theta,-0.033012229949235916,0.0006535878471802059,0.0010929026080670643,0.00014048699885670218,0.0,0.0026081351336631913,0.0,0.0024800806449217535,0.0,0.0,0.0,0.0,0.0,0.0,0.0,0.0,0.0,0.0,0.0,0.0,0.9099999666213989,0.0,0.0,0.0,0.0
128.135,0.0,0.0,0.0,datactrl_ref_vx_fallback,datactrl_est_vx_fallback,-0.9099999666213989,states_theta,-0.033012229949235916,0.0006535878471802059,0.0010929026080670643,0.00014048699885670218,0.0,0.0026081351336631913,0.0,0.0024800806449217535,0.0,0.0,0.0,0.0,0.0,0.0,0.0,0.0,0.0,0.0,0.0,0.0,0.9099999666213989,0.0,0.0,0.0,0.0
128.354,0.0,0.0,0.0,datactrl_ref_vx_fallback,datactrl_est_vx_fallback,-0.9099999666213989,states_theta,-0.033012229949235916,0.0006535878471802059,0.0010929026080670643,0.00014048699885670218,0.0,0.0026081351336631913,0.0,0.0024800806449217535,0.0,0.0,0.0,0.0,0.0,0.0,0.0,0.0,0.0,0.0,0.0,0.0,0.9099999666213989,0.0,0.0,0.0,0.0
128.581,0.0,0.0,0.0,datactrl_ref_vx_fallback,datactrl_est_vx_fallback,-0.9099999666213989,states_theta,-0.033012229949235916,0.0006535878471802059,0.0010929026080670643,0.00014048699885670218,0.0,0.0026081351336631913,0.0,0.0024800806449217535,0.0,0.0,0.0,0.0,0.0,0.0,0.0,0.0,0.0,0.0,0.0,0.0,0.9099999666213989,0.0,0.0,0.0,0.0
128.79,0.0,0.0,0.0,datactrl_ref_vx_fallback,datactrl_est_vx_fallback,-0.9099999666213989,states_theta,-0.033012229949235916,0.0006535878471802059,0.0010929026080670643,0.00014048699885670218,0.0,0.0026081351336631913,0.0,0.0024800806449217535,0.0,0.0,0.0,0.0,0.0,0.0,0.0,0.0,0.0,0.0,0.0,0.0,0.9099999666213989,0.0,0.0,0.0,0.0
128.982,0.0,0.0,0.0,datactrl_ref_vx_fallback,datactrl_est_vx_fallback,-0.9099999666213989,states_theta,-0.033012229949235916,0.0006535878471802059,0.0010929026080670643,0.00014048699885670218,0.0,0.0026081351336631913,0.0,0.0024800806449217535,0.0,0.0,0.0,0.0,0.0,0.0,0.0,0.0,0.0,0.0,0.0,0.0,0.9099999666213989,0.0,0.0,0.0,0.0
129.192,0.0,0.0,0.0,datactrl_ref_vx_fallback,datactrl_est_vx_fallback,-0.9099999666213989,states_theta,-0.033012229949235916,0.0006535878471802059,0.0010929026080670643,0.00014048699885670218,0.0,0.0026081351336631913,0.0,0.0024800806449217535,0.0,0.0,0.0,0.0,0.0,0.0,0.0,0.0,0.0,0.0,0.0,0.0,0.9099999666213989,0.0,0.0,0.0,0.0
129.419,0.0,0.0,0.0,datactrl_ref_vx_fallback,datactrl_est_vx_fallback,-0.9099999666213989,states_theta,-0.033012229949235916,0.0006535878471802059,0.0010929026080670643,0.00014048699885670218,0.0,0.0026081351336631913,0.0,0.0024800806449217535,0.0,0.0,0.0,0.0,0.0,0.0,0.0,0.0,0.0,0.0,0.0,0.0,0.9099999666213989,0.0,0.0,0.0,0.0
129.636,0.0,0.0,0.0,datactrl_ref_vx_fallback,datactrl_est_vx_fallback,-0.9099999666213989,states_theta,-0.033012229949235916,0.0006535878471802059,0.0010929026080670643,0.00014048699885670218,0.0,0.0026081351336631913,0.0,0.0024800806449217535,0.0,0.0,0.0,0.0,0.0,0.0,0.0,0.0,0.0,0.0,0.0,0.0,0.9099999666213989,0.0,0.0,0.0,0.0
129.838,0.0,0.0,0.0,datactrl_ref_vx_fallback,datactrl_est_vx_fallback,-0.9099999666213989,states_theta,-0.033012229949235916,0.0006535878471802059,0.0010929026080670643,0.00014048699885670218,0.0,0.0026081351336631913,0.0,0.0024800806449217535,0.0,0.0,0.0,0.0,0.0,0.0,0.0,0.0,0.0,0.0,0.0,0.0,0.9099999666213989,0.0,0.0,0.0,0.0
130.053,0.0,0.0,0.0,datactrl_ref_vx_fallback,datactrl_est_vx_fallback,-0.9099999666213989,states_theta,-0.033012229949235916,0.0006535878471802059,0.0010929026080670643,0.00014048699885670218,0.0,0.0026081351336631913,0.0,0.0024800806449217535,0.0,0.0,0.0,0.0,0.0,0.0,0.0,0.0,0.0,0.0,0.0,0.0,0.9099999666213989,0.0,0.0,0.0,0.0
130.277,0.0,0.0,0.0,datactrl_ref_vx_fallback,datactrl_est_vx_fallback,-0.9099999666213989,states_theta,-0.033012229949235916,0.0006535878471802059,0.0010929026080670643,0.00014048699885670218,0.0,0.0026081351336631913,0.0,0.0024800806449217535,0.0,0.0,0.0,0.0,0.0,0.0,0.0,0.0,0.0,0.0,0.0,0.0,0.9099999666213989,0.0,0.0,0.0,0.0
130.502,0.0,0.0,0.0,datactrl_ref_vx_fallback,datactrl_est_vx_fallback,-0.9099999666213989,states_theta,-0.033012229949235916,0.0006535878471802059,0.0010929026080670643,0.00014048699885670218,0.0,0.0026081351336631913,0.0,0.0024800806449217535,0.0,0.0,0.0,0.0,0.0,0.0,0.0,0.0,0.0,0.0,0.0,0.0,0.9099999666213989,0.0,0.0,0.0,0.0
130.7,0.0,0.0,0.0,datactrl_ref_vx_fallback,datactrl_est_vx_fallback,-0.9099999666213989,states_theta,-0.033012229949235916,0.0006535878471802059,0.0010929026080670643,0.00014048699885670218,0.0,0.0026081351336631913,0.0,0.0024800806449217535,0.0,0.0,0.0,0.0,0.0,0.0,0.0,0.0,0.0,0.0,0.0,0.0,0.9099999666213989,0.0,0.0,0.0,0.0
130.911,0.0,0.0,0.0,datactrl_ref_vx_fallback,datactrl_est_vx_fallback,-0.9099999666213989,states_theta,-0.033012229949235916,0.0006535878471802059,0.0010929026080670643,0.00014048699885670218,0.0,0.0026081351336631913,0.0,0.0024800806449217535,0.0,0.0,0.0,0.0,0.0,0.0,0.0,0.0,0.0,0.0,0.0,0.0,0.9099999666213989,0.0,0.0,0.0,0.0
131.141,0.0,0.0,0.0,datactrl_ref_vx_fallback,datactrl_est_vx_fallback,-0.9099999666213989,states_theta,-0.033012229949235916,0.0006535878471802059,0.0010929026080670643,0.00014048699885670218,0.0,0.0026081351336631913,0.0,0.0024800806449217535,0.0,0.0,0.0,0.0,0.0,0.0,0.0,0.0,0.0,0.0,0.0,0.0,0.9099999666213989,0.0,0.0,0.0,0.0
131.353,0.0,0.0,0.0,datactrl_ref_vx_fallback,datactrl_est_vx_fallback,-0.9099999666213989,states_theta,-0.033012229949235916,0.0006535878471802059,0.0010929026080670643,0.00014048699885670218,0.0,0.0026081351336631913,0.0,0.0024800806449217535,0.0,0.0,0.0,0.0,0.0,0.0,0.0,0.0,0.0,0.0,0.0,0.0,0.9099999666213989,0.0,0.0,0.0,0.0
131.543,0.0,0.0,0.0,datactrl_ref_vx_fallback,datactrl_est_vx_fallback,-0.9099999666213989,states_theta,-0.033012229949235916,0.0006535878471802059,0.0010929026080670643,0.00014048699885670218,0.0,0.0026081351336631913,0.0,0.0024800806449217535,0.0,0.0,0.0,0.0,0.0,0.0,0.0,0.0,0.0,0.0,0.0,0.0,0.9099999666213989,0.0,0.0,0.0,0.0
131.778,0.0,0.0,0.0,datactrl_ref_vx_fallback,datactrl_est_vx_fallback,-0.9099999666213989,states_theta,-0.033012229949235916,0.0006535878471802059,0.0010929026080670643,0.00014048699885670218,0.0,0.0026081351336631913,0.0,0.0024800806449217535,0.0,0.0,0.0,0.0,0.0,0.0,0.0,0.0,0.0,0.0,0.0,0.0,0.9099999666213989,0.0,0.0,0.0,0.0
132.005,0.0,0.0,0.0,datactrl_ref_vx_fallback,datactrl_est_vx_fallback,-0.9099999666213989,states_theta,-0.033012229949235916,0.0006535878471802059,0.0010929026080670643,0.00014048699885670218,0.0,0.0026081351336631913,0.0,0.0024800806449217535,0.0,0.0,0.0,0.0,0.0,0.0,0.0,0.0,0.0,0.0,0.0,0.0,0.9099999666213989,0.0,0.0,0.0,0.0
132.219,0.0,0.0,0.0,datactrl_ref_vx_fallback,datactrl_est_vx_fallback,-0.9099999666213989,states_theta,-0.033012229949235916,0.0006535878471802059,0.0010929026080670643,0.00014048699885670218,0.0,0.0026081351336631913,0.0,0.0024800806449217535,0.0,0.0,0.0,0.0,0.0,0.0,0.0,0.0,0.0,0.0,0.0,0.0,0.9099999666213989,0.0,0.0,0.0,0.0
132.424,0.0,0.0,0.0,datactrl_ref_vx_fallback,datactrl_est_vx_fallback,-0.9099999666213989,states_theta,-0.033012229949235916,0.0006535878471802059,0.0010929026080670643,0.00014048699885670218,0.0,0.0026081351336631913,0.0,0.0024800806449217535,0.0,0.0,0.0,0.0,0.0,0.0,0.0,0.0,0.0,0.0,0.0,0.0,0.9099999666213989,0.0,0.0,0.0,0.0
132.475,0.0,0.0,0.0,datactrl_ref_vx_fallback,datactrl_est_vx_fallback,-0.9099999666213989,states_theta,-0.033012229949235916,0.0006535878471802059,0.0010929026080670643,0.00014048699885670218,0.0,0.0026081351336631913,0.0,0.0024800806449217535,0.0,0.0,0.0,0.0,0.0,0.0,0.0,0.0,0.0,0.0,0.0,0.0,0.9099999666213989,0.0,0.0,0.0,0.0
132.655,0.0,0.0,0.0,datactrl_ref_vx_fallback,datactrl_est_vx_fallback,-0.9099999666213989,states_theta,-0.033012229949235916,0.0006535878471802059,0.0010929026080670643,0.00014048699885670218,0.0,0.0026081351336631913,0.0,0.0024800806449217535,0.0,0.0,0.0,0.0,0.0,0.0,0.0,0.0,0.0,0.0,0.0,0.0,0.9099999666213989,0.0,0.0,0.0,0.0
132.9,0.0,0.0,0.0,datactrl_ref_vx_fallback,datactrl_est_vx_fallback,-0.9099999666213989,states_theta,-0.033012229949235916,0.0006535878471802059,0.0010929026080670643,0.00014048699885670218,0.0,0.0026081351336631913,0.0,0.0024800806449217535,0.0,0.0,0.0,0.0,0.0,0.0,0.0,0.0,0.0,0.0,0.0,0.0,0.9099999666213989,0.0,0.0,0.0,0.0
133.116,0.0,0.0,0.0,datactrl_ref_vx_fallback,datactrl_est_vx_fallback,-0.9099999666213989,states_theta,-0.033012229949235916,0.0006535878471802059,0.0010929026080670643,0.00014048699885670218,0.0,0.0026081351336631913,0.0,0.0024800806449217535,0.0,0.0,0.0,0.0,0.0,0.0,0.0,0.0,0.0,0.0,0.0,0.0,0.9099999666213989,0.0,0.0,0.0,0.0
133.302,0.0,0.0,0.0,datactrl_ref_vx_fallback,datactrl_est_vx_fallback,-0.9099999666213989,states_theta,-0.033012229949235916,0.0006535878471802059,0.0010929026080670643,0.00014048699885670218,0.0,0.0026081351336631913,0.0,0.0024800806449217535,0.0,0.0,0.0,0.0,0.0,0.0,0.0,0.0,0.0,0.0,0.0,0.0,0.9099999666213989,0.0,0.0,0.0,0.0
133.504,0.0,0.0,0.0,datactrl_ref_vx_fallback,datactrl_est_vx_fallback,-0.9099999666213989,states_theta,-0.033012229949235916,0.0006535878471802059,0.0010929026080670643,0.00014048699885670218,0.0,0.0026081351336631913,0.0,0.0024800806449217535,0.0,0.0,0.0,0.0,0.0,0.0,0.0,0.0,0.0,0.0,0.0,0.0,0.9099999666213989,0.0,0.0,0.0,0.0
133.726,0.0,0.0,0.0,datactrl_ref_vx_fallback,datactrl_est_vx_fallback,-0.9099999666213989,states_theta,-0.033012229949235916,0.0006535878471802059,0.0010929026080670643,0.00014048699885670218,0.0,0.0026081351336631913,0.0,0.0024800806449217535,0.0,0.0,0.0,0.0,0.0,0.0,0.0,0.0,0.0,0.0,0.0,0.0,0.9099999666213989,0.0,0.0,0.0,0.0
134.004,0.0,0.0,0.0,datactrl_ref_vx_fallback,datactrl_est_vx_fallback,-0.9099999666213989,states_theta,-0.033012229949235916,0.0006535878471802059,0.0010929026080670643,0.00014048699885670218,0.0,0.0026081351336631913,0.0,0.0024800806449217535,0.0,0.0,0.0,0.0,0.0,0.0,0.0,0.0,0.0,0.0,0.0,0.0,0.9099999666213989,0.0,0.0,0.0,0.0
134.186,0.0,0.0,0.0,datactrl_ref_vx_fallback,datactrl_est_vx_fallback,-0.9099999666213989,states_theta,-0.033012229949235916,0.0006535878471802059,0.0010929026080670643,0.00014048699885670218,0.0,0.0026081351336631913,0.0,0.0024800806449217535,0.0,0.0,0.0,0.0,0.0,0.0,0.0,0.0,0.0,0.0,0.0,0.0,0.9099999666213989,0.0,0.0,0.0,0.0
134.402,0.0,0.0,0.0,datactrl_ref_vx_fallback,datactrl_est_vx_fallback,-0.9099999666213989,states_theta,-0.033012229949235916,0.0006535878471802059,0.0010929026080670643,0.00014048699885670218,0.0,0.0026081351336631913,0.0,0.0024800806449217535,0.0,0.0,0.0,0.0,0.0,0.0,0.0,0.0,0.0,0.0,0.0,0.0,0.9099999666213989,0.0,0.0,0.0,0.0
134.624,0.0,0.0,0.0,datactrl_ref_vx_fallback,datactrl_est_vx_fallback,-0.9099999666213989,states_theta,-0.033012229949235916,0.0006535878471802059,0.0010929026080670643,0.00014048699885670218,0.0,0.0026081351336631913,0.0,0.0024800806449217535,0.0,0.0,0.0,0.0,0.0,0.0,0.0,0.0,0.0,0.0,0.0,0.0,0.9099999666213989,0.0,0.0,0.0,0.0
134.849,0.0,0.0,0.0,datactrl_ref_vx_fallback,datactrl_est_vx_fallback,-0.9099999666213989,states_theta,-0.033012229949235916,0.0006535878471802059,0.0010929026080670643,0.00014048699885670218,0.0,0.0026081351336631913,0.0,0.0024800806449217535,0.0,0.0,0.0,0.0,0.0,0.0,0.0,0.0,0.0,0.0,0.0,0.0,0.9099999666213989,0.0,0.0,0.0,0.0
134.9,0.0,0.0,0.0,datactrl_ref_vx_fallback,datactrl_est_vx_fallback,-0.9099999666213989,states_theta,-0.033012229949235916,0.0006535878471802059,0.0010929026080670643,0.00014048699885670218,0.0,0.0026081351336631913,0.0,0.0024800806449217535,0.0,0.0,0.0,0.0,0.0,0.0,0.0,0.0,0.0,0.0,0.0,0.0,0.9099999666213989,0.0,0.0,0.0,0.0
135.048,0.0,0.0,0.0,datactrl_ref_vx_fallback,datactrl_est_vx_fallback,-0.9099999666213989,states_theta,-0.033012229949235916,0.0006535878471802059,0.0010929026080670643,0.00014048699885670218,0.0,0.0026081351336631913,0.0,0.0024800806449217535,0.0,0.0,0.0,0.0,0.0,0.0,0.0,0.0,0.0,0.0,0.0,0.0,0.9099999666213989,0.0,0.0,0.0,0.0
135.281,0.0,0.0,0.0,datactrl_ref_vx_fallback,datactrl_est_vx_fallback,-0.9099999666213989,states_theta,-0.033012229949235916,0.0006535878471802059,0.0010929026080670643,0.00014048699885670218,0.0,0.0026081351336631913,0.0,0.0024800806449217535,0.0,0.0,0.0,0.0,0.0,0.0,0.0,0.0,0.0,0.0,0.0,0.0,0.9099999666213989,0.0,0.0,0.0,0.0
135.492,0.0,0.0,0.0,datactrl_ref_vx_fallback,datactrl_est_vx_fallback,-0.9099999666213989,states_theta,-0.033012229949235916,0.0006535878471802059,0.0010929026080670643,0.00014048699885670218,0.0,0.0026081351336631913,0.0,0.0024800806449217535,0.0,0.0,0.0,0.0,0.0,0.0,0.0,0.0,0.0,0.0,0.0,0.0,0.9099999666213989,0.0,0.0,0.0,0.0
135.652,0.0,0.0,0.0,datactrl_ref_vx_fallback,datactrl_est_vx_fallback,-0.9099999666213989,states_theta,-0.033012229949235916,0.0006535878471802059,0.0010929026080670643,0.00014048699885670218,0.0,0.0026081351336631913,0.0,0.0024800806449217535,0.0,0.0,0.0,0.0,0.0,0.0,0.0,0.0,0.0,0.0,0.0,0.0,0.9099999666213989,0.0,0.0,0.0,0.0
135.837,0.0,0.0,0.0,datactrl_ref_vx_fallback,datactrl_est_vx_fallback,-0.9099999666213989,states_theta,-0.033012229949235916,0.0006535878471802059,0.0010929026080670643,0.00014048699885670218,0.0,0.0026081351336631913,0.0,0.0024800806449217535,0.0,0.0,0.0,0.0,0.0,0.0,0.0,0.0,0.0,0.0,0.0,0.0,0.9099999666213989,0.0,0.0,0.0,0.0
135.944,0.0,0.0,0.0,datactrl_ref_vx_fallback,datactrl_est_vx_fallback,-0.9099999666213989,states_theta,-0.033012229949235916,0.0006535878471802059,0.0010929026080670643,0.00014048699885670218,0.0,0.0026081351336631913,0.0,0.0024800806449217535,0.0,0.0,0.0,0.0,0.0,0.0,0.0,0.0,0.0,0.0,0.0,0.0,0.9099999666213989,0.0,0.0,0.0,0.0
136.002,0.0,0.0,0.0,datactrl_ref_vx_fallback,datactrl_est_vx_fallback,-0.9099999666213989,states_theta,-0.033012229949235916,0.0006535878471802059,0.0010929026080670643,0.00014048699885670218,0.0,0.0026081351336631913,0.0,0.0024800806449217535,0.0,0.0,0.0,0.0,0.0,0.0,0.0,0.0,0.0,0.0,0.0,0.0,0.9099999666213989,0.0,0.0,0.0,0.0
136.075,0.0,0.0,0.0,datactrl_ref_vx_fallback,datactrl_est_vx_fallback,-0.9099999666213989,states_theta,-0.033012229949235916,0.0006535878471802059,0.0010929026080670643,0.00014048699885670218,0.0,0.0026081351336631913,0.0,0.0024800806449217535,0.0,0.0,0.0,0.0,0.0,0.0,0.0,0.0,0.0,0.0,0.0,0.0,0.9099999666213989,0.0,0.0,0.0,0.0
136.13,0.0,0.0,0.0,datactrl_ref_vx_fallback,datactrl_est_vx_fallback,-0.9099999666213989,states_theta,-0.033012229949235916,0.0006535878471802059,0.0010929026080670643,0.00014048699885670218,0.0,0.0026081351336631913,0.0,0.0024800806449217535,0.0,0.0,0.0,0.0,0.0,0.0,0.0,0.0,0.0,0.0,0.0,0.0,0.9099999666213989,0.0,0.0,0.0,0.0
136.312,0.0,0.0,0.0,datactrl_ref_vx_fallback,datactrl_est_vx_fallback,-0.9099999666213989,states_theta,-0.033012229949235916,0.0006535878471802059,0.0010929026080670643,0.00014048699885670218,0.0,0.0026081351336631913,0.0,0.0024800806449217535,0.0,0.0,0.0,0.0,0.0,0.0,0.0,0.0,0.0,0.0,0.0,0.0,0.9099999666213989,0.0,0.0,0.0,0.0
136.386,0.0,0.0,0.0,datactrl_ref_vx_fallback,datactrl_est_vx_fallback,-0.9099999666213989,states_theta,-0.033012229949235916,0.0006535878471802059,0.0010929026080670643,0.00014048699885670218,0.0,0.0026081351336631913,0.0,0.0024800806449217535,0.0,0.0,0.0,0.0,0.0,0.0,0.0,0.0,0.0,0.0,0.0,0.0,0.9099999666213989,0.0,0.0,0.0,0.0
136.476,0.0,0.0,0.0,datactrl_ref_vx_fallback,datactrl_est_vx_fallback,-0.9099999666213989,states_theta,-0.033012229949235916,0.0006535878471802059,0.0010929026080670643,0.00014048699885670218,0.0,0.0026081351336631913,0.0,0.0024800806449217535,0.0,0.0,0.0,0.0,0.0,0.0,0.0,0.0,0.0,0.0,0.0,0.0,0.9099999666213989,0.0,0.0,0.0,0.0
136.551,0.0,0.0,0.0,datactrl_ref_vx_fallback,datactrl_est_vx_fallback,-0.9099999666213989,states_theta,-0.033012229949235916,0.0006535878471802059,0.0010929026080670643,0.00014048699885670218,0.0,0.0026081351336631913,0.0,0.0024800806449217535,0.0,0.0,0.0,0.0,0.0,0.0,0.0,0.0,0.0,0.0,0.0,0.0,0.9099999666213989,0.0,0.0,0.0,0.0
136.621,0.0,0.0,0.0,datactrl_ref_vx_fallback,datactrl_est_vx_fallback,-0.9099999666213989,states_theta,-0.033012229949235916,0.0006535878471802059,0.0010929026080670643,0.00014048699885670218,0.0,0.0026081351336631913,0.0,0.0024800806449217535,0.0,0.0,0.0,0.0,0.0,0.0,0.0,0.0,0.0,0.0,0.0,0.0,0.9099999666213989,0.0,0.0,0.0,0.0
136.704,0.0,0.0,0.0,datactrl_ref_vx_fallback,datactrl_est_vx_fallback,-0.9099999666213989,states_theta,-0.033012229949235916,0.0006535878471802059,0.0010929026080670643,0.00014048699885670218,0.0,0.0026081351336631913,0.0,0.0024800806449217535,0.0,0.0,0.0,0.0,0.0,0.0,0.0,0.0,0.0,0.0,0.0,0.0,0.9099999666213989,0.0,0.0,0.0,0.0
136.757,0.0,0.0,0.0,datactrl_ref_vx_fallback,datactrl_est_vx_fallback,-0.9099999666213989,states_theta,-0.033012229949235916,0.0006535878471802059,0.0010929026080670643,0.00014048699885670218,0.0,0.0026081351336631913,0.0,0.0024800806449217535,0.0,0.0,0.0,0.0,0.0,0.0,0.0,0.0,0.0,0.0,0.0,0.0,0.9099999666213989,0.0,0.0,0.0,0.0
136.817,0.0,0.0,0.0,datactrl_ref_vx_fallback,datactrl_est_vx_fallback,-0.9099999666213989,states_theta,-0.033012229949235916,0.0006535878471802059,0.0010929026080670643,0.00014048699885670218,0.0,0.0026081351336631913,0.0,0.0024800806449217535,0.0,0.0,0.0,0.0,0.0,0.0,0.0,0.0,0.0,0.0,0.0,0.0,0.9099999666213989,0.0,0.0,0.0,0.0
136.875,0.0,0.0,0.0,datactrl_ref_vx_fallback,datactrl_est_vx_fallback,-0.9099999666213989,states_theta,-0.033012229949235916,0.0006535878471802059,0.0010929026080670643,0.00014048699885670218,0.0,0.0026081351336631913,0.0,0.0024800806449217535,0.0,0.0,0.0,0.0,0.0,0.0,0.0,0.0,0.0,0.0,0.0,0.0,0.9099999666213989,0.0,0.0,0.0,0.0
136.926,0.0,0.0,0.0,datactrl_ref_vx_fallback,datactrl_est_vx_fallback,-0.9099999666213989,states_theta,-0.033012229949235916,0.0006535878471802059,0.0010929026080670643,0.00014048699885670218,0.0,0.0026081351336631913,0.0,0.0024800806449217535,0.0,0.0,0.0,0.0,0.0,0.0,0.0,0.0,0.0,0.0,0.0,0.0,0.9099999666213989,0.0,0.0,0.0,0.0
136.987,0.0,0.0,0.0,datactrl_ref_vx_fallback,datactrl_est_vx_fallback,-0.9099999666213989,states_theta,-0.033012229949235916,0.0006535878471802059,0.0010929026080670643,0.00014048699885670218,0.0,0.0026081351336631913,0.0,0.0024800806449217535,0.0,0.0,0.0,0.0,0.0,0.0,0.0,0.0,0.0,0.0,0.0,0.0,0.9099999666213989,0.0,0.0,0.0,0.0
137.043,0.0,0.0,0.0,datactrl_ref_vx_fallback,datactrl_est_vx_fallback,-0.9099999666213989,states_theta,-0.033012229949235916,0.0006535878471802059,0.0010929026080670643,0.00014048699885670218,0.0,0.0026081351336631913,0.0,0.0024800806449217535,0.0,0.0,0.0,0.0,0.0,0.0,0.0,0.0,0.0,0.0,0.0,0.0,0.9099999666213989,0.0,0.0,0.0,0.0
137.102,0.0,0.0,0.0,datactrl_ref_vx_fallback,datactrl_est_vx_fallback,-0.9099999666213989,states_theta,-0.033012229949235916,0.0006535878471802059,0.0010929026080670643,0.00014048699885670218,0.0,0.0026081351336631913,0.0,0.0024800806449217535,0.0,0.0,0.0,0.0,0.0,0.0,0.0,0.0,0.0,0.0,0.0,0.0,0.9099999666213989,0.0,0.0,0.0,0.0
137.156,0.0,0.0,0.0,datactrl_ref_vx_fallback,datactrl_est_vx_fallback,-0.9099999666213989,states_theta,-0.033012229949235916,0.0006535878471802059,0.0010929026080670643,0.00014048699885670218,0.0,0.0026081351336631913,0.0,0.0024800806449217535,0.0,0.0,0.0,0.0,0.0,0.0,0.0,0.0,0.0,0.0,0.0,0.0,0.9099999666213989,0.0,0.0,0.0,0.0
137.217,0.0,0.0,0.0,datactrl_ref_vx_fallback,datactrl_est_vx_fallback,-0.9099999666213989,states_theta,-0.033012229949235916,0.0006535878471802059,0.0010929026080670643,0.00014048699885670218,0.0,0.0026081351336631913,0.0,0.0024800806449217535,0.0,0.0,0.0,0.0,0.0,0.0,0.0,0.0,0.0,0.0,0.0,0.0,0.9099999666213989,0.0,0.0,0.0,0.0
137.272,0.0,0.0,0.0,datactrl_ref_vx_fallback,datactrl_est_vx_fallback,-0.9099999666213989,states_theta,-0.033012229949235916,0.0006535878471802059,0.0010929026080670643,0.00014048699885670218,0.0,0.0026081351336631913,0.0,0.0024800806449217535,0.0,0.0,0.0,0.0,0.0,0.0,0.0,0.0,0.0,0.0,0.0,0.0,0.9099999666213989,0.0,0.0,0.0,0.0
137.335,0.0,0.0,0.0,datactrl_ref_vx_fallback,datactrl_est_vx_fallback,-0.9099999666213989,states_theta,-0.033012229949235916,0.0006535878471802059,0.0010929026080670643,0.00014048699885670218,0.0,0.0026081351336631913,0.0,0.0024800806449217535,0.0,0.0,0.0,0.0,0.0,0.0,0.0,0.0,0.0,0.0,0.0,0.0,0.9099999666213989,0.0,0.0,0.0,0.0
137.388,0.0,0.0,0.0,datactrl_ref_vx_fallback,datactrl_est_vx_fallback,-0.9099999666213989,states_theta,-0.033012229949235916,0.0006535878471802059,0.0010929026080670643,0.00014048699885670218,0.0,0.0026081351336631913,0.0,0.0024800806449217535,0.0,0.0,0.0,0.0,0.0,0.0,0.0,0.0,0.0,0.0,0.0,0.0,0.9099999666213989,0.0,0.0,0.0,0.0
137.448,0.0,0.0,0.0,datactrl_ref_vx_fallback,datactrl_est_vx_fallback,-0.9099999666213989,states_theta,-0.033012229949235916,0.0006535878471802059,0.0010929026080670643,0.00014048699885670218,0.0,0.0026081351336631913,0.0,0.0024800806449217535,0.0,0.0,0.0,0.0,0.0,0.0,0.0,0.0,0.0,0.0,0.0,0.0,0.9099999666213989,0.0,0.0,0.0,0.0
137.504,0.0,0.0,0.0,datactrl_ref_vx_fallback,datactrl_est_vx_fallback,-0.9099999666213989,states_theta,-0.033012229949235916,0.0006535878471802059,0.0010929026080670643,0.00014048699885670218,0.0,0.0026081351336631913,0.0,0.0024800806449217535,0.0,0.0,0.0,0.0,0.0,0.0,0.0,0.0,0.0,0.0,0.0,0.0,0.9099999666213989,0.0,0.0,0.0,0.0
137.563,0.0,0.0,0.0,datactrl_ref_vx_fallback,datactrl_est_vx_fallback,-0.9099999666213989,states_theta,-0.033012229949235916,0.0006535878471802059,0.0010929026080670643,0.00014048699885670218,0.0,0.0026081351336631913,0.0,0.0024800806449217535,0.0,0.0,0.0,0.0,0.0,0.0,0.0,0.0,0.0,0.0,0.0,0.0,0.9099999666213989,0.0,0.0,0.0,0.0
137.617,0.0,0.0,0.0,datactrl_ref_vx_fallback,datactrl_est_vx_fallback,-0.9099999666213989,states_theta,-0.033012229949235916,0.0006535878471802059,0.0010929026080670643,0.00014048699885670218,0.0,0.0026081351336631913,0.0,0.0024800806449217535,0.0,0.0,0.0,0.0,0.0,0.0,0.0,0.0,0.0,0.0,0.0,0.0,0.9099999666213989,0.0,0.0,0.0,0.0
137.671,0.0,0.0,0.0,datactrl_ref_vx_fallback,datactrl_est_vx_fallback,-0.9099999666213989,states_theta,-0.033012229949235916,0.0006535878471802059,0.0010929026080670643,0.00014048699885670218,0.0,0.0026081351336631913,0.0,0.0024800806449217535,0.0,0.0,0.0,0.0,0.0,0.0,0.0,0.0,0.0,0.0,0.0,0.0,0.9099999666213989,0.0,0.0,0.0,0.0
137.724,0.0,0.0,0.0,datactrl_ref_vx_fallback,datactrl_est_vx_fallback,-0.9099999666213989,states_theta,-0.033012229949235916,0.0006535878471802059,0.0010929026080670643,0.00014048699885670218,0.0,0.0026081351336631913,0.0,0.0024800806449217535,0.0,0.0,0.0,0.0,0.0,0.0,0.0,0.0,0.0,0.0,0.0,0.0,0.9099999666213989,0.0,0.0,0.0,0.0
137.781,0.0,0.0,0.0,datactrl_ref_vx_fallback,datactrl_est_vx_fallback,-0.9099999666213989,states_theta,-0.033012229949235916,0.0006535878471802059,0.0010929026080670643,0.00014048699885670218,0.0,0.0026081351336631913,0.0,0.0024800806449217535,0.0,0.0,0.0,0.0,0.0,0.0,0.0,0.0,0.0,0.0,0.0,0.0,0.9099999666213989,0.0,0.0,0.0,0.0
137.833,0.0,0.0,0.0,datactrl_ref_vx_fallback,datactrl_est_vx_fallback,-0.9099999666213989,states_theta,-0.033012229949235916,0.0006535878471802059,0.0010929026080670643,0.00014048699885670218,0.0,0.0026081351336631913,0.0,0.0024800806449217535,0.0,0.0,0.0,0.0,0.0,0.0,0.0,0.0,0.0,0.0,0.0,0.0,0.9099999666213989,0.0,0.0,0.0,0.0
137.89,0.0,0.0,0.0,datactrl_ref_vx_fallback,datactrl_est_vx_fallback,-0.9099999666213989,states_theta,-0.033012229949235916,0.0006535878471802059,0.0010929026080670643,0.00014048699885670218,0.0,0.0026081351336631913,0.0,0.0024800806449217535,0.0,0.0,0.0,0.0,0.0,0.0,0.0,0.0,0.0,0.0,0.0,0.0,0.9099999666213989,0.0,0.0,0.0,0.0
137.942,0.0,0.0,0.0,datactrl_ref_vx_fallback,datactrl_est_vx_fallback,-0.9099999666213989,states_theta,-0.033012229949235916,0.0006535878471802059,0.0010929026080670643,0.00014048699885670218,0.0,0.0026081351336631913,0.0,0.0024800806449217535,0.0,0.0,0.0,0.0,0.0,0.0,0.0,0.0,0.0,0.0,0.0,0.0,0.9099999666213989,0.0,0.0,0.0,0.0
137.998,0.0,0.0,0.0,datactrl_ref_vx_fallback,datactrl_est_vx_fallback,-0.9099999666213989,states_theta,-0.033012229949235916,0.0006535878471802059,0.0010929026080670643,0.00014048699885670218,0.0,0.0026081351336631913,0.0,0.0024800806449217535,0.0,0.0,0.0,0.0,0.0,0.0,0.0,0.0,0.0,0.0,0.0,0.0,0.9099999666213989,0.0,0.0,0.0,0.0
138.051,0.0,0.0,0.0,datactrl_ref_vx_fallback,datactrl_est_vx_fallback,-0.9099999666213989,states_theta,-0.033012229949235916,0.0006535878471802059,0.0010929026080670643,0.00014048699885670218,0.0,0.0026081351336631913,0.0,0.0024800806449217535,0.0,0.0,0.0,0.0,0.0,0.0,0.0,0.0,0.0,0.0,0.0,0.0,0.9099999666213989,0.0,0.0,0.0,0.0
138.106,0.0,0.0,0.0,datactrl_ref_vx_fallback,datactrl_est_vx_fallback,-0.9099999666213989,states_theta,-0.033012229949235916,0.0006535878471802059,0.0010929026080670643,0.00014048699885670218,0.0,0.0026081351336631913,0.0,0.0024800806449217535,0.0,0.0,0.0,0.0,0.0,0.0,0.0,0.0,0.0,0.0,0.0,0.0,0.9099999666213989,0.0,0.0,0.0,0.0
138.16,0.0,0.0,0.0,datactrl_ref_vx_fallback,datactrl_est_vx_fallback,-0.9099999666213989,states_theta,-0.033012229949235916,0.0006535878471802059,0.0010929026080670643,0.00014048699885670218,0.0,0.0026081351336631913,0.0,0.0024800806449217535,0.0,0.0,0.0,0.0,0.0,0.0,0.0,0.0,0.0,0.0,0.0,0.0,0.9099999666213989,0.0,0.0,0.0,0.0
138.212,0.0,0.0,0.0,datactrl_ref_vx_fallback,datactrl_est_vx_fallback,-0.9099999666213989,states_theta,-0.033012229949235916,0.0006535878471802059,0.0010929026080670643,0.00014048699885670218,0.0,0.0026081351336631913,0.0,0.0024800806449217535,0.0,0.0,0.0,0.0,0.0,0.0,0.0,0.0,0.0,0.0,0.0,0.0,0.9099999666213989,0.0,0.0,0.0,0.0
138.272,0.0,0.0,0.0,datactrl_ref_vx_fallback,datactrl_est_vx_fallback,-0.9099999666213989,states_theta,-0.033012229949235916,0.0006535878471802059,0.0010929026080670643,0.00014048699885670218,0.0,0.0026081351336631913,0.0,0.0024800806449217535,0.0,0.0,0.0,0.0,0.0,0.0,0.0,0.0,0.0,0.0,0.0,0.0,0.9099999666213989,0.0,0.0,0.0,0.0
138.328,0.0,0.0,0.0,datactrl_ref_vx_fallback,datactrl_est_vx_fallback,-0.9099999666213989,states_theta,-0.033012229949235916,0.0006535878471802059,0.0010929026080670643,0.00014048699885670218,0.0,0.0026081351336631913,0.0,0.0024800806449217535,0.0,0.0,0.0,0.0,0.0,0.0,0.0,0.0,0.0,0.0,0.0,0.0,0.9099999666213989,0.0,0.0,0.0,0.0
138.389,0.0,0.0,0.0,datactrl_ref_vx_fallback,datactrl_est_vx_fallback,-0.9099999666213989,states_theta,-0.033012229949235916,0.0006535878471802059,0.0010929026080670643,0.00014048699885670218,0.0,0.0026081351336631913,0.0,0.0024800806449217535,0.0,0.0,0.0,0.0,0.0,0.0,0.0,0.0,0.0,0.0,0.0,0.0,0.9099999666213989,0.0,0.0,0.0,0.0
138.442,0.0,0.0,0.0,datactrl_ref_vx_fallback,datactrl_est_vx_fallback,-0.9099999666213989,states_theta,-0.033012229949235916,0.0006535878471802059,0.0010929026080670643,0.00014048699885670218,0.0,0.0026081351336631913,0.0,0.0024800806449217535,0.0,0.0,0.0,0.0,0.0,0.0,0.0,0.0,0.0,0.0,0.0,0.0,0.9099999666213989,0.0,0.0,0.0,0.0
138.503,0.0,0.0,0.0,datactrl_ref_vx_fallback,datactrl_est_vx_fallback,-0.9099999666213989,states_theta,-0.033012229949235916,0.0006535878471802059,0.0010929026080670643,0.00014048699885670218,0.0,0.0026081351336631913,0.0,0.0024800806449217535,0.0,0.0,0.0,0.0,0.0,0.0,0.0,0.0,0.0,0.0,0.0,0.0,0.9099999666213989,0.0,0.0,0.0,0.0
138.556,0.0,0.0,0.0,datactrl_ref_vx_fallback,datactrl_est_vx_fallback,-0.9099999666213989,states_theta,-0.033012229949235916,0.0006535878471802059,0.0010929026080670643,0.00014048699885670218,0.0,0.0026081351336631913,0.0,0.0024800806449217535,0.0,0.0,0.0,0.0,0.0,0.0,0.0,0.0,0.0,0.0,0.0,0.0,0.9099999666213989,0.0,0.0,0.0,0.0
138.609,0.0,0.0,0.0,datactrl_ref_vx_fallback,datactrl_est_vx_fallback,-0.9099999666213989,states_theta,-0.033012229949235916,0.0006535878471802059,0.0010929026080670643,0.00014048699885670218,0.0,0.0026081351336631913,0.0,0.0024800806449217535,0.0,0.0,0.0,0.0,0.0,0.0,0.0,0.0,0.0,0.0,0.0,0.0,0.9099999666213989,0.0,0.0,0.0,0.0
138.661,0.0,0.0,0.0,datactrl_ref_vx_fallback,datactrl_est_vx_fallback,-0.9099999666213989,states_theta,-0.033012229949235916,0.0006535878471802059,0.0010929026080670643,0.00014048699885670218,0.0,0.0026081351336631913,0.0,0.0024800806449217535,0.0,0.0,0.0,0.0,0.0,0.0,0.0,0.0,0.0,0.0,0.0,0.0,0.9099999666213989,0.0,0.0,0.0,0.0
138.747,0.0,0.0,0.0,datactrl_ref_vx_fallback,datactrl_est_vx_fallback,-0.9099999666213989,states_theta,-0.033012229949235916,0.0006535878471802059,0.0010929026080670643,0.00014048699885670218,0.0,0.0026081351336631913,0.0,0.0024800806449217535,0.0,0.0,0.0,0.0,0.0,0.0,0.0,0.0,0.0,0.0,0.0,0.0,0.9099999666213989,0.0,0.0,0.0,0.0
138.846,0.0,0.0,0.0,datactrl_ref_vx_fallback,datactrl_est_vx_fallback,-0.9099999666213989,states_theta,-0.033012229949235916,0.0006535878471802059,0.0010929026080670643,0.00014048699885670218,0.0,0.0026081351336631913,0.0,0.0024800806449217535,0.0,0.0,0.0,0.0,0.0,0.0,0.0,0.0,0.0,0.0,0.0,0.0,0.9099999666213989,0.0,0.0,0.0,0.0
138.949,0.0,0.0,0.0,datactrl_ref_vx_fallback,datactrl_est_vx_fallback,-0.9099999666213989,states_theta,-0.033012229949235916,0.0006535878471802059,0.0010929026080670643,0.00014048699885670218,0.0,0.0026081351336631913,0.0,0.0024800806449217535,0.0,0.0,0.0,0.0,0.0,0.0,0.0,0.0,0.0,0.0,0.0,0.0,0.9099999666213989,0.0,0.0,0.0,0.0
139.048,0.0,0.0,0.0,datactrl_ref_vx_fallback,datactrl_est_vx_fallback,-0.9099999666213989,states_theta,-0.033012229949235916,0.0006535878471802059,0.0010929026080670643,0.00014048699885670218,0.0,0.0026081351336631913,0.0,0.0024800806449217535,0.0,0.0,0.0,0.0,0.0,0.0,0.0,0.0,0.0,0.0,0.0,0.0,0.9099999666213989,0.0,0.0,0.0,0.0
139.148,0.0,0.0,0.0,datactrl_ref_vx_fallback,datactrl_est_vx_fallback,-0.9099999666213989,states_theta,-0.033012229949235916,0.0006535878471802059,0.0010929026080670643,0.00014048699885670218,0.0,0.0026081351336631913,0.0,0.0024800806449217535,0.0,0.0,0.0,0.0,0.0,0.0,0.0,0.0,0.0,0.0,0.0,0.0,0.9099999666213989,0.0,0.0,0.0,0.0
139.25,0.0,0.0,0.0,datactrl_ref_vx_fallback,datactrl_est_vx_fallback,-0.9099999666213989,states_theta,-0.033012229949235916,0.0006535878471802059,0.0010929026080670643,0.00014048699885670218,0.0,0.0026081351336631913,0.0,0.0024800806449217535,0.0,0.0,0.0,0.0,0.0,0.0,0.0,0.0,0.0,0.0,0.0,0.0,0.9099999666213989,0.0,0.0,0.0,0.0
139.348,0.0,0.0,0.0,datactrl_ref_vx_fallback,datactrl_est_vx_fallback,-0.9099999666213989,states_theta,-0.033012229949235916,0.0006535878471802059,0.0010929026080670643,0.00014048699885670218,0.0,0.0026081351336631913,0.0,0.0024800806449217535,0.0,0.0,0.0,0.0,0.0,0.0,0.0,0.0,0.0,0.0,0.0,0.0,0.9099999666213989,0.0,0.0,0.0,0.0
139.449,0.0,0.0,0.0,datactrl_ref_vx_fallback,datactrl_est_vx_fallback,-0.9099999666213989,states_theta,-0.033012229949235916,0.0006535878471802059,0.0010929026080670643,0.00014048699885670218,0.0,0.0026081351336631913,0.0,0.0024800806449217535,0.0,0.0,0.0,0.0,0.0,0.0,0.0,0.0,0.0,0.0,0.0,0.0,0.9099999666213989,0.0,0.0,0.0,0.0
139.548,0.0,0.0,0.0,datactrl_ref_vx_fallback,datactrl_est_vx_fallback,-0.9099999666213989,states_theta,-0.033012229949235916,0.0006535878471802059,0.0010929026080670643,0.00014048699885670218,0.0,0.0026081351336631913,0.0,0.0024800806449217535,0.0,0.0,0.0,0.0,0.0,0.0,0.0,0.0,0.0,0.0,0.0,0.0,0.9099999666213989,0.0,0.0,0.0,0.0
139.65,0.0,0.0,0.0,datactrl_ref_vx_fallback,datactrl_est_vx_fallback,-0.9099999666213989,states_theta,-0.033012229949235916,0.0006535878471802059,0.0010929026080670643,0.00014048699885670218,0.0,0.0026081351336631913,0.0,0.0024800806449217535,0.0,0.0,0.0,0.0,0.0,0.0,0.0,0.0,0.0,0.0,0.0,0.0,0.9099999666213989,0.0,0.0,0.0,0.0
139.75,0.0,0.0,0.0,datactrl_ref_vx_fallback,datactrl_est_vx_fallback,-0.9099999666213989,states_theta,-0.033012229949235916,0.0006535878471802059,0.0010929026080670643,0.00014048699885670218,0.0,0.0026081351336631913,0.0,0.0024800806449217535,0.0,0.0,0.0,0.0,0.0,0.0,0.0,0.0,0.0,0.0,0.0,0.0,0.9099999666213989,0.0,0.0,0.0,0.0
139.85,0.0,0.0,0.0,datactrl_ref_vx_fallback,datactrl_est_vx_fallback,-0.9099999666213989,states_theta,-0.033012229949235916,0.0006535878471802059,0.0010929026080670643,0.00014048699885670218,0.0,0.0026081351336631913,0.0,0.0024800806449217535,0.0,0.0,0.0,0.0,0.0,0.0,0.0,0.0,0.0,0.0,0.0,0.0,0.9099999666213989,0.0,0.0,0.0,0.0
139.95,0.0,0.0,0.0,datactrl_ref_vx_fallback,datactrl_est_vx_fallback,-0.9099999666213989,states_theta,-0.033012229949235916,0.0006535878471802059,0.0010929026080670643,0.00014048699885670218,0.0,0.0026081351336631913,0.0,0.0024800806449217535,0.0,0.0,0.0,0.0,0.0,0.0,0.0,0.0,0.0,0.0,0.0,0.0,0.9099999666213989,0.0,0.0,0.0,0.0
140.05,0.0,0.0,0.0,datactrl_ref_vx_fallback,datactrl_est_vx_fallback,-0.9099999666213989,states_theta,-0.033012229949235916,0.0006535878471802059,0.0010929026080670643,0.00014048699885670218,0.0,0.0026081351336631913,0.0,0.0024800806449217535,0.0,0.0,0.0,0.0,0.0,0.0,0.0,0.0,0.0,0.0,0.0,0.0,0.9099999666213989,0.0,0.0,0.0,0.0
140.15,0.0,0.0,0.0,datactrl_ref_vx_fallback,datactrl_est_vx_fallback,-0.9099999666213989,states_theta,-0.033012229949235916,0.0006535878471802059,0.0010929026080670643,0.00014048699885670218,0.0,0.0026081351336631913,0.0,0.0024800806449217535,0.0,0.0,0.0,0.0,0.0,0.0,0.0,0.0,0.0,0.0,0.0,0.0,0.9099999666213989,0.0,0.0,0.0,0.0
140.25,0.0,0.0,0.0,datactrl_ref_vx_fallback,datactrl_est_vx_fallback,-0.9099999666213989,states_theta,-0.033012229949235916,0.0006535878471802059,0.0010929026080670643,0.00014048699885670218,0.0,0.0026081351336631913,0.0,0.0024800806449217535,0.0,0.0,0.0,0.0,0.0,0.0,0.0,0.0,0.0,0.0,0.0,0.0,0.9099999666213989,0.0,0.0,0.0,0.0
140.35,0.0,0.0,0.0,datactrl_ref_vx_fallback,datactrl_est_vx_fallback,-0.9099999666213989,states_theta,-0.033012229949235916,0.0006535878471802059,0.0010929026080670643,0.00014048699885670218,0.0,0.0026081351336631913,0.0,0.0024800806449217535,0.0,0.0,0.0,0.0,0.0,0.0,0.0,0.0,0.0,0.0,0.0,0.0,0.9099999666213989,0.0,0.0,0.0,0.0
140.45,0.0,0.0,0.0,datactrl_ref_vx_fallback,datactrl_est_vx_fallback,-0.9099999666213989,states_theta,-0.033012229949235916,0.0006535878471802059,0.0010929026080670643,0.00014048699885670218,0.0,0.0026081351336631913,0.0,0.0024800806449217535,0.0,0.0,0.0,0.0,0.0,0.0,0.0,0.0,0.0,0.0,0.0,0.0,0.9099999666213989,0.0,0.0,0.0,0.0
140.55,0.0,0.0,0.0,datactrl_ref_vx_fallback,datactrl_est_vx_fallback,-0.9099999666213989,states_theta,-0.033012229949235916,0.0006535878471802059,0.0010929026080670643,0.00014048699885670218,0.0,0.0026081351336631913,0.0,0.0024800806449217535,0.0,0.0,0.0,0.0,0.0,0.0,0.0,0.0,0.0,0.0,0.0,0.0,0.9099999666213989,0.0,0.0,0.0,0.0
140.651,0.0,0.0,0.0,datactrl_ref_vx_fallback,datactrl_est_vx_fallback,-0.9099999666213989,states_theta,-0.033012229949235916,0.0006535878471802059,0.0010929026080670643,0.00014048699885670218,0.0,0.0026081351336631913,0.0,0.0024800806449217535,0.0,0.0,0.0,0.0,0.0,0.0,0.0,0.0,0.0,0.0,0.0,0.0,0.9099999666213989,0.0,0.0,0.0,0.0
140.751,0.0,0.0,0.0,datactrl_ref_vx_fallback,datactrl_est_vx_fallback,-0.9099999666213989,states_theta,-0.033012229949235916,0.0006535878471802059,0.0010929026080670643,0.00014048699885670218,0.0,0.0026081351336631913,0.0,0.0024800806449217535,0.0,0.0,0.0,0.0,0.0,0.0,0.0,0.0,0.0,0.0,0.0,0.0,0.9099999666213989,0.0,0.0,0.0,0.0
140.851,0.0,0.0,0.0,datactrl_ref_vx_fallback,datactrl_est_vx_fallback,-0.9099999666213989,states_theta,-0.033012229949235916,0.0006535878471802059,0.0010929026080670643,0.00014048699885670218,0.0,0.0026081351336631913,0.0,0.0024800806449217535,0.0,0.0,0.0,0.0,0.0,0.0,0.0,0.0,0.0,0.0,0.0,0.0,0.9099999666213989,0.0,0.0,0.0,0.0
140.951,0.0,0.0,0.0,datactrl_ref_vx_fallback,datactrl_est_vx_fallback,-0.9099999666213989,states_theta,-0.033012229949235916,0.0006535878471802059,0.0010929026080670643,0.00014048699885670218,0.0,0.0026081351336631913,0.0,0.0024800806449217535,0.0,0.0,0.0,0.0,0.0,0.0,0.0,0.0,0.0,0.0,0.0,0.0,0.9099999666213989,0.0,0.0,0.0,0.0
141.051,0.0,0.0,0.0,datactrl_ref_vx_fallback,datactrl_est_vx_fallback,-0.9099999666213989,states_theta,-0.033012229949235916,0.0006535878471802059,0.0010929026080670643,0.00014048699885670218,0.0,0.0026081351336631913,0.0,0.0024800806449217535,0.0,0.0,0.0,0.0,0.0,0.0,0.0,0.0,0.0,0.0,0.0,0.0,0.9099999666213989,0.0,0.0,0.0,0.0
141.153,0.0,0.0,0.0,datactrl_ref_vx_fallback,datactrl_est_vx_fallback,-0.9099999666213989,states_theta,-0.033012229949235916,0.0006535878471802059,0.0010929026080670643,0.00014048699885670218,0.0,0.0026081351336631913,0.0,0.0024800806449217535,0.0,0.0,0.0,0.0,0.0,0.0,0.0,0.0,0.0,0.0,0.0,0.0,0.9099999666213989,0.0,0.0,0.0,0.0
141.252,0.0,0.0,0.0,datactrl_ref_vx_fallback,datactrl_est_vx_fallback,-0.9099999666213989,states_theta,-0.033012229949235916,0.0006535878471802059,0.0010929026080670643,0.00014048699885670218,0.0,0.0026081351336631913,0.0,0.0024800806449217535,0.0,0.0,0.0,0.0,0.0,0.0,0.0,0.0,0.0,0.0,0.0,0.0,0.9099999666213989,0.0,0.0,0.0,0.0
141.351,0.0,0.0,0.0,datactrl_ref_vx_fallback,datactrl_est_vx_fallback,-0.9099999666213989,states_theta,-0.033012229949235916,0.0006535878471802059,0.0010929026080670643,0.00014048699885670218,0.0,0.0026081351336631913,0.0,0.0024800806449217535,0.0,0.0,0.0,0.0,0.0,0.0,0.0,0.0,0.0,0.0,0.0,0.0,0.9099999666213989,0.0,0.0,0.0,0.0
141.452,0.0,0.0,0.0,datactrl_ref_vx_fallback,datactrl_est_vx_fallback,-0.9099999666213989,states_theta,-0.033012229949235916,0.0006535878471802059,0.0010929026080670643,0.00014048699885670218,0.0,0.0026081351336631913,0.0,0.0024800806449217535,0.0,0.0,0.0,0.0,0.0,0.0,0.0,0.0,0.0,0.0,0.0,0.0,0.9099999666213989,0.0,0.0,0.0,0.0
141.552,0.0,0.0,0.0,datactrl_ref_vx_fallback,datactrl_est_vx_fallback,-0.9099999666213989,states_theta,-0.033012229949235916,0.0006535878471802059,0.0010929026080670643,0.00014048699885670218,0.0,0.0026081351336631913,0.0,0.0024800806449217535,0.0,0.0,0.0,0.0,0.0,0.0,0.0,0.0,0.0,0.0,0.0,0.0,0.9099999666213989,0.0,0.0,0.0,0.0
141.649,0.0,0.0,0.0,datactrl_ref_vx_fallback,datactrl_est_vx_fallback,-0.9099999666213989,states_theta,-0.033012229949235916,0.0006535878471802059,0.0010929026080670643,0.00014048699885670218,0.0,0.0026081351336631913,0.0,0.0024800806449217535,0.0,0.0,0.0,0.0,0.0,0.0,0.0,0.0,0.0,0.0,0.0,0.0,0.9099999666213989,0.0,0.0,0.0,0.0
141.752,0.0,0.0,0.0,datactrl_ref_vx_fallback,datactrl_est_vx_fallback,-0.9099999666213989,states_theta,-0.033012229949235916,0.0006535878471802059,0.0010929026080670643,0.00014048699885670218,0.0,0.0026081351336631913,0.0,0.0024800806449217535,0.0,0.0,0.0,0.0,0.0,0.0,0.0,0.0,0.0,0.0,0.0,0.0,0.9099999666213989,0.0,0.0,0.0,0.0
141.852,0.0,0.0,0.0,datactrl_ref_vx_fallback,datactrl_est_vx_fallback,-0.9099999666213989,states_theta,-0.033012229949235916,0.0006535878471802059,0.0010929026080670643,0.00014048699885670218,0.0,0.0026081351336631913,0.0,0.0024800806449217535,0.0,0.0,0.0,0.0,0.0,0.0,0.0,0.0,0.0,0.0,0.0,0.0,0.9099999666213989,0.0,0.0,0.0,0.0
141.954,0.0,0.0,0.0,datactrl_ref_vx_fallback,datactrl_est_vx_fallback,-0.9099999666213989,states_theta,-0.033012229949235916,0.0006535878471802059,0.0010929026080670643,0.00014048699885670218,0.0,0.0026081351336631913,0.0,0.0024800806449217535,0.0,0.0,0.0,0.0,0.0,0.0,0.0,0.0,0.0,0.0,0.0,0.0,0.9099999666213989,0.0,0.0,0.0,0.0
142.049,0.0,0.0,0.0,datactrl_ref_vx_fallback,datactrl_est_vx_fallback,-0.9099999666213989,states_theta,-0.033012229949235916,0.0006535878471802059,0.0010929026080670643,0.00014048699885670218,0.0,0.0026081351336631913,0.0,0.0024800806449217535,0.0,0.0,0.0,0.0,0.0,0.0,0.0,0.0,0.0,0.0,0.0,0.0,0.9099999666213989,0.0,0.0,0.0,0.0
142.154,0.0,0.0,0.0,datactrl_ref_vx_fallback,datactrl_est_vx_fallback,-0.9099999666213989,states_theta,-0.033012229949235916,0.0006535878471802059,0.0010929026080670643,0.00014048699885670218,0.0,0.0026081351336631913,0.0,0.0024800806449217535,0.0,0.0,0.0,0.0,0.0,0.0,0.0,0.0,0.0,0.0,0.0,0.0,0.9099999666213989,0.0,0.0,0.0,0.0
142.253,0.0,0.0,0.0,datactrl_ref_vx_fallback,datactrl_est_vx_fallback,-0.9099999666213989,states_theta,-0.033012229949235916,0.0006535878471802059,0.0010929026080670643,0.00014048699885670218,0.0,0.0026081351336631913,0.0,0.0024800806449217535,0.0,0.0,0.0,0.0,0.0,0.0,0.0,0.0,0.0,0.0,0.0,0.0,0.9099999666213989,0.0,0.0,0.0,0.0
142.356,0.0,0.0,0.0,datactrl_ref_vx_fallback,datactrl_est_vx_fallback,-0.9099999666213989,states_theta,-0.033012229949235916,0.0006535878471802059,0.0010929026080670643,0.00014048699885670218,0.0,0.0026081351336631913,0.0,0.0024800806449217535,0.0,0.0,0.0,0.0,0.0,0.0,0.0,0.0,0.0,0.0,0.0,0.0,0.9099999666213989,0.0,0.0,0.0,0.0
142.453,0.0,0.0,0.0,datactrl_ref_vx_fallback,datactrl_est_vx_fallback,-0.9099999666213989,states_theta,-0.033012229949235916,0.0006535878471802059,0.0010929026080670643,0.00014048699885670218,0.0,0.0026081351336631913,0.0,0.0024800806449217535,0.0,0.0,0.0,0.0,0.0,0.0,0.0,0.0,0.0,0.0,0.0,0.0,0.9099999666213989,0.0,0.0,0.0,0.0
142.554,0.0,0.0,0.0,datactrl_ref_vx_fallback,datactrl_est_vx_fallback,-0.9099999666213989,states_theta,-0.033012229949235916,0.0006535878471802059,0.0010929026080670643,0.00014048699885670218,0.0,0.0026081351336631913,0.0,0.0024800806449217535,0.0,0.0,0.0,0.0,0.0,0.0,0.0,0.0,0.0,0.0,0.0,0.0,0.9099999666213989,0.0,0.0,0.0,0.0
142.654,0.0,0.0,0.0,datactrl_ref_vx_fallback,datactrl_est_vx_fallback,-0.9099999666213989,states_theta,-0.033012229949235916,0.0006535878471802059,0.0010929026080670643,0.00014048699885670218,0.0,0.0026081351336631913,0.0,0.0024800806449217535,0.0,0.0,0.0,0.0,0.0,0.0,0.0,0.0,0.0,0.0,0.0,0.0,0.9099999666213989,0.0,0.0,0.0,0.0
142.753,0.0,0.0,0.0,datactrl_ref_vx_fallback,datactrl_est_vx_fallback,-0.9099999666213989,states_theta,-0.033012229949235916,0.0006535878471802059,0.0010929026080670643,0.00014048699885670218,0.0,0.0026081351336631913,0.0,0.0024800806449217535,0.0,0.0,0.0,0.0,0.0,0.0,0.0,0.0,0.0,0.0,0.0,0.0,0.9099999666213989,0.0,0.0,0.0,0.0
142.856,0.0,0.0,0.0,datactrl_ref_vx_fallback,datactrl_est_vx_fallback,-0.9099999666213989,states_theta,-0.033012229949235916,0.0006535878471802059,0.0010929026080670643,0.00014048699885670218,0.0,0.0026081351336631913,0.0,0.0024800806449217535,0.0,0.0,0.0,0.0,0.0,0.0,0.0,0.0,0.0,0.0,0.0,0.0,0.9099999666213989,0.0,0.0,0.0,0.0
142.954,0.0,0.0,0.0,datactrl_ref_vx_fallback,datactrl_est_vx_fallback,-0.9099999666213989,states_theta,-0.033012229949235916,0.0006535878471802059,0.0010929026080670643,0.00014048699885670218,0.0,0.0026081351336631913,0.0,0.0024800806449217535,0.0,0.0,0.0,0.0,0.0,0.0,0.0,0.0,0.0,0.0,0.0,0.0,0.9099999666213989,0.0,0.0,0.0,0.0
143.054,0.0,0.0,0.0,datactrl_ref_vx_fallback,datactrl_est_vx_fallback,-0.9099999666213989,states_theta,-0.033012229949235916,0.0006535878471802059,0.0010929026080670643,0.00014048699885670218,0.0,0.0026081351336631913,0.0,0.0024800806449217535,0.0,0.0,0.0,0.0,0.0,0.0,0.0,0.0,0.0,0.0,0.0,0.0,0.9099999666213989,0.0,0.0,0.0,0.0
143.153,0.0,0.0,0.0,datactrl_ref_vx_fallback,datactrl_est_vx_fallback,-0.9099999666213989,states_theta,-0.033012229949235916,0.0006535878471802059,0.0010929026080670643,0.00014048699885670218,0.0,0.0026081351336631913,0.0,0.0024800806449217535,0.0,0.0,0.0,0.0,0.0,0.0,0.0,0.0,0.0,0.0,0.0,0.0,0.9099999666213989,0.0,0.0,0.0,0.0
143.254,0.0,0.0,0.0,datactrl_ref_vx_fallback,datactrl_est_vx_fallback,-0.9099999666213989,states_theta,-0.033012229949235916,0.0006535878471802059,0.0010929026080670643,0.00014048699885670218,0.0,0.0026081351336631913,0.0,0.0024800806449217535,0.0,0.0,0.0,0.0,0.0,0.0,0.0,0.0,0.0,0.0,0.0,0.0,0.9099999666213989,0.0,0.0,0.0,0.0
143.354,0.0,0.0,0.0,datactrl_ref_vx_fallback,datactrl_est_vx_fallback,-0.9099999666213989,states_theta,-0.033012229949235916,0.0006535878471802059,0.0010929026080670643,0.00014048699885670218,0.0,0.0026081351336631913,0.0,0.0024800806449217535,0.0,0.0,0.0,0.0,0.0,0.0,0.0,0.0,0.0,0.0,0.0,0.0,0.9099999666213989,0.0,0.0,0.0,0.0
143.454,0.0,0.0,0.0,datactrl_ref_vx_fallback,datactrl_est_vx_fallback,-0.9099999666213989,states_theta,-0.033012229949235916,0.0006535878471802059,0.0010929026080670643,0.00014048699885670218,0.0,0.0026081351336631913,0.0,0.0024800806449217535,0.0,0.0,0.0,0.0,0.0,0.0,0.0,0.0,0.0,0.0,0.0,0.0,0.9099999666213989,0.0,0.0,0.0,0.0
143.555,0.0,0.0,0.0,datactrl_ref_vx_fallback,datactrl_est_vx_fallback,-0.9099999666213989,states_theta,-0.033012229949235916,0.0006535878471802059,0.0010929026080670643,0.00014048699885670218,0.0,0.0026081351336631913,0.0,0.0024800806449217535,0.0,0.0,0.0,0.0,0.0,0.0,0.0,0.0,0.0,0.0,0.0,0.0,0.9099999666213989,0.0,0.0,0.0,0.0
143.654,0.0,0.0,0.0,datactrl_ref_vx_fallback,datactrl_est_vx_fallback,-0.9099999666213989,states_theta,-0.033012229949235916,0.0006535878471802059,0.0010929026080670643,0.00014048699885670218,0.0,0.0026081351336631913,0.0,0.0024800806449217535,0.0,0.0,0.0,0.0,0.0,0.0,0.0,0.0,0.0,0.0,0.0,0.0,0.9099999666213989,0.0,0.0,0.0,0.0
143.756,0.0,0.0,0.0,datactrl_ref_vx_fallback,datactrl_est_vx_fallback,-0.9099999666213989,states_theta,-0.033012229949235916,0.0006535878471802059,0.0010929026080670643,0.00014048699885670218,0.0,0.0026081351336631913,0.0,0.0024800806449217535,0.0,0.0,0.0,0.0,0.0,0.0,0.0,0.0,0.0,0.0,0.0,0.0,0.9099999666213989,0.0,0.0,0.0,0.0
143.855,0.0,0.0,0.0,datactrl_ref_vx_fallback,datactrl_est_vx_fallback,-0.9099999666213989,states_theta,-0.033012229949235916,0.0006535878471802059,0.0010929026080670643,0.00014048699885670218,0.0,0.0026081351336631913,0.0,0.0024800806449217535,0.0,0.0,0.0,0.0,0.0,0.0,0.0,0.0,0.0,0.0,0.0,0.0,0.9099999666213989,0.0,0.0,0.0,0.0
143.954,0.0,0.0,0.0,datactrl_ref_vx_fallback,datactrl_est_vx_fallback,-0.9099999666213989,states_theta,-0.033012229949235916,0.0006535878471802059,0.0010929026080670643,0.00014048699885670218,0.0,0.0026081351336631913,0.0,0.0024800806449217535,0.0,0.0,0.0,0.0,0.0,0.0,0.0,0.0,0.0,0.0,0.0,0.0,0.9099999666213989,0.0,0.0,0.0,0.0
144.055,0.0,0.0,0.0,datactrl_ref_vx_fallback,datactrl_est_vx_fallback,-0.9099999666213989,states_theta,-0.033012229949235916,0.0006535878471802059,0.0010929026080670643,0.00014048699885670218,0.0,0.0026081351336631913,0.0,0.0024800806449217535,0.0,0.0,0.0,0.0,0.0,0.0,0.0,0.0,0.0,0.0,0.0,0.0,0.9099999666213989,0.0,0.0,0.0,0.0
144.155,0.0,0.0,0.0,datactrl_ref_vx_fallback,datactrl_est_vx_fallback,-0.9099999666213989,states_theta,-0.033012229949235916,0.0006535878471802059,0.0010929026080670643,0.00014048699885670218,0.0,0.0026081351336631913,0.0,0.0024800806449217535,0.0,0.0,0.0,0.0,0.0,0.0,0.0,0.0,0.0,0.0,0.0,0.0,0.9099999666213989,0.0,0.0,0.0,0.0
144.255,0.0,0.0,0.0,datactrl_ref_vx_fallback,datactrl_est_vx_fallback,-0.9099999666213989,states_theta,-0.033012229949235916,0.0006535878471802059,0.0010929026080670643,0.00014048699885670218,0.0,0.0026081351336631913,0.0,0.0024800806449217535,0.0,0.0,0.0,0.0,0.0,0.0,0.0,0.0,0.0,0.0,0.0,0.0,0.9099999666213989,0.0,0.0,0.0,0.0
144.355,0.0,0.0,0.0,datactrl_ref_vx_fallback,datactrl_est_vx_fallback,-0.9099999666213989,states_theta,-0.033012229949235916,0.0006535878471802059,0.0010929026080670643,0.00014048699885670218,0.0,0.0026081351336631913,0.0,0.0024800806449217535,0.0,0.0,0.0,0.0,0.0,0.0,0.0,0.0,0.0,0.0,0.0,0.0,0.9099999666213989,0.0,0.0,0.0,0.0
144.453,0.0,0.0,0.0,datactrl_ref_vx_fallback,datactrl_est_vx_fallback,-0.9099999666213989,states_theta,-0.033012229949235916,0.0006535878471802059,0.0010929026080670643,0.00014048699885670218,0.0,0.0026081351336631913,0.0,0.0024800806449217535,0.0,0.0,0.0,0.0,0.0,0.0,0.0,0.0,0.0,0.0,0.0,0.0,0.9099999666213989,0.0,0.0,0.0,0.0
144.556,0.0,0.0,0.0,datactrl_ref_vx_fallback,datactrl_est_vx_fallback,-0.9099999666213989,states_theta,-0.033012229949235916,0.0006535878471802059,0.0010929026080670643,0.00014048699885670218,0.0,0.0026081351336631913,0.0,0.0024800806449217535,0.0,0.0,0.0,0.0,0.0,0.0,0.0,0.0,0.0,0.0,0.0,0.0,0.9099999666213989,0.0,0.0,0.0,0.0
144.655,0.0,0.0,0.0,datactrl_ref_vx_fallback,datactrl_est_vx_fallback,-0.9099999666213989,states_theta,-0.033012229949235916,0.0006535878471802059,0.0010929026080670643,0.00014048699885670218,0.0,0.0026081351336631913,0.0,0.0024800806449217535,0.0,0.0,0.0,0.0,0.0,0.0,0.0,0.0,0.0,0.0,0.0,0.0,0.9099999666213989,0.0,0.0,0.0,0.0
144.756,0.0,0.0,0.0,datactrl_ref_vx_fallback,datactrl_est_vx_fallback,-0.9099999666213989,states_theta,-0.033012229949235916,0.0006535878471802059,0.0010929026080670643,0.00014048699885670218,0.0,0.0026081351336631913,0.0,0.0024800806449217535,0.0,0.0,0.0,0.0,0.0,0.0,0.0,0.0,0.0,0.0,0.0,0.0,0.9099999666213989,0.0,0.0,0.0,0.0
144.856,0.0,0.0,0.0,datactrl_ref_vx_fallback,datactrl_est_vx_fallback,-0.9099999666213989,states_theta,-0.033012229949235916,0.0006535878471802059,0.0010929026080670643,0.00014048699885670218,0.0,0.0026081351336631913,0.0,0.0024800806449217535,0.0,0.0,0.0,0.0,0.0,0.0,0.0,0.0,0.0,0.0,0.0,0.0,0.9099999666213989,0.0,0.0,0.0,0.0
144.956,0.0,0.0,0.0,datactrl_ref_vx_fallback,datactrl_est_vx_fallback,-0.9099999666213989,states_theta,-0.033012229949235916,0.0006535878471802059,0.0010929026080670643,0.00014048699885670218,0.0,0.0026081351336631913,0.0,0.0024800806449217535,0.0,0.0,0.0,0.0,0.0,0.0,0.0,0.0,0.0,0.0,0.0,0.0,0.9099999666213989,0.0,0.0,0.0,0.0
145.058,0.0,0.0,0.0,datactrl_ref_vx_fallback,datactrl_est_vx_fallback,-0.9099999666213989,states_theta,-0.033012229949235916,0.0006535878471802059,0.0010929026080670643,0.00014048699885670218,0.0,0.0026081351336631913,0.0,0.0024800806449217535,0.0,0.0,0.0,0.0,0.0,0.0,0.0,0.0,0.0,0.0,0.0,0.0,0.9099999666213989,0.0,0.0,0.0,0.0
145.157,0.0,0.0,0.0,datactrl_ref_vx_fallback,datactrl_est_vx_fallback,-0.9099999666213989,states_theta,-0.033012229949235916,0.0006535878471802059,0.0010929026080670643,0.00014048699885670218,0.0,0.0026081351336631913,0.0,0.0024800806449217535,0.0,0.0,0.0,0.0,0.0,0.0,0.0,0.0,0.0,0.0,0.0,0.0,0.9099999666213989,0.0,0.0,0.0,0.0
145.257,0.0,0.0,0.0,datactrl_ref_vx_fallback,datactrl_est_vx_fallback,-0.9099999666213989,states_theta,-0.033012229949235916,0.0006535878471802059,0.0010929026080670643,0.00014048699885670218,0.0,0.0026081351336631913,0.0,0.0024800806449217535,0.0,0.0,0.0,0.0,0.0,0.0,0.0,0.0,0.0,0.0,0.0,0.0,0.9099999666213989,0.0,0.0,0.0,0.0
145.358,0.0,0.0,0.0,datactrl_ref_vx_fallback,datactrl_est_vx_fallback,-0.9099999666213989,states_theta,-0.033012229949235916,0.0006535878471802059,0.0010929026080670643,0.00014048699885670218,0.0,0.0026081351336631913,0.0,0.0024800806449217535,0.0,0.0,0.0,0.0,0.0,0.0,0.0,0.0,0.0,0.0,0.0,0.0,0.9099999666213989,0.0,0.0,0.0,0.0
145.457,0.0,0.0,0.0,datactrl_ref_vx_fallback,datactrl_est_vx_fallback,-0.9099999666213989,states_theta,-0.033012229949235916,0.0006535878471802059,0.0010929026080670643,0.00014048699885670218,0.0,0.0026081351336631913,0.0,0.0024800806449217535,0.0,0.0,0.0,0.0,0.0,0.0,0.0,0.0,0.0,0.0,0.0,0.0,0.9099999666213989,0.0,0.0,0.0,0.0
145.558,0.0,0.0,0.0,datactrl_ref_vx_fallback,datactrl_est_vx_fallback,-0.9099999666213989,states_theta,-0.033012229949235916,0.0006535878471802059,0.0010929026080670643,0.00014048699885670218,0.0,0.0026081351336631913,0.0,0.0024800806449217535,0.0,0.0,0.0,0.0,0.0,0.0,0.0,0.0,0.0,0.0,0.0,0.0,0.9099999666213989,0.0,0.0,0.0,0.0
145.66,0.0,0.0,0.0,datactrl_ref_vx_fallback,datactrl_est_vx_fallback,-0.9099999666213989,states_theta,-0.033012229949235916,0.0006535878471802059,0.0010929026080670643,0.00014048699885670218,0.0,0.0026081351336631913,0.0,0.0024800806449217535,0.0,0.0,0.0,0.0,0.0,0.0,0.0,0.0,0.0,0.0,0.0,0.0,0.9099999666213989,0.0,0.0,0.0,0.0
145.763,0.0,0.0,0.0,datactrl_ref_vx_fallback,datactrl_est_vx_fallback,-0.9099999666213989,states_theta,-0.033012229949235916,0.0006535878471802059,0.0010929026080670643,0.00014048699885670218,0.0,0.0026081351336631913,0.0,0.0024800806449217535,0.0,0.0,0.0,0.0,0.0,0.0,0.0,0.0,0.0,0.0,0.0,0.0,0.9099999666213989,0.0,0.0,0.0,0.0
145.858,0.0,0.0,0.0,datactrl_ref_vx_fallback,datactrl_est_vx_fallback,-0.9099999666213989,states_theta,-0.033012229949235916,0.0006535878471802059,0.0010929026080670643,0.00014048699885670218,0.0,0.0026081351336631913,0.0,0.0024800806449217535,0.0,0.0,0.0,0.0,0.0,0.0,0.0,0.0,0.0,0.0,0.0,0.0,0.9099999666213989,0.0,0.0,0.0,0.0
145.971,0.0,0.0,0.0,datactrl_ref_vx_fallback,datactrl_est_vx_fallback,-0.9099999666213989,states_theta,-0.033012229949235916,0.0006535878471802059,0.0010929026080670643,0.00014048699885670218,0.0,0.0026081351336631913,0.0,0.0024800806449217535,0.0,0.0,0.0,0.0,0.0,0.0,0.0,0.0,0.0,0.0,0.0,0.0,0.9099999666213989,0.0,0.0,0.0,0.0
146.078,0.0,0.0,0.0,datactrl_ref_vx_fallback,datactrl_est_vx_fallback,-0.9099999666213989,states_theta,-0.033012229949235916,0.0006535878471802059,0.0010929026080670643,0.00014048699885670218,0.0,0.0026081351336631913,0.0,0.0024800806449217535,0.0,0.0,0.0,0.0,0.0,0.0,0.0,0.0,0.0,0.0,0.0,0.0,0.9099999666213989,0.0,0.0,0.0,0.0
146.181,0.0,0.0,0.0,datactrl_ref_vx_fallback,datactrl_est_vx_fallback,-0.9099999666213989,states_theta,-0.033012229949235916,0.0006535878471802059,0.0010929026080670643,0.00014048699885670218,0.0,0.0026081351336631913,0.0,0.0024800806449217535,0.0,0.0,0.0,0.0,0.0,0.0,0.0,0.0,0.0,0.0,0.0,0.0,0.9099999666213989,0.0,0.0,0.0,0.0
146.29,0.0,0.0,0.0,datactrl_ref_vx_fallback,datactrl_est_vx_fallback,-0.9099999666213989,states_theta,-0.033012229949235916,0.0006535878471802059,0.0010929026080670643,0.00014048699885670218,0.0,0.0026081351336631913,0.0,0.0024800806449217535,0.0,0.0,0.0,0.0,0.0,0.0,0.0,0.0,0.0,0.0,0.0,0.0,0.9099999666213989,0.0,0.0,0.0,0.0
146.426,0.0,0.0,0.0,datactrl_ref_vx_fallback,datactrl_est_vx_fallback,-0.9099999666213989,states_theta,-0.033012229949235916,0.0006535878471802059,0.0010929026080670643,0.00014048699885670218,0.0,0.0026081351336631913,0.0,0.0024800806449217535,0.0,0.0,0.0,0.0,0.0,0.0,0.0,0.0,0.0,0.0,0.0,0.0,0.9099999666213989,0.0,0.0,0.0,0.0
146.52,0.0,0.0,0.0,datactrl_ref_vx_fallback,datactrl_est_vx_fallback,-0.9099999666213989,states_theta,-0.033012229949235916,0.0006535878471802059,0.0010929026080670643,0.00014048699885670218,0.0,0.0026081351336631913,0.0,0.0024800806449217535,0.0,0.0,0.0,0.0,0.0,0.0,0.0,0.0,0.0,0.0,0.0,0.0,0.9099999666213989,0.0,0.0,0.0,0.0
146.625,0.0,0.0,0.0,datactrl_ref_vx_fallback,datactrl_est_vx_fallback,-0.9099999666213989,states_theta,-0.033012229949235916,0.0006535878471802059,0.0010929026080670643,0.00014048699885670218,0.0,0.0026081351336631913,0.0,0.0024800806449217535,0.0,0.0,0.0,0.0,0.0,0.0,0.0,0.0,0.0,0.0,0.0,0.0,0.9099999666213989,0.0,0.0,0.0,0.0
146.732,0.0,0.0,0.0,datactrl_ref_vx_fallback,datactrl_est_vx_fallback,-0.9099999666213989,states_theta,-0.033012229949235916,0.0006535878471802059,0.0010929026080670643,0.00014048699885670218,0.0,0.0026081351336631913,0.0,0.0024800806449217535,0.0,0.0,0.0,0.0,0.0,0.0,0.0,0.0,0.0,0.0,0.0,0.0,0.9099999666213989,0.0,0.0,0.0,0.0
146.834,0.0,0.0,0.0,datactrl_ref_vx_fallback,datactrl_est_vx_fallback,-0.9099999666213989,states_theta,-0.033012229949235916,0.0006535878471802059,0.0010929026080670643,0.00014048699885670218,0.0,0.0026081351336631913,0.0,0.0024800806449217535,0.0,0.0,0.0,0.0,0.0,0.0,0.0,0.0,0.0,0.0,0.0,0.0,0.9099999666213989,0.0,0.0,0.0,0.0
146.939,0.0,0.0,0.0,datactrl_ref_vx_fallback,datactrl_est_vx_fallback,-0.9099999666213989,states_theta,-0.033012229949235916,0.0006535878471802059,0.0010929026080670643,0.00014048699885670218,0.0,0.0026081351336631913,0.0,0.0024800806449217535,0.0,0.0,0.0,0.0,0.0,0.0,0.0,0.0,0.0,0.0,0.0,0.0,0.9099999666213989,0.0,0.0,0.0,0.0
147.049,0.0,0.0,0.0,datactrl_ref_vx_fallback,datactrl_est_vx_fallback,-0.9099999666213989,states_theta,-0.033012229949235916,0.0006535878471802059,0.0010929026080670643,0.00014048699885670218,0.0,0.0026081351336631913,0.0,0.0024800806449217535,0.0,0.0,0.0,0.0,0.0,0.0,0.0,0.0,0.0,0.0,0.0,0.0,0.9099999666213989,0.0,0.0,0.0,0.0
147.099,0.0,0.0,0.0,datactrl_ref_vx_fallback,datactrl_est_vx_fallback,-0.9099999666213989,states_theta,-0.033012229949235916,0.0006535878471802059,0.0010929026080670643,0.00014048699885670218,0.0,0.0026081351336631913,0.0,0.0024800806449217535,0.0,0.0,0.0,0.0,0.0,0.0,0.0,0.0,0.0,0.0,0.0,0.0,0.9099999666213989,0.0,0.0,0.0,0.0
147.156,0.0,0.0,0.0,datactrl_ref_vx_fallback,datactrl_est_vx_fallback,-0.9099999666213989,states_theta,-0.033012229949235916,0.0006535878471802059,0.0010929026080670643,0.00014048699885670218,0.0,0.0026081351336631913,0.0,0.0024800806449217535,0.0,0.0,0.0,0.0,0.0,0.0,0.0,0.0,0.0,0.0,0.0,0.0,0.9099999666213989,0.0,0.0,0.0,0.0
147.218,0.0,0.0,0.0,datactrl_ref_vx_fallback,datactrl_est_vx_fallback,-0.9099999666213989,states_theta,-0.033012229949235916,0.0006535878471802059,0.0010929026080670643,0.00014048699885670218,0.0,0.0026081351336631913,0.0,0.0024800806449217535,0.0,0.0,0.0,0.0,0.0,0.0,0.0,0.0,0.0,0.0,0.0,0.0,0.9099999666213989,0.0,0.0,0.0,0.0
147.372,0.0,0.0,0.0,datactrl_ref_vx_fallback,datactrl_est_vx_fallback,-0.9099999666213989,states_theta,-0.033012229949235916,0.0006535878471802059,0.0010929026080670643,0.00014048699885670218,0.0,0.0026081351336631913,0.0,0.0024800806449217535,0.0,0.0,0.0,0.0,0.0,0.0,0.0,0.0,0.0,0.0,0.0,0.0,0.9099999666213989,0.0,0.0,0.0,0.0
147.595,0.0,0.0,0.0,datactrl_ref_vx_fallback,datactrl_est_vx_fallback,-0.9099999666213989,states_theta,-0.033012229949235916,0.0006535878471802059,0.0010929026080670643,0.00014048699885670218,0.0,0.0026081351336631913,0.0,0.0024800806449217535,0.0,0.0,0.0,0.0,0.0,0.0,0.0,0.0,0.0,0.0,0.0,0.0,0.9099999666213989,0.0,0.0,0.0,0.0
147.821,0.0,0.0,0.0,datactrl_ref_vx_fallback,datactrl_est_vx_fallback,-0.9099999666213989,states_theta,-0.033012229949235916,0.0006535878471802059,0.0010929026080670643,0.00014048699885670218,0.0,0.0026081351336631913,0.0,0.0024800806449217535,0.0,0.0,0.0,0.0,0.0,0.0,0.0,0.0,0.0,0.0,0.0,0.0,0.9099999666213989,0.0,0.0,0.0,0.0
148.035,0.0,0.0,0.0,datactrl_ref_vx_fallback,datactrl_est_vx_fallback,-0.9099999666213989,states_theta,-0.033012229949235916,0.0006535878471802059,0.0010929026080670643,0.00014048699885670218,0.0,0.0026081351336631913,0.0,0.0024800806449217535,0.0,0.0,0.0,0.0,0.0,0.0,0.0,0.0,0.0,0.0,0.0,0.0,0.9099999666213989,0.0,0.0,0.0,0.0
148.232,0.0,0.0,0.0,datactrl_ref_vx_fallback,datactrl_est_vx_fallback,-0.9099999666213989,states_theta,-0.033012229949235916,0.0006535878471802059,0.0010929026080670643,0.00014048699885670218,0.0,0.0026081351336631913,0.0,0.0024800806449217535,0.0,0.0,0.0,0.0,0.0,0.0,0.0,0.0,0.0,0.0,0.0,0.0,0.9099999666213989,0.0,0.0,0.0,0.0
148.435,0.0,0.0,0.0,datactrl_ref_vx_fallback,datactrl_est_vx_fallback,-0.9099999666213989,states_theta,-0.033012229949235916,0.0006535878471802059,0.0010929026080670643,0.00014048699885670218,0.0,0.0026081351336631913,0.0,0.0024800806449217535,0.0,0.0,0.0,0.0,0.0,0.0,0.0,0.0,0.0,0.0,0.0,0.0,0.9099999666213989,0.0,0.0,0.0,0.0
148.487,0.0,0.0,0.0,datactrl_ref_vx_fallback,datactrl_est_vx_fallback,-0.9099999666213989,states_theta,-0.033012229949235916,0.0006535878471802059,0.0010929026080670643,0.00014048699885670218,0.0,0.0026081351336631913,0.0,0.0024800806449217535,0.0,0.0,0.0,0.0,0.0,0.0,0.0,0.0,0.0,0.0,0.0,0.0,0.9099999666213989,0.0,0.0,0.0,0.0
148.651,0.0,0.0,0.0,datactrl_ref_vx_fallback,datactrl_est_vx_fallback,-0.9099999666213989,states_theta,-0.033012229949235916,0.0006535878471802059,0.0010929026080670643,0.00014048699885670218,0.0,0.0026081351336631913,0.0,0.0024800806449217535,0.0,0.0,0.0,0.0,0.0,0.0,0.0,0.0,0.0,0.0,0.0,0.0,0.9099999666213989,0.0,0.0,0.0,0.0
148.846,0.0,0.0,0.0,datactrl_ref_vx_fallback,datactrl_est_vx_fallback,-0.9099999666213989,states_theta,-0.033012229949235916,0.0006535878471802059,0.0010929026080670643,0.00014048699885670218,0.0,0.0026081351336631913,0.0,0.0024800806449217535,0.0,0.0,0.0,0.0,0.0,0.0,0.0,0.0,0.0,0.0,0.0,0.0,0.9099999666213989,0.0,0.0,0.0,0.0
149.049,0.0,0.0,0.0,datactrl_ref_vx_fallback,datactrl_est_vx_fallback,-0.9099999666213989,states_theta,-0.033012229949235916,0.0006535878471802059,0.0010929026080670643,0.00014048699885670218,0.0,0.0026081351336631913,0.0,0.0024800806449217535,0.0,0.0,0.0,0.0,0.0,0.0,0.0,0.0,0.0,0.0,0.0,0.0,0.9099999666213989,0.0,0.0,0.0,0.0
149.254,0.0,0.0,0.0,datactrl_ref_vx_fallback,datactrl_est_vx_fallback,-0.9099999666213989,states_theta,-0.033012229949235916,0.0006535878471802059,0.0010929026080670643,0.00014048699885670218,0.0,0.0026081351336631913,0.0,0.0024800806449217535,0.0,0.0,0.0,0.0,0.0,0.0,0.0,0.0,0.0,0.0,0.0,0.0,0.9099999666213989,0.0,0.0,0.0,0.0
149.466,0.0,0.0,0.0,datactrl_ref_vx_fallback,datactrl_est_vx_fallback,-0.9099999666213989,states_theta,-0.033012229949235916,0.0006535878471802059,0.0010929026080670643,0.00014048699885670218,0.0,0.0026081351336631913,0.0,0.0024800806449217535,0.0,0.0,0.0,0.0,0.0,0.0,0.0,0.0,0.0,0.0,0.0,0.0,0.9099999666213989,0.0,0.0,0.0,0.0
149.695,0.0,0.0,0.0,datactrl_ref_vx_fallback,datactrl_est_vx_fallback,-0.9099999666213989,states_theta,-0.033012229949235916,0.0006535878471802059,0.0010929026080670643,0.00014048699885670218,0.0,0.0026081351336631913,0.0,0.0024800806449217535,0.0,0.0,0.0,0.0,0.0,0.0,0.0,0.0,0.0,0.0,0.0,0.0,0.9099999666213989,0.0,0.0,0.0,0.0
149.902,0.0,0.0,0.0,datactrl_ref_vx_fallback,datactrl_est_vx_fallback,-0.9099999666213989,states_theta,-0.033012229949235916,0.0006535878471802059,0.0010929026080670643,0.00014048699885670218,0.0,0.0026081351336631913,0.0,0.0024800806449217535,0.0,0.0,0.0,0.0,0.0,0.0,0.0,0.0,0.0,0.0,0.0,0.0,0.9099999666213989,0.0,0.0,0.0,0.0
150.119,0.0,0.0,0.0,datactrl_ref_vx_fallback,datactrl_est_vx_fallback,-0.9099999666213989,states_theta,-0.033012229949235916,0.0006535878471802059,0.0010929026080670643,0.00014048699885670218,0.0,0.0026081351336631913,0.0,0.0024800806449217535,0.0,0.0,0.0,0.0,0.0,0.0,0.0,0.0,0.0,0.0,0.0,0.0,0.9099999666213989,0.0,0.0,0.0,0.0
150.326,0.0,0.0,0.0,datactrl_ref_vx_fallback,datactrl_est_vx_fallback,-0.9099999666213989,states_theta,-0.033012229949235916,0.0006535878471802059,0.0010929026080670643,0.00014048699885670218,0.0,0.0026081351336631913,0.0,0.0024800806449217535,0.0,0.0,0.0,0.0,0.0,0.0,0.0,0.0,0.0,0.0,0.0,0.0,0.9099999666213989,0.0,0.0,0.0,0.0
150.554,0.0,0.0,0.0,datactrl_ref_vx_fallback,datactrl_est_vx_fallback,-0.9099999666213989,states_theta,-0.033012229949235916,0.0006535878471802059,0.0010929026080670643,0.00014048699885670218,0.0,0.0026081351336631913,0.0,0.0024800806449217535,0.0,0.0,0.0,0.0,0.0,0.0,0.0,0.0,0.0,0.0,0.0,0.0,0.9099999666213989,0.0,0.0,0.0,0.0
150.779,0.0,0.0,0.0,datactrl_ref_vx_fallback,datactrl_est_vx_fallback,-0.9099999666213989,states_theta,-0.033012229949235916,0.0006535878471802059,0.0010929026080670643,0.00014048699885670218,0.0,0.0026081351336631913,0.0,0.0024800806449217535,0.0,0.0,0.0,0.0,0.0,0.0,0.0,0.0,0.0,0.0,0.0,0.0,0.9099999666213989,0.0,0.0,0.0,0.0
150.982,0.0,0.0,0.0,datactrl_ref_vx_fallback,datactrl_est_vx_fallback,-0.9099999666213989,states_theta,-0.033012229949235916,0.0006535878471802059,0.0010929026080670643,0.00014048699885670218,0.0,0.0026081351336631913,0.0,0.0024800806449217535,0.0,0.0,0.0,0.0,0.0,0.0,0.0,0.0,0.0,0.0,0.0,0.0,0.9099999666213989,0.0,0.0,0.0,0.0
151.181,0.0,0.0,0.0,datactrl_ref_vx_fallback,datactrl_est_vx_fallback,-0.9099999666213989,states_theta,-0.033012229949235916,0.0006535878471802059,0.0010929026080670643,0.00014048699885670218,0.0,0.0026081351336631913,0.0,0.0024800806449217535,0.0,0.0,0.0,0.0,0.0,0.0,0.0,0.0,0.0,0.0,0.0,0.0,0.9099999666213989,0.0,0.0,0.0,0.0
151.404,0.0,0.0,0.0,datactrl_ref_vx_fallback,datactrl_est_vx_fallback,-0.9099999666213989,states_theta,-0.033012229949235916,0.0006535878471802059,0.0010929026080670643,0.00014048699885670218,0.0,0.0026081351336631913,0.0,0.0024800806449217535,0.0,0.0,0.0,0.0,0.0,0.0,0.0,0.0,0.0,0.0,0.0,0.0,0.9099999666213989,0.0,0.0,0.0,0.0
151.636,0.0,0.0,0.0,datactrl_ref_vx_fallback,datactrl_est_vx_fallback,-0.9099999666213989,states_theta,-0.033012229949235916,0.0006535878471802059,0.0010929026080670643,0.00014048699885670218,0.0,0.0026081351336631913,0.0,0.0024800806449217535,0.0,0.0,0.0,0.0,0.0,0.0,0.0,0.0,0.0,0.0,0.0,0.0,0.9099999666213989,0.0,0.0,0.0,0.0
151.838,0.0,0.0,0.0,datactrl_ref_vx_fallback,datactrl_est_vx_fallback,-0.9099999666213989,states_theta,-0.033012229949235916,0.0006535878471802059,0.0010929026080670643,0.00014048699885670218,0.0,0.0026081351336631913,0.0,0.0024800806449217535,0.0,0.0,0.0,0.0,0.0,0.0,0.0,0.0,0.0,0.0,0.0,0.0,0.9099999666213989,0.0,0.0,0.0,0.0
152.135,0.0,0.0,0.0,datactrl_ref_vx_fallback,datactrl_est_vx_fallback,-0.9099999666213989,states_theta,-0.033012229949235916,0.0006535878471802059,0.0010929026080670643,0.00014048699885670218,0.0,0.0026081351336631913,0.0,0.0024800806449217535,0.0,0.0,0.0,0.0,0.0,0.0,0.0,0.0,0.0,0.0,0.0,0.0,0.9099999666213989,0.0,0.0,0.0,0.0
152.316,0.0,0.0,0.0,datactrl_ref_vx_fallback,datactrl_est_vx_fallback,-0.9099999666213989,states_theta,-0.033012229949235916,0.0006535878471802059,0.0010929026080670643,0.00014048699885670218,0.0,0.0026081351336631913,0.0,0.0024800806449217535,0.0,0.0,0.0,0.0,0.0,0.0,0.0,0.0,0.0,0.0,0.0,0.0,0.9099999666213989,0.0,0.0,0.0,0.0
152.531,0.0,0.0,0.0,datactrl_ref_vx_fallback,datactrl_est_vx_fallback,-0.9099999666213989,states_theta,-0.033012229949235916,0.0006535878471802059,0.0010929026080670643,0.00014048699885670218,0.0,0.0026081351336631913,0.0,0.0024800806449217535,0.0,0.0,0.0,0.0,0.0,0.0,0.0,0.0,0.0,0.0,0.0,0.0,0.9099999666213989,0.0,0.0,0.0,0.0
152.734,0.0,0.0,0.0,datactrl_ref_vx_fallback,datactrl_est_vx_fallback,-0.9099999666213989,states_theta,-0.033012229949235916,0.0006535878471802059,0.0010929026080670643,0.00014048699885670218,0.0,0.0026081351336631913,0.0,0.0024800806449217535,0.0,0.0,0.0,0.0,0.0,0.0,0.0,0.0,0.0,0.0,0.0,0.0,0.9099999666213989,0.0,0.0,0.0,0.0
152.949,0.0,0.0,0.0,datactrl_ref_vx_fallback,datactrl_est_vx_fallback,-0.9099999666213989,states_theta,-0.033012229949235916,0.0006535878471802059,0.0010929026080670643,0.00014048699885670218,0.0,0.0026081351336631913,0.0,0.0024800806449217535,0.0,0.0,0.0,0.0,0.0,0.0,0.0,0.0,0.0,0.0,0.0,0.0,0.9099999666213989,0.0,0.0,0.0,0.0
153.239,0.0,0.0,0.0,datactrl_ref_vx_fallback,datactrl_est_vx_fallback,-0.9099999666213989,states_theta,-0.033012229949235916,0.0006535878471802059,0.0010929026080670643,0.00014048699885670218,0.0,0.0026081351336631913,0.0,0.0024800806449217535,0.0,0.0,0.0,0.0,0.0,0.0,0.0,0.0,0.0,0.0,0.0,0.0,0.9099999666213989,0.0,0.0,0.0,0.0
153.419,0.0,0.0,0.0,datactrl_ref_vx_fallback,datactrl_est_vx_fallback,-0.9099999666213989,states_theta,-0.033012229949235916,0.0006535878471802059,0.0010929026080670643,0.00014048699885670218,0.0,0.0026081351336631913,0.0,0.0024800806449217535,0.0,0.0,0.0,0.0,0.0,0.0,0.0,0.0,0.0,0.0,0.0,0.0,0.9099999666213989,0.0,0.0,0.0,0.0
153.635,0.0,0.0,0.0,datactrl_ref_vx_fallback,datactrl_est_vx_fallback,-0.9099999666213989,states_theta,-0.033012229949235916,0.0006535878471802059,0.0010929026080670643,0.00014048699885670218,0.0,0.0026081351336631913,0.0,0.0024800806449217535,0.0,0.0,0.0,0.0,0.0,0.0,0.0,0.0,0.0,0.0,0.0,0.0,0.9099999666213989,0.0,0.0,0.0,0.0
153.854,0.0,0.0,0.0,datactrl_ref_vx_fallback,datactrl_est_vx_fallback,-0.9099999666213989,states_theta,-0.033012229949235916,0.0006535878471802059,0.0010929026080670643,0.00014048699885670218,0.0,0.0026081351336631913,0.0,0.0024800806449217535,0.0,0.0,0.0,0.0,0.0,0.0,0.0,0.0,0.0,0.0,0.0,0.0,0.9099999666213989,0.0,0.0,0.0,0.0
154.085,0.0,0.0,0.0,datactrl_ref_vx_fallback,datactrl_est_vx_fallback,-0.9099999666213989,states_theta,-0.033012229949235916,0.0006535878471802059,0.0010929026080670643,0.00014048699885670218,0.0,0.0026081351336631913,0.0,0.0024800806449217535,0.0,0.0,0.0,0.0,0.0,0.0,0.0,0.0,0.0,0.0,0.0,0.0,0.9099999666213989,0.0,0.0,0.0,0.0
154.305,0.0,0.0,0.0,datactrl_ref_vx_fallback,datactrl_est_vx_fallback,-0.9099999666213989,states_theta,-0.033012229949235916,0.0006535878471802059,0.0010929026080670643,0.00014048699885670218,0.0,0.0026081351336631913,0.0,0.0024800806449217535,0.0,0.0,0.0,0.0,0.0,0.0,0.0,0.0,0.0,0.0,0.0,0.0,0.9099999666213989,0.0,0.0,0.0,0.0
154.522,0.0,0.0,0.0,datactrl_ref_vx_fallback,datactrl_est_vx_fallback,-0.9099999666213989,states_theta,-0.033012229949235916,0.0006535878471802059,0.0010929026080670643,0.00014048699885670218,0.0,0.0026081351336631913,0.0,0.0024800806449217535,0.0,0.0,0.0,0.0,0.0,0.0,0.0,0.0,0.0,0.0,0.0,0.0,0.9099999666213989,0.0,0.0,0.0,0.0
154.734,0.0,0.0,0.0,datactrl_ref_vx_fallback,datactrl_est_vx_fallback,-0.9099999666213989,states_theta,-0.033012229949235916,0.0006535878471802059,0.0010929026080670643,0.00014048699885670218,0.0,0.0026081351336631913,0.0,0.0024800806449217535,0.0,0.0,0.0,0.0,0.0,0.0,0.0,0.0,0.0,0.0,0.0,0.0,0.9099999666213989,0.0,0.0,0.0,0.0
155.024,0.0,0.0,0.0,datactrl_ref_vx_fallback,datactrl_est_vx_fallback,-0.9099999666213989,states_theta,-0.033012229949235916,0.0006535878471802059,0.0010929026080670643,0.00014048699885670218,0.0,0.0026081351336631913,0.0,0.0024800806449217535,0.0,0.0,0.0,0.0,0.0,0.0,0.0,0.0,0.0,0.0,0.0,0.0,0.9099999666213989,0.0,0.0,0.0,0.0
155.201,0.0,0.0,0.0,datactrl_ref_vx_fallback,datactrl_est_vx_fallback,-0.9099999666213989,states_theta,-0.033012229949235916,0.0006535878471802059,0.0010929026080670643,0.00014048699885670218,0.0,0.0026081351336631913,0.0,0.0024800806449217535,0.0,0.0,0.0,0.0,0.0,0.0,0.0,0.0,0.0,0.0,0.0,0.0,0.9099999666213989,0.0,0.0,0.0,0.0
155.402,0.0,0.0,0.0,datactrl_ref_vx_fallback,datactrl_est_vx_fallback,-0.9099999666213989,states_theta,-0.033012229949235916,0.0006535878471802059,0.0010929026080670643,0.00014048699885670218,0.0,0.0026081351336631913,0.0,0.0024800806449217535,0.0,0.0,0.0,0.0,0.0,0.0,0.0,0.0,0.0,0.0,0.0,0.0,0.9099999666213989,0.0,0.0,0.0,0.0
155.618,0.0,0.0,0.0,datactrl_ref_vx_fallback,datactrl_est_vx_fallback,-0.9099999666213989,states_theta,-0.033012229949235916,0.0006535878471802059,0.0010929026080670643,0.00014048699885670218,0.0,0.0026081351336631913,0.0,0.0024800806449217535,0.0,0.0,0.0,0.0,0.0,0.0,0.0,0.0,0.0,0.0,0.0,0.0,0.9099999666213989,0.0,0.0,0.0,0.0
155.67,0.0,0.0,0.0,datactrl_ref_vx_fallback,datactrl_est_vx_fallback,-0.9099999666213989,states_theta,-0.033012229949235916,0.0006535878471802059,0.0010929026080670643,0.00014048699885670218,0.0,0.0026081351336631913,0.0,0.0024800806449217535,0.0,0.0,0.0,0.0,0.0,0.0,0.0,0.0,0.0,0.0,0.0,0.0,0.9099999666213989,0.0,0.0,0.0,0.0
155.846,0.0,0.0,0.0,datactrl_ref_vx_fallback,datactrl_est_vx_fallback,-0.9099999666213989,states_theta,-0.033012229949235916,0.0006535878471802059,0.0010929026080670643,0.00014048699885670218,0.0,0.0026081351336631913,0.0,0.0024800806449217535,0.0,0.0,0.0,0.0,0.0,0.0,0.0,0.0,0.0,0.0,0.0,0.0,0.9099999666213989,0.0,0.0,0.0,0.0
156.129,0.0,0.0,0.0,datactrl_ref_vx_fallback,datactrl_est_vx_fallback,-0.9099999666213989,states_theta,-0.033012229949235916,0.0006535878471802059,0.0010929026080670643,0.00014048699885670218,0.0,0.0026081351336631913,0.0,0.0024800806449217535,0.0,0.0,0.0,0.0,0.0,0.0,0.0,0.0,0.0,0.0,0.0,0.0,0.9099999666213989,0.0,0.0,0.0,0.0
