time_s,vx_target,vx_actual,vx_error,vx_target_source,vx_actual_source,pitch_actual,pitch_actual_source,pitch_rate_q,pwm_mean,pwm_std,pwm_1,pwm_2,pwm_3,pwm_4,pwm_5,pwm_6,pwm_7,pwm_8,ctrl_vx_dX2Vx,ctrl_vx_var,ctrl_vx_delta,ctrl_vx_p,ctrl_vx_int,ctrl_vx_d,ctrl_ele_ffc,ctrl_theta_trim,ctrl_theta_var,ctrl_delta_theta,ctrl_theta_p,ctrl_theta_d,ctrl_ele_fbc,ctrl_ele_law_out
0.0,0.0,0.0,0.0,datactrl_ref_vx_fallback,datactrl_est_vx_fallback,1.6799999475479126,states_theta,0.018006673082709312,1.8275158478614722e-06,3.0624094263919228e-06,3.9534274724629643e-07,0.0,0.0,7.568894500912372e-06,0.0,6.65588953473311e-06,0.0,0.0,0.0,0.0,0.0,0.0,0.0,0.0,0.0,0.0,0.0,-1.6799999475479126,0.0,0.0,0.0,0.0
0.074,0.0,0.0,0.0,datactrl_ref_vx_fallback,datactrl_est_vx_fallback,1.6799999475479126,states_theta,0.018006673082709312,1.8275158478614722e-06,3.0624094263919228e-06,3.9534274724629643e-07,0.0,0.0,7.568894500912372e-06,0.0,6.65588953473311e-06,0.0,0.0,0.0,0.0,0.0,0.0,0.0,0.0,0.0,0.0,0.0,-1.6799999475479126,0.0,0.0,0.0,0.0
0.154,0.0,0.0,0.0,datactrl_ref_vx_fallback,datactrl_est_vx_fallback,1.6799999475479126,states_theta,0.018006673082709312,1.8275158478614722e-06,3.0624094263919228e-06,3.9534274724629643e-07,0.0,0.0,7.568894500912372e-06,0.0,6.65588953473311e-06,0.0,0.0,0.0,0.0,0.0,0.0,0.0,0.0,0.0,0.0,0.0,-1.6799999475479126,0.0,0.0,0.0,0.0
0.214,0.0,0.0,0.0,datactrl_ref_vx_fallback,datactrl_est_vx_fallback,1.6799999475479126,states_theta,0.018006673082709312,1.8275158478614722e-06,3.0624094263919228e-06,3.9534274724629643e-07,0.0,0.0,7.568894500912372e-06,0.0,6.65588953473311e-06,0.0,0.0,0.0,0.0,0.0,0.0,0.0,0.0,0.0,0.0,0.0,-1.6799999475479126,0.0,0.0,0.0,0.0
0.498,0.0,0.0,0.0,datactrl_ref_vx_fallback,datactrl_est_vx_fallback,1.6899999380111694,states_theta,0.018006673082709312,1.8275158478614722e-06,3.0624094263919228e-06,3.9534274724629643e-07,0.0,0.0,7.568894500912372e-06,0.0,6.65588953473311e-06,0.0,0.0,0.0,0.0,0.0,0.0,0.0,0.0,0.0,0.0,0.0,-1.6899999380111694,0.0,0.0,0.0,0.0
0.792,0.0,0.0,0.0,datactrl_ref_vx_fallback,datactrl_est_vx_fallback,1.6899999380111694,states_theta,0.018006673082709312,1.8275158478614722e-06,3.0624094263919228e-06,3.9534274724629643e-07,0.0,0.0,7.568894500912372e-06,0.0,6.65588953473311e-06,0.0,0.0,0.0,0.0,0.0,0.0,0.0,0.0,0.0,0.0,0.0,-1.6899999380111694,0.0,0.0,0.0,0.0
1.068,0.0,0.0,0.0,datactrl_ref_vx_fallback,datactrl_est_vx_fallback,1.6899999380111694,states_theta,0.018006673082709312,1.8275158478614722e-06,3.0624094263919228e-06,3.9534274724629643e-07,0.0,0.0,7.568894500912372e-06,0.0,6.65588953473311e-06,0.0,0.0,0.0,0.0,0.0,0.0,0.0,0.0,0.0,0.0,0.0,-1.6899999380111694,0.0,0.0,0.0,0.0
1.354,0.0,0.0,0.0,datactrl_ref_vx_fallback,datactrl_est_vx_fallback,1.6999999284744263,states_theta,0.018006673082709312,1.8275158478614722e-06,3.0624094263919228e-06,3.9534274724629643e-07,0.0,0.0,7.568894500912372e-06,0.0,6.65588953473311e-06,0.0,0.0,0.0,0.0,0.0,0.0,0.0,0.0,0.0,0.0,0.0,-1.6999999284744263,0.0,0.0,0.0,0.0
1.57,0.0,0.0,0.0,datactrl_ref_vx_fallback,datactrl_est_vx_fallback,1.6999999284744263,states_theta,0.018006673082709312,1.8275158478614722e-06,3.0624094263919228e-06,3.9534274724629643e-07,0.0,0.0,7.568894500912372e-06,0.0,6.65588953473311e-06,0.0,0.0,0.0,0.0,0.0,0.0,0.0,0.0,0.0,0.0,0.0,-1.6999999284744263,0.0,0.0,0.0,0.0
1.621,0.0,0.0,0.0,datactrl_ref_vx_fallback,datactrl_est_vx_fallback,1.6999999284744263,states_theta,0.018006673082709312,1.8275158478614722e-06,3.0624094263919228e-06,3.9534274724629643e-07,0.0,0.0,7.568894500912372e-06,0.0,6.65588953473311e-06,0.0,0.0,0.0,0.0,0.0,0.0,0.0,0.0,0.0,0.0,0.0,-1.6999999284744263,0.0,0.0,0.0,0.0
1.94,0.0,0.0,0.0,datactrl_ref_vx_fallback,datactrl_est_vx_fallback,1.709999918937683,states_theta,0.018006673082709312,1.8275158478614722e-06,3.0624094263919228e-06,3.9534274724629643e-07,0.0,0.0,7.568894500912372e-06,0.0,6.65588953473311e-06,0.0,0.0,0.0,0.0,0.0,0.0,0.0,0.0,0.0,0.0,0.0,-1.709999918937683,0.0,0.0,0.0,0.0
2.211,0.0,0.0,0.0,datactrl_ref_vx_fallback,datactrl_est_vx_fallback,1.709999918937683,states_theta,0.018006673082709312,1.8275158478614722e-06,3.0624094263919228e-06,3.9534274724629643e-07,0.0,0.0,7.568894500912372e-06,0.0,6.65588953473311e-06,0.0,0.0,0.0,0.0,0.0,0.0,0.0,0.0,0.0,0.0,0.0,-1.709999918937683,0.0,0.0,0.0,0.0
2.488,0.0,0.0,0.0,datactrl_ref_vx_fallback,datactrl_est_vx_fallback,1.709999918937683,states_theta,0.018006673082709312,1.8275158478614722e-06,3.0624094263919228e-06,3.9534274724629643e-07,0.0,0.0,7.568894500912372e-06,0.0,6.65588953473311e-06,0.0,0.0,0.0,0.0,0.0,0.0,0.0,0.0,0.0,0.0,0.0,-1.709999918937683,0.0,0.0,0.0,0.0
2.767,0.0,0.0,0.0,datactrl_ref_vx_fallback,datactrl_est_vx_fallback,1.71999990940094,states_theta,0.018006673082709312,1.8275158478614722e-06,3.0624094263919228e-06,3.9534274724629643e-07,0.0,0.0,7.568894500912372e-06,0.0,6.65588953473311e-06,0.0,0.0,0.0,0.0,0.0,0.0,0.0,0.0,0.0,0.0,0.0,-1.71999990940094,0.0,0.0,0.0,0.0
3.067,0.0,0.0,0.0,datactrl_ref_vx_fallback,datactrl_est_vx_fallback,1.71999990940094,states_theta,0.018006673082709312,1.8275158478614722e-06,3.0624094263919228e-06,3.9534274724629643e-07,0.0,0.0,7.568894500912372e-06,0.0,6.65588953473311e-06,0.0,0.0,0.0,0.0,0.0,0.0,0.0,0.0,0.0,0.0,0.0,-1.71999990940094,0.0,0.0,0.0,0.0
3.364,0.0,0.0,0.0,datactrl_ref_vx_fallback,datactrl_est_vx_fallback,1.71999990940094,states_theta,0.018006673082709312,1.8275158478614722e-06,3.0624094263919228e-06,3.9534274724629643e-07,0.0,0.0,7.568894500912372e-06,0.0,6.65588953473311e-06,0.0,0.0,0.0,0.0,0.0,0.0,0.0,0.0,0.0,0.0,0.0,-1.71999990940094,0.0,0.0,0.0,0.0
3.641,0.0,0.0,0.0,datactrl_ref_vx_fallback,datactrl_est_vx_fallback,1.7300000190734863,states_theta,0.018006673082709312,1.8275158478614722e-06,3.0624094263919228e-06,3.9534274724629643e-07,0.0,0.0,7.568894500912372e-06,0.0,6.65588953473311e-06,0.0,0.0,0.0,0.0,0.0,0.0,0.0,0.0,0.0,0.0,0.0,-1.7300000190734863,0.0,0.0,0.0,0.0
3.924,0.0,0.0,0.0,datactrl_ref_vx_fallback,datactrl_est_vx_fallback,1.7300000190734863,states_theta,0.018006673082709312,1.8275158478614722e-06,3.0624094263919228e-06,3.9534274724629643e-07,0.0,0.0,7.568894500912372e-06,0.0,6.65588953473311e-06,0.0,0.0,0.0,0.0,0.0,0.0,0.0,0.0,0.0,0.0,0.0,-1.7300000190734863,0.0,0.0,0.0,0.0
4.227,0.0,0.0,0.0,datactrl_ref_vx_fallback,datactrl_est_vx_fallback,1.7300000190734863,states_theta,0.018006673082709312,1.8275158478614722e-06,3.0624094263919228e-06,3.9534274724629643e-07,0.0,0.0,7.568894500912372e-06,0.0,6.65588953473311e-06,0.0,0.0,0.0,0.0,0.0,0.0,0.0,0.0,0.0,0.0,0.0,-1.7300000190734863,0.0,0.0,0.0,0.0
4.512,0.0,0.0,0.0,datactrl_ref_vx_fallback,datactrl_est_vx_fallback,1.7400000095367432,states_theta,0.018006673082709312,1.8275158478614722e-06,3.0624094263919228e-06,3.9534274724629643e-07,0.0,0.0,7.568894500912372e-06,0.0,6.65588953473311e-06,0.0,0.0,0.0,0.0,0.0,0.0,0.0,0.0,0.0,0.0,0.0,-1.7400000095367432,0.0,0.0,0.0,0.0
4.822,0.0,0.0,0.0,datactrl_ref_vx_fallback,datactrl_est_vx_fallback,1.7400000095367432,states_theta,0.018006673082709312,1.8275158478614722e-06,3.0624094263919228e-06,3.9534274724629643e-07,0.0,0.0,7.568894500912372e-06,0.0,6.65588953473311e-06,0.0,0.0,0.0,0.0,0.0,0.0,0.0,0.0,0.0,0.0,0.0,-1.7400000095367432,0.0,0.0,0.0,0.0
5.104,0.0,0.0,0.0,datactrl_ref_vx_fallback,datactrl_est_vx_fallback,1.75,states_theta,0.018006673082709312,1.8275158478614722e-06,3.0624094263919228e-06,3.9534274724629643e-07,0.0,0.0,7.568894500912372e-06,0.0,6.65588953473311e-06,0.0,0.0,0.0,0.0,0.0,0.0,0.0,0.0,0.0,0.0,0.0,-1.75,0.0,0.0,0.0,0.0
5.409,0.0,0.0,0.0,datactrl_ref_vx_fallback,datactrl_est_vx_fallback,1.75,states_theta,0.018006673082709312,1.8275158478614722e-06,3.0624094263919228e-06,3.9534274724629643e-07,0.0,0.0,7.568894500912372e-06,0.0,6.65588953473311e-06,0.0,0.0,0.0,0.0,0.0,0.0,0.0,0.0,0.0,0.0,0.0,-1.75,0.0,0.0,0.0,0.0
5.673,0.0,0.0,0.0,datactrl_ref_vx_fallback,datactrl_est_vx_fallback,1.75,states_theta,0.018006673082709312,1.8275158478614722e-06,3.0624094263919228e-06,3.9534274724629643e-07,0.0,0.0,7.568894500912372e-06,0.0,6.65588953473311e-06,0.0,0.0,0.0,0.0,0.0,0.0,0.0,0.0,0.0,0.0,0.0,-1.75,0.0,0.0,0.0,0.0
5.961,0.0,0.0,0.0,datactrl_ref_vx_fallback,datactrl_est_vx_fallback,1.7599999904632568,states_theta,0.018006673082709312,1.8275158478614722e-06,3.0624094263919228e-06,3.9534274724629643e-07,0.0,0.0,7.568894500912372e-06,0.0,6.65588953473311e-06,0.0,0.0,0.0,0.0,0.0,0.0,0.0,0.0,0.0,0.0,0.0,-1.7599999904632568,0.0,0.0,0.0,0.0
6.231,0.0,0.0,0.0,datactrl_ref_vx_fallback,datactrl_est_vx_fallback,1.7599999904632568,states_theta,0.018006673082709312,1.9305746090377848e-06,3.1903520869848927e-06,0.0,1.219812836656796e-06,0.0,9.184050084815465e-06,0.0,5.040733950830017e-06,0.0,0.0,0.0,0.0,0.0,0.0,0.0,0.0,0.0,0.0,0.0,-1.7599999904632568,0.0,0.0,0.0,0.0
6.529,0.0,0.0,0.0,datactrl_ref_vx_fallback,datactrl_est_vx_fallback,1.7599999904632568,states_theta,0.018006673082709312,0.0005491638973898865,0.0008193439712127488,0.0,0.001334205258342587,0.0007158957702218178,0.0,0.0,0.0023432101505546877,0.0,0.0,0.0,0.0,0.0,0.0,0.0,0.0,0.0,0.0,0.0,-1.7599999904632568,0.0,0.0,0.0,0.0
6.841,0.0,0.0,0.0,datactrl_ref_vx_fallback,datactrl_est_vx_fallback,1.7699999809265137,states_theta,0.018006673082709312,0.0010313532740199925,0.0015382833527986745,0.0,0.0025035763017585205,0.0013477306099749916,0.0,0.0,0.004399519280426429,0.0,0.0,0.0,0.0,0.0,0.0,0.0,0.0,0.0,0.0,0.0,-1.7699999809265137,0.0,0.0,0.0,0.0
7.137,0.0,0.0,0.0,datactrl_ref_vx_fallback,datactrl_est_vx_fallback,1.7699999809265137,states_theta,0.018006673082709312,0.0014503692514141412,0.0021620542258264956,0.0,0.003538848281263533,0.0018889187399193067,0.0,0.0,0.0061751869901302886,0.0,0.0,0.0,0.0,0.0,0.0,0.0,0.0,0.0,0.0,0.0,-1.7699999809265137,0.0,0.0,0.0,0.0
7.413,0.0,0.0,0.0,datactrl_ref_vx_fallback,datactrl_est_vx_fallback,1.7699999809265137,states_theta,0.018006673082709312,0.0017976324932804314,0.0026778411385715946,0.0,0.004384410300247435,0.002349837499894467,0.0,0.0,0.00764681214610155,0.0,0.0,0.0,0.0,0.0,0.0,0.0,0.0,0.0,0.0,0.0,-1.7699999809265137,0.0,0.0,0.0,0.0
7.704,0.0,0.0,0.0,datactrl_ref_vx_fallback,datactrl_est_vx_fallback,1.7799999713897705,states_theta,0.018006673082709312,0.002079377850543484,0.0031009566037802326,0.0,0.005070485957034009,0.002705023816548694,0.0,0.0,0.00885951303076517,0.0,0.0,0.0,0.0,0.0,0.0,0.0,0.0,0.0,0.0,0.0,-1.7799999713897705,0.0,0.0,0.0,0.0
8.001,0.0,0.0,0.0,datactrl_ref_vx_fallback,datactrl_est_vx_fallback,1.7799999713897705,states_theta,0.018006673082709312,0.0023162534719617105,0.003451879212863252,0.0,0.005647189716572796,0.003023123251775522,0.0,0.0,0.009859714807345366,0.0,0.0,0.0,0.0,0.0,0.0,0.0,0.0,0.0,0.0,0.0,-1.7799999713897705,0.0,0.0,0.0,0.0
8.277,0.0,0.0,0.0,datactrl_ref_vx_fallback,datactrl_est_vx_fallback,1.7899999618530273,states_theta,0.018006673082709312,0.0025126659427080695,0.00374673245204628,0.0,0.006125338053213494,0.0032712726468592545,0.0,0.0,0.010704716841591808,0.0,0.0,0.0,0.0,0.0,0.0,0.0,0.0,0.0,0.0,0.0,-1.7899999618530273,0.0,0.0,0.0,0.0
8.554,0.0,0.0,0.0,datactrl_ref_vx_fallback,datactrl_est_vx_fallback,1.7899999618530273,states_theta,0.018006673082709312,0.002668397077736678,0.003978912249064885,0.0,0.006504537963443377,0.0034744401879715303,0.0,0.0,0.011368198470478517,0.0,0.0,0.0,0.0,0.0,0.0,0.0,0.0,0.0,0.0,0.0,-1.7899999618530273,0.0,0.0,0.0,0.0
8.81,0.0,0.0,0.0,datactrl_ref_vx_fallback,datactrl_est_vx_fallback,1.7899999618530273,states_theta,0.018006673082709312,0.002800610988209455,0.0041733786492977425,0.0,0.006859426713305298,0.00363741480506366,0.0,0.0,0.011908046387306682,0.0,0.0,0.0,0.0,0.0,0.0,0.0,0.0,0.0,0.0,0.0,-1.7899999618530273,0.0,0.0,0.0,0.0
9.108,0.0,0.0,0.0,datactrl_ref_vx_fallback,datactrl_est_vx_fallback,1.7999999523162842,states_theta,0.018006673082709312,0.0029135217911117747,0.004344280867122686,0.0,0.007135288842297338,0.003773808716769475,0.0,0.0,0.012399076769827383,0.0,0.0,0.0,0.0,0.0,0.0,0.0,0.0,0.0,0.0,0.0,-1.7999999523162842,0.0,0.0,0.0,0.0
9.409,0.0,0.0,0.0,datactrl_ref_vx_fallback,datactrl_est_vx_fallback,1.7999999523162842,states_theta,0.018006673082709312,0.002999511091991874,0.0044724761829924705,0.0,0.0073455434421478795,0.003885478606815367,0.0,0.0,0.012765066686971745,0.0,0.0,0.0,0.0,0.0,0.0,0.0,0.0,0.0,0.0,0.0,-1.7999999523162842,0.0,0.0,0.0,0.0
9.692,0.0,0.0,0.0,datactrl_ref_vx_fallback,datactrl_est_vx_fallback,1.7999999523162842,states_theta,0.018006673082709312,0.0030787190732241825,0.004587340243412431,0.0,0.007538972333492473,0.004001486272417499,0.0,0.0,0.013089293979883487,0.0,0.0,0.0,0.0,0.0,0.0,0.0,0.0,0.0,0.0,0.0,-1.7999999523162842,0.0,0.0,0.0,0.0
9.979,0.0,0.0,0.0,datactrl_ref_vx_fallback,datactrl_est_vx_fallback,1.809999942779541,states_theta,0.018006673082709312,0.0031455721978495216,0.004689870330436566,0.0,0.0077021807558958055,0.004076908699703157,0.0,0.0,0.013385488127197209,0.0,0.0,0.0,0.0,0.0,0.0,0.0,0.0,0.0,0.0,0.0,-1.809999942779541,0.0,0.0,0.0,0.0
10.281,0.0,0.0,0.0,datactrl_ref_vx_fallback,datactrl_est_vx_fallback,1.809999942779541,states_theta,0.018006673082709312,0.0031987301931077016,0.004766065673755141,0.0,0.007868901215811318,0.004135928630064386,0.0,0.0,0.013585011698985908,0.0,0.0,0.0,0.0,0.0,0.0,0.0,0.0,0.0,0.0,0.0,-1.809999942779541,0.0,0.0,0.0,0.0
10.556,0.0,0.0,0.0,datactrl_ref_vx_fallback,datactrl_est_vx_fallback,1.809999942779541,states_theta,0.018006673082709312,0.0032377385872301295,0.004824168327974627,0.0,0.007964669215549235,0.004186560880606954,0.0,0.0,0.013750678601684847,0.0,0.0,0.0,0.0,0.0,0.0,0.0,0.0,0.0,0.0,0.0,-1.809999942779541,0.0,0.0,0.0,0.0
10.83,0.0,0.0,0.0,datactrl_ref_vx_fallback,datactrl_est_vx_fallback,1.8199999332427979,states_theta,0.018006673082709312,0.003279099872458974,0.004888863111871033,0.0,0.008065858373969313,0.004228015061223608,0.0,0.0,0.013938925544478873,0.0,0.0,0.0,0.0,0.0,0.0,0.0,0.0,0.0,0.0,0.0,-1.8199999332427979,0.0,0.0,0.0,0.0
11.105,0.0,0.0,0.0,datactrl_ref_vx_fallback,datactrl_est_vx_fallback,1.8199999332427979,states_theta,0.018006673082709312,0.003314854942520891,0.004938679366385455,0.0,0.008153277028435064,0.00428851584097705,0.0,0.0,0.014077046670755017,0.0,0.0,0.0,0.0,0.0,0.0,0.0,0.0,0.0,0.0,0.0,-1.8199999332427979,0.0,0.0,0.0,0.0
11.381,0.0,0.0,0.0,datactrl_ref_vx_fallback,datactrl_est_vx_fallback,1.8199999332427979,states_theta,0.018006673082709312,0.0033364128863436183,0.004970786962612882,0.0,0.008206197458669046,0.0043165123187696875,0.0,0.0,0.014168593313310213,0.0,0.0,0.0,0.0,0.0,0.0,0.0,0.0,0.0,0.0,0.0,-1.8199999332427979,0.0,0.0,0.0,0.0
11.672,0.0,0.0,0.0,datactrl_ref_vx_fallback,datactrl_est_vx_fallback,1.8299999237060547,states_theta,0.018006673082709312,0.0033637144770360216,0.005014611402613244,0.0,0.00827285600501082,0.004339433896116383,0.0,0.0,0.01429742591516097,0.0,0.0,0.0,0.0,0.0,0.0,0.0,0.0,0.0,0.0,0.0,-1.8299999237060547,0.0,0.0,0.0,0.0
11.817,0.0,0.0,0.0,datactrl_ref_vx_fallback,datactrl_est_vx_fallback,1.8299999237060547,states_theta,0.018006673082709312,0.0033713271420293123,0.005025958043808956,0.0,0.008291542585267306,0.00434928597068463,0.0,0.0,0.01432978858028256,0.0,0.0,0.0,0.0,0.0,0.0,0.0,0.0,0.0,0.0,0.0,-1.8299999237060547,0.0,0.0,0.0,0.0
12.09,0.0,0.0,0.0,datactrl_ref_vx_fallback,datactrl_est_vx_fallback,1.8299999237060547,states_theta,0.018006673082709312,0.003390205321312955,0.005050943756989674,0.0,0.008378982034488367,0.0043616796945134045,0.0,0.0,0.014380980841501865,0.0,0.0,0.0,0.0,0.0,0.0,0.0,0.0,0.0,0.0,0.0,-1.8299999237060547,0.0,0.0,0.0,0.0
12.382,0.0,0.0,0.0,datactrl_ref_vx_fallback,datactrl_est_vx_fallback,1.8399999141693115,states_theta,0.018006673082709312,0.0034598136145337507,0.005157839172961515,0.0,0.008547250048201534,0.004440646257155017,0.0,0.0,0.014690612610913454,0.0,0.0,0.0,0.0,0.0,0.0,0.0,0.0,0.0,0.0,0.0,-1.8399999141693115,0.0,0.0,0.0,0.0
12.677,0.0,0.0,0.0,datactrl_ref_vx_fallback,datactrl_est_vx_fallback,1.8399999141693115,states_theta,0.018006673082709312,0.0034598136145337507,0.005157839172961515,0.0,0.008547250048201534,0.004440646257155017,0.0,0.0,0.014690612610913454,0.0,0.0,0.0,0.0,0.0,0.0,0.0,0.0,0.0,0.0,0.0,-1.8399999141693115,0.0,0.0,0.0,0.0
12.938,0.0,0.0,0.0,datactrl_ref_vx_fallback,datactrl_est_vx_fallback,1.8399999141693115,states_theta,0.018006673082709312,0.003469741808998476,0.005169003728703255,0.0,0.00857125002701208,0.004468359045608647,0.0,0.0,0.014718325399367082,0.0,0.0,0.0,0.0,0.0,0.0,0.0,0.0,0.0,0.0,0.0,-1.8399999141693115,0.0,0.0,0.0,0.0
13.215,0.0,0.0,0.0,datactrl_ref_vx_fallback,datactrl_est_vx_fallback,1.8499999046325684,states_theta,0.018006673082709312,0.0034796700034632026,0.005187044515762574,0.0,0.00859525000582263,0.0044683590456086495,0.0,0.0,0.014773750976274343,0.0,0.0,0.0,0.0,0.0,0.0,0.0,0.0,0.0,0.0,0.0,-1.8499999046325684,0.0,0.0,0.0,0.0
13.499,0.0,0.0,0.0,datactrl_ref_vx_fallback,datactrl_est_vx_fallback,1.8499999046325684,states_theta,0.018006673082709312,0.003475927785389861,0.005181902211448289,0.0,0.00862518775040936,0.004438421301021917,0.0,0.0,0.014743813231687612,0.0,0.0,0.0,0.0,0.0,0.0,0.0,0.0,0.0,0.0,0.0,-1.8499999046325684,0.0,0.0,0.0,0.0
13.801,0.0,0.0,0.0,datactrl_ref_vx_fallback,datactrl_est_vx_fallback,1.8600000143051147,states_theta,0.018006673082709312,0.0034858559798545867,0.005199951596911999,0.0,0.008649187729219908,0.004438420970659417,0.0,0.0,0.014799239138957367,0.0,0.0,0.0,0.0,0.0,0.0,0.0,0.0,0.0,0.0,0.0,-1.8600000143051147,0.0,0.0,0.0,0.0
14.077,0.0,0.0,0.0,datactrl_ref_vx_fallback,datactrl_est_vx_fallback,1.8600000143051147,states_theta,0.018006673082709312,0.0034957841743193125,0.005211105728194901,0.0,0.008673187708030456,0.004466133759113048,0.0,0.0,0.014826951927410998,0.0,0.0,0.0,0.0,0.0,0.0,0.0,0.0,0.0,0.0,0.0,-1.8600000143051147,0.0,0.0,0.0,0.0
14.374,0.0,0.0,0.0,datactrl_ref_vx_fallback,datactrl_est_vx_fallback,1.8600000143051147,states_theta,0.018006673082709312,0.0035057123687840383,0.005222267713513045,0.0,0.008697187686841003,0.004493846547566676,0.0,0.0,0.014854664715864626,0.0,0.0,0.0,0.0,0.0,0.0,0.0,0.0,0.0,0.0,0.0,-1.8600000143051147,0.0,0.0,0.0,0.0
14.595,0.0,0.0,0.0,datactrl_ref_vx_fallback,datactrl_est_vx_fallback,1.8700000047683716,states_theta,0.018006673082709312,0.0035057123687840383,0.005229154220501425,0.0,0.008697187686841003,0.004466133759113047,0.0,0.0,0.014882377504318256,0.0,0.0,0.0,0.0,0.0,0.0,0.0,0.0,0.0,0.0,0.0,-1.8600000143051147,0.0,0.0,0.0,0.0
14.653,0.0,0.0,0.0,datactrl_ref_vx_fallback,datactrl_est_vx_fallback,1.8700000047683716,states_theta,0.018006673082709312,0.0035057123687840383,0.005229154220501425,0.0,0.008697187686841003,0.004466133759113047,0.0,0.0,0.014882377504318256,0.0,0.0,0.0,0.0,0.0,0.0,0.0,0.0,0.0,0.0,0.0,-1.8700000047683716,0.0,0.0,0.0,0.0
14.925,0.0,0.0,0.0,datactrl_ref_vx_fallback,datactrl_est_vx_fallback,1.8700000047683716,states_theta,0.018006673082709312,0.003515640563248764,0.005240309330940295,0.0,0.00872118766565155,0.004493846547566677,0.0,0.0,0.014910090292771886,0.0,0.0,0.0,0.0,0.0,0.0,0.0,0.0,0.0,0.0,0.0,-1.8700000047683716,0.0,0.0,0.0,0.0
15.227,0.0,0.0,0.0,datactrl_ref_vx_fallback,datactrl_est_vx_fallback,1.8700000047683716,states_theta,0.018006673082709312,0.0035218150955481807,0.005246362324483585,0.0,0.008775216941784568,0.004491530038697835,0.0,0.0,0.014907773783903044,0.0,0.0,0.0,0.0,0.0,0.0,0.0,0.0,0.0,0.0,0.0,-1.8700000047683716,0.0,0.0,0.0,0.0
15.53,0.0,0.0,0.0,datactrl_ref_vx_fallback,datactrl_est_vx_fallback,1.8799999952316284,states_theta,0.018006673082709312,0.003521815095548181,0.005253253794484885,0.0,0.008775216941784568,0.0044638172502442066,0.0,0.0,0.014935486572356674,0.0,0.0,0.0,0.0,0.0,0.0,0.0,0.0,0.0,0.0,0.0,-1.8799999952316284,0.0,0.0,0.0,0.0
15.813,0.0,0.0,0.0,datactrl_ref_vx_fallback,datactrl_est_vx_fallback,1.8799999952316284,states_theta,0.018006673082709312,0.0035317432900129064,0.005264405359144999,0.0,0.008799216920595114,0.0044915300386978345,0.0,0.0,0.014963199360810302,0.0,0.0,0.0,0.0,0.0,0.0,0.0,0.0,0.0,0.0,0.0,-1.8799999952316284,0.0,0.0,0.0,0.0
16.088,0.0,0.0,0.0,datactrl_ref_vx_fallback,datactrl_est_vx_fallback,1.8799999952316284,states_theta,0.018006673082709312,0.0035416714844776326,0.005275564709345942,0.0,0.008823216899405663,0.004519242827151466,0.0,0.0,0.014990912149263933,0.0,0.0,0.0,0.0,0.0,0.0,0.0,0.0,0.0,0.0,0.0,-1.8799999952316284,0.0,0.0,0.0,0.0
16.394,0.0,0.0,0.0,datactrl_ref_vx_fallback,datactrl_est_vx_fallback,1.8899999856948853,states_theta,0.018006673082709312,0.0035416714844776326,0.005282454428703319,0.0,0.008823216899405663,0.004491530038697836,0.0,0.0,0.015018624937717561,0.0,0.0,0.0,0.0,0.0,0.0,0.0,0.0,0.0,0.0,0.0,-1.8899999856948853,0.0,0.0,0.0,0.0
16.66,0.0,0.0,0.0,datactrl_ref_vx_fallback,datactrl_est_vx_fallback,1.8899999856948853,states_theta,0.018006673082709312,0.0035515996789423584,0.005293606981010781,0.0,0.00884721687821621,0.004519242827151466,0.0,0.0,0.015046337726171193,0.0,0.0,0.0,0.0,0.0,0.0,0.0,0.0,0.0,0.0,0.0,-1.8899999856948853,0.0,0.0,0.0,0.0
16.96,0.0,0.0,0.0,datactrl_ref_vx_fallback,datactrl_est_vx_fallback,1.899999976158142,states_theta,0.018006673082709312,0.0035577742112417746,0.005306603532999728,0.0,0.008901246154349228,0.004489213529828992,0.0,0.0,0.015071734005755979,0.0,0.0,0.0,0.0,0.0,0.0,0.0,0.0,0.0,0.0,0.0,-1.899999976158142,0.0,0.0,0.0,0.0
17.237,0.0,0.0,0.0,datactrl_ref_vx_fallback,datactrl_est_vx_fallback,1.899999976158142,states_theta,0.018006673082709312,0.007672744370319794,0.009104099384429507,0.00036079803701124705,0.018163290345709706,0.013751257721189465,0.004772830661531483,0.0,0.024333778197116452,0.0,0.0,0.0,0.0,0.0,0.0,0.0,0.0,0.0,0.0,0.0,-1.899999976158142,0.0,0.0,0.0,0.0
17.541,0.0,0.0,0.0,datactrl_ref_vx_fallback,datactrl_est_vx_fallback,1.899999976158142,states_theta,0.018006673082709312,0.01444653269648552,0.012311840621879799,0.010336797462154252,0.028187289728473803,0.023778969913596643,0.014745117277031405,0.004162596801104418,0.03436149038952364,0.0,0.0,0.0,0.0,0.0,0.0,0.0,0.0,0.0,0.0,0.0,-1.899999976158142,0.0,0.0,0.0,0.0
17.827,0.0,0.0,0.0,datactrl_ref_vx_fallback,datactrl_est_vx_fallback,1.909999966621399,states_theta,0.018006673082709312,0.021946534484624865,0.015591362088525353,0.020312799867529496,0.03821129209147014,0.03377897229778244,0.0247451196612172,0.01410717360838295,0.04441691835061669,0.0,0.0,0.0,0.0,0.0,0.0,0.0,0.0,0.0,0.0,0.0,-1.909999966621399,0.0,0.0,0.0,0.0
18.092,0.0,0.0,0.0,datactrl_ref_vx_fallback,datactrl_est_vx_fallback,1.899999976158142,states_theta,-0.10486601293087006,0.029446536272764206,0.019222014398270988,0.03032215020405391,0.048201946523317316,0.04380840875212358,0.03471568797524764,0.024388553584753732,0.05413554314261748,0.0,0.0,0.0,0.0,0.0,0.0,0.0,0.0,0.0,0.0,0.0,-1.899999976158142,0.0,0.0,0.0,0.0
18.383,0.0,0.0,0.0,datactrl_ref_vx_fallback,datactrl_est_vx_fallback,1.6299999952316284,states_theta,-2.0915722846984863,0.03694653806090355,0.022016788693415522,0.04281919094202962,0.055704910553713176,0.05267036455434001,0.04585373694140279,0.04115238619953467,0.057371715296208124,0.0,0.0,0.0,0.0,0.0,0.0,0.0,0.0,0.0,0.0,0.0,-1.6299999952316284,0.0,0.0,0.0,0.0
18.679,0.0,0.0,0.0,datactrl_ref_vx_fallback,datactrl_est_vx_fallback,1.159999966621399,states_theta,-2.916896343231201,0.0444465398490429,0.02568148193380908,0.05774930829989478,0.060774797964219605,0.05812292609587961,0.06040118016823478,0.060020237716698115,0.05850386854741627,0.0,0.0,0.0,0.0,0.0,0.0,0.0,0.0,0.0,0.0,0.0,-1.159999966621399,0.0,0.0,0.0,0.0
18.932,0.0,0.0,0.0,datactrl_ref_vx_fallback,datactrl_est_vx_fallback,0.5799999833106995,states_theta,-2.9262192249298096,0.051946541637182236,0.030177172636390106,0.0702515122739355,0.06827259875855046,0.06623476572980039,0.07228934530268558,0.07514246659270529,0.06338164443978067,0.0,0.0,0.0,0.0,0.0,0.0,0.0,0.0,0.0,0.0,0.0,-0.5799999833106995,0.0,0.0,0.0,0.0
19.213,0.0,0.0,0.0,datactrl_ref_vx_fallback,datactrl_est_vx_fallback,-0.03999999910593033,states_theta,-3.345752239227295,0.059446543425321574,0.03505634402188351,0.08311636555386795,0.07540775024698959,0.07380304572249051,0.08472107007836703,0.09188256329118712,0.06664155250967042,0.0,0.0,0.0,0.0,0.0,0.0,0.0,0.0,0.0,0.0,0.0,0.03999999910593033,0.0,0.0,0.0,0.0
19.496,0.0,0.0,0.0,datactrl_ref_vx_fallback,datactrl_est_vx_fallback,-0.8100000023841858,states_theta,-4.206325531005859,0.06694654521346091,0.040511314960362824,0.09660885865025617,0.08191526191897294,0.08091195591805879,0.09761216465117033,0.11083009949596791,0.06769402107326121,0.0,0.0,0.0,0.0,0.0,0.0,0.0,0.0,0.0,0.0,0.0,0.8100000023841858,0.0,0.0,0.0,0.0
19.778,0.0,0.0,0.0,datactrl_ref_vx_fallback,datactrl_est_vx_fallback,-1.7899999618530273,states_theta,-5.487281799316406,0.07444653806090354,0.046682853134878306,0.11051206386367794,0.08801203763206485,0.0878525642425857,0.11067153725315709,0.13198360161004183,0.06654049988570096,0.0,0.0,0.0,0.0,0.0,0.0,0.0,0.0,0.0,0.0,0.0,1.7899999618530273,0.0,0.0,0.0,0.0
20.068,0.0,0.0,0.0,datactrl_ref_vx_fallback,datactrl_est_vx_fallback,-2.990000009536743,states_theta,-7.0384979248046875,0.08194653090834617,0.053369688187234775,0.12428579727604462,0.09423828514621185,0.09546510011102742,0.12305898231122904,0.15424626512992218,0.06427781729233427,0.0,0.0,0.0,0.0,0.0,0.0,0.0,0.0,0.0,0.0,0.0,2.990000009536743,0.0,0.0,0.0,0.0
20.357,0.0,0.0,0.0,datactrl_ref_vx_fallback,datactrl_est_vx_fallback,-4.579999923706055,states_theta,-8.762638092041016,0.08944652375578879,0.06051642657175989,0.13764047264827617,0.10088359070049395,0.10435332048463856,0.13417074286413158,0.17775425875426495,0.06076980459450516,0.0,0.0,0.0,0.0,0.0,0.0,0.0,0.0,0.0,0.0,0.0,4.579999923706055,0.0,0.0,0.0,0.0
20.632,0.0,0.0,0.0,datactrl_ref_vx_fallback,datactrl_est_vx_fallback,-6.449999809265137,states_theta,-10.050965309143066,0.09694651660323142,0.06725958542874247,0.1494630977845838,0.10906094649069999,0.11542890093321634,0.14309514334206747,0.1997209878787118,0.05880305639657202,0.0,0.0,0.0,0.0,0.0,0.0,0.0,0.0,0.0,0.0,0.0,6.449999809265137,0.0,0.0,0.0,0.0
20.889,0.0,0.0,0.0,datactrl_ref_vx_fallback,datactrl_est_vx_fallback,-8.420000076293945,states_theta,-10.120404243469238,0.10444650945067405,0.07278286699797039,0.1591402414368929,0.11938378376490456,0.12862109936977506,0.14990292583202242,0.2175919480182657,0.06093207718353179,0.0,0.0,0.0,0.0,0.0,0.0,0.0,0.0,0.0,0.0,0.0,8.420000076293945,0.0,0.0,0.0,0.0
21.179,0.0,0.0,0.0,datactrl_ref_vx_fallback,datactrl_est_vx_fallback,-10.09999942779541,states_theta,-8.30465316772461,0.11194650229811667,0.0763573616870801,0.16666974413171318,0.13185426199659797,0.14328224289305627,0.15524176323525488,0.22846831963944067,0.07005568648887048,0.0,0.0,0.0,0.0,0.0,0.0,0.0,0.0,0.0,0.0,0.0,10.09999942779541,0.0,0.0,0.0,0.0
21.469,0.0,0.0,0.0,datactrl_ref_vx_fallback,datactrl_est_vx_fallback,-11.25,states_theta,-4.151247978210449,0.11944649514555931,0.07805003957295137,0.1725685634501326,0.1459554236046922,0.1583545048029227,0.1601694822519021,0.2311372982830767,0.08738668877174816,0.0,0.0,0.0,0.0,0.0,0.0,0.0,0.0,0.0,0.0,0.0,11.25,0.0,0.0,0.0,0.0
21.743,0.0,0.0,0.0,datactrl_ref_vx_fallback,datactrl_est_vx_fallback,-11.380000114440918,states_theta,1.8206430673599243,0.12694648799300193,0.07866213647283289,0.17778804609793017,0.16073592188340832,0.17212129990274505,0.16640266807859344,0.22567867493401728,0.11284529304732123,0.0,0.0,0.0,0.0,0.0,0.0,0.0,0.0,0.0,0.0,0.0,11.380000114440918,0.0,0.0,0.0,0.0
22.01,0.0,0.0,0.0,datactrl_ref_vx_fallback,datactrl_est_vx_fallback,-10.359999656677246,states_theta,8.090160369873047,0.13444648084044455,0.07975464912386275,0.18335141849721992,0.17517253041063224,0.18372254462253387,0.1748014042853183,0.21539304660560052,0.14313090230225164,0.0,0.0,0.0,0.0,0.0,0.0,0.0,0.0,0.0,0.0,0.0,10.359999656677246,0.0,0.0,0.0,0.0
22.301,0.0,0.0,0.0,datactrl_ref_vx_fallback,datactrl_est_vx_fallback,-8.199999809265137,states_theta,12.791000366210938,0.14194647368788718,0.08229720898621298,0.18902178734334302,0.18950214249102282,0.19375958802072563,0.1847643418136402,0.20361353645476832,0.17491039337959752,0.0,0.0,0.0,0.0,0.0,0.0,0.0,0.0,0.0,0.0,0.0,8.199999809265137,0.0,0.0,0.0,0.0
22.582,0.0,0.0,0.0,datactrl_ref_vx_fallback,datactrl_est_vx_fallback,-5.349999904632568,states_theta,15.087686538696289,0.14944647547602655,0.08636411271564355,0.1949586454350752,0.20356528916766223,0.2026467529124956,0.19587718169024185,0.19415649980910868,0.20436743479362876,0.0,0.0,0.0,0.0,0.0,0.0,0.0,0.0,0.0,0.0,0.0,5.349999904632568,0.0,0.0,0.0,0.0
22.855,0.0,0.0,0.0,datactrl_ref_vx_fallback,datactrl_est_vx_fallback,-2.4099998474121094,states_theta,14.129608154296875,0.15694646832346915,0.09113206776067101,0.2017401415955538,0.21678377393369724,0.21105583418815752,0.20746808134109354,0.191443591940988,0.22708032358826305,0.0,0.0,0.0,0.0,0.0,0.0,0.0,0.0,0.0,0.0,0.0,2.4099998474121094,0.0,0.0,0.0,0.0
23.125,0.0,0.0,0.0,datactrl_ref_vx_fallback,datactrl_est_vx_fallback,0.019999999552965164,states_theta,10.84050178527832,0.16444646117091177,0.09572380268525564,0.21020339170281896,0.22832050475294577,0.21926092186876664,0.2192629745869981,0.19660633746107856,0.24191755899468617,0.0,0.0,0.0,0.0,0.0,0.0,0.0,0.0,0.0,0.0,0.0,-0.019999999552965164,0.0,0.0,0.0,0.0
23.4,0.0,0.0,0.0,datactrl_ref_vx_fallback,datactrl_est_vx_fallback,1.5699999332427979,states_theta,6.431126117706299,0.1719464540183544,0.09988173397899787,0.22084454961038266,0.23767932777189574,0.2274396617365109,0.2310842156457675,0.20900132174460426,0.24952255563767414,0.0,0.0,0.0,0.0,0.0,0.0,0.0,0.0,0.0,0.0,0.0,-1.5699999332427979,0.0,0.0,0.0,0.0
23.624,0.0,0.0,0.0,datactrl_ref_vx_fallback,datactrl_est_vx_fallback,2.2899999618530273,states_theta,1.8169348239898682,0.17944644686579703,0.10386992622921865,0.23339499796469984,0.24512886034409223,0.23606396344345154,0.24245989486534053,0.22597677292016738,0.2525470853886247,0.0,0.0,0.0,0.0,0.0,0.0,0.0,0.0,0.0,0.0,0.0,-2.049999952316284,0.0,0.0,0.0,0.0
23.676,0.0,0.0,0.0,datactrl_ref_vx_fallback,datactrl_est_vx_fallback,2.2899999618530273,states_theta,1.8169348239898682,0.17944644686579703,0.10386992622921865,0.23339499796469984,0.24512886034409223,0.23606396344345154,0.24245989486534053,0.22597677292016738,0.2525470853886247,0.0,0.0,0.0,0.0,0.0,0.0,0.0,0.0,0.0,0.0,0.0,-2.2899999618530273,0.0,0.0,0.0,0.0
23.94,0.0,0.0,0.0,datactrl_ref_vx_fallback,datactrl_est_vx_fallback,2.200000047683716,states_theta,-1.779850959777832,0.18694643971323965,0.10798470606044333,0.24679339969981096,0.2517304395354948,0.24597398601722217,0.25254985321808354,0.24404134059920776,0.25448249863609795,0.0,0.0,0.0,0.0,0.0,0.0,0.0,0.0,0.0,0.0,0.0,-2.200000047683716,0.0,0.0,0.0,0.0
24.216,0.0,0.0,0.0,datactrl_ref_vx_fallback,datactrl_est_vx_fallback,1.5799999237060547,states_theta,-3.694988250732422,0.19444643256068228,0.11227006527891085,0.25969996006016166,0.25882386010165775,0.2571462370169238,0.2613775831448956,0.26028599822377013,0.2582378219380493,0.0,0.0,0.0,0.0,0.0,0.0,0.0,0.0,0.0,0.0,0.0,-1.5799999237060547,0.0,0.0,0.0,0.0
24.5,0.0,0.0,0.0,datactrl_ref_vx_fallback,datactrl_est_vx_fallback,0.8299999833106995,states_theta,-3.92679500579834,0.2019464254081249,0.11661553571178718,0.27140112937962435,0.26712267170870874,0.26886902489858827,0.2696547761897448,0.2732019148350831,0.26532188625325,0.0,0.0,0.0,0.0,0.0,0.0,0.0,0.0,0.0,0.0,0.0,-0.8299999833106995,0.0,0.0,0.0,0.0
24.788,0.0,0.0,0.0,datactrl_ref_vx_fallback,datactrl_est_vx_fallback,0.14999999105930328,states_theta,-2.8981435298919678,0.20944641825556753,0.12094900627524877,0.28189123343338784,0.2766325485814589,0.28044985365038877,0.278073928364458,0.28325199780613086,0.2752717842087159,0.0,0.0,0.0,0.0,0.0,0.0,0.0,0.0,0.0,0.0,0.0,-0.14999999105930328,0.0,0.0,0.0,0.0
25.062,0.0,0.0,0.0,datactrl_ref_vx_fallback,datactrl_est_vx_fallback,-0.22999998927116394,states_theta,-1.3588961362838745,0.21694641110301016,0.12526790409183547,0.29159591193453743,0.286927851006823,0.2911134386717784,0.287410324269582,0.29149530171810956,0.2870284612232509,0.0,0.0,0.0,0.0,0.0,0.0,0.0,0.0,0.0,0.0,0.0,0.22999998927116394,0.0,0.0,0.0,0.0
25.331,0.0,0.0,0.0,datactrl_ref_vx_fallback,datactrl_est_vx_fallback,-0.3400000035762787,states_theta,-0.12077893316745758,0.2244464039504528,0.12959005648918204,0.30088664508943835,0.29763709877843575,0.30109392804799734,0.29742981581987676,0.29955109678164343,0.29897264708623067,0.0,0.0,0.0,0.0,0.0,0.0,0.0,0.0,0.0,0.0,0.0,0.3400000035762787,0.0,0.0,0.0,0.0
25.602,0.0,0.0,0.0,datactrl_ref_vx_fallback,datactrl_est_vx_fallback,-0.26999998092651367,states_theta,0.5717164278030396,0.23194639679789542,0.13391754716420745,0.3101372744859512,0.3083864503084366,0.3105607071975092,0.30796301759687855,0.3082569943785978,0.31026673041578995,0.0,0.0,0.0,0.0,0.0,0.0,0.0,0.0,0.0,0.0,0.0,0.26999998092651367,0.0,0.0,0.0,0.0
25.906,0.0,0.0,0.0,datactrl_ref_vx_fallback,datactrl_est_vx_fallback,-0.12999999523162842,states_theta,0.6736724376678467,0.23944638964533804,0.13824679162162984,0.31962705937322033,0.3188966463476811,0.3199707080761159,0.31855299764478556,0.31785910403490586,0.3206646016859956,0.0,0.0,0.0,0.0,0.0,0.0,0.0,0.0,0.0,0.0,0.0,0.12999999523162842,0.0,0.0,0.0,0.0
26.115,0.0,0.0,0.0,datactrl_ref_vx_fallback,datactrl_est_vx_fallback,-0.07000000029802322,states_theta,0.5550706386566162,0.24694638249278067,0.14257541783347874,0.3294042344901422,0.3291194521572729,0.3295359076385379,0.3289877790088772,0.3283223789140901,0.330201307733325,0.0,0.0,0.0,0.0,0.0,0.0,0.0,0.0,0.0,0.0,0.0,0.07000000029802322,0.0,0.0,0.0,0.0
26.168,0.0,0.0,0.0,datactrl_ref_vx_fallback,datactrl_est_vx_fallback,-0.029999999329447746,states_theta,0.39329686760902405,0.24694638249278067,0.14257541783347874,0.3294042344901422,0.3291194521572729,0.3295359076385379,0.3289877790088772,0.3283223789140901,0.330201307733325,0.0,0.0,0.0,0.0,0.0,0.0,0.0,0.0,0.0,0.0,0.0,0.029999999329447746,0.0,0.0,0.0,0.0
26.453,0.0,0.0,0.0,datactrl_ref_vx_fallback,datactrl_est_vx_fallback,0.009999999776482582,states_theta,0.10895968228578568,0.2544463753402233,0.14690481534988442,0.33944569138012093,0.33907797619380786,0.33931068391876074,0.33921298365516805,0.3389168647822214,0.3396068027917074,0.0,0.0,0.0,0.0,0.0,0.0,0.0,0.0,0.0,0.0,0.0,-0.009999999776482582,0.0,0.0,0.0,0.0
26.713,0.0,0.0,0.0,datactrl_ref_vx_fallback,datactrl_est_vx_fallback,0.009999999776482582,states_theta,-0.013104724697768688,0.26569636461138724,0.15339991078756124,0.35448136086552523,0.35404227809817407,0.35428456617187465,0.35423907279182465,0.354196660039348,0.3543269789243513,0.0,0.0,0.0,0.0,0.0,0.0,0.0,0.0,0.0,0.0,0.0,-0.009999999776482582,0.0,0.0,0.0,0.0
26.991,0.0,0.0,0.0,datactrl_ref_vx_fallback,datactrl_est_vx_fallback,0.009999999776482582,states_theta,-0.013004805892705917,0.27319635745882986,0.15773003863363516,0.3645052676114952,0.36401835227871776,0.3642567973157039,0.3642668225745091,0.36422420214372814,0.36429941774648483,0.0,0.0,0.0,0.0,0.0,0.0,0.0,0.0,0.0,0.0,0.0,-0.009999999776482582,0.0,0.0,0.0,0.0
27.284,0.0,0.0,0.0,datactrl_ref_vx_fallback,datactrl_est_vx_fallback,0.0,datactrl_est_theta_fallback,-0.013004817999899387,0.2806963503062725,0.1620601357195458,0.37441710664452127,0.3741064941722054,0.37431679342243923,0.3742068073942874,0.3742196126182457,0.37430398819848093,0.0,0.0,0.0,0.0,0.0,0.0,0.0,0.0,0.0,0.0,0.0,0.0,0.0,0.0,0.0,0.0
27.498,0.0,0.0,0.0,datactrl_ref_vx_fallback,datactrl_est_vx_fallback,0.0,datactrl_est_theta_fallback,-0.013004817999899387,0.2881963431537151,0.1663902575710579,0.38441340525114837,0.38411017649209195,0.38431941089500815,0.38420417084823216,0.38421697607219046,0.38430660567104985,0.0,0.0,0.0,0.0,0.0,0.0,0.0,0.0,0.0,0.0,0.0,0.0,0.0,0.0,0.0,0.0
27.552,0.0,0.0,0.0,datactrl_ref_vx_fallback,datactrl_est_vx_fallback,0.0,datactrl_est_theta_fallback,-0.013004817999899387,0.2881963431537151,0.1663902575710579,0.38441340525114837,0.38411017649209195,0.38431941089500815,0.38420417084823216,0.38421697607219046,0.38430660567104985,0.0,0.0,0.0,0.0,0.0,0.0,0.0,0.0,0.0,0.0,0.0,0.0,0.0,0.0,0.0,0.0
27.824,0.0,0.0,0.0,datactrl_ref_vx_fallback,datactrl_est_vx_fallback,0.0,datactrl_est_theta_fallback,-0.013004817999899387,0.29569633600115774,0.1707203799209615,0.3944133960848679,0.39411016658488607,0.39431940112012676,0.39420416154962723,0.39421696677358553,0.39430659589616845,0.0,0.0,0.0,0.0,0.0,0.0,0.0,0.0,0.0,0.0,0.0,0.0,0.0,0.0,0.0,0.0
28.116,0.0,0.0,0.0,datactrl_ref_vx_fallback,datactrl_est_vx_fallback,0.0,datactrl_est_theta_fallback,-0.013004817999899387,0.30319634672999385,0.17505051262133584,0.4044134103899827,0.40411018089000084,0.4043194154252415,0.404204175854742,0.4042169810787003,0.4043066102012832,0.0,0.0,0.0,0.0,0.0,0.0,0.0,0.0,0.0,0.0,0.0,0.0,0.0,0.0,0.0,0.0
28.424,0.0,0.0,0.0,datactrl_ref_vx_fallback,datactrl_est_vx_fallback,0.0,datactrl_est_theta_fallback,-0.013004817999899387,0.3106963753402233,0.17938065567029576,0.41441344853695533,0.4141102190369735,0.41431945357221417,0.41420421400171464,0.41421701922567294,0.41430664834825587,0.0,0.0,0.0,0.0,0.0,0.0,0.0,0.0,0.0,0.0,0.0,0.0,0.0,0.0,0.0,0.0
28.718,0.0,0.0,0.0,datactrl_ref_vx_fallback,datactrl_est_vx_fallback,0.0,datactrl_est_theta_fallback,-0.013004817999899387,0.3181964039504528,0.1837107987422645,0.424413486683928,0.4241102571839461,0.4243194917191868,0.4242042521486873,0.4242170573726456,0.4243066864952285,0.0,0.0,0.0,0.0,0.0,0.0,0.0,0.0,0.0,0.0,0.0,0.0,0.0,0.0,0.0,0.0
29.007,0.0,0.0,0.0,datactrl_ref_vx_fallback,datactrl_est_vx_fallback,0.0,datactrl_est_theta_fallback,-0.013004817999899387,0.32569643256068226,0.18804094183565254,0.4344135248309006,0.43411029533091877,0.43431952986615946,0.43420429029565993,0.43421709551961823,0.43430672464220116,0.0,0.0,0.0,0.0,0.0,0.0,0.0,0.0,0.0,0.0,0.0,0.0,0.0,0.0,0.0,0.0
29.299,0.0,0.0,0.0,datactrl_ref_vx_fallback,datactrl_est_vx_fallback,-0.009999999776482582,states_theta,-0.013004817999899387,0.33319646117091173,0.19237108640826192,0.44441356297787327,0.4441103334778914,0.44434728082739533,0.44417661562836935,0.4442448464808541,0.4442790499749106,0.0,0.0,0.0,0.0,0.0,0.0,0.0,0.0,0.0,0.0,0.0,0.009999999776482582,0.0,0.0,0.0,0.0
29.598,0.0,0.0,0.0,datactrl_ref_vx_fallback,datactrl_est_vx_fallback,-0.009999999776482582,states_theta,-0.013004817999899387,0.3406964897811413,0.19670122153123556,0.4543835718275235,0.4541404009221866,0.45431728967704554,0.45420668307266454,0.4542749139251493,0.4542490588245608,0.0,0.0,0.0,0.0,0.0,0.0,0.0,0.0,0.0,0.0,0.0,0.009999999776482582,0.0,0.0,0.0,0.0
29.863,0.0,0.0,0.0,datactrl_ref_vx_fallback,datactrl_est_vx_fallback,-0.009999999776482582,states_theta,-0.013004817999899387,0.3481965183913708,0.20103136482177894,0.4643836099744961,0.46414043906915925,0.4643173278240182,0.4642067212196372,0.46427495207212194,0.46424909697153344,0.0,0.0,0.0,0.0,0.0,0.0,0.0,0.0,0.0,0.0,0.0,0.009999999776482582,0.0,0.0,0.0,0.0
30.14,0.0,0.0,0.0,datactrl_ref_vx_fallback,datactrl_est_vx_fallback,-0.009999999776482582,states_theta,-0.013004817999899387,0.35569654700160025,0.20536150812271753,0.47438364812146877,0.4741404772161319,0.47431736597099083,0.47420675936660983,0.4742749902190946,0.4742491351185061,0.0,0.0,0.0,0.0,0.0,0.0,0.0,0.0,0.0,0.0,0.0,0.009999999776482582,0.0,0.0,0.0,0.0
30.45,0.0,0.0,0.0,datactrl_ref_vx_fallback,datactrl_est_vx_fallback,-0.019999999552965164,states_theta,-0.013004817999899387,0.3631965756118297,0.20969165460338218,0.4843836862684414,0.48414051536310454,0.48434511693222665,0.4841790846993193,0.4843027411803304,0.48422146045121556,0.0,0.0,0.0,0.0,0.0,0.0,0.0,0.0,0.0,0.0,0.0,0.019999999552965164,0.0,0.0,0.0,0.0
30.747,0.0,0.0,0.0,datactrl_ref_vx_fallback,datactrl_est_vx_fallback,-0.019999999552965164,states_theta,-0.013004817999899387,0.3706966042220592,0.2140217978590957,0.49438372441541406,0.4941405535100772,0.4943451550791993,0.49417912284629195,0.49430277932730304,0.4942214985981882,0.0,0.0,0.0,0.0,0.0,0.0,0.0,0.0,0.0,0.0,0.0,0.019999999552965164,0.0,0.0,0.0,0.0
31.026,0.0,0.0,0.0,datactrl_ref_vx_fallback,datactrl_est_vx_fallback,-0.019999999552965164,states_theta,-0.013004817999899387,0.37819663283228877,0.21835194112596742,0.5043837625623867,0.5041405916570499,0.504345193226172,0.5041791609932647,0.5043028174742759,0.5042215367451608,0.0,0.0,0.0,0.0,0.0,0.0,0.0,0.0,0.0,0.0,0.0,0.019999999552965164,0.0,0.0,0.0,0.0
31.324,0.0,0.0,0.0,datactrl_ref_vx_fallback,datactrl_est_vx_fallback,-0.029999999329447746,states_theta,-0.013004817999899387,0.3856966614425182,0.2226820891128285,0.5143838007093593,0.5141406298040225,0.5143729441874078,0.5141514863259741,0.5143305684355116,0.5141938620778702,0.0,0.0,0.0,0.0,0.0,0.0,0.0,0.0,0.0,0.0,0.0,0.029999999329447746,0.0,0.0,0.0,0.0
31.617,0.0,0.0,0.0,datactrl_ref_vx_fallback,datactrl_est_vx_fallback,-0.029999999329447746,states_theta,-0.013004817999899387,0.3931966900527477,0.22701223155294503,0.5243598388551697,0.5241646679521575,0.5244006951486437,0.5241238116586835,0.524302893768221,0.5242216130391062,0.0,0.0,0.0,0.0,0.0,0.0,0.0,0.0,0.0,0.0,0.0,0.029999999329447746,0.0,0.0,0.0,0.0
31.933,0.0,0.0,0.0,datactrl_ref_vx_fallback,datactrl_est_vx_fallback,-0.029999999329447746,states_theta,-0.013004817999899387,0.40069671866297724,0.23134237477728717,0.5343598770021424,0.5341647060991302,0.5344007332956164,0.5341238498056562,0.5343029319151937,0.5342216511860789,0.0,0.0,0.0,0.0,0.0,0.0,0.0,0.0,0.0,0.0,0.0,0.029999999329447746,0.0,0.0,0.0,0.0
32.218,7.138538876461098e-06,3.569269438230549e-06,3.569269438230549e-06,datactrl_ref_vx_fallback,datactrl_est_vx_fallback,-0.029999999329447746,states_theta,-0.013004817999899387,0.40819674727320665,0.2356725138248778,0.5443421541749947,0.5441825052202232,0.5443565558632134,0.5441681035320044,0.5443471455562484,0.5441775138389694,0.0,0.0,0.0,3.569269438230549e-06,3.569269438230549e-06,0.0,0.0,0.0,0.0,0.0,-7.232266852952307e-06,0.029992766678333282,0.0,0.0,0.0,0.0
32.505,7.138538876461098e-06,3.569269438230549e-06,3.569269438230549e-06,datactrl_ref_vx_fallback,datactrl_est_vx_fallback,-0.03999999910593033,states_theta,-0.013004817999899387,0.41569677588343623,0.24000266306507423,0.5543414755903384,0.5541832600988248,0.554385134434847,0.5541396012543162,0.5543740689070865,0.5541506667820767,0.0,0.0,0.0,3.569269438230549e-06,3.569269438230549e-06,0.0,0.0,0.0,0.0,0.0,-7.232266852952307e-06,0.039992768317461014,0.0,0.0,0.0,0.0
32.776,7.138538876461098e-06,3.569269438230549e-06,3.569269438230549e-06,datactrl_ref_vx_fallback,datactrl_est_vx_fallback,-0.03999999910593033,states_theta,-0.013004817999899387,0.42319680449366565,0.2443328062776749,0.5643413301107673,0.5641834818723411,0.5643853846154885,0.5641394273676199,0.5643738950203903,0.5641509169627181,0.0,0.0,0.0,3.569269438230549e-06,3.569269438230549e-06,0.0,0.0,0.0,0.0,0.0,-7.232266852952307e-06,0.039992768317461014,0.0,0.0,0.0,0.0
33.065,7.138538876461098e-06,3.569269438230549e-06,3.569269438230549e-06,datactrl_ref_vx_fallback,datactrl_est_vx_fallback,-0.03999999910593033,states_theta,-0.013004817999899387,0.43069683310389517,0.24866294951376022,0.5743413682832786,0.5741835199937751,0.5743854227329718,0.574139465544082,0.5743739331968524,0.5741509550802014,0.0,0.0,0.0,3.569269438230549e-06,3.569269438230549e-06,0.0,0.0,0.0,0.0,0.0,-7.232266852952307e-06,0.039992768317461014,0.0,0.0,0.0,0.0
33.354,-0.016655182000249624,0.009999999776482582,-0.026655181776732206,datactrl_ref_vx_fallback,states_vx_gs,-0.03999999910593033,states_theta,-0.013004817999899387,0.43444684740900996,0.25082804421658,0.5793414096861565,0.5791835167378699,0.5794602749634552,0.5790646514605713,0.5794488369948569,0.5790760894291695,0.0,0.0,0.0,-0.0033275908790528774,-0.013327591121196747,0.0,0.0,0.0,0.0,0.0,0.027005160227417946,0.06700515747070312,0.0,0.0,0.0,0.0
33.636,-0.016655182000249624,0.009999999776482582,-0.026655181776732206,datactrl_ref_vx_fallback,states_vx_gs,-0.029999999329447746,states_theta,0.12466765940189362,0.4208009409382708,0.24294953855651008,0.5611102577466169,0.5610255847554386,0.5611142364583855,0.56102160604367,0.5610649054215672,0.5610709370804884,0.0,0.0,0.0,-0.0033275908790528774,-0.013327591121196747,0.0,0.0,0.0,0.0,0.0,0.02707195281982422,0.057071954011917114,0.0,0.0,0.0,0.0
33.915,-0.016655182000249624,0.009999999776482582,-0.026655181776732206,datactrl_ref_vx_fallback,states_vx_gs,0.028407836332917213,datactrl_est_theta_fallback,0.07435569912195206,0.4062015954877779,0.23452061152844406,0.5415810654645397,0.5416231891695347,0.541498159466206,0.5417060951678683,0.5416992768447979,0.5415049777892764,0.0,0.0,0.0,-0.0033275908790528774,-0.013327591121196747,0.0,0.0,0.0,0.0,0.0,0.028407836332917213,0.028407836332917213,0.0,0.0,0.0,0.0
34.199,-0.016654287930577993,0.009999999776482582,-0.026654287707060575,datactrl_ref_vx_fallback,states_vx_gs,0.029742790386080742,datactrl_est_theta_fallback,0.03951951861381531,0.39444408446465745,0.22773240597691147,0.5259163299722849,0.5259345619334683,0.5258896739217795,0.5259612179839737,0.5260374273926436,0.5258134645131096,0.0,0.0,0.0,-0.003327143844217062,-0.013327144086360931,0.0,0.0,0.0,0.0,0.0,0.029742790386080742,0.029742790386080742,0.0,0.0,0.0,0.0
34.513,-0.016654287930577993,0.009999999776482582,-0.026654287707060575,datactrl_ref_vx_fallback,states_vx_gs,0.019999999552965164,states_theta,0.11860015243291855,0.38709931580744955,0.22349190437724806,0.5161170458168786,0.5161477963363202,0.516041598835839,0.5162232433173598,0.5160337356986001,0.5162311064545987,0.0,0.0,0.0,-0.003327143844217062,-0.013327144086360931,0.0,0.0,0.0,0.0,0.0,0.031078629195690155,0.01107862964272499,0.0,0.0,0.0,0.0
34.809,-0.02330678841099143,0.009999999776482582,-0.03330678818747401,datactrl_ref_vx_fallback,states_vx_gs,0.029999999329447746,states_theta,-0.01965373568236828,0.3840048038059095,0.22170527995747324,0.5119976637671624,0.5120151463819296,0.512023604209672,0.51198920593942,0.5120781256824998,0.5119346844665922,0.0,0.0,0.0,-0.0066533940844237804,-0.01665339432656765,0.0,0.0,0.0,0.0,0.0,0.03933773189783096,0.009337733499705791,0.0,0.0,0.0,0.0
35.083,-0.02330678841099143,0.009999999776482582,-0.03330678818747401,datactrl_ref_vx_fallback,states_vx_gs,0.03999999910593033,states_theta,0.06300612539052963,0.3836454013039142,0.22149778543708257,0.5115979742017677,0.5114564292753369,0.5114184491499317,0.5116359543271728,0.5115074683853814,0.5115469350917231,0.0,0.0,0.0,-0.0066533940844237804,-0.01665339432656765,0.0,0.0,0.0,0.0,0.0,0.04100697487592697,0.0010069770505651832,0.0,0.0,0.0,0.0
35.347,-0.013308576308190823,-0.006654288154095411,-0.006654288154095411,datactrl_ref_vx_fallback,datactrl_est_vx_fallback,0.04999999701976776,states_theta,-0.03224227577447891,0.3848728236766221,0.2222064338606271,0.5131855271179278,0.513142002686398,0.5131683293371204,0.5131592004672053,0.5130673523551951,0.5132601774491307,0.0,0.0,0.0,-0.006654288154095411,-0.006654288154095411,0.0,0.0,0.0,0.0,0.0,0.022114736959338188,-0.027885260060429573,0.0,0.0,0.0,0.0
35.632,-0.013308576308190823,-0.006654288154095411,-0.006654288154095411,datactrl_ref_vx_fallback,datactrl_est_vx_fallback,0.029999999329447746,states_theta,-0.09521745145320892,0.3872657494482717,0.22358799989444303,0.5163148093287299,0.5163938558666613,0.5165142220875147,0.5161944431078764,0.516346199741504,0.5163624654538872,0.0,0.0,0.0,-0.006654288154095411,-0.006654288154095411,0.0,0.0,0.0,0.0,0.0,0.022781725972890854,-0.00721827382221818,0.0,0.0,0.0,0.0
35.916,-0.013308576308190823,-0.006654288154095411,-0.006654288154095411,datactrl_ref_vx_fallback,datactrl_est_vx_fallback,0.019999999552965164,states_theta,-0.00637087132781744,0.38954544130621127,0.22490417451892347,0.5194291478865856,0.5193586955966445,0.5193210102088538,0.5194668332743763,0.5194931718268817,0.5192946716563484,0.0,0.0,0.0,-0.006654288154095411,-0.006654288154095411,0.0,0.0,0.0,0.0,0.0,0.02344871498644352,0.0034487147349864244,0.0,0.0,0.0,0.0
36.185,-0.01996910199522972,-0.00998455099761486,-0.00998455099761486,datactrl_ref_vx_fallback,datactrl_est_vx_fallback,0.029999999329447746,states_theta,0.04748665913939476,0.39166408384343665,0.2261274117768617,0.5221654334008328,0.5222721235149983,0.5223674147795639,0.5220701421362671,0.5219716780731477,0.5224658788426834,0.0,0.0,0.0,-0.00998455099761486,-0.00998455099761486,0.0,0.0,0.0,0.0,0.0,0.03104727528989315,0.0010472750291228294,0.0,0.0,0.0,0.0
36.476,-0.019962862133979797,-0.009981431066989899,-0.009981431066989899,datactrl_ref_vx_fallback,datactrl_est_vx_fallback,0.029999999329447746,states_theta,-0.009245066903531551,0.39033455892697055,0.225359766843944,0.5204050358928006,0.5204871212457874,0.5204060917620895,0.5204860653764986,0.5205111997203403,0.5203809574182477,0.0,0.0,0.0,-0.009981431066989899,-0.009981431066989899,0.0,0.0,0.0,0.0,0.0,0.032041776925325394,0.002041778527200222,0.0,0.0,0.0,0.0
36.777,-0.019960179924964905,-0.009980089962482452,-0.009980089962482452,datactrl_ref_vx_fallback,datactrl_est_vx_fallback,0.029999999329447746,states_theta,0.008985692635178566,0.389579562715673,0.22492386588418065,0.5194336348599726,0.5194451990484887,0.5194560096093969,0.5194228242990645,0.5194158781067165,0.5194629558017448,0.0,0.0,0.0,-0.009980089962482452,-0.009980089962482452,0.0,0.0,0.0,0.0,0.0,0.03303946927189827,0.0030394704081118107,0.0,0.0,0.0,0.0
37.057,-0.019960179924964905,-0.009980089962482452,-0.009980089962482452,datactrl_ref_vx_fallback,datactrl_est_vx_fallback,0.029999999329447746,states_theta,0.009003331884741783,0.38938814142118094,0.2248133502348308,0.5191808400162149,0.5191875371069342,0.5192256430609093,0.5191427340622398,0.5191416880786012,0.5192266890445479,0.0,0.0,0.0,-0.009980089962482452,-0.009980089962482452,0.0,0.0,0.0,0.0,0.0,0.03403981775045395,0.004039819352328777,0.0,0.0,0.0,0.0
37.334,-0.019960179924964905,-0.009980089962482452,-0.009980089962482452,datactrl_ref_vx_fallback,datactrl_est_vx_fallback,0.029999999329447746,states_theta,0.009003336541354656,0.3885634335552032,0.22433720517878245,0.5180604473859008,0.5181087087613075,0.5181283719613877,0.5180407841858207,0.5180460912512949,0.5181230648959135,0.0,0.0,0.0,-0.009980089962482452,-0.009980089962482452,0.0,0.0,0.0,0.0,0.0,0.035090185701847076,0.0050901854410767555,0.0,0.0,0.0,0.0
37.62,-0.019960179924964905,-0.009980089962482452,-0.009980089962482452,datactrl_ref_vx_fallback,datactrl_est_vx_fallback,0.03999999910593033,states_theta,0.009003336541354656,0.3844455340206119,0.22195973358462895,0.5126004565944625,0.5125876341271692,0.5125518327245677,0.512636257997064,0.5125919710749869,0.5125961196466449,0.0,0.0,0.0,-0.009980089962482452,-0.009980089962482452,0.0,0.0,0.0,0.0,0.0,0.036090534180402756,-0.00390946539118886,0.0,0.0,0.0,0.0
37.939,-0.019960179924964905,-0.009980089962482452,-0.009980089962482452,datactrl_ref_vx_fallback,datactrl_est_vx_fallback,0.029999999329447746,states_theta,-0.009028785862028599,0.38205136855946775,0.22057746833601044,0.5093778496852385,0.5094257998066755,0.5095057060813803,0.5092979434105336,0.5093518940301194,0.5094517554617946,0.0,0.0,0.0,-0.009980089962482452,-0.009980089962482452,0.0,0.0,0.0,0.0,0.0,0.037090882658958435,0.007090883329510689,0.0,0.0,0.0,0.0
38.213,-0.019960179924964905,-0.009980089962482452,-0.009980089962482452,datactrl_ref_vx_fallback,datactrl_est_vx_fallback,0.03999999910593033,states_theta,0.00908585637807846,0.38074315630299777,0.219822170417605,0.5076888262535119,0.5076262572211488,0.5075698843606724,0.5077451991139883,0.5077123486495785,0.5076027348250822,0.0,0.0,0.0,-0.009980089962482452,-0.009980089962482452,0.0,0.0,0.0,0.0,0.0,0.038091231137514114,-0.0019087678520008922,0.0,0.0,0.0,0.0
38.487,-0.019960179924964905,-0.009980089962482452,-0.009980089962482452,datactrl_ref_vx_fallback,datactrl_est_vx_fallback,0.03999999910593033,states_theta,0.009003323502838612,0.38044856654315984,0.21965208360396452,0.5072681060871799,0.5072614046945797,0.5072819022341143,0.5072476085476453,0.5072203179760763,0.5073091928056833,0.0,0.0,0.0,-0.009980089962482452,-0.009980089962482452,0.0,0.0,0.0,0.0,0.0,0.039091579616069794,-0.0009084190241992474,0.0,0.0,0.0,0.0
38.776,-0.019960179924964905,-0.009980089962482452,-0.009980089962482452,datactrl_ref_vx_fallback,datactrl_est_vx_fallback,0.03999999910593033,states_theta,-0.008907953277230263,0.380393261072809,0.21962015766045553,0.5072070148147864,0.5071750147127044,0.5072699203321629,0.5071121091953279,0.5071275457583257,0.507254483769165,0.0,0.0,0.0,-0.009980089962482452,-0.009980089962482452,0.0,0.0,0.0,0.0,0.0,0.04009192809462547,9.192977449856699e-05,0.0,0.0,0.0,0.0
39.074,-0.019960179924964905,-0.009980089962482452,-0.009980089962482452,datactrl_ref_vx_fallback,datactrl_est_vx_fallback,0.03999999910593033,states_theta,-0.009003346785902977,0.3797926060040485,0.21927338533073398,0.5064104315566401,0.5063698511208227,0.5062629482141193,0.5065173344633435,0.5065385799558323,0.5062417027216305,0.0,0.0,0.0,-0.009980089962482452,-0.009980089962482452,0.0,0.0,0.0,0.0,0.0,0.041092343628406525,0.0010923458030447364,0.0,0.0,0.0,0.0
39.348,-0.019960179924964905,-0.009980089962482452,-0.009980089962482452,datactrl_ref_vx_fallback,datactrl_est_vx_fallback,0.029999999329447746,states_theta,-0.0010523071978241205,0.38079861157394634,0.21985418714438815,0.5077480542523195,0.5077149099448707,0.5076997793766859,0.5077631848205043,0.507829993279309,0.5076329709178812,0.0,0.0,0.0,-0.009980089962482452,-0.009980089962482452,0.0,0.0,0.0,0.0,0.0,0.042092692106962204,0.012092694640159607,0.0,0.0,0.0,0.0
39.619,-0.01329786516726017,-0.006648932583630085,-0.006648932583630085,datactrl_ref_vx_fallback,datactrl_est_vx_fallback,0.03999999910593033,states_theta,0.046034395694732666,0.38148309524398694,0.22024937336055248,0.5086263642561994,0.5086618897277657,0.5086212702540767,0.5086669837298885,0.5085488256706654,0.5087394283132998,0.0,0.0,0.0,-0.006648932583630085,-0.006648932583630085,0.0,0.0,0.0,0.0,0.0,0.036309864372015,-0.003690136130899191,0.0,0.0,0.0,0.0
39.911,-0.003297865390777588,-0.009999999776482582,0.006702134385704994,datactrl_ref_vx_fallback,states_vx_gs,0.04999999701976776,states_theta,-0.01052598375827074,0.38227235201460086,0.2207050540444633,0.5096638796268643,0.5097290590787379,0.5096195518336455,0.5097733868719567,0.5096048634047696,0.5097880753008326,0.0,0.0,0.0,-0.006648932583630085,0.003351067192852497,0.0,0.0,0.0,0.0,0.0,0.01636289805173874,-0.03363709896802902,0.0,0.0,0.0,0.0
40.198,-0.003297865390777588,-0.009999999776482582,0.006702134385704994,datactrl_ref_vx_fallback,states_vx_gs,0.029999999329447746,states_theta,-0.12210296839475632,0.38323659073787725,0.22126175792480435,0.5110003917985158,0.5109638501691569,0.5110413172377385,0.5109229247299342,0.5110928820996544,0.5108713598680182,0.0,0.0,0.0,-0.006648932583630085,0.003351067192852497,0.0,0.0,0.0,0.0,0.0,0.01602700538933277,-0.0139729930087924,0.0,0.0,0.0,0.0
40.476,-0.003306788392364979,-0.009999999776482582,0.006693211384117603,datactrl_ref_vx_fallback,states_vx_gs,0.019999999552965164,states_theta,0.03780040144920349,0.38376162940106034,0.22156489083701633,0.5116314227154692,0.511732922354025,0.5117002470639929,0.5116640980055014,0.5115547486984873,0.511809596371007,0.0,0.0,0.0,-0.0066533940844237804,0.0033466056920588017,0.0,0.0,0.0,0.0,0.0,0.01570042222738266,-0.004299577325582504,0.0,0.0,0.0,0.0
40.758,-0.003306788392364979,-0.009999999776482582,0.006693211384117603,datactrl_ref_vx_fallback,states_vx_gs,0.019999999552965164,states_theta,-0.05243673920631409,0.3841389718091861,0.2217827421394083,0.5121441338348441,0.5122264576563188,0.512196867257585,0.512173724233578,0.51224957487696,0.512121016614203,0.0,0.0,0.0,-0.0066533940844237804,0.0033466056920588017,0.0,0.0,0.0,0.0,0.0,0.015364976599812508,-0.004635022487491369,0.0,0.0,0.0,0.0
40.978,-0.003306788392364979,-0.009999999776482582,0.006693211384117603,datactrl_ref_vx_fallback,states_vx_gs,0.009999999776482582,states_theta,-0.07648025453090668,0.38486310427544457,0.22220082676008243,0.513109599722915,0.5131920116782706,0.5131676524034693,0.5131339589977163,0.5132758110485637,0.5130258003526219,0.0,0.0,0.0,-0.0066533940844237804,0.0033466056920588017,0.0,0.0,0.0,0.0,0.0,0.015197254717350006,0.005197254475206137,0.0,0.0,0.0,0.0
41.029,0.00335552915930748,-0.009999999776482582,0.013355528935790062,datactrl_ref_vx_fallback,states_vx_gs,0.009999999776482582,states_theta,-0.07648025453090668,0.38486310427544457,0.22220082676008243,0.513109599722915,0.5131920116782706,0.5131676524034693,0.5131339589977163,0.5132758110485637,0.5130258003526219,0.0,0.0,0.0,-0.003322235308587551,0.006677764467895031,0.0,0.0,0.0,0.0,0.0,0.008246349170804024,-0.0017536502564325929,0.0,0.0,0.0,0.0
41.237,0.00335552915930748,-0.009999999776482582,0.013355528935790062,datactrl_ref_vx_fallback,states_vx_gs,0.007911678403615952,datactrl_est_theta_fallback,0.004680512938648462,0.38534158038822725,0.22247707619221402,0.5137552829681931,0.5138222647337463,0.513728851613137,0.5138486960888023,0.5136666658298216,0.5139108818721178,0.0,0.0,0.0,-0.003322235308587551,0.006677764467895031,0.0,0.0,0.0,0.0,0.0,0.007911678403615952,0.007911678403615952,0.0,0.0,0.0,0.0
41.29,0.00335552915930748,-0.009999999776482582,0.013355528935790062,datactrl_ref_vx_fallback,states_vx_gs,0.009999999776482582,states_theta,0.07777140289545059,0.38534158038822725,0.22247707619221402,0.5137552829681931,0.5138222647337463,0.513728851613137,0.5138486960888023,0.5136666658298216,0.5139108818721178,0.0,0.0,0.0,-0.003322235308587551,0.006677764467895031,0.0,0.0,0.0,0.0,0.0,0.007577007636427879,-0.0024229923728853464,0.0,0.0,0.0,0.0
41.579,0.00335552915930748,-0.009999999776482582,0.013355528935790062,datactrl_ref_vx_fallback,states_vx_gs,0.019999999552965164,states_theta,0.0008668554946780205,0.38561363649675495,0.22263413938422494,0.5141594037364375,0.5141436269215757,0.5140870363537254,0.5142159943042878,0.5141335899978235,0.5141694406601897,0.0,0.0,0.0,-0.003322235308587551,0.006677764467895031,0.0,0.0,0.0,0.0,0.0,0.00690766517072916,-0.013092334382236004,0.0,0.0,0.0,0.0
41.857,0.003346606157720089,-0.009999999776482582,0.013346605934202671,datactrl_ref_vx_fallback,states_vx_gs,0.00624763173982501,datactrl_est_theta_fallback,-0.10765977203845978,0.3861080054668864,0.22291958215630425,0.5147961514267363,0.5148251964849608,0.5149926192229005,0.5146287286887966,0.5148785401828736,0.5147428077288235,0.0,0.0,0.0,-0.0033266968093812466,0.0066733029671013355,0.0,0.0,0.0,0.0,0.0,0.00624763173982501,0.00624763173982501,0.0,0.0,0.0,0.0
42.128,0.010008922204633564,-0.009999999776482582,0.020008921981116146,datactrl_ref_vx_fallback,states_vx_gs,-0.0012044442119076848,datactrl_est_theta_fallback,0.023899972438812256,0.38642173529661844,0.22310069439985084,0.5152529134752568,0.5152050473157257,0.5151921252968604,0.5152658354941221,0.5152014820540224,0.5152564787369601,0.0,0.0,0.0,4.46139301857329e-06,0.01000446081161499,0.0,0.0,0.0,0.0,0.0,-0.0012044442119076848,-0.0012044442119076848,0.0,0.0,0.0,0.0
42.424,0.010008922204633564,-0.009999999776482582,0.020008921981116146,datactrl_ref_vx_fallback,states_vx_gs,-0.002207235898822546,datactrl_est_theta_fallback,0.03369230777025223,0.38647214403984204,0.2231298022067087,0.5153382629865634,0.515254121119682,0.5152034679232246,0.5153889161830209,0.5152984626225189,0.5152939214837265,0.0,0.0,0.0,4.46139301857329e-06,0.01000446081161499,0.0,0.0,0.0,0.0,0.0,-0.002207235898822546,-0.002207235898822546,0.0,0.0,0.0,0.0
42.72,0.009999999776482582,-0.009999999776482582,0.019999999552965164,datactrl_ref_vx_fallback,states_vx_gs,0.009999999776482582,states_theta,0.01829231157898903,0.3870085110786267,0.22343947553024396,0.5160603875171952,0.5159623086924761,0.5159080859372387,0.5161146102724326,0.5159939338763786,0.5160287623332926,0.0,0.0,0.0,0.0,0.009999999776482582,0.0,0.0,0.0,0.0,0.0,-0.0032009428832679987,-0.013200942426919937,0.0,0.0,0.0,0.0
43.002,0.009999999776482582,-0.009999999776482582,0.019999999552965164,datactrl_ref_vx_fallback,states_vx_gs,-0.004203287418931723,datactrl_est_theta_fallback,-0.05845451354980469,0.3873350209851869,0.22362798155263136,0.5164395984871543,0.5164537908066774,0.5165163013577849,0.5163770879360468,0.5164648322574681,0.5164285570363636,0.0,0.0,0.0,0.0,0.009999999776482582,0.0,0.0,0.0,0.0,0.0,-0.004203287418931723,-0.004203287418931723,0.0,0.0,0.0,0.0
43.29,0.01666231662966311,-0.009999999776482582,0.026662316406145692,datactrl_ref_vx_fallback,states_vx_gs,-0.012155761942267418,datactrl_est_theta_fallback,-0.03601231798529625,0.38739530175027004,0.2236627817965016,0.516520369615324,0.5165337683853961,0.5165291852168175,0.5165249527839026,0.5165209976923835,0.5165331403083366,0.0,0.0,0.0,0.0033311585430055857,0.013331158086657524,0.0,0.0,0.0,0.0,0.0,-0.012155761942267418,-0.012155761942267418,0.0,0.0,0.0,0.0
43.58,0.01666231662966311,-0.009999999776482582,0.026662316406145692,datactrl_ref_vx_fallback,states_vx_gs,-0.009999999776482582,states_theta,-0.037011466920375824,0.3875511301281402,0.22375274993193203,0.5167270332484334,0.5167426470932738,0.5167626303291437,0.5167070500125635,0.5167518803500317,0.5167177999916754,0.0,0.0,0.0,0.0033311585430055857,0.013331158086657524,0.0,0.0,0.0,0.0,0.0,-0.013492003083229065,-0.0034920035395771265,0.0,0.0,0.0,0.0
43.9,0.016653394093737006,-0.009999999776482582,0.02665339387021959,datactrl_ref_vx_fallback,states_vx_gs,-0.009999999776482582,states_theta,0.00896962359547615,0.3878021173359476,0.22389765829820535,0.517049445353313,0.5170895342092139,0.5170560645590684,0.5170829150034585,0.5170243602797376,0.5171146192827892,0.0,0.0,0.0,0.0033266970422118902,0.013326697051525116,0.0,0.0,0.0,0.0,0.0,-0.014818936586380005,-0.0048189363442361355,0.0,0.0,0.0,0.0
44.162,0.023315710946917534,-0.009999999776482582,0.033315710723400116,datactrl_ref_vx_fallback,states_vx_gs,-0.009999999776482582,states_theta,0.017210597172379494,0.3881332552008112,0.2240888438606306,0.5174880973048847,0.5175339165639453,0.5174592039074986,0.5175628099613314,0.5174414435280348,0.5175805703407952,0.0,0.0,0.0,0.006657855585217476,0.016657855361700058,0.0,0.0,0.0,0.0,0.0,-0.022937912493944168,-0.012937912717461586,0.0,0.0,0.0,0.0
44.465,0.023315710946917534,-0.009999999776482582,0.033315710723400116,datactrl_ref_vx_fallback,states_vx_gs,-0.024607602506875992,datactrl_est_theta_fallback,0.017006278038024902,0.38816832279094826,0.22410909599578996,0.5175323860018253,0.5175831414407035,0.5174744705034998,0.517641056939029,0.5174530770702718,0.517662450372257,0.0,0.0,0.0,0.006657855585217476,0.016657855361700058,0.0,0.0,0.0,0.0,0.0,-0.024607602506875992,-0.024607602506875992,0.0,0.0,0.0,0.0
44.757,0.023315710946917534,-0.009999999776482582,0.033315710723400116,datactrl_ref_vx_fallback,states_vx_gs,-0.009999999776482582,states_theta,-0.10286720097064972,0.38856442128153196,0.22433777657619014,0.5180798507748213,0.5180919393092639,0.5181539703987619,0.5180178196853233,0.5181225648017405,0.5180492252823448,0.0,0.0,0.0,0.006657855585217476,0.016657855361700058,0.0,0.0,0.0,0.0,0.0,-0.026277294382452965,-0.016277294605970383,0.0,0.0,0.0,0.0
45.045,0.02330678841099143,-0.009999999776482582,0.03330678818747401,datactrl_ref_vx_fallback,states_vx_gs,-0.029999999329447746,states_theta,-0.09891582280397415,0.3887168633705934,0.22442580055715497,0.5182454700665087,0.5183328322550738,0.5184391519325847,0.5181391503889977,0.5183366525287142,0.5182416497928682,0.0,0.0,0.0,0.0066533940844237804,0.01665339432656765,0.0,0.0,0.0,0.0,0.0,-0.02793790027499199,0.002062099287286401,0.0,0.0,0.0,0.0
45.326,0.0299691054970026,-0.009999999776482582,0.039969105273485184,datactrl_ref_vx_fallback,states_vx_gs,-0.03999999910593033,states_theta,-0.022010348737239838,0.38855542705485285,0.22433258110204485,0.5180593555028139,0.5180884499767937,0.5180951715532217,0.5180526339263859,0.5180981225423386,0.518049682937269,0.0,0.0,0.0,0.00998455286026001,0.019984552636742592,0.0,0.0,0.0,0.0,0.0,-0.03655727580189705,0.0034427244681864977,0.0,0.0,0.0,0.0
45.536,0.0299691054970026,-0.009999999776482582,0.039969105273485184,datactrl_ref_vx_fallback,states_vx_gs,-0.03999999910593033,states_theta,-0.02280454896390438,0.38881889421726024,0.22448469453982547,0.5184329358016251,0.5184174487777355,0.5184153083787839,0.5184350762005767,0.5184718019165679,0.5183785826627927,0.0,0.0,0.0,0.00998455286026001,0.019984552636742592,0.0,0.0,0.0,0.0,0.0,-0.037558846175670624,0.002441154094412923,0.0,0.0,0.0,0.0
45.856,0.01996910572052002,0.00998455286026001,0.00998455286026001,datactrl_ref_vx_fallback,datactrl_est_vx_fallback,-0.04999999701976776,states_theta,-0.023008527234196663,0.38878360947640295,0.22446433317471803,0.5183845663264982,0.5183717256105763,0.5184484362955266,0.5183078556415479,0.5185039434193248,0.5182523485177497,0.0,0.0,0.0,0.00998455286026001,0.00998455286026001,0.0,0.0,0.0,0.0,0.0,-0.020000256597995758,0.029999740421772003,0.0,0.0,0.0,0.0
46.078,0.01996910572052002,0.00998455286026001,0.00998455286026001,datactrl_ref_vx_fallback,datactrl_est_vx_fallback,-0.04999999701976776,states_theta,-0.023008525371551514,0.3887438677359221,0.22444138798391747,0.5183302344959035,0.5183200794665555,0.5183948247801897,0.5182554891822693,0.5184493000195041,0.5182010139429549,0.0,0.0,0.0,0.00998455286026001,0.00998455286026001,0.0,0.0,0.0,0.0,0.0,-0.020500654354691505,0.029499342665076256,0.0,0.0,0.0,0.0
46.399,0.019960181787610054,0.009980090893805027,0.009980090893805027,datactrl_ref_vx_fallback,datactrl_est_vx_fallback,-0.04999999701976776,states_theta,0.004039447754621506,0.38878983569596537,0.22446792167365934,0.5183742784000641,0.5183986167891769,0.5184674834004835,0.5183054117887574,0.518440667051059,0.518332228138182,0.0,0.0,0.0,0.009980090893805027,0.009980090893805027,0.0,0.0,0.0,0.0,0.0,-0.021992763504385948,0.028007233515381813,0.0,0.0,0.0,0.0
46.681,0.026622498407959938,0.013311249203979969,0.013311249203979969,datactrl_ref_vx_fallback,datactrl_est_vx_fallback,-0.04999999701976776,states_theta,0.014004074968397617,0.3892352178154591,0.2247250601658212,0.5189677836565423,0.5189927971846819,0.5190435550397625,0.5189170258014617,0.5189914034524823,0.5189691773887419,0.0,0.0,0.0,0.013311249203979969,0.013311249203979969,0.0,0.0,0.0,0.0,0.0,-0.02977629378437996,0.020223703235387802,0.0,0.0,0.0,0.0
46.987,0.026622498407959938,0.013311249203979969,0.013311249203979969,datactrl_ref_vx_fallback,datactrl_est_vx_fallback,-0.03999999910593033,states_theta,0.05205365642905235,0.38935937548913796,0.2247967415919285,0.5191355708424998,0.5191560971285347,0.5191041774306745,0.5191874905403601,0.5191219090251501,0.5191697589458845,0.0,0.0,0.0,0.013311249203979969,0.013311249203979969,0.0,0.0,0.0,0.0,0.0,-0.03111053816974163,0.008889460004866123,0.0,0.0,0.0,0.0
47.252,0.026622498407959938,0.013311249203979969,0.013311249203979969,datactrl_ref_vx_fallback,datactrl_est_vx_fallback,-0.03999999910593033,states_theta,-0.07091698050498962,0.3895315276821165,0.22489614223831403,0.5193760046513911,0.5193747358342529,0.51948860958448,0.519262130901164,0.5194456553880376,0.5193050850976064,0.0,0.0,0.0,0.013311249203979969,0.013311249203979969,0.0,0.0,0.0,0.0,0.0,-0.0324447862803936,0.00755521422252059,0.0,0.0,0.0,0.0
47.55,0.026622498407959938,0.013311249203979969,0.013311249203979969,datactrl_ref_vx_fallback,datactrl_est_vx_fallback,-0.07000000029802322,states_theta,-0.10830087959766388,0.3893520504896107,0.22479256094461328,0.5191485681585262,0.5191235664804357,0.5193419221174863,0.5189302125214755,0.5193528569165916,0.5189192777223702,0.0,0.0,0.0,0.013311249203979969,0.013311249203979969,0.0,0.0,0.0,0.0,0.0,-0.03377902880311012,0.0362209714949131,0.0,0.0,0.0,0.0
47.828,0.026622498407959938,0.013311249203979969,0.013311249203979969,datactrl_ref_vx_fallback,datactrl_est_vx_fallback,-0.029999999329447746,states_theta,0.2622351348400116,0.3895706134071664,0.2249187916431222,0.5194631178396211,0.519391851246156,0.5191146955316467,0.5197402735541304,0.51916584319115,0.5196891258946271,0.0,0.0,0.0,0.013311249203979969,0.013311249203979969,0.0,0.0,0.0,0.0,0.0,-0.03511327505111694,-0.005113276652991772,0.0,0.0,0.0,0.0
48.1,0.026622498407959938,0.013311249203979969,0.013311249203979969,datactrl_ref_vx_fallback,datactrl_est_vx_fallback,0.009999999776482582,states_theta,0.12044039368629456,0.38980558797292897,0.22505443609184073,0.5197970889020331,0.5196844790257775,0.5194699765535101,0.5200115913743005,0.5194990713144324,0.5199824966133783,0.0,0.0,0.0,0.013311249203979969,0.013311249203979969,0.0,0.0,0.0,0.0,0.0,-0.03651423379778862,-0.04651423543691635,0.0,0.0,0.0,0.0
48.386,0.026622498407959938,0.013311249203979969,0.013311249203979969,datactrl_ref_vx_fallback,datactrl_est_vx_fallback,-0.009999999776482582,states_theta,-0.1959959715604782,0.3897055964121645,0.22499665197619065,0.519638783165417,0.519576140600355,0.5197883396784108,0.5194265840873612,0.5196712654836947,0.5195436582820773,0.0,0.0,0.0,0.013311249203979969,0.013311249203979969,0.0,0.0,0.0,0.0,0.0,-0.03784848004579544,-0.02784848026931286,0.0,0.0,0.0,0.0
48.69,0.01995483599603176,0.00997741799801588,0.00997741799801588,datactrl_ref_vx_fallback,datactrl_est_vx_fallback,-0.04999999701976776,states_theta,-0.19607271254062653,0.3899715248589741,0.22515024860182167,0.5200144304904812,0.5199096358001163,0.5203208695260045,0.519603196764593,0.5201010956275468,0.5198229706630507,0.0,0.0,0.0,0.00997741799801588,0.00997741799801588,0.0,0.0,0.0,0.0,0.0,-0.03221021965146065,0.017789775505661964,0.0,0.0,0.0,0.0
48.965,0.01995483599603176,0.00997741799801588,0.00997741799801588,datactrl_ref_vx_fallback,datactrl_est_vx_fallback,-0.05999999865889549,states_theta,0.21914343535900116,0.3899008959311528,0.22510946390196165,0.5197384518632522,0.5199972706198219,0.519902797282546,0.5198329252005282,0.5195212754474393,0.5202144470356348,0.0,0.0,0.0,0.00997741799801588,0.00997741799801588,0.0,0.0,0.0,0.0,0.0,-0.033210303634405136,0.026789696887135506,0.0,0.0,0.0,0.0
49.247,0.01995483599603176,0.00997741799801588,0.00997741799801588,datactrl_ref_vx_fallback,datactrl_est_vx_fallback,-0.029999999329447746,states_theta,-0.04638829827308655,0.3898481324242744,0.22507899411828602,0.5199171983837516,0.5196778214143134,0.519598198517933,0.519996821280132,0.5200655582373195,0.5195294615607455,0.0,0.0,0.0,0.00997741799801588,0.00997741799801588,0.0,0.0,0.0,0.0,0.0,-0.034210383892059326,-0.004210383631289005,0.0,0.0,0.0,0.0
49.517,0.009951259940862656,0.009999999776482582,-4.873983561992645e-05,datactrl_ref_vx_fallback,states_vx_gs,-0.03999999910593033,states_theta,-0.003639539936557412,0.389786183989967,0.2250432101055758,0.5198372734940084,0.5195925504792369,0.5199717336793805,0.5194580902938648,0.5196034542738976,0.5198263696993477,0.0,0.0,0.0,0.009975629858672619,-2.4369917809963226e-05,0.0,0.0,0.0,0.0,0.0,-0.014593307860195637,0.025406692177057266,0.0,0.0,0.0,0.0
49.82,0.009954836219549179,0.009999999776482582,-4.5163556933403015e-05,datactrl_ref_vx_fallback,states_vx_gs,-0.03999999910593033,states_theta,-0.003002607263624668,0.3901463120726354,0.22525115609199645,0.5203567436006141,0.5200334219264137,0.5204957385727704,0.5198944269542574,0.5200412761394126,0.5203488893876151,0.0,0.0,0.0,0.00997741799801588,-2.2581778466701508e-05,0.0,0.0,0.0,0.0,0.0,-0.014594605192542076,0.025405393913388252,0.0,0.0,0.0,0.0
50.056,0.009954836219549179,0.009999999776482582,-4.5163556933403015e-05,datactrl_ref_vx_fallback,states_vx_gs,-0.03999999910593033,states_theta,0.11617236584424973,0.38973577574771284,0.2250141317926683,0.5197559718230389,0.519539430170862,0.5194483230643359,0.519847078929565,0.5193532728403369,0.519942129153564,0.0,0.0,0.0,0.00997741799801588,-2.2581778466701508e-05,0.0,0.0,0.0,0.0,0.0,-0.014593472704291344,0.025406526401638985,0.0,0.0,0.0,0.0
50.305,0.009965546429157257,0.009999999776482582,-3.445334732532501e-05,datactrl_ref_vx_fallback,states_vx_gs,-0.014602229930460453,datactrl_est_theta_fallback,0.1645830273628235,0.38973549891477055,0.22501393305191433,0.5197925753297002,0.5195020884430211,0.5197845937005806,0.5195100700721408,0.5198152039863649,0.5194794597863565,0.0,0.0,0.0,0.00998277310281992,-1.7226673662662506e-05,0.0,0.0,0.0,0.0,0.0,-0.014602229930460453,-0.014602229930460453,0.0,0.0,0.0,0.0
50.358,0.003303227014839649,0.009999999776482582,-0.006696772761642933,datactrl_ref_vx_fallback,states_vx_gs,-0.007801488041877747,datactrl_est_theta_fallback,-0.16739854216575623,0.38973549891477055,0.22501393305191433,0.5197925753297002,0.5195020884430211,0.5197845937005806,0.5195100700721408,0.5198152039863649,0.5194794597863565,0.0,0.0,0.0,0.006651613395661116,-0.0033483863808214664,0.0,0.0,0.0,0.0,0.0,-0.007801488041877747,-0.007801488041877747,0.0,0.0,0.0,0.0
50.636,0.003303227014839649,0.009999999776482582,-0.006696772761642933,datactrl_ref_vx_fallback,states_vx_gs,-0.03999999910593033,states_theta,-0.15700656175613403,0.3900713488914197,0.22520789108825862,0.5202123201768862,0.5199779435335663,0.5202396504726171,0.5199506132378354,0.5204592476629065,0.519731016047546,0.0,0.0,0.0,0.006651613395661116,-0.0033483863808214664,0.0,0.0,0.0,0.0,0.0,-0.0074658640660345554,0.03253413364291191,0.0,0.0,0.0,0.0
50.848,0.0033005457371473312,0.009999999776482582,-0.006699454039335251,datactrl_ref_vx_fallback,states_vx_gs,-0.009999999776482582,states_theta,0.19676366448402405,0.3897037281411956,0.22499559911135572,0.5195290926820035,0.5196808490278513,0.5194477999206674,0.5197621417891874,0.5193732062127084,0.5198367354971464,0.0,0.0,0.0,0.006650272756814957,-0.0033497270196676254,0.0,0.0,0.0,0.0,0.0,-0.007295315619558096,0.022704683244228363,0.0,0.0,0.0,0.0
50.9,0.0033005457371473312,0.009999999776482582,-0.006699454039335251,datactrl_ref_vx_fallback,states_vx_gs,-0.009999999776482582,states_theta,0.19676366448402405,0.3897037281411956,0.22499559911135572,0.5195290926820035,0.5196808490278513,0.5194477999206674,0.5197621417891874,0.5193732062127084,0.5198367354971464,0.0,0.0,0.0,0.006650272756814957,-0.0033497270196676254,0.0,0.0,0.0,0.0,0.0,-0.007127436809241772,0.0028725629672408104,0.0,0.0,0.0,0.0
51.178,0.0033005457371473312,0.009999999776482582,-0.006699454039335251,datactrl_ref_vx_fallback,states_vx_gs,-0.009999999776482582,states_theta,-0.22441110014915466,0.38969045513266976,0.22498795915103684,0.51950332389111,0.5196712231293428,0.5198299374701784,0.5193446095502744,0.5198322696640348,0.5193422773564179,0.0,0.0,0.0,0.006650272756814957,-0.0033497270196676254,0.0,0.0,0.0,0.0,0.0,-0.006791678722947836,0.003208321053534746,0.0,0.0,0.0,0.0
51.472,-0.003364451229572296,0.009999999776482582,-0.013364451006054878,datactrl_ref_vx_fallback,states_vx_gs,-0.03999999910593033,states_theta,-0.10093056410551071,0.3900682587793097,0.2252060702928462,0.520028032057085,0.5201539913544074,0.520293412500334,0.5198886109111585,0.5203278906574056,0.5198541327540869,0.0,0.0,0.0,0.003317774273455143,-0.006682225503027439,0.0,0.0,0.0,0.0,0.0,0.00034675837378017604,0.04034675657749176,0.0,0.0,0.0,0.0
51.751,-0.003364451229572296,0.009999999776482582,-0.013364451006054878,datactrl_ref_vx_fallback,states_vx_gs,0.0010165475541725755,datactrl_est_theta_fallback,0.3668578863143921,0.3896861013546711,0.22498553667438834,0.5195030363894857,0.5196599005563038,0.5191640331185593,0.5199989038272302,0.5192503167763928,0.5199126201693968,0.0,0.0,0.0,0.003317774273455143,-0.006682225503027439,0.0,0.0,0.0,0.0,0.0,0.0010165475541725755,0.0010165475541725755,0.0,0.0,0.0,0.0
52.04,-0.0033573152031749487,0.009999999776482582,-0.01335731497965753,datactrl_ref_vx_fallback,states_vx_gs,0.029999999329447746,states_theta,-0.12344692647457123,0.38971342750196025,0.22500116436943576,0.5195245957828349,0.5197112108890591,0.5197318602417152,0.5195039464301788,0.5196091000759847,0.5196267065959094,0.0,0.0,0.0,0.0033213424030691385,-0.006678657606244087,0.0,0.0,0.0,0.0,0.0,0.001678874366916716,-0.028321124613285065,0.0,0.0,0.0,0.0
52.327,-0.01001962989266758,0.009999999776482582,-0.020019629669150163,datactrl_ref_vx_fallback,states_vx_gs,0.009148180484771729,datactrl_est_theta_fallback,-0.005719260778278112,0.39010751066586374,0.22522868147708994,0.5200691937127603,0.5202175013962097,0.5202050005077125,0.5200816946012575,0.5201493363367397,0.5201373587722303,0.0,0.0,0.0,-9.814907571126241e-06,-0.010009814985096455,0.0,0.0,0.0,0.0,0.0,0.009148180484771729,0.009148180484771729,0.0,0.0,0.0,0.0
52.609,-0.01001962989266758,0.009999999776482582,-0.020019629669150163,datactrl_ref_vx_fallback,states_vx_gs,0.029999999329447746,states_theta,0.21409527957439423,0.390114919642462,0.22523304333336558,0.5200560371278159,0.5202504152520827,0.5198920564735228,0.5204143959063758,0.5198641852846688,0.5204422670952298,0.0,0.0,0.0,-9.814907571126241e-06,-0.010009814985096455,0.0,0.0,0.0,0.0,0.0,0.010151508264243603,-0.01984849013388157,0.0,0.0,0.0,0.0
52.904,-0.01001962989266758,0.009999999776482582,-0.020019629669150163,datactrl_ref_vx_fallback,states_vx_gs,0.009999999776482582,states_theta,-0.2625059187412262,0.3897538893440384,0.22502461326051185,0.5195216388130368,0.5198220661043988,0.5199954411123014,0.5193482638051342,0.5199028070193435,0.5194408978980921,0.0,0.0,0.0,-9.814907571126241e-06,-0.010009814985096455,0.0,0.0,0.0,0.0,0.0,0.011154836975038052,0.001154836849309504,0.0,0.0,0.0,0.0
53.168,-0.010009814368913794,0.009999999776482582,-0.020009814145396376,datactrl_ref_vx_fallback,states_vx_gs,-0.009999999776482582,states_theta,-0.0036269361153244972,0.39017395292974916,0.2252670744070748,0.5200982924456472,0.5203655820336839,0.520156023407048,0.5203078510722831,0.520442248313724,0.5200216261656071,0.0,0.0,0.0,-4.907453785563121e-06,-0.010004906915128231,0.0,0.0,0.0,0.0,0.0,0.012147901579737663,0.022147901356220245,0.0,0.0,0.0,0.0
53.451,-0.016673018923029304,0.009999999776482582,-0.026673018699511886,datactrl_ref_vx_fallback,states_vx_gs,0.009999999776482582,states_theta,0.15860456228256226,0.3902088300589929,0.22528722211817276,0.5201190011375302,0.5204378790197842,0.5200281988549617,0.5205286813023527,0.5202597468985809,0.5202971332587335,0.0,0.0,0.0,-0.003336509456858039,-0.013336509466171265,0.0,0.0,0.0,0.0,0.0,0.01995152048766613,0.009951519779860973,0.0,0.0,0.0,0.0
53.729,-0.016673018923029304,0.009999999776482582,-0.026673018699511886,datactrl_ref_vx_fallback,states_vx_gs,0.029999999329447746,states_theta,0.055299222469329834,0.38985968725550063,0.22508562042789906,0.5196343161151213,0.5199915165662137,0.5197150291407168,0.5199108035406182,0.5197527685047793,0.5198730641765558,0.0,0.0,0.0,-0.003336509456858039,-0.013336509466171265,0.0,0.0,0.0,0.0,0.0,0.021288298070430756,-0.008711702190339565,0.0,0.0,0.0,0.0
54.005,-0.016673018923029304,0.009999999776482582,-0.026673018699511886,datactrl_ref_vx_fallback,states_vx_gs,0.019999999552965164,states_theta,-0.06900002062320709,0.3898920364308511,0.22510429260796808,0.519750016600327,0.5199620805486092,0.5200158057061047,0.5196962914428315,0.5198587724339746,0.5198533247149616,0.0,0.0,0.0,-0.003336509456858039,-0.013336509466171265,0.0,0.0,0.0,0.0,0.0,0.02262507565319538,0.002625075401738286,0.0,0.0,0.0,0.0
54.208,-0.016673018923029304,0.009999999776482582,-0.026673018699511886,datactrl_ref_vx_fallback,states_vx_gs,0.019999999552965164,states_theta,0.03148822486400604,0.38991473016287703,0.2251173811314186,0.5197864732758285,0.5199861404918437,0.5198403983103647,0.5199322154573075,0.5198897041563261,0.5198829096113461,0.0,0.0,0.0,-0.003336509456858039,-0.013336509466171265,0.0,0.0,0.0,0.0,0.0,0.02329346351325512,0.003293464193120599,0.0,0.0,0.0,0.0
54.274,-0.016673018923029304,0.009999999776482582,-0.026673018699511886,datactrl_ref_vx_fallback,states_vx_gs,0.029999999329447746,states_theta,0.09306196868419647,0.3903166388981436,0.22534946155880856,0.5204481037321117,0.5203962666629379,0.5201440088989187,0.520700361496131,0.5204779636080179,0.5203664067870317,0.0,0.0,0.0,-0.003336509456858039,-0.013336509466171265,0.0,0.0,0.0,0.0,0.0,0.02329346351325512,0.003293464193120599,0.0,0.0,0.0,0.0
54.427,-0.016673018923029304,0.009999999776482582,-0.026673018699511886,datactrl_ref_vx_fallback,states_vx_gs,0.03999999910593033,states_theta,0.0834587886929512,0.389981005315773,0.22515568103816946,0.5200092613485884,0.5199400861601396,0.5197003927462012,0.5202489547625269,0.5199941469799065,0.5199552005288215,0.0,0.0,0.0,-0.003336509456858039,-0.013336509466171265,0.0,0.0,0.0,0.0,0.0,0.024630241096019745,-0.015369758009910583,0.0,0.0,0.0,0.0
54.722,-0.01332462951540947,-0.006662314757704735,-0.006662314757704735,datactrl_ref_vx_fallback,datactrl_est_vx_fallback,0.019999999552965164,states_theta,-0.20296689867973328,0.39003483045183596,0.22518677409599303,0.5198822842941282,0.5202105969107678,0.5203018428759826,0.5197910383289134,0.5201707224100934,0.5199221587948025,0.0,0.0,0.0,-0.006662314757704735,-0.006662314757704735,0.0,0.0,0.0,0.0,0.0,0.012058645486831665,-0.0079413540661335,0.0,0.0,0.0,0.0
55.0,-0.01332462951540947,-0.006662314757704735,-0.006662314757704735,datactrl_ref_vx_fallback,datactrl_est_vx_fallback,0.019999999552965164,states_theta,0.08296512067317963,0.3900799025609476,0.22521280318382345,0.5202668612355393,0.519946212260321,0.5198116833707443,0.520401390125116,0.520190520451771,0.5200225530440893,0.0,0.0,0.0,-0.006662314757704735,-0.006662314757704735,0.0,0.0,0.0,0.0,0.0,0.012726439163088799,-0.007273560855537653,0.0,0.0,0.0,0.0
55.291,-0.01332462951540947,-0.006662314757704735,-0.006662314757704735,datactrl_ref_vx_fallback,datactrl_est_vx_fallback,0.019999999552965164,states_theta,-0.06771773099899292,0.39012955006384903,0.2252414872283523,0.5200537020159284,0.5202917648210024,0.5204862457556069,0.5198592210813239,0.5199644718732414,0.5203809949636894,0.0,0.0,0.0,-0.006662314757704735,-0.006662314757704735,0.0,0.0,0.0,0.0,0.0,0.013394231908023357,-0.0066057671792805195,0.0,0.0,0.0,0.0
55.553,-0.013324634172022343,-0.006662317086011171,-0.006662317086011171,datactrl_ref_vx_fallback,datactrl_est_vx_fallback,0.009999999776482582,states_theta,0.032957740128040314,0.39017030962021343,0.22526496623307699,0.5203147709860945,0.5201393880011413,0.5200455519168026,0.5204086070704332,0.5203639263202502,0.5200902326669856,0.0,0.0,0.0,-0.006662317086011171,-0.006662317086011171,0.0,0.0,0.0,0.0,0.0,0.014062030240893364,0.004062030930072069,0.0,0.0,0.0,0.0
55.849,-0.013324634172022343,-0.006662317086011171,-0.006662317086011171,datactrl_ref_vx_fallback,datactrl_est_vx_fallback,0.03999999910593033,states_theta,0.12368720769882202,0.3898506958242198,0.22508046479627525,0.5199286602662893,0.5196731952649635,0.5195187106028657,0.520083144928387,0.5196860800137332,0.5199157755175196,0.0,0.0,0.0,-0.006662317086011171,-0.006662317086011171,0.0,0.0,0.0,0.0,0.0,0.014729823917150497,-0.02527017518877983,0.0,0.0,0.0,0.0
56.134,-0.013315711170434952,-0.006657855585217476,-0.006657855585217476,datactrl_ref_vx_fallback,datactrl_est_vx_fallback,0.029999999329447746,states_theta,-0.06811051070690155,0.3898968284060704,0.2251070723563667,0.5200520163479212,0.5196728594015998,0.5199981348013779,0.5197267409481431,0.5197849075727149,0.5199399681768061,0.0,0.0,0.0,-0.006657855585217476,-0.006657855585217476,0.0,0.0,0.0,0.0,0.0,0.015388287603855133,-0.014611711725592613,0.0,0.0,0.0,0.0
56.338,-0.013316606171429157,-0.006658303085714579,-0.006658303085714579,datactrl_ref_vx_fallback,datactrl_est_vx_fallback,0.029999999329447746,states_theta,-0.04940517246723175,0.3899159683263221,0.22511815227787996,0.5197380716879416,0.5200378438489173,0.5199808461136646,0.5197950694231943,0.5196009534584298,0.5201749620784291,0.0,0.0,0.0,-0.006658303085714579,-0.006658303085714579,0.0,0.0,0.0,0.0,0.0,0.01572287455201149,-0.014277125708758831,0.0,0.0,0.0,0.0
56.389,-0.013316606171429157,-0.006658303085714579,-0.006658303085714579,datactrl_ref_vx_fallback,datactrl_est_vx_fallback,0.029999999329447746,states_theta,0.054289624094963074,0.3899159683263221,0.22511815227787996,0.5197380716879416,0.5200378438489173,0.5199808461136646,0.5197950694231943,0.5196009534584298,0.5201749620784291,0.0,0.0,0.0,-0.006658303085714579,-0.006658303085714579,0.0,0.0,0.0,0.0,0.0,0.016056569293141365,-0.013943430036306381,0.0,0.0,0.0,0.0
56.671,-0.013316606171429157,-0.006658303085714579,-0.006658303085714579,datactrl_ref_vx_fallback,datactrl_est_vx_fallback,0.029999999329447746,states_theta,-0.01100940816104412,0.3899825174362622,0.22515658151957635,0.519968028531823,0.5199853512982097,0.5196989775590268,0.5202544022710058,0.5201981982026997,0.5197551816273329,0.0,0.0,0.0,-0.006658303085714579,-0.006658303085714579,0.0,0.0,0.0,0.0,0.0,0.016723960638046265,-0.013276038691401482,0.0,0.0,0.0,0.0
56.952,-0.013315711170434952,-0.006657855585217476,-0.006657855585217476,datactrl_ref_vx_fallback,datactrl_est_vx_fallback,0.029999999329447746,states_theta,-0.04862291365861893,0.39003724202471196,0.22518813471032667,0.5202538091777135,0.5198455028881851,0.5201270801747659,0.5199722318911326,0.5199964651593194,0.5201028469065792,0.0,0.0,0.0,-0.006657855585217476,-0.006657855585217476,0.0,0.0,0.0,0.0,0.0,0.01739041693508625,-0.01260958332568407,0.0,0.0,0.0,0.0
57.248,-0.01997089385986328,-0.00998544692993164,-0.00998544692993164,datactrl_ref_vx_fallback,datactrl_est_vx_fallback,0.019999999552965164,states_theta,-0.008240344002842903,0.3900827399717938,0.22521443391832155,0.5199073784882534,0.5203132614365301,0.5203086862658589,0.5199119536589246,0.5199498592766233,0.5202707806481602,0.0,0.0,0.0,-0.00998544692993164,-0.00998544692993164,0.0,0.0,0.0,0.0,0.0,0.02501712739467621,0.005017127841711044,0.0,0.0,0.0,0.0
57.533,-0.01996910199522972,-0.00998455099761486,-0.00998455099761486,datactrl_ref_vx_fallback,datactrl_est_vx_fallback,0.029999999329447746,states_theta,0.024959886446595192,0.39011889101395936,0.22523534345522667,0.5203137078288081,0.5200033348750835,0.5198472454807149,0.5204697972231768,0.5203893649851797,0.519927677718712,0.0,0.0,0.0,-0.00998455099761486,-0.00998455099761486,0.0,0.0,0.0,0.0,0.0,0.02601614035665989,-0.003983859904110432,0.0,0.0,0.0,0.0
57.822,-0.01996910199522972,-0.00998455099761486,-0.00998455099761486,datactrl_ref_vx_fallback,datactrl_est_vx_fallback,0.029999999329447746,states_theta,-0.009601172991096973,0.3901858735727162,0.22527398804793464,0.5204042096210153,0.5200914532395613,0.5204694096313794,0.5200262532291972,0.5200228156352552,0.5204728472253214,0.0,0.0,0.0,-0.00998455099761486,-0.00998455099761486,0.0,0.0,0.0,0.0,0.0,0.027016935870051384,-0.0029830639250576496,0.0,0.0,0.0,0.0
58.097,-0.013308576308190823,-0.006654288154095411,-0.006654288154095411,datactrl_ref_vx_fallback,datactrl_est_vx_fallback,0.029999999329447746,states_theta,-0.011011406779289246,0.38984949542758596,0.2250797599758406,0.5199434998665154,0.519655154607047,0.5199646180950148,0.5196340363785477,0.5195997039534224,0.5199989505201401,0.0,0.0,0.0,-0.006654288154095411,-0.006654288154095411,0.0,0.0,0.0,0.0,0.0,0.021052779629826546,-0.0089472196996212,0.0,0.0,0.0,0.0
58.388,-0.013303226791322231,-0.006651613395661116,-0.006651613395661116,datactrl_ref_vx_fallback,datactrl_est_vx_fallback,0.019999999552965164,states_theta,-0.03003430739045143,0.38989331745158223,0.22510506218228613,0.5200643537354359,0.5196511594687834,0.5197381286599635,0.5199773845442558,0.5200415026493462,0.5196740105548731,0.0,0.0,0.0,-0.006651613395661116,-0.006651613395661116,0.0,0.0,0.0,0.0,0.0,0.02171417511999607,0.0017141748685389757,0.0,0.0,0.0,0.0
58.665,-0.013303226791322231,-0.006651613395661116,-0.006651613395661116,datactrl_ref_vx_fallback,datactrl_est_vx_fallback,0.029999999329447746,states_theta,0.10013233125209808,0.3903125310441538,0.22534714341657824,0.5203056107459508,0.5205278053717927,0.5205444526091576,0.5202889635085859,0.5200306994581942,0.5208027166595492,0.0,0.0,0.0,-0.006651613395661116,-0.006651613395661116,0.0,0.0,0.0,0.0,0.0,0.022380895912647247,-0.007619103882461786,0.0,0.0,0.0,0.0
58.963,-0.013300545513629913,-0.006650272756814957,-0.006650272756814957,datactrl_ref_vx_fallback,datactrl_est_vx_fallback,0.03999999910593033,states_theta,-0.01893610507249832,0.38996102879679784,0.2251441098110841,0.5198671828267125,0.5200288939647484,0.5199066559214364,0.5199894208700245,0.5199255285361172,0.5199705482553437,0.0,0.0,0.0,-0.006650272756814957,-0.006650272756814957,0.0,0.0,0.0,0.0,0.0,0.023044878616929054,-0.016955120489001274,0.0,0.0,0.0,0.0
59.216,-0.013300545513629913,-0.006650272756814957,-0.006650272756814957,datactrl_ref_vx_fallback,datactrl_est_vx_fallback,0.009999999776482582,states_theta,-0.12019509077072144,0.39001890829738806,0.22517761672136238,0.5199492017350102,0.520101220391358,0.5204236632619523,0.5196267588644159,0.5199437144586567,0.5201067076677115,0.0,0.0,0.0,-0.006650272756814957,-0.006650272756814957,0.0,0.0,0.0,0.0,0.0,0.023744795471429825,0.013744795694947243,0.0,0.0,0.0,0.0
59.529,-0.013300545513629913,-0.006650272756814957,-0.006650272756814957,datactrl_ref_vx_fallback,datactrl_est_vx_fallback,0.019999999552965164,states_theta,0.0807461068034172,0.39007397827765294,0.22520941464537897,0.520190549312478,0.5200067260945965,0.5197426459372853,0.5204546294697893,0.5203033227517503,0.5198939526553242,0.0,0.0,0.0,-0.006650272756814957,-0.006650272756814957,0.0,0.0,0.0,0.0,0.0,0.024411382153630257,0.004411382135003805,0.0,0.0,0.0,0.0
59.81,-0.013288942165672779,-0.0066444710828363895,-0.0066444710828363895,datactrl_ref_vx_fallback,datactrl_est_vx_fallback,0.019999999552965164,states_theta,-0.009416338056325912,0.390105641118342,0.22522764992704797,0.5200237205856731,0.520257989063239,0.5203622151979646,0.5199194944509475,0.5199597397733497,0.5203219698755623,0.0,0.0,0.0,-0.0066444710828363895,-0.0066444710828363895,0.0,0.0,0.0,0.0,0.0,0.025065895169973373,0.005065895151346922,0.0,0.0,0.0,0.0
60.095,-0.013288942165672779,-0.0066444710828363895,-0.0066444710828363895,datactrl_ref_vx_fallback,datactrl_est_vx_fallback,0.019999999552965164,states_theta,0.02269013226032257,0.39016781210067564,0.22526354276282856,0.5202864023179093,0.5201610966172258,0.5200023085197898,0.5204451904153453,0.5204229935361755,0.5200245053989596,0.0,0.0,0.0,-0.0066444710828363895,-0.0066444710828363895,0.0,0.0,0.0,0.0,0.0,0.025731898844242096,0.005731900222599506,0.0,0.0,0.0,0.0
60.386,-0.003288942389190197,-0.009999999776482582,0.006711057387292385,datactrl_ref_vx_fallback,states_vx_gs,0.019999999552965164,states_theta,-0.021608775481581688,0.39020642802072186,0.22528579755475386,0.5204131160681835,0.5201373586537414,0.5202395996724263,0.5203108750494987,0.5202662546522354,0.5202842200696896,0.0,0.0,0.0,-0.0066444710828363895,0.0033555286936461926,0.0,0.0,0.0,0.0,0.0,0.005333432927727699,-0.014666566625237465,0.0,0.0,0.0,0.0
60.705,0.003373374929651618,-0.009999999776482582,0.0133733747061342,datactrl_ref_vx_fallback,states_vx_gs,0.019999999552965164,states_theta,-0.032010845839977264,0.3902569550130936,0.22531497157766697,0.5204876683140802,0.5201975450541694,0.520334387936158,0.5203508254320915,0.5202850772752238,0.5204001360930258,0.0,0.0,0.0,-0.003313312539830804,0.006686687469482422,0.0,0.0,0.0,0.0,0.0,-0.001986426766961813,-0.021986426785588264,0.0,0.0,0.0,0.0
60.901,0.003373374929651618,-0.009999999776482582,0.0133733747061342,datactrl_ref_vx_fallback,states_vx_gs,0.009999999776482582,states_theta,-0.03201186656951904,0.38989595421884116,0.22510655495098428,0.5199762520192412,0.5197462925643352,0.5199633593307404,0.519759185252836,0.519743527342168,0.5199790172414085,0.0,0.0,0.0,-0.003313312539830804,0.006686687469482422,0.0,0.0,0.0,0.0,0.0,-0.002321545034646988,-0.01232154481112957,0.0,0.0,0.0,0.0
60.958,0.003369804471731186,-0.009999999776482582,0.013369804248213768,datactrl_ref_vx_fallback,states_vx_gs,0.009999999776482582,states_theta,-0.032011859118938446,0.38989595421884116,0.22510655495098428,0.5199762520192412,0.5197462925643352,0.5199633593307404,0.519759185252836,0.519743527342168,0.5199790172414085,0.0,0.0,0.0,-0.003315097652375698,0.006684902124106884,0.0,0.0,0.0,0.0,0.0,-0.0026530101895332336,-0.012653009966015816,0.0,0.0,0.0,0.0
61.24,0.003369804471731186,-0.009999999776482582,0.013369804248213768,datactrl_ref_vx_fallback,states_vx_gs,-0.0033230676781386137,datactrl_est_theta_fallback,-0.03301199898123741,0.38994004363168266,0.22513200596829014,0.5197498192440961,0.5200902971070576,0.5199210138202089,0.5199191025309448,0.5199560171301615,0.5198840992209922,0.0,0.0,0.0,-0.003315097652375698,0.006684902124106884,0.0,0.0,0.0,0.0,0.0,-0.0033230676781386137,-0.0033230676781386137,0.0,0.0,0.0,0.0
61.514,0.003373374929651618,-0.009999999776482582,0.0133733747061342,datactrl_ref_vx_fallback,states_vx_gs,-0.003996778279542923,datactrl_est_theta_fallback,-0.016205305233597755,0.3899839974930823,0.22515739982268074,0.5201579928116455,0.5197993338365741,0.5198574098777952,0.5200999167704244,0.520097759641312,0.5198595670069076,0.0,0.0,0.0,-0.003313312539830804,0.006686687469482422,0.0,0.0,0.0,0.0,0.0,-0.003996778279542923,-0.003996778279542923,0.0,0.0,0.0,0.0
61.822,0.0033822974655777216,-0.009999999776482582,0.013382297242060304,datactrl_ref_vx_fallback,states_vx_gs,-0.004676144104450941,datactrl_est_theta_fallback,-0.015005407854914665,0.3900311514897239,0.2251846116846977,0.5199437040754195,0.5201393665638442,0.5201573046382169,0.5199257660010468,0.5199168691052123,0.5201662015340514,0.0,0.0,0.0,-0.0033088510390371084,0.00669114850461483,0.0,0.0,0.0,0.0,0.0,-0.004676144104450941,-0.004676144104450941,0.0,0.0,0.0,0.0
62.087,0.010044613774880418,-0.009999999776482582,0.020044613551363,datactrl_ref_vx_fallback,states_vx_gs,-0.012330346740782261,datactrl_est_theta_fallback,-0.03505416214466095,0.39006795828678564,0.22520585384856803,0.5201646894163441,0.520016532681751,0.519990085673782,0.520191136424313,0.5201803978299664,0.5200008242681287,0.0,0.0,0.0,2.230696009064559e-05,0.010022306814789772,0.0,0.0,0.0,0.0,0.0,-0.012330346740782261,-0.012330346740782261,0.0,0.0,0.0,0.0
62.367,0.010044613774880418,-0.009999999776482582,0.020044613551363,datactrl_ref_vx_fallback,states_vx_gs,-0.009999999776482582,states_theta,-0.05503719300031662,0.39012137566513544,0.22523671284665184,0.5200415751903197,0.5202820932500415,0.5203418628707827,0.5199818055695785,0.5200615903469957,0.5202620780933654,0.0,0.0,0.0,2.230696009064559e-05,0.010022306814789772,0.0,0.0,0.0,0.0,0.0,-0.013334927149116993,-0.003334927139803767,0.0,0.0,0.0,0.0
62.636,0.010044613774880418,-0.009999999776482582,0.020044613551363,datactrl_ref_vx_fallback,states_vx_gs,-0.009999999776482582,states_theta,0.0013155119959264994,0.39017781700508936,0.22526933664325058,0.5204336055966311,0.5200405730836072,0.5200095996949161,0.5204645789853222,0.5204212435514206,0.5200529351288177,0.0,0.0,0.0,2.230696009064559e-05,0.010022306814789772,0.0,0.0,0.0,0.0,0.0,-0.014339507557451725,-0.004339507780969143,0.0,0.0,0.0,0.0
62.912,0.010035691348093678,-0.009999999776482582,0.02003569112457626,datactrl_ref_vx_fallback,states_vx_gs,-0.009999999776482582,states_theta,0.0010003227507695556,0.3901966308418101,0.22528017565892994,0.5204349927104689,0.5200893562010248,0.5203982747924845,0.5201260741190092,0.5200773416772639,0.5204470072342298,0.0,0.0,0.0,1.7845568436314352e-05,0.010017845779657364,0.0,0.0,0.0,0.0,0.0,-0.015334734693169594,-0.005334734916687012,0.0,0.0,0.0,0.0
63.215,0.01669444120489061,-0.009999999776482582,0.02669444098137319,datactrl_ref_vx_fallback,states_vx_gs,-0.009999999776482582,states_theta,-0.0020221045706421137,0.3902268556072968,0.22529763857713966,0.5204649593913746,0.5201399888947502,0.5204530879907642,0.5201518602953606,0.5200652860095959,0.5205396622765289,0.0,0.0,0.0,0.0033472205977886915,0.013347220607101917,0.0,0.0,0.0,0.0,0.0,-0.023151790723204613,-0.013151790015399456,0.0,0.0,0.0,0.0
63.399,0.01669444120489061,-0.009999999776482582,0.02669444098137319,datactrl_ref_vx_fallback,states_vx_gs,-0.019999999552965164,states_theta,-0.018179943785071373,0.3898970001154671,0.22510715246697277,0.5199421449400615,0.519783188701184,0.5200030975960998,0.5197222360451458,0.5198706789450364,0.5198546546962092,0.0,0.0,0.0,0.0033472205977886915,0.013347220607101917,0.0,0.0,0.0,0.0,0.0,-0.02382071502506733,-0.0038207159377634525,0.0,0.0,0.0,0.0
63.587,0.00669087516143918,0.00334543758071959,0.00334543758071959,datactrl_ref_vx_fallback,datactrl_est_vx_fallback,-0.019999999552965164,states_theta,0.04848760366439819,0.39030818579665266,0.2253445553302127,0.5203102280374927,0.520511600753581,0.5202802859838369,0.5205415428072369,0.5204969368425791,0.5203248919484946,0.0,0.0,0.0,0.00334543758071959,0.00334543758071959,0.0,0.0,0.0,0.0,0.0,-0.004140474367886782,0.01585952565073967,0.0,0.0,0.0,0.0
63.833,0.006694441195577383,0.0033472205977886915,0.0033472205977886915,datactrl_ref_vx_fallback,datactrl_est_vx_fallback,-0.009999999776482582,states_theta,0.018991732969880104,0.389955955218942,0.22514118763948482,0.5200209576158747,0.5198615896346372,0.5200235479837673,0.5198589992667447,0.5198498735574489,0.520032673693063,0.0,0.0,0.0,0.0033472205977886915,0.0033472205977886915,0.0,0.0,0.0,0.0,0.0,-0.004479540511965752,0.0055204592645168304,0.0,0.0,0.0,0.0
63.888,0.00669800816103816,0.00334900408051908,0.00334900408051908,datactrl_ref_vx_fallback,datactrl_est_vx_fallback,-0.009999999776482582,states_theta,0.010965986177325249,0.389955955218942,0.22514118763948482,0.5200209576158747,0.5198615896346372,0.5200235479837673,0.5198589992667447,0.5198498735574489,0.520032673693063,0.0,0.0,0.0,0.00334900408051908,0.00334900408051908,0.0,0.0,0.0,0.0,0.0,-0.004650943446904421,0.005349056329578161,0.0,0.0,0.0,0.0
64.156,0.00669800816103816,0.00334900408051908,0.00334900408051908,datactrl_ref_vx_fallback,datactrl_est_vx_fallback,-0.009999999776482582,states_theta,-0.0011845044791698456,0.38999405795568476,0.2251632120275873,0.5198294670023158,0.5201546875461769,0.5198557468077563,0.5201284077407364,0.5201432501388203,0.5198409044096723,0.0,0.0,0.0,0.00334900408051908,0.00334900408051908,0.0,0.0,0.0,0.0,0.0,-0.004986628890037537,0.0050133708864450455,0.0,0.0,0.0,0.0
64.238,0.00669800816103816,0.00334900408051908,0.00334900408051908,datactrl_ref_vx_fallback,datactrl_est_vx_fallback,-0.009999999776482582,states_theta,0.05602509155869484,0.3900006031289133,0.22516696846737558,0.5200588203369964,0.5199427880067725,0.5198518734432133,0.5201497349005556,0.520045012317886,0.5199565960258828,0.0,0.0,0.0,0.00334900408051908,0.00334900408051908,0.0,0.0,0.0,0.0,0.0,-0.005154471844434738,0.004845527932047844,0.0,0.0,0.0,0.0
64.293,0.006689085159450769,0.0033445425797253847,0.0033445425797253847,datactrl_ref_vx_fallback,datactrl_est_vx_fallback,-0.005313185043632984,datactrl_est_theta_fallback,0.05324928089976311,0.3900212882967576,0.22517897319343744,0.5201617064378947,0.5198950623534588,0.520184818065098,0.5198719507262556,0.519716623814331,0.5203401449770225,0.0,0.0,0.0,0.0033445425797253847,0.0033445425797253847,0.0,0.0,0.0,0.0,0.0,-0.005313185043632984,-0.005313185043632984,0.0,0.0,0.0,0.0
64.346,0.006689085159450769,0.0033445425797253847,0.0033445425797253847,datactrl_ref_vx_fallback,datactrl_est_vx_fallback,-0.009999999776482582,states_theta,-0.05772577226161957,0.39004262089398845,0.22519139202033614,0.5198797909928488,0.5202338647244538,0.5204986507181575,0.519615004999145,0.5197446437243858,0.5203690119929167,0.0,0.0,0.0,0.0033445425797253847,0.0033445425797253847,0.0,0.0,0.0,0.0,0.0,-0.005313185043632984,-0.005313185043632984,0.0,0.0,0.0,0.0
64.406,0.01335140224546194,0.00667570112273097,0.00667570112273097,datactrl_ref_vx_fallback,datactrl_est_vx_fallback,-0.009999999776482582,states_theta,-0.05800786241889,0.39006465605173657,0.2252039423859208,0.5200359461624914,0.5201364699754728,0.5200684738186252,0.520103942319339,0.5201955524895217,0.5199768636484425,0.0,0.0,0.0,0.00667570112273097,0.00667570112273097,0.0,0.0,0.0,0.0,0.0,-0.012464994564652443,-0.0024649950210005045,0.0,0.0,0.0,0.0
64.458,0.01335140224546194,0.00667570112273097,0.00667570112273097,datactrl_ref_vx_fallback,datactrl_est_vx_fallback,-0.009999999776482582,states_theta,-0.05800786241889,0.39007376623266005,0.2252094207803523,0.5203399658066475,0.5198567441471126,0.5196582228173052,0.5205384871364549,0.5204940866203058,0.5197026233334543,0.0,0.0,0.0,0.00667570112273097,0.00667570112273097,0.0,0.0,0.0,0.0,0.0,-0.012464994564652443,-0.0024649950210005045,0.0,0.0,0.0,0.0
64.637,0.01335140224546194,0.00667570112273097,0.00667570112273097,datactrl_ref_vx_fallback,datactrl_est_vx_fallback,-0.009999999776482582,states_theta,0.017032792791724205,0.3900970833360209,0.22522265906458325,0.5201623748540662,0.5200965140419895,0.5201266078195022,0.5201322810765536,0.5200639031073722,0.5201949857886836,0.0,0.0,0.0,0.00667570112273097,0.00667570112273097,0.0,0.0,0.0,0.0,0.0,-0.013134130276739597,-0.0031341302674263716,0.0,0.0,0.0,0.0
64.838,0.01335140224546194,0.00667570112273097,0.00667570112273097,datactrl_ref_vx_fallback,datactrl_est_vx_fallback,-0.009999999776482582,states_theta,-0.0108135174959898,0.3901320356412925,0.2252428394364363,0.5201189542717687,0.5202331407716779,0.5201378056214336,0.520214289422013,0.5202188958493814,0.5201331991940652,0.0,0.0,0.0,0.00667570112273097,0.00667570112273097,0.0,0.0,0.0,0.0,0.0,-0.013468697667121887,-0.003468697890639305,0.0,0.0,0.0,0.0
64.91,0.01335140224546194,0.00667570112273097,0.00667570112273097,datactrl_ref_vx_fallback,datactrl_est_vx_fallback,-0.009999999776482582,states_theta,-0.020051198080182076,0.3901571893129841,0.22525742745659705,0.5201553068270863,0.5202638646742046,0.5199949301556032,0.5204242413456878,0.5204846204514547,0.5199345510498362,0.0,0.0,0.0,0.00667570112273097,0.00667570112273097,0.0,0.0,0.0,0.0,0.0,-0.013803265057504177,-0.0038032655138522387,0.0,0.0,0.0,0.0
65.01,0.01334247924387455,0.006671239621937275,0.006671239621937275,datactrl_ref_vx_fallback,datactrl_est_vx_fallback,-0.019999999552965164,states_theta,-0.02105845883488655,0.3901558713698458,0.2252566265618196,0.5201608575205279,0.5202547994657276,0.5199948315552788,0.5204208254309767,0.5202788702054025,0.520136786780853,0.0,0.0,0.0,0.006671239621937275,0.006671239621937275,0.0,0.0,0.0,0.0,0.0,-0.014128703624010086,0.005871296394616365,0.0,0.0,0.0,0.0
65.125,0.01334247924387455,0.006671239621937275,0.006671239621937275,datactrl_ref_vx_fallback,datactrl_est_vx_fallback,-0.009999999776482582,states_theta,-0.008304771967232227,0.38979244699493415,0.22504679835601138,0.5196503982491734,0.519796127070651,0.5198481556618081,0.5195983696580163,0.5195729919620106,0.5198735333578138,0.0,0.0,0.0,0.006671239621937275,0.006671239621937275,0.0,0.0,0.0,0.0,0.0,-0.014463047496974468,-0.004463047720491886,0.0,0.0,0.0,0.0
65.233,0.01334425900131464,0.00667212950065732,0.00667212950065732,datactrl_ref_vx_fallback,datactrl_est_vx_fallback,-0.009999999776482582,states_theta,-0.02095118910074234,0.38981549766147766,0.22506012405421502,0.5196571426624167,0.5198508511015237,0.5199342447968478,0.5195737489670926,0.5195725277203067,0.5199354660436337,0.0,0.0,0.0,0.00667212950065732,0.00667212950065732,0.0,0.0,0.0,0.0,0.0,-0.015133600682020187,-0.005133600905537605,0.0,0.0,0.0,0.0
65.29,0.01334425900131464,0.00667212950065732,0.00667212950065732,datactrl_ref_vx_fallback,datactrl_est_vx_fallback,-0.019999999552965164,states_theta,-0.021006759256124496,0.39020430581537974,0.22528461922511306,0.5201514821518821,0.5203933333557972,0.5205095078029702,0.5200353077047091,0.520087757546579,0.5204570579611003,0.0,0.0,0.0,0.00667212950065732,0.00667212950065732,0.0,0.0,0.0,0.0,0.0,-0.015133600682020187,-0.005133600905537605,0.0,0.0,0.0,0.0
65.344,0.01334425900131464,0.00667212950065732,0.00667212950065732,datactrl_ref_vx_fallback,datactrl_est_vx_fallback,-0.019999999552965164,states_theta,-0.021006759256124496,0.39020430581537974,0.22528461922511306,0.5201514821518821,0.5203933333557972,0.5205095078029702,0.5200353077047091,0.520087757546579,0.5204570579611003,0.0,0.0,0.0,0.00667212950065732,0.00667212950065732,0.0,0.0,0.0,0.0,0.0,-0.015467989258468151,0.004532009828835726,0.0,0.0,0.0,0.0
65.402,0.01334425900131464,0.00667212950065732,0.00667212950065732,datactrl_ref_vx_fallback,datactrl_est_vx_fallback,-0.019999999552965164,states_theta,-0.011416924186050892,0.3898267593855,0.22506665716986002,0.51965646816566,0.5198815568623399,0.5200271148907591,0.5195109101372408,0.5195418164313523,0.5199962085966476,0.0,0.0,0.0,0.00667212950065732,0.00667212950065732,0.0,0.0,0.0,0.0,0.0,-0.015802377834916115,0.004197621252387762,0.0,0.0,0.0,0.0
65.535,0.013333556242287159,0.0066667781211435795,0.0066667781211435795,datactrl_ref_vx_fallback,datactrl_est_vx_fallback,-0.019999999552965164,states_theta,0.012879475019872189,0.389851361988261,0.2250808045953134,0.5196709118563928,0.5199327201123031,0.5197167239024386,0.5198869080662573,0.5198657461969124,0.5197378857717835,0.0,0.0,0.0,0.0066667781211435795,0.0066667781211435795,0.0,0.0,0.0,0.0,0.0,-0.016125816851854324,0.003874183399602771,0.0,0.0,0.0,0.0
65.835,0.013334443792700768,0.006667221896350384,0.006667221896350384,datactrl_ref_vx_fallback,datactrl_est_vx_fallback,-0.019999999552965164,states_theta,-0.08367505669593811,0.39026813086684403,0.22532143111020367,0.5202744837408051,0.5204405319041123,0.520356851892868,0.5203581637520495,0.5205319107252148,0.5201831049197027,0.0,0.0,0.0,0.006667221896350384,0.006667221896350384,0.0,0.0,0.0,0.0,0.0,-0.01712910830974579,0.002870891708880663,0.0,0.0,0.0,0.0
66.047,0.01332462951540947,0.006662314757704735,0.006662314757704735,datactrl_ref_vx_fallback,datactrl_est_vx_fallback,-0.04999999701976776,states_theta,-0.09328287839889526,0.3899099600565322,0.22511467557285564,0.5196948541413422,0.5200650393427437,0.5200811376989486,0.5196787557851373,0.5200368786831914,0.5197230148008946,0.0,0.0,0.0,0.006662314757704735,0.006662314757704735,0.0,0.0,0.0,0.0,0.0,-0.017787352204322815,0.032212644815444946,0.0,0.0,0.0,0.0
66.113,0.01332462951540947,0.006662314757704735,0.006662314757704735,datactrl_ref_vx_fallback,datactrl_est_vx_fallback,-0.029999999329447746,states_theta,0.25939202308654785,0.3899242302342155,0.2251229401960164,0.5199327099875829,0.5198652373036584,0.5195411603463272,0.5202567869449141,0.5197703533849544,0.520027593906287,0.0,0.0,0.0,0.006662314757704735,0.006662314757704735,0.0,0.0,0.0,0.0,0.0,-0.017787352204322815,0.032212644815444946,0.0,0.0,0.0,0.0
66.167,0.013324624858796597,0.006662312429398298,0.006662312429398298,datactrl_ref_vx_fallback,datactrl_est_vx_fallback,-0.029999999329447746,states_theta,0.25939202308654785,0.3899242302342155,0.2251229401960164,0.5199327099875829,0.5198652373036584,0.5195411603463272,0.5202567869449141,0.5197703533849544,0.520027593906287,0.0,0.0,0.0,0.006662312429398298,0.006662312429398298,0.0,0.0,0.0,0.0,0.0,-0.01812124438583851,0.011878755874931812,0.0,0.0,0.0,0.0
66.222,0.013324624858796597,0.006662312429398298,0.006662312429398298,datactrl_ref_vx_fallback,datactrl_est_vx_fallback,-0.009999999776482582,states_theta,0.12025591731071472,0.3899254937746605,0.22512364890448566,0.5200635625347414,0.5197377541976866,0.5196159171101785,0.5201853996222495,0.5198753263236656,0.5199259904087624,0.0,0.0,0.0,0.006662312429398298,0.006662312429398298,0.0,0.0,0.0,0.0,0.0,-0.0184551402926445,-0.008455140516161919,0.0,0.0,0.0,0.0
66.422,0.01332462951540947,0.006662314757704735,0.006662314757704735,datactrl_ref_vx_fallback,datactrl_est_vx_fallback,-0.019999999552965164,states_theta,-0.1762000322341919,0.3899724080574338,0.22515071102335302,0.5198799862491639,0.5200464352373262,0.5201774018588635,0.5197490196276265,0.5198514148708205,0.5200750066156695,0.0,0.0,0.0,0.006662314757704735,0.006662314757704735,0.0,0.0,0.0,0.0,0.0,-0.01878904178738594,0.0012109579984098673,0.0,0.0,0.0,0.0
66.543,0.013314814306795597,0.0066574071533977985,0.0066574071533977985,datactrl_ref_vx_fallback,datactrl_est_vx_fallback,-0.029999999329447746,states_theta,-0.0020497161895036697,0.38997526459648174,0.22515232959156822,0.5200284709252625,0.5199055679986888,0.519941927964478,0.5199921109594733,0.5200423855498265,0.5198916533741248,0.0,0.0,0.0,0.0066574071533977985,0.0066574071533977985,0.0,0.0,0.0,0.0,0.0,-0.019446546211838722,0.010553453117609024,0.0,0.0,0.0,0.0
66.619,0.013314814306795597,0.0066574071533977985,0.0066574071533977985,datactrl_ref_vx_fallback,datactrl_est_vx_fallback,-0.029999999329447746,states_theta,-0.0020497161895036697,0.3899921267799706,0.2251622312235164,0.520208217821415,0.5197707869251732,0.5196057611626047,0.5203732435839835,0.5203278078942218,0.5196511968523664,0.0,0.0,0.0,0.0066574071533977985,0.0066574071533977985,0.0,0.0,0.0,0.0,0.0,-0.019446546211838722,0.010553453117609024,0.0,0.0,0.0,0.0
66.679,0.013314814306795597,0.0066574071533977985,0.0066574071533977985,datactrl_ref_vx_fallback,datactrl_est_vx_fallback,-0.029999999329447746,states_theta,0.043386153876781464,0.3900230344454099,0.22517993874144004,0.5199404073848631,0.5201210178028967,0.5201199241391379,0.5199415010486219,0.5198148376525955,0.5202465875351643,0.0,0.0,0.0,0.0066574071533977985,0.0066574071533977985,0.0,0.0,0.0,0.0,0.0,-0.019780198112130165,0.010219802148640156,0.0,0.0,0.0,0.0
66.746,0.013314814306795597,0.0066574071533977985,0.0066574071533977985,datactrl_ref_vx_fallback,datactrl_est_vx_fallback,-0.019999999552965164,states_theta,0.055045194923877716,0.3900230344454099,0.22517993874144004,0.5199404073848631,0.5201210178028967,0.5201199241391379,0.5199415010486219,0.5198148376525955,0.5202465875351643,0.0,0.0,0.0,0.0066574071533977985,0.0066574071533977985,0.0,0.0,0.0,0.0,0.0,-0.02011384814977646,-0.0001138485167757608,0.0,0.0,0.0,0.0
66.862,0.0133050000295043,0.00665250001475215,0.00665250001475215,datactrl_ref_vx_fallback,datactrl_est_vx_fallback,-0.019999999552965164,states_theta,-0.02097729966044426,0.3900459118949094,0.22519311593722283,0.5200958480690758,0.5200265836506826,0.5200245512915667,0.5200978804281917,0.5201255364595601,0.5199968952601983,0.0,0.0,0.0,0.00665250001475215,0.00665250001475215,0.0,0.0,0.0,0.0,0.0,-0.02043745666742325,-0.0004374577838461846,0.0,0.0,0.0,0.0
66.921,0.0133050000295043,0.00665250001475215,0.00665250001475215,datactrl_ref_vx_fallback,datactrl_est_vx_fallback,-0.019999999552965164,states_theta,-0.02097729966044426,0.3900512932870273,0.22519637511961707,0.5203007078010884,0.5198360742976511,0.5197280320015295,0.52040875009721,0.5204017470099783,0.5197350350887612,0.0,0.0,0.0,0.00665250001475215,0.00665250001475215,0.0,0.0,0.0,0.0,0.0,-0.020770862698554993,-0.0007708626217208803,0.0,0.0,0.0,0.0
67.13,0.013306788168847561,0.0066533940844237804,0.0066533940844237804,datactrl_ref_vx_fallback,datactrl_est_vx_fallback,-0.019999999552965164,states_theta,-0.0024870489723980427,0.39007714036607466,0.225211265290862,0.5199011891672882,0.5203045184755775,0.5204404079238183,0.5197652997190474,0.5198429897410977,0.520362717901768,0.0,0.0,0.0,0.0066533940844237804,0.0066533940844237804,0.0,0.0,0.0,0.0,0.0,-0.02143954671919346,-0.0014395465841516852,0.0,0.0,0.0,0.0
67.315,0.01329786516726017,0.006648932583630085,0.006648932583630085,datactrl_ref_vx_fallback,datactrl_est_vx_fallback,-0.029999999329447746,states_theta,-0.017958370968699455,0.39010489131510717,0.22522731685875938,0.5203325521272847,0.5199471580463345,0.519735282015484,0.5205444281581352,0.5204129645319725,0.5198667456416467,0.0,0.0,0.0,0.006648932583630085,0.006648932583630085,0.0,0.0,0.0,0.0,0.0,-0.02209731563925743,0.007902683690190315,0.0,0.0,0.0,0.0
67.505,0.01329786516726017,0.006648932583630085,0.006648932583630085,datactrl_ref_vx_fallback,datactrl_est_vx_fallback,-0.019999999552965164,states_theta,0.054480452090501785,0.39013453226766287,0.22524441182612095,0.5199866998885141,0.5203720528252536,0.5205147195500427,0.519844033163725,0.5198744730531862,0.5204842796605814,0.0,0.0,0.0,0.006648932583630085,0.006648932583630085,0.0,0.0,0.0,0.0,0.0,-0.022763768211007118,-0.0027637684252113104,0.0,0.0,0.0,0.0
67.713,0.01329786516726017,0.006648932583630085,0.006648932583630085,datactrl_ref_vx_fallback,datactrl_est_vx_fallback,-0.019999999552965164,states_theta,-0.024613430723547935,0.38978553721797315,0.22504285447439956,0.5196842549724353,0.519743844275493,0.5194560898775183,0.51997200937041,0.5199547498229765,0.5194733494249518,0.0,0.0,0.0,0.006648932583630085,0.006648932583630085,0.0,0.0,0.0,0.0,0.0,-0.023463543504476547,-0.0034635430201888084,0.0,0.0,0.0,0.0
67.763,0.01329786516726017,0.006648932583630085,0.006648932583630085,datactrl_ref_vx_fallback,datactrl_est_vx_fallback,-0.019999999552965164,states_theta,-0.00727058993652463,0.38978553721797315,0.22504285447439956,0.5196842549724353,0.519743844275493,0.5194560898775183,0.51997200937041,0.5199547498229765,0.5194733494249518,0.0,0.0,0.0,0.006648932583630085,0.006648932583630085,0.0,0.0,0.0,0.0,0.0,-0.023796768859028816,-0.0037967690732330084,0.0,0.0,0.0,0.0
67.947,0.013285369612276554,0.006642684806138277,0.006642684806138277,datactrl_ref_vx_fallback,datactrl_est_vx_fallback,-0.029999999329447746,states_theta,-0.0178312249481678,0.39016429184123536,0.22526146303172218,0.5201926993170011,0.5202454122596266,0.5201727996628022,0.5202653119138255,0.5202866613460707,0.520151450230557,0.0,0.0,0.0,0.006642684806138277,0.006642684806138277,0.0,0.0,0.0,0.0,0.0,-0.024117179214954376,0.005882820580154657,0.0,0.0,0.0,0.0
68.177,0.013285369612276554,0.006642684806138277,0.006642684806138277,datactrl_ref_vx_fallback,datactrl_est_vx_fallback,-0.019999999552965164,states_theta,0.01717507652938366,0.39018056080440594,0.22527086704594196,0.5201766943823319,0.5203048010960839,0.5203045382533333,0.5201769572250825,0.520101894320099,0.5203796011583168,0.0,0.0,0.0,0.006642684806138277,0.006642684806138277,0.0,0.0,0.0,0.0,0.0,-0.024783004075288773,-0.004783004987984896,0.0,0.0,0.0,0.0
68.231,0.013285369612276554,0.006642684806138277,0.006642684806138277,datactrl_ref_vx_fallback,datactrl_est_vx_fallback,-0.019999999552965164,states_theta,0.017000820487737656,0.39018056080440594,0.22527086704594196,0.5201766943823319,0.5203048010960839,0.5203045382533333,0.5201769572250825,0.520101894320099,0.5203796011583168,0.0,0.0,0.0,0.006642684806138277,0.006642684806138277,0.0,0.0,0.0,0.0,0.0,-0.02511591650545597,-0.005115917883813381,0.0,0.0,0.0,0.0
68.511,-0.003376944921910763,0.009999999776482582,-0.013376944698393345,datactrl_ref_vx_fallback,states_vx_gs,-0.019999999552965164,states_theta,0.01700630411505699,0.38983686076996815,0.2250724314417137,0.5197734399583694,0.5197915220948789,0.5199296253757355,0.5196353366775128,0.5197106444441173,0.519854317609131,0.0,0.0,0.0,0.0033115274272859097,-0.0066884723491966724,0.0,0.0,0.0,0.0,0.0,0.00186540640424937,0.02186540514230728,0.0,0.0,0.0,0.0
68.795,-0.0033822969999164343,0.009999999776482582,-0.013382296776399016,datactrl_ref_vx_fallback,states_vx_gs,-0.019999999552965164,states_theta,0.01800644025206566,0.38984430990660907,0.2250767596451209,0.5197261301515256,0.5198586962660986,0.520017547948305,0.5195672784693192,0.5196467141519948,0.5199381122656294,0.0,0.0,0.0,0.0033088515046983957,-0.00669114850461483,0.0,0.0,0.0,0.0,0.0,0.002541221445426345,0.022541221231222153,0.0,0.0,0.0,0.0
69.084,-0.0033822969999164343,0.009999999776482582,-0.013382296776399016,datactrl_ref_vx_fallback,states_vx_gs,0.00321190501563251,datactrl_est_theta_fallback,0.15211021900177002,0.38988037685810945,0.22509757161159974,0.5197834504393146,0.5198975545156439,0.5197428570828774,0.5199381478720811,0.51963270408874,0.5200483008662186,0.0,0.0,0.0,0.0033088515046983957,-0.00669114850461483,0.0,0.0,0.0,0.0,0.0,0.00321190501563251,0.00321190501563251,0.0,0.0,0.0,0.0
69.389,-0.0033822969999164343,0.009999999776482582,-0.013382296776399016,datactrl_ref_vx_fallback,states_vx_gs,0.009999999776482582,states_theta,-0.04453170299530029,0.3902633596828967,0.22531868931314988,0.5203321388504136,0.5203701536373109,0.5202052443140873,0.5204970481736372,0.5205481704884604,0.5201541219992641,0.0,0.0,0.0,0.0033088515046983957,-0.00669114850461483,0.0,0.0,0.0,0.0,0.0,0.0038825885858386755,-0.00611741142347455,0.0,0.0,0.0,0.0
69.674,-0.0033822969999164343,0.009999999776482582,-0.013382296776399016,datactrl_ref_vx_fallback,states_vx_gs,0.004553271923214197,datactrl_est_theta_fallback,-0.057021137326955795,0.3899264066506906,0.22512415370780617,0.5199054687186883,0.51989828234982,0.5197983539660879,0.5200053971024204,0.5201415898879128,0.5196621611805955,0.0,0.0,0.0,0.0033088515046983957,-0.00669114850461483,0.0,0.0,0.0,0.0,0.0,0.004553271923214197,0.004553271923214197,0.0,0.0,0.0,0.0
69.967,-0.010044613774880418,0.009999999776482582,-0.020044613551363,datactrl_ref_vx_fallback,states_vx_gs,0.012057334184646606,datactrl_est_theta_fallback,0.05728236585855484,0.389939048765414,0.22513144267178636,0.519887064400739,0.5199503989736984,0.5200433143861765,0.5197941489882609,0.5197350885038006,0.5201023748706368,0.0,0.0,0.0,-2.230696009064559e-05,-0.010022306814789772,0.0,0.0,0.0,0.0,0.0,0.012057334184646606,0.012057334184646606,0.0,0.0,0.0,0.0
70.266,-0.010044613774880418,0.009999999776482582,-0.020044613551363,datactrl_ref_vx_fallback,states_vx_gs,0.009999999776482582,states_theta,0.014907361939549446,0.39032603360662455,0.2253548949505319,0.5204535123139988,0.5204159106369999,0.5202039136287302,0.5206655093222685,0.5206454485244445,0.5202239744265542,0.0,0.0,0.0,-2.230696009064559e-05,-0.010022306814789772,0.0,0.0,0.0,0.0,0.0,0.013061913661658764,0.003061914350837469,0.0,0.0,0.0,0.0
70.56,-4.461392018129118e-05,-2.230696009064559e-05,-2.230696009064559e-05,datactrl_ref_vx_fallback,datactrl_est_vx_fallback,0.009999999776482582,states_theta,0.04715600609779358,0.3903680693306708,0.2253791255308859,0.5204822882382911,0.520499229976831,0.5204615936753827,0.5205199245397394,0.5203257117949196,0.5206558064202025,0.0,0.0,0.0,-2.230696009064559e-05,-2.230696009064559e-05,0.0,0.0,0.0,0.0,0.0,-0.006296336185187101,-0.01629633642733097,0.0,0.0,0.0,0.0
70.865,-4.461392018129118e-05,-2.230696009064559e-05,-2.230696009064559e-05,datactrl_ref_vx_fallback,datactrl_est_vx_fallback,0.009999999776482582,states_theta,-0.05648975819349289,0.3900107578122532,0.2251728170523104,0.519973593972988,0.5200550935263538,0.5200278593625163,0.5200008281368256,0.52002024512249,0.5200084423768518,0.0,0.0,0.0,-2.230696009064559e-05,-2.230696009064559e-05,0.0,0.0,0.0,0.0,0.0,-0.00629410007968545,-0.016294099390506744,0.0,0.0,0.0,0.0
71.135,-4.461392018129118e-05,-2.230696009064559e-05,-2.230696009064559e-05,datactrl_ref_vx_fallback,datactrl_est_vx_fallback,-0.006291864439845085,datactrl_est_theta_fallback,0.12442940473556519,0.39004015562247973,0.22518982196338172,0.520167114184125,0.519939967475821,0.5198785136719225,0.5202285679880235,0.519926525708592,0.520180555951354,0.0,0.0,0.0,-2.230696009064559e-05,-2.230696009064559e-05,0.0,0.0,0.0,0.0,0.0,-0.006291864439845085,-0.006291864439845085,0.0,0.0,0.0,0.0
71.408,-4.461392018129118e-05,-2.230696009064559e-05,-2.230696009064559e-05,datactrl_ref_vx_fallback,datactrl_est_vx_fallback,-0.006289628334343433,datactrl_est_theta_fallback,-0.20213589072227478,0.39005747925482925,0.22519986467133254,0.5199234648822293,0.5202298131306486,0.5204047023320815,0.5197485756807965,0.5201243245667453,0.5200289534461326,0.0,0.0,0.0,-2.230696009064559e-05,-2.230696009064559e-05,0.0,0.0,0.0,0.0,0.0,-0.006289628334343433,-0.006289628334343433,0.0,0.0,0.0,0.0
71.712,-0.006706930231302977,-0.0033534651156514883,-0.0033534651156514883,datactrl_ref_vx_fallback,datactrl_est_vx_fallback,0.0007128216093406081,datactrl_est_theta_fallback,0.056591205298900604,0.3900761255900755,0.22521064826671883,0.520253713208575,0.5199492883649596,0.5197797854422483,0.5204232161312863,0.5202998968374788,0.5199031047360558,0.0,0.0,0.0,-0.0033534651156514883,-0.0033534651156514883,0.0,0.0,0.0,0.0,0.0,0.0007128216093406081,0.0007128216093406081,0.0,0.0,0.0,0.0
71.986,-0.006706930231302977,-0.0033534651156514883,-0.0033534651156514883,datactrl_ref_vx_fallback,datactrl_est_vx_fallback,0.001048954320140183,datactrl_est_theta_fallback,-0.029454272240400314,0.390096135702339,0.22522220499333429,0.5199860233981232,0.5202703384747808,0.5204318537052812,0.5198245081676227,0.51988199173109,0.520374370141814,0.0,0.0,0.0,-0.0033534651156514883,-0.0033534651156514883,0.0,0.0,0.0,0.0,0.0,0.001048954320140183,0.001048954320140183,0.0,0.0,0.0,0.0
72.282,-0.006706930231302977,-0.0033534651156514883,-0.0033534651156514883,datactrl_ref_vx_fallback,datactrl_est_vx_fallback,0.0013850870309397578,datactrl_est_theta_fallback,0.02193590998649597,0.39010381457716203,0.22522667135988877,0.5203013898431318,0.5199754490293004,0.5197947869520667,0.5204820519203655,0.5204347209379028,0.5198421179345294,0.0,0.0,0.0,-0.0033534651156514883,-0.0033534651156514883,0.0,0.0,0.0,0.0,0.0,0.0013850870309397578,0.0013850870309397578,0.0,0.0,0.0,0.0
72.58,-0.016706930240616202,0.009999999776482582,-0.026706930017098784,datactrl_ref_vx_fallback,states_vx_gs,0.022334637120366096,datactrl_est_theta_fallback,0.003478235797956586,0.39012388319580893,0.22523814951211205,0.5201256929877347,0.5202046622010892,0.5203408745445244,0.5199894806442995,0.5200975925360469,0.520232762652777,0.0,0.0,0.0,-0.0033534651156514883,-0.013353465124964714,0.0,0.0,0.0,0.0,0.0,0.022334637120366096,0.022334637120366096,0.0,0.0,0.0,0.0
72.852,-0.006706930231302977,-0.0033534651156514883,-0.0033534651156514883,datactrl_ref_vx_fallback,datactrl_est_vx_fallback,0.009999999776482582,states_theta,0.15620644390583038,0.3901018759315571,0.22522546213113434,0.5200884952884778,0.5201831738623411,0.5199465938648282,0.5203250752859907,0.5199560886875354,0.5203155804632835,0.0,0.0,0.0,-0.0033534651156514883,-0.0033534651156514883,0.0,0.0,0.0,0.0,0.0,0.003210048656910658,-0.006789951119571924,0.0,0.0,0.0,0.0
73.13,-0.006698007695376873,-0.0033490038476884365,-0.0033490038476884365,datactrl_ref_vx_fallback,datactrl_est_vx_fallback,0.009999999776482582,states_theta,-0.20432120561599731,0.3897498140396167,0.22502220485833999,0.5196087017089284,0.5197241357300495,0.519807366029358,0.5195254714096199,0.5199061295515855,0.5194267078873923,0.0,0.0,0.0,-0.0033490038476884365,-0.0033490038476884365,0.0,0.0,0.0,0.0,0.0,0.0035370299592614174,-0.006462969817221165,0.0,0.0,0.0,0.0
73.41,-0.013360325247049332,-0.006680162623524666,-0.006680162623524666,datactrl_ref_vx_fallback,datactrl_est_vx_fallback,-0.019999999552965164,states_theta,-0.07872680574655533,0.3901202800389735,0.22523608379920984,0.5200735166913129,0.5202472300792831,0.5202946010800985,0.5200261456904974,0.5203545109908739,0.519966235779722,0.0,0.0,0.0,-0.006680162623524666,-0.006680162623524666,0.0,0.0,0.0,0.0,0.0,0.010872931219637394,0.030872929841279984,0.0,0.0,0.0,0.0
73.685,-0.013360325247049332,-0.006680162623524666,-0.006680162623524666,datactrl_ref_vx_fallback,datactrl_est_vx_fallback,0.009999999776482582,states_theta,0.2339801788330078,0.39012851090676237,0.2252408759580286,0.5200475438496773,0.5202951519016891,0.5198866593077871,0.5204560364435793,0.5199736834155548,0.5203690123358116,0.0,0.0,0.0,-0.006680162623524666,-0.006680162623524666,0.0,0.0,0.0,0.0,0.0,0.01154251303523779,0.0015425133751705289,0.0,0.0,0.0,0.0
74.012,-0.013363889418542385,-0.0066819447092711926,-0.0066819447092711926,datactrl_ref_vx_fallback,datactrl_est_vx_fallback,0.019999999552965164,states_theta,-0.1478021889925003,0.38978041174805844,0.22503985761455417,0.5195528639134817,0.5198615674146743,0.5198512594782821,0.5195631718498738,0.519821135155731,0.5195932961724249,0.0,0.0,0.0,-0.0066819447092711926,-0.0066819447092711926,0.0,0.0,0.0,0.0,0.0,0.012215840630233288,-0.007784158922731876,0.0,0.0,0.0,0.0
74.305,-0.013354074209928513,-0.006677037104964256,-0.006677037104964256,datactrl_ref_vx_fallback,datactrl_est_vx_fallback,-0.009999999776482582,states_theta,-0.20249013602733612,0.3901657488624173,0.22526239808146925,0.5200496810183424,0.5203923159481036,0.5204999864574325,0.5199420105090136,0.5204842978045319,0.5199576991619141,0.0,0.0,0.0,-0.006677037104964256,-0.006677037104964256,0.0,0.0,0.0,0.0,0.0,0.012875288724899292,0.022875288501381874,0.0,0.0,0.0,0.0
74.575,-0.013354074209928513,-0.006677037104964256,-0.006677037104964256,datactrl_ref_vx_fallback,datactrl_est_vx_fallback,0.013544557616114616,datactrl_est_theta_fallback,0.11910166591405869,0.3897898389082822,0.22504529464997705,0.5195426321107185,0.5198969383113675,0.519617636011612,0.519821934410474,0.5196462743916688,0.5197932960304172,0.0,0.0,0.0,-0.006677037104964256,-0.006677037104964256,0.0,0.0,0.0,0.0,0.0,0.013544557616114616,0.013544557616114616,0.0,0.0,0.0,0.0
74.853,-0.01334425900131464,-0.00667212950065732,-0.00667212950065732,datactrl_ref_vx_fallback,datactrl_est_vx_fallback,0.019999999552965164,states_theta,0.1200445145368576,0.38981743573037136,0.22506125114047323,0.5195541707046085,0.5199589912430485,0.5195506958960651,0.5199624660515919,0.5196784664719706,0.5198346954756864,0.0,0.0,0.0,-0.00667212950065732,-0.00667212950065732,0.0,0.0,0.0,0.0,0.0,0.014203759841620922,-0.005796239711344242,0.0,0.0,0.0,0.0
75.15,-0.020008347928524017,-0.010004173964262009,-0.010004173964262009,datactrl_ref_vx_fallback,datactrl_est_vx_fallback,0.03999999910593033,states_theta,0.12004448473453522,0.38983248587970953,0.2250699579766796,0.5195424945462234,0.5200108011330021,0.519555643501584,0.5199976521776415,0.519644230784531,0.5199090648946945,0.0,0.0,0.0,-0.010004173964262009,-0.010004173964262009,0.0,0.0,0.0,0.0,0.0,0.02187461405992508,-0.01812538504600525,0.0,0.0,0.0,0.0
75.453,-0.020008347928524017,-0.010004173964262009,-0.010004173964262009,datactrl_ref_vx_fallback,datactrl_est_vx_fallback,0.05999999865889549,states_theta,0.045024748891592026,0.39020818062279994,0.22528683608843733,0.520248804650112,0.5203063436773544,0.5200226056720753,0.5205325426553912,0.5202266913293038,0.5203284569981627,0.0,0.0,0.0,-0.010004173964262009,-0.010004173964262009,0.0,0.0,0.0,0.0,0.0,0.022877376526594162,-0.03712262213230133,0.0,0.0,0.0,0.0
75.721,-0.019997641444206238,-0.009998820722103119,-0.009998820722103119,datactrl_ref_vx_fallback,datactrl_est_vx_fallback,0.05999999865889549,states_theta,0.005002629943192005,0.39022386374581475,0.22529586855762584,0.5203096232403414,0.520287346748498,0.5201440205619914,0.5204529494268479,0.52023171971604,0.5203652502727993,0.0,0.0,0.0,-0.009998820722103119,-0.009998820722103119,0.0,0.0,0.0,0.0,0.0,0.023869158700108528,-0.036130841821432114,0.0,0.0,0.0,0.0
76.005,-0.019996756687760353,-0.009998378343880177,-0.009998378343880177,datactrl_ref_vx_fallback,datactrl_est_vx_fallback,0.05999999865889549,states_theta,0.005001852288842201,0.3898794802602552,0.22509704245273104,0.5198779505589386,0.5198006634684087,0.5196600849104422,0.520018529116905,0.5197989010960109,0.5198797129313364,0.0,0.0,0.0,-0.009998378343880177,-0.009998378343880177,0.0,0.0,0.0,0.0,0.0,0.024870455265045166,-0.03512954339385033,0.0,0.0,0.0,0.0
76.28,-0.019996756687760353,-0.009998378343880177,-0.009998378343880177,datactrl_ref_vx_fallback,datactrl_est_vx_fallback,0.05999999865889549,states_theta,-0.015500973910093307,0.3898849826369048,0.22510021139074052,0.5199195220504634,0.5197737649812827,0.5197445781779781,0.519948708853768,0.5197734112082586,0.5199198758234875,0.0,0.0,0.0,-0.009998378343880177,-0.009998378343880177,0.0,0.0,0.0,0.0,0.0,0.02587263658642769,-0.034127362072467804,0.0,0.0,0.0,0.0
76.546,-0.019986947998404503,-0.009993473999202251,-0.009993473999202251,datactrl_ref_vx_fallback,datactrl_est_vx_fallback,0.04999999701976776,states_theta,-0.03201206028461456,0.38990572664772755,0.22511218696054766,0.5199909565317227,0.5197576478622175,0.5197992215387561,0.519949382855184,0.5198663201367126,0.5198822842572275,0.0,0.0,0.0,-0.009993473999202251,-0.009993473999202251,0.0,0.0,0.0,0.0,0.0,0.026864757761359215,-0.023135239258408546,0.0,0.0,0.0,0.0
76.839,-0.019986947998404503,-0.009993473999202251,-0.009993473999202251,datactrl_ref_vx_fallback,datactrl_est_vx_fallback,0.03999999910593033,states_theta,-0.032011859118938446,0.3903152926240576,0.2253486527392671,0.5203924131170028,0.5204483672138176,0.5205159015272997,0.5203248788035207,0.5203004504416117,0.5205403298892087,0.0,0.0,0.0,-0.009993473999202251,-0.009993473999202251,0.0,0.0,0.0,0.0,0.0,0.02786644920706749,-0.012133550830185413,0.0,0.0,0.0,0.0
77.116,-0.0199869554489851,-0.00999347772449255,-0.00999347772449255,datactrl_ref_vx_fallback,datactrl_est_vx_fallback,0.03999999910593033,states_theta,-0.06980036944150925,0.39033439261130165,0.2253597056486397,0.520405869835708,0.5204858437944296,0.5202920006570194,0.5205997129731182,0.5206580890272013,0.5202336246029363,0.0,0.0,0.0,-0.00999347772449255,-0.00999347772449255,0.0,0.0,0.0,0.0,0.0,0.028868146240711212,-0.011131851933896542,0.0,0.0,0.0,0.0
77.383,-0.019978025928139687,-0.009989012964069843,-0.009989012964069843,datactrl_ref_vx_fallback,datactrl_est_vx_fallback,0.029999999329447746,states_theta,0.013871637172996998,0.3899676069999808,0.2251479052354603,0.519960857220573,0.5199527614460424,0.5198924745277017,0.5200211441389136,0.5199664662166598,0.5199471524499556,0.0,0.0,0.0,-0.009989012964069843,-0.009989012964069843,0.0,0.0,0.0,0.0,0.0,0.0298604778945446,-0.00013952174049336463,0.0,0.0,0.0,0.0
77.672,-0.019978025928139687,-0.009989012964069843,-0.009989012964069843,datactrl_ref_vx_fallback,datactrl_est_vx_fallback,0.03999999910593033,states_theta,0.020588958635926247,0.38997708750693416,0.2251533859442105,0.520064302982851,0.5198745970356401,0.5199329214721844,0.5200059785463067,0.519887170231671,0.5200517297868201,0.0,0.0,0.0,-0.009989012964069843,-0.009989012964069843,0.0,0.0,0.0,0.0,0.0,0.03086172044277191,-0.009138278663158417,0.0,0.0,0.0,0.0
77.954,-0.013308576308190823,-0.006654288154095411,-0.006654288154095411,datactrl_ref_vx_fallback,datactrl_est_vx_fallback,0.02502240426838398,datactrl_est_theta_fallback,-0.09816362708806992,0.38999854252583577,0.2251657971930211,0.5199467789199638,0.5200493344822649,0.5200964601904475,0.5198996532117811,0.5202179655817974,0.5197781478204312,0.0,0.0,0.0,-0.006654288154095411,-0.006654288154095411,0.0,0.0,0.0,0.0,0.0,0.02502240426838398,0.02502240426838398,0.0,0.0,0.0,0.0
78.234,-0.0033085765317082405,-0.009999999776482582,0.006691423244774342,datactrl_ref_vx_fallback,states_vx_gs,0.03999999910593033,states_theta,0.1073048859834671,0.3900344209977206,0.22518656413368582,0.51999168270898,0.520100106618275,0.5199912275526284,0.5201005617746266,0.5196594745039809,0.5204323148232741,0.0,0.0,0.0,-0.006654288154095411,0.003345711622387171,0.0,0.0,0.0,0.0,0.0,0.005126093979924917,-0.03487390652298927,0.0,0.0,0.0,0.0
78.521,-0.0033085765317082405,-0.009999999776482582,0.006691423244774342,datactrl_ref_vx_fallback,states_vx_gs,0.004790738224983215,datactrl_est_theta_fallback,-0.2035204917192459,0.3900308488927664,0.22518456224659,0.5201973984248849,0.5198848652891588,0.5199783683495528,0.5201038953644909,0.5205267458046104,0.5195555179094332,0.0,0.0,0.0,-0.006654288154095411,0.003345711622387171,0.0,0.0,0.0,0.0,0.0,0.004790738224983215,0.004790738224983215,0.0,0.0,0.0,0.0
78.811,-0.003297865390777588,-0.009999999776482582,0.006702134385704994,datactrl_ref_vx_fallback,states_vx_gs,0.009999999776482582,states_theta,0.033182770013809204,0.39006727788547535,0.2252056420426756,0.5198734816099924,0.5203059260846086,0.5204107147712422,0.5197686929233587,0.5196424954325358,0.5205369122620651,0.0,0.0,0.0,-0.006648932583630085,0.003351067192852497,0.0,0.0,0.0,0.0,0.0,0.004427400883287191,-0.005572598893195391,0.0,0.0,0.0,0.0
79.085,-0.0033005457371473312,-0.009999999776482582,0.006699454039335251,datactrl_ref_vx_fallback,states_vx_gs,0.004094264470040798,datactrl_est_theta_fallback,-0.006522894836962223,0.3900655689141767,0.22520461722484794,0.5203252516047461,0.5198495988330585,0.5197574117559915,0.520417438681813,0.5204274313441046,0.5197474190936999,0.0,0.0,0.0,-0.006650272756814957,0.0033497270196676254,0.0,0.0,0.0,0.0,0.0,0.004094264470040798,0.004094264470040798,0.0,0.0,0.0,0.0
79.332,0.003369804471731186,-0.009999999776482582,0.013369804248213768,datactrl_ref_vx_fallback,states_vx_gs,-0.003099714173004031,datactrl_est_theta_fallback,-0.002968084067106247,0.390078229285926,0.22521193934735192,0.5199152108839243,0.5202934005452117,0.5204514515224674,0.5197571599066686,0.5197200997935292,0.5204885116356068,0.0,0.0,0.0,-0.003315097652375698,0.006684902124106884,0.0,0.0,0.0,0.0,0.0,-0.003099714173004031,-0.003099714173004031,0.0,0.0,0.0,0.0
79.6,0.003369804471731186,-0.009999999776482582,0.013369804248213768,datactrl_ref_vx_fallback,states_vx_gs,-0.0037697716616094112,datactrl_est_theta_fallback,-0.017025412991642952,0.39007803233454486,0.22521181795030815,0.5202586632806921,0.5199494229447609,0.5197333468399811,0.520474739385472,0.5204628022998349,0.5197452839256181,0.0,0.0,0.0,-0.003315097652375698,0.006684902124106884,0.0,0.0,0.0,0.0,0.0,-0.0037697716616094112,-0.0037697716616094112,0.0,0.0,0.0,0.0
79.909,0.003373374929651618,-0.009999999776482582,0.0133733747061342,datactrl_ref_vx_fallback,states_vx_gs,-0.0044434997253119946,datactrl_est_theta_fallback,-0.017006300389766693,0.3897162393254123,0.22500288233349355,0.5195128451994966,0.5197304596682695,0.5199135737375503,0.5193297311302157,0.5193135649972621,0.519929739870504,0.0,0.0,0.0,-0.003313312539830804,0.006686687469482422,0.0,0.0,0.0,0.0,0.0,-0.0044434997253119946,-0.0044434997253119946,0.0,0.0,0.0,0.0
80.187,0.0033778345678001642,-0.009999999776482582,0.013377834344282746,datactrl_ref_vx_fallback,states_vx_gs,-0.005118232686072588,datactrl_est_theta_fallback,-0.01800747774541378,0.3897138951384872,0.22500142802838677,0.5196789412894114,0.5195581124132211,0.519552097662863,0.5196849560397695,0.5196666014057779,0.5195704522968546,0.0,0.0,0.0,-0.003311082487925887,0.006688917055726051,0.0,0.0,0.0,0.0,0.0,-0.005118232686072588,-0.005118232686072588,0.0,0.0,0.0,0.0
80.465,0.0033778345678001642,-0.009999999776482582,0.013377834344282746,datactrl_ref_vx_fallback,states_vx_gs,-0.0057886927388608456,datactrl_est_theta_fallback,-0.031090136617422104,0.39008667604259817,0.22521665003891814,0.5201268324302282,0.520104303683367,0.5200699690532229,0.5201611670603723,0.5201656836324482,0.520065452481147,0.0,0.0,0.0,-0.003311082487925887,0.006688917055726051,0.0,0.0,0.0,0.0,0.0,-0.0057886927388608456,-0.0057886927388608456,0.0,0.0,0.0,0.0
80.738,0.010044613774880418,-0.009999999776482582,0.020044613551363,datactrl_ref_vx_fallback,states_vx_gs,-0.009999999776482582,states_theta,-0.03801266849040985,0.3900838720554716,0.22521503546177424,0.5201472611925363,0.5200763976220547,0.5200540282623444,0.5201696305522466,0.5202005917664191,0.5200230670481719,0.0,0.0,0.0,2.230696009064559e-05,0.010022306814789772,0.0,0.0,0.0,0.0,0.0,-0.013480761088430882,-0.003480761544778943,0.0,0.0,0.0,0.0
81.016,0.010044613774880418,-0.009999999776482582,0.020044613551363,datactrl_ref_vx_fallback,states_vx_gs,-0.019999999552965164,states_theta,-0.03801408410072327,0.3900683823323443,0.22520609473860026,0.5201290287591229,0.5200533241271286,0.520054337884375,0.5201280150018764,0.520208561588971,0.5199737912972805,0.0,0.0,0.0,2.230696009064559e-05,0.010022306814789772,0.0,0.0,0.0,0.0,0.0,-0.014485341496765614,0.005514657590538263,0.0,0.0,0.0,0.0
81.35,0.010044613774880418,-0.009999999776482582,0.020044613551363,datactrl_ref_vx_fallback,states_vx_gs,-0.015489921905100346,datactrl_est_theta_fallback,0.1324770748615265,0.3896931314056271,0.2249894961890073,0.5196487568908296,0.5195329268575094,0.519521956259935,0.5196597274884039,0.5192694970046893,0.5199121867436497,0.0,0.0,0.0,2.230696009064559e-05,0.010022306814789772,0.0,0.0,0.0,0.0,0.0,-0.015489921905100346,-0.015489921905100346,0.0,0.0,0.0,0.0
81.667,0.010048184145489358,-0.009999999776482582,0.02004818392197194,datactrl_ref_vx_fallback,states_vx_gs,-0.0164982620626688,datactrl_est_theta_fallback,0.012333028018474579,0.3896941702905199,0.22499004305021414,0.5196581020265626,0.5195263520814905,0.5195383171840463,0.5196461369240067,0.5194982592910601,0.519686194816993,0.0,0.0,0.0,2.4091985324048437e-05,0.01002409216016531,0.0,0.0,0.0,0.0,0.0,-0.0164982620626688,-0.0164982620626688,0.0,0.0,0.0,0.0
81.961,0.010048184145489358,-0.009999999776482582,0.02004818392197194,datactrl_ref_vx_fallback,states_vx_gs,-0.01750302128493786,datactrl_est_theta_fallback,-0.05215433984994888,0.39007040126677345,0.2252072686536829,0.5202072283695672,0.5199805083418286,0.5199872652410895,0.5202004714703063,0.5201791748389271,0.5200085618724688,0.0,0.0,0.0,2.4091985324048437e-05,0.01002409216016531,0.0,0.0,0.0,0.0,0.0,-0.01750302128493786,-0.01750302128493786,0.0,0.0,0.0,0.0
82.264,0.016710502794012427,-0.009999999776482582,0.02671050257049501,datactrl_ref_vx_fallback,states_vx_gs,-0.025524692609906197,datactrl_est_theta_fallback,0.026896784082055092,0.39008453917689645,0.22521554013620748,0.5199102420463149,0.5203151957587424,0.5202789958900518,0.5199464419150055,0.5197137736364916,0.5205116641685656,0.0,0.0,0.0,0.003355251392349601,0.013355251401662827,0.0,0.0,0.0,0.0,0.0,-0.025524692609906197,-0.025524692609906197,0.0,0.0,0.0,0.0
82.546,0.016710502794012427,-0.009999999776482582,0.02671050257049501,datactrl_ref_vx_fallback,states_vx_gs,-0.009999999776482582,states_theta,-0.0854901447892189,0.38971410022004627,0.2250018537650602,0.5198333926827253,0.5194042079040647,0.5191336749565378,0.5201039256302522,0.5201500070401397,0.5190875935466503,0.0,0.0,0.0,0.003355251392349601,0.013355251401662827,0.0,0.0,0.0,0.0,0.0,-0.026863349601626396,-0.016863349825143814,0.0,0.0,0.0,0.0
82.848,0.01671585300937295,-0.009999999776482582,0.02671585278585553,datactrl_ref_vx_fallback,states_vx_gs,-0.019999999552965164,states_theta,-0.04487473517656326,0.39009120106770934,0.2252192665164444,0.5202215450340949,0.5200216578131299,0.5200956121166895,0.5201475907305353,0.5201558950696883,0.5200873077775365,0.0,0.0,0.0,0.0033579268492758274,0.013357926160097122,0.0,0.0,0.0,0.0,0.0,-0.02820764109492302,-0.008207641541957855,0.0,0.0,0.0,0.0
83.128,0.006715853698551655,0.0033579268492758274,0.0033579268492758274,datactrl_ref_vx_fallback,datactrl_est_vx_fallback,-0.029999999329447746,states_theta,-0.022007089108228683,0.390079626521833,0.22521262443381573,0.5199581535095756,0.520254183881979,0.5203353132214061,0.5198770241701485,0.5200043590277486,0.5202079783638061,0.0,0.0,0.0,0.0033579268492758274,0.0033579268492758274,0.0,0.0,0.0,0.0,0.0,-0.0083818593993783,0.02161814086139202,0.0,0.0,0.0,0.0
83.43,0.006715853698551655,0.0033579268492758274,0.0033579268492758274,datactrl_ref_vx_fallback,datactrl_est_vx_fallback,-0.009999999776482582,states_theta,0.13735339045524597,0.38970893257735634,0.22499862511012858,0.5197373531104686,0.5194864670958149,0.5192855622771746,0.519938257929109,0.5196231424011022,0.5196006778051814,0.0,0.0,0.0,0.0033579268492758274,0.0033579268492758274,0.0,0.0,0.0,0.0,0.0,-0.008718439377844334,0.001281560631468892,0.0,0.0,0.0,0.0
83.716,0.013378170318901539,0.006689085159450769,0.006689085159450769,datactrl_ref_vx_fallback,datactrl_est_vx_fallback,-0.015904979780316353,datactrl_est_theta_fallback,0.009667552076280117,0.39008952843596795,0.22521830100630083,0.5201354014852151,0.5201033410106994,0.5200212734824542,0.5202174690134603,0.5200714965049121,0.5201672459910024,0.0,0.0,0.0,0.006689085159450769,0.006689085159450769,0.0,0.0,0.0,0.0,0.0,-0.015904979780316353,-0.015904979780316353,0.0,0.0,0.0,0.0
84.01,0.013378170318901539,0.006689085159450769,0.006689085159450769,datactrl_ref_vx_fallback,datactrl_est_vx_fallback,-0.019999999552965164,states_theta,-0.12582360208034515,0.38973016644365926,0.22501097921792532,0.5193974379681568,0.5198830058816012,0.5200810749968505,0.5191993688529075,0.5194412310842922,0.5198392127654659,0.0,0.0,0.0,0.006689085159450769,0.006689085159450769,0.0,0.0,0.0,0.0,0.0,-0.01657545566558838,0.0034245429560542107,0.0,0.0,0.0,0.0
84.288,0.013378170318901539,0.006689085159450769,0.006689085159450769,datactrl_ref_vx_fallback,datactrl_est_vx_fallback,-0.019999999552965164,states_theta,0.0005488541792146862,0.38973796736219074,0.22501548126299326,0.5197628736367322,0.5195383726624431,0.5192665595172584,0.5200346867819169,0.5200105150837523,0.519290731215423,0.0,0.0,0.0,0.006689085159450769,0.006689085159450769,0.0,0.0,0.0,0.0,0.0,-0.017245933413505554,0.00275406613945961,0.0,0.0,0.0,0.0
84.576,0.013378170318901539,0.006689085159450769,0.006689085159450769,datactrl_ref_vx_fallback,datactrl_est_vx_fallback,-0.029999999329447746,states_theta,-0.03041170910000801,0.3901179333727375,0.2252347260140652,0.5203259098996681,0.5199885790942985,0.5200911256878141,0.5202233633061525,0.5203157966594477,0.5199986923345189,0.0,0.0,0.0,0.006689085159450769,0.006689085159450769,0.0,0.0,0.0,0.0,0.0,-0.01791640929877758,0.012083589099347591,0.0,0.0,0.0,0.0
84.863,0.013378170318901539,0.006689085159450769,0.006689085159450769,datactrl_ref_vx_fallback,datactrl_est_vx_fallback,-0.009999999776482582,states_theta,0.09085232764482498,0.3901094502912851,0.22522985897948952,0.520043744203554,0.5202481232398729,0.52018971551598,0.5201021519274469,0.5198283353669153,0.5204635320765116,0.0,0.0,0.0,0.006689085159450769,0.006689085159450769,0.0,0.0,0.0,0.0,0.0,-0.018586887046694756,-0.008586887270212173,0.0,0.0,0.0,0.0
85.172,0.013369248248636723,0.006684624124318361,0.006684624124318361,datactrl_ref_vx_fallback,datactrl_est_vx_fallback,-0.019999999552965164,states_theta,-0.14096273481845856,0.38974159423120713,0.22501745782254848,0.5194679739571363,0.5198429439927493,0.5198542311911708,0.5194566867587148,0.5197155157802814,0.5195954021696042,0.0,0.0,0.0,0.006684624124318361,0.006684624124318361,0.0,0.0,0.0,0.0,0.0,-0.01924818940460682,0.0007518092752434313,0.0,0.0,0.0,0.0
85.458,0.013369248248636723,0.006684624124318361,0.006684624124318361,datactrl_ref_vx_fallback,datactrl_est_vx_fallback,-0.03999999910593033,states_theta,-0.008869970217347145,0.39012615325598066,0.22523951867266354,0.5202216061256475,0.5201148025569675,0.5199544810754586,0.5203819276071564,0.5204747209680969,0.5198616877145181,0.0,0.0,0.0,0.006684624124318361,0.006684624124318361,0.0,0.0,0.0,0.0,0.0,-0.01991822011768818,0.02008177898824215,0.0,0.0,0.0,0.0
85.735,0.013373703695833683,0.0066868518479168415,0.0066868518479168415,datactrl_ref_vx_fallback,datactrl_est_vx_fallback,-0.029999999329447746,states_theta,0.017792988568544388,0.39013327910712653,0.2252435591752621,0.520259947629659,0.5200954633226784,0.5201295785703031,0.5202258323820343,0.5202053451134847,0.5201500658388527,0.0,0.0,0.0,0.0066868518479168415,0.0066868518479168415,0.0,0.0,0.0,0.0,0.0,-0.020592831075191498,0.009407169185578823,0.0,0.0,0.0,0.0
85.991,0.013373703695833683,0.0066868518479168415,0.0066868518479168415,datactrl_ref_vx_fallback,datactrl_est_vx_fallback,-0.029999999329447746,states_theta,-0.004226239863783121,0.3901536600957533,0.225255335818464,0.5203399635637044,0.5200697966916378,0.5201508995497902,0.5202588607055519,0.5202830839318585,0.5201266763234836,0.0,0.0,0.0,0.0066868518479168415,0.0066868518479168415,0.0,0.0,0.0,0.0,0.0,-0.020927956327795982,0.00907204207032919,0.0,0.0,0.0,0.0
86.311,0.013360325247049332,0.006680162623524666,0.006680162623524666,datactrl_ref_vx_fallback,datactrl_est_vx_fallback,-0.029999999329447746,states_theta,-0.005001853685826063,0.3897860890778733,0.22504312324485717,0.5198675265510102,0.5195620443233187,0.5196478483447132,0.5197817225296156,0.519803200816601,0.5196263700577278,0.0,0.0,0.0,0.006680162623524666,0.006680162623524666,0.0,0.0,0.0,0.0,0.0,-0.021919135004281998,0.008080865256488323,0.0,0.0,0.0,0.0
86.592,0.013360325247049332,0.006680162623524666,0.006680162623524666,datactrl_ref_vx_fallback,datactrl_est_vx_fallback,-0.029999999329447746,states_theta,-0.005001854617148638,0.38979593301241067,0.22504880897480292,0.5199165468818211,0.5195392744846073,0.5196921154628659,0.5197637059035626,0.5197823316518791,0.5196734897145493,0.0,0.0,0.0,0.006680162623524666,0.006680162623524666,0.0,0.0,0.0,0.0,0.0,-0.022588716819882393,0.007411282975226641,0.0,0.0,0.0,0.0
86.872,0.013348729349672794,0.006674364674836397,0.006674364674836397,datactrl_ref_vx_fallback,datactrl_est_vx_fallback,-0.029999999329447746,states_theta,-0.005001854617148638,0.38979270290272305,0.22504692999979803,0.519842546365985,0.5196046613746097,0.5197209320614018,0.5197262756791929,0.5197420411375433,0.5197051666030514,0.0,0.0,0.0,0.006674364674836397,0.006674364674836397,0.0,0.0,0.0,0.0,0.0,-0.02324637584388256,0.006753623019903898,0.0,0.0,0.0,0.0
87.172,0.013348729349672794,0.006674364674836397,0.006674364674836397,datactrl_ref_vx_fallback,datactrl_est_vx_fallback,-0.029999999329447746,states_theta,-0.005001854617148638,0.39017747488169396,0.22526907387493442,0.5202852999980005,0.5201879663531834,0.5202891397761416,0.5201841265750424,0.52019689561952,0.520276370731664,0.0,0.0,0.0,0.006674364674836397,0.006674364674836397,0.0,0.0,0.0,0.0,0.0,-0.023915378376841545,0.0060846214182674885,0.0,0.0,0.0,0.0
87.457,0.013348729349672794,0.006674364674836397,0.006674364674836397,datactrl_ref_vx_fallback,datactrl_est_vx_fallback,-0.029999999329447746,states_theta,-0.004002926871180534,0.39018625983183075,0.2252741462621939,0.520301371085719,0.520195321799163,0.5202999796731519,0.5201967132117301,0.520204335450635,0.520292357434247,0.0,0.0,0.0,0.006674364674836397,0.006674364674836397,0.0,0.0,0.0,0.0,0.0,-0.02458437904715538,0.005415620282292366,0.0,0.0,0.0,0.0
87.723,0.01334069762378931,0.006670348811894655,0.006670348811894655,datactrl_ref_vx_fallback,datactrl_est_vx_fallback,-0.029999999329447746,states_theta,-0.004001482855528593,0.38983563076170136,0.225071716046203,0.5198012292006577,0.519760452830546,0.519875337816894,0.5196863442143097,0.5196908663402685,0.5198708156909352,0.0,0.0,0.0,0.006670348811894655,0.006670348811894655,0.0,0.0,0.0,0.0,0.0,-0.025244921445846558,0.004755078349262476,0.0,0.0,0.0,0.0
87.941,0.01334069762378931,0.006670348811894655,0.006670348811894655,datactrl_ref_vx_fallback,datactrl_est_vx_fallback,-0.029999999329447746,states_theta,-0.00400148332118988,0.38984771876462854,0.22507870220958434,0.5197964258852638,0.5197974908204123,0.5199207326838106,0.5196731840218655,0.5196744904471257,0.5199194262585504,0.0,0.0,0.0,0.006670348811894655,0.006670348811894655,0.0,0.0,0.0,0.0,0.0,-0.025579219684004784,0.004420778714120388,0.0,0.0,0.0,0.0
87.995,0.01334069762378931,0.006670348811894655,0.006670348811894655,datactrl_ref_vx_fallback,datactrl_est_vx_fallback,-0.029999999329447746,states_theta,-0.00400148332118988,0.38984771876462854,0.22507870220958434,0.5197964258852638,0.5197974908204123,0.5199207326838106,0.5196731840218655,0.5196744904471257,0.5199194262585504,0.0,0.0,0.0,0.006670348811894655,0.006670348811894655,0.0,0.0,0.0,0.0,0.0,-0.02591351978480816,0.004086479544639587,0.0,0.0,0.0,0.0
88.299,0.01334069762378931,0.006670348811894655,0.006670348811894655,datactrl_ref_vx_fallback,datactrl_est_vx_fallback,-0.029999999329447746,states_theta,-0.00400148332118988,0.38986034672836894,0.22508599399960622,0.5198158787264161,0.5198117125492344,0.5199396331675019,0.5196879581081486,0.5196859747166918,0.5199416165589588,0.0,0.0,0.0,0.006670348811894655,0.006670348811894655,0.0,0.0,0.0,0.0,0.0,-0.02658211812376976,0.003417880740016699,0.0,0.0,0.0,0.0
88.578,0.013332667760550976,0.006666333880275488,0.006666333880275488,datactrl_ref_vx_fallback,datactrl_est_vx_fallback,-0.029999999329447746,states_theta,-0.00400148332118988,0.3902484876465001,0.22531010345310892,0.520298674499144,0.5203639592248563,0.5205023220197263,0.520160311704274,0.5201550119916049,0.5205076217323955,0.0,0.0,0.0,0.006666333880275488,0.006666333880275488,0.0,0.0,0.0,0.0,0.0,-0.027242260053753853,0.0027577392756938934,0.0,0.0,0.0,0.0
88.866,0.0033326679840683937,0.009999999776482582,-0.006667331792414188,datactrl_ref_vx_fallback,states_vx_gs,-0.029999999329447746,states_theta,0.09637020528316498,0.3898700070677304,0.22509155824896043,0.519812272198906,0.5198410799817084,0.5197359533412964,0.519917398839318,0.5198189063753065,0.5198344458053079,0.0,0.0,0.0,0.006666333880275488,-0.003333665896207094,0.0,0.0,0.0,0.0,0.0,-0.006845984607934952,0.023154014721512794,0.0,0.0,0.0,0.0
89.141,-0.003337681293487549,0.009999999776482582,-0.013337681069970131,datactrl_ref_vx_fallback,states_vx_gs,0.00034638322540558875,datactrl_est_theta_fallback,0.14075684547424316,0.3898842010470507,0.22509979050262907,0.5197817624923902,0.5199094402997451,0.519583283479299,0.5201079193128362,0.5197919070245474,0.5198992957675879,0.0,0.0,0.0,0.0033311592414975166,-0.0066688405349850655,0.0,0.0,0.0,0.0,0.0,0.00034638322540558875,0.00034638322540558875,0.0,0.0,0.0,0.0
89.436,-0.0033376829233020544,0.009999999776482582,-0.013337682699784636,datactrl_ref_vx_fallback,states_vx_gs,0.0010482545476406813,datactrl_est_theta_fallback,-0.060010433197021484,0.3898977499814963,0.2251075824303865,0.5198000107958978,0.5199273224880923,0.5199909868365545,0.5197363464474355,0.5198415924516081,0.5198857408323819,0.0,0.0,0.0,0.0033311585430055857,-0.00666884146630764,0.0,0.0,0.0,0.0,0.0,0.0010482545476406813,0.0010482545476406813,0.0,0.0,0.0,0.0
89.711,-0.003346605459228158,0.009999999776482582,-0.01334660523571074,datactrl_ref_vx_fallback,states_vx_gs,0.0017258989391848445,datactrl_est_theta_fallback,0.10537213832139969,0.39030101937188955,0.22534042292615733,0.5203320362788567,0.5204706820461821,0.5202078751494419,0.5205948431755969,0.5203611996782644,0.5204415186467743,0.0,0.0,0.0,0.0033266970422118902,-0.006673302501440048,0.0,0.0,0.0,0.0,0.0,0.0017258989391848445,0.0017258989391848445,0.0,0.0,0.0,0.0
90.003,-0.003346605459228158,0.009999999776482582,-0.01334660523571074,datactrl_ref_vx_fallback,states_vx_gs,0.002394793787971139,datactrl_est_theta_fallback,-0.07533188909292221,0.39028637932711074,0.22533196651436177,0.520260840093044,0.5205028381125847,0.5205302795743036,0.520233398631325,0.5203792771913911,0.5203844010142376,0.0,0.0,0.0,0.0033266970422118902,-0.006673302501440048,0.0,0.0,0.0,0.0,0.0,0.002394793787971139,0.002394793787971139,0.0,0.0,0.0,0.0
90.297,-0.0033573152031749487,0.009999999776482582,-0.01335731497965753,datactrl_ref_vx_fallback,states_vx_gs,-0.009999999776482582,states_theta,0.006807143799960613,0.3899261523630257,0.22512397450451493,0.5199792572017762,0.5198238157662923,0.5198791545295561,0.5199239184385124,0.5199591258185997,0.5198439471494688,0.0,0.0,0.0,0.0033213424030691385,-0.006678657606244087,0.0,0.0,0.0,0.0,0.0,0.0030747486744076014,0.01307474821805954,0.0,0.0,0.0,0.0
90.599,-0.01001784556228813,0.009999999776482582,-0.020017845338770712,datactrl_ref_vx_fallback,states_vx_gs,0.010608949698507786,datactrl_est_theta_fallback,0.09356875717639923,0.3899421882834768,0.225133245450537,0.5200073197269773,0.5198385156956274,0.5197634455489207,0.520082389873684,0.5199244079679982,0.5199214274546066,0.0,0.0,0.0,-8.922784218157176e-06,-0.010008922778069973,0.0,0.0,0.0,0.0,0.0,0.010608949698507786,0.010608949698507786,0.0,0.0,0.0,0.0
90.877,-0.010026767989984364,0.009999999776482582,-0.020026767766466946,datactrl_ref_vx_fallback,states_vx_gs,0.011621384881436825,datactrl_est_theta_fallback,-0.13472923636436462,0.3899688136970202,0.22514865310600665,0.5198277889962563,0.520089047529131,0.5202364906059765,0.5196803459194107,0.520003715951728,0.5199131205736592,0.0,0.0,0.0,-1.3384176781983115e-05,-0.010013383813202381,0.0,0.0,0.0,0.0,0.0,0.011621384881436825,0.011621384881436825,0.0,0.0,0.0,0.0
91.153,-0.010026767989984364,0.009999999776482582,-0.020026767766466946,datactrl_ref_vx_fallback,states_vx_gs,0.012625071220099926,datactrl_est_theta_fallback,0.11412180215120316,0.38998247367282524,0.2251565152365222,0.5200287777178225,0.5199244854097114,0.5197563635791004,0.5201968995484335,0.5200105035208898,0.519942759606644,0.0,0.0,0.0,-1.3384176781983115e-05,-0.010013383813202381,0.0,0.0,0.0,0.0,0.0,0.012625071220099926,0.012625071220099926,0.0,0.0,0.0,0.0
91.427,-0.01002944448555354,0.009999999776482582,-0.020029444262036122,datactrl_ref_vx_fallback,states_vx_gs,0.01363158319145441,datactrl_est_theta_fallback,-0.01526615396142006,0.3899977986094352,0.22516536509386614,0.5199325550139352,0.5200615746112253,0.5201964740735202,0.5197976555516403,0.5198872214030924,0.5201069082220681,0.0,0.0,0.0,-1.4722361811436713e-05,-0.010014722123742104,0.0,0.0,0.0,0.0,0.0,0.01363158319145441,0.01363158319145441,0.0,0.0,0.0,0.0
91.696,-0.010035691348093678,0.009999999776482582,-0.02003569112457626,datactrl_ref_vx_fallback,states_vx_gs,0.009999999776482582,states_theta,0.057245559990406036,0.3899991000472422,0.22516610600771228,0.5200916292384986,0.5199059708874806,0.5198379556689099,0.5201596444570693,0.5200501840935428,0.5199474160324364,0.0,0.0,0.0,-1.7845568436314352e-05,-0.010017845779657364,0.0,0.0,0.0,0.0,0.0,0.014641997404396534,0.004641997627913952,0.0,0.0,0.0,0.0
91.987,-0.016698007937520742,0.009999999776482582,-0.026698007714003325,datactrl_ref_vx_fallback,states_vx_gs,0.009999999776482582,states_theta,-0.03701099008321762,0.39001427204254563,0.2251748986600901,0.5198830644268801,0.5201549943532415,0.520271582871964,0.5197664759081577,0.5198986933637795,0.5201393654163422,0.0,0.0,0.0,-0.0033490038476884365,-0.013349004089832306,0.0,0.0,0.0,0.0,0.0,0.022679734975099564,0.012679735198616982,0.0,0.0,0.0,0.0
92.268,-0.016706930240616202,0.009999999776482582,-0.026706930017098784,datactrl_ref_vx_fallback,states_vx_gs,0.009999999776482582,states_theta,0.09686388075351715,0.3900299300025809,0.22518391089874074,0.5201182394655989,0.519961573874617,0.5198470015914988,0.520232811748717,0.5200961660773437,0.5199836472628722,0.0,0.0,0.0,-0.0033534651156514883,-0.013353465124964714,0.0,0.0,0.0,0.0,0.0,0.024026960134506226,0.014026961289346218,0.0,0.0,0.0,0.0
92.564,-0.016706930240616202,0.009999999776482582,-0.026706930017098784,datactrl_ref_vx_fallback,states_vx_gs,0.019999999552965164,states_theta,-0.017106976360082626,0.39004599296832565,0.22519316268900783,0.5200200526898776,0.5201025952256574,0.5201294652127856,0.5199931827027494,0.5200460454081387,0.5200766025073963,0.0,0.0,0.0,-0.0033534651156514883,-0.013353465124964714,0.0,0.0,0.0,0.0,0.0,0.0253654383122921,0.005365438759326935,0.0,0.0,0.0,0.0
92.845,-0.006706930231302977,-0.0033534651156514883,-0.0033534651156514883,datactrl_ref_vx_fallback,datactrl_est_vx_fallback,0.019999999552965164,states_theta,0.02062816172838211,0.3900491303416297,0.22519498432659266,0.5201081887709629,0.520022825473383,0.5199143627149952,0.5202166515293506,0.5200860833250763,0.5200449309192695,0.0,0.0,0.0,-0.0033534651156514883,-0.0033534651156514883,0.0,0.0,0.0,0.0,0.0,0.006341084837913513,-0.013658914715051651,0.0,0.0,0.0,0.0
93.137,-0.013369248248636723,-0.006684624124318361,-0.006684624124318361,datactrl_ref_vx_fallback,datactrl_est_vx_fallback,0.019999999552965164,states_theta,-0.05476371571421623,0.3900388703122465,0.22518906567210722,0.520013482587051,0.5200901715789397,0.5202076938461039,0.5198959603198868,0.519960782659728,0.5201428715062627,0.0,0.0,0.0,-0.006684624124318361,-0.006684624124318361,0.0,0.0,0.0,0.0,0.0,0.013543985784053802,-0.006456013303250074,0.0,0.0,0.0,0.0
93.426,-0.013378170318901539,-0.006689085159450769,-0.006689085159450769,datactrl_ref_vx_fallback,datactrl_est_vx_fallback,0.009999999776482582,states_theta,0.02124590426683426,0.3900561482839431,0.22519902265071848,0.5200821860636401,0.5200675426935414,0.5200674104039626,0.5200823183532188,0.5200487228539286,0.5201010059032529,0.0,0.0,0.0,-0.006689085159450769,-0.006689085159450769,0.0,0.0,0.0,0.0,0.0,0.014223211444914341,0.004223211668431759,0.0,0.0,0.0,0.0
93.646,-0.013378170318901539,-0.006689085159450769,-0.006689085159450769,datactrl_ref_vx_fallback,datactrl_est_vx_fallback,0.009999999776482582,states_theta,0.00835347082465887,0.3900464282153733,0.22519343555031315,0.520134476258968,0.5199893323153607,0.5198994280210345,0.5202243805532942,0.5201792775817862,0.5199445309925426,0.0,0.0,0.0,-0.006689085159450769,-0.006689085159450769,0.0,0.0,0.0,0.0,0.0,0.014558450318872929,0.004558450076729059,0.0,0.0,0.0,0.0
93.998,-0.013378170318901539,-0.006689085159450769,-0.006689085159450769,datactrl_ref_vx_fallback,datactrl_est_vx_fallback,0.009999999776482582,states_theta,-0.03499656915664673,0.3900640841596392,0.2252036385692198,0.5199921284820375,0.5201787626103338,0.5202882799462385,0.5198826111461328,0.5199738764465618,0.5201970146458095,0.0,0.0,0.0,-0.006689085159450769,-0.006689085159450769,0.0,0.0,0.0,0.0,0.0,0.015564165078103542,0.00556416530162096,0.0,0.0,0.0,0.0
94.293,-0.013378170318901539,-0.006689085159450769,-0.006689085159450769,datactrl_ref_vx_fallback,datactrl_est_vx_fallback,0.019999999552965164,states_theta,0.0410202220082283,0.3900549040518828,0.22519835230069213,0.5201698601799798,0.5199765506250411,0.5198258733494239,0.520320537455597,0.5202026938757354,0.5199437169292855,0.0,0.0,0.0,-0.006689085159450769,-0.006689085159450769,0.0,0.0,0.0,0.0,0.0,0.016234641894698143,-0.003765357658267021,0.0,0.0,0.0,0.0
94.559,-0.013378170318901539,-0.006689085159450769,-0.006689085159450769,datactrl_ref_vx_fallback,datactrl_est_vx_fallback,0.009999999776482582,states_theta,-0.016025494784116745,0.39004572394412645,0.22519303376453778,0.5199843848961802,0.5201375456214904,0.5202433673994201,0.5198785631182504,0.5199384917981823,0.5201834387194882,0.0,0.0,0.0,-0.006689085159450769,-0.006689085159450769,0.0,0.0,0.0,0.0,0.0,0.01690511777997017,0.006905118934810162,0.0,0.0,0.0,0.0
94.71,-0.013378170318901539,-0.006689085159450769,-0.006689085159450769,datactrl_ref_vx_fallback,datactrl_est_vx_fallback,0.009999999776482582,states_theta,0.02090250514447689,0.3900411338902482,0.22519045610214336,0.5198688493886329,0.5202408409853624,0.5203213054366614,0.5197883849373338,0.5197738102964621,0.5203358800775332,0.0,0.0,0.0,-0.006689085159450769,-0.006689085159450769,0.0,0.0,0.0,0.0,0.0,0.017240356653928757,0.007240357343107462,0.0,0.0,0.0,0.0
94.829,-0.013378170318901539,-0.006689085159450769,-0.006689085159450769,datactrl_ref_vx_fallback,datactrl_est_vx_fallback,0.019999999552965164,states_theta,0.01951446756720543,0.39003195378249184,0.22518510421622587,0.5201262342368893,0.5199589758497556,0.5198415628828528,0.5202436472037921,0.5202522154292712,0.5198329946573736,0.0,0.0,0.0,-0.006689085159450769,-0.006689085159450769,0.0,0.0,0.0,0.0,0.0,0.017575595527887344,-0.0024244042579084635,0.0,0.0,0.0,0.0
95.161,-0.013383517973124981,-0.0066917589865624905,-0.0066917589865624905,datactrl_ref_vx_fallback,datactrl_est_vx_fallback,0.009999999776482582,states_theta,0.0029725150670856237,0.39002277367473553,0.2251797802456086,0.5199789345773002,0.5200817952219946,0.5201961285770429,0.5198646012222519,0.5198951246606689,0.5201656051386259,0.0,0.0,0.0,-0.0066917589865624905,-0.0066917589865624905,0.0,0.0,0.0,0.0,0.0,0.018586821854114532,0.00858682207763195,0.0,0.0,0.0,0.0
95.45,-0.02004048600792885,-0.010020243003964424,-0.010020243003964424,datactrl_ref_vx_fallback,datactrl_est_vx_fallback,0.019999999552965164,states_theta,0.02214190363883972,0.38998635254434677,0.22515874960588783,0.5200760787971229,0.5198875279878018,0.5198406169691397,0.520122989815785,0.5201017218292344,0.5198618849556903,0.0,0.0,0.0,-0.010020243003964424,-0.010020243003964424,0.0,0.0,0.0,0.0,0.0,0.026285523548722267,0.006285524927079678,0.0,0.0,0.0,0.0
95.732,-0.02004048600792885,-0.010020243003964424,-0.010020243003964424,datactrl_ref_vx_fallback,datactrl_est_vx_fallback,0.019999999552965164,states_theta,-0.015185153111815453,0.3899766324757769,0.22515312423695114,0.5198942817267077,0.520043404875364,0.520075628328804,0.5198620582732677,0.5199246923509798,0.5200129942510919,0.0,0.0,0.0,-0.010020243003964424,-0.010020243003964424,0.0,0.0,0.0,0.0,0.0,0.027289897203445435,0.007289898116141558,0.0,0.0,0.0,0.0
96.014,-0.02004048600792885,-0.010020243003964424,-0.010020243003964424,datactrl_ref_vx_fallback,datactrl_est_vx_fallback,0.019999999552965164,states_theta,0.02209346368908882,0.3899669124072072,0.22514750670373826,0.5199247333602933,0.5199870330589259,0.5200138463346887,0.5198979200845305,0.5198895025754114,0.5200222638438078,0.0,0.0,0.0,-0.010020243003964424,-0.010020243003964424,0.0,0.0,0.0,0.0,0.0,0.028294270858168602,0.008294272236526012,0.0,0.0,0.0,0.0
96.301,-0.02004048600792885,-0.010020243003964424,-0.010020243003964424,datactrl_ref_vx_fallback,datactrl_est_vx_fallback,0.019999999552965164,states_theta,0.022008143365383148,0.38995719233863746,0.225141923563637,0.5200280290578954,0.5198578171784711,0.5197788812062951,0.5201069650300714,0.5201052667589454,0.5197805794774211,0.0,0.0,0.0,-0.010020243003964424,-0.010020243003964424,0.0,0.0,0.0,0.0,0.0,0.02929864451289177,0.009298644959926605,0.0,0.0,0.0,0.0
96.63,-0.020031562075018883,-0.010015781037509441,-0.010015781037509441,datactrl_ref_vx_fallback,datactrl_est_vx_fallback,0.029999999329447746,states_theta,0.022008154541254044,0.3899199882650693,0.22512045129646466,0.5198016247805395,0.5199850105929786,0.520046989830298,0.5197396455432202,0.5196883458110055,0.5200982895625126,0.0,0.0,0.0,-0.010015781037509441,-0.010015781037509441,0.0,0.0,0.0,0.0,0.0,0.030293596908450127,0.0002935978409368545,0.0,0.0,0.0,0.0
96.842,-0.020036017522215843,-0.010018008761107922,-0.010018008761107922,datactrl_ref_vx_fallback,datactrl_est_vx_fallback,0.029999999329447746,states_theta,0.021468153223395348,0.38990972823568604,0.22511452741684124,0.519995987425625,0.5197632878695377,0.51968553630087,0.5200737389942928,0.5200292150255789,0.5197300602695839,0.0,0.0,0.0,-0.010018008761107922,-0.010018008761107922,0.0,0.0,0.0,0.0,0.0,0.03080015257000923,0.0008001531241461635,0.0,0.0,0.0,0.0
96.893,-0.020031562075018883,-0.010015781037509441,-0.010015781037509441,datactrl_ref_vx_fallback,datactrl_est_vx_fallback,0.029999999329447746,states_theta,0.021468153223395348,0.38990972823568604,0.22511452741684124,0.519995987425625,0.5197632878695377,0.51968553630087,0.5200737389942928,0.5200292150255789,0.5197300602695839,0.0,0.0,0.0,-0.010015781037509441,-0.010015781037509441,0.0,0.0,0.0,0.0,0.0,0.03129763528704643,0.0012976358411833644,0.0,0.0,0.0,0.0
97.169,1.0,0.15998421609401703,0.840015783905983,gncbus_cmd,datactrl_est_vx_fallback,0.029999999329447746,states_theta,-0.012668711133301258,0.38989946820630283,0.22510869406023484,0.5197100687037666,0.5200218465130411,0.5199990129113613,0.5197329023054463,0.5194253320572385,0.5203065831595691,0.0,0.0,0.0,0.15998421609401703,0.15998421609401703,0.0,0.0,0.0,0.0,0.0,-0.3198305070400238,-0.3498305082321167,0.0,0.0,0.0,0.0
97.431,1.0,0.35998421907424927,0.6400157809257507,gncbus_cmd,datactrl_est_vx_fallback,-0.7516430020332336,datactrl_est_theta_fallback,-0.33124297857284546,0.3898892081769197,0.2251029963549354,0.519978574264472,0.5197259808739805,0.5191873132211805,0.520517241917272,0.5194223089576758,0.5202822461807767,0.0,0.0,0.0,0.35998421907424927,0.35998421907424927,0.0,0.0,0.0,0.0,0.0,-0.7516430020332336,-0.7516430020332336,0.0,0.0,0.0,0.0
97.704,1.0,0.5599842071533203,0.4400157928466797,gncbus_cmd,datactrl_est_vx_fallback,-0.14000000059604645,states_theta,-1.1077803373336792,0.3898789481475366,0.2250974636926333,0.5198805827594137,0.5197966123006839,0.518960058580368,0.5207171364797296,0.5190813403254977,0.5205958547345999,0.0,0.0,0.0,0.5599842071533203,0.5599842071533203,0.0,0.0,0.0,0.0,0.0,-1.2035024166107178,-1.063502311706543,0.0,0.0,0.0,0.0
98.01,1.0,0.7599841952323914,0.24001580476760864,gncbus_cmd,datactrl_est_vx_fallback,-0.5,states_theta,-2.1929702758789062,0.3898959561388263,0.22510695418950508,0.5198196937898018,0.5199028559137352,0.5193097055152205,0.5204128441883165,0.519191556771853,0.5205309929316839,0.0,0.0,0.0,0.7599841952323914,0.7599841952323914,0.0,0.0,0.0,0.0,0.0,-1.6754086017608643,-1.1754086017608643,0.0,0.0,0.0,0.0
98.283,1.0,0.029999999329447746,0.9700000006705523,gncbus_cmd,states_vx_gs,-1.0399999618530273,states_theta,-3.002497911453247,0.3898862360702566,0.2251009251963946,0.5198240710326693,0.519872558488015,0.5198038338706648,0.5198927956500194,0.5198207211435626,0.5198759083771216,0.0,0.0,0.0,0.9599842429161072,0.9299842119216919,0.0,0.0,0.0,0.0,0.0,-2.1048197746276855,-1.0648199319839478,0.0,0.0,0.0,0.0
98.568,1.0,0.07999999821186066,0.9200000017881393,gncbus_cmd,states_vx_gs,-1.6299999952316284,states_theta,-2.922304630279541,0.3902796960022164,0.22532889734181197,0.5203704786809273,0.5203753773249831,0.521189217926714,0.5195566380791964,0.5212636721255536,0.5194821838803568,0.0,0.0,0.0,1.0,0.9200000166893005,0.0,0.0,0.0,0.0,0.0,-2.1792101860046387,-0.549210250377655,0.0,0.0,0.0,0.0
98.852,1.0,0.14000000059604645,0.8599999994039536,gncbus_cmd,states_vx_gs,-2.069999933242798,states_theta,-1.640559434890747,0.38993943791328295,0.2251325332985922,0.519929484900448,0.5199090162016399,0.5207591930360803,0.5190793080660075,0.5208701813989202,0.5189683197031677,0.0,0.0,0.0,1.0,0.8600000143051147,0.0,0.0,0.0,0.0,0.0,-2.1472442150115967,-0.0772443488240242,0.0,0.0,0.0,0.0
99.145,1.0,0.20999999344348907,0.7900000065565109,gncbus_cmd,states_vx_gs,-2.2200000286102295,states_theta,-0.15491096675395966,0.3899630489083603,0.2251453134939546,0.5199330979863119,0.5199683657693155,0.5201649813588731,0.5197364823967543,0.5201235154549564,0.519777948300671,0.0,0.0,0.0,1.0,0.7900000214576721,0.0,0.0,0.0,0.0,0.0,-2.087949275970459,0.13205084204673767,0.0,0.0,0.0,0.0
99.432,1.0,0.28999999165534973,0.7100000083446503,gncbus_cmd,states_vx_gs,-2.1499998569488525,states_theta,0.5653855204582214,0.38998644986425657,0.22515893884715688,0.5199502184201521,0.5200136478845321,0.5195498257070491,0.5204140405976351,0.5196734776330915,0.5202903886715927,0.0,0.0,0.0,1.0,0.7100000381469727,0.0,0.0,0.0,0.0,0.0,-2.0008738040924072,0.14912594854831696,0.0,0.0,0.0,0.0
99.726,1.0,0.3499999940395355,0.6500000059604645,gncbus_cmd,states_vx_gs,-2.059999942779541,states_theta,0.3208095133304596,0.3899926922057198,0.22516246172070606,0.5200628409963661,0.51991767155222,0.5196709677847081,0.520309544763878,0.5198185190374668,0.5201619935111194,0.0,0.0,0.0,1.0,0.6499999761581421,0.0,0.0,0.0,0.0,0.0,-1.947056770324707,0.112943135201931,0.0,0.0,0.0,0.0
100.008,1.0,0.41999998688697815,0.5800000131130219,gncbus_cmd,states_vx_gs,-2.009999990463257,states_theta,0.360773503780365,0.3900159942156924,0.22517591984102717,0.5197788798464894,0.520263771395357,0.5198359554334013,0.520206695808445,0.5197932082297663,0.5202494430120801,0.0,0.0,0.0,1.0,0.5800000429153442,0.0,0.0,0.0,0.0,0.0,-1.8662112951278687,0.143788680434227,0.0,0.0,0.0,0.0
100.299,1.0,0.4899999797344208,0.5100000202655792,gncbus_cmd,states_vx_gs,-1.9299999475479126,states_theta,0.3722432255744934,0.39003645822339594,0.22518780674605413,0.5202620560201584,0.5198351659088974,0.5195748673787709,0.520522354550285,0.5201186967325148,0.5199785251965411,0.0,0.0,0.0,1.0,0.5099999904632568,0.0,0.0,0.0,0.0,0.0,-1.7812061309814453,0.14879386126995087,0.0,0.0,0.0,0.0
100.568,1.0,0.550000011920929,0.44999998807907104,gncbus_cmd,states_vx_gs,-1.7899999618530273,states_theta,0.797397255897522,0.3900577321459515,0.22520071675982942,0.5198960780102712,0.5202578743789329,0.519592382735809,0.5205615696533951,0.5190102588938371,0.5211436934953669,0.0,0.0,0.0,1.0,0.44999998807907104,0.0,0.0,0.0,0.0,0.0,-1.7071917057037354,0.08280827850103378,0.0,0.0,0.0,0.0
100.857,1.0,0.6100000143051147,0.38999998569488525,gncbus_cmd,states_vx_gs,-1.6399999856948853,states_theta,0.7857581377029419,0.3900659050130224,0.2252057030040246,0.5202365605413649,0.5199391861600281,0.518991068959013,0.52118467774238,0.5192738895941963,0.5209018571071967,0.0,0.0,0.0,1.0,0.38999998569488525,0.0,0.0,0.0,0.0,0.0,-1.6273136138916016,0.012686355039477348,0.0,0.0,0.0,0.0
101.128,1.0,0.6599999666213989,0.3400000333786011,gncbus_cmd,states_vx_gs,-1.4900000095367432,states_theta,0.670133113861084,0.3900880700170445,0.22521880973032365,0.5199533696326348,0.5202814837461505,0.5192547533352332,0.5209801000435521,0.5188233069714896,0.5214115464072957,0.0,0.0,0.0,1.0,0.3400000333786011,0.0,0.0,0.0,0.0,0.0,-1.5624860525131226,-0.07248607277870178,0.0,0.0,0.0,0.0
101.407,1.0,0.699999988079071,0.30000001192092896,gncbus_cmd,states_vx_gs,-1.3799999952316284,states_theta,0.5061214566230774,0.3900834799631663,0.22521617888899523,0.5202485353723585,0.5199740778627515,0.5188257275039257,0.5213968857311843,0.5192118987646667,0.5210107144704433,0.0,0.0,0.0,1.0,0.30000001192092896,0.0,0.0,0.0,0.0,0.0,-1.513310194015503,-0.1333102136850357,0.0,0.0,0.0,0.0
101.673,1.0,0.75,0.25,gncbus_cmd,states_vx_gs,-1.2799999713897705,states_theta,0.46598097681999207,0.39010642791036776,0.22522953577425645,0.520021605553508,0.5202622022074727,0.5191865276578568,0.5210972801031238,0.5188198616655536,0.521463946095427,0.0,0.0,0.0,1.0,0.25,0.0,0.0,0.0,0.0,0.0,-1.4394614696502686,-0.15946146845817566,0.0,0.0,0.0,0.0
101.957,1.0,0.7799999713897705,0.2200000286102295,gncbus_cmd,states_vx_gs,-1.1899999380111694,states_theta,0.44973596930503845,0.3901023778173029,0.2252275803872,0.5202571081664051,0.5200158993464026,0.5186760809856441,0.5215969265271636,0.5190330622102142,0.5212399453025935,0.0,0.0,0.0,1.0,0.2200000286102295,0.0,0.0,0.0,0.0,0.0,-1.402228832244873,-0.21222887933254242,0.0,0.0,0.0,0.0
102.232,1.0,0.8199999928474426,0.18000000715255737,gncbus_cmd,states_vx_gs,-1.1100000143051147,states_theta,0.3569515347480774,0.390098327724238,0.22522516391165195,0.5199904953491605,0.5202717119154743,0.519014673743078,0.5212475335215568,0.518731844755025,0.5215303625096098,0.0,0.0,0.0,1.0,0.18000000715255737,0.0,0.0,0.0,0.0,0.0,-1.3411250114440918,-0.23112502694129944,0.0,0.0,0.0,0.0
102.521,1.0,0.8499999642372131,0.15000003576278687,gncbus_cmd,states_vx_gs,-1.0399999618530273,states_theta,0.3274873197078705,0.3900942776311732,0.22522297667799537,0.5202450991614515,0.5200063078550105,0.5187364372279014,0.5215149697885605,0.5188799141124601,0.5213714929040018,0.0,0.0,0.0,1.0,0.15000003576278687,0.0,0.0,0.0,0.0,0.0,-1.2971265316009521,-0.2571266293525696,0.0,0.0,0.0,0.0
102.802,1.0,0.8799999952316284,0.12000000476837158,gncbus_cmd,states_vx_gs,-0.9699999690055847,states_theta,0.3848033845424652,0.3900902275381084,0.22522114181351877,0.5202028267110957,0.5200377800571933,0.5185730581029463,0.5216675486653427,0.5187051684895293,0.5215354382787597,0.0,0.0,0.0,1.0,0.12000000476837158,0.0,0.0,0.0,0.0,0.0,-1.2501710653305054,-0.28017112612724304,0.0,0.0,0.0,0.0
103.08,1.0,0.8999999761581421,0.10000002384185791,gncbus_cmd,states_vx_gs,-0.8700000047683716,states_theta,0.5826802849769592,0.39008617744504354,0.2252203710320301,0.5200246283487269,0.5202051781713892,0.5182583754514033,0.5219714310687128,0.5181725281050912,0.5220572784150249,0.0,0.0,0.0,1.0,0.10000002384185791,0.0,0.0,0.0,0.0,0.0,-1.2206717729568481,-0.3506717085838318,0.0,0.0,0.0,0.0
103.36,1.0,0.9199999570846558,0.08000004291534424,gncbus_cmd,states_vx_gs,-0.7599999904632568,states_theta,0.40694934129714966,0.39008212735197867,0.22521827298490674,0.5200210923716723,0.5201979139002709,0.51810227809309,0.5221167281788532,0.5182058915370704,0.5220131147348728,0.0,0.0,0.0,1.0,0.08000004291534424,0.0,0.0,0.0,0.0,0.0,-1.188967227935791,-0.4289672076702118,0.0,0.0,0.0,0.0
103.647,1.0,0.9399999976158142,0.06000000238418579,gncbus_cmd,states_vx_gs,-0.7099999785423279,states_theta,0.37117481231689453,0.39005056625587475,0.2252002429848419,0.5202574153860213,0.5198774279629781,0.5178945137876372,0.5222403295613622,0.5182652507445609,0.5218695926044385,0.0,0.0,0.0,1.0,0.06000000238418579,0.0,0.0,0.0,0.0,0.0,-1.1553080081939697,-0.44530799984931946,0.0,0.0,0.0,0.0
103.93,1.0,0.9599999785423279,0.04000002145767212,gncbus_cmd,states_vx_gs,-0.6499999761581421,states_theta,0.1486978530883789,0.3900023482020583,0.22517195090747427,0.5197317572146246,0.5202745046575309,0.5185155076355251,0.5214907542366304,0.517789288656631,0.5222169732155245,0.0,0.0,0.0,1.0,0.04000002145767212,0.0,0.0,0.0,0.0,0.0,-1.1199449300765991,-0.46994492411613464,0.0,0.0,0.0,0.0
104.218,1.0,0.9699999690055847,0.030000030994415283,gncbus_cmd,states_vx_gs,-0.6299999952316284,states_theta,0.0905003696680069,0.3899698420631914,0.22515300565279295,0.5200889859315793,0.5198305929035979,0.5178327511208696,0.5220868277143076,0.518434707156131,0.5214848716790461,0.0,0.0,0.0,1.0,0.030000030994415283,0.0,0.0,0.0,0.0,0.0,-1.1032907962799072,-0.4732907712459564,0.0,0.0,0.0,0.0
104.494,1.0,0.9799999594688416,0.020000040531158447,gncbus_cmd,states_vx_gs,-0.5699999928474426,states_theta,0.2981386184692383,0.3899368769054908,0.22513551848094618,0.5198469455427788,0.5199847262051966,0.5179458062348938,0.5218858655130816,0.5175150714809855,0.5223166002669899,0.0,0.0,0.0,1.0,0.020000040531158447,0.0,0.0,0.0,0.0,0.0,-1.0853335857391357,-0.5153335928916931,0.0,0.0,0.0,0.0
104.79,1.0,0.9899999499320984,0.010000050067901611,gncbus_cmd,states_vx_gs,-0.5399999618530273,states_theta,0.1765328049659729,0.38993039685954467,0.22513141118880695,0.5199555768636048,0.5198588147618477,0.5176948836553777,0.5221195079700748,0.5178839913599697,0.5219304002654829,0.0,0.0,0.0,1.0,0.010000050067901611,0.0,0.0,0.0,0.0,0.0,-1.0662237405776978,-0.5262237787246704,0.0,0.0,0.0,0.0
105.085,1.0,1.0,0.0,gncbus_cmd,states_vx_gs,-0.5099999904632568,states_theta,0.17235836386680603,0.3898828463296627,0.2251042177790706,0.519791409272171,0.5198961809402628,0.5178170358815877,0.5218705543308462,0.5175315521144577,0.5221560380979762,0.0,0.0,0.0,1.0,0.0,0.0,0.0,0.0,0.0,0.0,-1.0459610223770142,-0.5359610319137573,0.0,0.0,0.0,0.0
105.356,1.0,1.0099999904632568,-0.009999990463256836,gncbus_cmd,states_vx_gs,-0.47999998927116394,states_theta,0.13302631676197052,0.38987555621397396,0.22510005381433923,0.519737793887112,0.5199303560168186,0.5176091427914402,0.5220590071124904,0.5176944009494102,0.5219737489545204,0.0,0.0,0.0,1.0,-0.009999990463256836,0.0,0.0,0.0,0.0,0.0,-1.0246961116790771,-0.5446960926055908,0.0,0.0,0.0,0.0
105.564,1.0,1.0199999809265137,-0.019999980926513672,gncbus_cmd,states_vx_gs,-0.47999998927116394,states_theta,0.05738472938537598,0.3898407820932871,0.22507929895273157,0.5198180770415878,0.5197573418738445,0.5176659403925776,0.5219094785228546,0.5178349512591154,0.5217404676563169,0.0,0.0,0.0,1.0,-0.019999980926513672,0.0,0.0,0.0,0.0,0.0,-1.0035815238952637,-0.5235815048217773,0.0,0.0,0.0,0.0
105.62,1.0,1.0199999809265137,-0.019999980926513672,gncbus_cmd,states_vx_gs,-0.4699999988079071,states_theta,-0.0025519998744130135,0.3898407820932871,0.22507929895273157,0.5198180770415878,0.5197573418738445,0.5176659403925776,0.5219094785228546,0.5178349512591154,0.5217404676563169,0.0,0.0,0.0,1.0,-0.019999980926513672,0.0,0.0,0.0,0.0,0.0,-1.0025792121887207,-0.5325791835784912,0.0,0.0,0.0,0.0
105.912,1.0,1.0299999713897705,-0.029999971389770508,gncbus_cmd,states_vx_gs,-0.4599999785423279,states_theta,0.1865304559469223,0.38983295201678514,0.22507566953579364,0.5198002249952445,0.5197543137161826,0.5175838874980302,0.5219706512133969,0.5175168904391098,0.5220376482723174,0.0,0.0,0.0,1.0,-0.029999971389770508,0.0,0.0,0.0,0.0,0.0,-0.9797105193138123,-0.5197105407714844,0.0,0.0,0.0,0.0
106.19,1.0,1.0399999618530273,-0.039999961853027344,gncbus_cmd,states_vx_gs,-0.41999998688697815,states_theta,0.052809447050094604,0.38982512194028324,0.22507084197407287,0.5198002692825842,0.5197333892248378,0.5175555403568809,0.5219781181505411,0.5176509094751512,0.5218827490322707,0.0,0.0,0.0,1.0,-0.039999961853027344,0.0,0.0,0.0,0.0,0.0,-0.9562404155731201,-0.5362404584884644,0.0,0.0,0.0,0.0
106.462,1.0,1.0399999618530273,-0.039999961853027344,gncbus_cmd,states_vx_gs,-0.4099999964237213,states_theta,0.19403114914894104,0.3898443708981696,0.22508292494021243,0.5198528510210839,0.5197321380407017,0.517398654584593,0.5221863344771926,0.5174729562180718,0.5221120328437139,0.0,0.0,0.0,1.0,-0.039999961853027344,0.0,0.0,0.0,0.0,0.0,-0.9522310495376587,-0.5422310829162598,0.0,0.0,0.0,0.0
106.739,1.0,1.0499999523162842,-0.04999995231628418,gncbus_cmd,states_vx_gs,-0.3799999952316284,states_theta,0.0025194985792040825,0.3898370807824811,0.22507793748305616,0.5198206598186246,0.5197448889346583,0.5176260801405341,0.5219394686127488,0.5175334195441532,0.5220321292091297,0.0,0.0,0.0,1.0,-0.04999995231628418,0.0,0.0,0.0,0.0,0.0,-0.927558183670044,-0.5475581884384155,0.0,0.0,0.0,0.0
107.04,1.0,1.0499999523162842,-0.04999995231628418,gncbus_cmd,states_vx_gs,-0.3799999952316284,states_theta,0.1328524500131607,0.3902486317168137,0.22531630733892452,0.5203806412397215,0.5202823766717816,0.5179226937462126,0.5227403241652905,0.5180316834030819,0.5226313345084211,0.0,0.0,0.0,1.0,-0.04999995231628418,0.0,0.0,0.0,0.0,0.0,-0.9225464463233948,-0.5425464510917664,0.0,0.0,0.0,0.0
107.313,1.0,1.0499999523162842,-0.04999995231628418,gncbus_cmd,states_vx_gs,-0.3400000035762787,states_theta,0.13446074724197388,0.38989538274673446,0.22511306416248236,0.5199272975674264,0.5197937230905322,0.5174416749109476,0.522279345747011,0.5173112454265532,0.5224097752314054,0.0,0.0,0.0,1.0,-0.04999995231628418,0.0,0.0,0.0,0.0,0.0,-0.9175347089767456,-0.5775347352027893,0.0,0.0,0.0,0.0
107.602,1.0,1.059999942779541,-0.059999942779541016,gncbus_cmd,states_vx_gs,-0.3400000035762787,states_theta,0.013896645046770573,0.3899195486771749,0.22512611941929797,0.5199232072422443,0.5198622558968887,0.5176240269927647,0.5221614361463683,0.5175281225541847,0.5222573405849483,0.0,0.0,0.0,1.0,-0.059999942779541016,0.0,0.0,0.0,0.0,0.0,-0.8912581205368042,-0.5512580871582031,0.0,0.0,0.0,0.0
107.877,1.0,1.059999942779541,-0.059999942779541016,gncbus_cmd,states_vx_gs,-0.3499999940395355,states_theta,-0.16494065523147583,0.38992766752239,0.22512982102461482,0.5199642068412839,0.5198429065517561,0.5177889119917048,0.5220182014013351,0.5177849112887102,0.5220222021043298,0.0,0.0,0.0,1.0,-0.059999942779541016,0.0,0.0,0.0,0.0,0.0,-0.8852440118789673,-0.5352440476417542,0.0,0.0,0.0,0.0
108.159,1.0,1.059999942779541,-0.059999942779541016,gncbus_cmd,states_vx_gs,-0.3799999952316284,states_theta,-0.002531017642468214,0.38995360952442487,0.22514526635363585,0.5200087637123195,0.5198675283528135,0.5177171442366935,0.5221591478284395,0.5177315116886578,0.5221447803764752,0.0,0.0,0.0,1.0,-0.059999942779541016,0.0,0.0,0.0,0.0,0.0,-0.8792299628257751,-0.49922996759414673,0.0,0.0,0.0,0.0
108.448,1.0,1.0699999332427979,-0.06999993324279785,gncbus_cmd,states_vx_gs,-0.38999998569488525,states_theta,-0.06422264873981476,0.3899762604931789,0.2251576771110318,0.5198879714946979,0.5200487231537793,0.5179508469757432,0.5219858476727339,0.5178400109111094,0.5220966837373677,0.0,0.0,0.0,1.0,-0.06999993324279785,0.0,0.0,0.0,0.0,0.0,-0.8520011305809021,-0.46200111508369446,0.0,0.0,0.0,0.0
108.736,1.0,1.0699999332427979,-0.06999993324279785,gncbus_cmd,states_vx_gs,-0.3799999952316284,states_theta,0.1958562582731247,0.3899993704461915,0.22517253556361527,0.5199909960165656,0.5200073251732784,0.5177587316501292,0.5222395895397148,0.517485550540497,0.522512770649347,0.0,0.0,0.0,1.0,-0.06999993324279785,0.0,0.0,0.0,0.0,0.0,-0.8449847102165222,-0.4649847149848938,0.0,0.0,0.0,0.0
109.01,1.0,1.0799999237060547,-0.07999992370605469,gncbus_cmd,states_vx_gs,-0.3400000035762787,states_theta,0.1582137495279312,0.3900095683422451,0.22517861167565223,0.5200509337588972,0.5199745818204231,0.5179112852302661,0.5221142303490542,0.5173183594582336,0.5227071561210868,0.0,0.0,0.0,1.0,-0.07999992370605469,0.0,0.0,0.0,0.0,0.0,-0.8171544075012207,-0.4771544337272644,0.0,0.0,0.0,0.0
109.298,1.0,1.0799999237060547,-0.07999992370605469,gncbus_cmd,states_vx_gs,-0.3199999928474426,states_theta,0.055045925080776215,0.390033623346813,0.2251922809475026,0.5200518905555762,0.5200377717025919,0.518033073414344,0.5220565888438241,0.5173547407292468,0.5227349215289213,0.0,0.0,0.0,1.0,-0.07999992370605469,0.0,0.0,0.0,0.0,0.0,-0.8091356754302979,-0.4891356825828552,0.0,0.0,0.0,0.0
109.568,1.0,1.0799999237060547,-0.07999992370605469,gncbus_cmd,states_vx_gs,-0.28999999165534973,states_theta,0.31378403306007385,0.39005805632407253,0.22520827759127074,0.5201963031085534,0.5199585137556401,0.5173100675983294,0.522844749265864,0.5174282953373687,0.5227265215268248,0.0,0.0,0.0,1.0,-0.07999992370605469,0.0,0.0,0.0,0.0,0.0,-0.801116943359375,-0.5111169219017029,0.0,0.0,0.0,0.0
109.888,1.0,1.0799999237060547,-0.07999992370605469,gncbus_cmd,states_vx_gs,-0.23999999463558197,states_theta,0.18133307993412018,0.39005589622307557,0.22520707446646918,0.5199933049789247,0.5201557516159434,0.5173390645028163,0.5228099920920518,0.5173763878757528,0.5227726687191153,0.0,0.0,0.0,1.0,-0.07999992370605469,0.0,0.0,0.0,0.0,0.0,-0.7930982112884521,-0.553098201751709,0.0,0.0,0.0,0.0
110.038,1.0,1.0799999237060547,-0.07999992370605469,gncbus_cmd,states_vx_gs,-0.2199999988079071,states_theta,0.12483078241348267,0.39008108513687356,0.22522134052100945,0.5202396890106956,0.5199765380209672,0.5172518021463922,0.5229644248852706,0.5176391524338803,0.5225770745977826,0.0,0.0,0.0,1.0,-0.07999992370605469,0.0,0.0,0.0,0.0,0.0,-0.789088785648346,-0.5690888166427612,0.0,0.0,0.0,0.0
110.24,1.0,1.0799999237060547,-0.07999992370605469,gncbus_cmd,states_vx_gs,-0.20999999344348907,states_theta,0.006543017458170652,0.3900931595324794,0.22522758740525145,0.5200335282958517,0.5202148971240934,0.5174853142031244,0.5227631112168207,0.5176757398815006,0.5225726855384445,0.0,0.0,0.0,1.0,-0.07999992370605469,0.0,0.0,0.0,0.0,0.0,-0.7810700535774231,-0.5710700750350952,0.0,0.0,0.0,0.0
110.458,1.0,1.0799999237060547,-0.07999992370605469,gncbus_cmd,states_vx_gs,-0.22999998927116394,states_theta,-0.12245774269104004,0.3900918095014868,0.22522566649001655,0.5200799050045838,0.5201649203327144,0.5176137991837876,0.5226310261535106,0.5179740843002844,0.5222707410370139,0.0,0.0,0.0,1.0,-0.07999992370605469,0.0,0.0,0.0,0.0,0.0,-0.7730513215065002,-0.5430513024330139,0.0,0.0,0.0,0.0
110.508,1.0,1.0799999237060547,-0.07999992370605469,gncbus_cmd,states_vx_gs,-0.25,states_theta,-0.19078662991523743,0.3900918095014868,0.22522566649001655,0.5200799050045838,0.5201649203327144,0.5176137991837876,0.5226310261535106,0.5179740843002844,0.5222707410370139,0.0,0.0,0.0,1.0,-0.07999992370605469,0.0,0.0,0.0,0.0,0.0,-0.7690419554710388,-0.5190419554710388,0.0,0.0,0.0,0.0
110.734,1.0,1.0799999237060547,-0.07999992370605469,gncbus_cmd,states_vx_gs,-0.26999998092651367,states_theta,-0.24247926473617554,0.39009039196894474,0.22522463760108427,0.5200767629154427,0.5201642823350766,0.5178241636390232,0.5224168816114961,0.5178279675717944,0.5224130776787249,0.0,0.0,0.0,1.0,-0.07999992370605469,0.0,0.0,0.0,0.0,0.0,-0.7650325894355774,-0.49503257870674133,0.0,0.0,0.0,0.0
110.93,1.0,1.0799999237060547,-0.07999992370605469,gncbus_cmd,states_vx_gs,-0.29999998211860657,states_theta,-0.11673005670309067,0.39008904193795224,0.22522330596733045,0.5201664379870945,0.5200710071807781,0.51798717959057,0.5222502655773027,0.5178848326216801,0.5223526125461926,0.0,0.0,0.0,1.0,-0.07999992370605469,0.0,0.0,0.0,0.0,0.0,-0.7566128969192505,-0.4566129148006439,0.0,0.0,0.0,0.0
111.139,1.0,1.0799999237060547,-0.07999992370605469,gncbus_cmd,states_vx_gs,-0.32999998331069946,states_theta,-0.21685825288295746,0.39008769190695974,0.2252224974627901,0.5201705102494436,0.5200633348357824,0.5178698523036751,0.5223639927815509,0.5180118285290183,0.5222220165562077,0.0,0.0,0.0,1.0,-0.07999992370605469,0.0,0.0,0.0,0.0,0.0,-0.7485941648483276,-0.4185941517353058,0.0,0.0,0.0,0.0
111.19,1.0,1.0799999237060547,-0.07999992370605469,gncbus_cmd,states_vx_gs,-0.3499999940395355,states_theta,-0.07992531359195709,0.39008769190695974,0.2252224974627901,0.5201705102494436,0.5200633348357824,0.5178698523036751,0.5223639927815509,0.5180118285290183,0.5222220165562077,0.0,0.0,0.0,1.0,-0.07999992370605469,0.0,0.0,0.0,0.0,0.0,-0.7445847392082214,-0.3945847749710083,0.0,0.0,0.0,0.0
111.469,1.0,1.0799999237060547,-0.07999992370605469,gncbus_cmd,states_vx_gs,-0.3400000035762787,states_theta,0.00747712142765522,0.3900727148674755,0.22521445006359322,0.520063761064995,0.5201301452482732,0.5179325445183929,0.5222613617948753,0.5176725375140121,0.522521368799256,0.0,0.0,0.0,1.0,-0.07999992370605469,0.0,0.0,0.0,0.0,0.0,-0.7365660071372986,-0.3965660035610199,0.0,0.0,0.0,0.0
111.737,1.0,1.0799999237060547,-0.07999992370605469,gncbus_cmd,states_vx_gs,-0.3499999940395355,states_theta,-0.08037261664867401,0.39004374571249695,0.22519713892482127,0.5199810011987596,0.5201356540345656,0.5180296578354716,0.5220869973978536,0.517737563375081,0.5223790918582442,0.0,0.0,0.0,1.0,-0.07999992370605469,0.0,0.0,0.0,0.0,0.0,-0.7285472750663757,-0.3785472810268402,0.0,0.0,0.0,0.0
112.0,1.0,1.090000033378601,-0.09000003337860107,gncbus_cmd,states_vx_gs,-0.3499999940395355,states_theta,0.18337875604629517,0.390014425574206,0.22518140308512363,0.5202187358079031,0.5198197323899796,0.5173039469050847,0.522734521292798,0.5179596901140967,0.522078778083786,0.0,0.0,0.0,1.0,-0.09000003337860107,0.0,0.0,0.0,0.0,0.0,-0.6993635892868042,-0.3493635952472687,0.0,0.0,0.0,0.0
112.238,1.0,1.090000033378601,-0.09000003337860107,gncbus_cmd,states_vx_gs,-0.3100000023841858,states_theta,0.14432719349861145,0.3899846734671247,0.225164524148892,0.5198037123608946,0.5201554168847712,0.5172760289506518,0.522683100295014,0.5177770677157055,0.5221820615299603,0.0,0.0,0.0,1.0,-0.09000003337860107,0.0,0.0,0.0,0.0,0.0,-0.6903424859046936,-0.3803424835205078,0.0,0.0,0.0,0.0
112.314,1.0,1.090000033378601,-0.09000003337860107,gncbus_cmd,states_vx_gs,-0.29999998211860657,states_theta,0.12283244729042053,0.3899830534556382,0.2251636561253162,0.5198611628554192,0.5200936463596161,0.5171817468546174,0.5227730623604179,0.5178601026251004,0.5220947065899348,0.0,0.0,0.0,1.0,-0.09000003337860107,0.0,0.0,0.0,0.0,0.0,-0.6903424859046936,-0.3803424835205078,0.0,0.0,0.0,0.0
112.39,1.0,1.090000033378601,-0.09000003337860107,gncbus_cmd,states_vx_gs,-0.29999998211860657,states_theta,0.12283244729042053,0.38998143344415176,0.22516296850590103,0.520175184826797,0.5197753043576077,0.5169687990822771,0.5229816901021276,0.518057012772146,0.5218934764122587,0.0,0.0,0.0,1.0,-0.09000003337860107,0.0,0.0,0.0,0.0,0.0,-0.6858319044113159,-0.38583195209503174,0.0,0.0,0.0,0.0
112.586,1.0,1.090000033378601,-0.09000003337860107,gncbus_cmd,states_vx_gs,-0.26999998092651367,states_theta,0.20358529686927795,0.38993717682573875,0.22513809683273986,0.5196775396921456,0.5201549318431578,0.5174113133341383,0.5224211582011651,0.5171504070392354,0.5226820644960679,0.0,0.0,0.0,1.0,-0.09000003337860107,0.0,0.0,0.0,0.0,0.0,-0.6768108010292053,-0.40681084990501404,0.0,0.0,0.0,0.0
112.784,1.0,1.090000033378601,-0.09000003337860107,gncbus_cmd,states_vx_gs,-0.23999999463558197,states_theta,0.1467265784740448,0.3899351517792063,0.22513693470275886,0.5198079911476865,0.5200190802635303,0.517362595454807,0.5224644759564098,0.5171793857151793,0.5226476856960375,0.0,0.0,0.0,1.0,-0.09000003337860107,0.0,0.0,0.0,0.0,0.0,-0.6677896976470947,-0.42778971791267395,0.0,0.0,0.0,0.0
112.838,1.0,1.090000033378601,-0.09000003337860107,gncbus_cmd,states_vx_gs,-0.22999998927116394,states_theta,0.12811279296875,0.38990599370220425,0.22512014425265725,0.5200230924976535,0.5197262240415578,0.5172485107877953,0.522500805751416,0.5172000598272006,0.5225492567120107,0.0,0.0,0.0,1.0,-0.09000003337860107,0.0,0.0,0.0,0.0,0.0,-0.6632791757583618,-0.4332791864871979,0.0,0.0,0.0,0.0
112.996,1.0,1.090000033378601,-0.09000003337860107,gncbus_cmd,states_vx_gs,-0.2199999988079071,states_theta,0.10648142546415329,0.38990140364832604,0.22511757941731897,0.5197112825828217,0.5200257938127143,0.5174194641955707,0.5223176121999653,0.5170044847517179,0.5227325916438181,0.0,0.0,0.0,1.0,-0.09000003337860107,0.0,0.0,0.0,0.0,0.0,-0.6587685942649841,-0.4387686252593994,0.0,0.0,0.0,0.0
113.215,1.0,1.090000033378601,-0.09000003337860107,gncbus_cmd,states_vx_gs,-0.19999998807907104,states_theta,0.03427641838788986,0.3898556620859356,0.2250897155393224,0.5198525446557549,0.5197625542400732,0.5174087630795083,0.5222063358163198,0.5173893645091445,0.5222257343866836,0.0,0.0,0.0,1.0,-0.09000003337860107,0.0,0.0,0.0,0.0,0.0,-0.6497474908828735,-0.4497475326061249,0.0,0.0,0.0,0.0
113.421,1.0,1.0799999237060547,-0.07999992370605469,gncbus_cmd,states_vx_gs,-0.22999998927116394,states_theta,-0.20575636625289917,0.3898502619619656,0.22508570605811448,0.5198600348193585,0.519740663745883,0.517552780225949,0.5220479183392925,0.5175771034705348,0.5220235950947067,0.0,0.0,0.0,1.0,-0.07999992370605469,0.0,0.0,0.0,0.0,0.0,-0.6610894799232483,-0.43108946084976196,0.0,0.0,0.0,0.0
113.501,1.0,1.0799999237060547,-0.07999992370605469,gncbus_cmd,states_vx_gs,-0.25999999046325684,states_theta,-0.24434137344360352,0.38982037489101407,0.22506815187634893,0.5198425257944675,0.5196784739149033,0.5175775771089774,0.5219434226003934,0.5175955127234972,0.5219254869858736,0.0,0.0,0.0,1.0,-0.07999992370605469,0.0,0.0,0.0,0.0,0.0,-0.6570800542831421,-0.39708009362220764,0.0,0.0,0.0,0.0
113.572,1.0,1.0799999237060547,-0.07999992370605469,gncbus_cmd,states_vx_gs,-0.2800000011920929,states_theta,-0.24971771240234375,0.38982037489101407,0.22506815187634893,0.5198425257944675,0.5196784739149033,0.5175775771089774,0.5219434226003934,0.5175955127234972,0.5219254869858736,0.0,0.0,0.0,1.0,-0.07999992370605469,0.0,0.0,0.0,0.0,0.0,-0.6530706882476807,-0.37307071685791016,0.0,0.0,0.0,0.0
113.8,1.0,1.0799999237060547,-0.07999992370605469,gncbus_cmd,states_vx_gs,-0.2800000011920929,states_theta,0.10400105267763138,0.38981146476436274,0.22506454615589264,0.5198905263104322,0.5196067130612018,0.5172923759481687,0.5222048634234653,0.5172635189516726,0.5222337204199614,0.0,0.0,0.0,1.0,-0.07999992370605469,0.0,0.0,0.0,0.0,0.0,-0.6450519561767578,-0.3650519549846649,0.0,0.0,0.0,0.0
114.068,1.0,1.0799999237060547,-0.07999992370605469,gncbus_cmd,states_vx_gs,-0.25999999046325684,states_theta,-0.0067325783893466,0.3898055246799287,0.2250611415968681,0.5199124509718294,0.519568948174647,0.5172603547984137,0.5222210443480627,0.5172724767028613,0.5222089224436152,0.0,0.0,0.0,1.0,-0.07999992370605469,0.0,0.0,0.0,0.0,0.0,-0.6321718096733093,-0.3721718490123749,0.0,0.0,0.0,0.0
114.358,1.0,1.0799999237060547,-0.07999992370605469,gncbus_cmd,states_vx_gs,-0.26999998092651367,states_theta,-0.08236123621463776,0.3897995845954944,0.22505713569485541,0.5199348340928663,0.5195307248284521,0.5173399549596116,0.5221256039617068,0.5173941176432164,0.522071441278102,0.0,0.0,0.0,1.0,-0.07999992370605469,0.0,0.0,0.0,0.0,0.0,-0.6241530776023865,-0.3541530966758728,0.0,0.0,0.0,0.0
114.531,1.0,1.090000033378601,-0.09000003337860107,gncbus_cmd,states_vx_gs,-0.28999999165534973,states_theta,-0.12001845985651016,0.38979364451106036,0.2250535264577968,0.5199839533653492,0.5194657653308117,0.5174350586979425,0.5220146599982184,0.5173580684094182,0.5220916502867426,0.0,0.0,0.0,1.0,-0.09000003337860107,0.0,0.0,0.0,0.0,0.0,-0.5996302962303162,-0.30963030457496643,0.0,0.0,0.0,0.0
114.749,1.0,1.090000033378601,-0.09000003337860107,gncbus_cmd,states_vx_gs,-0.26999998092651367,states_theta,0.2279525101184845,0.38981481044152305,0.22506749133538512,0.5200270492157406,0.5194791119616542,0.5171010784253448,0.52240508275205,0.5171175799434952,0.5223885812338996,0.0,0.0,0.0,1.0,-0.09000003337860107,0.0,0.0,0.0,0.0,0.0,-0.5906091928482056,-0.3206092119216919,0.0,0.0,0.0,0.0
115.041,1.0,1.0799999237060547,-0.07999992370605469,gncbus_cmd,states_vx_gs,-0.2199999988079071,states_theta,0.10754398256540298,0.38980941031755306,0.22506459028912884,0.5197541227573026,0.5197376380895056,0.5171997872617196,0.5222919735850886,0.516924287450448,0.5225674733963601,0.0,0.0,0.0,1.0,-0.07999992370605469,0.0,0.0,0.0,0.0,0.0,-0.5977914333343506,-0.3777914345264435,0.0,0.0,0.0,0.0
115.203,1.0,1.0799999237060547,-0.07999992370605469,gncbus_cmd,states_vx_gs,-0.2199999988079071,states_theta,-0.10071521252393723,0.3898176507119435,0.22506742407675182,0.5197245501453668,0.5197891850864825,0.5173529049376973,0.5221608302941521,0.5174764365684725,0.5220372986633768,0.0,0.0,0.0,1.0,-0.07999992370605469,0.0,0.0,0.0,0.0,0.0,-0.5937820672988892,-0.37378203868865967,0.0,0.0,0.0,0.0
115.255,1.0,1.0799999237060547,-0.07999992370605469,gncbus_cmd,states_vx_gs,-0.23999999463558197,states_theta,-0.1660502701997757,0.3898176507119435,0.22506742407675182,0.5197245501453668,0.5197891850864825,0.5173529049376973,0.5221608302941521,0.5174764365684725,0.5220372986633768,0.0,0.0,0.0,1.0,-0.07999992370605469,0.0,0.0,0.0,0.0,0.0,-0.5897727012634277,-0.34977269172668457,0.0,0.0,0.0,0.0
115.52,1.0,1.0799999237060547,-0.07999992370605469,gncbus_cmd,states_vx_gs,-0.2800000011920929,states_theta,-0.19962668418884277,0.38984000470225033,0.22507957240938856,0.5197182660026711,0.5198550798699964,0.517609660546939,0.5219636853257285,0.51757928084312,0.5219940650295475,0.0,0.0,0.0,1.0,-0.07999992370605469,0.0,0.0,0.0,0.0,0.0,-0.5817539095878601,-0.3017539381980896,0.0,0.0,0.0,0.0
115.794,1.0,1.0799999237060547,-0.07999992370605469,gncbus_cmd,states_vx_gs,-0.26999998092651367,states_theta,0.17397545278072357,0.3898677196572527,0.22509776809864954,0.5197247418352204,0.5199225105841201,0.5171334370325181,0.5225138153868224,0.517309239263115,0.5223380131562255,0.0,0.0,0.0,1.0,-0.07999992370605469,0.0,0.0,0.0,0.0,0.0,-0.5737351775169373,-0.3037351965904236,0.0,0.0,0.0,0.0
116.04,1.0,1.0799999237060547,-0.07999992370605469,gncbus_cmd,states_vx_gs,-0.23999999463558197,states_theta,0.10945521295070648,0.39027998005439046,0.22533586658960902,0.5202342986853785,0.520512314792996,0.5176068074857795,0.523139805992595,0.5179127233947297,0.5228338900836448,0.0,0.0,0.0,1.0,-0.07999992370605469,0.0,0.0,0.0,0.0,0.0,-0.5697258114814758,-0.309725821018219,0.0,0.0,0.0,0.0
116.227,1.0,1.0799999237060547,-0.07999992370605469,gncbus_cmd,states_vx_gs,-0.23999999463558197,states_theta,0.017814897000789642,0.38993069408293113,0.22513282648274072,0.5198479409396684,0.5199672432814813,0.5174383880841298,0.5223767961370198,0.5176427603324751,0.5221724238886745,0.0,0.0,0.0,1.0,-0.07999992370605469,0.0,0.0,0.0,0.0,0.0,-0.561707079410553,-0.3217070698738098,0.0,0.0,0.0,0.0
116.492,1.0,1.0799999237060547,-0.07999992370605469,gncbus_cmd,states_vx_gs,-0.26999998092651367,states_theta,-0.038747917860746384,0.3899576980640722,0.22514842517240122,0.5198478227359773,0.5200393721015486,0.5174365738315503,0.5224506210059756,0.5177185765606076,0.5221686182769183,0.0,0.0,0.0,1.0,-0.07999992370605469,0.0,0.0,0.0,0.0,0.0,-0.5496789216995239,-0.27967897057533264,0.0,0.0,0.0,0.0
116.655,1.0,1.0799999237060547,-0.07999992370605469,gncbus_cmd,states_vx_gs,-0.26999998092651367,states_theta,0.028853122144937515,0.38995553796307525,0.22514738668379966,0.5201605852460667,0.5197208493221339,0.5172124633249069,0.5226689712432937,0.5179087002658318,0.5219727343023688,0.0,0.0,0.0,1.0,-0.07999992370605469,0.0,0.0,0.0,0.0,0.0,-0.5456695556640625,-0.27566957473754883,0.0,0.0,0.0,0.0
116.711,1.0,1.0799999237060547,-0.07999992370605469,gncbus_cmd,states_vx_gs,-0.26999998092651367,states_theta,-0.028712211176753044,0.38998169893520895,0.22516229497954368,0.5199678205006336,0.5199833766599237,0.5174170669855912,0.5225341301749661,0.5178023893838707,0.5221488077766866,0.0,0.0,0.0,1.0,-0.07999992370605469,0.0,0.0,0.0,0.0,0.0,-0.5416601896286011,-0.2716602087020874,0.0,0.0,0.0,0.0
116.761,1.0,1.0799999237060547,-0.07999992370605469,gncbus_cmd,states_vx_gs,-0.26999998092651367,states_theta,-0.05747711658477783,0.3899938138471935,0.22516870809727832,0.5200494440049546,0.5199340595875614,0.5175319751608619,0.5224515284316541,0.5179501487015247,0.5220333548909913,0.0,0.0,0.0,1.0,-0.07999992370605469,0.0,0.0,0.0,0.0,0.0,-0.5336414575576782,-0.26364144682884216,0.0,0.0,0.0,0.0
116.832,1.0,1.0799999237060547,-0.07999992370605469,gncbus_cmd,states_vx_gs,-0.29999998211860657,states_theta,-0.11646835505962372,0.39001983983346333,0.22518494965530902,0.5198898286269517,0.5201630775956173,0.5178186619964747,0.5222342442260942,0.5172843288302492,0.5227685773923197,0.0,0.0,0.0,1.0,-0.07999992370605469,0.0,0.0,0.0,0.0,0.0,-0.5256226658821106,-0.22562271356582642,0.0,0.0,0.0,0.0
116.898,1.0,1.0799999237060547,-0.07999992370605469,gncbus_cmd,states_vx_gs,-0.26999998092651367,states_theta,0.12224480509757996,0.39001943479841744,0.22518488500358602,0.5199065937057853,0.5201452324233279,0.5178340747731748,0.5222177513559384,0.5172154593398345,0.5228363667892787,0.0,0.0,0.0,1.0,-0.07999992370605469,0.0,0.0,0.0,0.0,0.0,-0.5176039338111877,-0.24760396778583527,0.0,0.0,0.0,0.0
116.966,1.0,1.0799999237060547,-0.07999992370605469,gncbus_cmd,states_vx_gs,-0.26999998092651367,states_theta,0.08212420344352722,0.39004624379236374,0.22520007143403073,0.5202144649612616,0.5199088518183751,0.5178446932117011,0.5222786235679355,0.5173683303843959,0.5227549863952408,0.0,0.0,0.0,1.0,-0.07999992370605469,0.0,0.0,0.0,0.0,0.0,-0.5135945677757263,-0.24359458684921265,0.0,0.0,0.0,0.0
117.031,1.0,1.0799999237060547,-0.07999992370605469,gncbus_cmd,states_vx_gs,-0.25999999046325684,states_theta,-0.004630523268133402,0.3900459736831726,0.22519977080557577,0.5198967321503416,0.5202258643381188,0.5181941816236985,0.5219284148647619,0.5171598454260901,0.5229627510623703,0.0,0.0,0.0,1.0,-0.07999992370605469,0.0,0.0,0.0,0.0,0.0,-0.5055758357048035,-0.24557583034038544,0.0,0.0,0.0,0.0
117.092,1.0,1.0799999237060547,-0.07999992370605469,gncbus_cmd,states_vx_gs,-0.22999998927116394,states_theta,0.24884353578090668,0.39008655818129534,0.22522486848447837,0.5203401668730961,0.5198906549436914,0.5172207049639967,0.5230101168527908,0.5175648816792611,0.5226659401375264,0.0,0.0,0.0,1.0,-0.07999992370605469,0.0,0.0,0.0,0.0,0.0,-0.4975570738315582,-0.2675570845603943,0.0,0.0,0.0,0.0
117.155,1.0,1.0799999237060547,-0.07999992370605469,gncbus_cmd,states_vx_gs,-0.20999999344348907,states_theta,0.018058879300951958,0.390087098142196,0.2252240282454257,0.5200039214809492,0.5202283402315734,0.5177066799692678,0.5225255817432548,0.5174625730184024,0.5227696886941202,0.0,0.0,0.0,1.0,-0.07999992370605469,0.0,0.0,0.0,0.0,0.0,-0.489538311958313,-0.2795383334159851,0.0,0.0,0.0,0.0
117.218,1.0,1.0799999237060547,-0.07999992370605469,gncbus_cmd,states_vx_gs,-0.2199999988079071,states_theta,-0.08461003750562668,0.39008763810309666,0.22522355306076014,0.5201610254071406,0.5200726762011171,0.517811239463261,0.5224224621449967,0.5176422295405532,0.5225914720677045,0.0,0.0,0.0,1.0,-0.07999992370605469,0.0,0.0,0.0,0.0,0.0,-0.48151957988739014,-0.26151958107948303,0.0,0.0,0.0,0.0
117.268,1.0,1.0799999237060547,-0.07999992370605469,gncbus_cmd,states_vx_gs,-0.25,states_theta,-0.20510955154895782,0.3900881780639973,0.22522277383955994,0.5200615486160416,0.5201735928879512,0.5180610109659375,0.5221741305380553,0.5178277468307203,0.5224073946732725,0.0,0.0,0.0,1.0,-0.07999992370605469,0.0,0.0,0.0,0.0,0.0,-0.4735008180141449,-0.2235008329153061,0.0,0.0,0.0,0.0
117.326,1.0,1.0799999237060547,-0.07999992370605469,gncbus_cmd,states_vx_gs,-0.2800000011920929,states_theta,-0.05476199835538864,0.39008893400925826,0.22522353899280056,0.520111035262591,0.5201261220954311,0.5176826562656139,0.5225545010924081,0.5180852622862485,0.5221518950717735,0.0,0.0,0.0,1.0,-0.07999992370605469,0.0,0.0,0.0,0.0,0.0,-0.46949145197868347,-0.1994914710521698,0.0,0.0,0.0,0.0
117.385,1.0,1.0799999237060547,-0.07999992370605469,gncbus_cmd,states_vx_gs,-0.26999998092651367,states_theta,0.07343316078186035,0.3900894739701589,0.22522457443145552,0.5201509908989684,0.5200876063547887,0.5176741990078102,0.5225643982459469,0.517797103181473,0.5224414940722841,0.0,0.0,0.0,1.0,-0.07999992370605469,0.0,0.0,0.0,0.0,0.0,-0.46107175946235657,-0.18107177317142487,0.0,0.0,0.0,0.0
117.443,1.0,1.0799999237060547,-0.07999992370605469,gncbus_cmd,states_vx_gs,-0.26999998092651367,states_theta,-0.044142212718725204,0.3900900139310596,0.22522419745400626,0.5201525634448174,0.5200874737046748,0.5178073563118212,0.522432680837671,0.5179333046821254,0.5223067324673668,0.0,0.0,0.0,1.0,-0.07999992370605469,0.0,0.0,0.0,0.0,0.0,-0.4530530273914337,-0.19305303692817688,0.0,0.0,0.0,0.0
117.503,1.0,1.0799999237060547,-0.07999992370605469,gncbus_cmd,states_vx_gs,-0.28999999165534973,states_theta,-0.14361536502838135,0.3900494968958642,0.22519997882558032,0.5200960347279374,0.5200359569943672,0.517939536842985,0.5221924548793196,0.5180364433023875,0.5220955484199171,0.0,0.0,0.0,1.0,-0.07999992370605469,0.0,0.0,0.0,0.0,0.0,-0.4450342655181885,-0.1750342845916748,0.0,0.0,0.0,0.0
117.564,1.0,1.0799999237060547,-0.07999992370605469,gncbus_cmd,states_vx_gs,-0.28999999165534973,states_theta,0.17313438653945923,0.390018343751844,0.22518358720108148,0.5200179474346118,0.5200309692369722,0.5178063894580187,0.5222425272135653,0.5174565883090112,0.5225923283625729,0.0,0.0,0.0,1.0,-0.07999992370605469,0.0,0.0,0.0,0.0,0.0,-0.4370155334472656,-0.13701553642749786,0.0,0.0,0.0,0.0
117.622,1.0,1.0799999237060547,-0.07999992370605469,gncbus_cmd,states_vx_gs,-0.23999999463558197,states_theta,0.20471031963825226,0.389613579651381,0.2249507825021792,0.5194863608018947,0.5194831849351214,0.5171274708596852,0.5218420748773308,0.5167389785563711,0.522230567180645,0.0,0.0,0.0,1.0,-0.07999992370605469,0.0,0.0,0.0,0.0,0.0,-0.4289967715740204,-0.16899678111076355,0.0,0.0,0.0,0.0
117.677,1.0,1.0799999237060547,-0.07999992370605469,gncbus_cmd,states_vx_gs,-0.20999999344348907,states_theta,0.09271962195634842,0.38997296064719705,0.22515798036145668,0.5198551392576659,0.5200727558015262,0.5174361637368314,0.5224917313223607,0.5174774029920832,0.5224504920671089,0.0,0.0,0.0,1.0,-0.07999992370605469,0.0,0.0,0.0,0.0,0.0,-0.42097803950309753,-0.20097802579402924,0.0,0.0,0.0,0.0
117.737,1.0,1.0799999237060547,-0.07999992370605469,gncbus_cmd,states_vx_gs,-0.20999999344348907,states_theta,-0.030870825052261353,0.3899440724863403,0.22514056036339897,0.5200133684590145,0.5198374915045596,0.51743958222813,0.522411277735444,0.5176757734654681,0.522175086498106,0.0,0.0,0.0,1.0,-0.07999992370605469,0.0,0.0,0.0,0.0,0.0,-0.4129592776298523,-0.20295928418636322,0.0,0.0,0.0,0.0
117.787,1.0,1.0799999237060547,-0.07999992370605469,gncbus_cmd,states_vx_gs,-0.2199999988079071,states_theta,-0.0997738167643547,0.3899146983519507,0.22512293865993271,0.5198114725474493,0.5199610563910858,0.5176044682713241,0.522168060667211,0.5176858399743427,0.5220866889641924,0.0,0.0,0.0,1.0,-0.07999992370605469,0.0,0.0,0.0,0.0,0.0,-0.40494051575660706,-0.18494053184986115,0.0,0.0,0.0,0.0
117.843,1.0,1.0699999332427979,-0.06999993324279785,gncbus_cmd,states_vx_gs,-0.25,states_theta,-0.18776214122772217,0.3898848652507212,0.22510465709357055,0.519895739276098,0.5197972347258252,0.5177183931812896,0.5219745808206335,0.5179444259258892,0.521748548076034,0.0,0.0,0.0,1.0,-0.06999993324279785,0.0,0.0,0.0,0.0,0.0,-0.4180363416671753,-0.1680363565683365,0.0,0.0,0.0,0.0
117.898,1.0,1.0699999332427979,-0.06999993324279785,gncbus_cmd,states_vx_gs,-0.2800000011920929,states_theta,-0.055930208414793015,0.38988162522774816,0.22510468979889098,0.5199263406568451,0.5197579932838168,0.5174306671979368,0.522253666742725,0.5174433878744337,0.5222409460662282,0.0,0.0,0.0,1.0,-0.06999993324279785,0.0,0.0,0.0,0.0,0.0,-0.4110199511051178,-0.1310199499130249,0.0,0.0,0.0,0.0
117.953,1.0,1.0699999332427979,-0.06999993324279785,gncbus_cmd,states_vx_gs,-0.25999999046325684,states_theta,0.07408923655748367,0.3898647041877123,0.22509427386999845,0.5199092550077682,0.5197299561594646,0.5175324926968862,0.5221067184703466,0.5175452195034412,0.5220939916637916,0.0,0.0,0.0,1.0,-0.06999993324279785,0.0,0.0,0.0,0.0,0.0,-0.4040035307407379,-0.14400355517864227,0.0,0.0,0.0,0.0
118.007,1.0,1.0699999332427979,-0.06999993324279785,gncbus_cmd,states_vx_gs,-0.25999999046325684,states_theta,-0.06593222171068192,0.38983414200196514,0.2250757803898634,0.5198731132603978,0.5196845987448426,0.5176669173538875,0.5218907946513529,0.5176778699024718,0.5218798421027686,0.0,0.0,0.0,1.0,-0.06999993324279785,0.0,0.0,0.0,0.0,0.0,-0.3969871401786804,-0.13698714971542358,0.0,0.0,0.0,0.0
118.066,1.0,1.0699999332427979,-0.06999993324279785,gncbus_cmd,states_vx_gs,-0.26999998092651367,states_theta,0.1444699764251709,0.3898300919089003,0.22507546346059276,0.5199091983756887,0.5196377133813788,0.5172262789390262,0.5223206328180413,0.5173206218686054,0.5222262898884621,0.0,0.0,0.0,1.0,-0.06999993324279785,0.0,0.0,0.0,0.0,0.0,-0.38997071981430054,-0.11997075378894806,0.0,0.0,0.0,0.0
118.127,1.0,1.0699999332427979,-0.06999993324279785,gncbus_cmd,states_vx_gs,-0.22999998927116394,states_theta,0.14201226830482483,0.38985344484443607,0.22508850345482087,0.5199784854679722,0.5196307007838573,0.5173707238426332,0.5222384624091964,0.5174020287062712,0.5222071575455584,0.0,0.0,0.0,1.0,-0.06999993324279785,0.0,0.0,0.0,0.0,0.0,-0.38295432925224304,-0.1529543399810791,0.0,0.0,0.0,0.0
118.19,1.0,1.0699999332427979,-0.06999993324279785,gncbus_cmd,states_vx_gs,-0.2199999988079071,states_theta,-0.009171410463750362,0.38984993471253376,0.22508547094284737,0.5199821973826546,0.5196176285174354,0.5175632112339353,0.5220366146661547,0.5175911284615627,0.5220086974385273,0.0,0.0,0.0,1.0,-0.06999993324279785,0.0,0.0,0.0,0.0,0.0,-0.37593790888786316,-0.15593792498111725,0.0,0.0,0.0,0.0
118.248,1.0,1.0699999332427979,-0.06999993324279785,gncbus_cmd,states_vx_gs,-0.23999999463558197,states_theta,-0.1440782994031906,0.38986013260858743,0.22509170508763507,0.5197262626055956,0.5199007576839709,0.5178033624018126,0.521823657887754,0.5172658653160507,0.5223611549735159,0.0,0.0,0.0,1.0,-0.06999993324279785,0.0,0.0,0.0,0.0,0.0,-0.36892151832580566,-0.1289215236902237,0.0,0.0,0.0,0.0
118.305,1.0,1.0699999332427979,-0.06999993324279785,gncbus_cmd,states_vx_gs,-0.22999998927116394,states_theta,0.13760532438755035,0.38985689258561446,0.2250908324193607,0.5196913031678719,0.5199270770604333,0.5173677528781709,0.5222506273501343,0.5172870385514777,0.5223313416768275,0.0,0.0,0.0,1.0,-0.06999993324279785,0.0,0.0,0.0,0.0,0.0,-0.36190512776374817,-0.13190512359142303,0.0,0.0,0.0,0.0
118.368,1.0,1.0699999332427979,-0.06999993324279785,gncbus_cmd,states_vx_gs,-0.20999999344348907,states_theta,0.07458459585905075,0.38988119057262693,0.22510395672826397,0.5198111389642547,0.5198720358960839,0.5174821877724005,0.522200987087938,0.5175742919956008,0.5221088828647378,0.0,0.0,0.0,1.0,-0.06999993324279785,0.0,0.0,0.0,0.0,0.0,-0.3548887073993683,-0.1448887139558792,0.0,0.0,0.0,0.0
118.423,1.0,1.0699999332427979,-0.06999993324279785,gncbus_cmd,states_vx_gs,-0.20999999344348907,states_theta,-0.1099373921751976,0.3899059205284299,0.22511725850971914,0.5199380047316974,0.519811116677449,0.5177073445711367,0.5220417768380097,0.517812931740969,0.5219361896681773,0.0,0.0,0.0,1.0,-0.06999993324279785,0.0,0.0,0.0,0.0,0.0,-0.3478723168373108,-0.13787230849266052,0.0,0.0,0.0,0.0
118.476,1.0,1.0699999332427979,-0.06999993324279785,gncbus_cmd,states_vx_gs,-0.22999998927116394,states_theta,-0.041468068957328796,0.38994808441401835,0.22514330409953234,0.5199832871027171,0.5198782713346651,0.5175988849171503,0.5222626735202319,0.5173660860420993,0.5224954723952829,0.0,0.0,0.0,1.0,-0.06999993324279785,0.0,0.0,0.0,0.0,0.0,-0.3408558964729309,-0.11085590720176697,0.0,0.0,0.0,0.0
118.528,1.0,1.0699999332427979,-0.06999993324279785,gncbus_cmd,states_vx_gs,-0.20999999344348907,states_theta,0.07517391443252563,0.3899737594257028,0.22515746410714355,0.5200309800384586,0.5198990450967489,0.5178240087529227,0.5221060163822848,0.5174678936726373,0.5224621314625701,0.0,0.0,0.0,1.0,-0.06999993324279785,0.0,0.0,0.0,0.0,0.0,-0.3338395059108734,-0.12383950501680374,0.0,0.0,0.0,0.0
118.583,1.0,1.059999942779541,-0.059999942779541016,gncbus_cmd,states_vx_gs,-0.2199999988079071,states_theta,-0.10930018126964569,0.39000222439827115,0.2251740433995088,0.5200048787778373,0.5200010529508858,0.5177969682308724,0.5222089634978507,0.5175090786339543,0.5224968530947688,0.0,0.0,0.0,1.0,-0.059999942779541016,0.0,0.0,0.0,0.0,0.0,-0.3477873206138611,-0.12778730690479279,0.0,0.0,0.0,0.0
118.642,1.0,1.059999942779541,-0.059999942779541016,gncbus_cmd,states_vx_gs,-0.2199999988079071,states_theta,-0.051076315343379974,0.3900019542890801,0.22517259686948757,0.5200080269693358,0.5199971844682111,0.5180450377017087,0.5219601737358381,0.5177824804682434,0.5222227309693035,0.0,0.0,0.0,1.0,-0.059999942779541016,0.0,0.0,0.0,0.0,0.0,-0.34177324175834656,-0.12177325040102005,0.0,0.0,0.0,0.0
118.701,1.0,1.059999942779541,-0.059999942779541016,gncbus_cmd,states_vx_gs,-0.23999999463558197,states_theta,0.021488012745976448,0.3900426737774279,0.22519707862243699,0.5200350742825282,0.5200787224572796,0.5176164902379611,0.5224973065018467,0.5179220317263843,0.5221917650134235,0.0,0.0,0.0,1.0,-0.059999942779541016,0.0,0.0,0.0,0.0,0.0,-0.3357591927051544,-0.09575919061899185,0.0,0.0,0.0,0.0
118.764,1.0,1.059999942779541,-0.059999942779541016,gncbus_cmd,states_vx_gs,-0.2199999988079071,states_theta,0.18457113206386566,0.39007034677318564,0.22521351225910646,0.5200705893084638,0.5201170020866979,0.5178310652997296,0.5223565260954321,0.5176004672789434,0.5225871241162183,0.0,0.0,0.0,1.0,-0.059999942779541016,0.0,0.0,0.0,0.0,0.0,-0.3297451138496399,-0.10974512249231339,0.0,0.0,0.0,0.0
118.827,1.0,1.059999942779541,-0.059999942779541016,gncbus_cmd,states_vx_gs,-0.20999999344348907,states_theta,-0.0524635873734951,0.39007142669498707,0.22521269140780795,0.5200374136973108,0.5201530574893213,0.5181486779948878,0.5220417931917443,0.5178720645274144,0.5223184066592177,0.0,0.0,0.0,1.0,-0.059999942779541016,0.0,0.0,0.0,0.0,0.0,-0.32373106479644775,-0.11373107135295868,0.0,0.0,0.0,0.0
118.887,1.0,1.059999942779541,-0.059999942779541016,gncbus_cmd,states_vx_gs,-0.23999999463558197,states_theta,-0.1618395894765854,0.3900999906217868,0.22522977308433276,0.5200386114681816,0.5202280301899165,0.5178473390897916,0.5224193025683065,0.5179968577205444,0.5222697839375537,0.0,0.0,0.0,1.0,-0.059999942779541016,0.0,0.0,0.0,0.0,0.0,-0.3177170157432556,-0.07771700620651245,0.0,0.0,0.0,0.0
118.946,1.0,1.059999942779541,-0.059999942779541016,gncbus_cmd,states_vx_gs,-0.22999998927116394,states_theta,0.1106930747628212,0.3901016105044015,0.22523068868296092,0.5199881317205454,0.5202828296245253,0.517939822513466,0.5223311388316046,0.5179171071464427,0.522353854198628,0.0,0.0,0.0,1.0,-0.059999942779541016,0.0,0.0,0.0,0.0,0.0,-0.3117029368877411,-0.08170294761657715,0.0,0.0,0.0,0.0
119.001,1.0,1.059999942779541,-0.059999942779541016,gncbus_cmd,states_vx_gs,-0.23999999463558197,states_theta,-0.13731102645397186,0.3901032303870162,0.22523066868898967,0.5202235007730976,0.5200517802589456,0.5181552781398807,0.5221200028921625,0.5181114301115929,0.5221638509204504,0.0,0.0,0.0,1.0,-0.059999942779541016,0.0,0.0,0.0,0.0,0.0,-0.30568888783454895,-0.06568888574838638,0.0,0.0,0.0,0.0
119.058,1.0,1.059999942779541,-0.059999942779541016,gncbus_cmd,states_vx_gs,-0.25,states_theta,0.14588245749473572,0.39010485026963093,0.22523360626303693,0.5201271026321235,0.5201524980868923,0.5178082643383162,0.5224713363806996,0.5176469303189604,0.5226326704000555,0.0,0.0,0.0,1.0,-0.059999942779541016,0.0,0.0,0.0,0.0,0.0,-0.2996748089790344,-0.04967481642961502,0.0,0.0,0.0,0.0
119.11,1.0,1.059999942779541,-0.059999942779541016,gncbus_cmd,states_vx_gs,-0.20999999344348907,states_theta,0.1173960343003273,0.3900791751335319,0.22521776685779824,0.5201210458861196,0.5200900878032988,0.5179100384949086,0.5223010951945098,0.5178697331799401,0.5223414005094783,0.0,0.0,0.0,1.0,-0.059999942779541016,0.0,0.0,0.0,0.0,0.0,-0.2936607599258423,-0.08366076648235321,0.0,0.0,0.0,0.0
119.162,1.0,1.059999942779541,-0.059999942779541016,gncbus_cmd,states_vx_gs,-0.2199999988079071,states_theta,-0.14238479733467102,0.38967739902690884,0.2249850696072658,0.5196005299910067,0.5195392007474169,0.5174604974835033,0.5216792332549203,0.5175593774401241,0.5215803532982994,0.0,0.0,0.0,1.0,-0.059999942779541016,0.0,0.0,0.0,0.0,0.0,-0.28764668107032776,-0.06764669716358185,0.0,0.0,0.0,0.0
119.217,1.0,1.0499999523162842,-0.04999995231628418,gncbus_cmd,states_vx_gs,-0.22999998927116394,states_theta,0.0711931586265564,0.39002173494069137,0.22518651296449743,0.5200773248395212,0.5199806350023224,0.5174133620774799,0.5226445977643637,0.5174964471355221,0.5225615127063215,0.0,0.0,0.0,1.0,-0.04999995231628418,0.0,0.0,0.0,0.0,0.0,-0.3026469647884369,-0.07264698296785355,0.0,0.0,0.0,0.0
119.274,1.0,1.0499999523162842,-0.04999995231628418,gncbus_cmd,states_vx_gs,-0.1899999976158142,states_theta,0.19735316932201385,0.39000806741582095,0.2251776372629696,0.5198958177002186,0.5201256954086373,0.5176088905989485,0.5224126225099074,0.5176230959641531,0.5223984171447028,0.0,0.0,0.0,1.0,-0.04999995231628418,0.0,0.0,0.0,0.0,0.0,-0.2976352572441101,-0.1076352521777153,0.0,0.0,0.0,0.0
119.331,1.0,1.0499999523162842,-0.04999995231628418,gncbus_cmd,states_vx_gs,-0.17999999225139618,states_theta,-0.09892111271619797,0.38998052928154764,0.2251599720487953,0.5200419120833957,0.5199061660007314,0.5178422939989199,0.5221057840852071,0.5180369922975733,0.5219110857865538,0.0,0.0,0.0,1.0,-0.04999995231628418,0.0,0.0,0.0,0.0,0.0,-0.29262351989746094,-0.11262354254722595,0.0,0.0,0.0,0.0
119.39,1.0,1.0499999523162842,-0.04999995231628418,gncbus_cmd,states_vx_gs,-0.2199999988079071,states_theta,-0.09151044487953186,0.3899523836848239,0.22514502359454686,0.5199713688060017,0.5199016543535286,0.5176256445315889,0.5222473786279415,0.5176336393049316,0.5222393838545988,0.0,0.0,0.0,1.0,-0.04999995231628418,0.0,0.0,0.0,0.0,0.0,-0.28761181235313416,-0.06761182099580765,0.0,0.0,0.0,0.0
119.444,1.0,1.0499999523162842,-0.04999995231628418,gncbus_cmd,states_vx_gs,-0.19999998807907104,states_theta,0.11087054014205933,0.38993740664533977,0.22513595587141114,0.5198696921124728,0.5199633922750999,0.5174999917153444,0.5223330926722283,0.5179054583234488,0.5219276260641239,0.0,0.0,0.0,1.0,-0.04999995231628418,0.0,0.0,0.0,0.0,0.0,-0.28234952688217163,-0.08234952390193939,0.0,0.0,0.0,0.0
119.501,1.0,1.0499999523162842,-0.04999995231628418,gncbus_cmd,states_vx_gs,-0.20999999344348907,states_theta,-0.04022796452045441,0.3899082755021171,0.22511831943192334,0.5199303972661387,0.5198250040728403,0.5177606950952515,0.5219947062437275,0.5178955942559101,0.5218598070830688,0.0,0.0,0.0,1.0,-0.04999995231628418,0.0,0.0,0.0,0.0,0.0,-0.27733778953552246,-0.06733780354261398,0.0,0.0,0.0,0.0
119.554,1.0,1.0499999523162842,-0.04999995231628418,gncbus_cmd,states_vx_gs,-0.22999998927116394,states_theta,-0.07744315266609192,0.3898787123813816,0.22510204077640258,0.519867282874254,0.5198092834760969,0.5177270001853606,0.5219495661649903,0.5175196199668209,0.5221569463835299,0.0,0.0,0.0,1.0,-0.04999995231628418,0.0,0.0,0.0,0.0,0.0,-0.2723260819911957,-0.04232608899474144,0.0,0.0,0.0,0.0
119.609,1.0,1.0399999618530273,-0.039999961853027344,gncbus_cmd,states_vx_gs,-0.22999998927116394,states_theta,0.02371453307569027,0.3898760123193966,0.22510075627255954,0.5198746352300396,0.5197947309550179,0.5175596807376054,0.5221096854474522,0.5175650230755947,0.5221043431094629,0.0,0.0,0.0,1.0,-0.039999961853027344,0.0,0.0,0.0,0.0,0.0,-0.28827857971191406,-0.058278586715459824,0.0,0.0,0.0,0.0
119.662,1.0,1.0399999618530273,-0.039999961853027344,gncbus_cmd,states_vx_gs,-0.22999998927116394,states_theta,-0.06355854123830795,0.38984593623572245,0.22508221243343624,0.5199036162860929,0.5196855470091669,0.5177134275792951,0.5218757357159648,0.5178296408756068,0.5217595224196531,0.0,0.0,0.0,1.0,-0.039999961853027344,0.0,0.0,0.0,0.0,0.0,-0.28426921367645264,-0.0542692132294178,0.0,0.0,0.0,0.0
119.717,1.0,1.0399999618530273,-0.039999961853027344,gncbus_cmd,states_vx_gs,-0.23999999463558197,states_theta,-0.003825016785413027,0.38984269621274953,0.22508205844608076,0.5198775120907202,0.5197030111432785,0.517444706166767,0.5221358170672318,0.517384884228134,0.5221956390058647,0.0,0.0,0.0,1.0,-0.039999961853027344,0.0,0.0,0.0,0.0,0.0,-0.2802598178386688,-0.04025983437895775,0.0,0.0,0.0,0.0
119.778,1.0,1.0399999618530273,-0.039999961853027344,gncbus_cmd,states_vx_gs,-0.2199999988079071,states_theta,0.05161569267511368,0.3898669402036632,0.22509444099053239,0.5199146322348767,0.5197305416415585,0.5177822738872226,0.5218628999892125,0.5177691285571453,0.5218760453192899,0.0,0.0,0.0,1.0,-0.039999961853027344,0.0,0.0,0.0,0.0,0.0,-0.2762504518032074,-0.05625045672059059,0.0,0.0,0.0,0.0
119.832,1.0,1.0399999618530273,-0.039999961853027344,gncbus_cmd,states_vx_gs,-0.23999999463558197,states_theta,-0.017838947474956512,0.3898642401416782,0.22509424804432054,0.5199328088822848,0.5197051648288571,0.5175417397547075,0.5220962339564343,0.5174422497905831,0.5221957239205588,0.0,0.0,0.0,1.0,-0.039999961853027344,0.0,0.0,0.0,0.0,0.0,-0.27224108576774597,-0.0322410874068737,0.0,0.0,0.0,0.0
119.892,1.0,1.0399999618530273,-0.039999961853027344,gncbus_cmd,states_vx_gs,-0.2199999988079071,states_theta,0.05707821995019913,0.3898890780896787,0.22510727277258302,0.5199709384183843,0.519733269820759,0.5178328127534622,0.5218713954856811,0.5177574100920119,0.5219467981471313,0.0,0.0,0.0,1.0,-0.039999961853027344,0.0,0.0,0.0,0.0,0.0,-0.26823171973228455,-0.048231709748506546,0.0,0.0,0.0,0.0
119.954,1.0,1.0399999618530273,-0.039999961853027344,gncbus_cmd,states_vx_gs,-0.23999999463558197,states_theta,-0.1082099974155426,0.38993248849863793,0.2251330630697129,0.5200609648547634,0.5197590044749378,0.5176429028999872,0.5221770664297141,0.5177587575254947,0.5220612118042065,0.0,0.0,0.0,1.0,-0.039999961853027344,0.0,0.0,0.0,0.0,0.0,-0.26422232389450073,-0.02422233857214451,0.0,0.0,0.0,0.0
120.019,1.0,1.0399999618530273,-0.039999961853027344,gncbus_cmd,states_vx_gs,-0.22999998927116394,states_theta,0.021738789975643158,0.3899582715025025,0.22514702338557935,0.519810910826897,0.5200778131797764,0.5179923523795434,0.52189637162713,0.5178717495296911,0.5220169744769824,0.0,0.0,0.0,1.0,-0.039999961853027344,0.0,0.0,0.0,0.0,0.0,-0.2602129578590393,-0.030212970450520515,0.0,0.0,0.0,0.0
120.082,1.0,1.0399999618530273,-0.039999961853027344,gncbus_cmd,states_vx_gs,-0.23999999463558197,states_theta,0.03174295276403427,0.38998454047117775,0.2251638903140251,0.5200623818425184,0.5198963927472889,0.5175454253185601,0.5224133492712473,0.5176866732480798,0.5222721013417275,0.0,0.0,0.0,1.0,-0.039999961853027344,0.0,0.0,0.0,0.0,0.0,-0.2562035918235779,-0.016203589737415314,0.0,0.0,0.0,0.0
120.14,1.0,1.0399999618530273,-0.039999961853027344,gncbus_cmd,states_vx_gs,-0.19999998807907104,states_theta,0.22491465508937836,0.38999780283226143,0.22517117435383016,0.5198688367585277,0.5201253041275028,0.5180391376158185,0.5219550032702119,0.5174151830113686,0.5225789578746619,0.0,0.0,0.0,1.0,-0.039999961853027344,0.0,0.0,0.0,0.0,0.0,-0.25219419598579407,-0.052194222807884216,0.0,0.0,0.0,0.0
120.198,1.0,1.0399999618530273,-0.039999961853027344,gncbus_cmd,states_vx_gs,-0.1899999976158142,states_theta,0.05706842988729477,0.39002509785538864,0.22518634816497407,0.520110856161636,0.5199560714527337,0.5177601547313405,0.5223067728830292,0.51796245769834,0.5221044699160297,0.0,0.0,0.0,1.0,-0.039999961853027344,0.0,0.0,0.0,0.0,0.0,-0.24818482995033264,-0.05818483978509903,0.0,0.0,0.0,0.0
120.264,1.0,1.0399999618530273,-0.039999961853027344,gncbus_cmd,states_vx_gs,-0.20999999344348907,states_theta,-0.25289028882980347,0.39005290584137164,0.22520188414834202,0.5201021291721747,0.520038953071483,0.51790508908835,0.5222359931553077,0.5181113299349097,0.5220297523087479,0.0,0.0,0.0,1.0,-0.039999961853027344,0.0,0.0,0.0,0.0,0.0,-0.24417546391487122,-0.03417547047138214,0.0,0.0,0.0,0.0
120.321,1.0,1.0299999713897705,-0.029999971389770508,gncbus_cmd,states_vx_gs,-0.20999999344348907,states_theta,0.28313159942626953,0.3900810647975613,0.2252198022220659,0.5200138372088606,0.5202023355846362,0.5177748432557296,0.5224413295377672,0.517644715970748,0.5225714568227489,0.0,0.0,0.0,1.0,-0.029999971389770508,0.0,0.0,0.0,0.0,0.0,-0.26057901978492737,-0.050579022616147995,0.0,0.0,0.0,0.0
120.386,1.0,1.0299999713897705,-0.029999971389770508,gncbus_cmd,states_vx_gs,-0.1899999976158142,states_theta,-0.08227784931659698,0.39008268468017604,0.22521873292307523,0.5201407970192392,0.5200796954612302,0.5180076331963834,0.522212859284086,0.5182427506226976,0.5219777418577718,0.0,0.0,0.0,1.0,-0.029999971389770508,0.0,0.0,0.0,0.0,0.0,-0.2575719952583313,-0.06757199019193649,0.0,0.0,0.0,0.0
120.447,1.0,1.0299999713897705,-0.029999971389770508,gncbus_cmd,states_vx_gs,-0.2199999988079071,states_theta,-0.08310119062662125,0.39009790456475946,0.22522852708095314,0.520170602366188,0.5200904764731705,0.5181717841928883,0.5220892946464701,0.5177044748307742,0.5225566040085843,0.0,0.0,0.0,1.0,-0.029999971389770508,0.0,0.0,0.0,0.0,0.0,-0.25456494092941284,-0.03456495702266693,0.0,0.0,0.0,0.0
120.506,1.0,1.0299999713897705,-0.029999971389770508,gncbus_cmd,states_vx_gs,-0.2199999988079071,states_theta,-0.03797958791255951,0.39009979455665256,0.22522965657296293,0.5200551045367818,0.5202110142809584,0.5178636559254047,0.5224024628923355,0.517979710100687,0.5222864087170532,0.0,0.0,0.0,1.0,-0.029999971389770508,0.0,0.0,0.0,0.0,0.0,-0.2515579164028168,-0.031557925045490265,0.0,0.0,0.0,0.0
120.572,1.0,1.0299999713897705,-0.029999971389770508,gncbus_cmd,states_vx_gs,-0.2199999988079071,states_theta,-0.0651569813489914,0.3901016845485458,0.22522986658479932,0.5200086264815278,0.5202625323145944,0.5181368444027634,0.5221343143933588,0.5180875482010296,0.5221836105950926,0.0,0.0,0.0,1.0,-0.029999971389770508,0.0,0.0,0.0,0.0,0.0,-0.2485508918762207,-0.028550894930958748,0.0,0.0,0.0,0.0
120.632,1.0,1.0299999713897705,-0.029999971389770508,gncbus_cmd,states_vx_gs,-0.23999999463558197,states_theta,0.0042055221274495125,0.39008898902613187,0.22522290714298024,0.5200099705558145,0.5202273335138705,0.518077030643819,0.522160273425866,0.5179524497664404,0.5222848543032447,0.0,0.0,0.0,1.0,-0.029999971389770508,0.0,0.0,0.0,0.0,0.0,-0.24554386734962463,-0.005543869454413652,0.0,0.0,0.0,0.0
120.691,1.0,1.0299999713897705,-0.029999971389770508,gncbus_cmd,states_vx_gs,-0.22999998927116394,states_theta,-0.042710497975349426,0.3900906089087466,0.22522372759976866,0.5202408351518015,0.5200007886048561,0.5179075227397608,0.5223341010168968,0.518183641361016,0.5220579823956416,0.0,0.0,0.0,1.0,-0.029999971389770508,0.0,0.0,0.0,0.0,0.0,-0.24253682792186737,-0.012536844238638878,0.0,0.0,0.0,0.0
120.751,1.0,1.0299999713897705,-0.029999971389770508,gncbus_cmd,states_vx_gs,-0.23999999463558197,states_theta,0.03267417848110199,0.39006094079030956,0.22520680776366975,0.5199910307168147,0.5201714780573441,0.5181424870457955,0.5220200217283634,0.5177845786008247,0.5223779301733341,0.0,0.0,0.0,1.0,-0.029999971389770508,0.0,0.0,0.0,0.0,0.0,-0.2395298033952713,0.000470191880594939,0.0,0.0,0.0,0.0
120.815,1.0,1.0299999713897705,-0.029999971389770508,gncbus_cmd,states_vx_gs,-0.2199999988079071,states_theta,-0.010874620638787746,0.3900344827065783,0.22519152114400304,0.5202089125451993,0.5198830413390095,0.5178800938241936,0.5222118600600152,0.517971469131125,0.5221204847530838,0.0,0.0,0.0,1.0,-0.029999971389770508,0.0,0.0,0.0,0.0,0.0,-0.23652277886867523,-0.01652277261018753,0.0,0.0,0.0,0.0
120.881,1.0,1.0299999713897705,-0.029999971389770508,gncbus_cmd,states_vx_gs,-0.25,states_theta,0.010621747002005577,0.38999096565853125,0.22516620240275137,0.5197119125797869,0.5202639958429631,0.518238168354072,0.521737740068678,0.5176358328964477,0.5223400755263023,0.0,0.0,0.0,1.0,-0.029999971389770508,0.0,0.0,0.0,0.0,0.0,-0.23351573944091797,0.016484258696436882,0.0,0.0,0.0,0.0
120.948,1.0,1.0299999713897705,-0.029999971389770508,gncbus_cmd,states_vx_gs,-0.20999999344348907,states_theta,0.21335050463676453,0.38996356251448305,0.22515185208541477,0.5200443802973113,0.5198584530746436,0.5173320738824568,0.522570759489498,0.5178420078355347,0.5220608255364202,0.0,0.0,0.0,1.0,-0.029999971389770508,0.0,0.0,0.0,0.0,0.0,-0.2305087149143219,-0.020508717745542526,0.0,0.0,0.0,0.0
121.01,1.0,1.0299999713897705,-0.029999971389770508,gncbus_cmd,states_vx_gs,-0.1899999976158142,states_theta,0.11488525569438934,0.3899357004036693,0.22513545326579298,0.519732326423927,0.5200962079858579,0.5177503603609142,0.5220781740488707,0.5174566787326726,0.5223718556771122,0.0,0.0,0.0,1.0,-0.029999971389770508,0.0,0.0,0.0,0.0,0.0,-0.22750167548656464,-0.037501681596040726,0.0,0.0,0.0,0.0
121.067,1.0,1.0299999713897705,-0.029999971389770508,gncbus_cmd,states_vx_gs,-0.19999998807907104,states_theta,-0.09915706515312195,0.3899343503726768,0.2251334338022136,0.5201215298098133,0.5197034045173249,0.5177175925836881,0.5221073417434501,0.5179991593970725,0.5218257749300657,0.0,0.0,0.0,1.0,-0.029999971389770508,0.0,0.0,0.0,0.0,0.0,-0.22449465095996857,-0.024494661018252373,0.0,0.0,0.0,0.0
121.127,1.0,1.0299999713897705,-0.029999971389770508,gncbus_cmd,states_vx_gs,-0.2199999988079071,states_theta,0.010222909972071648,0.38989225375666875,0.225109524443794,0.5196613143610335,0.5200513623234165,0.518161466344004,0.521551210340446,0.5173419855703705,0.5223706911140795,0.0,0.0,0.0,1.0,-0.029999971389770508,0.0,0.0,0.0,0.0,0.0,-0.2214876264333725,-0.0014876204077154398,0.0,0.0,0.0,0.0
121.187,1.0,1.0199999809265137,-0.019999980926513672,gncbus_cmd,states_vx_gs,-0.1899999976158142,states_theta,0.11209774762392044,0.3898900936556717,0.2251092997332228,0.5199452206555378,0.5197616957595866,0.5173340469397889,0.5223728694753356,0.5176813752732574,0.522025541141867,0.0,0.0,0.0,1.0,-0.019999980926513672,0.0,0.0,0.0,0.0,0.0,-0.23959515988826752,-0.04959515854716301,0.0,0.0,0.0,0.0
121.25,1.0,1.0199999809265137,-0.019999980926513672,gncbus_cmd,states_vx_gs,-0.20999999344348907,states_theta,-0.15527579188346863,0.3898608815095784,0.22509078163894453,0.5199557453203698,0.519673272038506,0.5177658159741735,0.5218632013847023,0.5178446735338956,0.5217843438249802,0.0,0.0,0.0,1.0,-0.019999980926513672,0.0,0.0,0.0,0.0,0.0,-0.2375904768705368,-0.027590477839112282,0.0,0.0,0.0,0.0
121.312,1.0,1.0199999809265137,-0.019999980926513672,gncbus_cmd,states_vx_gs,-0.22999998927116394,states_theta,-0.006970143876969814,0.38985818144759343,0.22508966501158284,0.5198183829126489,0.5198034342809336,0.5178602957039502,0.5217615214896323,0.5175550913575246,0.5220667258360578,0.0,0.0,0.0,1.0,-0.019999980926513672,0.0,0.0,0.0,0.0,0.0,-0.2355857789516449,-0.00558579433709383,0.0,0.0,0.0,0.0
121.372,1.0,1.0199999809265137,-0.019999980926513672,gncbus_cmd,states_vx_gs,-0.22999998927116394,states_theta,-0.0014069112949073315,0.38988256042875413,0.22510373025084496,0.5198738782133948,0.5198129495966163,0.5176295771630745,0.5220572506469366,0.5178498605752667,0.5218369672347444,0.0,0.0,0.0,1.0,-0.019999980926513672,0.0,0.0,0.0,0.0,0.0,-0.23358109593391418,-0.003581107361242175,0.0,0.0,0.0,0.0
121.432,1.0,1.0199999809265137,-0.019999980926513672,gncbus_cmd,states_vx_gs,-0.2199999988079071,states_theta,0.004624003544449806,0.38988040032775717,0.2251026263408504,0.5198475673024335,0.5198335002382523,0.5178460591271842,0.5218350084135016,0.5175698178821254,0.5221112496585604,0.0,0.0,0.0,1.0,-0.019999980926513672,0.0,0.0,0.0,0.0,0.0,-0.23157641291618347,-0.011576410382986069,0.0,0.0,0.0,0.0
121.492,1.0,1.0199999809265137,-0.019999980926513672,gncbus_cmd,states_vx_gs,-0.23999999463558197,states_theta,-0.04047097638249397,0.390295554201896,0.22534179806479668,0.520421682391676,0.5203664621467133,0.5182998226936397,0.5224883218447496,0.5184384810511744,0.5223496634872149,0.0,0.0,0.0,1.0,-0.019999980926513672,0.0,0.0,0.0,0.0,0.0,-0.22957172989845276,0.010428272187709808,0.0,0.0,0.0,0.0
121.552,1.0,1.0199999809265137,-0.019999980926513672,gncbus_cmd,states_vx_gs,-0.2199999988079071,states_theta,0.10281521081924438,0.38994878672039307,0.22514252884413788,0.51997340660274,0.5198900246516415,0.5176778272677998,0.5221856039865818,0.5177386036409213,0.5221248276134602,0.0,0.0,0.0,1.0,-0.019999980926513672,0.0,0.0,0.0,0.0,0.0,-0.22746680676937103,-0.0074668023735284805,0.0,0.0,0.0,0.0
121.608,1.0,1.0199999809265137,-0.019999980926513672,gncbus_cmd,states_vx_gs,-0.23999999463558197,states_theta,-0.21617037057876587,0.3903256016418999,0.22535831116404706,0.5204732470091811,0.5203950240358852,0.5186044384408678,0.5222638326041985,0.5186018530901514,0.5222664179549149,0.0,0.0,0.0,1.0,-0.019999980926513672,0.0,0.0,0.0,0.0,0.0,-0.22546210885047913,0.014537880197167397,0.0,0.0,0.0,0.0
121.665,1.0,1.0199999809265137,-0.019999980926513672,gncbus_cmd,states_vx_gs,-0.22999998927116394,states_theta,0.2506003677845001,0.3899788295857114,0.2251604690052317,0.5198151868614566,0.5201283587004405,0.5177252706002718,0.5222182749616252,0.5175443147063651,0.522399230855532,0.0,0.0,0.0,1.0,-0.019999980926513672,0.0,0.0,0.0,0.0,0.0,-0.2234574258327484,0.006542562507092953,0.0,0.0,0.0,0.0
121.719,1.0,1.0199999809265137,-0.019999980926513672,gncbus_cmd,states_vx_gs,-0.22999998927116394,states_theta,-0.19347284734249115,0.3900194950650951,0.22518178089635427,0.5202143409359443,0.5198376459043093,0.51802408399963,0.5220279028406236,0.5182883800978195,0.521763606742434,0.0,0.0,0.0,1.0,-0.019999980926513672,0.0,0.0,0.0,0.0,0.0,-0.2214527428150177,0.008547249250113964,0.0,0.0,0.0,0.0
121.785,1.0,1.0199999809265137,-0.019999980926513672,gncbus_cmd,states_vx_gs,-0.22999998927116394,states_theta,0.2451142966747284,0.3900471410628078,0.22519982100279762,0.5199480221359528,0.5201776873648679,0.5178876251562284,0.5222380843445923,0.517600530626385,0.5225251788744357,0.0,0.0,0.0,1.0,-0.019999980926513672,0.0,0.0,0.0,0.0,0.0,-0.219448059797287,0.010551935993134975,0.0,0.0,0.0,0.0
121.847,1.0,1.0199999809265137,-0.019999980926513672,gncbus_cmd,states_vx_gs,-0.19999998807907104,states_theta,0.014723740518093109,0.3900482209846092,0.22519971074749984,0.5202030547670525,0.5199255345252386,0.5176267857452159,0.5225018035470752,0.5181867284895467,0.5219418608027444,0.0,0.0,0.0,1.0,-0.019999980926513672,0.0,0.0,0.0,0.0,0.0,-0.21744336187839508,-0.017443377524614334,0.0,0.0,0.0,0.0
121.91,1.0,1.0199999809265137,-0.019999980926513672,gncbus_cmd,states_vx_gs,-0.1899999976158142,states_theta,-0.031397730112075806,0.3900767309153276,0.2252160392635229,0.5199327361365461,0.5202718796376608,0.5182154358190774,0.5219891799551295,0.5177231644915496,0.5224814512826572,0.0,0.0,0.0,1.0,-0.019999980926513672,0.0,0.0,0.0,0.0,0.0,-0.21543867886066437,-0.02543868124485016,0.0,0.0,0.0,0.0
121.974,1.0,1.0199999809265137,-0.019999980926513672,gncbus_cmd,states_vx_gs,-0.19999998807907104,states_theta,-0.0748184397816658,0.3900783507979423,0.22521656374197468,0.5201893538977227,0.5200195815634567,0.5178900762444765,0.522318859216703,0.5182074741442457,0.5220014613169337,0.0,0.0,0.0,1.0,-0.019999980926513672,0.0,0.0,0.0,0.0,0.0,-0.21343399584293365,-0.013434003107249737,0.0,0.0,0.0,0.0
122.033,1.0,1.0199999809265137,-0.019999980926513672,gncbus_cmd,states_vx_gs,-0.19999998807907104,states_theta,-0.0031520631164312363,0.3900937057371649,0.2252257269383425,0.5200573951428045,0.5201924868229686,0.5180637833039778,0.5221860986617952,0.5179354908548808,0.5223143911108923,0.0,0.0,0.0,1.0,-0.019999980926513672,0.0,0.0,0.0,0.0,0.0,-0.21142929792404175,-0.011429316364228725,0.0,0.0,0.0,0.0
122.09,1.0,1.0099999904632568,-0.009999990463256836,gncbus_cmd,states_vx_gs,-0.19999998807907104,states_theta,-0.015158305875957012,0.39009559572905805,0.2252270120541598,0.5201951062287212,0.5200598157154336,0.5178839362701414,0.5223709856740134,0.5180398514624481,0.5222150704817067,0.0,0.0,0.0,1.0,-0.009999990463256836,0.0,0.0,0.0,0.0,0.0,-0.23008812963962555,-0.030088143423199654,0.0,0.0,0.0,0.0
122.146,1.0,1.0099999904632568,-0.009999990463256836,gncbus_cmd,states_vx_gs,-0.2199999988079071,states_theta,-0.10135107487440109,0.3900974857209512,0.22522742269167018,0.5200580600311984,0.5202019018913382,0.5181881132512679,0.5220718486712687,0.5180338212753671,0.5222261406471694,0.0,0.0,0.0,1.0,-0.009999990463256836,0.0,0.0,0.0,0.0,0.0,-0.2290857881307602,-0.009085790254175663,0.0,0.0,0.0,0.0
122.202,1.0,1.0099999904632568,-0.009999990463256836,gncbus_cmd,states_vx_gs,-0.2199999988079071,states_theta,0.051362235099077225,0.39008572168901995,0.22522135677598193,0.5201690464129944,0.5200595447577254,0.5178682745914684,0.5223603165792514,0.5180094844520109,0.522219106718709,0.0,0.0,0.0,1.0,-0.009999990463256836,0.0,0.0,0.0,0.0,0.0,-0.22808344662189484,-0.008083445951342583,0.0,0.0,0.0,0.0
122.26,1.0,1.0099999904632568,-0.009999990463256836,gncbus_cmd,states_vx_gs,-0.2199999988079071,states_theta,-0.07047562301158905,0.39008734157163466,0.22522172727382056,0.5200127855263912,0.5202201253313012,0.5182581337555655,0.5219747771021269,0.5178812301555066,0.5223516807021858,0.0,0.0,0.0,1.0,-0.009999990463256836,0.0,0.0,0.0,0.0,0.0,-0.22708110511302948,-0.007081102579832077,0.0,0.0,0.0,0.0
122.319,1.0,1.0099999904632568,-0.009999990463256836,gncbus_cmd,states_vx_gs,-0.22999998927116394,states_theta,-0.07405361533164978,0.38968503145372546,0.22498934906632073,0.5195983603725849,0.5195617235040164,0.5172842104371218,0.5218758734394795,0.5178501258000601,0.5213099580765412,0.0,0.0,0.0,1.0,-0.009999990463256836,0.0,0.0,0.0,0.0,0.0,-0.22607876360416412,0.003921231254935265,0.0,0.0,0.0,0.0
122.376,1.0,1.0099999904632568,-0.009999990463256836,gncbus_cmd,states_vx_gs,-0.22999998927116394,states_theta,0.0009665684774518013,0.38965608336023905,0.22497288865584453,0.5195443204826159,0.5195385684780215,0.5174442331801618,0.5216386557804756,0.5174630273929371,0.5216198615677002,0.0,0.0,0.0,1.0,-0.009999990463256836,0.0,0.0,0.0,0.0,0.0,-0.22507640719413757,0.00492357462644577,0.0,0.0,0.0,0.0
122.434,1.0,1.0099999904632568,-0.009999990463256836,gncbus_cmd,states_vx_gs,-0.23999999463558197,states_theta,0.09881356358528137,0.38998803581627606,0.2251648809820116,0.519925061461687,0.5200430340483824,0.5179169607235807,0.5220511347864887,0.5177344383194402,0.5222336571906292,0.0,0.0,0.0,1.0,-0.009999990463256836,0.0,0.0,0.0,0.0,0.0,-0.22407406568527222,0.015925923362374306,0.0,0.0,0.0,0.0
122.498,1.0,1.0099999904632568,-0.009999990463256836,gncbus_cmd,states_vx_gs,-0.2199999988079071,states_theta,-0.07092553377151489,0.3899607136663629,0.2251485703075202,0.5201819699408138,0.5197132665028207,0.517777639184674,0.5221175972589605,0.5180484485542634,0.5218467878893711,0.0,0.0,0.0,1.0,-0.009999990463256836,0.0,0.0,0.0,0.0,0.0,-0.22307172417640686,-0.003071728628128767,0.0,0.0,0.0,0.0
122.56,1.0,1.0099999904632568,-0.009999990463256836,gncbus_cmd,states_vx_gs,-0.23999999463558197,states_theta,0.09614264965057373,0.3899599035962711,0.2251487980231607,0.5196898785963715,0.5202031976603514,0.5181961248931192,0.5216969513636037,0.5173983425440555,0.5224947337126674,0.0,0.0,0.0,1.0,-0.009999990463256836,0.0,0.0,0.0,0.0,0.0,-0.2220693826675415,0.017930610105395317,0.0,0.0,0.0,0.0
122.616,1.0,1.0099999904632568,-0.009999990463256836,gncbus_cmd,states_vx_gs,-0.20999999344348907,states_theta,0.032357797026634216,0.38993158251869176,0.2251324338701907,0.5201300945056837,0.5196874588774942,0.5174378020556737,0.5223797513275042,0.5180528770906921,0.5217646762924858,0.0,0.0,0.0,1.0,-0.009999990463256836,0.0,0.0,0.0,0.0,0.0,-0.22106704115867615,-0.011067046783864498,0.0,0.0,0.0,0.0
122.676,1.0,1.0099999904632568,-0.009999990463256836,gncbus_cmd,states_vx_gs,-0.2199999988079071,states_theta,-0.030039116740226746,0.38988940490856167,0.22510760801637944,0.5196832490941952,0.5200218306619693,0.5180649967118921,0.5216400830442723,0.5175032071614453,0.5222018725947192,0.0,0.0,0.0,1.0,-0.009999990463256836,0.0,0.0,0.0,0.0,0.0,-0.2200646996498108,-6.46980624878779e-05,0.0,0.0,0.0,0.0
122.737,1.0,1.0099999904632568,-0.009999990463256836,gncbus_cmd,states_vx_gs,-0.2199999988079071,states_theta,-0.011262714862823486,0.3898872448075646,0.2251064145859106,0.5199975339154742,0.5197017855713647,0.5175170839455872,0.5221822355412518,0.518011937577169,0.5216873819096699,0.0,0.0,0.0,1.0,-0.009999990463256836,0.0,0.0,0.0,0.0,0.0,-0.21906235814094543,0.0009376454399898648,0.0,0.0,0.0,0.0
122.798,1.0,1.0099999904632568,-0.009999990463256836,gncbus_cmd,states_vx_gs,-0.2199999988079071,states_theta,-0.02596982568502426,0.3898577626809774,0.2250892808649235,0.519753884881351,0.5198668156012554,0.5179543527048901,0.5216663477777163,0.5175323330175111,0.5220883674650952,0.0,0.0,0.0,1.0,-0.009999990463256836,0.0,0.0,0.0,0.0,0.0,-0.21806001663208008,0.0019399890443310142,0.0,0.0,0.0,0.0
122.859,1.0,1.0099999904632568,-0.009999990463256836,gncbus_cmd,states_vx_gs,-0.23999999463558197,states_theta,-0.05451584979891777,0.3898550626189924,0.22508727550490856,0.5197499088132925,0.5198635915040205,0.5178376216878329,0.5217758786294802,0.51781864901955,0.521794851297763,0.0,0.0,0.0,1.0,-0.009999990463256836,0.0,0.0,0.0,0.0,0.0,-0.21705766022205353,0.022942328825592995,0.0,0.0,0.0,0.0
122.922,1.0,1.0099999904632568,-0.009999990463256836,gncbus_cmd,states_vx_gs,-0.2199999988079071,states_theta,0.1404763013124466,0.3898523625570074,0.22508690971747872,0.5197218344151018,0.5198844657369179,0.5176033503223554,0.5220029498296643,0.5175369083065482,0.5220693918454715,0.0,0.0,0.0,1.0,-0.009999990463256836,0.0,0.0,0.0,0.0,0.0,-0.21605531871318817,0.003944675903767347,0.0,0.0,0.0,0.0
122.972,1.0,1.0099999904632568,-0.009999990463256836,gncbus_cmd,states_vx_gs,-0.2199999988079071,states_theta,-0.15342910587787628,0.38987703851671146,0.22509973241804704,0.519754065555392,0.5199180371558385,0.5178915481489911,0.5217805545622395,0.5179307672389736,0.521741335472257,0.0,0.0,0.0,1.0,-0.009999990463256836,0.0,0.0,0.0,0.0,0.0,-0.2155541479587555,-0.005554157309234142,0.0,0.0,0.0,0.0
123.026,1.0,1.0099999904632568,-0.009999990463256836,gncbus_cmd,states_vx_gs,-0.22999998927116394,states_theta,-0.11665067821741104,0.39027966343582343,0.22533252992612718,0.5202564420554949,0.5204893271067008,0.5183615340740109,0.5223842350881849,0.5183771825811905,0.5223685865810053,0.0,0.0,0.0,1.0,-0.009999990463256836,0.0,0.0,0.0,0.0,0.0,-0.21455180644989014,0.015448181889951229,0.0,0.0,0.0,0.0
123.088,1.0,1.0099999904632568,-0.009999990463256836,gncbus_cmd,states_vx_gs,-0.22999998927116394,states_theta,0.07202000916004181,0.3899190283561729,0.22512501320069578,0.5199112363959945,0.5198728392204667,0.5176486458652212,0.5221354297512399,0.5178293051153897,0.5219547705010714,0.0,0.0,0.0,1.0,-0.009999990463256836,0.0,0.0,0.0,0.0,0.0,-0.21354946494102478,0.01645052619278431,0.0,0.0,0.0,0.0
123.154,1.0,1.0099999904632568,-0.009999990463256836,gncbus_cmd,states_vx_gs,-0.22999998927116394,states_theta,-0.12340033054351807,0.38994767934242336,0.22514138612425186,0.5199033205555034,0.5199571576909588,0.5180837752698775,0.5217767029765847,0.5175691664069346,0.5222913118395276,0.0,0.0,0.0,1.0,-0.009999990463256836,0.0,0.0,0.0,0.0,0.0,-0.21254712343215942,0.017452869564294815,0.0,0.0,0.0,0.0
123.218,1.0,1.0099999904632568,-0.009999990463256836,gncbus_cmd,states_vx_gs,-0.2199999988079071,states_theta,0.18164822459220886,0.38997424528959385,0.22515786000900798,0.520194224925479,0.5197370958467713,0.5174128985564073,0.522518422215843,0.5178531085993507,0.5220782121728995,0.0,0.0,0.0,1.0,-0.009999990463256836,0.0,0.0,0.0,0.0,0.0,-0.21154478192329407,0.00845522154122591,0.0,0.0,0.0,0.0
123.282,1.0,1.0099999904632568,-0.009999990463256836,gncbus_cmd,states_vx_gs,-0.19999998807907104,states_theta,-0.06892330944538116,0.38998760218889444,0.22516404371521703,0.5197416051767454,0.5202253339936398,0.5182620428911873,0.5217048962791979,0.5176904281318908,0.5222765110384944,0.0,0.0,0.0,1.0,-0.009999990463256836,0.0,0.0,0.0,0.0,0.0,-0.2105424404144287,-0.010542444884777069,0.0,0.0,0.0,0.0
123.346,1.0,1.0099999904632568,-0.009999990463256836,gncbus_cmd,states_vx_gs,-0.20999999344348907,states_theta,0.04293753206729889,0.390015086198337,0.22518092123514258,0.5202177854624923,0.5198224443997397,0.5174772915837408,0.5225629382784912,0.5181242828481739,0.5219159470140581,0.0,0.0,0.0,1.0,-0.009999990463256836,0.0,0.0,0.0,0.0,0.0,-0.20954008400440216,0.00045990367652848363,0.0,0.0,0.0,0.0
123.407,1.0,1.0099999904632568,-0.009999990463256836,gncbus_cmd,states_vx_gs,-0.19999998807907104,states_theta,-0.02830563485622406,0.39004297517845504,0.22519663499689496,0.5198304621399176,0.5202841383359625,0.5182653816430413,0.5218492188328389,0.5175796844799451,0.522534915995935,0.0,0.0,0.0,1.0,-0.009999990463256836,0.0,0.0,0.0,0.0,0.0,-0.2085377424955368,-0.008537758141756058,0.0,0.0,0.0,0.0
123.469,1.0,1.0099999904632568,-0.009999990463256836,gncbus_cmd,states_vx_gs,-0.19999998807907104,states_theta,-0.014710772782564163,0.39007121512876675,0.2252129163101954,0.5203442437544002,0.5198456632556444,0.5175796336612112,0.5226102733488335,0.5183712318964938,0.5218186751135508,0.0,0.0,0.0,1.0,-0.009999990463256836,0.0,0.0,0.0,0.0,0.0,-0.20753540098667145,-0.007535414770245552,0.0,0.0,0.0,0.0
123.53,1.0,1.0,0.0,gncbus_cmd,states_vx_gs,-0.19999998807907104,states_theta,-0.01216574851423502,0.39007283501138146,0.225214034791924,0.5198246819437292,0.520369544753288,0.5183697707774084,0.5218244559196088,0.5175217584768401,0.5226724682201771,0.0,0.0,0.0,1.0,0.0,0.0,0.0,0.0,0.0,0.0,-0.22684575617313385,-0.026845766231417656,0.0,0.0,0.0,0.0
123.592,1.0,1.0,0.0,gncbus_cmd,states_vx_gs,-0.20999999344348907,states_theta,-0.04619015380740166,0.3900880413905009,0.22522255919095477,0.5203291178838703,0.5199056591574656,0.5176310652675956,0.5226037117737402,0.5183839929279185,0.5218507841134173,0.0,0.0,0.0,1.0,0.0,0.0,0.0,0.0,0.0,0.0,-0.22684575617313385,-0.016845760866999626,0.0,0.0,0.0,0.0
123.654,1.0,1.0,0.0,gncbus_cmd,states_vx_gs,-0.2199999988079071,states_theta,-0.027684923261404037,0.3900899313823941,0.2252235752261503,0.5199065543842948,0.5203332626354228,0.5183767348989583,0.5218630821207593,0.5176680204314534,0.5225717965882641,0.0,0.0,0.0,1.0,0.0,0.0,0.0,0.0,0.0,0.0,-0.22684575617313385,-0.006845755036920309,0.0,0.0,0.0,0.0
123.719,1.0,1.0,0.0,gncbus_cmd,states_vx_gs,-0.2199999988079071,states_theta,-0.005329206120222807,0.3900919158738819,0.22522449712501097,0.5203318846489549,0.5199132243480635,0.5177272337279316,0.5225178752690868,0.5184163110781758,0.5218287979188426,0.0,0.0,0.0,1.0,0.0,0.0,0.0,0.0,0.0,0.0,-0.22684575617313385,-0.006845755036920309,0.0,0.0,0.0,0.0
123.782,1.0,1.0,0.0,gncbus_cmd,states_vx_gs,-0.22999998927116394,states_theta,-0.03658749908208847,0.390093805865775,0.2252258300866317,0.5198603772846233,0.5203897716907768,0.5184977306389328,0.5217524183364673,0.5175932753031164,0.5226568736722838,0.0,0.0,0.0,1.0,0.0,0.0,0.0,0.0,0.0,0.0,-0.22684575617313385,0.0031542356591671705,0.0,0.0,0.0,0.0
123.832,1.0,1.0,0.0,gncbus_cmd,states_vx_gs,-0.22999998927116394,states_theta,0.032890643924474716,0.39009475086172163,0.2252263176870641,0.520084173247995,0.520168495716596,0.5180170980006964,0.5222355709638946,0.517987831992057,0.522264836972534,0.0,0.0,0.0,1.0,0.0,0.0,0.0,0.0,0.0,0.0,-0.22684575617313385,0.0031542356591671705,0.0,0.0,0.0,0.0
123.89,1.0,1.0,0.0,gncbus_cmd,states_vx_gs,-0.22999998927116394,states_theta,-0.010291580110788345,0.39008309487350185,0.22521937935297487,0.5201728564447206,0.5200487298846177,0.518013999074421,0.5222075872549172,0.5180499505061193,0.5221716358232189,0.0,0.0,0.0,1.0,0.0,0.0,0.0,0.0,0.0,0.0,-0.22684575617313385,0.0031542356591671705,0.0,0.0,0.0,0.0
123.952,1.0,1.0,0.0,gncbus_cmd,states_vx_gs,-0.22999998927116394,states_theta,0.020387383177876472,0.39008471475611656,0.22522046856315045,0.5201314843154463,0.5200944217008645,0.5179131517307315,0.5223127542855793,0.5180917021570955,0.5221342038592153,0.0,0.0,0.0,1.0,0.0,0.0,0.0,0.0,0.0,0.0,-0.22684575617313385,0.0031542356591671705,0.0,0.0,0.0,0.0
124.012,1.0,1.0,0.0,gncbus_cmd,states_vx_gs,-0.22999998927116394,states_theta,0.009154699742794037,0.3900591206141395,0.22520565583242683,0.5199868695376939,0.5201707854333448,0.518125446838964,0.5220322081320747,0.5178348523508516,0.5223228026201872,0.0,0.0,0.0,1.0,0.0,0.0,0.0,0.0,0.0,0.0,-0.22684575617313385,0.0031542356591671705,0.0,0.0,0.0,0.0
124.062,1.0,1.0,0.0,gncbus_cmd,states_vx_gs,-0.22999998927116394,states_theta,-0.020566057413816452,0.39005966057504027,0.2252059363202217,0.5198913353207312,0.5202677595460429,0.5183412750878683,0.5218178197789057,0.517682412260526,0.522476682606248,0.0,0.0,0.0,1.0,0.0,0.0,0.0,0.0,0.0,0.0,-0.22684575617313385,0.0031542356591671705,0.0,0.0,0.0,0.0
124.123,1.0,1.0,0.0,gncbus_cmd,states_vx_gs,-0.22999998927116394,states_theta,-0.012698865495622158,0.39003341847566925,0.22519085177075082,0.5202716369138292,0.5198174790212888,0.5176128224253784,0.5224762935097396,0.518324883988345,0.521764231946773,0.0,0.0,0.0,1.0,0.0,0.0,0.0,0.0,0.0,0.0,-0.22684575617313385,0.0031542356591671705,0.0,0.0,0.0,0.0
124.183,1.0,1.0,0.0,gncbus_cmd,states_vx_gs,-0.22999998927116394,states_theta,-0.05589120090007782,0.38999051944864704,0.22516582563783716,0.5198169129247726,0.5201578056049528,0.5182543215165907,0.5217203970131348,0.5176585564716418,0.5223161620580836,0.0,0.0,0.0,1.0,0.0,0.0,0.0,0.0,0.0,0.0,-0.22684575617313385,0.0031542356591671705,0.0,0.0,0.0,0.0
124.245,1.0,1.0,0.0,gncbus_cmd,states_vx_gs,-0.23999999463558197,states_theta,0.0310974158346653,0.3899902493394559,0.22516603200436475,0.5202043125812886,0.5197696856572606,0.5175070822630744,0.5224669159754748,0.5182807688280607,0.5216932294104885,0.0,0.0,0.0,1.0,0.0,0.0,0.0,0.0,0.0,0.0,-0.22684575617313385,0.013154241256415844,0.0,0.0,0.0,0.0
124.305,1.0,1.0,0.0,gncbus_cmd,states_vx_gs,-0.2199999988079071,states_theta,-0.010841527953743935,0.38996246822277725,0.22515002717452332,0.5197089592327331,0.5201909560280062,0.5181999211086209,0.5216999941521184,0.5174904030300834,0.5224095122306559,0.0,0.0,0.0,1.0,0.0,0.0,0.0,0.0,0.0,0.0,-0.22684575617313385,-0.006845755036920309,0.0,0.0,0.0,0.0
124.362,1.0,1.0,0.0,gncbus_cmd,states_vx_gs,-0.22999998927116394,states_theta,0.003793151117861271,0.389934228139333,0.22513370106350836,0.5201537276956094,0.5196708806759451,0.5174213171095062,0.5224032912620483,0.5182190577582974,0.5216055506132572,0.0,0.0,0.0,1.0,0.0,0.0,0.0,0.0,0.0,0.0,-0.22684575617313385,0.0031542356591671705,0.0,0.0,0.0,0.0
124.418,1.0,1.0,0.0,gncbus_cmd,states_vx_gs,-0.22999998927116394,states_theta,-0.010824238881468773,0.3899192105834701,0.22512485508675603,0.5197265419891702,0.52005801956675,0.5180981582346891,0.5216864033212312,0.517532734867572,0.5222518266883482,0.0,0.0,0.0,1.0,0.0,0.0,0.0,0.0,0.0,0.0,-0.22684575617313385,0.0031542356591671705,0.0,0.0,0.0,0.0
124.479,1.0,1.0,0.0,gncbus_cmd,states_vx_gs,-0.22999998927116394,states_theta,-0.01769387535750866,0.3898900794402475,0.22510796445029765,0.5199910989818992,0.5197157795254275,0.5175612876048516,0.522145590902475,0.5180065503703621,0.5217003281369645,0.0,0.0,0.0,1.0,0.0,0.0,0.0,0.0,0.0,0.0,-0.22684575617313385,0.0031542356591671705,0.0,0.0,0.0,0.0
124.544,1.0,1.0,0.0,gncbus_cmd,states_vx_gs,-0.22999998927116394,states_theta,-0.02751610428094864,0.38986075930195657,0.22509096147756988,0.5199622282248323,0.5196664632470519,0.5179073000666902,0.521721391405194,0.5176031156465778,0.5220255758253064,0.0,0.0,0.0,1.0,0.0,0.0,0.0,0.0,0.0,0.0,-0.22684575617313385,0.0031542356591671705,0.0,0.0,0.0,0.0
124.602,1.0,1.0,0.0,gncbus_cmd,states_vx_gs,-0.25,states_theta,-0.05926692858338356,0.3898580592399716,0.2250889912908108,0.5200065753216203,0.5196149159849706,0.5177831558815089,0.521838335425082,0.5178981402990914,0.5217233510074994,0.0,0.0,0.0,1.0,0.0,0.0,0.0,0.0,0.0,0.0,-0.22684575617313385,0.0231542456895113,0.0,0.0,0.0,0.0
124.666,1.0,1.0,0.0,gncbus_cmd,states_vx_gs,-0.23999999463558197,states_theta,0.09659513831138611,0.3898824112230829,0.2251039003882283,0.5197984983525081,0.519887931575713,0.5177734584547314,0.5219129714734897,0.5175955761534273,0.5220908537747938,0.0,0.0,0.0,1.0,0.0,0.0,0.0,0.0,0.0,0.0,-0.22684575617313385,0.013154241256415844,0.0,0.0,0.0,0.0
124.725,1.0,1.0,0.0,gncbus_cmd,states_vx_gs,-0.22999998927116394,states_theta,-0.04108887165784836,0.38988025112208585,0.22510212154997272,0.5197728559558524,0.5199078137030432,0.5176801807211013,0.5220004889377943,0.5179143547334337,0.5217663149254619,0.0,0.0,0.0,1.0,0.0,0.0,0.0,0.0,0.0,0.0,-0.22684575617313385,0.0031542356591671705,0.0,0.0,0.0,0.0
124.785,1.0,1.0,0.0,gncbus_cmd,states_vx_gs,-0.25,states_theta,-0.04542018100619316,0.3902969454997138,0.22534241811625763,0.5202556688354579,0.5205361858304455,0.5184503117395671,0.5223415429263363,0.5183771086427991,0.5224147460231043,0.0,0.0,0.0,1.0,0.0,0.0,0.0,0.0,0.0,0.0,-0.22684575617313385,0.0231542456895113,0.0,0.0,0.0,0.0
124.849,1.0,1.0099999904632568,-0.009999990463256836,gncbus_cmd,states_vx_gs,-0.23999999463558197,states_theta,0.10591846704483032,0.3899217204770948,0.22512634929767872,0.5199539976512014,0.5198372569543847,0.5177175232317794,0.5220737313738066,0.5178590660990683,0.5219321885065178,0.0,0.0,0.0,1.0,-0.009999990463256836,0.0,0.0,0.0,0.0,0.0,-0.2059316486120224,0.03406834229826927,0.0,0.0,0.0,0.0
124.913,1.0,1.0099999904632568,-0.009999990463256836,gncbus_cmd,states_vx_gs,-0.20999999344348907,states_theta,0.17469802498817444,0.3899520334516041,0.22514459505651568,0.5201007947263803,0.5197712944778974,0.5175979914045679,0.5222740977997098,0.5177581465550256,0.522113942649252,0.0,0.0,0.0,1.0,-0.009999990463256836,0.0,0.0,0.0,0.0,0.0,-0.20492930710315704,0.005070684012025595,0.0,0.0,0.0,0.0
124.973,1.0,1.0,0.0,gncbus_cmd,states_vx_gs,-0.23999999463558197,states_theta,-0.3057459592819214,0.3899787613870449,0.22515768570601255,0.5198105522902766,0.5201328114085099,0.5182887653465386,0.5216545983522479,0.5181931669366732,0.5217501967621133,0.0,0.0,0.0,1.0,0.0,0.0,0.0,0.0,0.0,0.0,-0.22484107315540314,0.015158927999436855,0.0,0.0,0.0,0.0
125.024,1.0,1.0099999904632568,-0.009999990463256836,gncbus_cmd,states_vx_gs,-0.2199999988079071,states_theta,0.24413365125656128,0.39001927835786987,0.22518360374248506,0.5200454093871932,0.5200059995671263,0.5178026385546399,0.5222487703996797,0.5176531152362589,0.5223982937180607,0.0,0.0,0.0,1.0,-0.009999990463256836,0.0,0.0,0.0,0.0,0.0,-0.20437802374362946,0.04562197998166084,0.0,0.0,0.0,0.0
125.079,1.0,1.0,0.0,gncbus_cmd,states_vx_gs,-0.20999999344348907,states_theta,-0.003924222197383642,0.39001981831877053,0.22518304939955586,0.5200547630503146,0.51999808579974,0.5178958909680559,0.5221569578819988,0.517911856754489,0.5221409920955656,0.0,0.0,0.0,1.0,-0.009999990463256836,0.0,0.0,0.0,0.0,0.0,-0.2033756822347641,0.006624316330999136,0.0,0.0,0.0,0.0
125.138,1.0,1.0,0.0,gncbus_cmd,states_vx_gs,-0.2199999988079071,states_theta,-0.018440214917063713,0.3900477882930236,0.2251990003659019,0.5200474825805429,0.5200799528675201,0.5179994606398906,0.5221279748081724,0.5179673464280004,0.5221600890200626,0.0,0.0,0.0,1.0,0.0,0.0,0.0,0.0,0.0,0.0,-0.22363825142383575,-0.013638260774314404,0.0,0.0,0.0,0.0
125.195,1.0,1.0,0.0,gncbus_cmd,states_vx_gs,-0.2199999988079071,states_theta,0.020006533712148666,0.3900760012452947,0.2252154946308675,0.5201819368255515,0.520020733161901,0.5178629648462829,0.5223397051411696,0.518098763386805,0.5221039066006474,0.0,0.0,0.0,1.0,0.0,0.0,0.0,0.0,0.0,0.0,-0.22363825142383575,-0.0036382554098963737,0.0,0.0,0.0,0.0
125.246,1.0,1.0,0.0,gncbus_cmd,states_vx_gs,-0.2199999988079071,states_theta,-0.0038682997692376375,0.3900776211279094,0.22521674565257963,0.52000076586208,0.520206223812345,0.5181349439253027,0.5220720457491224,0.517713863692431,0.522493125981994,0.0,0.0,0.0,1.0,0.0,0.0,0.0,0.0,0.0,0.0,-0.22363825142383575,-0.0036382554098963737,0.0,0.0,0.0,0.0
125.306,1.0,1.0,0.0,gncbus_cmd,states_vx_gs,-0.2199999988079071,states_theta,-0.06459909677505493,0.3900792410105241,0.22521725381491886,0.520238757392553,0.5199725519688446,0.517804098177615,0.5224072111837826,0.51823168511403,0.5219796242473677,0.0,0.0,0.0,1.0,0.0,0.0,0.0,0.0,0.0,0.0,-0.22363825142383575,-0.0036382554098963737,0.0,0.0,0.0,0.0
125.37,1.0,1.0,0.0,gncbus_cmd,states_vx_gs,-0.2199999988079071,states_theta,-0.009918132796883583,0.390094555433355,0.22522634531529834,0.5199868318686476,0.5202653159536323,0.5181927891175389,0.5220593587047411,0.5177766173267353,0.5224755304955446,0.0,0.0,0.0,1.0,0.0,0.0,0.0,0.0,0.0,0.0,-0.22363825142383575,-0.0036382554098963737,0.0,0.0,0.0,0.0
125.428,1.0,1.0,0.0,gncbus_cmd,states_vx_gs,-0.2199999988079071,states_theta,-0.06780633330345154,0.39009644542524813,0.22522705934866072,0.5202791339886694,0.5199780538119922,0.5177912216052223,0.5224659661954394,0.5183646678063756,0.5218925199942861,0.0,0.0,0.0,1.0,0.0,0.0,0.0,0.0,0.0,0.0,-0.22363825142383575,-0.0036382554098963737,0.0,0.0,0.0,0.0
125.485,1.0,1.0,0.0,gncbus_cmd,states_vx_gs,-0.22999998927116394,states_theta,-0.013064410537481308,0.39008466788785295,0.2252203435634643,0.5199512571399688,0.5202745238943057,0.5183829424394328,0.5218428385948417,0.5177192296993338,0.5225065513349407,0.0,0.0,0.0,1.0,0.0,0.0,0.0,0.0,0.0,0.0,-0.22363825142383575,0.006361735053360462,0.0,0.0,0.0,0.0
125.543,1.0,1.0,0.0,gncbus_cmd,states_vx_gs,-0.22999998927116394,states_theta,0.007376457564532757,0.39008628777046767,0.22522146322265488,0.520353184344229,0.5198769163770182,0.5176149144547197,0.5226151862665274,0.5184497009837279,0.5217803997375192,0.0,0.0,0.0,1.0,0.0,0.0,0.0,0.0,0.0,0.0,-0.22363825142383575,0.006361735053360462,0.0,0.0,0.0,0.0
125.612,1.0,1.0,0.0,gncbus_cmd,states_vx_gs,-0.2199999988079071,states_theta,0.03543298691511154,0.39006080162065343,0.22520693666246439,0.5198374097861983,0.5203247278688775,0.5183550472871945,0.5218070903678813,0.5175551731679424,0.5226069644871334,0.0,0.0,0.0,1.0,0.0,0.0,0.0,0.0,0.0,0.0,-0.22363825142383575,-0.0036382554098963737,0.0,0.0,0.0,0.0
125.68,1.0,1.0,0.0,gncbus_cmd,states_vx_gs,-0.2199999988079071,states_theta,0.024715716019272804,0.3900618815424548,0.22520725535680072,0.5203049843548194,0.5198600330917268,0.5176412978946456,0.5225237195519006,0.518391193928067,0.5217738235184792,0.0,0.0,0.0,1.0,0.0,0.0,0.0,0.0,0.0,0.0,-0.22363825142383575,-0.0036382554098963737,0.0,0.0,0.0,0.0
125.743,1.0,1.0,0.0,gncbus_cmd,states_vx_gs,-0.2199999988079071,states_theta,-0.025161266326904297,0.3900355314509037,0.22519202639220165,0.5198474949623396,0.5202472555734036,0.5182908872610202,0.521803863274723,0.5176566833183397,0.5224380672174035,0.0,0.0,0.0,1.0,0.0,0.0,0.0,0.0,0.0,0.0,-0.22363825142383575,-0.0036382554098963737,0.0,0.0,0.0,0.0
125.804,1.0,1.0,0.0,gncbus_cmd,states_vx_gs,-0.2199999988079071,states_theta,0.032468635588884354,0.3899951899223123,0.22516843731402209,0.5201860750277814,0.5198010980983847,0.5176618693429909,0.5223253037831752,0.5183115810050183,0.5216755921211478,0.0,0.0,0.0,1.0,0.0,0.0,0.0,0.0,0.0,0.0,-0.22363825142383575,-0.0036382554098963737,0.0,0.0,0.0,0.0
125.86,1.0,1.0,0.0,gncbus_cmd,states_vx_gs,-0.22999998927116394,states_theta,-0.003509643254801631,0.3899656177724159,0.22515203146352403,0.5196199666829624,0.5202883473768134,0.5183837322970536,0.5215245817627222,0.5173222162856149,0.5225860977741609,0.0,0.0,0.0,1.0,0.0,0.0,0.0,0.0,0.0,0.0,-0.22363825142383575,0.006361735053360462,0.0,0.0,0.0,0.0
125.917,1.0,1.0,0.0,gncbus_cmd,states_vx_gs,-0.2199999988079071,states_theta,0.09678521007299423,0.38996480770232417,0.22515172981887285,0.5201642088421127,0.5197419450307518,0.5174481130304082,0.5224580408424563,0.5180863474104379,0.5218198064624265,0.0,0.0,0.0,1.0,0.0,0.0,0.0,0.0,0.0,0.0,-0.22363825142383575,-0.0036382554098963737,0.0,0.0,0.0,0.0
125.974,1.0,1.0,0.0,gncbus_cmd,states_vx_gs,-0.2199999988079071,states_theta,-0.09086054563522339,0.3899364866247447,0.22513487013958516,0.5197138386730848,0.5201167923262344,0.5181952161041298,0.5216354148951895,0.5174887525195561,0.5223418784797632,0.0,0.0,0.0,1.0,0.0,0.0,0.0,0.0,0.0,0.0,-0.22363825142383575,-0.0036382554098963737,0.0,0.0,0.0,0.0
126.035,1.0,1.0,0.0,gncbus_cmd,states_vx_gs,-0.2199999988079071,states_theta,0.01693614199757576,0.38989433601265533,0.2251105017765987,0.52005326829106,0.5196649610760208,0.5174566424596619,0.5222615869074189,0.5181218373963513,0.5215963919707295,0.0,0.0,0.0,1.0,0.0,0.0,0.0,0.0,0.0,0.0,-0.22363825142383575,-0.0036382554098963737,0.0,0.0,0.0,0.0
126.09,1.0,1.0,0.0,gncbus_cmd,states_vx_gs,-0.22999998927116394,states_theta,-0.05408402532339096,0.3898920679066084,0.22510921704973733,0.5196789685690907,0.5200332125151984,0.5181104149846103,0.5216017660996788,0.5174491230899978,0.5222630579942913,0.0,0.0,0.0,1.0,0.0,0.0,0.0,0.0,0.0,0.0,-0.22363825142383575,0.006361735053360462,0.0,0.0,0.0,0.0
126.146,1.0,1.0,0.0,gncbus_cmd,states_vx_gs,-0.22999998927116394,states_theta,0.05028625577688217,0.38986253178392244,0.2250921275530605,0.5199193844941016,0.5197140335963583,0.5175209523171123,0.5221124657733476,0.5179394098440946,0.5216940082463652,0.0,0.0,0.0,1.0,0.0,0.0,0.0,0.0,0.0,0.0,-0.22363825142383575,0.006361735053360462,0.0,0.0,0.0,0.0
126.202,1.0,1.0,0.0,gncbus_cmd,states_vx_gs,-0.22999998927116394,states_theta,-0.1347673386335373,0.38985983172193744,0.22508974433208168,0.5199442048299714,0.5196820130951951,0.5178663929167893,0.5217598250083773,0.5179385590357082,0.5216876588894583,0.0,0.0,0.0,1.0,0.0,0.0,0.0,0.0,0.0,0.0,-0.22363825142383575,0.006361735053360462,0.0,0.0,0.0,0.0
126.262,1.0,1.0,0.0,gncbus_cmd,states_vx_gs,-0.25,states_theta,-0.03372654691338539,0.38985713165995245,0.22508877767430532,0.519945837957292,0.5196731798025812,0.5177307776445231,0.5218882401153501,0.5177976716637797,0.5218213460960935,0.0,0.0,0.0,1.0,0.0,0.0,0.0,0.0,0.0,0.0,-0.22363825142383575,0.026361744850873947,0.0,0.0,0.0,0.0
126.326,1.0,1.0,0.0,gncbus_cmd,states_vx_gs,-0.23999999463558197,states_theta,0.0999215692281723,0.38988156463721185,0.22510363880819884,0.5200836507155878,0.5196005216503105,0.5176067085519507,0.5220774638139476,0.5176760698138909,0.5220081025520074,0.0,0.0,0.0,1.0,0.0,0.0,0.0,0.0,0.0,0.0,-0.22363825142383575,0.016361739486455917,0.0,0.0,0.0,0.0
126.386,1.0,1.0,0.0,gncbus_cmd,states_vx_gs,-0.22999998927116394,states_theta,-0.029272224754095078,0.38990642957452193,0.2251167578531729,0.5197469740669883,0.5200035047984034,0.5180690597814928,0.521681419083899,0.5178157499431022,0.5219347289222895,0.0,0.0,0.0,1.0,0.0,0.0,0.0,0.0,0.0,0.0,-0.22363825142383575,0.006361735053360462,0.0,0.0,0.0,0.0
126.445,1.0,1.0,0.0,gncbus_cmd,states_vx_gs,-0.23999999463558197,states_theta,0.04788355529308319,0.3899225884537183,0.22512737700408902,0.5198095471988271,0.5199840220110883,0.5174637268075362,0.5223298424023792,0.5179178595371496,0.5218757096727658,0.0,0.0,0.0,1.0,0.0,0.0,0.0,0.0,0.0,0.0,-0.22363825142383575,0.016361739486455917,0.0,0.0,0.0,0.0
126.508,1.0,1.0,0.0,gncbus_cmd,states_vx_gs,-0.2199999988079071,states_theta,0.08275473862886429,0.3903257834374544,0.22535939758483697,0.520401843719774,0.5204669121134377,0.5183587449016651,0.5225100109315466,0.5183931233434516,0.5224756324897601,0.0,0.0,0.0,1.0,0.0,0.0,0.0,0.0,0.0,0.0,-0.22363825142383575,-0.0036382554098963737,0.0,0.0,0.0,0.0
126.569,1.0,1.0,0.0,gncbus_cmd,states_vx_gs,-0.2199999988079071,states_theta,-0.043837033212184906,0.3903548663924252,0.2253761909035996,0.5205213858921578,0.5204249244876429,0.5184652556828984,0.5224810546969023,0.5183644202054549,0.5225818901743458,0.0,0.0,0.0,1.0,0.0,0.0,0.0,0.0,0.0,0.0,-0.22363825142383575,-0.0036382554098963737,0.0,0.0,0.0,0.0
126.632,1.0,1.0,0.0,gncbus_cmd,states_vx_gs,-0.22999998927116394,states_theta,-0.09571865946054459,0.3899935847946454,0.22516763044251165,0.5202141515880516,0.5197687411976695,0.5176017193622123,0.5223811734235088,0.5183305544058027,0.5216523383799184,0.0,0.0,0.0,1.0,0.0,0.0,0.0,0.0,0.0,0.0,-0.22363825142383575,0.006361735053360462,0.0,0.0,0.0,0.0
126.69,1.0,1.0,0.0,gncbus_cmd,states_vx_gs,-0.22999998927116394,states_theta,0.10190621018409729,0.3900210148079979,0.22518411509079078,0.5197817450096919,0.5202742944783024,0.5182437678394735,0.5218122716485208,0.5174897995724593,0.522566239915535,0.0,0.0,0.0,1.0,0.0,0.0,0.0,0.0,0.0,0.0,-0.22363825142383575,0.006361735053360462,0.0,0.0,0.0,0.0
126.755,1.0,1.0,0.0,gncbus_cmd,states_vx_gs,-0.2199999988079071,states_theta,-0.023912450298666954,0.3900488227939808,0.22519979733697112,0.5202724684055294,0.5198577257117526,0.5176379226050057,0.5224922715122763,0.5183095857976986,0.5218206083195834,0.0,0.0,0.0,1.0,0.0,0.0,0.0,0.0,0.0,0.0,-0.22363825142383575,-0.0036382554098963737,0.0,0.0,0.0,0.0
126.807,1.0,1.0,0.0,gncbus_cmd,states_vx_gs,-0.22999998927116394,states_theta,-0.02366011217236519,0.3900493627548815,0.22519974325376113,0.5200557531517244,0.520075880861293,0.5180459591957932,0.5220856748172241,0.5179977247944699,0.5221339092185474,0.0,0.0,0.0,1.0,0.0,0.0,0.0,0.0,0.0,0.0,-0.22363825142383575,0.006361735053360462,0.0,0.0,0.0,0.0
126.866,1.0,1.0,0.0,gncbus_cmd,states_vx_gs,-0.2199999988079071,states_theta,0.056786827743053436,0.39007768369931517,0.2252166114578167,0.5200811869933133,0.5201259695381939,0.5179481856438619,0.5222589708876453,0.5179488175341427,0.5222583389973645,0.0,0.0,0.0,1.0,0.0,0.0,0.0,0.0,0.0,0.0,-0.22363825142383575,-0.0036382554098963737,0.0,0.0,0.0,0.0
126.922,1.0,1.0,0.0,gncbus_cmd,states_vx_gs,-0.2199999988079071,states_theta,-0.013682501390576363,0.3900793035819299,0.22521720294337566,0.520097829975097,0.5201136462433827,0.5180264517216757,0.522185024496804,0.5180209355975816,0.5221905406208982,0.0,0.0,0.0,1.0,0.0,0.0,0.0,0.0,0.0,0.0,-0.22363825142383575,-0.0036382554098963737,0.0,0.0,0.0,0.0
126.981,1.0,1.0,0.0,gncbus_cmd,states_vx_gs,-0.2199999988079071,states_theta,0.007276942487806082,0.39009446944465764,0.22522608834553476,0.5202120877842639,0.5200398307348232,0.5178768798901664,0.5223750386289207,0.5181669830359251,0.5220849354831619,0.0,0.0,0.0,1.0,0.0,0.0,0.0,0.0,0.0,0.0,-0.22363825142383575,-0.0036382554098963737,0.0,0.0,0.0,0.0
127.041,1.0,1.0,0.0,gncbus_cmd,states_vx_gs,-0.22999998927116394,states_theta,0.004695399664342403,0.3900963594365508,0.22522704629334991,0.5200564689442694,0.5202004895531994,0.5182279393175617,0.5220290191799071,0.5178821274525172,0.5223748310449516,0.0,0.0,0.0,1.0,0.0,0.0,0.0,0.0,0.0,0.0,-0.22363825142383575,0.006361735053360462,0.0,0.0,0.0,0.0
127.093,1.0,1.0,0.0,gncbus_cmd,states_vx_gs,-0.22999998927116394,states_theta,0.02295650728046894,0.3900973044324973,0.2252277841720565,0.5199319796804585,0.520327498806201,0.518365907951532,0.5218935705351274,0.5177090764112607,0.5225504020753987,0.0,0.0,0.0,1.0,0.0,0.0,0.0,0.0,0.0,0.0,-0.22363825142383575,0.006361735053360462,0.0,0.0,0.0,0.0
127.157,1.0,1.0,0.0,gncbus_cmd,states_vx_gs,-0.2199999988079071,states_theta,-0.03754580020904541,0.39009919442439056,0.22522871272624068,0.5203211449287283,0.5199433735363131,0.5177459676989621,0.5225185507660793,0.5184040348709852,0.5218604835940562,0.0,0.0,0.0,1.0,0.0,0.0,0.0,0.0,0.0,0.0,-0.22363825142383575,-0.0036382554098963737,0.0,0.0,0.0,0.0
127.22,1.0,1.0,0.0,gncbus_cmd,states_vx_gs,-0.2199999988079071,states_theta,-0.01637212000787258,0.3900873898760675,0.22522192527339707,0.5199824755618554,0.520250564107658,0.5182612581506065,0.5219717815189069,0.5178128536534874,0.522420186016026,0.0,0.0,0.0,1.0,0.0,0.0,0.0,0.0,0.0,0.0,-0.22363825142383575,-0.0036382554098963737,0.0,0.0,0.0,0.0
127.28,1.0,1.0,0.0,gncbus_cmd,states_vx_gs,-0.2199999988079071,states_theta,-0.043259792029857635,0.3900890097586822,0.22522269394592448,0.5202041578140639,0.520033201542422,0.5179249732716041,0.5223123860848818,0.5182089398925639,0.5220284194639221,0.0,0.0,0.0,1.0,0.0,0.0,0.0,0.0,0.0,0.0,-0.22363825142383575,-0.0036382554098963737,0.0,0.0,0.0,0.0
127.337,1.0,1.0,0.0,gncbus_cmd,states_vx_gs,-0.22999998927116394,states_theta,0.006039672996848822,0.3900633886186646,0.22520801145972802,0.519989263881077,0.5201797724353618,0.5181588158484737,0.5220102204679652,0.5178603826145997,0.5223086537018392,0.0,0.0,0.0,1.0,0.0,0.0,0.0,0.0,0.0,0.0,-0.22363825142383575,0.006361735053360462,0.0,0.0,0.0,0.0
127.397,1.0,1.0,0.0,gncbus_cmd,states_vx_gs,-0.2199999988079071,states_theta,0.02224992774426937,0.390037389501699,0.22519320293317532,0.520130863969962,0.519968841367902,0.5177966473603434,0.5223030579775206,0.5180638651356951,0.5220358402021689,0.0,0.0,0.0,1.0,0.0,0.0,0.0,0.0,0.0,0.0,-0.22363825142383575,-0.0036382554098963737,0.0,0.0,0.0,0.0
127.452,1.0,1.0,0.0,gncbus_cmd,states_vx_gs,-0.2199999988079071,states_theta,-0.018142536282539368,0.3900109044199227,0.22517769674610533,0.5199804045572446,0.5200486738958826,0.5179805755808037,0.5220485028723235,0.5178928608874837,0.5221362175656435,0.0,0.0,0.0,1.0,0.0,0.0,0.0,0.0,0.0,0.0,-0.22363825142383575,-0.0036382554098963737,0.0,0.0,0.0,0.0
127.508,1.0,1.0,0.0,gncbus_cmd,states_vx_gs,-0.22999998927116394,states_theta,-0.026367291808128357,0.3896200004089106,0.22495184843216937,0.519474310479691,0.519512357277404,0.5175074371334838,0.5214792306236111,0.5173958720216771,0.5215907957354178,0.0,0.0,0.0,1.0,0.0,0.0,0.0,0.0,0.0,0.0,-0.22363825142383575,0.006361735053360462,0.0,0.0,0.0,0.0
127.565,1.0,1.0,0.0,gncbus_cmd,states_vx_gs,-0.2199999988079071,states_theta,0.0883030965924263,0.3899674892643003,0.2251532806620818,0.5201602780829637,0.5197530266218371,0.5174619949524488,0.522451309752352,0.5180740614581381,0.5218392432466628,0.0,0.0,0.0,1.0,0.0,0.0,0.0,0.0,0.0,0.0,-0.22363825142383575,-0.0036382554098963737,0.0,0.0,0.0,0.0
127.625,1.0,1.0,0.0,gncbus_cmd,states_vx_gs,-0.2199999988079071,states_theta,-0.023208506405353546,0.3899394921632614,0.2251365510025576,0.5197403026117869,0.5200983431569101,0.518132261841536,0.521706383927161,0.517560504856053,0.522278140912644,0.0,0.0,0.0,1.0,0.0,0.0,0.0,0.0,0.0,0.0,-0.22363825142383575,-0.0036382554098963737,0.0,0.0,0.0,0.0
127.686,1.0,1.0,0.0,gncbus_cmd,states_vx_gs,-0.2199999988079071,states_theta,0.01667427457869053,0.3899245961565345,0.22512817374384891,0.5200760158360528,0.5197229072480393,0.5174540386985865,0.5223448843855055,0.5181163168820785,0.5216826062020136,0.0,0.0,0.0,1.0,0.0,0.0,0.0,0.0,0.0,0.0,-0.22363825142383575,-0.0036382554098963737,0.0,0.0,0.0,0.0
127.748,1.0,1.0,0.0,gncbus_cmd,states_vx_gs,-0.22999998927116394,states_theta,0.009617905132472515,0.38989568099763716,0.22511130212784453,0.5197221568211331,0.5199996591725661,0.5181039887063497,0.5216178272873495,0.5174599461039868,0.5222618698897123,0.0,0.0,0.0,1.0,0.0,0.0,0.0,0.0,0.0,0.0,-0.22363825142383575,0.006361735053360462,0.0,0.0,0.0,0.0
127.814,1.0,1.0,0.0,gncbus_cmd,states_vx_gs,-0.2199999988079071,states_theta,0.036661215126514435,0.3898664958495933,0.22509473092462284,0.5199672134991905,0.5196767754330583,0.5173422896367202,0.5223016992955286,0.5180325567191443,0.5216114322131046,0.0,0.0,0.0,1.0,0.0,0.0,0.0,0.0,0.0,0.0,-0.22363825142383575,-0.0036382554098963737,0.0,0.0,0.0,0.0
127.875,1.0,1.0,0.0,gncbus_cmd,states_vx_gs,-0.2199999988079071,states_theta,0.038630615919828415,0.3898637957876083,0.2250930611720561,0.5198769651177763,0.5197598236491793,0.5178175345854904,0.5218192541814651,0.517545614983009,0.5220911737839465,0.0,0.0,0.0,1.0,0.0,0.0,0.0,0.0,0.0,0.0,-0.22363825142383575,-0.0036382554098963737,0.0,0.0,0.0,0.0
127.94,1.0,1.0,0.0,gncbus_cmd,states_vx_gs,-0.22999998927116394,states_theta,-0.1578785628080368,0.38986109572562333,0.22509044113481746,0.5198697121934579,0.5197598764082043,0.5179321726993683,0.5216974159022939,0.5178875681889893,0.5217420204126729,0.0,0.0,0.0,1.0,0.0,0.0,0.0,0.0,0.0,0.0,-0.22363825142383575,0.006361735053360462,0.0,0.0,0.0,0.0
128.0,1.0,1.0,0.0,gncbus_cmd,states_vx_gs,-0.25,states_theta,-0.05693298578262329,0.38985839566363834,0.22508908899320199,0.5198726582074437,0.5197497302289252,0.5178555767050511,0.5217668117313178,0.5178604272978472,0.5217619611385217,0.0,0.0,0.0,1.0,0.0,0.0,0.0,0.0,0.0,0.0,-0.22363825142383575,0.026361744850873947,0.0,0.0,0.0,0.0
128.056,1.0,1.0,0.0,gncbus_cmd,states_vx_gs,-0.25,states_theta,0.07518891990184784,0.38985569560165334,0.22508814323815443,0.5198924364284772,0.5197227518425984,0.5177607074439632,0.5218544808271124,0.5176766855206809,0.5219385027503947,0.0,0.0,0.0,1.0,0.0,0.0,0.0,0.0,0.0,0.0,-0.22363825142383575,0.026361744850873947,0.0,0.0,0.0,0.0
128.117,1.0,1.0,0.0,gncbus_cmd,states_vx_gs,-0.23999999463558197,states_theta,0.14378681778907776,0.38988380055743116,0.2251049097109814,0.5199468899642883,0.5197432448555281,0.5175795370994912,0.5221105977203252,0.5177077967842388,0.5219823380355776,0.0,0.0,0.0,1.0,0.0,0.0,0.0,0.0,0.0,0.0,-0.22363825142383575,0.016361739486455917,0.0,0.0,0.0,0.0
128.177,1.0,1.0,0.0,gncbus_cmd,states_vx_gs,-0.20999999344348907,states_theta,0.11727692186832428,0.38992260294850434,0.22512613861214895,0.5198467428480317,0.5199468650146465,0.518053927866815,0.5217396799958631,0.5178475616692306,0.5219460461934475,0.0,0.0,0.0,1.0,0.0,0.0,0.0,0.0,0.0,0.0,-0.22363825142383575,-0.013638260774314404,0.0,0.0,0.0,0.0
128.247,1.0,1.0,0.0,gncbus_cmd,states_vx_gs,-0.23999999463558197,states_theta,-0.1909504383802414,0.38995173395429866,0.225143040839583,0.5198249184859269,0.5200463720588695,0.5178770156481368,0.5219942748966596,0.5180651589702262,0.5218061315745702,0.0,0.0,0.0,1.0,0.0,0.0,0.0,0.0,0.0,0.0,-0.22363825142383575,0.016361739486455917,0.0,0.0,0.0,0.0
128.319,1.0,1.0,0.0,gncbus_cmd,states_vx_gs,-0.23999999463558197,states_theta,0.1257079690694809,0.38997794892688376,0.2251588218065107,0.5201378604199635,0.5198033367183933,0.5179445179450315,0.5219966791933253,0.517784360322864,0.5221568368154927,0.0,0.0,0.0,1.0,0.0,0.0,0.0,0.0,0.0,0.0,-0.22363825142383575,0.016361739486455917,0.0,0.0,0.0,0.0
128.372,1.0,1.0,0.0,gncbus_cmd,states_vx_gs,-0.25,states_theta,-0.23118525743484497,0.38997781387228825,0.22515732165407815,0.5198593280395426,0.5200815089532261,0.5184071368623228,0.521533700130446,0.5179969181249157,0.5219439188678531,0.0,0.0,0.0,1.0,0.0,0.0,0.0,0.0,0.0,0.0,-0.22363825142383575,0.026361744850873947,0.0,0.0,0.0,0.0
128.433,1.0,1.0,0.0,gncbus_cmd,states_vx_gs,-0.25999999046325684,states_theta,-0.06964405626058578,0.3899776653122332,0.2251577542864524,0.5198985785018931,0.5200418623307287,0.518029624595539,0.5219108162370828,0.5180957533639955,0.5218446874686263,0.0,0.0,0.0,1.0,0.0,0.0,0.0,0.0,0.0,0.0,-0.22363825142383575,0.03636173531413078,0.0,0.0,0.0,0.0
128.487,1.0,1.0,0.0,gncbus_cmd,states_vx_gs,-0.2199999988079071,states_theta,0.15968775749206543,0.39001843879667103,0.22518290127376656,0.5200219098428891,0.520027260281567,0.5177959997869054,0.5222531703375507,0.5177414506070087,0.5223077195174474,0.0,0.0,0.0,1.0,0.0,0.0,0.0,0.0,0.0,0.0,-0.22363825142383575,0.016361739486455917,0.0,0.0,0.0,0.0
128.545,1.0,1.0,0.0,gncbus_cmd,states_vx_gs,-0.2199999988079071,states_theta,-0.1495768278837204,0.39004619278656394,0.22519728436476472,0.5201900411901065,0.519933139574064,0.5179184337394162,0.5222047470247543,0.5184446247065434,0.521678556057627,0.0,0.0,0.0,1.0,0.0,0.0,0.0,0.0,0.0,0.0,-0.22363825142383575,-0.0036382554098963737,0.0,0.0,0.0,0.0
128.595,1.0,1.0,0.0,gncbus_cmd,states_vx_gs,-0.22999998927116394,states_theta,0.12608346343040466,0.39004673274746465,0.22519897112210027,0.5201997894887483,0.5199248311711574,0.517686412886413,0.5224382077734927,0.5180529275061249,0.5220716931537809,0.0,0.0,0.0,1.0,0.0,0.0,0.0,0.0,0.0,0.0,-0.22363825142383575,0.006361735053360462,0.0,0.0,0.0,0.0
128.654,1.0,1.0,0.0,gncbus_cmd,states_vx_gs,-0.2199999988079071,states_theta,0.13696704804897308,0.3900743517427536,0.2252151626536105,0.5199350982583679,0.5202631730556417,0.5181481857829633,0.5220500855310464,0.5175868340594434,0.5226114372545663,0.0,0.0,0.0,1.0,0.0,0.0,0.0,0.0,0.0,0.0,-0.22363825142383575,-0.0036382554098963737,0.0,0.0,0.0,0.0
128.704,1.0,1.0,0.0,gncbus_cmd,states_vx_gs,-0.22999998927116394,states_theta,-0.02071254327893257,0.39007597162536833,0.22521519705160672,0.5202744501363322,0.51992814086465,0.5177721532059191,0.5224304377950632,0.5183500503283242,0.5218525406726581,0.0,0.0,0.0,1.0,0.0,0.0,0.0,0.0,0.0,0.0,-0.22363825142383575,0.006361735053360462,0.0,0.0,0.0,0.0
128.757,1.0,1.0,0.0,gncbus_cmd,states_vx_gs,-0.22999998927116394,states_theta,0.013213027268648148,0.3900912860481992,0.22522442642014023,0.519984024864961,0.5202594045969036,0.5182617744491317,0.5219816550127329,0.5177254493471267,0.5225179801147378,0.0,0.0,0.0,1.0,0.0,0.0,0.0,0.0,0.0,0.0,-0.22363825142383575,0.006361735053360462,0.0,0.0,0.0,0.0
128.825,1.0,1.0,0.0,gncbus_cmd,states_vx_gs,-0.2199999988079071,states_theta,-0.033896323293447495,0.3901205790509688,0.2252411092711795,0.5202451456754571,0.5200763984604597,0.5178300403070302,0.5224915038288866,0.518325507877792,0.5219960362581249,0.0,0.0,0.0,1.0,0.0,0.0,0.0,0.0,0.0,0.0,-0.22363825142383575,-0.0036382554098963737,0.0,0.0,0.0,0.0
128.927,1.0,1.0,0.0,gncbus_cmd,states_vx_gs,-0.2199999988079071,states_theta,-0.006312199868261814,0.390121794027322,0.22524143865690222,0.5202154163502575,0.5201093677226012,0.5180854143016181,0.5222393697712405,0.5182077723699922,0.5221170117028665,0.0,0.0,0.0,1.0,0.0,0.0,0.0,0.0,0.0,0.0,-0.22363825142383575,-0.0036382554098963737,0.0,0.0,0.0,0.0
128.984,1.0,1.0,0.0,gncbus_cmd,states_vx_gs,-0.22999998927116394,states_theta,-0.04424510896205902,0.390121794027322,0.22524143865690222,0.5202154163502575,0.5201093677226012,0.5180854143016181,0.5222393697712405,0.5182077723699922,0.5221170117028665,0.0,0.0,0.0,1.0,0.0,0.0,0.0,0.0,0.0,0.0,-0.22363825142383575,0.006361735053360462,0.0,0.0,0.0,0.0
129.298,1.0,1.0,0.0,gncbus_cmd,states_vx_gs,-0.23999999463558197,states_theta,0.00316628091968596,0.39012422398002866,0.2252429458911743,0.5202079200661919,0.5201233438805511,0.5182443071476341,0.5220869567991089,0.5180134463688384,0.5223178175779046,0.0,0.0,0.0,1.0,0.0,0.0,0.0,0.0,0.0,0.0,-0.22363825142383575,0.016361739486455917,0.0,0.0,0.0,0.0
129.505,1.0,1.0,0.0,gncbus_cmd,states_vx_gs,-0.22999998927116394,states_theta,0.05381147935986519,0.390085691449169,0.22522057018030364,0.5202006972294594,0.5200278133016579,0.5180043780852842,0.5222241324458331,0.51820821811999,0.5220202924111274,0.0,0.0,0.0,1.0,0.0,0.0,0.0,0.0,0.0,0.0,-0.22363825142383575,0.006361735053360462,0.0,0.0,0.0,0.0
129.812,1.0,1.0,0.0,gncbus_cmd,states_vx_gs,-0.22999998927116394,states_theta,0.09327609837055206,0.390056509295464,0.22520440156921812,0.5201641300656126,0.519986561388958,0.517883444426318,0.5222672470282527,0.5179531521427602,0.5221975393118105,0.0,0.0,0.0,1.0,0.0,0.0,0.0,0.0,0.0,0.0,-0.22363825142383575,0.006361735053360462,0.0,0.0,0.0,0.0
130.094,1.0,1.0,0.0,gncbus_cmd,states_vx_gs,-0.23999999463558197,states_theta,-0.2014959305524826,0.3896533141829871,0.22497015427747577,0.5193872323539533,0.5196882721340123,0.51778136773548,0.5212941367524856,0.5176491774642963,0.5214263270236693,0.0,0.0,0.0,1.0,0.0,0.0,0.0,0.0,0.0,0.0,-0.22363825142383575,0.016361739486455917,0.0,0.0,0.0,0.0
130.393,1.0,1.0,0.0,gncbus_cmd,states_vx_gs,-0.25,states_theta,0.17847990989685059,0.39002735413551703,0.22518776058515735,0.5201126446793852,0.5199602996819935,0.5176469685355857,0.5224259758257931,0.5180502091290352,0.5220227352323435,0.0,0.0,0.0,1.0,0.0,0.0,0.0,0.0,0.0,0.0,-0.22363825142383575,0.026361744850873947,0.0,0.0,0.0,0.0
130.678,1.0,1.0,0.0,gncbus_cmd,states_vx_gs,-0.20999999344348907,states_theta,0.058600008487701416,0.3899868100894027,0.22516425024023054,0.5199184913216695,0.5200463355834044,0.5179013779494834,0.5220634489555904,0.5177150746527408,0.522249752252333,0.0,0.0,0.0,1.0,0.0,0.0,0.0,0.0,0.0,0.0,-0.22363825142383575,-0.013638260774314404,0.0,0.0,0.0,0.0
130.973,1.0,1.0,0.0,gncbus_cmd,states_vx_gs,-0.23999999463558197,states_theta,-0.1061774492263794,0.3899593799473094,0.22514735460371255,0.5200919522987462,0.5197997275607456,0.5177306190292692,0.5221610608302225,0.5183212653544964,0.5215704145049953,0.0,0.0,0.0,1.0,0.0,0.0,0.0,0.0,0.0,0.0,-0.22363825142383575,0.016361739486455917,0.0,0.0,0.0,0.0
131.235,1.0,1.0,0.0,gncbus_cmd,states_vx_gs,-0.2199999988079071,states_theta,0.08748604357242584,0.3899314638404056,0.22513244662198786,0.5197007254667005,0.5201165114410478,0.5180708590456532,0.5217463778620951,0.517393692627902,0.5224235442798463,0.0,0.0,0.0,1.0,0.0,0.0,0.0,0.0,0.0,0.0,-0.22363825142383575,-0.0036382554098963737,0.0,0.0,0.0,0.0
131.536,1.0,1.0,0.0,gncbus_cmd,states_vx_gs,-0.2199999988079071,states_theta,0.020566897466778755,0.38991658133913826,0.2251235659992314,0.5201083067749261,0.5196692434627759,0.5173951805211338,0.5223823697165683,0.5181683700093135,0.5216091802283885,0.0,0.0,0.0,1.0,0.0,0.0,0.0,0.0,0.0,0.0,-0.22363825142383575,-0.0036382554098963737,0.0,0.0,0.0,0.0
131.814,1.0,1.0,0.0,gncbus_cmd,states_vx_gs,-0.20999999344348907,states_theta,0.0589081346988678,0.38988769317828165,0.22510719469450646,0.5196469963925673,0.5200535187495171,0.5180473323404834,0.521653182801601,0.5173033308114149,0.5223971843306695,0.0,0.0,0.0,1.0,0.0,0.0,0.0,0.0,0.0,0.0,-0.22363825142383575,-0.013638260774314404,0.0,0.0,0.0,0.0
132.098,1.0,1.0,0.0,gncbus_cmd,states_vx_gs,-0.20999999344348907,states_theta,0.0033955201506614685,0.38985840003804006,0.22508993155670054,0.5199418391301498,0.5196805609712905,0.5174125516420249,0.5222098484594153,0.5179738654552921,0.5216485346461481,0.0,0.0,0.0,1.0,0.0,0.0,0.0,0.0,0.0,0.0,-0.22363825142383575,-0.013638260774314404,0.0,0.0,0.0,0.0
132.402,1.0,1.0,0.0,gncbus_cmd,states_vx_gs,-0.2199999988079071,states_theta,-0.0694190189242363,0.3898556999760552,0.22508782333766256,0.519950951433602,0.5196642485025451,0.5178809968871385,0.5217342030490086,0.5177040857545627,0.5219111141815844,0.0,0.0,0.0,1.0,0.0,0.0,0.0,0.0,0.0,0.0,-0.22363825142383575,-0.0036382554098963737,0.0,0.0,0.0,0.0
132.709,1.0,1.0,0.0,gncbus_cmd,states_vx_gs,-0.2199999988079071,states_theta,0.06674616038799286,0.3898529999140701,0.22508694052132242,0.5199880086482398,0.5196199911226138,0.5177879316202127,0.5218200681506409,0.517507032350627,0.5221009674202266,0.0,0.0,0.0,1.0,0.0,0.0,0.0,0.0,0.0,0.0,-0.22363825142383575,-0.0036382554098963737,0.0,0.0,0.0,0.0
132.991,1.0,1.0,0.0,gncbus_cmd,states_vx_gs,-0.2199999988079071,states_theta,-0.040852345526218414,0.3898502998520852,0.22508483936173124,0.5199430965937808,0.5196577030117797,0.5176708769468183,0.5219299226587422,0.5178401228658265,0.521760676739734,0.0,0.0,0.0,1.0,0.0,0.0,0.0,0.0,0.0,0.0,-0.22363825142383575,-0.0036382554098963737,0.0,0.0,0.0,0.0
133.263,1.0,1.0,0.0,gncbus_cmd,states_vx_gs,-0.2199999988079071,states_theta,0.09651483595371246,0.3898475997901001,0.22508393627309764,0.5197446295581392,0.5198489698821278,0.5176463952011079,0.5219472042391591,0.5175715442343849,0.5220220552058821,0.0,0.0,0.0,1.0,0.0,0.0,0.0,0.0,0.0,0.0,-0.22363825142383575,-0.0036382554098963737,0.0,0.0,0.0,0.0
133.483,1.0,1.0,0.0,gncbus_cmd,states_vx_gs,-0.20999999344348907,states_theta,0.0320463590323925,0.39024848173556215,0.22531414890177223,0.5202187554273904,0.5204438625341087,0.518419128281382,0.522243489680117,0.518410280929069,0.52225233703243,0.0,0.0,0.0,1.0,0.0,0.0,0.0,0.0,0.0,0.0,-0.22363825142383575,-0.013638260774314404,0.0,0.0,0.0,0.0
133.589,1.0,1.0,0.0,gncbus_cmd,states_vx_gs,-0.2199999988079071,states_theta,-0.1650661826133728,0.3899025617219335,0.22511456962900608,0.5197537396880472,0.5199864249037756,0.517930133304439,0.5218100312873837,0.5179145645766468,0.521825600015176,0.0,0.0,0.0,1.0,0.0,0.0,0.0,0.0,0.0,0.0,-0.22363825142383575,-0.0036382554098963737,0.0,0.0,0.0,0.0
133.893,1.0,1.0,0.0,gncbus_cmd,states_vx_gs,-0.23999999463558197,states_theta,0.01871703751385212,0.390291524614603,0.2253396156285149,0.5204805344811506,0.520296864491124,0.5181837164427107,0.522593682529564,0.5184912833788305,0.5222861155934441,0.0,0.0,0.0,1.0,0.0,0.0,0.0,0.0,0.0,0.0,-0.22363825142383575,0.016361739486455917,0.0,0.0,0.0,0.0
134.48,1.0,1.0,0.0,gncbus_cmd,states_vx_gs,-0.23999999463558197,states_theta,-0.1317492425441742,0.3899717415564058,0.22515430235256567,0.5199033344151726,0.520021309735243,0.5179109660917393,0.5220136780586763,0.5182257601886747,0.5216988839617408,0.0,0.0,0.0,1.0,0.0,0.0,0.0,0.0,0.0,0.0,-0.22363825142383575,0.016361739486455917,0.0,0.0,0.0,0.0
134.75,1.0,1.0,0.0,gncbus_cmd,states_vx_gs,-0.2199999988079071,states_theta,0.16649392247200012,0.3900121910128071,0.22517933643237234,0.5199636663366978,0.5200688430307878,0.5179160553638151,0.5221164540036705,0.5175992792399275,0.522433230127558,0.0,0.0,0.0,1.0,0.0,0.0,0.0,0.0,0.0,0.0,-0.22363825142383575,-0.0036382554098963737,0.0,0.0,0.0,0.0
135.02,1.0,1.0,0.0,gncbus_cmd,states_vx_gs,-0.2199999988079071,states_theta,-0.003591507440432906,0.39001273097370776,0.22517877644614237,0.520118316477656,0.5199156327855646,0.5178847363221744,0.5221492129410463,0.517985150822958,0.5220487984402626,0.0,0.0,0.0,1.0,0.0,0.0,0.0,0.0,0.0,0.0,-0.22363825142383575,-0.0036382554098963737,0.0,0.0,0.0,0.0
135.317,1.0,1.0,0.0,gncbus_cmd,states_vx_gs,-0.2199999988079071,states_theta,0.034801825881004333,0.3900407819420959,0.2251951616493263,0.520004555798684,0.5201041960469052,0.5180284497677654,0.5220803020778237,0.5178360376034854,0.5222727142421038,0.0,0.0,0.0,1.0,0.0,0.0,0.0,0.0,0.0,0.0,-0.22363825142383575,-0.0036382554098963737,0.0,0.0,0.0,0.0
135.596,1.0,1.0,0.0,gncbus_cmd,states_vx_gs,-0.2199999988079071,states_theta,0.011721692979335785,0.39006931887085505,0.2252115617665119,0.5202007487769071,0.519984101545373,0.5178013134165246,0.5223835369057556,0.5181868402859725,0.5219980100363076,0.0,0.0,0.0,1.0,0.0,0.0,0.0,0.0,0.0,0.0,-0.22363825142383575,-0.0036382554098963737,0.0,0.0,0.0,0.0
135.875,1.0,1.0,0.0,gncbus_cmd,states_vx_gs,-0.2199999988079071,states_theta,-0.00037809181958436966,0.39008457927183016,0.22522035851425992,0.5199882864632218,0.5202372582616587,0.5183001939923975,0.521925350732483,0.5177533997397434,0.522472144985137,0.0,0.0,0.0,1.0,0.0,0.0,0.0,0.0,0.0,0.0,-0.22363825142383575,-0.0036382554098963737,0.0,0.0,0.0,0.0
136.181,1.0,1.0,0.0,gncbus_cmd,states_vx_gs,-0.2199999988079071,states_theta,0.036138538271188736,0.3901138182785183,0.2252374318214252,0.5203288308620392,0.5199746845473431,0.5177441359338191,0.5225593794755632,0.5183115147614221,0.5219920006479601,0.0,0.0,0.0,1.0,0.0,0.0,0.0,0.0,0.0,0.0,-0.22363825142383575,-0.0036382554098963737,0.0,0.0,0.0,0.0
136.468,1.0,1.0,0.0,gncbus_cmd,states_vx_gs,-0.22999998927116394,states_theta,-0.11311408877372742,0.390116248231225,0.22523798400354178,0.5199965552205749,0.5203134400626918,0.5184599123503318,0.5218500829329348,0.5179679550956929,0.5223420401875737,0.0,0.0,0.0,1.0,0.0,0.0,0.0,0.0,0.0,0.0,-0.22363825142383575,0.006361735053360462,0.0,0.0,0.0,0.0
136.743,1.0,1.0,0.0,gncbus_cmd,states_vx_gs,-0.23999999463558197,states_theta,0.0447741337120533,0.3901186781839314,0.2252400068551383,0.5202559637662668,0.5200605113908837,0.5177944929801408,0.5225219821770097,0.518368873770009,0.5219476013871416,0.0,0.0,0.0,1.0,0.0,0.0,0.0,0.0,0.0,0.0,-0.22363825142383575,0.016361739486455917,0.0,0.0,0.0,0.0
137.019,1.0,1.0,0.0,gncbus_cmd,states_vx_gs,-0.22999998927116394,states_theta,0.024145619943737984,0.3900940021042091,0.22522573722826034,0.5201815554613302,0.5200691168165607,0.5182438538506129,0.5220068184272779,0.5178419759829993,0.5224086962948915,0.0,0.0,0.0,1.0,0.0,0.0,0.0,0.0,0.0,0.0,-0.22363825142383575,0.006361735053360462,0.0,0.0,0.0,0.0
137.302,1.0,1.0,0.0,gncbus_cmd,states_vx_gs,-0.23999999463558197,states_theta,-0.11037833988666534,0.3900822650832057,0.22521818098942234,0.5202135254062065,0.5200058481490087,0.5181199846829375,0.5220993888722777,0.5182707235031855,0.5219486500520297,0.0,0.0,0.0,1.0,0.0,0.0,0.0,0.0,0.0,0.0,-0.22363825142383575,0.016361739486455917,0.0,0.0,0.0,0.0
137.607,1.0,1.0,0.0,gncbus_cmd,states_vx_gs,-0.22999998927116394,states_theta,0.1670251190662384,0.39005217094126227,0.22520226805408539,0.5201924650284248,0.519946657481608,0.5179566335474274,0.5221824889626053,0.5177232513878908,0.5224158711221419,0.0,0.0,0.0,1.0,0.0,0.0,0.0,0.0,0.0,0.0,-0.22363825142383575,0.006361735053360462,0.0,0.0,0.0,0.0
137.885,1.0,1.0,0.0,gncbus_cmd,states_vx_gs,-0.23999999463558197,states_theta,-0.10379406809806824,0.39002614482625153,0.2251858045512503,0.5199564559939299,0.5201132635427409,0.5180320813578501,0.5220376381788208,0.5181970658848813,0.5218726536517895,0.0,0.0,0.0,1.0,0.0,0.0,0.0,0.0,0.0,0.0,-0.22363825142383575,0.016361739486455917,0.0,0.0,0.0,0.0
138.172,1.0,1.0,0.0,gncbus_cmd,states_vx_gs,-0.2199999988079071,states_theta,0.14781484007835388,0.3896222747626489,0.2249540850165448,0.519506223271504,0.519486509428893,0.5172817213983707,0.5217110113020262,0.5172378879227666,0.5217548447776303,0.0,0.0,0.0,1.0,0.0,0.0,0.0,0.0,0.0,0.0,-0.22363825142383575,-0.0036382554098963737,0.0,0.0,0.0,0.0
138.476,1.0,1.0,0.0,gncbus_cmd,states_vx_gs,-0.20999999344348907,states_theta,-0.14244532585144043,0.389983566713018,0.2251614204294982,0.5201595280338639,0.5197966498675174,0.5180835951106326,0.5218725827907487,0.5179460381007412,0.52201013980064,0.0,0.0,0.0,1.0,0.0,0.0,0.0,0.0,0.0,0.0,-0.22363825142383575,-0.013638260774314404,0.0,0.0,0.0,0.0
138.757,1.0,1.0,0.0,gncbus_cmd,states_vx_gs,-0.2199999988079071,states_theta,0.21339185535907745,0.3899559475846094,0.22514710135485289,0.5197229398420488,0.520159587050243,0.5176840095696039,0.5221985173226878,0.517587955512736,0.5222945713795558,0.0,0.0,0.0,1.0,0.0,0.0,0.0,0.0,0.0,0.0,-0.22363825142383575,-0.0036382554098963737,0.0,0.0,0.0,0.0
139.047,1.0,1.0,0.0,gncbus_cmd,states_vx_gs,-0.20999999344348907,states_theta,-0.20958846807479858,0.3899278964874804,0.2251289944447106,0.5201048740694633,0.5197028498971511,0.5179115035884972,0.5218962203781171,0.5181073703897529,0.5217003535768615,0.0,0.0,0.0,1.0,0.0,0.0,0.0,0.0,0.0,0.0,-0.22363825142383575,-0.013638260774314404,0.0,0.0,0.0,0.0
139.324,1.0,1.0,0.0,gncbus_cmd,states_vx_gs,-0.22999998927116394,states_theta,0.19576583802700043,0.38991297346983445,0.2251220730185701,0.5197364336598818,0.5200314955930101,0.5177888695757819,0.52197905967711,0.5174596409532387,0.5223082882996531,0.0,0.0,0.0,1.0,0.0,0.0,0.0,0.0,0.0,0.0,-0.22363825142383575,0.006361735053360462,0.0,0.0,0.0,0.0
139.593,1.0,1.0,0.0,gncbus_cmd,states_vx_gs,-0.2199999988079071,states_theta,-0.12781083583831787,0.3898840583109371,0.22510393609816923,0.519969217652843,0.519721604509656,0.5177261852298155,0.5219646369326835,0.5180612657387681,0.5216295564237309,0.0,0.0,0.0,1.0,0.0,0.0,0.0,0.0,0.0,0.0,-0.22363825142383575,-0.0036382554098963737,0.0,0.0,0.0,0.0
139.885,1.0,1.0,0.0,gncbus_cmd,states_vx_gs,-0.22999998927116394,states_theta,0.012030530720949173,0.3898818982099401,0.22510320516152968,0.519945339354592,0.5197397225385817,0.5179256870562627,0.5217593748369109,0.5176212024721307,0.5220638594210429,0.0,0.0,0.0,1.0,0.0,0.0,0.0,0.0,0.0,0.0,-0.22363825142383575,0.006361735053360462,0.0,0.0,0.0,0.0
140.192,1.0,1.0,0.0,gncbus_cmd,states_vx_gs,-0.23999999463558197,states_theta,-0.10041062533855438,0.38987973810894316,0.22510130246862795,0.5200009918593876,0.5196783097644607,0.5178463952074703,0.521832906416378,0.517985068310346,0.5216942333135024,0.0,0.0,0.0,1.0,0.0,0.0,0.0,0.0,0.0,0.0,-0.22363825142383575,0.016361739486455917,0.0,0.0,0.0,0.0
140.496,1.0,1.0,0.0,gncbus_cmd,states_vx_gs,-0.25,states_theta,0.05087723955512047,0.38987757800794615,0.2251006026651437,0.5198360516057572,0.5198374897487659,0.5178221633807041,0.521851377973819,0.5177473864032818,0.5219261549512413,0.0,0.0,0.0,1.0,0.0,0.0,0.0,0.0,0.0,0.0,-0.22363825142383575,0.026361744850873947,0.0,0.0,0.0,0.0
140.804,1.0,1.0,0.0,gncbus_cmd,states_vx_gs,-0.2199999988079071,states_theta,0.07975805550813675,0.3899024429452562,0.2251154897057131,0.5198229136490679,0.5199169342049487,0.5176392728797985,0.522100574974218,0.5177714828850937,0.5219683649689228,0.0,0.0,0.0,1.0,0.0,0.0,0.0,0.0,0.0,0.0,-0.22363825142383575,-0.0036382554098963737,0.0,0.0,0.0,0.0
140.958,1.0,1.0,0.0,gncbus_cmd,states_vx_gs,-0.22999998927116394,states_theta,-0.11121529340744019,0.3899016328751643,0.22511398837476862,0.5198010370418699,0.5199366506252349,0.5179602227414889,0.5217774649256158,0.517900970839199,0.5218367168279058,0.0,0.0,0.0,1.0,0.0,0.0,0.0,0.0,0.0,0.0,-0.22363825142383575,0.006361735053360462,0.0,0.0,0.0,0.0
141.291,1.0,1.0,0.0,gncbus_cmd,states_vx_gs,-0.23999999463558197,states_theta,-0.0056139519438147545,0.3899444793150377,0.2251390823619049,0.5199608179046941,0.5198911269354064,0.5178395789187248,0.5220123659213757,0.5179743635219588,0.5218775813181417,0.0,0.0,0.0,1.0,0.0,0.0,0.0,0.0,0.0,0.0,-0.22363825142383575,0.016361739486455917,0.0,0.0,0.0,0.0
141.593,1.0,1.0,0.0,gncbus_cmd,states_vx_gs,-0.25,states_theta,0.006891645956784487,0.3899739102719608,0.22515604592796393,0.5201547244723811,0.5197757029195144,0.5178006335109389,0.5221297938809566,0.5181237035695898,0.5218067238223056,0.0,0.0,0.0,1.0,0.0,0.0,0.0,0.0,0.0,0.0,-0.22363825142383575,0.026361744850873947,0.0,0.0,0.0,0.0
141.88,1.0,1.0,0.0,gncbus_cmd,states_vx_gs,-0.22999998927116394,states_theta,0.09410343319177628,0.3899872266548826,0.2251644030456077,0.5198635599984764,0.5201023777478773,0.5180283371080813,0.5219376006382724,0.5176414281196112,0.5223245096267425,0.0,0.0,0.0,1.0,0.0,0.0,0.0,0.0,0.0,0.0,-0.22363825142383575,0.006361735053360462,0.0,0.0,0.0,0.0
142.185,1.0,1.0,0.0,gncbus_cmd,states_vx_gs,-0.2199999988079071,states_theta,-0.007294836919754744,0.390014602672145,0.22517982423557512,0.5201105733568924,0.519928367102161,0.5178006656613678,0.5222382747976855,0.5180973583133441,0.5219415821457092,0.0,0.0,0.0,1.0,0.0,0.0,0.0,0.0,0.0,0.0,-0.22363825142383575,-0.0036382554098963737,0.0,0.0,0.0,0.0
142.466,1.0,1.0,0.0,gncbus_cmd,states_vx_gs,-0.2199999988079071,states_theta,-0.0036975473631173372,0.3900423836600829,0.22519587762026877,0.5199685646065872,0.5201444584869672,0.5181195826098295,0.521993440483725,0.5178446438679254,0.5222683792256291,0.0,0.0,0.0,1.0,0.0,0.0,0.0,0.0,0.0,0.0,-0.22363825142383575,-0.0036382554098963737,0.0,0.0,0.0,0.0
142.789,1.0,1.0,0.0,gncbus_cmd,states_vx_gs,-0.2199999988079071,states_theta,0.023879576474428177,0.3900705426162726,0.22521080983970965,0.5201950138533641,0.5199930997900296,0.5181845606159863,0.5220035530274074,0.5184790798522902,0.5217090337911034,0.0,0.0,0.0,0.9399999976158142,-0.05999999865889549,0.0,0.0,0.0,0.0,0.0,-0.10101021081209183,0.11898978799581528,0.0,0.0,0.0,0.0
143.073,0.48000001907348633,1.0,-0.5199999809265137,datactrl_ref_vx_fallback,states_vx_gs,-0.14999999105930328,states_theta,0.6664854884147644,0.3900721624988873,0.22521062795916927,0.52003632659562,0.5201561067347462,0.5188966602826162,0.5212957730477501,0.5184201144486815,0.5217723188816847,0.0,0.0,0.0,0.7400000095367432,-0.25999999046325684,0.0,0.0,0.0,0.0,0.0,0.3207803964614868,0.4707804024219513,0.0,0.0,0.0,0.0
143.365,0.09000006318092346,0.9899999499320984,-0.8999998867511749,datactrl_ref_vx_fallback,states_vx_gs,0.09999999403953552,states_theta,1.6579370498657227,0.39008740939439857,0.22522135697502071,0.5200874822303163,0.5201456094880799,0.5182856737760579,0.5219474179423382,0.5180261736382796,0.5222069180801165,0.0,0.0,0.0,0.5400000214576721,-0.44999995827674866,0.0,0.0,0.0,0.0,0.0,0.7423050999641418,0.6423050761222839,0.0,0.0,0.0,0.0
143.666,-0.29999998211860657,0.9799999594688416,-1.2799999415874481,datactrl_ref_vx_fallback,states_vx_gs,0.4599999785423279,states_theta,1.8332675695419312,0.3900892993862917,0.22522213001178037,0.5200611740953034,0.5201769576014745,0.5180681560807451,0.5221699756160328,0.5184044779700491,0.5218336537267289,0.0,0.0,0.0,0.3400000035762787,-0.6399999856948853,0.0,0.0,0.0,0.0,0.0,1.1825236082077026,0.7225236296653748,0.0,0.0,0.0,0.0
143.932,-0.6700000017881393,0.949999988079071,-1.6199999898672104,datactrl_ref_vx_fallback,states_vx_gs,0.8299999833106995,states_theta,1.991178035736084,0.3900913783644696,0.22522326737167261,0.5200121039552176,0.520231571683368,0.5182684290140477,0.5219752466245379,0.5182274080427075,0.522016267595878,0.0,0.0,0.0,0.14000000059604645,-0.8100000023841858,0.0,0.0,0.0,0.0,0.0,1.5999585390090942,0.76995849609375,0.0,0.0,0.0,0.0
144.223,-0.9099999666213989,0.9099999666213989,-1.8199999332427979,datactrl_ref_vx_fallback,states_vx_gs,1.25,states_theta,2.0144546031951904,0.3900932683563627,0.2252259136034273,0.520157245235517,0.5200914703814503,0.5177915607274007,0.5224571548895666,0.518027951138969,0.5222207644779983,0.0,0.0,0.0,0.0,-0.9099999666213989,0.0,0.0,0.0,0.0,0.0,1.8909912109375,0.6409912109375,0.0,0.0,0.0,0.0
144.54,-0.8499999642372131,0.8499999642372131,-1.6999999284744263,datactrl_ref_vx_fallback,states_vx_gs,1.5399999618530273,states_theta,0.9398464560508728,0.3900814638080398,0.22521797164261895,0.5202349173039564,0.5199823195174831,0.5180112510058609,0.5222059858155786,0.5182666376860884,0.5219505991353511,0.0,0.0,0.0,0.0,-0.8499999642372131,0.0,0.0,0.0,0.0,0.0,1.8574215173721313,0.31742149591445923,0.0,0.0,0.0,0.0
144.842,-0.7899999618530273,0.7899999618530273,-1.5799999237060547,datactrl_ref_vx_fallback,states_vx_gs,1.6200000047683716,states_theta,0.26864510774612427,0.39005597765822553,0.22520180550788058,0.5199507418389168,0.5201985319163512,0.5187354462161377,0.5214138275391303,0.5182353185592156,0.5219139551960524,0.0,0.0,0.0,0.0,-0.7899999618530273,0.0,0.0,0.0,0.0,0.0,1.8180381059646606,0.19803811609745026,0.0,0.0,0.0,0.0
145.148,-0.7299999594688416,0.7299999594688416,-1.459999918937683,datactrl_ref_vx_fallback,states_vx_gs,1.6299999952316284,states_theta,-0.1249149739742279,0.3900570575800269,0.2252015273644937,0.5202652730207457,0.5198868805259927,0.5188637987752562,0.5212883547714822,0.5186400851111643,0.5215120684355741,0.0,0.0,0.0,0.0,-0.7299999594688416,0.0,0.0,0.0,0.0,0.0,1.7727910280227661,0.14279107749462128,0.0,0.0,0.0,0.0
145.421,-0.6699999570846558,0.6699999570846558,-1.3399999141693115,datactrl_ref_vx_fallback,states_vx_gs,1.5399999618530273,states_theta,-0.5457752346992493,0.39003065349238564,0.22518499298646955,0.519870071006093,0.5202116716402688,0.5193875538115786,0.5206941888347831,0.519153524820309,0.5209282178260528,0.0,0.0,0.0,0.0,-0.6699999570846558,0.0,0.0,0.0,0.0,0.0,1.7215800285339355,0.18158011138439178,0.0,0.0,0.0,0.0
145.654,-0.6499999761581421,0.6499999761581421,-1.2999999523162842,datactrl_ref_vx_fallback,states_vx_gs,1.4900000095367432,states_theta,-0.4141738712787628,0.390003844434069,0.22516974062198128,0.5201283790657433,0.5198818727584408,0.5189451215530099,0.5210651302711742,0.5192900487399381,0.5207202030842459,0.0,0.0,0.0,0.0,-0.6499999761581421,0.0,0.0,0.0,0.0,0.0,1.714132308959961,0.22413226962089539,0.0,0.0,0.0,0.0
145.713,-0.6200000047683716,0.6200000047683716,-1.2400000095367432,datactrl_ref_vx_fallback,states_vx_gs,1.459999918937683,states_theta,-0.3059932291507721,0.390003844434069,0.22516974062198128,0.5201283790657433,0.5198818727584408,0.5189451215530099,0.5210651302711742,0.5192900487399381,0.5207202030842459,0.0,0.0,0.0,0.0,-0.6200000047683716,0.0,0.0,0.0,0.0,0.0,1.6850186586380005,0.2250187247991562,0.0,0.0,0.0,0.0
146.013,-0.5699999928474426,0.5699999928474426,-1.1399999856948853,datactrl_ref_vx_fallback,states_vx_gs,1.3899999856948853,states_theta,-0.3881468176841736,0.38999006886552234,0.2251614745752818,0.5198901291349654,0.5200833878397608,0.5194560321112794,0.5205174848634467,0.5190946977850514,0.5208788191896748,0.0,0.0,0.0,0.0,-0.5699999928474426,0.0,0.0,0.0,0.0,0.0,1.643094539642334,0.25309455394744873,0.0,0.0,0.0,0.0
146.29,-0.5199999809265137,0.5199999809265137,-1.0399999618530273,datactrl_ref_vx_fallback,states_vx_gs,1.2899999618530273,states_theta,-0.4521004557609558,0.38996250373320385,0.22514529756461302,0.520076958230407,0.5198230517248033,0.5192094284550458,0.5206905815001645,0.5197269938573962,0.5201730160978141,0.0,0.0,0.0,0.0,-0.5199999809265137,0.0,0.0,0.0,0.0,0.0,1.596359133720398,0.3063592314720154,0.0,0.0,0.0,0.0
146.587,-0.47999998927116394,0.47999998927116394,-0.9599999785423279,datactrl_ref_vx_fallback,states_vx_gs,1.209999918937683,states_theta,-0.39690157771110535,0.3899346416223901,0.22512909310565682,0.5198499030635273,0.5199758079295129,0.5193036486681669,0.5205220623248733,0.5197510796503996,0.5200746313426406,0.0,0.0,0.0,0.0,-0.47999998927116394,0.0,0.0,0.0,0.0,0.0,1.5652756690979004,0.3552757799625397,0.0,0.0,0.0,0.0
146.803,-0.4599999785423279,0.4399999976158142,-0.8999999761581421,datactrl_ref_vx_fallback,states_vx_gs,1.1299999952316284,states_theta,-0.33738431334495544,0.3899332915913975,0.22512821430286573,0.5198963227325709,0.5199257881778224,0.5194697254670999,0.5203523854432934,0.5197457582254972,0.5200763526848962,0.0,0.0,0.0,0.0,-0.4599999785423279,0.0,0.0,0.0,0.0,0.0,1.5481051206588745,0.37810513377189636,0.0,0.0,0.0,0.0
146.86,-0.4399999976158142,0.4399999976158142,-0.8799999952316284,datactrl_ref_vx_fallback,states_vx_gs,1.1299999952316284,states_theta,-0.33738431334495544,0.3899332915913975,0.22512821430286573,0.5198963227325709,0.5199257881778224,0.5194697254670999,0.5203523854432934,0.5197457582254972,0.5200763526848962,0.0,0.0,0.0,0.0,-0.4399999976158142,0.0,0.0,0.0,0.0,0.0,1.5298820734024048,0.39988210797309875,0.0,0.0,0.0,0.0
147.162,-0.3999999761581421,0.3999999761581421,-0.7999999523162842,datactrl_ref_vx_fallback,states_vx_gs,1.0699999332427979,states_theta,-0.41083842515945435,0.3899184090901302,0.22511952782147696,0.5199385462084644,0.5198438780318829,0.5196844633824215,0.5200979608579258,0.519802269077155,0.5199801551631923,0.0,0.0,0.0,0.0,-0.3999999761581421,0.0,0.0,0.0,0.0,0.0,1.4904791116714478,0.4204791486263275,0.0,0.0,0.0,0.0
147.463,-0.35999998450279236,0.35999998450279236,-0.7199999690055847,datactrl_ref_vx_fallback,states_vx_gs,0.9799999594688416,states_theta,-0.37732383608818054,0.3899167889499465,0.22511863074387498,0.5197774193132392,0.520000684553285,0.5200930244112676,0.5196850794552565,0.5196286189757509,0.5201494848907733,0.0,0.0,0.0,0.0,-0.35999998450279236,0.0,0.0,0.0,0.0,0.0,1.447317361831665,0.4673173725605011,0.0,0.0,0.0,0.0
147.725,-0.32999998331069946,0.32999998331069946,-0.6599999666213989,datactrl_ref_vx_fallback,states_vx_gs,0.9599999785423279,states_theta,-0.0572601854801178,0.38988811677341517,0.22510223859542694,0.5200100518581682,0.519691592870939,0.5192344111521775,0.5204672335769297,0.5197623291518229,0.5199393155772843,0.0,0.0,0.0,0.0,-0.32999998331069946,0.0,0.0,0.0,0.0,0.0,1.4209600687026978,0.46096011996269226,0.0,0.0,0.0,0.0
148.016,-0.28999999165534973,0.28999999165534973,-0.5799999833106995,datactrl_ref_vx_fallback,states_vx_gs,0.9099999666213989,states_theta,-0.26249319314956665,0.3898859566724183,0.22510079582193715,0.5197301775096765,0.5199657069501056,0.5198372081460002,0.5198586763137819,0.5196314833683996,0.5200644010913825,0.0,0.0,0.0,0.0,-0.28999999165534973,0.0,0.0,0.0,0.0,0.0,1.3709824085235596,0.46098244190216064,0.0,0.0,0.0,0.0
148.321,-0.25999999046325684,0.25999999046325684,-0.5199999809265137,datactrl_ref_vx_fallback,states_vx_gs,0.8700000047683716,states_theta,-0.15763762593269348,0.38991122656745114,0.22511545394487248,0.5199653573639302,0.5197979134826061,0.5194667517671334,0.5202965190794029,0.5199533545533133,0.519809916293223,0.0,0.0,0.0,0.0,-0.25999999046325684,0.0,0.0,0.0,0.0,0.0,1.3394129276275635,0.4694129526615143,0.0,0.0,0.0,0.0
148.59,-0.22999998927116394,0.22999998927116394,-0.4599999785423279,datactrl_ref_vx_fallback,states_vx_gs,0.8399999737739563,states_theta,-0.11316247284412384,0.38992321993029955,0.22512233309622617,0.5198793932747081,0.5199158598727573,0.5197798464735502,0.5200154066739152,0.5195998978426483,0.5201953553048172,0.0,0.0,0.0,0.0,-0.22999998927116394,0.0,0.0,0.0,0.0,0.0,1.303483247756958,0.4634833335876465,0.0,0.0,0.0,0.0
148.878,-0.20999999344348907,0.20999999344348907,-0.41999998688697815,datactrl_ref_vx_fallback,states_vx_gs,0.7999999523162842,states_theta,-0.17879372835159302,0.38992186989930705,0.22512150168118802,0.5198391948029548,0.519952458261864,0.5198541160740354,0.5199375369907834,0.519830286509518,0.5199613665553008,0.0,0.0,0.0,0.0,-0.20999999344348907,0.0,0.0,0.0,0.0,0.0,1.2849595546722412,0.4849596321582794,0.0,0.0,0.0,0.0
149.162,-0.17999999225139618,0.17999999225139618,-0.35999998450279236,datactrl_ref_vx_fallback,states_vx_gs,0.7599999904632568,states_theta,-0.16792309284210205,0.38994786888753186,0.22513651487634895,0.5198842200262226,0.5199767636738624,0.5199510352599184,0.5199099484401666,0.5198232864852446,0.5200376972148404,0.0,0.0,0.0,0.0,-0.17999999225139618,0.0,0.0,0.0,0.0,0.0,1.2432664632797241,0.4832664430141449,0.0,0.0,0.0,0.0
149.443,-0.14999999105930328,0.14999999105930328,-0.29999998211860657,datactrl_ref_vx_fallback,states_vx_gs,0.7299999594688416,states_theta,-0.1541464924812317,0.38997427284643227,0.22515179541165584,0.5200500653042488,0.5198813289529038,0.5197183618487111,0.5202130324084415,0.5200704484244125,0.5198609458327401,0.0,0.0,0.0,0.0,-0.14999999105930328,0.0,0.0,0.0,0.0,0.0,1.1989171504974365,0.4689171314239502,0.0,0.0,0.0,0.0
149.742,-0.12999999523162842,0.12999999523162842,-0.25999999046325684,datactrl_ref_vx_fallback,states_vx_gs,0.699999988079071,states_theta,-0.1417871117591858,0.3899875487129754,0.2251594444351696,0.5199267696111074,0.520040026956827,0.52008155297639,0.5198852435915444,0.519788554604335,0.5201782419635994,0.0,0.0,0.0,0.0,-0.12999999523162842,0.0,0.0,0.0,0.0,0.0,1.1724247932434082,0.4724247455596924,0.0,0.0,0.0,0.0
150.029,-0.09999999403953552,0.09999999403953552,-0.19999998807907104,datactrl_ref_vx_fallback,states_vx_gs,0.6699999570846558,states_theta,-0.16983911395072937,0.3900148437361028,0.22517527520103867,0.520163132214067,0.5198764510822071,0.5196944477296839,0.5203451355665902,0.520252327542061,0.5197872557542131,0.0,0.0,0.0,0.0,-0.09999999403953552,0.0,0.0,0.0,0.0,0.0,1.123264193534851,0.45326417684555054,0.0,0.0,0.0,0.0
150.342,-0.07999999821186066,0.07999999821186066,-0.1599999964237213,datactrl_ref_vx_fallback,states_vx_gs,0.6399999856948853,states_theta,-0.1326894909143448,0.39004257072795057,0.22519136922956137,0.5198382885225789,0.5202752334186226,0.5203677008652409,0.5197458210759606,0.5196200520451454,0.520493469896056,0.0,0.0,0.0,0.0,-0.07999999821186066,0.0,0.0,0.0,0.0,0.0,1.0920106172561646,0.4520106613636017,0.0,0.0,0.0,0.0
150.609,-0.05999999865889549,0.05999999865889549,-0.11999999731779099,datactrl_ref_vx_fallback,states_vx_gs,0.5999999642372131,states_theta,-0.17625948786735535,0.390070675688059,0.22520754311763408,0.5202368465447704,0.5199516219567202,0.5197891662317742,0.5203993022697164,0.5204507842607184,0.5197376842407722,0.0,0.0,0.0,0.0,-0.05999999865889549,0.0,0.0,0.0,0.0,0.0,1.0585520267486572,0.4585520029067993,0.0,0.0,0.0,0.0
150.912,-0.03999999910593033,0.03999999910593033,-0.07999999821186066,datactrl_ref_vx_fallback,states_vx_gs,0.5699999928474426,states_theta,-0.14611002802848816,0.3900722955706737,0.22520845294476427,0.5199451208614301,0.5202476673270331,0.5203941290261708,0.5197986591622924,0.5198079169736346,0.5203848712148286,0.0,0.0,0.0,0.0,-0.03999999910593033,0.0,0.0,0.0,0.0,0.0,1.0231387615203857,0.4531387388706207,0.0,0.0,0.0,0.0
151.129,-0.029999999329447746,0.029999999329447746,-0.05999999865889549,datactrl_ref_vx_fallback,states_vx_gs,0.5600000023841858,states_theta,-0.1239708960056305,0.39008752896072096,0.2252173032716185,0.5203204313475844,0.5199129792143382,0.5197368318885524,0.5204965786733703,0.5204462950478937,0.5197871155140289,0.0,0.0,0.0,0.0,-0.029999999329447746,0.0,0.0,0.0,0.0,0.0,1.0046803951263428,0.4446803629398346,0.0,0.0,0.0,0.0
151.187,-0.019999999552965164,0.019999999552965164,-0.03999999910593033,datactrl_ref_vx_fallback,states_vx_gs,0.550000011920929,states_theta,-0.14009010791778564,0.39008752896072096,0.2252173032716185,0.5203204313475844,0.5199129792143382,0.5197368318885524,0.5204965786733703,0.5204462950478937,0.5197871155140289,0.0,0.0,0.0,0.0,-0.019999999552965164,0.0,0.0,0.0,0.0,0.0,0.9857208132743835,0.4357208013534546,0.0,0.0,0.0,0.0
151.448,0.0,0.0,0.0,datactrl_ref_vx_fallback,datactrl_est_vx_fallback,0.5199999809265137,states_theta,-0.17700766026973724,0.3901165519830838,0.22523404207566713,0.5199843015755681,0.5203265037126554,0.5205087053327613,0.5198020999554622,0.5198259095264326,0.5204848957617909,0.0,0.0,0.0,0.0,0.0,0.0,0.0,0.0,0.0,0.0,0.946448564529419,0.4264485836029053,0.0,0.0,0.0,0.0
151.729,0.0,0.0,0.0,datactrl_ref_vx_fallback,datactrl_est_vx_fallback,0.47999998927116394,states_theta,-0.11488289386034012,0.39011898193579037,0.22523544693549943,0.5202931526065045,0.5200241325556031,0.5198994234188014,0.5204178617433063,0.5205839055495355,0.5197333796125722,0.0,0.0,0.0,0.0,0.0,0.0,0.0,0.0,0.0,0.0,0.946448564529419,0.466448575258255,0.0,0.0,0.0,0.0
152.033,0.019999999552965164,-0.019999999552965164,0.03999999910593033,datactrl_ref_vx_fallback,states_vx_gs,0.4699999988079071,states_theta,-0.07775934785604477,0.3901214118884969,0.22523675481640731,0.5202729188796151,0.5200508461563766,0.5203452197385786,0.5199785452974132,0.5199407020567607,0.5203830629792311,0.0,0.0,0.0,0.0,0.019999999552965164,0.0,0.0,0.0,0.0,0.0,0.9047205448150635,0.43472054600715637,0.0,0.0,0.0,0.0
152.296,0.03999999910593033,-0.03999999910593033,0.07999999821186066,datactrl_ref_vx_fallback,states_vx_gs,0.4399999976158142,states_theta,-0.16013795137405396,0.3900965738205304,0.22522239592659615,0.5201139757779305,0.5201435544101507,0.5203488832260679,0.5199086469620133,0.5200163895582612,0.52024114062982,0.0,0.0,0.0,0.0,0.03999999910593033,0.0,0.0,0.0,0.0,0.0,0.8614889979362488,0.42148903012275696,0.0,0.0,0.0,0.0
152.575,0.04999999701976776,-0.04999999701976776,0.09999999403953552,datactrl_ref_vx_fallback,states_vx_gs,0.429999977350235,states_theta,-0.0956452339887619,0.39008478277767134,0.2252156129354622,0.520002882448775,0.5202232049583486,0.5198682439135729,0.5203578434935507,0.520296085248213,0.5199300021589106,0.0,0.0,0.0,0.0,0.04999999701976776,0.0,0.0,0.0,0.0,0.0,0.836816132068634,0.40681615471839905,0.0,0.0,0.0,0.0
152.851,0.05999999865889549,-0.05999999865889549,0.11999999731779099,datactrl_ref_vx_fallback,states_vx_gs,0.3999999761581421,states_theta,-0.14484944939613342,0.39005575963963823,0.22519884692835163,0.5200564706663382,0.5200922217060304,0.5203311207999918,0.5198175715723768,0.5199253228331532,0.5202233695392154,0.0,0.0,0.0,0.0,0.05999999865889549,0.0,0.0,0.0,0.0,0.0,0.8108401298522949,0.4108401834964752,0.0,0.0,0.0,0.0
153.142,0.07999999821186066,-0.07999999821186066,0.1599999964237213,datactrl_ref_vx_fallback,states_vx_gs,0.3700000047683716,states_theta,-0.14221076667308807,0.3896534735427926,0.22496662106620047,0.5195500464891178,0.5195258829583291,0.5192895457642106,0.5197863836832364,0.5198344876967647,0.5192414417506823,0.0,0.0,0.0,0.0,0.07999999821186066,0.0,0.0,0.0,0.0,0.0,0.7630980610847473,0.3930980861186981,0.0,0.0,0.0,0.0
153.406,0.08999999612569809,-0.08999999612569809,0.17999999225139618,datactrl_ref_vx_fallback,states_vx_gs,0.3499999940395355,states_theta,-0.10753653198480606,0.389999522468291,0.22516633024901278,0.5199630075551462,0.5200357190269631,0.5199868482257528,0.5200118783563565,0.5199830679892659,0.5200156585928435,0.0,0.0,0.0,0.0,0.08999999612569809,0.0,0.0,0.0,0.0,0.0,0.7344157695770264,0.38441580533981323,0.0,0.0,0.0,0.0
153.691,0.09999999403953552,-0.09999999403953552,0.19999998807907104,datactrl_ref_vx_fallback,states_vx_gs,0.3199999928474426,states_theta,-0.16599150002002716,0.3899857739106633,0.22515843559977686,0.5200506813067951,0.5199113824549737,0.5198681452324653,0.5200939185293035,0.5202295385920769,0.5197325251696919,0.0,0.0,0.0,0.0,0.09999999403953552,0.0,0.0,0.0,0.0,0.0,0.7045307159423828,0.3845306932926178,0.0,0.0,0.0,0.0
153.982,0.10999999940395355,-0.10999999940395355,0.2199999988079071,datactrl_ref_vx_fallback,states_vx_gs,0.29999998211860657,states_theta,-0.11763372272253036,0.38995807378811975,0.2251424130066801,0.5198779118571663,0.5200102849111531,0.5200544152989399,0.5198337814693794,0.5198497372880229,0.5200384594802965,0.0,0.0,0.0,0.0,0.10999999940395355,0.0,0.0,0.0,0.0,0.0,0.6735429763793945,0.37354302406311035,0.0,0.0,0.0,0.0
154.2,0.11999999731779099,-0.11999999731779099,0.23999999463558197,datactrl_ref_vx_fallback,states_vx_gs,0.28999999165534973,states_theta,-0.12773054838180542,0.3899299146988106,0.22512615357894714,0.5199724250847311,0.5198406807787639,0.5198476493691228,0.5199654564943722,0.5200267869019045,0.5197863189615904,0.0,0.0,0.0,0.0,0.11999999731779099,0.0,0.0,0.0,0.0,0.0,0.6475670337677002,0.35756704211235046,0.0,0.0,0.0,0.0
154.25,0.11999999731779099,-0.11999999731779099,0.23999999463558197,datactrl_ref_vx_fallback,states_vx_gs,0.26999998092651367,states_theta,-0.1251125931739807,0.3899299146988106,0.22512615357894714,0.5199724250847311,0.5198406807787639,0.5198476493691228,0.5199654564943722,0.5200267869019045,0.5197863189615904,0.0,0.0,0.0,0.0,0.11999999731779099,0.0,0.0,0.0,0.0,0.0,0.6415529847145081,0.3715530037879944,0.0,0.0,0.0,0.0
154.552,0.12999999523162842,-0.12999999523162842,0.25999999046325684,datactrl_ref_vx_fallback,states_vx_gs,0.25,states_theta,-0.12090657651424408,0.38991492415386686,0.2251174873905373,0.5198943987060393,0.519878732370939,0.5198700131500863,0.5199031179268919,0.519924118441223,0.5198490126357552,0.0,0.0,0.0,0.0,0.12999999523162842,0.0,0.0,0.0,0.0,0.0,0.6086107492446899,0.35861071944236755,0.0,0.0,0.0,0.0
154.852,0.14000000059604645,-0.14000000059604645,0.2800000011920929,datactrl_ref_vx_fallback,states_vx_gs,0.2199999988079071,states_theta,-0.16196684539318085,0.38988582000868477,0.22510069554240833,0.5198712356487584,0.5198242843744011,0.5199939177259548,0.5197016022972046,0.5198270301228524,0.5198684899003071,0.0,0.0,0.0,0.0,0.14000000059604645,0.0,0.0,0.0,0.0,0.0,0.5748665928840637,0.3548665940761566,0.0,0.0,0.0,0.0
155.128,0.14999999105930328,-0.14999999105930328,0.29999998211860657,datactrl_ref_vx_fallback,states_vx_gs,0.1899999976158142,states_theta,-0.14720642566680908,0.38985649987039395,0.22508376508229086,0.5197022377859714,0.5199150952017458,0.5198496493358264,0.5197676836518907,0.5198785680227991,0.5197387649649181,0.0,0.0,0.0,0.0,0.14999999105930328,0.0,0.0,0.0,0.0,0.0,0.5405210852622986,0.3505210876464844,0.0,0.0,0.0,0.0
155.415,0.14999999105930328,-0.14999999105930328,0.29999998211860657,datactrl_ref_vx_fallback,states_vx_gs,0.17000000178813934,states_theta,-0.08278810977935791,0.38985379980840895,0.22508222870063954,0.5196629333301135,0.5199471994923104,0.5196904082276214,0.5199197245948025,0.5199633667677329,0.519646766054691,0.0,0.0,0.0,0.0,0.14999999105930328,0.0,0.0,0.0,0.0,0.0,0.5254859328269958,0.3554859161376953,0.0,0.0,0.0,0.0
155.638,0.14999999105930328,-0.14999999105930328,0.29999998211860657,datactrl_ref_vx_fallback,states_vx_gs,0.17000000178813934,states_theta,0.021306656301021576,0.38985109974642396,0.2250806731446363,0.5196269834439072,0.5199759492132233,0.5196962621120721,0.5199066705450585,0.5196501958050029,0.5199527368521276,0.0,0.0,0.0,0.0,0.14999999105930328,0.0,0.0,0.0,0.0,0.0,0.5179682970046997,0.34796831011772156,0.0,0.0,0.0,0.0
155.69,0.1599999964237213,-0.1599999964237213,0.3199999928474426,datactrl_ref_vx_fallback,states_vx_gs,0.17000000178813934,states_theta,-0.01528041809797287,0.38985109974642396,0.2250806731446363,0.5196269834439072,0.5199759492132233,0.5196962621120721,0.5199066705450585,0.5196501958050029,0.5199527368521276,0.0,0.0,0.0,0.0,0.1599999964237213,0.0,0.0,0.0,0.0,0.0,0.48983731865882874,0.3198373019695282,0.0,0.0,0.0,0.0
155.954,0.1599999964237213,-0.1599999964237213,0.3199999928474426,datactrl_ref_vx_fallback,states_vx_gs,0.1599999964237213,states_theta,-0.10062428563833237,0.38987564071588104,0.2250948104847699,0.5197914879924345,0.519876887249915,0.51975646675812,0.5199119084842294,0.5198344741257916,0.5198339011165578,0.0,0.0,0.0,0.0,0.1599999964237213,0.0,0.0,0.0,0.0,0.0,0.47379979491233826,0.31379979848861694,0.0,0.0,0.0,0.0
156.131,0.17000000178813934,-0.17000000178813934,0.3400000035762787,datactrl_ref_vx_fallback,states_vx_gs,0.14000000059604645,states_theta,-0.14551134407520294,0.39027936363694393,0.22532790336612818,0.5203528635630486,0.5203921061354686,0.5203599137511863,0.5203850559473309,0.5204880587629732,0.5202569109355439,0.0,0.0,0.0,0.0,0.17000000178813934,0.0,0.0,0.0,0.0,0.0,0.44546830654144287,0.3054683208465576,0.0,0.0,0.0,0.0
156.183,0.17000000178813934,-0.17000000178813934,0.3400000035762787,datactrl_ref_vx_fallback,states_vx_gs,0.12999999523162842,states_theta,-0.18904170393943787,0.39027936363694393,0.22532790336612818,0.5203528635630486,0.5203921061354686,0.5203599137511863,0.5203850559473309,0.5204880587629732,0.5202569109355439,0.0,0.0,0.0,0.0,0.17000000178813934,0.0,0.0,0.0,0.0,0.0,0.43694838881492615,0.30694839358329773,0.0,0.0,0.0,0.0
156.438,0.17000000178813934,-0.17000000178813934,0.3400000035762787,datactrl_ref_vx_fallback,states_vx_gs,0.08999999612569809,states_theta,-0.10139293968677521,0.3902921880325442,0.22533531747953672,0.5203526637428386,0.5204265043439458,0.5205476020971939,0.5202315659895905,0.5203154493048857,0.5204637187818987,0.0,0.0,0.0,0.0,0.17000000178813934,0.0,0.0,0.0,0.0,0.0,0.4199085235595703,0.329908549785614,0.0,0.0,0.0,0.0
156.518,0.17000000178813934,-0.17000000178813934,0.3400000035762787,datactrl_ref_vx_fallback,states_vx_gs,0.08999999612569809,states_theta,0.044723182916641235,0.3899469670641717,0.22513600881267318,0.5198981605291654,0.5199604183086258,0.5198695788701864,0.5199889999676048,0.519740013655787,0.5201185651820042,0.0,0.0,0.0,0.0,0.17000000178813934,0.0,0.0,0.0,0.0,0.0,0.4199085235595703,0.329908549785614,0.0,0.0,0.0,0.0
156.646,0.17000000178813934,-0.17000000178813934,0.3400000035762787,datactrl_ref_vx_fallback,states_vx_gs,0.08999999612569809,states_theta,-0.044276993721723557,0.3899465620291257,0.22513575718251222,0.5199312425494707,0.5199262561948645,0.5199263077209207,0.5199311910234145,0.5198375429297287,0.5200199558146065,0.0,0.0,0.0,0.0,0.17000000178813934,0.0,0.0,0.0,0.0,0.0,0.40286868810653687,0.3128686845302582,0.0,0.0,0.0,0.0
156.819,0.17999999225139618,-0.17999999225139618,0.35999998450279236,datactrl_ref_vx_fallback,states_vx_gs,0.07000000029802322,states_theta,-0.25026267766952515,0.38997682398017824,0.22515330619624704,0.519999662140238,0.5199385351402374,0.5200161804898592,0.5199220167906161,0.5203490433992489,0.5195891538812264,0.0,0.0,0.0,0.0,0.17999999225139618,0.0,0.0,0.0,0.0,0.0,0.3739859461784363,0.30398595333099365,0.0,0.0,0.0,0.0
157.008,0.17999999225139618,-0.17999999225139618,0.35999998450279236,datactrl_ref_vx_fallback,states_vx_gs,0.029999999329447746,states_theta,-0.09287281334400177,0.389990207890398,0.22516098280082303,0.520044538729505,0.5199293489782231,0.5197950494478912,0.5201788382598368,0.5198595514043224,0.5201143363034056,0.0,0.0,0.0,0.0,0.17999999225139618,0.0,0.0,0.0,0.0,0.0,0.3559437394142151,0.3259437382221222,0.0,0.0,0.0,0.0
157.058,0.17999999225139618,-0.17999999225139618,0.35999998450279236,datactrl_ref_vx_fallback,states_vx_gs,0.03999999910593033,states_theta,0.08223829418420792,0.389990207890398,0.22516098280082303,0.520044538729505,0.5199293489782231,0.5197950494478912,0.5201788382598368,0.5198595514043224,0.5201143363034056,0.0,0.0,0.0,0.0,0.17999999225139618,0.0,0.0,0.0,0.0,0.0,0.3469226360321045,0.30692264437675476,0.0,0.0,0.0,0.0
157.255,0.17999999225139618,-0.17999999225139618,0.35999998450279236,datactrl_ref_vx_fallback,states_vx_gs,0.029999999329447746,states_theta,-0.14739005267620087,0.3900177458959306,0.2251770490028402,0.5199112985732223,0.5201360238159259,0.5205513132838943,0.519496009105254,0.5202813368958531,0.5197659854932951,0.0,0.0,0.0,0.0,0.17999999225139618,0.0,0.0,0.0,0.0,0.0,0.3379015326499939,0.307901531457901,0.0,0.0,0.0,0.0
157.494,0.17999999225139618,-0.17999999225139618,0.35999998450279236,datactrl_ref_vx_fallback,states_vx_gs,-0.009999999776482582,states_theta,-0.07790631055831909,0.39004571587018366,0.22519304808640192,0.5201735333654276,0.5199483756217289,0.5197868449976368,0.5203350639895197,0.5200380594888885,0.520083849498268,0.0,0.0,0.0,0.0,0.17999999225139618,0.0,0.0,0.0,0.0,0.0,0.3198593258857727,0.32985934615135193,0.0,0.0,0.0,0.0
157.547,0.17999999225139618,-0.17999999225139618,0.35999998450279236,datactrl_ref_vx_fallback,states_vx_gs,0.3108382523059845,datactrl_est_theta_fallback,0.11607986688613892,0.39004571587018366,0.22519304808640192,0.5201735333654276,0.5199483756217289,0.5197868449976368,0.5203350639895197,0.5200380594888885,0.520083849498268,0.0,0.0,0.0,0.0,0.17999999225139618,0.0,0.0,0.0,0.0,0.0,0.3108382523059845,0.3108382523059845,0.0,0.0,0.0,0.0
157.819,0.17999999225139618,-0.17999999225139618,0.35999998450279236,datactrl_ref_vx_fallback,states_vx_gs,-0.019999999552965164,states_theta,-0.15772250294685364,0.39007409081069877,0.22520949415676297,0.5199520039843231,0.5202455715108736,0.5205137609825174,0.5196838145126792,0.5200012032693446,0.520196372225852,0.0,0.0,0.0,0.0,0.17999999225139618,0.0,0.0,0.0,0.0,0.0,0.2927960455417633,0.312796026468277,0.0,0.0,0.0,0.0
157.883,0.17999999225139618,-0.17999999225139618,0.35999998450279236,datactrl_ref_vx_fallback,states_vx_gs,-0.029999999329447746,states_theta,-0.017582496628165245,0.3900749007520061,0.22520989701084293,0.519999556779579,0.5202001785591039,0.5203184858814609,0.519881249457222,0.5199303740388359,0.520269361299847,0.0,0.0,0.0,0.0,0.17999999225139618,0.0,0.0,0.0,0.0,0.0,0.2927960455417633,0.312796026468277,0.0,0.0,0.0,0.0
157.939,0.17999999225139618,-0.17999999225139618,0.35999998450279236,datactrl_ref_vx_fallback,states_vx_gs,-0.029999999329447746,states_theta,-0.053140800446271896,0.3900757106933135,0.225210468918317,0.5203138662102931,0.5198880289718761,0.5198105654717012,0.520391329710468,0.5204815020039478,0.5197203931782214,0.0,0.0,0.0,0.0,0.17999999225139618,0.0,0.0,0.0,0.0,0.0,0.2747538387775421,0.304753839969635,0.0,0.0,0.0,0.0
157.99,0.17000000178813934,-0.17000000178813934,0.3400000035762787,datactrl_ref_vx_fallback,states_vx_gs,-0.03999999910593033,states_theta,-0.07112760841846466,0.3900910386216082,0.22521936115307353,0.5199455433645458,0.5202972262930762,0.5205929096768637,0.5196498599807583,0.519808208023559,0.520434561634063,0.0,0.0,0.0,0.0,0.17000000178813934,0.0,0.0,0.0,0.0,0.0,0.2863962650299072,0.32639625668525696,0.0,0.0,0.0,0.0
158.049,0.17000000178813934,-0.17000000178813934,0.3400000035762787,datactrl_ref_vx_fallback,states_vx_gs,-0.03999999910593033,states_theta,0.03797125816345215,0.3900919836175548,0.2252197311423635,0.520086988016497,0.5201583016303158,0.5202416967872925,0.5200035928595204,0.5199830203110414,0.5202622693357715,0.0,0.0,0.0,0.0,0.17000000178813934,0.0,0.0,0.0,0.0,0.0,0.2693563997745514,0.3093563914299011,0.0,0.0,0.0,0.0
158.099,0.17000000178813934,-0.17000000178813934,0.3400000035762787,datactrl_ref_vx_fallback,states_vx_gs,-0.04999999701976776,states_theta,-0.08358678966760635,0.3901213441218784,0.22523667959705013,0.5201257325264037,0.5201978517986052,0.52031559168466,0.5200079926403489,0.5202315757215972,0.5200920086034118,0.0,0.0,0.0,0.0,0.17000000178813934,0.0,0.0,0.0,0.0,0.0,0.2514645457267761,0.3014645576477051,0.0,0.0,0.0,0.0
158.15,0.17000000178813934,-0.17000000178813934,0.3400000035762787,datactrl_ref_vx_fallback,states_vx_gs,-0.04999999701976776,states_theta,-0.026363898068666458,0.3900967490362779,0.22522247054598765,0.5200398513683726,0.5202181460617017,0.5201641164835991,0.5200938809464752,0.5201945472898792,0.5200634501401951,0.0,0.0,0.0,0.0,0.17000000178813934,0.0,0.0,0.0,0.0,0.0,0.2429446130990982,0.29294461011886597,0.0,0.0,0.0,0.0
158.213,0.17000000178813934,-0.17000000178813934,0.3400000035762787,datactrl_ref_vx_fallback,states_vx_gs,-0.05999999865889549,states_theta,-0.044660527259111404,0.390098639028171,0.2252235736673102,0.5199958975448552,0.5202671398636008,0.5200433666941119,0.5202196707143442,0.5200376259651202,0.5202254114433359,0.0,0.0,0.0,0.0,0.17000000178813934,0.0,0.0,0.0,0.0,0.0,0.22590476274490356,0.28590476512908936,0.0,0.0,0.0,0.0
158.275,0.17000000178813934,-0.17000000178813934,0.3400000035762787,datactrl_ref_vx_fallback,states_vx_gs,-0.04999999701976776,states_theta,0.0670565664768219,0.39008679396345625,0.22521687200033988,0.5203103765907285,0.5199210739784882,0.520011415200602,0.5202200353686147,0.5205986315847092,0.5196328189845075,0.0,0.0,0.0,0.0,0.17000000178813934,0.0,0.0,0.0,0.0,0.0,0.20886491239070892,0.2588649094104767,0.0,0.0,0.0,0.0
158.326,0.1599999964237213,-0.1599999964237213,0.3199999928474426,datactrl_ref_vx_fallback,states_vx_gs,-0.07999999821186066,states_theta,-0.20384706556797028,0.39006052487037535,0.22520162962194185,0.5201000445348612,0.5200613551194729,0.5203666935328809,0.5197947061214533,0.5203317403792497,0.5198296592750845,0.0,0.0,0.0,0.0,0.1599999964237213,0.0,0.0,0.0,0.0,0.0,0.21309000253677368,0.29309001564979553,0.0,0.0,0.0,0.0
158.376,0.1599999964237213,-0.1599999964237213,0.3199999928474426,datactrl_ref_vx_fallback,states_vx_gs,-0.07999999821186066,states_theta,-0.023389704525470734,0.3900580648312983,0.22520021567708962,0.5199098288187417,0.5202450107313871,0.5203887715057489,0.5197660680443799,0.5198996067117512,0.5202552328383776,0.0,0.0,0.0,0.0,0.1599999964237213,0.0,0.0,0.0,0.0,0.0,0.20507124066352844,0.2850712537765503,0.0,0.0,0.0,0.0
158.443,0.1599999964237213,-0.1599999964237213,0.3199999928474426,datactrl_ref_vx_fallback,states_vx_gs,-0.08999999612569809,states_theta,-0.022418733686208725,0.39003182273192744,0.22518518797641668,0.5202783136919197,0.5198065469265535,0.5197108406828019,0.5203740199356712,0.5205038973102663,0.5195809633082069,0.0,0.0,0.0,0.0,0.1599999964237213,0.0,0.0,0.0,0.0,0.0,0.18903373181819916,0.27903372049331665,0.0,0.0,0.0,0.0
158.508,0.14999999105930328,-0.14999999105930328,0.29999998211860657,datactrl_ref_vx_fallback,states_vx_gs,-0.08999999612569809,states_theta,-0.002535278908908367,0.3900050676697007,0.22516976308169398,0.5197586597970028,0.5202548539888658,0.5204949718143117,0.5195185419715569,0.5196625064668585,0.5203510073190101,0.0,0.0,0.0,0.0,0.14999999105930328,0.0,0.0,0.0,0.0,0.0,0.19350941479206085,0.28350940346717834,0.0,0.0,0.0,0.0
158.568,0.14999999105930328,-0.14999999105930328,0.29999998211860657,datactrl_ref_vx_fallback,states_vx_gs,-0.08999999612569809,states_theta,0.029805777594447136,0.3899890421011708,0.22516030868734482,0.5200906754850895,0.5198801034513659,0.5198506289780348,0.5201201499584206,0.520144266364699,0.5198265125717564,0.0,0.0,0.0,0.0,0.14999999105930328,0.0,0.0,0.0,0.0,0.0,0.17847424745559692,0.2684742510318756,0.0,0.0,0.0,0.0
158.631,0.14999999105930328,-0.14999999105930328,0.29999998211860657,datactrl_ref_vx_fallback,states_vx_gs,-0.07000000029802322,states_theta,-0.050018515437841415,0.38996128798253715,0.2251443923327863,0.5197294233321418,0.5201673446212906,0.5202761548306738,0.5196206131227585,0.5196438875024358,0.5202528804509965,0.0,0.0,0.0,0.0,0.14999999105930328,0.0,0.0,0.0,0.0,0.0,0.163439080119133,0.23343908786773682,0.0,0.0,0.0,0.0
158.698,0.14000000059604645,-0.14000000059604645,0.2800000011920929,datactrl_ref_vx_fallback,states_vx_gs,-0.08999999612569809,states_theta,-0.04405566677451134,0.3899331018951828,0.22512814701623474,0.5201247879289883,0.5196968171248326,0.5196559763743676,0.5201656286794534,0.5203439902474511,0.5194776148063698,0.0,0.0,0.0,0.0,0.14000000059604645,0.0,0.0,0.0,0.0,0.0,0.16881684958934784,0.25881683826446533,0.0,0.0,0.0,0.0
158.76,0.14000000059604645,-0.14000000059604645,0.2800000011920929,datactrl_ref_vx_fallback,states_vx_gs,-0.09999999403953552,states_theta,0.02577161230146885,0.3899181518666178,0.22511951004618946,0.5196792709341715,0.5201024673768093,0.5202591693475351,0.5195225689634457,0.5195623551246928,0.520219383186288,0.0,0.0,0.0,0.0,0.14000000059604645,0.0,0.0,0.0,0.0,0.0,0.15478402376174927,0.2547840178012848,0.0,0.0,0.0,0.0
158.822,0.14000000059604645,-0.14000000059604645,0.2800000011920929,datactrl_ref_vx_fallback,states_vx_gs,-0.09999999403953552,states_theta,0.01366881001740694,0.38988918271163914,0.2251028448977636,0.5201002710250038,0.5196042162060339,0.5194502259296788,0.5202542613013589,0.5202688902095326,0.5194355970215051,0.0,0.0,0.0,0.0,0.14000000059604645,0.0,0.0,0.0,0.0,0.0,0.1407511979341507,0.24075119197368622,0.0,0.0,0.0,0.0
158.884,0.12999999523162842,-0.12999999523162842,0.25999999046325684,datactrl_ref_vx_fallback,states_vx_gs,-0.09999999403953552,states_theta,-0.0291148591786623,0.3898870226106421,0.22510151952917198,0.5196770349388786,0.5200216920228338,0.5202584943876858,0.5194402325740266,0.5196069618410466,0.5200917651206658,0.0,0.0,0.0,0.0,0.12999999523162842,0.0,0.0,0.0,0.0,0.0,0.14733180403709412,0.24733179807662964,0.0,0.0,0.0,0.0
158.948,0.12999999523162842,-0.12999999523162842,0.25999999046325684,datactrl_ref_vx_fallback,states_vx_gs,-0.09999999403953552,states_theta,0.011409251019358635,0.38985732449965965,0.22508428665918903,0.5198265991230981,0.5197929328759943,0.5196059747869044,0.520013557212188,0.5200505312675825,0.5195690007315099,0.0,0.0,0.0,0.0,0.12999999523162842,0.0,0.0,0.0,0.0,0.0,0.1343013346195221,0.23430132865905762,0.0,0.0,0.0,0.0
158.998,0.12999999523162842,-0.12999999523162842,0.25999999046325684,datactrl_ref_vx_fallback,states_vx_gs,-0.09999999403953552,states_theta,-0.0047624604776501656,0.38985462443767466,0.2250826886163523,0.5197730130001512,0.5198393188336479,0.5199360561790815,0.5196762756547176,0.5196998901121873,0.5199124417216118,0.0,0.0,0.0,0.0,0.12999999523162842,0.0,0.0,0.0,0.0,0.0,0.1277860850095749,0.2277860790491104,0.0,0.0,0.0,0.0
159.058,0.11999999731779099,-0.11999999731779099,0.23999999463558197,datactrl_ref_vx_fallback,states_vx_gs,-0.09999999403953552,states_theta,0.0071634817868471146,0.38985192437568966,0.2250811239045022,0.5197526973661046,0.5198524343024011,0.5199200793496856,0.5196850523188201,0.5197528641198941,0.5198522675486117,0.0,0.0,0.0,0.0,0.11999999731779099,0.0,0.0,0.0,0.0,0.0,0.13516855239868164,0.23516854643821716,0.0,0.0,0.0,0.0
159.116,0.11999999731779099,-0.11999999731779099,0.23999999463558197,datactrl_ref_vx_fallback,states_vx_gs,-0.07999999821186066,states_theta,0.0761166512966156,0.3898765193412455,0.22509533138898574,0.5198072915982361,0.5198634266450852,0.5196689724191829,0.5200017458241385,0.5197726272385478,0.5198980910047736,0.0,0.0,0.0,0.0,0.11999999731779099,0.0,0.0,0.0,0.0,0.0,0.12314042448997498,0.21314041316509247,0.0,0.0,0.0,0.0
159.173,0.11999999731779099,-0.11999999731779099,0.23999999463558197,datactrl_ref_vx_fallback,states_vx_gs,-0.08999999612569809,states_theta,-0.03929448500275612,0.38990572526285017,0.22511217652386994,0.5198401134135987,0.5199084872873351,0.5199015630544374,0.5198470376464964,0.5198678514269875,0.5198807492739462,0.0,0.0,0.0,0.0,0.11999999731779099,0.0,0.0,0.0,0.0,0.0,0.11111228913068771,0.19111227989196777,0.0,0.0,0.0,0.0
159.231,0.10999999940395355,-0.10999999940395355,0.2199999988079071,datactrl_ref_vx_fallback,states_vx_gs,-0.08999999612569809,states_theta,-0.06253129243850708,0.39029699217734115,0.22533809082090728,0.5203615069157499,0.5204304722238264,0.5205341250564186,0.5202578540831577,0.5205006726172812,0.5202913065222952,0.0,0.0,0.0,0.0,0.10999999940395355,0.0,0.0,0.0,0.0,0.0,0.11949709802865982,0.2094970941543579,0.0,0.0,0.0,0.0
159.291,0.10999999940395355,-0.10999999940395355,0.2199999988079071,datactrl_ref_vx_fallback,states_vx_gs,-0.10999999940395355,states_theta,-0.06855326145887375,0.3899481531622181,0.22513675468900413,0.5199092442811775,0.5199524974847374,0.5196584618733391,0.5202032798925758,0.5196557338699372,0.5202060078959776,0.0,0.0,0.0,0.0,0.10999999940395355,0.0,0.0,0.0,0.0,0.0,0.10847131162881851,0.21847130358219147,0.0,0.0,0.0,0.0
159.347,0.10999999940395355,-0.10999999940395355,0.2199999988079071,datactrl_ref_vx_fallback,states_vx_gs,-0.07999999821186066,states_theta,0.03496143966913223,0.38997777310545634,0.22515377358798971,0.5199498825653257,0.5199908457158913,0.5200009958301058,0.5199397324511111,0.5200019467919944,0.5199387814892226,0.0,0.0,0.0,0.0,0.10999999940395355,0.0,0.0,0.0,0.0,0.0,0.0974455177783966,0.17744551599025726,0.0,0.0,0.0,0.0
159.405,0.09999999403953552,-0.09999999403953552,0.19999998807907104,datactrl_ref_vx_fallback,states_vx_gs,-0.08999999612569809,states_theta,0.03664155676960945,0.3900205940723546,0.22517865405594598,0.5201257126782461,0.5199292048480328,0.5195758085273513,0.5204791089989277,0.519757408238784,0.520297509287495,0.0,0.0,0.0,0.0,0.09999999403953552,0.0,0.0,0.0,0.0,0.0,0.10683269053697586,0.19683268666267395,0.0,0.0,0.0,0.0
159.467,0.09999999403953552,-0.09999999403953552,0.19999998807907104,datactrl_ref_vx_fallback,states_vx_gs,-0.04999999701976776,states_theta,0.015133942477405071,0.3900481860739772,0.22519454950671075,0.5199324460186775,0.520196050178595,0.5204086655693406,0.5197198306279319,0.5203607310479555,0.519767765149317,0.0,0.0,0.0,0.0,0.09999999403953552,0.0,0.0,0.0,0.0,0.0,0.09680924564599991,0.14680925011634827,0.0,0.0,0.0,0.0
159.528,0.09999999403953552,-0.09999999403953552,0.19999998807907104,datactrl_ref_vx_fallback,states_vx_gs,-0.09999999403953552,states_theta,-0.12214994430541992,0.3900492659957786,0.22519509573078295,0.5201313572666689,0.520000018722074,0.519816227072477,0.520315148916266,0.5199309668492983,0.5202004091394447,0.0,0.0,0.0,0.0,0.09999999403953552,0.0,0.0,0.0,0.0,0.0,0.08678580075502396,0.18678580224514008,0.0,0.0,0.0,0.0
159.585,0.09999999403953552,-0.09999999403953552,0.19999998807907104,datactrl_ref_vx_fallback,states_vx_gs,-0.07999999821186066,states_theta,0.021533001214265823,0.3900777219304157,0.22521152597732444,0.5200436504994176,0.5201636079816908,0.5203767543852424,0.519830504095866,0.5201967713329962,0.5200104871481122,0.0,0.0,0.0,0.0,0.09999999403953552,0.0,0.0,0.0,0.0,0.0,0.076762355864048,0.15676236152648926,0.0,0.0,0.0,0.0
159.642,0.08999999612569809,-0.08999999612569809,0.17999999225139618,datactrl_ref_vx_fallback,states_vx_gs,-0.10999999940395355,states_theta,-0.05778501555323601,0.3900793418130304,0.22521241425097407,0.5201032848484854,0.5201082933195955,0.5200903105973184,0.5201212675707626,0.5200609995169706,0.5201505786511104,0.0,0.0,0.0,0.0,0.08999999612569809,0.0,0.0,0.0,0.0,0.0,0.0877031460404396,0.19770315289497375,0.0,0.0,0.0,0.0
159.703,0.08999999612569809,-0.08999999612569809,0.17999999225139618,datactrl_ref_vx_fallback,states_vx_gs,-0.09999999403953552,states_theta,0.004271818324923515,0.39009469675225295,0.22522129691654977,0.5202052755864558,0.5200472490862188,0.5200340183892509,0.5202185062834237,0.5202641321115256,0.519988392561149,0.0,0.0,0.0,0.0,0.08999999612569809,0.0,0.0,0.0,0.0,0.0,0.0786820501089096,0.17868204414844513,0.0,0.0,0.0,0.0
159.765,0.08999999612569809,-0.08999999612569809,0.17999999225139618,datactrl_ref_vx_fallback,states_vx_gs,-0.09999999403953552,states_theta,-0.018284503370523453,0.39009658674414616,0.2252224307320549,0.5200276167801707,0.5202299478708856,0.5204271969914716,0.5198303676595848,0.5200225699763901,0.5202349946746663,0.0,0.0,0.0,0.0,0.08999999612569809,0.0,0.0,0.0,0.0,0.0,0.06966094672679901,0.16966094076633453,0.0,0.0,0.0,0.0
159.822,0.07999999821186066,-0.07999999821186066,0.1599999964237213,datactrl_ref_vx_fallback,states_vx_gs,-0.09999999403953552,states_theta,0.0654182881116867,0.39009847673603926,0.22522348643788112,0.5202306235743299,0.5200319810551082,0.5199486802480726,0.5203139243813655,0.5201897976273457,0.5200728070020924,0.0,0.0,0.0,0.0,0.07999999821186066,0.0,0.0,0.0,0.0,0.0,0.08190478384494781,0.18190477788448334,0.0,0.0,0.0,0.0
159.882,0.07999999821186066,-0.07999999821186066,0.1599999964237213,datactrl_ref_vx_fallback,states_vx_gs,-0.08999999612569809,states_theta,0.006611574441194534,0.3901003667279325,0.22522458928541914,0.5200282643224577,0.5202393802853623,0.5203077965593922,0.5199598480484279,0.519971843115821,0.520295801491999,0.0,0.0,0.0,0.0,0.07999999821186066,0.0,0.0,0.0,0.0,0.0,0.07388602942228317,0.16388602554798126,0.0,0.0,0.0,0.0
159.938,0.07000000029802322,-0.07000000029802322,0.14000000059604645,datactrl_ref_vx_fallback,states_vx_gs,-0.08999999612569809,states_theta,-0.023852955549955368,0.39008867022332083,0.22521788701281353,0.5202344673419362,0.5200019865869193,0.5199335033592597,0.5203029505695959,0.5204519513493181,0.5197845025795375,0.0,0.0,0.0,0.0,0.07000000029802322,0.0,0.0,0.0,0.0,0.0,0.0862802192568779,0.176280215382576,0.0,0.0,0.0,0.0
159.998,0.07000000029802322,-0.07000000029802322,0.14000000059604645,datactrl_ref_vx_fallback,states_vx_gs,-0.08999999612569809,states_theta,0.06896771490573883,0.39009029010593554,0.22521884064397105,0.5200325926428548,0.5202081809729733,0.5204095482987379,0.5198312253170903,0.519802862062515,0.5204379115533131,0.0,0.0,0.0,0.0,0.07000000029802322,0.0,0.0,0.0,0.0,0.0,0.07926380634307861,0.1692637950181961,0.0,0.0,0.0,0.0
160.06,0.07000000029802322,-0.07000000029802322,0.14000000059604645,datactrl_ref_vx_fallback,states_vx_gs,-0.08999999612569809,states_theta,-0.021331731230020523,0.39006456097375525,0.22520394600917645,0.5200484520090116,0.520123710587669,0.519877334735328,0.5202948278613526,0.5203603642313646,0.5198117983653161,0.0,0.0,0.0,0.0,0.07000000029802322,0.0,0.0,0.0,0.0,0.0,0.07224739342927933,0.16224738955497742,0.0,0.0,0.0,0.0
160.122,0.05999999865889549,-0.05999999865889549,0.11999999731779099,datactrl_ref_vx_fallback,states_vx_gs,-0.08999999612569809,states_theta,0.01848282292485237,0.3900349438744095,0.22518679077623158,0.520032495661302,0.5200606880037899,0.5200174775385122,0.5200757061265797,0.5201831808659052,0.5199100027991868,0.0,0.0,0.0,0.0,0.05999999865889549,0.0,0.0,0.0,0.0,0.0,0.08554369956254959,0.17554369568824768,0.0,0.0,0.0,0.0
160.187,0.05999999865889549,-0.05999999865889549,0.11999999731779099,datactrl_ref_vx_fallback,states_vx_gs,-0.07999999821186066,states_theta,0.04998854920268059,0.39000481381220803,0.22516944979195377,0.5199170064276346,0.5200958304049201,0.5201641018185066,0.5198487350140482,0.5197144864167471,0.5202983504158076,0.0,0.0,0.0,0.0,0.05999999865889549,0.0,0.0,0.0,0.0,0.0,0.07952963560819626,0.15952962636947632,0.0,0.0,0.0,0.0
160.244,0.05999999865889549,-0.05999999865889549,0.11999999731779099,datactrl_ref_vx_fallback,states_vx_gs,-0.07000000029802322,states_theta,0.08648353815078735,0.3899910382436612,0.22516166298752494,0.5202743917634057,0.5197017102196909,0.5195603516296937,0.5204157503534029,0.5203793551666628,0.5195967468164339,0.0,0.0,0.0,0.0,0.05999999865889549,0.0,0.0,0.0,0.0,0.0,0.07351556420326233,0.14351557195186615,0.0,0.0,0.0,0.0
160.3,0.05999999865889549,-0.05999999865889549,0.11999999731779099,datactrl_ref_vx_fallback,states_vx_gs,-0.07000000029802322,states_theta,-0.03991042077541351,0.38996331112307264,0.225145574109412,0.5197374944154598,0.5201646685794006,0.5202821904364854,0.519619972558375,0.5196082274536225,0.5202939355412379,0.0,0.0,0.0,0.0,0.05999999865889549,0.0,0.0,0.0,0.0,0.0,0.067501500248909,0.13750149309635162,0.0,0.0,0.0,0.0
160.362,0.04999999701976776,-0.04999999701976776,0.09999999403953552,datactrl_ref_vx_fallback,states_vx_gs,-0.07000000029802322,states_theta,-0.013682919554412365,0.3899350980376734,0.22512926450932827,0.5201138483632344,0.519713079737228,0.5196168325476561,0.5202100955528063,0.5202409306742678,0.5195859974261946,0.0,0.0,0.0,0.0,0.04999999701976776,0.0,0.0,0.0,0.0,0.0,0.08210085332393646,0.1521008461713791,0.0,0.0,0.0,0.0
160.423,0.04999999701976776,-0.04999999701976776,0.09999999403953552,datactrl_ref_vx_fallback,states_vx_gs,-0.07000000029802322,states_theta,0.015792543068528175,0.38992001298026085,0.22512048523246092,0.5197467955800457,0.52003990570065,0.5200496638483453,0.5197370374323503,0.5196412733620938,0.5201454279186019,0.0,0.0,0.0,0.0,0.04999999701976776,0.0,0.0,0.0,0.0,0.0,0.07708913087844849,0.1470891237258911,0.0,0.0,0.0,0.0
160.488,0.04999999701976776,-0.04999999701976776,0.09999999403953552,datactrl_ref_vx_fallback,states_vx_gs,-0.05999999865889549,states_theta,0.02629822865128517,0.3898908818370382,0.22510370331886795,0.5200535470001264,0.5196554712319754,0.5196073501474112,0.5201016680846906,0.5201289205277726,0.5195800977043292,0.0,0.0,0.0,0.0,0.04999999701976776,0.0,0.0,0.0,0.0,0.0,0.07182682305574417,0.13182681798934937,0.0,0.0,0.0,0.0
160.546,0.04999999701976776,-0.04999999701976776,0.09999999403953552,datactrl_ref_vx_fallback,states_vx_gs,-0.05999999865889549,states_theta,-0.01813632622361183,0.3898614267085003,0.22508672081380754,0.519637547432418,0.5199929237902496,0.5201166239425206,0.519513847280147,0.5195057867677955,0.5201246844548721,0.0,0.0,0.0,0.0,0.04999999701976776,0.0,0.0,0.0,0.0,0.0,0.0668151006102562,0.1268150955438614,0.0,0.0,0.0,0.0
160.601,0.03999999910593033,-0.03999999910593033,0.07999999821186066,datactrl_ref_vx_fallback,states_vx_gs,-0.07000000029802322,states_theta,-0.013159667141735554,0.38985872664651533,0.2250850696380955,0.5196842153647581,0.5199390556926162,0.5196875826318925,0.5199356884254818,0.5199542807855546,0.5196689902718197,0.0,0.0,0.0,0.0,0.03999999910593033,0.0,0.0,0.0,0.0,0.0,0.082316555082798,0.15231655538082123,0.0,0.0,0.0,0.0
160.659,0.03999999910593033,-0.03999999910593033,0.07999999821186066,datactrl_ref_vx_fallback,states_vx_gs,-0.04999999701976776,states_theta,0.16739650070667267,0.38985602658453034,0.22508354048525375,0.5196350757147012,0.5199809951773797,0.5195915445112921,0.5200245263807889,0.5196385644754306,0.5199775064166504,0.0,0.0,0.0,0.0,0.03999999910593033,0.0,0.0,0.0,0.0,0.0,0.07830718159675598,0.12830717861652374,0.0,0.0,0.0,0.0
160.723,0.03999999910593033,-0.03999999910593033,0.07999999821186066,datactrl_ref_vx_fallback,states_vx_gs,-0.029999999329447746,states_theta,0.009301556274294853,0.38985332652254534,0.22508196461152716,0.5198200035422113,0.5197888671845764,0.5198526275496599,0.5197562431771278,0.5200733983562954,0.5195354723704922,0.0,0.0,0.0,0.0,0.03999999910593033,0.0,0.0,0.0,0.0,0.0,0.07429780066013336,0.10429780185222626,0.0,0.0,0.0,0.0
160.787,0.03999999910593033,-0.03999999910593033,0.07999999821186066,datactrl_ref_vx_fallback,states_vx_gs,-0.05999999865889549,states_theta,-0.12306489795446396,0.38985062646056035,0.22508038148664203,0.5199102933436403,0.5196913772178541,0.5198625546254847,0.5197391159360096,0.519676491312828,0.5199251792486663,0.0,0.0,0.0,0.0,0.03999999910593033,0.0,0.0,0.0,0.0,0.0,0.07028841972351074,0.13028842210769653,0.0,0.0,0.0,0.0
160.845,0.03999999910593033,-0.03999999910593033,0.07999999821186066,datactrl_ref_vx_fallback,states_vx_gs,-0.04999999701976776,states_theta,0.0656895563006401,0.3902523124021156,0.22531229354535603,0.5204669818377501,0.5202058512345582,0.5203780726647796,0.5202947604075286,0.5204360552792996,0.5202367777930087,0.0,0.0,0.0,0.0,0.03999999910593033,0.0,0.0,0.0,0.0,0.0,0.06627904623746872,0.11627904325723648,0.0,0.0,0.0,0.0
160.903,0.029999999329447746,-0.029999999329447746,0.05999999865889549,datactrl_ref_vx_fallback,states_vx_gs,-0.05999999865889549,states_theta,-0.08328325301408768,0.38991848631205467,0.22511955665710706,0.5199467394742197,0.5198358906912595,0.5200238758706103,0.5197587542948688,0.5198289460296778,0.5199536841358013,0.0,0.0,0.0,0.0,0.029999999329447746,0.0,0.0,0.0,0.0,0.0,0.08258237689733505,0.14258237183094025,0.0,0.0,0.0,0.0
160.957,0.029999999329447746,-0.029999999329447746,0.05999999865889549,datactrl_ref_vx_fallback,states_vx_gs,-0.03999999910593033,states_theta,0.3068513870239258,0.3899442423178741,0.22513445912956212,0.519871798824145,0.5199795140235193,0.5196637804319002,0.5201875324157641,0.5198202299036561,0.5200310829440082,0.0,0.0,0.0,0.0,0.029999999329447746,0.0,0.0,0.0,0.0,0.0,0.07957534492015839,0.11957534402608871,0.0,0.0,0.0,0.0
161.018,0.029999999329447746,-0.029999999329447746,0.05999999865889549,datactrl_ref_vx_fallback,states_vx_gs,-0.029999999329447746,states_theta,-0.216658353805542,0.3899727882845776,0.2251510066935312,0.520123569939484,0.5198038654860563,0.5203347085605078,0.5195927268650326,0.5201618849012571,0.5197655505242832,0.0,0.0,0.0,0.0,0.029999999329447746,0.0,0.0,0.0,0.0,0.0,0.07656831294298172,0.10656831413507462,0.0,0.0,0.0,0.0
161.078,0.029999999329447746,-0.029999999329447746,0.05999999865889549,datactrl_ref_vx_fallback,states_vx_gs,-0.04999999701976776,states_theta,0.10190753638744354,0.3899860371402018,0.22515863738804703,0.5197705738891084,0.5201921918180964,0.5199297284670759,0.520033037240129,0.51963214451869,0.5203306211885148,0.0,0.0,0.0,0.0,0.029999999329447746,0.0,0.0,0.0,0.0,0.0,0.07356128096580505,0.12356127798557281,0.0,0.0,0.0,0.0
161.143,0.029999999329447746,-0.029999999329447746,0.05999999865889549,datactrl_ref_vx_fallback,states_vx_gs,-0.019999999552965164,states_theta,0.05737091600894928,0.39001330516528404,0.2251743595023488,0.5201628408069062,0.5198726396338512,0.5199210228785984,0.520114457562159,0.5203350615334166,0.5197004189073409,0.0,0.0,0.0,0.0,0.029999999329447746,0.0,0.0,0.0,0.0,0.0,0.07055424898862839,0.09055424481630325,0.0,0.0,0.0,0.0
161.202,0.029999999329447746,-0.029999999329447746,0.05999999865889549,datactrl_ref_vx_fallback,states_vx_gs,-0.03999999910593033,states_theta,-0.11175008863210678,0.3900410321571319,0.22519040106186336,0.5198680523609293,0.5202413667247557,0.5202701256420666,0.5198392934436183,0.5197230646357412,0.5203863544499437,0.0,0.0,0.0,0.0,0.029999999329447746,0.0,0.0,0.0,0.0,0.0,0.06754720956087112,0.10754720866680145,0.0,0.0,0.0,0.0
161.259,0.029999999329447746,-0.029999999329447746,0.05999999865889549,datactrl_ref_vx_fallback,states_vx_gs,-0.029999999329447746,states_theta,0.061232443898916245,0.3900691911133216,0.22520661561723831,0.5202312268795763,0.5199532827559479,0.519849949812493,0.5203345598230312,0.5202812126559003,0.5199032969796239,0.0,0.0,0.0,0.0,0.029999999329447746,0.0,0.0,0.0,0.0,0.0,0.06454017758369446,0.09454017877578735,0.0,0.0,0.0,0.0
161.315,0.019999999552965164,-0.019999999552965164,0.03999999910593033,datactrl_ref_vx_fallback,states_vx_gs,-0.029999999329447746,states_theta,0.013251350261271,0.3900708109959363,0.22520751489221755,0.5199837917592306,0.5202050375632662,0.5202228333470944,0.5199659959754024,0.5199522684044782,0.5202365609180186,0.0,0.0,0.0,0.0,0.019999999552965164,0.0,0.0,0.0,0.0,0.0,0.08229691535234451,0.11229691654443741,0.0,0.0,0.0,0.0
161.38,0.019999999552965164,-0.019999999552965164,0.03999999910593033,datactrl_ref_vx_fallback,states_vx_gs,-0.019999999552965164,states_theta,0.039450403302907944,0.39008611191330317,0.2252163238530034,0.5201502712542085,0.5200793605145999,0.5200662372470558,0.5201633945217526,0.520099795047447,0.5201298367213615,0.0,0.0,0.0,0.0,0.019999999552965164,0.0,0.0,0.0,0.0,0.0,0.0802922248840332,0.10029222816228867,0.0,0.0,0.0,0.0
161.436,0.019999999552965164,-0.019999999552965164,0.03999999910593033,datactrl_ref_vx_fallback,states_vx_gs,-0.019999999552965164,states_theta,0.01715051755309105,0.3901153239219507,0.225233189257117,0.5201012657185122,0.520206264740023,0.52018087989708,0.5201266505614552,0.5201454774523675,0.5201620530061677,0.0,0.0,0.0,0.0,0.019999999552965164,0.0,0.0,0.0,0.0,0.0,0.0782875344157219,0.09828753769397736,0.0,0.0,0.0,0.0
161.49,0.019999999552965164,-0.019999999552965164,0.03999999910593033,datactrl_ref_vx_fallback,states_vx_gs,-0.019999999552965164,states_theta,-0.0029474066104739904,0.39011775387465725,0.2252345904833974,0.5201580746463449,0.5201559356860744,0.520178929994907,0.5201350803375123,0.5201582063136302,0.5201558040187891,0.0,0.0,0.0,0.0,0.019999999552965164,0.0,0.0,0.0,0.0,0.0,0.07628285139799118,0.09628284722566605,0.0,0.0,0.0,0.0
161.548,0.019999999552965164,-0.019999999552965164,0.03999999910593033,datactrl_ref_vx_fallback,states_vx_gs,-0.019999999552965164,states_theta,0.00020077259978279471,0.3901201838273638,0.2252359976196889,0.5200857314235748,0.5202347587827286,0.5201202192558072,0.5202002709504963,0.5201902661117446,0.5201302240945589,0.0,0.0,0.0,0.0,0.019999999552965164,0.0,0.0,0.0,0.0,0.0,0.07427816092967987,0.09427815675735474,0.0,0.0,0.0,0.0
161.612,0.019999999552965164,-0.019999999552965164,0.03999999910593033,datactrl_ref_vx_fallback,states_vx_gs,-0.019999999552965164,states_theta,-0.007161961402744055,0.3900955617437227,0.2252217892457113,0.5200559950484748,0.520198836268119,0.520208785066184,0.5200460462504098,0.5200310167978547,0.5202238145187391,0.0,0.0,0.0,0.0,0.019999999552965164,0.0,0.0,0.0,0.0,0.0,0.07227347046136856,0.09227346628904343,0.0,0.0,0.0,0.0
161.669,0.019999999552965164,-0.019999999552965164,0.03999999910593033,datactrl_ref_vx_fallback,states_vx_gs,-0.019999999552965164,states_theta,0.01848062127828598,0.39008383822818327,0.22521503478952457,0.5200272568873744,0.5201963117211142,0.5202338971003218,0.5199896715081669,0.5202679747627688,0.5199555938457199,0.0,0.0,0.0,0.0,0.019999999552965164,0.0,0.0,0.0,0.0,0.0,0.07026877999305725,0.09026878327131271,0.0,0.0,0.0,0.0
161.74,0.019999999552965164,-0.019999999552965164,0.03999999910593033,datactrl_ref_vx_fallback,states_vx_gs,-0.029999999329447746,states_theta,0.02346273511648178,0.39005414608427774,0.22519790934682504,0.5199725751815026,0.5201718143765713,0.519851835228029,0.520292554330045,0.5202106780412898,0.5199337115167841,0.0,0.0,0.0,0.0,0.019999999552965164,0.0,0.0,0.0,0.0,0.0,0.06826408952474594,0.09826409071683884,0.0,0.0,0.0,0.0
161.799,0.019999999552965164,-0.019999999552965164,0.03999999910593033,datactrl_ref_vx_fallback,states_vx_gs,-0.019999999552965164,states_theta,-0.04177987575531006,0.38965084297962066,0.22496505677734502,0.519613212150071,0.5194557024622508,0.5197516220026626,0.5193172926096592,0.5194141485363324,0.5196547660759894,0.0,0.0,0.0,0.0,0.019999999552965164,0.0,0.0,0.0,0.0,0.0,0.06525705754756927,0.08525706082582474,0.0,0.0,0.0,0.0
161.849,0.019999999552965164,-0.019999999552965164,0.03999999910593033,datactrl_ref_vx_fallback,states_vx_gs,-0.029999999329447746,states_theta,0.018657878041267395,0.3896231519037177,0.22494906989283547,0.519549767079599,0.5194453046636482,0.5193289375386974,0.5196661342045499,0.5196916919776668,0.5193033797655804,0.0,0.0,0.0,0.0,0.019999999552965164,0.0,0.0,0.0,0.0,0.0,0.06425471603870392,0.09425471723079681,0.0,0.0,0.0,0.0
161.905,0.019999999552965164,-0.019999999552965164,0.03999999910593033,datactrl_ref_vx_fallback,states_vx_gs,-0.009999999776482582,states_theta,0.15631836652755737,0.38998196741416147,0.22515623654447467,0.5199599066410011,0.5199920064634295,0.5197294215429803,0.5202224915614503,0.5198501071111147,0.5201018059933159,0.0,0.0,0.0,0.0,0.019999999552965164,0.0,0.0,0.0,0.0,0.0,0.06225002557039261,0.07225002348423004,0.0,0.0,0.0,0.0
161.962,0.019999999552965164,-0.019999999552965164,0.03999999910593033,datactrl_ref_vx_fallback,states_vx_gs,-0.029999999329447746,states_theta,-0.30128324031829834,0.38998169730497034,0.22515616926293755,0.5199484701385206,0.5200027226747337,0.5203128120967803,0.5196383807164741,0.5203250739674327,0.5196261188458217,0.0,0.0,0.0,0.0,0.019999999552965164,0.0,0.0,0.0,0.0,0.0,0.0602453351020813,0.0902453362941742,0.0,0.0,0.0,0.0
162.019,0.009999999776482582,-0.009999999776482582,0.019999999552965164,datactrl_ref_vx_fallback,states_vx_gs,-0.019999999552965164,states_theta,0.3290472626686096,0.38995391618829167,0.22514008686039888,0.5199870705461858,0.5198900392892587,0.5196722238126216,0.5202048860228229,0.519645480590727,0.5202316292447174,0.0,0.0,0.0,0.0,0.009999999776482582,0.0,0.0,0.0,0.0,0.0,0.07950558513402939,0.09950558841228485,0.0,0.0,0.0,0.0
162.073,0.009999999776482582,-0.009999999776482582,0.019999999552965164,datactrl_ref_vx_fallback,states_vx_gs,-0.009999999776482582,states_theta,-0.21675190329551697,0.3899258920892076,0.2251238955820272,0.5199399476351242,0.5198624312694294,0.5201659209514072,0.5196364579531464,0.520159583971178,0.5196427949333756,0.0,0.0,0.0,0.0,0.009999999776482582,0.0,0.0,0.0,0.0,0.0,0.07850324362516403,0.08850324153900146,0.0,0.0,0.0,0.0
162.132,0.009999999776482582,-0.009999999776482582,0.019999999552965164,datactrl_ref_vx_fallback,states_vx_gs,0.07750090211629868,datactrl_est_theta_fallback,0.26154863834381104,0.3899245420582152,0.2251231170584838,0.5199586746158456,0.5198401042060616,0.5196507162658173,0.5201480625560899,0.5196261660026704,0.5201726128192368,0.0,0.0,0.0,0.0,0.009999999776482582,0.0,0.0,0.0,0.0,0.0,0.07750090211629868,0.07750090211629868,0.0,0.0,0.0,0.0
162.189,0.009999999776482582,-0.009999999776482582,0.019999999552965164,datactrl_ref_vx_fallback,states_vx_gs,-0.009999999776482582,states_theta,-0.17856109142303467,0.3899231920272226,0.2251223383981433,0.5200657145536774,0.5197294641855829,0.5200481907091308,0.5197469880301295,0.5201983588614321,0.5195968198778282,0.0,0.0,0.0,0.0,0.009999999776482582,0.0,0.0,0.0,0.0,0.0,0.07649855315685272,0.08649855107069016,0.0,0.0,0.0,0.0
162.248,0.009999999776482582,-0.009999999776482582,0.019999999552965164,datactrl_ref_vx_fallback,states_vx_gs,0.009999999776482582,states_theta,0.18861070275306702,0.3899218419962302,0.22512164077588395,0.5196277205495056,0.5201638581071083,0.519939931887258,0.5198516467693559,0.5194321600675997,0.5203594185890141,0.0,0.0,0.0,0.0,0.009999999776482582,0.0,0.0,0.0,0.0,0.0,0.07549621164798737,0.06549621373414993,0.0,0.0,0.0,0.0
162.311,0.009999999776482582,-0.009999999776482582,0.019999999552965164,datactrl_ref_vx_fallback,states_vx_gs,0.07449386268854141,datactrl_est_theta_fallback,-0.03944813832640648,0.3899204919652376,0.22512087093216773,0.5200747367236238,0.5197132418503432,0.5195845352173682,0.5202034433565987,0.5203154308882338,0.5194725476857331,0.0,0.0,0.0,0.0,0.009999999776482582,0.0,0.0,0.0,0.0,0.0,0.07449386268854141,0.07449386268854141,0.0,0.0,0.0,0.0
162.373,0.009999999776482582,-0.009999999776482582,0.019999999552965164,datactrl_ref_vx_fallback,states_vx_gs,0.07349152117967606,datactrl_est_theta_fallback,0.02165362983942032,0.3899191419342452,0.22512007101331605,0.5197052802210342,0.5200790982702863,0.5202281710360958,0.5195562074552248,0.519543843970396,0.5202405345209246,0.0,0.0,0.0,0.0,0.009999999776482582,0.0,0.0,0.0,0.0,0.0,0.07349152117967606,0.07349152117967606,0.0,0.0,0.0,0.0
162.428,0.009999999776482582,-0.009999999776482582,0.019999999552965164,datactrl_ref_vx_fallback,states_vx_gs,0.009999999776482582,states_theta,-0.003015065798535943,0.3899452489146501,0.22513516031969236,0.5201546793349885,0.5196993177707452,0.5195683675610651,0.5202856295446686,0.5202709837602574,0.5195830133454763,0.0,0.0,0.0,0.0,0.009999999776482582,0.0,0.0,0.0,0.0,0.0,0.0724891796708107,0.06248917803168297,0.0,0.0,0.0,0.0
162.486,0.009999999776482582,-0.009999999776482582,0.019999999552965164,datactrl_ref_vx_fallback,states_vx_gs,0.009999999776482582,states_theta,-0.007000746205449104,0.3899444388445583,0.22513478040498813,0.5196489555710503,0.5202028813477718,0.5203593751634094,0.5194924617554127,0.5194874159434187,0.5203644209754034,0.0,0.0,0.0,0.0,0.009999999776482582,0.0,0.0,0.0,0.0,0.0,0.07148683071136475,0.06148683279752731,0.0,0.0,0.0,0.0
162.544,0.009999999776482582,-0.009999999776482582,0.019999999552965164,datactrl_ref_vx_fallback,states_vx_gs,0.009999999776482582,states_theta,0.025123313069343567,0.3899707078132335,0.22514984133168175,0.5201682613822382,0.5197536261197179,0.5195933214430226,0.5203285660589334,0.5202589540839426,0.5196629334180134,0.0,0.0,0.0,0.0,0.009999999776482582,0.0,0.0,0.0,0.0,0.0,0.07048448920249939,0.06048448756337166,0.0,0.0,0.0,0.0
162.611,0.009999999776482582,-0.009999999776482582,0.019999999552965164,datactrl_ref_vx_fallback,states_vx_gs,0.009999999776482582,states_theta,-0.027998147532343864,0.3899704377040423,0.22514962871675467,0.5197870202520414,0.5201341469587382,0.5202402440180393,0.5196809231927403,0.5197228157715986,0.5201983514391809,0.0,0.0,0.0,0.0,0.009999999776482582,0.0,0.0,0.0,0.0,0.0,0.06948214024305344,0.059482142329216,0.0,0.0,0.0,0.0
162.672,0.019999999552965164,-0.019999999552965164,0.03999999910593033,datactrl_ref_vx_fallback,states_vx_gs,0.048016734421253204,datactrl_est_theta_fallback,0.006709914654493332,0.3899701675948513,0.22514945886471113,0.520128264828151,0.5197921820914525,0.5196845642119574,0.5202358827076461,0.5201488953744426,0.5197715515451609,0.0,0.0,0.0,0.0,0.019999999552965164,0.0,0.0,0.0,0.0,0.0,0.048016734421253204,0.048016734421253204,0.0,0.0,0.0,0.0
162.727,0.019999999552965164,-0.019999999552965164,0.03999999910593033,datactrl_ref_vx_fallback,states_vx_gs,0.046012043952941895,datactrl_est_theta_fallback,-0.050808534026145935,0.3899836730542069,0.22515727382601236,0.5197889170784965,0.5201675443993886,0.5202515796119874,0.5197048818658977,0.5197313786000489,0.5202250828778362,0.0,0.0,0.0,0.0,0.019999999552965164,0.0,0.0,0.0,0.0,0.0,0.046012043952941895,0.046012043952941895,0.0,0.0,0.0,0.0
162.78,0.019999999552965164,-0.019999999552965164,0.03999999910593033,datactrl_ref_vx_fallback,states_vx_gs,0.04400735720992088,datactrl_est_theta_fallback,-0.032844435423612595,0.39001118406169455,0.2251731063924816,0.5201496811988465,0.5198801429656722,0.5198311135479005,0.5201987106166183,0.5201817479398664,0.5198480762246523,0.0,0.0,0.0,0.0,0.019999999552965164,0.0,0.0,0.0,0.0,0.0,0.04400735720992088,0.04400735720992088,0.0,0.0,0.0,0.0
162.84,0.019999999552965164,-0.019999999552965164,0.03999999910593033,datactrl_ref_vx_fallback,states_vx_gs,-0.009999999776482582,states_theta,-0.05386827886104584,0.3900117510206401,0.22517339126231797,0.5200002582683722,0.5200310777866682,0.5200629520899276,0.5199683839651128,0.5200441542952481,0.5199871817597923,0.0,0.0,0.0,0.0,0.019999999552965164,0.0,0.0,0.0,0.0,0.0,0.04190243408083916,0.05190243199467659,0.0,0.0,0.0,0.0
162.9,0.009999999776482582,-0.009999999776482582,0.019999999552965164,datactrl_ref_vx_fallback,states_vx_gs,-0.009999999776482582,states_theta,0.001024093828164041,0.3900396400007582,0.22518949364790197,0.5200531388237896,0.520052567844899,0.5201194441203595,0.519986262548329,0.5200610560705538,0.5200446505981348,0.0,0.0,0.0,0.0,0.009999999776482582,0.0,0.0,0.0,0.0,0.0,0.060962215065956116,0.07096221297979355,0.0,0.0,0.0,0.0
162.955,0.009999999776482582,-0.009999999776482582,0.019999999552965164,datactrl_ref_vx_fallback,states_vx_gs,0.05995986983180046,datactrl_est_theta_fallback,0.07708216458559036,0.3900407199225597,0.22519012321724746,0.5200438138021325,0.5200647726580266,0.5200405247063175,0.5200680617538417,0.5199312130629187,0.5201773733972405,0.0,0.0,0.0,0.0,0.009999999776482582,0.0,0.0,0.0,0.0,0.0,0.05995986983180046,0.05995986983180046,0.0,0.0,0.0,0.0
163.015,0.009999999776482582,-0.009999999776482582,0.019999999552965164,datactrl_ref_vx_fallback,states_vx_gs,0.058957528322935104,datactrl_est_theta_fallback,-7.591759640490636e-05,0.390041799844361,0.22519074672632858,0.5200006989180753,0.520110767333554,0.5201459429217445,0.5199655233298848,0.519990080227005,0.5201213860246243,0.0,0.0,0.0,0.0,0.009999999776482582,0.0,0.0,0.0,0.0,0.0,0.058957528322935104,0.058957528322935104,0.0,0.0,0.0,0.0
163.071,0.009999999776482582,-0.009999999776482582,0.019999999552965164,datactrl_ref_vx_fallback,states_vx_gs,0.05795518308877945,datactrl_est_theta_fallback,0.0169899333268404,0.39004287976616236,0.22519141507822218,0.520153182885966,0.5199611631571337,0.5198435835374593,0.5202707625056404,0.5202607731005588,0.5198535729425409,0.0,0.0,0.0,0.0,0.009999999776482582,0.0,0.0,0.0,0.0,0.0,0.05795518308877945,0.05795518308877945,0.0,0.0,0.0,0.0
163.13,0.009999999776482582,-0.009999999776482582,0.019999999552965164,datactrl_ref_vx_fallback,states_vx_gs,0.056952837854623795,datactrl_est_theta_fallback,0.01600801944732666,0.3900439596879638,0.22519206163372293,0.5199306293119388,0.5201865965226313,0.5203014535327597,0.5198157723018104,0.5198086370580304,0.5203085887765397,0.0,0.0,0.0,0.0,0.009999999776482582,0.0,0.0,0.0,0.0,0.0,0.056952837854623795,0.056952837854623795,0.0,0.0,0.0,0.0
163.187,0.009999999776482582,-0.009999999776482582,0.019999999552965164,datactrl_ref_vx_fallback,states_vx_gs,0.05595049262046814,datactrl_est_theta_fallback,-0.0035545658320188522,0.3900450396097653,0.22519267989536715,0.5201814091591466,0.5199386964668942,0.5198393619737071,0.5202807436523337,0.5203149706600233,0.5198051349660174,0.0,0.0,0.0,0.0,0.009999999776482582,0.0,0.0,0.0,0.0,0.0,0.05595049262046814,0.05595049262046814,0.0,0.0,0.0,0.0
163.27,0.009999999776482582,-0.009999999776482582,0.019999999552965164,datactrl_ref_vx_fallback,states_vx_gs,0.05544932186603546,datactrl_est_theta_fallback,0.03250383585691452,0.3900461195315666,0.2251932967192008,0.5199265887260258,0.5201963966914851,0.5202299448467047,0.5198930405708062,0.5197972485101119,0.520325736907399,0.0,0.0,0.0,0.0,0.009999999776482582,0.0,0.0,0.0,0.0,0.0,0.05544932186603546,0.05544932186603546,0.0,0.0,0.0,0.0
163.373,0.019999999552965164,-0.019999999552965164,0.03999999910593033,datactrl_ref_vx_fallback,states_vx_gs,0.009999999776482582,states_theta,-0.024304606020450592,0.3900466594924673,0.2251936058096452,0.5199273829106195,0.5201970424026268,0.5202276539094838,0.5198967714037624,0.5198051808416225,0.5203192444716237,0.0,0.0,0.0,0.0,0.019999999552965164,0.0,0.0,0.0,0.0,0.0,0.03403402864933014,0.024034028872847557,0.0,0.0,0.0,0.0
163.472,0.019999999552965164,-0.019999999552965164,0.03999999910593033,datactrl_ref_vx_fallback,states_vx_gs,0.033031683415174484,datactrl_est_theta_fallback,-0.03136406093835831,0.39004719945336797,0.22519399768700857,0.5202505860055312,0.5198752792034501,0.5197183143318311,0.5204075508771502,0.5203823063443056,0.5197435588646757,0.0,0.0,0.0,0.0,0.019999999552965164,0.0,0.0,0.0,0.0,0.0,0.033031683415174484,0.033031683415174484,0.0,0.0,0.0,0.0
163.572,0.019999999552965164,-0.019999999552965164,0.03999999910593033,datactrl_ref_vx_fallback,states_vx_gs,0.03202933818101883,datactrl_est_theta_fallback,-0.0643446072936058,0.3900204713891864,0.2251784479484811,0.5201293644529803,0.5199252259181835,0.5199212177188953,0.5201333726522684,0.5201729243678829,0.5198816660032809,0.0,0.0,0.0,0.0,0.019999999552965164,0.0,0.0,0.0,0.0,0.0,0.03202933818101883,0.03202933818101883,0.0,0.0,0.0,0.0
163.672,0.019999999552965164,-0.019999999552965164,0.03999999910593033,datactrl_ref_vx_fallback,states_vx_gs,0.031026994809508324,datactrl_est_theta_fallback,-0.05673455819487572,0.3900207413696367,0.2251787888603427,0.5198021542206108,0.5202531560984205,0.5204408324701911,0.5196144778488402,0.5196344042833331,0.5204209060356982,0.0,0.0,0.0,0.0,0.019999999552965164,0.0,0.0,0.0,0.0,0.0,0.031026994809508324,0.031026994809508324,0.0,0.0,0.0,0.0
163.773,0.019999999552965164,-0.019999999552965164,0.03999999910593033,datactrl_ref_vx_fallback,states_vx_gs,0.030024651437997818,datactrl_est_theta_fallback,-0.026855584233999252,0.39002101135008704,0.22517876293407327,0.5199281333638347,0.5201278969030642,0.5201422491041785,0.5199137811627204,0.5198677416672732,0.5201882885996256,0.0,0.0,0.0,0.0,0.019999999552965164,0.0,0.0,0.0,0.0,0.0,0.030024651437997818,0.030024651437997818,0.0,0.0,0.0,0.0
163.873,0.019999999552965164,-0.019999999552965164,0.03999999910593033,datactrl_ref_vx_fallback,states_vx_gs,-0.009999999776482582,states_theta,-0.03357492387294769,0.3900212813305374,0.22517917922585487,0.5203060618213372,0.5197506883934292,0.5195687899771478,0.5204879602376186,0.5205074484803908,0.5195493017343756,0.0,0.0,0.0,0.0,0.019999999552965164,0.0,0.0,0.0,0.0,0.0,0.029022306203842163,0.039022307842969894,0.0,0.0,0.0,0.0
163.973,0.009999999776482582,-0.009999999776482582,0.019999999552965164,datactrl_ref_vx_fallback,states_vx_gs,-0.009999999776482582,states_theta,-0.04770937189459801,0.38999441827613074,0.2251634141565056,0.5200756570304118,0.5199094583726035,0.5199368699763675,0.5200482454266478,0.5202099125224796,0.5197752028805357,0.0,0.0,0.0,0.0,0.009999999776482582,0.0,0.0,0.0,0.0,0.0,0.04878373071551323,0.05878372862935066,0.0,0.0,0.0,0.0
164.073,0.009999999776482582,-0.009999999776482582,0.019999999552965164,datactrl_ref_vx_fallback,states_vx_gs,-0.009999999776482582,states_theta,-0.003195986384525895,0.38999441827613074,0.2251635852074434,0.5197437336922107,0.5202413817108046,0.5204153266014733,0.519569788801542,0.5196394030168754,0.5203457123861399,0.0,0.0,0.0,0.0,0.009999999776482582,0.0,0.0,0.0,0.0,0.0,0.04828255623579025,0.058282557874917984,0.0,0.0,0.0,0.0
164.173,0.009999999776482582,-0.009999999776482582,0.019999999552965164,datactrl_ref_vx_fallback,states_vx_gs,-0.009999999776482582,states_theta,0.065357506275177,0.3899808317840177,0.22515554093348322,0.5199907413458396,0.519958143411541,0.5199064611151465,0.5200424236422341,0.5199699907713715,0.519978893986009,0.0,0.0,0.0,0.0,0.009999999776482582,0.0,0.0,0.0,0.0,0.0,0.047781385481357574,0.057781387120485306,0.0,0.0,0.0,0.0
164.273,0.009999999776482582,-0.009999999776482582,0.019999999552965164,datactrl_ref_vx_fallback,states_vx_gs,0.047280214726924896,datactrl_est_theta_fallback,0.03166935592889786,0.3899806967294222,0.22515563397210345,0.5201955602394808,0.5197529643723118,0.5195831837928817,0.5203653408189108,0.5203074693282936,0.5196410552834989,0.0,0.0,0.0,0.0,0.009999999776482582,0.0,0.0,0.0,0.0,0.0,0.047280214726924896,0.047280214726924896,0.0,0.0,0.0,0.0
164.374,0.009999999776482582,-0.009999999776482582,0.019999999552965164,datactrl_ref_vx_fallback,states_vx_gs,0.04677904024720192,datactrl_est_theta_fallback,0.025995250791311264,0.38998056167482664,0.22515542541623706,0.5198688302740273,0.520079334192177,0.5201320437622403,0.519816120703964,0.5197698714852985,0.5201782929809058,0.0,0.0,0.0,0.0,0.009999999776482582,0.0,0.0,0.0,0.0,0.0,0.04677904024720192,0.04677904024720192,0.0,0.0,0.0,0.0
164.474,0.009999999776482582,-0.009999999776482582,0.019999999552965164,datactrl_ref_vx_fallback,states_vx_gs,0.04627786949276924,datactrl_est_theta_fallback,-0.010868010111153126,0.389980426620231,0.22515547531485883,0.5197466690184886,0.5202011353021274,0.5203467382317088,0.5196010660889072,0.5196312368134535,0.5203165675071626,0.0,0.0,0.0,0.0,0.009999999776482582,0.0,0.0,0.0,0.0,0.0,0.04627786949276924,0.04627786949276924,0.0,0.0,0.0,0.0
164.573,0.009999999776482582,-0.009999999776482582,0.019999999552965164,datactrl_ref_vx_fallback,states_vx_gs,0.045776695013046265,datactrl_est_theta_fallback,-0.013032954186201096,0.38995310453468834,0.22513955340393105,0.5200008740833271,0.5198740713425085,0.5198172783725529,0.5200576670532827,0.5200921108412774,0.5197828345845582,0.0,0.0,0.0,0.0,0.009999999776482582,0.0,0.0,0.0,0.0,0.0,0.045776695013046265,0.045776695013046265,0.0,0.0,0.0,0.0
164.674,0.009999999776482582,-0.009999999776482582,0.019999999552965164,datactrl_ref_vx_fallback,states_vx_gs,0.045275524258613586,datactrl_est_theta_fallback,0.004572977311909199,0.3899526994996424,0.22513944590773985,0.5201443413987367,0.5197295239336431,0.5195988846285612,0.5202749807038186,0.5202725767839899,0.5196012885483899,0.0,0.0,0.0,0.0,0.009999999776482582,0.0,0.0,0.0,0.0,0.0,0.045275524258613586,0.045275524258613586,0.0,0.0,0.0,0.0
164.773,0.009999999776482582,-0.009999999776482582,0.019999999552965164,datactrl_ref_vx_fallback,states_vx_gs,0.04477435350418091,datactrl_est_theta_fallback,0.003994976170361042,0.3899522944645965,0.2251390831929615,0.5198747410746146,0.5199980441643094,0.52006611907895,0.5198066661599741,0.5198051813502236,0.5200676038887004,0.0,0.0,0.0,0.0,0.009999999776482582,0.0,0.0,0.0,0.0,0.0,0.04477435350418091,0.04477435350418091,0.0,0.0,0.0,0.0
164.874,0.009999999776482582,-0.009999999776482582,0.019999999552965164,datactrl_ref_vx_fallback,states_vx_gs,0.04427317902445793,datactrl_est_theta_fallback,0.0039338963106274605,0.3899518894295506,0.22513901502958372,0.5196822419769006,0.5201894631685676,0.5203037606418188,0.5195679445036494,0.5195662766252811,0.5203054285201871,0.0,0.0,0.0,0.0,0.009999999776482582,0.0,0.0,0.0,0.0,0.0,0.04427317902445793,0.04427317902445793,0.0,0.0,0.0,0.0
164.974,0.009999999776482582,-0.009999999776482582,0.019999999552965164,datactrl_ref_vx_fallback,states_vx_gs,0.04377200827002525,datactrl_est_theta_fallback,0.0029938234947621822,0.3899242703655125,0.22512291250435612,0.5199501012419198,0.5198479530661136,0.5197385293972213,0.5200595249108121,0.5200594731380067,0.5197385811700267,0.0,0.0,0.0,0.0,0.009999999776482582,0.0,0.0,0.0,0.0,0.0,0.04377200827002525,0.04377200827002525,0.0,0.0,0.0,0.0
165.074,0.009999999776482582,-0.009999999776482582,0.019999999552965164,datactrl_ref_vx_fallback,states_vx_gs,0.04327083379030228,datactrl_est_theta_fallback,0.0022046035155653954,0.3899235953500163,0.22512257315099263,0.5200497169676971,0.519746537299013,0.519651918166471,0.520144336100239,0.5201455591143241,0.5196506951523859,0.0,0.0,0.0,0.0,0.009999999776482582,0.0,0.0,0.0,0.0,0.0,0.04327083379030228,0.04327083379030228,0.0,0.0,0.0,0.0
165.175,0.009999999776482582,-0.009999999776482582,0.019999999552965164,datactrl_ref_vx_fallback,states_vx_gs,0.0427696630358696,datactrl_est_theta_fallback,0.0020034576300531626,0.3899229203345199,0.22512221137991134,0.5197438626129369,0.5200505916124496,0.5201907974567959,0.5196036567685907,0.5196049045020443,0.5201895497233422,0.0,0.0,0.0,0.0,0.009999999776482582,0.0,0.0,0.0,0.0,0.0,0.0427696630358696,0.0427696630358696,0.0,0.0,0.0,0.0
165.274,0.009999999776482582,-0.009999999776482582,0.019999999552965164,datactrl_ref_vx_fallback,states_vx_gs,0.04226849228143692,datactrl_est_theta_fallback,0.0009756074869073927,0.3899222453190237,0.22512175600235854,0.5197889501510278,0.5200037040330354,0.5200786058368376,0.5197140483472256,0.5197170112951519,0.5200756428889113,0.0,0.0,0.0,0.0,0.009999999776482582,0.0,0.0,0.0,0.0,0.0,0.04226849228143692,0.04226849228143692,0.0,0.0,0.0,0.0
165.375,0.009999999776482582,-0.009999999776482582,0.019999999552965164,datactrl_ref_vx_fallback,states_vx_gs,0.041767317801713943,datactrl_est_theta_fallback,0.001001813798211515,0.38992157030352753,0.22512146809976816,0.5200826824105126,0.5197081717322275,0.5195610881586958,0.5202297659840442,0.5202322255533216,0.5195586285894185,0.0,0.0,0.0,0.0,0.009999999776482582,0.0,0.0,0.0,0.0,0.0,0.041767317801713943,0.041767317801713943,0.0,0.0,0.0,0.0
165.475,0.009999999776482582,-0.009999999776482582,0.019999999552965164,datactrl_ref_vx_fallback,states_vx_gs,0.041266147047281265,datactrl_est_theta_fallback,-4.6652352466480806e-05,0.3899073087959183,0.2251131331725896,0.5199951272176422,0.5197576962381398,0.519699325539556,0.520053497916226,0.5200576599938403,0.5196951634619417,0.0,0.0,0.0,0.0,0.009999999776482582,0.0,0.0,0.0,0.0,0.0,0.041266147047281265,0.041266147047281265,0.0,0.0,0.0,0.0
165.575,0.009999999776482582,-0.009999999776482582,0.019999999552965164,datactrl_ref_vx_fallback,states_vx_gs,0.04076497256755829,datactrl_est_theta_fallback,0.009288795292377472,0.38990649872582633,0.22511278683570007,0.5196806132975813,0.5200700499712889,0.5202271927123845,0.5195234705564857,0.5195077248036433,0.520242938465227,0.0,0.0,0.0,0.0,0.009999999776482582,0.0,0.0,0.0,0.0,0.0,0.04076497256755829,0.04076497256755829,0.0,0.0,0.0,0.0
165.675,0.009999999776482582,-0.009999999776482582,0.019999999552965164,datactrl_ref_vx_fallback,states_vx_gs,0.04026380181312561,datactrl_est_theta_fallback,0.01803799346089363,0.3899056886557346,0.22511217504321873,0.519786866094317,0.5199616369876419,0.5199776833278985,0.5197708197540604,0.5197363568926948,0.5200121461892641,0.0,0.0,0.0,0.0,0.009999999776482582,0.0,0.0,0.0,0.0,0.0,0.04026380181312561,0.04026380181312561,0.0,0.0,0.0,0.0
165.775,0.009999999776482582,-0.009999999776482582,0.019999999552965164,datactrl_ref_vx_fallback,states_vx_gs,0.03976263105869293,datactrl_est_theta_fallback,0.0022218027152121067,0.38990487858564266,0.22511180924742813,0.5200230405695689,0.5197233023254781,0.5195571408368859,0.5201892020581612,0.5201870525103575,0.5195592903846896,0.0,0.0,0.0,0.0,0.009999999776482582,0.0,0.0,0.0,0.0,0.0,0.03976263105869293,0.03976263105869293,0.0,0.0,0.0,0.0
165.875,0.009999999776482582,-0.009999999776482582,0.019999999552965164,datactrl_ref_vx_fallback,states_vx_gs,0.039261456578969955,datactrl_est_theta_fallback,-0.001015008194372058,0.38990406851555093,0.22511122031448946,0.5198516394681765,0.5198925432399593,0.5199064363932107,0.5198377463149251,0.5198417365539005,0.5199024461542352,0.0,0.0,0.0,0.0,0.009999999776482582,0.0,0.0,0.0,0.0,0.0,0.039261456578969955,0.039261456578969955,0.0,0.0,0.0,0.0
165.975,0.009999999776482582,-0.009999999776482582,0.019999999552965164,datactrl_ref_vx_fallback,states_vx_gs,0.03876028582453728,datactrl_est_theta_fallback,-0.0012799856485798955,0.389903258445459,0.22511083074943253,0.5197502617717052,0.5199917607495187,0.5201265807533063,0.5196154417679176,0.5196193671757404,0.5201226553454835,0.0,0.0,0.0,0.0,0.009999999776482582,0.0,0.0,0.0,0.0,0.0,0.03876028582453728,0.03876028582453728,0.0,0.0,0.0,0.0
166.075,0.009999999776482582,-0.009999999776482582,0.019999999552965164,datactrl_ref_vx_fallback,states_vx_gs,0.0382591150701046,datactrl_est_theta_fallback,-0.0020015498157590628,0.38990244837536725,0.22511029325673035,0.5197782829407758,0.5199615793935368,0.5198048280414951,0.5199350342928175,0.5199398160891116,0.519800046245201,0.0,0.0,0.0,0.0,0.009999999776482582,0.0,0.0,0.0,0.0,0.0,0.0382591150701046,0.0382591150701046,0.0,0.0,0.0,0.0
166.175,0.009999999776482582,-0.009999999776482582,0.019999999552965164,datactrl_ref_vx_fallback,states_vx_gs,0.03775794059038162,datactrl_est_theta_fallback,-0.002797215012833476,0.3899016383052753,0.22510985895679989,0.519781411996581,0.5199562901508198,0.5196846524501161,0.5200530496972847,0.5200588141208463,0.5196788880265545,0.0,0.0,0.0,0.0,0.009999999776482582,0.0,0.0,0.0,0.0,0.0,0.03775794059038162,0.03775794059038162,0.0,0.0,0.0,0.0
166.273,0.009999999776482582,-0.009999999776482582,0.019999999552965164,datactrl_ref_vx_fallback,states_vx_gs,0.037256769835948944,datactrl_est_theta_fallback,-0.002998397219926119,0.38990082823518357,0.2251093879015054,0.5196948167532033,0.5200407252072862,0.5200148724071983,0.5197206695532911,0.5197261532161889,0.5200093887443006,0.0,0.0,0.0,0.0,0.009999999776482582,0.0,0.0,0.0,0.0,0.0,0.037256769835948944,0.037256769835948944,0.0,0.0,0.0,0.0
166.376,0.009999999776482582,-0.009999999776482582,0.019999999552965164,datactrl_ref_vx_fallback,states_vx_gs,0.03675559535622597,datactrl_est_theta_fallback,-0.0037975083105266094,0.38991361816266423,0.2251167532964125,0.5198669827710063,0.519902665662765,0.5200245646503333,0.519745083783438,0.5197515016799344,0.5200181467538368,0.0,0.0,0.0,0.0,0.009999999776482582,0.0,0.0,0.0,0.0,0.0,0.03675559535622597,0.03675559535622597,0.0,0.0,0.0,0.0
166.477,0.009999999776482582,-0.009999999776482582,0.019999999552965164,datactrl_ref_vx_fallback,states_vx_gs,0.03625442460179329,datactrl_est_theta_fallback,-0.003998768515884876,0.38991294314716796,0.22511646044460124,0.5200717510209898,0.5196960973714582,0.5195896632306413,0.5201781851618067,0.5201842669038813,0.5195835814885666,0.0,0.0,0.0,0.0,0.009999999776482582,0.0,0.0,0.0,0.0,0.0,0.03625442460179329,0.03625442460179329,0.0,0.0,0.0,0.0
166.577,0.009999999776482582,-0.009999999776482582,0.019999999552965164,datactrl_ref_vx_fallback,states_vx_gs,0.03575325384736061,datactrl_est_theta_fallback,-0.0045630750246346,0.38991226813167174,0.22511596379696375,0.5198193458891295,0.5199467024619951,0.5199740943813842,0.5197919539697404,0.5197984263576225,0.5199676219935021,0.0,0.0,0.0,0.0,0.009999999776482582,0.0,0.0,0.0,0.0,0.0,0.03575325384736061,0.03575325384736061,0.0,0.0,0.0,0.0
166.676,0.009999999776482582,-0.009999999776482582,0.019999999552965164,datactrl_ref_vx_fallback,states_vx_gs,0.035252079367637634,datactrl_est_theta_fallback,-0.0049997721798717976,0.3899386451568974,0.22513128795814796,0.5197476832580252,0.5200887038270345,0.5202062530646178,0.519630134020442,0.5196367040452242,0.5201996830398355,0.0,0.0,0.0,0.0,0.009999999776482582,0.0,0.0,0.0,0.0,0.0,0.035252079367637634,0.035252079367637634,0.0,0.0,0.0,0.0
166.776,0.009999999776482582,-0.009999999776482582,0.019999999552965164,datactrl_ref_vx_fallback,states_vx_gs,0.034750908613204956,datactrl_est_theta_fallback,-0.005798283964395523,0.3899382401218516,0.22513100908466915,0.520033985841301,0.5198013211503032,0.5197015393525656,0.5201337676390386,0.5201411595411655,0.5196941474504387,0.0,0.0,0.0,0.0,0.009999999776482582,0.0,0.0,0.0,0.0,0.0,0.034750908613204956,0.034750908613204956,0.0,0.0,0.0,0.0
166.876,0.009999999776482582,-0.009999999776482582,0.019999999552965164,datactrl_ref_vx_fallback,states_vx_gs,0.03424973413348198,datactrl_est_theta_fallback,-0.005999509245157242,0.3899378350868057,0.2251308118939271,0.5200766995329658,0.5197575273651827,0.5196460667607546,0.5201881601373938,0.5201951047018695,0.519639122196279,0.0,0.0,0.0,0.0,0.009999999776482582,0.0,0.0,0.0,0.0,0.0,0.03424973413348198,0.03424973413348198,0.0,0.0,0.0,0.0
166.977,0.009999999776482582,-0.009999999776482582,0.019999999552965164,datactrl_ref_vx_fallback,states_vx_gs,0.0337485633790493,datactrl_est_theta_fallback,-0.006798620335757732,0.3899645090905267,0.22514621714329353,0.5197848952716189,0.520120462303119,0.520236767856999,0.5196685897177389,0.5196763018490971,0.5202290557256408,0.0,0.0,0.0,0.0,0.009999999776482582,0.0,0.0,0.0,0.0,0.0,0.0337485633790493,0.0337485633790493,0.0,0.0,0.0,0.0
167.076,0.009999999776482582,-0.009999999776482582,0.019999999552965164,datactrl_ref_vx_fallback,states_vx_gs,0.03324739262461662,datactrl_est_theta_fallback,-0.0069998810067772865,0.3899643740359312,0.2251461447680278,0.5197619433974182,0.5201430540317317,0.5202380507581355,0.5196669466710144,0.519674155981739,0.5202308414474108,0.0,0.0,0.0,0.0,0.009999999776482582,0.0,0.0,0.0,0.0,0.0,0.03324739262461662,0.03324739262461662,0.0,0.0,0.0,0.0
167.176,0.009999999776482582,-0.009999999776482582,0.019999999552965164,datactrl_ref_vx_fallback,states_vx_gs,0.032746218144893646,datactrl_est_theta_fallback,-0.007950957864522934,0.3899642389813356,0.22514601963701142,0.5200500880068861,0.5198545492766755,0.519731943287717,0.5201726939958446,0.5201809311735617,0.51972370611,0.0,0.0,0.0,0.0,0.009999999776482582,0.0,0.0,0.0,0.0,0.0,0.032746218144893646,0.032746218144893646,0.0,0.0,0.0,0.0
167.276,0.009999999776482582,-0.009999999776482582,0.019999999552965164,datactrl_ref_vx_fallback,states_vx_gs,0.03224504739046097,datactrl_est_theta_fallback,-0.008000724017620087,0.3899777309352317,0.22515387587010044,0.5201749390790812,0.5197656767482034,0.5196669536977204,0.5202736621295642,0.5202810260563587,0.5196595897709259,0.0,0.0,0.0,0.0,0.009999999776482582,0.0,0.0,0.0,0.0,0.0,0.03224504739046097,0.03224504739046097,0.0,0.0,0.0,0.0
167.377,0.009999999776482582,-0.009999999776482582,0.019999999552965164,datactrl_ref_vx_fallback,states_vx_gs,0.03174387291073799,datactrl_est_theta_fallback,-0.009053096175193787,0.39000491796617887,0.22516949977739423,0.5199116723204682,0.5201014422560089,0.5202238603129875,0.5197892542634895,0.5197978010392251,0.5202153135372519,0.0,0.0,0.0,0.0,0.009999999776482582,0.0,0.0,0.0,0.0,0.0,0.03174387291073799,0.03174387291073799,0.0,0.0,0.0,0.0
167.477,0.009999999776482582,-0.009999999776482582,0.019999999552965164,datactrl_ref_vx_fallback,states_vx_gs,0.031242702156305313,datactrl_est_theta_fallback,-0.009002611972391605,0.3900051879466292,0.22516966385248507,0.5198589882702861,0.5201548462540585,0.5202258741783156,0.519787960346029,0.5197953699483747,0.5202184645759699,0.0,0.0,0.0,0.0,0.009999999776482582,0.0,0.0,0.0,0.0,0.0,0.031242702156305313,0.031242702156305313,0.0,0.0,0.0,0.0
167.576,0.009999999776482582,-0.009999999776482582,0.019999999552965164,datactrl_ref_vx_fallback,states_vx_gs,0.030741529539227486,datactrl_est_theta_fallback,-0.01005035825073719,0.3900324829697565,0.22518549425502166,0.5202228167479317,0.5198638045047523,0.5197225071171271,0.5203641141355569,0.5203726414172073,0.5197139798354767,0.0,0.0,0.0,0.0,0.009999999776482582,0.0,0.0,0.0,0.0,0.0,0.030741529539227486,0.030741529539227486,0.0,0.0,0.0,0.0
167.677,0.009999999776482582,-0.009999999776482582,0.019999999552965164,datactrl_ref_vx_fallback,states_vx_gs,-0.009999999776482582,states_theta,-0.010003477334976196,0.39003302293065717,0.22518570125899018,0.5201425398809726,0.5199455212674465,0.5199285956392764,0.5201594655091427,0.5202225657329286,0.5198654954154905,0.0,0.0,0.0,0.0,0.009999999776482582,0.0,0.0,0.0,0.0,0.0,0.030240356922149658,0.04024035856127739,0.0,0.0,0.0,0.0
167.778,0.009999999776482582,-0.009999999776482582,0.019999999552965164,datactrl_ref_vx_fallback,states_vx_gs,-0.009999999776482582,states_theta,-0.004955131560564041,0.39003356289155783,0.22518618656464626,0.5198206047364777,0.5202688963076765,0.5204682488622739,0.5196212521818803,0.5196732982959528,0.5204162027482014,0.0,0.0,0.0,0.0,0.009999999776482582,0.0,0.0,0.0,0.0,0.0,0.02973918616771698,0.03973918408155441,0.0,0.0,0.0,0.0
167.879,0.009999999776482582,-0.009999999776482582,0.019999999552965164,datactrl_ref_vx_fallback,states_vx_gs,0.029238013550639153,datactrl_est_theta_fallback,0.02643328532576561,0.3900611548888062,0.22520195437981397,0.5199716513936793,0.520191428309804,0.520220706034042,0.5199423736694413,0.5198729437523468,0.5202901359511365,0.0,0.0,0.0,0.0,0.009999999776482582,0.0,0.0,0.0,0.0,0.0,0.029238013550639153,0.029238013550639153,0.0,0.0,0.0,0.0
167.978,0.009999999776482582,-0.009999999776482582,0.019999999552965164,datactrl_ref_vx_fallback,states_vx_gs,0.028736840933561325,datactrl_est_theta_fallback,0.01594468578696251,0.39006196483011357,0.22520255300502068,0.5202870932654564,0.5198781462815132,0.5196921749896587,0.5204730645573109,0.5204242636525066,0.519740975894463,0.0,0.0,0.0,0.0,0.009999999776482582,0.0,0.0,0.0,0.0,0.0,0.028736840933561325,0.028736840933561325,0.0,0.0,0.0,0.0
168.078,0.009999999776482582,-0.009999999776482582,0.019999999552965164,datactrl_ref_vx_fallback,states_vx_gs,0.028235668316483498,datactrl_est_theta_fallback,-0.012242425233125687,0.39006277477142093,0.22520285586512107,0.5201256263308668,0.5200417730595891,0.5200094178363978,0.5201579815540581,0.5201665675516637,0.5200008318387922,0.0,0.0,0.0,0.0,0.009999999776482582,0.0,0.0,0.0,0.0,0.0,0.028235668316483498,0.028235668316483498,0.0,0.0,0.0,0.0
168.178,0.009999999776482582,-0.009999999776482582,0.019999999552965164,datactrl_ref_vx_fallback,states_vx_gs,0.02773449569940567,datactrl_est_theta_fallback,-0.01200167927891016,0.3900635847127283,0.2252034870643666,0.5198676068414605,0.5203019523924817,0.5204499163797208,0.5197196428542213,0.5197265017829559,0.5204430574509863,0.0,0.0,0.0,0.0,0.009999999776482582,0.0,0.0,0.0,0.0,0.0,0.02773449569940567,0.02773449569940567,0.0,0.0,0.0,0.0
168.278,0.009999999776482582,-0.009999999776482582,0.019999999552965164,datactrl_ref_vx_fallback,states_vx_gs,-0.009999999776482582,states_theta,-0.01302300300449133,0.3900779406341487,0.2252116084499617,0.5201182084547615,0.5200896332363016,0.5200819403663274,0.5201259013247358,0.5201892204757591,0.5200186212153041,0.0,0.0,0.0,0.0,0.009999999776482582,0.0,0.0,0.0,0.0,0.0,0.027233324944972992,0.037233322858810425,0.0,0.0,0.0,0.0
168.378,0.009999999776482582,-0.009999999776482582,0.019999999552965164,datactrl_ref_vx_fallback,states_vx_gs,-0.009999999776482582,states_theta,-0.001478599151596427,0.3900788856300953,0.22521231542872963,0.5203074786550703,0.5199028830251837,0.5197659674313472,0.5204443942489069,0.5204829908186787,0.5197273708615754,0.0,0.0,0.0,0.0,0.009999999776482582,0.0,0.0,0.0,0.0,0.0,0.026732152327895164,0.03673215210437775,0.0,0.0,0.0,0.0
168.479,0.009999999776482582,-0.009999999776482582,0.019999999552965164,datactrl_ref_vx_fallback,states_vx_gs,-0.009999999776482582,states_theta,0.0040001459419727325,0.39007983062604185,0.22521270171781724,0.5200895737004823,0.5201233079689627,0.5201940901332974,0.5200187915361475,0.5200452449824896,0.5201676366869553,0.0,0.0,0.0,0.0,0.009999999776482582,0.0,0.0,0.0,0.0,0.0,0.026230979710817337,0.03623097762465477,0.0,0.0,0.0,0.0
168.578,0.009999999776482582,-0.009999999776482582,0.019999999552965164,datactrl_ref_vx_fallback,states_vx_gs,-0.009999999776482582,states_theta,0.0040022460743784904,0.3900807756219884,0.22521344405880125,0.5198758024961461,0.5203395991624897,0.5205155567884228,0.519699844870213,0.519725510408859,0.5204898912497768,0.0,0.0,0.0,0.0,0.009999999776482582,0.0,0.0,0.0,0.0,0.0,0.02572980709373951,0.03572980687022209,0.0,0.0,0.0,0.0
168.678,0.009999999776482582,-0.009999999776482582,0.019999999552965164,datactrl_ref_vx_fallback,states_vx_gs,0.025228634476661682,datactrl_est_theta_fallback,0.00400148332118988,0.390081720617935,0.22521378942009584,0.5200884465043024,0.5201294751435243,0.5200459125939842,0.5201720090538424,0.5201411621006586,0.520076759547168,0.0,0.0,0.0,0.0,0.009999999776482582,0.0,0.0,0.0,0.0,0.0,0.025228634476661682,0.025228634476661682,0.0,0.0,0.0,0.0
168.775,0.009999999776482582,-0.009999999776482582,0.019999999552965164,datactrl_ref_vx_fallback,states_vx_gs,-0.009999999776482582,states_theta,-0.027444414794445038,0.3900826656138816,0.2252144843388698,0.5203043748443181,0.5199160667926994,0.5198134637166054,0.5204069779204121,0.5204958548683838,0.5197245867686338,0.0,0.0,0.0,0.0,0.009999999776482582,0.0,0.0,0.0,0.0,0.0,0.024727463722229004,0.03472746163606644,0.0,0.0,0.0,0.0
168.88,0.009999999776482582,-0.009999999776482582,0.019999999552965164,datactrl_ref_vx_fallback,states_vx_gs,-0.009999999776482582,states_theta,-0.03404881805181503,0.39008361060982816,0.22521490635537847,0.5200465014364757,0.5201764601897327,0.520307996030368,0.5199149655958404,0.5200167026640303,0.5202062589621781,0.0,0.0,0.0,0.0,0.009999999776482582,0.0,0.0,0.0,0.0,0.0,0.024226291105151176,0.03422629088163376,0.0,0.0,0.0,0.0
168.979,0.009999999776482582,-0.009999999776482582,0.019999999552965164,datactrl_ref_vx_fallback,states_vx_gs,-0.009999999776482582,states_theta,0.03542238846421242,0.3900845556057747,0.22521553914237585,0.5199219520829297,0.5203035295324696,0.5203838589293434,0.5198416226860559,0.5197980719059031,0.5204274097094962,0.0,0.0,0.0,0.0,0.009999999776482582,0.0,0.0,0.0,0.0,0.0,0.02372511848807335,0.03372511640191078,0.0,0.0,0.0,0.0
169.08,0.009999999776482582,-0.009999999776482582,0.019999999552965164,datactrl_ref_vx_fallback,states_vx_gs,0.02322394587099552,datactrl_est_theta_fallback,0.0376848503947258,0.3900855006017213,0.2252160489891407,0.5202372870491017,0.5199907145554885,0.5198128130922419,0.5204151885123482,0.520310476381914,0.5199175252226762,0.0,0.0,0.0,0.0,0.009999999776482582,0.0,0.0,0.0,0.0,0.0,0.02322394587099552,0.02322394587099552,0.0,0.0,0.0,0.0
169.18,0.009999999776482582,-0.009999999776482582,0.019999999552965164,datactrl_ref_vx_fallback,states_vx_gs,0.022722773253917694,datactrl_est_theta_fallback,0.003702775575220585,0.3900864455976679,0.22521661340174517,0.5202826403361894,0.5199478812575916,0.519823812683648,0.5204067089101331,0.5203711227296132,0.5198593988641679,0.0,0.0,0.0,0.0,0.009999999776482582,0.0,0.0,0.0,0.0,0.0,0.022722773253917694,0.022722773253917694,0.0,0.0,0.0,0.0
169.28,0.009999999776482582,-0.009999999776482582,0.019999999552965164,datactrl_ref_vx_fallback,states_vx_gs,0.022221602499485016,datactrl_est_theta_fallback,0.0005871119210496545,0.390073763580718,0.22520928106018673,0.5199504956582615,0.5202462072236531,0.5203451303559712,0.5198515725259434,0.5198209298876668,0.5203757729942478,0.0,0.0,0.0,0.0,0.009999999776482582,0.0,0.0,0.0,0.0,0.0,0.022221602499485016,0.022221602499485016,0.0,0.0,0.0,0.0
169.38,0.009999999776482582,-0.009999999776482582,0.019999999552965164,datactrl_ref_vx_fallback,states_vx_gs,0.02172042988240719,datactrl_est_theta_fallback,-0.017155442386865616,0.39007457352202535,0.225209806498027,0.5198985369401472,0.5203003257852536,0.520436077002821,0.5197627857225798,0.5197674602709305,0.5204314024544704,0.0,0.0,0.0,0.0,0.009999999776482582,0.0,0.0,0.0,0.0,0.0,0.02172042988240719,0.02172042988240719,0.0,0.0,0.0,0.0
169.48,0.009999999776482582,-0.009999999776482582,0.019999999552965164,datactrl_ref_vx_fallback,states_vx_gs,-0.009999999776482582,states_theta,-0.01653030328452587,0.3900753834633327,0.22521019382680682,0.5202338715575718,0.5199671510113153,0.519906000952556,0.5202950216163311,0.5203527334984963,0.5198482890703908,0.0,0.0,0.0,0.0,0.009999999776482582,0.0,0.0,0.0,0.0,0.0,0.02121925726532936,0.031219257041811943,0.0,0.0,0.0,0.0
169.581,0.009999999776482582,-0.009999999776482582,0.019999999552965164,datactrl_ref_vx_fallback,states_vx_gs,-0.009999999776482582,states_theta,0.018724771216511726,0.39007619340464006,0.22521070016167946,0.5202877804545669,0.5199154019578065,0.5198156245900484,0.520387557822325,0.5203709320836923,0.5198322503286811,0.0,0.0,0.0,0.0,0.009999999776482582,0.0,0.0,0.0,0.0,0.0,0.020718084648251534,0.030718084424734116,0.0,0.0,0.0,0.0
169.68,0.009999999776482582,-0.009999999776482582,0.019999999552965164,datactrl_ref_vx_fallback,states_vx_gs,0.020166795700788498,datactrl_est_theta_fallback,0.013060048222541809,0.39004978932136436,0.22519550440804334,0.5198762821415543,0.520256489382084,0.5203807693601669,0.5197520021634715,0.5196900263352927,0.5204427451883457,0.0,0.0,0.0,0.0,0.009999999776482582,0.0,0.0,0.0,0.0,0.0,0.020166795700788498,0.020166795700788498,0.0,0.0,0.0,0.0
169.78,0.009999999776482582,-0.009999999776482582,0.019999999552965164,datactrl_ref_vx_fallback,states_vx_gs,-0.009999999776482582,states_theta,-0.018450133502483368,0.39005032928226513,0.22519567997279868,0.5199877923900392,0.5201464190293345,0.5202038165041333,0.5199303949152404,0.5199877189178551,0.5201464925015186,0.0,0.0,0.0,0.0,0.009999999776482582,0.0,0.0,0.0,0.0,0.0,0.01966562308371067,0.029665622860193253,0.0,0.0,0.0,0.0
169.88,0.009999999776482582,-0.009999999776482582,0.019999999552965164,datactrl_ref_vx_fallback,states_vx_gs,-0.009999999776482582,states_theta,-0.0007028566906228662,0.3900238172024438,0.2251805617820338,0.5202636717466761,0.519799840793174,0.519643280351166,0.520420232188684,0.520439521735023,0.5196239908048271,0.0,0.0,0.0,0.0,0.009999999776482582,0.0,0.0,0.0,0.0,0.0,0.019164450466632843,0.029164450243115425,0.0,0.0,0.0,0.0
169.98,0.009999999776482582,-0.009999999776482582,0.019999999552965164,datactrl_ref_vx_fallback,states_vx_gs,0.018663279712200165,datactrl_est_theta_fallback,0.018145574256777763,0.39002408718289416,0.22518052122462706,0.5200978878187129,0.5199663446690049,0.5199236168972963,0.5201406155904216,0.5200639622927399,0.520000270194978,0.0,0.0,0.0,0.0,0.009999999776482582,0.0,0.0,0.0,0.0,0.0,0.018663279712200165,0.018663279712200165,0.0,0.0,0.0,0.0
170.081,0.009999999776482582,-0.009999999776482582,0.019999999552965164,datactrl_ref_vx_fallback,states_vx_gs,0.018162107095122337,datactrl_est_theta_fallback,-0.009182716719806194,0.39002435716334444,0.22518098340296014,0.5197365512568273,0.5203284011787579,0.5205121299619044,0.5195528224736807,0.5195312127208895,0.5205337397146956,0.0,0.0,0.0,0.0,0.009999999776482582,0.0,0.0,0.0,0.0,0.0,0.018162107095122337,0.018162107095122337,0.0,0.0,0.0,0.0
170.18,0.009999999776482582,-0.009999999776482582,0.019999999552965164,datactrl_ref_vx_fallback,states_vx_gs,-0.009999999776482582,states_theta,-0.03904089704155922,0.38999744011284765,0.22516515993867517,0.5198760728186483,0.5201171008156121,0.5201857739484366,0.5198073996858239,0.5199019330097803,0.5200912406244802,0.0,0.0,0.0,0.0,0.009999999776482582,0.0,0.0,0.0,0.0,0.0,0.01766093447804451,0.027660934254527092,0.0,0.0,0.0,0.0
170.282,0.009999999776482582,-0.009999999776482582,0.019999999552965164,datactrl_ref_vx_fallback,states_vx_gs,-0.009999999776482582,states_theta,-0.027669554576277733,0.38998385362073473,0.2251575457526906,0.5202311412027549,0.519725801785871,0.5195620390194817,0.5203949039691442,0.5204645438558222,0.5194923991328038,0.0,0.0,0.0,0.0,0.009999999776482582,0.0,0.0,0.0,0.0,0.0,0.017159761860966682,0.027159761637449265,0.0,0.0,0.0,0.0
170.38,0.009999999776482582,-0.009999999776482582,0.019999999552965164,datactrl_ref_vx_fallback,states_vx_gs,-0.009999999776482582,states_theta,-0.0008159599965438247,0.3899837185661391,0.2251572337892766,0.5200803337345267,0.519876249108511,0.5198404135110313,0.5201161693320064,0.5201287087492004,0.5198278740938373,0.0,0.0,0.0,0.0,0.009999999776482582,0.0,0.0,0.0,0.0,0.0,0.016658589243888855,0.026658589020371437,0.0,0.0,0.0,0.0
170.482,0.009999999776482582,-0.009999999776482582,0.019999999552965164,datactrl_ref_vx_fallback,states_vx_gs,-0.009999999776482582,states_theta,-0.0010003997012972832,0.3899564774747315,0.2251416914367885,0.5196946602410765,0.5201892796915409,0.5203506162409722,0.5195333236916452,0.5195449323610998,0.5203390075715176,0.0,0.0,0.0,0.0,0.009999999776482582,0.0,0.0,0.0,0.0,0.0,0.016157418489456177,0.02615741826593876,0.0,0.0,0.0,0.0
170.582,0.009999999776482582,-0.009999999776482582,0.019999999552965164,datactrl_ref_vx_fallback,states_vx_gs,-0.009999999776482582,states_theta,-0.0019487334648147225,0.3899560724396856,0.22514124412210462,0.5199337219149083,0.5199491379242533,0.5199233105922337,0.5199595492469279,0.519971787114969,0.5199110727241926,0.0,0.0,0.0,0.0,0.009999999776482582,0.0,0.0,0.0,0.0,0.0,0.01565624587237835,0.02565624564886093,0.0,0.0,0.0,0.0
170.682,0.009999999776482582,-0.009999999776482582,0.019999999552965164,datactrl_ref_vx_fallback,states_vx_gs,-0.009999999776482582,states_theta,0.014519608579576015,0.38992858836587274,0.22512559065037865,0.5201606453175833,0.5196489236580772,0.5194919651245374,0.5203176038511231,0.5202942432578922,0.5195153257177684,0.0,0.0,0.0,0.0,0.009999999776482582,0.0,0.0,0.0,0.0,0.0,0.015155073255300522,0.025155073031783104,0.0,0.0,0.0,0.0
170.782,0.009999999776482582,-0.009999999776482582,0.019999999552965164,datactrl_ref_vx_fallback,states_vx_gs,-0.009999999776482582,states_theta,0.015988130122423172,0.38992791335037646,0.22512499126505237,0.5199088457786312,0.5198989231557061,0.5199590589881432,0.519848709946194,0.5198208996553807,0.5199868692789565,0.0,0.0,0.0,0.0,0.009999999776482582,0.0,0.0,0.0,0.0,0.0,0.014653900638222694,0.024653900414705276,0.0,0.0,0.0,0.0
170.881,0.009999999776482582,-0.009999999776482582,0.019999999552965164,datactrl_ref_vx_fallback,states_vx_gs,-0.009999999776482582,states_theta,-0.0018847989849746227,0.3899272383348802,0.2251248017967731,0.5196723865499252,0.5201335823430887,0.520305313832444,0.5195006550605699,0.5195085677478866,0.5202974011451273,0.0,0.0,0.0,0.0,0.009999999776482582,0.0,0.0,0.0,0.0,0.0,0.014152728952467442,0.02415272779762745,0.0,0.0,0.0,0.0
170.981,0.009999999776482582,-0.009999999776482582,0.019999999552965164,datactrl_ref_vx_fallback,states_vx_gs,-0.009999999776482582,states_theta,-0.0025536767207086086,0.38991292280543266,0.22511633853225482,0.5199117326941113,0.5198560614537092,0.5198076239265595,0.519960170221261,0.519968020157357,0.5197997739904635,0.0,0.0,0.0,0.0,0.009999999776482582,0.0,0.0,0.0,0.0,0.0,0.013651556335389614,0.02365155704319477,0.0,0.0,0.0,0.0
171.082,0.009999999776482582,-0.009999999776482582,0.019999999552965164,datactrl_ref_vx_fallback,states_vx_gs,-0.009999999776482582,states_theta,-0.0029990391340106726,0.38988489871074916,0.2251003705263768,0.5200959375897639,0.5195971256389006,0.5194423243340872,0.5202507388945773,0.5202580337337225,0.519435029494942,0.0,0.0,0.0,0.0,0.009999999776482582,0.0,0.0,0.0,0.0,0.0,0.013150384649634361,0.023150384426116943,0.0,0.0,0.0,0.0
171.182,0.009999999776482582,-0.009999999776482582,0.019999999552965164,datactrl_ref_vx_fallback,states_vx_gs,-0.009999999776482582,states_theta,-0.003001173958182335,0.38988381866025074,0.22509952960317345,0.5198838427273891,0.5198063403666129,0.5198795125161356,0.5198106705778663,0.5198164613115747,0.5198737217824273,0.0,0.0,0.0,0.0,0.009999999776482582,0.0,0.0,0.0,0.0,0.0,0.012649212032556534,0.022649211809039116,0.0,0.0,0.0,0.0
171.283,0.0,0.0,0.0,datactrl_ref_vx_fallback,datactrl_est_vx_fallback,-0.009999999776482582,states_theta,-0.0030011122580617666,0.3898557135627053,0.2250834345348872,0.5196565066236157,0.5199587295435985,0.5201912940356959,0.5194239421315183,0.5195428486386577,0.5200723875285564,0.0,0.0,0.0,0.0,0.0,0.0,0.0,0.0,0.0,0.0,0.03271133825182915,0.04271133989095688,0.0,0.0,0.0,0.0
171.382,0.0,0.0,0.0,datactrl_ref_vx_fallback,datactrl_est_vx_fallback,-0.009999999776482582,states_theta,-0.0005137965781614184,0.3898543635317128,0.2250825425928345,0.5196383065712321,0.5199733295133354,0.5199010661544525,0.519710569930115,0.5198266739514712,0.5197849621330963,0.0,0.0,0.0,0.0,0.0,0.0,0.0,0.0,0.0,0.0,0.03271133825182915,0.04271133989095688,0.0,0.0,0.0,0.0
171.482,0.0,0.0,0.0,datactrl_ref_vx_fallback,datactrl_est_vx_fallback,0.03271133825182915,datactrl_est_theta_fallback,0.07205728441476822,0.3898530135007203,0.22508177364100393,0.5196438040514577,0.5199642319504632,0.5196440625067204,0.5199639734952005,0.519876127596172,0.5197319084057489,0.0,0.0,0.0,0.0,0.0,0.0,0.0,0.0,0.0,0.0,0.03271133825182915,0.03271133825182915,0.0,0.0,0.0,0.0
171.583,0.0,0.0,0.0,datactrl_ref_vx_fallback,datactrl_est_vx_fallback,0.03271133825182915,datactrl_est_theta_fallback,0.07201637327671051,0.3898516634697278,0.22508101725244017,0.5196316213107607,0.5199728146085135,0.5195787364026317,0.5200256995166425,0.5199397517066847,0.5196646842125895,0.0,0.0,0.0,0.0,0.0,0.0,0.0,0.0,0.0,0.0,0.03271133825182915,0.03271133825182915,0.0,0.0,0.0,0.0
171.683,0.0,0.0,0.0,datactrl_ref_vx_fallback,datactrl_est_vx_fallback,0.03271133825182915,datactrl_est_theta_fallback,0.00823917891830206,0.38985031343873533,0.2250802191483636,0.5196185516020781,0.5199822842345494,0.5197019336129913,0.5198989022236362,0.5199473258686873,0.5196535099679402,0.0,0.0,0.0,0.0,0.0,0.0,0.0,0.0,0.0,0.0,0.03271133825182915,0.03271133825182915,0.0,0.0,0.0,0.0
171.782,0.0,0.0,0.0,datactrl_ref_vx_fallback,datactrl_est_vx_fallback,0.03271133825182915,datactrl_est_theta_fallback,-0.09947898983955383,0.38984896340774283,0.2250794504354958,0.519584252504911,0.5200129832490699,0.5199442989658142,0.5196529367881667,0.5199270615015256,0.5196701742524553,0.0,0.0,0.0,0.0,0.0,0.0,0.0,0.0,0.0,0.0,0.03271133825182915,0.03271133825182915,0.0,0.0,0.0,0.0
171.884,0.0,0.0,0.0,datactrl_ref_vx_fallback,datactrl_est_vx_fallback,-0.009999999776482582,states_theta,-0.10005464404821396,0.38984761337675033,0.22507866772196655,0.5197939203538449,0.5197997153174894,0.5198576645174274,0.5197359711539068,0.5200689744144148,0.5195246612569194,0.0,0.0,0.0,0.0,0.0,0.0,0.0,0.0,0.0,0.0,0.03271133825182915,0.04271133989095688,0.0,0.0,0.0,0.0
171.984,0.0,0.0,0.0,datactrl_ref_vx_fallback,datactrl_est_vx_fallback,-0.019999999552965164,states_theta,0.019341005012392998,0.38984626334575784,0.22507785154589516,0.5198256240834652,0.5197644115052223,0.5198513847826675,0.5197386508060201,0.5198817312022433,0.5197083043864442,0.0,0.0,0.0,0.0,0.0,0.0,0.0,0.0,0.0,0.0,0.03271133825182915,0.05271133780479431,0.0,0.0,0.0,0.0
172.083,0.0,0.0,0.0,datactrl_ref_vx_fallback,datactrl_est_vx_fallback,0.03271133825182915,datactrl_est_theta_fallback,0.12849226593971252,0.38987201935596044,0.22509275215153252,0.5198060168713794,0.5198527014111818,0.5198869432677283,0.5197717750148328,0.5195794493856268,0.5200792688969343,0.0,0.0,0.0,0.0,0.0,0.0,0.0,0.0,0.0,0.0,0.03271133825182915,0.03271133825182915,0.0,0.0,0.0,0.0
172.184,0.0,0.0,0.0,datactrl_ref_vx_fallback,datactrl_est_vx_fallback,0.03271133825182915,datactrl_est_theta_fallback,0.027481354773044586,0.389870939305462,0.2250920953748721,0.5198140812811043,0.5198417568667943,0.5198930173586832,0.5197628207892154,0.5197822554501229,0.5198735826977757,0.0,0.0,0.0,0.0,0.0,0.0,0.0,0.0,0.0,0.0,0.03271133825182915,0.03271133825182915,0.0,0.0,0.0,0.0
172.284,0.0,0.0,0.0,datactrl_ref_vx_fallback,datactrl_est_vx_fallback,0.03271133825182915,datactrl_est_theta_fallback,-0.06228215992450714,0.39027453628290965,0.22532512307409552,0.5204142639354726,0.5203178328189532,0.5204367397132048,0.520295357041221,0.5205031747176774,0.5202289220367484,0.0,0.0,0.0,0.0,0.0,0.0,0.0,0.0,0.0,0.0,0.03271133825182915,0.03271133825182915,0.0,0.0,0.0,0.0
172.383,0.0,0.0,0.0,datactrl_ref_vx_fallback,datactrl_est_vx_fallback,-0.009999999776482582,states_theta,-0.06154412776231766,0.38991375869146333,0.2251168395218702,0.5199576993351422,0.5198123238420933,0.5199590764341634,0.5198109467430722,0.5200748016808673,0.5196952214963683,0.0,0.0,0.0,0.0,0.0,0.0,0.0,0.0,0.0,0.0,0.03271133825182915,0.04271133989095688,0.0,0.0,0.0,0.0
172.484,0.0,0.0,0.0,datactrl_ref_vx_fallback,datactrl_est_vx_fallback,-0.009999999776482582,states_theta,0.06116344779729843,0.3899130836759671,0.22511643037274887,0.5199726652772513,0.5197955578586609,0.5199338329884476,0.5198343901474646,0.5198455694690819,0.5199226536668303,0.0,0.0,0.0,0.0,0.0,0.0,0.0,0.0,0.0,0.0,0.03271133825182915,0.04271133989095688,0.0,0.0,0.0,0.0
172.584,0.0,0.0,0.0,datactrl_ref_vx_fallback,datactrl_est_vx_fallback,0.03271133825182915,datactrl_est_theta_fallback,0.14773325622081757,0.3902907836520637,0.22533453458682848,0.5204491237983547,0.5203262992738152,0.5204403999014662,0.5203350231707038,0.5201127133580548,0.5206627097141152,0.0,0.0,0.0,0.0,0.0,0.0,0.0,0.0,0.0,0.0,0.03271133825182915,0.03271133825182915,0.0,0.0,0.0,0.0
172.684,0.0,0.0,0.0,datactrl_ref_vx_fallback,datactrl_est_vx_fallback,0.009999999776482582,states_theta,0.14657455682754517,0.38994350167002334,0.22513405532014846,0.5200205155233262,0.5198288222634027,0.5199862667313213,0.5198630710554075,0.5195892798557173,0.5202600579310115,0.0,0.0,0.0,0.0,0.0,0.0,0.0,0.0,0.0,0.0,0.03271133825182915,0.022711340337991714,0.0,0.0,0.0,0.0
172.784,0.0,0.0,0.0,datactrl_ref_vx_fallback,datactrl_est_vx_fallback,0.019999999552965164,states_theta,0.007966410368680954,0.3899430966349774,0.22513377963478529,0.519877552564769,0.5199707051285041,0.5200574846619612,0.5197907730313118,0.5197504632128973,0.5200977944803757,0.0,0.0,0.0,0.0,0.0,0.0,0.0,0.0,0.0,0.0,0.03271133825182915,0.012711339630186558,0.0,0.0,0.0,0.0
172.885,0.0,0.0,0.0,datactrl_ref_vx_fallback,datactrl_est_vx_fallback,0.009999999776482582,states_theta,-0.10058183968067169,0.3899699056289237,0.22514926113213873,0.5198294713258904,0.5200902770179061,0.5200106137850589,0.5199091345587377,0.5201509561939959,0.5197687921498007,0.0,0.0,0.0,0.0,0.0,0.0,0.0,0.0,0.0,0.0,0.03271133825182915,0.022711340337991714,0.0,0.0,0.0,0.0
172.985,0.0,0.0,0.0,datactrl_ref_vx_fallback,datactrl_est_vx_fallback,0.009999999776482582,states_theta,0.07049280405044556,0.38996977057432813,0.22514932838565646,0.5200864739884542,0.5198329142097541,0.5195192127093593,0.520400175488849,0.5202876839284525,0.5196317042697558,0.0,0.0,0.0,0.0,0.0,0.0,0.0,0.0,0.0,0.0,0.03271133825182915,0.022711340337991714,0.0,0.0,0.0,0.0
173.085,0.0,0.0,0.0,datactrl_ref_vx_fallback,datactrl_est_vx_fallback,0.019999999552965164,states_theta,0.08901990950107574,0.3899832490227646,0.2251569466734002,0.520022748092664,0.5199325826347083,0.5198700750818617,0.5200852556455107,0.5198798122589803,0.5200755184683921,0.0,0.0,0.0,0.0,0.0,0.0,0.0,0.0,0.0,0.0,0.03271133825182915,0.012711339630186558,0.0,0.0,0.0,0.0
173.184,0.0,0.0,0.0,datactrl_ref_vx_fallback,datactrl_est_vx_fallback,0.019999999552965164,states_theta,-0.029908647760748863,0.3900104360537118,0.22517279840058663,0.5197983683200995,0.5202294611564653,0.5203925999057325,0.5196352295708323,0.5196776790839691,0.5203501503925957,0.0,0.0,0.0,0.0,0.0,0.0,0.0,0.0,0.0,0.0,0.03271133825182915,0.012711339630186558,0.0,0.0,0.0,0.0
173.285,0.009999999776482582,-0.009999999776482582,0.019999999552965164,datactrl_ref_vx_fallback,states_vx_gs,0.019999999552965164,states_theta,-0.0639161542057991,0.3900107060341621,0.2251727980831064,0.5200566573510992,0.5199718920733332,0.5199154441780223,0.5201131052464101,0.520114245632207,0.5199143037922254,0.0,0.0,0.0,0.0,0.009999999776482582,0.0,0.0,0.0,0.0,0.0,0.01239862572401762,-0.007601373363286257,0.0,0.0,0.0,0.0
173.385,0.009999999776482582,-0.009999999776482582,0.019999999552965164,datactrl_ref_vx_fallback,states_vx_gs,0.009999999776482582,states_theta,0.004117633681744337,0.3900381360475146,0.22518876948085198,0.5202518503362121,0.5198498457904934,0.5196754555406312,0.5204262405860743,0.5203386868759631,0.5197630092507425,0.0,0.0,0.0,0.0,0.009999999776482582,0.0,0.0,0.0,0.0,0.0,0.011897454038262367,0.0018974540289491415,0.0,0.0,0.0,0.0
173.485,0.009999999776482582,-0.009999999776482582,0.019999999552965164,datactrl_ref_vx_fallback,states_vx_gs,0.009999999776482582,states_theta,0.010968771763145924,0.39003867600841535,0.22518899125081043,0.5199348179153691,0.5201683181070718,0.5202030317130827,0.5199001043093582,0.5197956242758902,0.5203075117465507,0.0,0.0,0.0,0.0,0.009999999776482582,0.0,0.0,0.0,0.0,0.0,0.01139628142118454,0.0013962817611172795,0.0,0.0,0.0,0.0
173.585,0.009999999776482582,-0.009999999776482582,0.019999999552965164,datactrl_ref_vx_fallback,states_vx_gs,0.009999999776482582,states_theta,-0.042271681129932404,0.390066322001745,0.2252050772947415,0.5198548077451562,0.5203220509261638,0.5204589604508154,0.5197178982205046,0.5197213621187164,0.5204554965526036,0.0,0.0,0.0,0.0,0.009999999776482582,0.0,0.0,0.0,0.0,0.0,0.010895109735429287,0.0008951095514930785,0.0,0.0,0.0,0.0
173.685,0.009999999776482582,-0.009999999776482582,0.019999999552965164,datactrl_ref_vx_fallback,states_vx_gs,0.009999999776482582,states_theta,-0.04499106481671333,0.39006713194305237,0.22520540804761097,0.5201888495953629,0.5199901689194434,0.5199054303353955,0.5202735881794108,0.5202799621562156,0.5198990563585907,0.0,0.0,0.0,0.0,0.009999999776482582,0.0,0.0,0.0,0.0,0.0,0.01039393711835146,0.0003939372836612165,0.0,0.0,0.0,0.0
173.786,0.009999999776482582,-0.009999999776482582,0.019999999552965164,datactrl_ref_vx_fallback,states_vx_gs,0.009892764501273632,datactrl_est_theta_fallback,-0.04604213684797287,0.3900679418843597,0.22520590355900336,0.5202206485190056,0.519960529839287,0.5198852515382093,0.5202959268200833,0.5203574183307937,0.5198237600274989,0.0,0.0,0.0,0.0,0.009999999776482582,0.0,0.0,0.0,0.0,0.0,0.009892764501273632,0.009892764501273632,0.0,0.0,0.0,0.0
173.885,0.009999999776482582,-0.009999999776482582,0.019999999552965164,datactrl_ref_vx_fallback,states_vx_gs,0.00939159281551838,datactrl_est_theta_fallback,-0.04020237922668457,0.39008237883856356,0.22521426213480208,0.5199571727273848,0.5202625041754514,0.520405440273294,0.5198142366295422,0.5198613470777629,0.5203583298250734,0.0,0.0,0.0,0.0,0.009999999776482582,0.0,0.0,0.0,0.0,0.0,0.00939159281551838,0.00939159281551838,0.0,0.0,0.0,0.0
173.985,0.009999999776482582,-0.009999999776482582,0.019999999552965164,datactrl_ref_vx_fallback,states_vx_gs,0.008890420198440552,datactrl_est_theta_fallback,0.01022000890225172,0.3901104298669392,0.2252303761749063,0.5200854156658308,0.5202090639793404,0.5202184181313384,0.5200760615138328,0.5200160998575131,0.5202783797876581,0.0,0.0,0.0,0.0,0.009999999776482582,0.0,0.0,0.0,0.0,0.0,0.008890420198440552,0.008890420198440552,0.0,0.0,0.0,0.0
174.086,0.009999999776482582,-0.009999999776482582,0.019999999552965164,datactrl_ref_vx_fallback,states_vx_gs,0.008389248512685299,datactrl_est_theta_fallback,-0.0064825695008039474,0.39011164484329247,0.2252311528694796,0.5202653227258567,0.5200323968562566,0.5198633409188279,0.5204343786632853,0.5204068337544018,0.5198908858277115,0.0,0.0,0.0,0.0,0.009999999776482582,0.0,0.0,0.0,0.0,0.0,0.008389248512685299,0.008389248512685299,0.0,0.0,0.0,0.0
174.187,0.009999999776482582,-0.009999999776482582,0.019999999552965164,datactrl_ref_vx_fallback,states_vx_gs,0.007888075895607471,datactrl_est_theta_fallback,-0.02724594809114933,0.3901128598196457,0.22523177540604108,0.5202557182362311,0.5200452412828243,0.5200928906498308,0.5202080688692245,0.5202213531447644,0.520079606374291,0.0,0.0,0.0,0.0,0.009999999776482582,0.0,0.0,0.0,0.0,0.0,0.007888075895607471,0.007888075895607471,0.0,0.0,0.0,0.0
174.286,0.009999999776482582,-0.009999999776482582,0.019999999552965164,datactrl_ref_vx_fallback,states_vx_gs,0.007386903744190931,datactrl_est_theta_fallback,-0.01019748393446207,0.390114074795999,0.22523254451906738,0.520270077947032,0.5200341215089654,0.5203919231795011,0.5199122762764963,0.5198877715187902,0.5204164279372072,0.0,0.0,0.0,0.0,0.009999999776482582,0.0,0.0,0.0,0.0,0.0,0.007386903744190931,0.007386903744190931,0.0,0.0,0.0,0.0
174.386,0.009999999776482582,-0.009999999776482582,0.019999999552965164,datactrl_ref_vx_fallback,states_vx_gs,0.006885731592774391,datactrl_est_theta_fallback,-0.009026771411299706,0.3901152897723523,0.22523318184706032,0.5202920661762286,0.5200153732167109,0.5201945782931687,0.5201128610997707,0.5200835408165472,0.5202238985763923,0.0,0.0,0.0,0.0,0.009999999776482582,0.0,0.0,0.0,0.0,0.0,0.006885731592774391,0.006885731592774391,0.0,0.0,0.0,0.0
174.486,0.009999999776482582,-0.009999999776482582,0.019999999552965164,datactrl_ref_vx_fallback,states_vx_gs,0.006384558975696564,datactrl_est_theta_fallback,-0.027504583820700645,0.3901165047487056,0.22523395410825348,0.520360093789775,0.5199505855401065,0.5199227217547047,0.5203879575751769,0.5203946326842905,0.519916046645591,0.0,0.0,0.0,0.0,0.009999999776482582,0.0,0.0,0.0,0.0,0.0,0.006384558975696564,0.006384558975696564,0.0,0.0,0.0,0.0
174.586,0.009999999776482582,-0.009999999776482582,0.019999999552965164,datactrl_ref_vx_fallback,states_vx_gs,0.005883386824280024,datactrl_est_theta_fallback,-0.04686712473630905,0.39011771972505876,0.22523458625707393,0.5201358547860363,0.5201780644807871,0.520295302875913,0.5200186163909104,0.520063097991873,0.5202508212749504,0.0,0.0,0.0,0.0,0.009999999776482582,0.0,0.0,0.0,0.0,0.0,0.005883386824280024,0.005883386824280024,0.0,0.0,0.0,0.0
174.687,0.009999999776482582,-0.009999999776482582,0.019999999552965164,datactrl_ref_vx_fallback,states_vx_gs,-0.009999999776482582,states_theta,-0.015564097091555595,0.3901189347014121,0.22523539218510716,0.519981478194736,0.5203356810090297,0.5204787919641358,0.5198383672396298,0.5198709684676701,0.5204461907360955,0.0,0.0,0.0,0.0,0.009999999776482582,0.0,0.0,0.0,0.0,0.0,0.005382214672863483,0.015382214449346066,0.0,0.0,0.0,0.0
174.787,0.009999999776482582,-0.009999999776482582,0.019999999552965164,datactrl_ref_vx_fallback,states_vx_gs,-0.009999999776482582,states_theta,-0.010012231767177582,0.3901201496777654,0.22523598885565824,0.5201370126860624,0.5201833864546453,0.5200534212273685,0.5202669779133392,0.5202861007057321,0.5200342984349756,0.0,0.0,0.0,0.0,0.009999999776482582,0.0,0.0,0.0,0.0,0.0,0.004881042521446943,0.014881041832268238,0.0,0.0,0.0,0.0
174.887,0.009999999776482582,-0.009999999776482582,0.019999999552965164,datactrl_ref_vx_fallback,states_vx_gs,-0.009999999776482582,states_theta,0.002284155460074544,0.3900942316236489,0.22522111466702951,0.5201978384792045,0.5200534458505259,0.5198181331036459,0.5204331512260846,0.520424749581006,0.5198265347487244,0.0,0.0,0.0,0.0,0.009999999776482582,0.0,0.0,0.0,0.0,0.0,0.004379870370030403,0.014379870146512985,0.0,0.0,0.0,0.0
174.987,0.009999999776482582,-0.009999999776482582,0.019999999552965164,datactrl_ref_vx_fallback,states_vx_gs,-0.009999999776482582,states_theta,0.00753982737660408,0.3900951766195955,0.22522156098139454,0.520166393610044,0.5200874107088773,0.5201817182581312,0.5200720860607901,0.5200507660522606,0.5202030382666607,0.0,0.0,0.0,0.0,0.009999999776482582,0.0,0.0,0.0,0.0,0.0,0.0038786979857832193,0.013878697529435158,0.0,0.0,0.0,0.0
175.087,0.009999999776482582,-0.009999999776482582,0.019999999552965164,datactrl_ref_vx_fallback,states_vx_gs,-0.009999999776482582,states_theta,-0.019523516297340393,0.3900824810971817,0.22521428998594628,0.5201391054902137,0.5200808441022707,0.5203660674507804,0.519853882141704,0.5198867898062163,0.5203331597862682,0.0,0.0,0.0,0.0,0.009999999776482582,0.0,0.0,0.0,0.0,0.0,0.003377525834366679,0.013377525843679905,0.0,0.0,0.0,0.0
175.187,0.009999999776482582,-0.009999999776482582,0.019999999552965164,datactrl_ref_vx_fallback,states_vx_gs,-0.009999999776482582,states_theta,-0.0285879485309124,0.38970641604688494,0.22499712057699703,0.5196699726036876,0.5195471368546721,0.5195228280161764,0.5196942814421833,0.5197439789663106,0.5194731304920491,0.0,0.0,0.0,0.0,0.009999999776482582,0.0,0.0,0.0,0.0,0.0,0.002876353682950139,0.012876353226602077,0.0,0.0,0.0,0.0
175.287,0.009999999776482582,-0.009999999776482582,0.019999999552965164,datactrl_ref_vx_fallback,states_vx_gs,-0.009999999776482582,states_theta,-0.010629534721374512,0.3900527619552354,0.22519719026357762,0.5201561748086169,0.5199845237386777,0.5197480467033826,0.5203926518439119,0.5204029455162713,0.5197377530310232,0.0,0.0,0.0,0.0,0.009999999776482582,0.0,0.0,0.0,0.0,0.0,0.0023751812987029552,0.012375181540846825,0.0,0.0,0.0,0.0
175.388,0.0,0.0,0.0,datactrl_ref_vx_fallback,datactrl_est_vx_fallback,-0.009999999776482582,states_theta,-0.011004980653524399,0.3900533019161362,0.22519739430700578,0.5200931861165042,0.5200489523265256,0.5200349109374699,0.5201072275055599,0.5202324172127698,0.51990972123026,0.0,0.0,0.0,0.0,0.0,0.0,0.0,0.0,0.0,0.0,0.022637777030467987,0.03263777866959572,0.0,0.0,0.0,0.0
175.503,0.0,0.0,0.0,datactrl_ref_vx_fallback,datactrl_est_vx_fallback,-0.009999999776482582,states_theta,0.02244819514453411,0.38965090485447723,0.22496521001000985,0.5193339276306834,0.5197351519812559,0.5199078199052102,0.5191612597067291,0.519218727261132,0.5198503523508072,0.0,0.0,0.0,0.0,0.0,0.0,0.0,0.0,0.0,0.0,0.022637777030467987,0.03263777866959572,0.0,0.0,0.0,0.0
175.631,0.0,0.0,0.0,datactrl_ref_vx_fallback,datactrl_est_vx_fallback,-0.009999999776482582,states_theta,0.04522346332669258,0.3900242998265596,0.2251806529110813,0.5199583086244867,0.5201064909130056,0.5201558727772273,0.519908926760265,0.5199208657773626,0.5201439337601297,0.0,0.0,0.0,0.0,0.0,0.0,0.0,0.0,0.0,0.0,0.022637777030467987,0.03263777866959572,0.0,0.0,0.0,0.0
175.752,0.0,0.0,0.0,datactrl_ref_vx_fallback,datactrl_est_vx_fallback,0.022637777030467987,datactrl_est_theta_fallback,0.04497914761304855,0.3899974097741078,0.22516518982693967,0.5201453063222088,0.5198477864087454,0.5197291685260292,0.520263924204925,0.5202224772298674,0.5197706155010868,0.0,0.0,0.0,0.0,0.0,0.0,0.0,0.0,0.0,0.0,0.022637777030467987,0.022637777030467987,0.0,0.0,0.0,0.0
175.891,0.0,0.0,0.0,datactrl_ref_vx_fallback,datactrl_est_vx_fallback,0.022637777030467987,datactrl_est_theta_fallback,0.007681982591748238,0.3899838502929139,0.2251573668518901,0.5201250753637853,0.5198318587506517,0.5197396942754423,0.5202172398389947,0.5202545682858738,0.5197023658285632,0.0,0.0,0.0,0.0,0.0,0.0,0.0,0.0,0.0,0.0,0.022637777030467987,0.022637777030467987,0.0,0.0,0.0,0.0
175.943,0.0,0.0,0.0,datactrl_ref_vx_fallback,datactrl_est_vx_fallback,0.022637777030467987,datactrl_est_theta_fallback,0.007006320171058178,0.3899837152383184,0.22515735075342674,0.5197641937166868,0.5201923802521622,0.520329608619959,0.51962696534889,0.5196669528467429,0.5202896211221061,0.0,0.0,0.0,0.0,0.0,0.0,0.0,0.0,0.0,0.0,0.022637777030467987,0.022637777030467987,0.0,0.0,0.0,0.0
176.221,0.0,0.0,0.0,datactrl_ref_vx_fallback,datactrl_est_vx_fallback,0.022637777030467987,datactrl_est_theta_fallback,0.026003561913967133,0.3899561231079549,0.22514136743683855,0.5200675817534495,0.519815413201097,0.519664772985987,0.5202182219685595,0.5202212338663733,0.5196617610881732,0.0,0.0,0.0,0.0,0.0,0.0,0.0,0.0,0.0,0.0,0.022637777030467987,0.022637777030467987,0.0,0.0,0.0,0.0
176.506,0.0,0.0,0.0,datactrl_ref_vx_fallback,datactrl_est_vx_fallback,0.022637777030467987,datactrl_est_theta_fallback,0.02497647888958454,0.3899280450127809,0.22512518065796586,0.5197413737792321,0.5200667462548502,0.5202141986437617,0.5195939213903206,0.5196015774639434,0.5202065425701389,0.0,0.0,0.0,0.0,0.0,0.0,0.0,0.0,0.0,0.0,0.022637777030467987,0.022637777030467987,0.0,0.0,0.0,0.0
176.78,0.0,0.0,0.0,datactrl_ref_vx_fallback,datactrl_est_vx_fallback,0.009999999776482582,states_theta,0.026290398091077805,0.38991308147875625,0.22511656153237736,0.520064360756624,0.5197038565200593,0.5195308047479326,0.5202374125287508,0.5201890334899624,0.519579183786721,0.0,0.0,0.0,0.0,0.0,0.0,0.0,0.0,0.0,0.0,0.022637777030467987,0.012637777253985405,0.0,0.0,0.0,0.0
177.062,0.0,0.0,0.0,datactrl_ref_vx_fallback,datactrl_est_vx_fallback,0.009999999776482582,states_theta,-0.01185724139213562,0.38988403132965554,0.22509975420372624,0.5197347121206006,0.5199560380918142,0.520156562059762,0.5195341881526528,0.5195664984124605,0.5201242517999544,0.0,0.0,0.0,0.0,0.0,0.0,0.0,0.0,0.0,0.0,0.022637777030467987,0.012637777253985405,0.0,0.0,0.0,0.0
177.384,0.0,0.0,0.0,datactrl_ref_vx_fallback,datactrl_est_vx_fallback,0.009999999776482582,states_theta,0.004594931844621897,0.38985479218551294,0.22508283070782528,0.519736000911425,0.5198767782499428,0.5195761731885761,0.5200366059727918,0.5200361219442787,0.5195766572170891,0.0,0.0,0.0,0.0,0.0,0.0,0.0,0.0,0.0,0.0,0.022637777030467987,0.012637777253985405,0.0,0.0,0.0,0.0
177.657,0.009999999776482582,-0.009999999776482582,0.019999999552965164,datactrl_ref_vx_fallback,states_vx_gs,0.009999999776482582,states_theta,0.005001901648938656,0.38985209212352795,0.22508125514918267,0.5196364483231324,0.5199691306729421,0.5198973840981672,0.5197081948979073,0.5195928296318714,0.5200127493642032,0.0,0.0,0.0,0.0,0.009999999776482582,0.0,0.0,0.0,0.0,0.0,0.001974243437871337,-0.008025756105780602,0.0,0.0,0.0,0.0
177.873,0.009999999776482582,-0.009999999776482582,0.019999999552965164,datactrl_ref_vx_fallback,states_vx_gs,0.0014730712864547968,datactrl_est_theta_fallback,-0.12817910313606262,0.38984939206154295,0.2250796780093706,0.5196411579124696,0.5199572209183116,0.519921318399941,0.5196770604308402,0.5198882629251816,0.5197101159055996,0.0,0.0,0.0,0.0,0.009999999776482582,0.0,0.0,0.0,0.0,0.0,0.0014730712864547968,0.0014730712864547968,0.0,0.0,0.0,0.0
177.923,0.009999999776482582,-0.009999999776482582,0.019999999552965164,datactrl_ref_vx_fallback,states_vx_gs,0.0009718990768305957,datactrl_est_theta_fallback,-0.12817910313606262,0.38984939206154295,0.2250796780093706,0.5196411579124696,0.5199572209183116,0.519921318399941,0.5196770604308402,0.5198882629251816,0.5197101159055996,0.0,0.0,0.0,0.0,0.009999999776482582,0.0,0.0,0.0,0.0,0.0,0.0009718990768305957,0.0009718990768305957,0.0,0.0,0.0,0.0
178.228,0.0,0.0,0.0,datactrl_ref_vx_fallback,datactrl_est_vx_fallback,-0.019999999552965164,states_theta,-0.06442087143659592,0.3898738520239995,0.2250938102838861,0.5196881554584748,0.5199754499388572,0.519971560448815,0.5196920449485171,0.5199937378876925,0.5196698675096395,0.0,0.0,0.0,0.0,0.0,0.0,0.0,0.0,0.0,0.0,0.020683206617832184,0.04068320617079735,0.0,0.0,0.0,0.0
178.53,0.0,0.0,0.0,datactrl_ref_vx_fallback,datactrl_est_vx_fallback,0.020683206617832184,datactrl_est_theta_fallback,0.15199750661849976,0.3898987439593502,0.22510817548571738,0.5199623327485156,0.519767651143085,0.519656120804094,0.5200738630875066,0.5198181780252706,0.5199118058663299,0.0,0.0,0.0,0.0,0.0,0.0,0.0,0.0,0.0,0.0,0.020683206617832184,0.020683206617832184,0.0,0.0,0.0,0.0
178.812,0.0,0.0,0.0,datactrl_ref_vx_fallback,datactrl_est_vx_fallback,0.020683206617832184,datactrl_est_theta_fallback,-0.03341922163963318,0.38991454134400905,0.22511729900276056,0.520030148088386,0.5197419621623047,0.5200766139341455,0.5196954963165452,0.5198274854541101,0.5199446247965807,0.0,0.0,0.0,0.0,0.0,0.0,0.0,0.0,0.0,0.0,0.020683206617832184,0.020683206617832184,0.0,0.0,0.0,0.0
179.103,0.0,0.0,0.0,datactrl_ref_vx_fallback,datactrl_est_vx_fallback,0.019999999552965164,states_theta,0.07186809927225113,0.3903173613277479,0.22534984909705819,0.5203659490159509,0.5204803478580435,0.5202732889081552,0.5205730079658393,0.5203767716342462,0.5204695252397482,0.0,0.0,0.0,0.0,0.0,0.0,0.0,0.0,0.0,0.0,0.020683206617832184,0.0006832062499597669,0.0,0.0,0.0,0.0
179.402,0.009999999776482582,-0.009999999776482582,0.019999999552965164,datactrl_ref_vx_fallback,states_vx_gs,0.009999999776482582,states_theta,-0.034010160714387894,0.3899695692911147,0.22514908094355401,0.5199398577494198,0.5199789936935527,0.5201401317760206,0.5197787196669519,0.519739735345828,0.5201791160971445,0.0,0.0,0.0,0.0,0.009999999776482582,0.0,0.0,0.0,0.0,0.0,-0.00043138317414559424,-0.010431382805109024,0.0,0.0,0.0,0.0
179.686,0.009999999776482582,-0.009999999776482582,0.019999999552965164,datactrl_ref_vx_fallback,states_vx_gs,-0.0014337276807054877,datactrl_est_theta_fallback,-0.07301117479801178,0.38998289917949613,0.2251567912160024,0.5200873465156939,0.5198670512962957,0.5198099042268043,0.5201444935851853,0.5202357837992517,0.5197186140127379,0.0,0.0,0.0,0.0,0.009999999776482582,0.0,0.0,0.0,0.0,0.0,-0.0014337276807054877,-0.0014337276807054877,0.0,0.0,0.0,0.0
179.971,0.009999999776482582,-0.009999999776482582,0.019999999552965164,datactrl_ref_vx_fallback,states_vx_gs,-0.00243607209995389,datactrl_est_theta_fallback,0.001972715836018324,0.39001032919284856,0.22517259044184607,0.5199257551148811,0.5201017893993817,0.5200994829866884,0.5199280615275744,0.5198577305957227,0.5201698139185401,0.0,0.0,0.0,0.0,0.009999999776482582,0.0,0.0,0.0,0.0,0.0,-0.00243607209995389,-0.00243607209995389,0.0,0.0,0.0,0.0
180.257,0.009999999776482582,-0.009999999776482582,0.019999999552965164,datactrl_ref_vx_fallback,states_vx_gs,-0.003438416635617614,datactrl_est_theta_fallback,-0.05503074824810028,0.39003824517101165,0.22518878292810665,0.5202096095444623,0.5198923775782355,0.5197993213163964,0.5203026658063014,0.5203449331966356,0.5197570539260622,0.0,0.0,0.0,0.0,0.009999999776482582,0.0,0.0,0.0,0.0,0.0,-0.003438416635617614,-0.003438416635617614,0.0,0.0,0.0,0.0
180.539,0.009999999776482582,-0.009999999776482582,0.019999999552965164,datactrl_ref_vx_fallback,states_vx_gs,-0.009999999776482582,states_theta,-0.030205201357603073,0.39006659311348607,0.22520518711930637,0.5199164937847998,0.5202610878511631,0.5204348709229368,0.519742710713026,0.5197838101990014,0.5203937714369614,0.0,0.0,0.0,0.0,0.009999999776482582,0.0,0.0,0.0,0.0,0.0,-0.004440761171281338,0.005559238605201244,0.0,0.0,0.0,0.0
180.819,0.0,0.0,0.0,datactrl_ref_vx_fallback,datactrl_est_vx_fallback,-0.009999999776482582,states_theta,0.009032226167619228,0.3900817319652859,0.225213914850689,0.5202679688367503,0.5199499830706787,0.5198346562192924,0.5203832956881367,0.520454068294723,0.5197638836127061,0.0,0.0,0.0,0.0,0.0,0.0,0.0,0.0,0.0,0.0,0.015320663340389729,0.025320662185549736,0.0,0.0,0.0,0.0
181.089,0.0,0.0,0.0,datactrl_ref_vx_fallback,datactrl_est_vx_fallback,0.015320663340389729,datactrl_est_theta_fallback,0.054533783346414566,0.3901106739935267,0.2252306131190489,0.5199827321930242,0.5203123984563804,0.5203996414103722,0.5198954892390324,0.5198184047181538,0.5204767259312508,0.0,0.0,0.0,0.0,0.0,0.0,0.0,0.0,0.0,0.0,0.015320663340389729,0.015320663340389729,0.0,0.0,0.0,0.0
181.368,0.0,0.0,0.0,datactrl_ref_vx_fallback,datactrl_est_vx_fallback,0.015320663340389729,datactrl_est_theta_fallback,0.01966756582260132,0.3901131039462333,0.22523200389930473,0.5202670956711986,0.5200345148520902,0.5198633099096346,0.5204383006136541,0.5204353824850991,0.5198662280381896,0.0,0.0,0.0,0.0,0.0,0.0,0.0,0.0,0.0,0.0,0.015320663340389729,0.015320663340389729,0.0,0.0,0.0,0.0
181.626,0.0,0.0,0.0,datactrl_ref_vx_fallback,datactrl_est_vx_fallback,0.015320663340389729,datactrl_est_theta_fallback,0.0009053546818904579,0.3901155338989398,0.22523336397598517,0.5202858473122822,0.5200222430848906,0.5203752378769917,0.5199328525201812,0.5199706292328523,0.5203374611643206,0.0,0.0,0.0,0.0,0.0,0.0,0.0,0.0,0.0,0.0,0.015320663340389729,0.015320663340389729,0.0,0.0,0.0,0.0
181.935,0.0,0.0,0.0,datactrl_ref_vx_fallback,datactrl_est_vx_fallback,0.015320663340389729,datactrl_est_theta_fallback,0.03571667522192001,0.3901179638516464,0.22523479266113336,0.5203437886539384,0.5199707816171186,0.5199052435977316,0.5204093266733254,0.5203764477308035,0.5199381225402535,0.0,0.0,0.0,0.0,0.0,0.0,0.0,0.0,0.0,0.0,0.015320663340389729,0.015320663340389729,0.0,0.0,0.0,0.0
182.217,0.0,0.0,0.0,datactrl_ref_vx_fallback,datactrl_est_vx_fallback,0.009999999776482582,states_theta,0.015407448634505272,0.39009296379543584,0.22522036303970927,0.5200023255465537,0.5202455779079419,0.5203641315215258,0.5198837719329698,0.5198387125011642,0.5204091909533314,0.0,0.0,0.0,0.0,0.0,0.0,0.0,0.0,0.0,0.0,0.015320663340389729,0.005320663098245859,0.0,0.0,0.0,0.0
182.503,0.009999999776482582,-0.009999999776482582,0.019999999552965164,datactrl_ref_vx_fallback,states_vx_gs,-0.005844043102115393,datactrl_est_theta_fallback,-0.1051655039191246,0.39008109171979327,0.2252135791594966,0.5202308602623313,0.519985384323784,0.5198218766540074,0.520394367932108,0.5205368340151814,0.519679410570934,0.0,0.0,0.0,0.0,0.009999999776482582,0.0,0.0,0.0,0.0,0.0,-0.005844043102115393,-0.005844043102115393,0.0,0.0,0.0,0.0
182.763,0.009999999776482582,-0.009999999776482582,0.019999999552965164,datactrl_ref_vx_fallback,states_vx_gs,-0.00684638787060976,datactrl_est_theta_fallback,0.020817264914512634,0.3896769335999386,0.2249802798547235,0.5193343232869435,0.5198041663128928,0.5198885922755874,0.519249897324249,0.5191242541894945,0.5200142354103419,0.0,0.0,0.0,0.0,0.009999999776482582,0.0,0.0,0.0,0.0,0.0,-0.00684638787060976,-0.00684638787060976,0.0,0.0,0.0,0.0
183.04,0.0,0.0,0.0,datactrl_ref_vx_fallback,datactrl_est_vx_fallback,0.012463981285691261,datactrl_est_theta_fallback,-0.0010104009415954351,0.39002563749609576,0.22518144873366405,0.5201005313083321,0.5199678353479232,0.5198590583779795,0.5202093082782758,0.520235359991661,0.5198330066645943,0.0,0.0,0.0,0.0,0.0,0.0,0.0,0.0,0.0,0.0,0.012463981285691261,0.012463981285691261,0.0,0.0,0.0,0.0
183.354,0.0,0.0,0.0,datactrl_ref_vx_fallback,datactrl_est_vx_fallback,-0.009999999776482582,states_theta,-0.07803209871053696,0.3899853229655494,0.22515815893970495,0.5199508139529051,0.5200100472885599,0.5202007926659629,0.5197600685755022,0.5200036792757965,0.5199571819656685,0.0,0.0,0.0,0.0,0.0,0.0,0.0,0.0,0.0,0.0,0.012463981285691261,0.022463981062173843,0.0,0.0,0.0,0.0
183.626,0.0,0.0,0.0,datactrl_ref_vx_fallback,datactrl_est_vx_fallback,0.012463981285691261,datactrl_est_theta_fallback,0.11099688708782196,0.38995802781368133,0.22514246153334452,0.5200753991045972,0.5198126750652197,0.5195949407421359,0.520293133427681,0.5200908084132545,0.5197972657565624,0.0,0.0,0.0,0.0,0.0,0.0,0.0,0.0,0.0,0.0,0.012463981285691261,0.012463981285691261,0.0,0.0,0.0,0.0
183.907,0.0,0.0,0.0,datactrl_ref_vx_fallback,datactrl_est_vx_fallback,0.012463981285691261,datactrl_est_theta_fallback,-0.018703250214457512,0.38995646774359505,0.22514157942308466,0.5197689040383401,0.52011500994458,0.5202607537153695,0.5196231602675506,0.5196917935912676,0.5201921203916525,0.0,0.0,0.0,0.0,0.0,0.0,0.0,0.0,0.0,0.0,0.012463981285691261,0.012463981285691261,0.0,0.0,0.0,0.0
184.209,0.0,0.0,0.0,datactrl_ref_vx_fallback,datactrl_est_vx_fallback,0.012463981285691261,datactrl_est_theta_fallback,0.01600017584860325,0.38992811966797064,0.22512526091035304,0.5201062123574764,0.5197021067571119,0.5195565271447934,0.520251791969795,0.5202496772233106,0.5195586418912778,0.0,0.0,0.0,0.0,0.0,0.0,0.0,0.0,0.0,0.0,0.012463981285691261,0.012463981285691261,0.0,0.0,0.0,0.0
184.473,0.0,0.0,0.0,datactrl_ref_vx_fallback,datactrl_est_vx_fallback,0.012463981285691261,datactrl_est_theta_fallback,0.016005929559469223,0.3898858340527994,0.22510080686961284,0.5197142425107432,0.5199813149633886,0.5201559412999246,0.5195396161742072,0.5195388711165945,0.5201566863575373,0.0,0.0,0.0,0.0,0.0,0.0,0.0,0.0,0.0,0.0,0.012463981285691261,0.012463981285691261,0.0,0.0,0.0,0.0
184.745,0.0,0.0,0.0,datactrl_ref_vx_fallback,datactrl_est_vx_fallback,0.012463981285691261,datactrl_est_theta_fallback,0.015007006004452705,0.3898566489047556,0.22508393352638487,0.5198941834779494,0.5197235469347321,0.5195282786883565,0.520089451724325,0.5200921645371804,0.519525565875501,0.0,0.0,0.0,0.0,0.0,0.0,0.0,0.0,0.0,0.0,0.012463981285691261,0.012463981285691261,0.0,0.0,0.0,0.0
185.036,0.0,0.0,0.0,datactrl_ref_vx_fallback,datactrl_est_vx_fallback,0.012463981285691261,datactrl_est_theta_fallback,0.015005560591816902,0.3898539488427706,0.22508230764118842,0.5198848615922997,0.5197256686550884,0.5199474398754399,0.5196630903719482,0.519667187837176,0.5199433424102121,0.0,0.0,0.0,0.0,0.0,0.0,0.0,0.0,0.0,0.0,0.012463981285691261,0.012463981285691261,0.0,0.0,0.0,0.0
185.303,0.0,0.0,0.0,datactrl_ref_vx_fallback,datactrl_est_vx_fallback,0.009999999776482582,states_theta,0.015005560591816902,0.3898512487807856,0.22508078976157275,0.5198865055777311,0.5197168245043637,0.5200122443919427,0.5195910856901521,0.5195410837492035,0.5200622463328913,0.0,0.0,0.0,0.0,0.0,0.0,0.0,0.0,0.0,0.0,0.012463981285691261,0.0024639812763780355,0.0,0.0,0.0,0.0
185.587,0.0,0.0,0.0,datactrl_ref_vx_fallback,datactrl_est_vx_fallback,0.012463981285691261,datactrl_est_theta_fallback,-0.023148130625486374,0.3898485487188006,0.2250791986273089,0.5199207292257645,0.519675400691037,0.5196946107564671,0.5199015191603344,0.5199867940726479,0.5196093358441536,0.0,0.0,0.0,0.0,0.0,0.0,0.0,0.0,0.0,0.0,0.012463981285691261,0.012463981285691261,0.0,0.0,0.0,0.0
185.868,0.0,0.0,0.0,datactrl_ref_vx_fallback,datactrl_est_vx_fallback,0.012463981285691261,datactrl_est_theta_fallback,-0.020241638645529747,0.3898458486568156,0.22507766070879945,0.5199099411844469,0.5196789885670613,0.519631635043016,0.5199572947084922,0.520037910240904,0.5195510195106042,0.0,0.0,0.0,0.0,0.0,0.0,0.0,0.0,0.0,0.0,0.012463981285691261,0.012463981285691261,0.0,0.0,0.0,0.0
186.15,0.009999999776482582,-0.009999999776482582,0.019999999552965164,datactrl_ref_vx_fallback,states_vx_gs,0.009999999776482582,states_theta,0.012613699771463871,0.3898705786126185,0.22509196044615676,0.5198212268070018,0.5198336494933141,0.5199980213454651,0.5196568549548508,0.5194966777349554,0.5201581985653605,0.0,0.0,0.0,0.0,0.009999999776482582,0.0,0.0,0.0,0.0,0.0,-0.008500256575644016,-0.018500255420804024,0.0,0.0,0.0,0.0
186.435,0.009999999776482582,-0.009999999776482582,0.019999999552965164,datactrl_ref_vx_fallback,states_vx_gs,-0.009502600878477097,datactrl_est_theta_fallback,-0.16876645386219025,0.3899123810036693,0.22511604203575325,0.5198467601434059,0.5199195891997123,0.5200729630259266,0.5196933863171915,0.5199586849399109,0.5198076644032072,0.0,0.0,0.0,0.0,0.009999999776482582,0.0,0.0,0.0,0.0,0.0,-0.009502600878477097,-0.009502600878477097,0.0,0.0,0.0,0.0
186.71,0.009999999776482582,-0.009999999776482582,0.019999999552965164,datactrl_ref_vx_fallback,states_vx_gs,-0.010504945181310177,datactrl_est_theta_fallback,0.07030238211154938,0.39031761000302845,0.22535003243930285,0.5203222575156474,0.5205247024924284,0.5201299337058292,0.5207170263022467,0.5204797074273653,0.5203672525807106,0.0,0.0,0.0,0.0,0.009999999776482582,0.0,0.0,0.0,0.0,0.0,-0.010504945181310177,-0.010504945181310177,0.0,0.0,0.0,0.0
187.01,0.0,0.0,0.0,datactrl_ref_vx_fallback,datactrl_est_vx_fallback,0.009056010283529758,datactrl_est_theta_fallback,-0.0633242204785347,0.3899688249839955,0.22514862824039,0.5200884299598114,0.5198284366641766,0.5199550567614428,0.5199618098625451,0.5201101052948478,0.5198067613291402,0.0,0.0,0.0,0.0,0.0,0.0,0.0,0.0,0.0,0.0,0.009056010283529758,0.009056010283529758,0.0,0.0,0.0,0.0
187.23,0.0,0.0,0.0,datactrl_ref_vx_fallback,datactrl_est_vx_fallback,0.009056010283529758,datactrl_est_theta_fallback,0.027198921889066696,0.3899685548748043,0.22514849619178146,0.5198047141799598,0.5201114321528517,0.5200265560178055,0.519889590315006,0.5197240804061452,0.5201920659266663,0.0,0.0,0.0,0.0,0.0,0.0,0.0,0.0,0.0,0.0,0.009056010283529758,0.009056010283529758,0.0,0.0,0.0,0.0
187.282,0.0,0.0,0.0,datactrl_ref_vx_fallback,datactrl_est_vx_fallback,0.009056010283529758,datactrl_est_theta_fallback,0.08829842507839203,0.3899685548748043,0.22514849619178146,0.5198047141799598,0.5201114321528517,0.5200265560178055,0.519889590315006,0.5197240804061452,0.5201920659266663,0.0,0.0,0.0,0.0,0.0,0.0,0.0,0.0,0.0,0.0,0.009056010283529758,0.009056010283529758,0.0,0.0,0.0,0.0
187.561,0.0,0.0,0.0,datactrl_ref_vx_fallback,datactrl_est_vx_fallback,0.009056010283529758,datactrl_est_theta_fallback,-0.04521843418478966,0.39000930136119716,0.22517201333738981,0.5201346316219764,0.5198901720078828,0.5199147841107975,0.5201100195190617,0.5202230230719506,0.5198017805579086,0.0,0.0,0.0,0.0,0.0,0.0,0.0,0.0,0.0,0.0,0.009056010283529758,0.009056010283529758,0.0,0.0,0.0,0.0
187.848,0.0,0.0,0.0,datactrl_ref_vx_fallback,datactrl_est_vx_fallback,0.009056010283529758,datactrl_est_theta_fallback,0.030483586713671684,0.39003705535109007,0.22518806123648852,0.5198961949127885,0.520202619356785,0.5202373634930917,0.5198614507764818,0.5198181144976102,0.5202806997719633,0.0,0.0,0.0,0.0,0.0,0.0,0.0,0.0,0.0,0.0,0.009056010283529758,0.009056010283529758,0.0,0.0,0.0,0.0
188.153,0.0,0.0,0.0,datactrl_ref_vx_fallback,datactrl_est_vx_fallback,0.009056010283529758,datactrl_est_theta_fallback,-0.007471317425370216,0.39006526830336113,0.22520432163456183,0.5201962066525299,0.5199778421564332,0.5199493739222175,0.5202246748867455,0.5202612302692761,0.519912818539687,0.0,0.0,0.0,0.0,0.0,0.0,0.0,0.0,0.0,0.0,0.009056010283529758,0.009056010283529758,0.0,0.0,0.0,0.0
188.449,0.0,0.0,0.0,datactrl_ref_vx_fallback,datactrl_est_vx_fallback,0.009056010283529758,datactrl_est_theta_fallback,0.029267653822898865,0.39006688818597585,0.22520522423482808,0.5200568965801239,0.5201214719158117,0.520087341895612,0.5200910266003236,0.5200522253305202,0.5201261431654154,0.0,0.0,0.0,0.0,0.0,0.0,0.0,0.0,0.0,0.0,0.009056010283529758,0.009056010283529758,0.0,0.0,0.0,0.0
188.734,0.009999999776482582,-0.009999999776482582,0.019999999552965164,datactrl_ref_vx_fallback,states_vx_gs,-0.012208930216729641,datactrl_est_theta_fallback,-0.04676545038819313,0.39010930866701005,0.2252297185614358,0.5201364729802483,0.5201550167984451,0.5202068629172615,0.520084626861432,0.5200846973447367,0.5202067924339567,0.0,0.0,0.0,0.0,0.009999999776482582,0.0,0.0,0.0,0.0,0.0,-0.012208930216729641,-0.012208930216729641,0.0,0.0,0.0,0.0
189.033,0.009999999776482582,-0.009999999776482582,0.019999999552965164,datactrl_ref_vx_fallback,states_vx_gs,-0.013261392712593079,datactrl_est_theta_fallback,-0.04701744392514229,0.390111860117352,0.22523119043935913,0.5201305274351012,0.5201677662111707,0.5200957260379181,0.5202025676083538,0.520195846227229,0.5201024474190429,0.0,0.0,0.0,0.0,0.009999999776482582,0.0,0.0,0.0,0.0,0.0,-0.013261392712593079,-0.013261392712593079,0.0,0.0,0.0,0.0
189.316,0.0,0.0,0.0,datactrl_ref_vx_fallback,datactrl_est_vx_fallback,-0.009999999776482582,states_theta,-0.04781379550695419,0.39011429007005843,0.22523260197150846,0.5201703850902554,0.5201343884299005,0.5201728561487869,0.5201319173713689,0.5202942716915878,0.520010501828568,0.0,0.0,0.0,0.0,0.0,0.0,0.0,0.0,0.0,0.0,0.006750617641955614,0.01675061695277691,0.0,0.0,0.0,0.0
189.597,0.0,0.0,0.0,datactrl_ref_vx_fallback,datactrl_est_vx_fallback,-0.009999999776482582,states_theta,0.06621374189853668,0.3901167200227651,0.22523399915108946,0.5200670185991135,0.5202442347949267,0.5201208608317625,0.5201903925622777,0.5201176019126306,0.5201936514814096,0.0,0.0,0.0,0.0,0.0,0.0,0.0,0.0,0.0,0.0,0.006750617641955614,0.01675061695277691,0.0,0.0,0.0,0.0
189.896,0.0,0.0,0.0,datactrl_ref_vx_fallback,datactrl_est_vx_fallback,-0.009999999776482582,states_theta,-0.0936274304986,0.39011914997547154,0.2252354243393385,0.5200300287359463,0.5202877045319778,0.5202819347076062,0.5200357985603179,0.5202962015779753,0.5200215316899488,0.0,0.0,0.0,0.0,0.0,0.0,0.0,0.0,0.0,0.0,0.006750617641955614,0.01675061695277691,0.0,0.0,0.0,0.0
190.156,0.0,0.0,0.0,datactrl_ref_vx_fallback,datactrl_est_vx_fallback,0.006750617641955614,datactrl_est_theta_fallback,0.13660678267478943,0.3900944468977085,0.22522116136084575,0.5200936680776468,0.5201581903162426,0.5199144248007271,0.5203374335931622,0.5200654578469414,0.520186400546948,0.0,0.0,0.0,0.0,0.0,0.0,0.0,0.0,0.0,0.0,0.006750617641955614,0.006750617641955614,0.0,0.0,0.0,0.0
190.441,0.0,0.0,0.0,datactrl_ref_vx_fallback,datactrl_est_vx_fallback,0.006750617641955614,datactrl_est_theta_fallback,-0.06794093549251556,0.3900826693603133,0.22521434209281418,0.5201421105310343,0.5200783410964679,0.5202139080348432,0.520006543592659,0.5201604606126463,0.5200599910148559,0.0,0.0,0.0,0.0,0.0,0.0,0.0,0.0,0.0,0.0,0.006750617641955614,0.006750617641955614,0.0,0.0,0.0,0.0
190.722,0.0,0.0,0.0,datactrl_ref_vx_fallback,datactrl_est_vx_fallback,0.006750617641955614,datactrl_est_theta_fallback,0.027005333453416824,0.3900532172262016,0.2251975356697759,0.519855495989796,0.5202864166134084,0.5204516513748816,0.5196902612283227,0.5196475844461825,0.5204943281570218,0.0,0.0,0.0,0.0,0.0,0.0,0.0,0.0,0.0,0.0,0.006750617641955614,0.006750617641955614,0.0,0.0,0.0,0.0
191.017,0.0,0.0,0.0,datactrl_ref_vx_fallback,datactrl_est_vx_fallback,0.006750617641955614,datactrl_est_theta_fallback,0.008103366009891033,0.3900270291229207,0.22518236475391218,0.5202501360529465,0.5198219416081754,0.5196937770386494,0.5203783006224725,0.5203756591559958,0.519696418505126,0.0,0.0,0.0,0.0,0.0,0.0,0.0,0.0,0.0,0.0,0.006750617641955614,0.006750617641955614,0.0,0.0,0.0,0.0
191.283,0.0,0.0,0.0,datactrl_ref_vx_fallback,datactrl_est_vx_fallback,0.006750617641955614,datactrl_est_theta_fallback,0.007002560421824455,0.3899973010587615,0.22516525992424416,0.5197611550554119,0.5202316477679522,0.520401972271345,0.519590830552019,0.5195912253819318,0.5204015774414322,0.0,0.0,0.0,0.0,0.0,0.0,0.0,0.0,0.0,0.0,0.006750617641955614,0.006750617641955614,0.0,0.0,0.0,0.0
191.573,0.0,0.0,0.0,datactrl_ref_vx_fallback,datactrl_est_vx_fallback,0.006750617641955614,datactrl_est_theta_fallback,0.007002594880759716,0.3899835389956743,0.22515720298302636,0.5201466428907328,0.5198094610977321,0.5197003428919459,0.5202557610965189,0.5202569041693067,0.5196991998191581,0.0,0.0,0.0,0.0,0.0,0.0,0.0,0.0,0.0,0.0,0.006750617641955614,0.006750617641955614,0.0,0.0,0.0,0.0
191.848,0.0,0.0,0.0,datactrl_ref_vx_fallback,datactrl_est_vx_fallback,0.006750617641955614,datactrl_est_theta_fallback,0.007002594880759716,0.3899558388731308,0.2251411342447882,0.5198804245304885,0.5200018124645268,0.5200880132287514,0.5197942237662639,0.5197961151535079,0.5200861218415075,0.0,0.0,0.0,0.0,0.0,0.0,0.0,0.0,0.0,0.0,0.006750617641955614,0.006750617641955614,0.0,0.0,0.0,0.0
192.049,0.0,0.0,0.0,datactrl_ref_vx_fallback,datactrl_est_vx_fallback,0.006750617641955614,datactrl_est_theta_fallback,0.007002594880759716,0.38992765278577646,0.2251248854535194,0.5200024853359737,0.5198045887594303,0.519705277178031,0.5201017969173729,0.5201065840074159,0.519700490087988,0.0,0.0,0.0,0.0,0.0,0.0,0.0,0.0,0.0,0.0,0.006750617641955614,0.006750617641955614,0.0,0.0,0.0,0.0
192.1,0.0,0.0,0.0,datactrl_ref_vx_fallback,datactrl_est_vx_fallback,0.006750617641955614,datactrl_est_theta_fallback,0.005969432182610035,0.38992765278577646,0.2251248854535194,0.5200024853359737,0.5198045887594303,0.519705277178031,0.5201017969173729,0.5201065840074159,0.519700490087988,0.0,0.0,0.0,0.0,0.0,0.0,0.0,0.0,0.0,0.0,0.006750617641955614,0.006750617641955614,0.0,0.0,0.0,0.0
192.384,0.0,0.0,0.0,datactrl_ref_vx_fallback,datactrl_est_vx_fallback,0.006750617641955614,datactrl_est_theta_fallback,0.006002228707075119,0.38991266224083276,0.2251162961560932,0.5197118372740004,0.5200552620348871,0.5201852641140569,0.5195818351948306,0.5195873024328322,0.5201797968760552,0.0,0.0,0.0,0.0,0.0,0.0,0.0,0.0,0.0,0.0,0.006750617641955614,0.006750617641955614,0.0,0.0,0.0,0.0
192.665,0.0,0.0,0.0,datactrl_ref_vx_fallback,datactrl_est_vx_fallback,0.006750617641955614,datactrl_est_theta_fallback,0.006002222653478384,0.3898836120917321,0.22509956631356484,0.5200165200411656,0.5196731122034534,0.5194909366930084,0.5201986955516106,0.5202049111171748,0.5194847211274441,0.0,0.0,0.0,0.0,0.0,0.0,0.0,0.0,0.0,0.0,0.006750617641955614,0.006750617641955614,0.0,0.0,0.0,0.0
192.928,0.0,0.0,0.0,datactrl_ref_vx_fallback,datactrl_est_vx_fallback,0.006750617641955614,datactrl_est_theta_fallback,0.006002222653478384,0.38985439994563886,0.22508262084021385,0.5197330049914429,0.5198787281969274,0.5200694204839331,0.5195423127044372,0.5195492765844576,0.5200624566039127,0.0,0.0,0.0,0.0,0.0,0.0,0.0,0.0,0.0,0.0,0.006750617641955614,0.006750617641955614,0.0,0.0,0.0,0.0
193.203,0.0,0.0,0.0,datactrl_ref_vx_fallback,datactrl_est_vx_fallback,0.006750617641955614,datactrl_est_theta_fallback,0.005004568956792355,0.38985169988365387,0.22508100648897064,0.5197399867468808,0.5198645462761962,0.5196715150073008,0.5199330180157762,0.5199428037943203,0.5196617292287566,0.0,0.0,0.0,0.0,0.0,0.0,0.0,0.0,0.0,0.0,0.006750617641955614,0.006750617641955614,0.0,0.0,0.0,0.0
193.426,0.0,0.0,0.0,datactrl_ref_vx_fallback,datactrl_est_vx_fallback,0.009999999776482582,states_theta,0.005001826677471399,0.38985034985266137,0.22508023648254535,0.5197591443488464,0.5198417885915839,0.5196119854059603,0.51998894753447,0.5199435766897383,0.519657356250692,0.0,0.0,0.0,0.0,0.0,0.0,0.0,0.0,0.0,0.0,0.006750617641955614,-0.003249382134526968,0.0,0.0,0.0,0.0
193.487,0.0,0.0,0.0,datactrl_ref_vx_fallback,datactrl_est_vx_fallback,0.009999999776482582,states_theta,0.004596854094415903,0.3898489998216689,0.22507946812068522,0.5197102570289993,0.5198870758287844,0.5195907769924606,0.5200065558653231,0.5199618466411338,0.5196354862166499,0.0,0.0,0.0,0.0,0.0,0.0,0.0,0.0,0.0,0.0,0.006750617641955614,-0.003249382134526968,0.0,0.0,0.0,0.0
193.625,0.0,0.0,0.0,datactrl_ref_vx_fallback,datactrl_est_vx_fallback,0.006750617641955614,datactrl_est_theta_fallback,-0.12498661130666733,0.3898476497906764,0.22507867693700162,0.5196927282975131,0.5199010044776239,0.5198806202423388,0.5197131125327982,0.5199934818568365,0.5196002509183005,0.0,0.0,0.0,0.0,0.0,0.0,0.0,0.0,0.0,0.0,0.006750617641955614,0.006750617641955614,0.0,0.0,0.0,0.0
193.939,0.0,0.0,0.0,datactrl_ref_vx_fallback,datactrl_est_vx_fallback,-0.009999999776482582,states_theta,-0.027160566300153732,0.3898723797464792,0.22509294488084097,0.5197057687926856,0.519953910531259,0.5199814342310811,0.5196782450928634,0.5198121258417494,0.5198475534821951,0.0,0.0,0.0,0.0,0.0,0.0,0.0,0.0,0.0,0.0,0.006750617641955614,0.01675061695277691,0.0,0.0,0.0,0.0
194.21,0.0,0.0,0.0,datactrl_ref_vx_fallback,datactrl_est_vx_fallback,0.006750617641955614,datactrl_est_theta_fallback,0.06219665706157684,0.3899144086289861,0.22511721434442847,0.5197201454335754,0.5200516109103874,0.5199137836132802,0.5198579727306826,0.5197525037442553,0.5200192525997075,0.0,0.0,0.0,0.0,0.0,0.0,0.0,0.0,0.0,0.0,0.006750617641955614,0.006750617641955614,0.0,0.0,0.0,0.0
194.499,0.0,0.0,0.0,datactrl_ref_vx_fallback,datactrl_est_vx_fallback,0.006750617641955614,datactrl_est_theta_fallback,-0.04303792119026184,0.3902903085895949,0.22533427480147372,0.5205385457561557,0.520235610482764,0.5202455173097477,0.520528638929172,0.5206426442261799,0.5201315120127398,0.0,0.0,0.0,0.0,0.0,0.0,0.0,0.0,0.0,0.0,0.006750617641955614,0.006750617641955614,0.0,0.0,0.0,0.0
194.767,0.0,0.0,0.0,datactrl_ref_vx_fallback,datactrl_est_vx_fallback,0.006750617641955614,datactrl_est_theta_fallback,0.10532184690237045,0.3899426215725085,0.2251335069528206,0.5199111745832854,0.5199358162767371,0.5199581214306426,0.51988886942938,0.5196962607076738,0.5201507301523487,0.0,0.0,0.0,0.0,0.0,0.0,0.0,0.0,0.0,0.0,0.006750617641955614,0.006750617641955614,0.0,0.0,0.0,0.0
195.052,0.0,0.0,0.0,datactrl_ref_vx_fallback,datactrl_est_vx_fallback,0.009999999776482582,states_theta,0.0798138976097107,0.3899722955118369,0.2251506227773879,0.5198971143674982,0.5200290069974001,0.5198731334445051,0.5200529879203931,0.5198583866039882,0.5200677347609101,0.0,0.0,0.0,0.0,0.0,0.0,0.0,0.0,0.0,0.0,0.006750617641955614,-0.003249382134526968,0.0,0.0,0.0,0.0
195.338,0.0,0.0,0.0,datactrl_ref_vx_fallback,datactrl_est_vx_fallback,-0.009999999776482582,states_theta,-0.13687629997730255,0.39001289348967083,0.22517409004878639,0.5200661026854954,0.5199682799536269,0.5202459732236405,0.5197884094154818,0.5201555126869718,0.5198788699521505,0.0,0.0,0.0,0.0,0.0,0.0,0.0,0.0,0.0,0.0,0.006750617641955614,0.01675061695277691,0.0,0.0,0.0,0.0
195.627,0.0,0.0,0.0,datactrl_ref_vx_fallback,datactrl_est_vx_fallback,0.019999999552965164,states_theta,0.16332697868347168,0.3900404584932485,0.22519003917610456,0.5200718759513766,0.5200360133639527,0.5196904224399332,0.520417466875396,0.5199948590422148,0.5201130302731145,0.0,0.0,0.0,0.0,0.0,0.0,0.0,0.0,0.0,0.0,0.006750617641955614,-0.013249381445348263,0.0,0.0,0.0,0.0
195.901,0.0,0.0,0.0,datactrl_ref_vx_fallback,datactrl_est_vx_fallback,0.006750617641955614,datactrl_est_theta_fallback,-0.17876669764518738,0.39004153841504985,0.22519067128216397,0.5200135450737423,0.5200972240330574,0.5204421360092921,0.5196686330975075,0.5200676555517927,0.520043113555007,0.0,0.0,0.0,0.0,0.0,0.0,0.0,0.0,0.0,0.0,0.006750617641955614,0.006750617641955614,0.0,0.0,0.0,0.0
196.182,0.0,0.0,0.0,datactrl_ref_vx_fallback,datactrl_est_vx_fallback,0.006750617641955614,datactrl_est_theta_fallback,0.09755667299032211,0.3900699673516463,0.2252070302507037,0.5201381281840749,0.5200484514203152,0.5198714737290467,0.5203151058753434,0.5201392415398666,0.5200473380645235,0.0,0.0,0.0,0.0,0.0,0.0,0.0,0.0,0.0,0.0,0.006750617641955614,0.006750617641955614,0.0,0.0,0.0,0.0
196.476,-8.92270963959163e-06,-4.461354819795815e-06,-4.461354819795815e-06,datactrl_ref_vx_fallback,datactrl_est_vx_fallback,0.0067597245797514915,datactrl_est_theta_fallback,-0.024857614189386368,0.390071587234261,0.2252080157400658,0.5199550876083716,0.520235811682991,0.5202739971940051,0.5199169020973575,0.5197916783916028,0.5203992208997599,0.0,0.0,0.0,-4.461354819795815e-06,-4.461354819795815e-06,0.0,0.0,0.0,0.0,0.0,0.0067597245797514915,0.0067597245797514915,0.0,0.0,0.0,0.0
196.689,-8.92270963959163e-06,-4.461354819795815e-06,-4.461354819795815e-06,datactrl_ref_vx_fallback,datactrl_est_vx_fallback,0.006759948097169399,datactrl_est_theta_fallback,-0.1113470196723938,0.39008696918441144,0.22521693404306872,0.5202764356565602,0.5199554821685369,0.5198126841421178,0.5204192336829794,0.5204221517083563,0.5198097661167409,0.0,0.0,0.0,-4.461354819795815e-06,-4.461354819795815e-06,0.0,0.0,0.0,0.0,0.0,0.006759948097169399,0.006759948097169399,0.0,0.0,0.0,0.0
197.023,0.006653394550085068,0.003326697275042534,0.003326697275042534,datactrl_ref_vx_fallback,datactrl_est_vx_fallback,-0.029999999329447746,states_theta,-0.1126108169555664,0.39011607320089636,0.2252338153755008,0.519958432312103,0.5203510962236205,0.5205924965339572,0.5197170320017663,0.5198053279632784,0.5205042005724452,0.0,0.0,0.0,0.003326697275042534,0.003326697275042534,0.0,0.0,0.0,0.0,0.0,-3.925788769265637e-05,0.029960742220282555,0.0,0.0,0.0,0.0
197.304,0.006654288619756699,0.0033271443098783493,0.0033271443098783493,datactrl_ref_vx_fallback,datactrl_est_vx_fallback,-0.04999999701976776,states_theta,-0.047177474945783615,0.3901185031536028,0.22523508253161975,0.5202689688519049,0.5200470395577026,0.5200156303487529,0.5203003780608546,0.5204319109242463,0.5198840974853611,0.0,0.0,0.0,0.0033271443098783493,0.0033271443098783493,0.0,0.0,0.0,0.0,0.0,-0.00037362007424235344,0.04962637647986412,0.0,0.0,0.0,0.0
197.606,0.006644472014158964,0.003322236007079482,0.003322236007079482,datactrl_ref_vx_fallback,datactrl_est_vx_fallback,-0.03999999910593033,states_theta,0.044814445078372955,0.3900938810699618,0.22522084194180086,0.5202439461813586,0.5200064033385394,0.5202903094165309,0.5199600401033672,0.5199797805075442,0.5202705690123538,0.0,0.0,0.0,0.003322236007079482,0.003322236007079482,0.0,0.0,0.0,0.0,0.0,-0.0006970952963456511,0.03930290415883064,0.0,0.0,0.0,0.0
197.889,0.006646257825195789,0.0033231289125978947,0.0033231289125978947,datactrl_ref_vx_fallback,datactrl_est_vx_fallback,-0.029999999329447746,states_theta,0.04565247893333435,0.39009577106185483,0.22522197162587043,0.5202975552504938,0.5199578342477857,0.5199011347569612,0.5203542547413184,0.5203550630996799,0.5199003263985996,0.0,0.0,0.0,0.0033231289125978947,0.0033231289125978947,0.0,0.0,0.0,0.0,0.0,-0.0010319204302504659,0.028968079015612602,0.0,0.0,0.0,0.0
198.185,0.006646257825195789,0.0033231289125978947,0.0033231289125978947,datactrl_ref_vx_fallback,datactrl_est_vx_fallback,-0.019999999552965164,states_theta,0.04827378690242767,0.39008388548074835,0.22521518506511443,0.5199088988800129,0.520314795735316,0.520432789624338,0.5197909049909909,0.5197599079996064,0.5204637866157226,0.0,0.0,0.0,0.0033231289125978947,0.0033231289125978947,0.0,0.0,0.0,0.0,0.0,-0.001365012489259243,0.018634987995028496,0.0,0.0,0.0,0.0
198.493,0.006646257825195789,0.0033231289125978947,0.0033231289125978947,datactrl_ref_vx_fallback,datactrl_est_vx_fallback,-0.009999999776482582,states_theta,0.023687904700636864,0.3900581833466088,0.2252003639585928,0.5202433504162364,0.5199118051747204,0.5196953145073374,0.5204598410836193,0.5204338197617479,0.5197213358292089,0.0,0.0,0.0,0.0033231289125978947,0.0033231289125978947,0.0,0.0,0.0,0.0,0.0,-0.0016981044318526983,0.00830189511179924,0.0,0.0,0.0,0.0
198.79,0.006644472014158964,0.003322236007079482,0.003322236007079482,datactrl_ref_vx_fallback,datactrl_est_vx_fallback,-0.009999999776482582,states_theta,0.020007286220788956,0.3896532182536927,0.224966526527097,0.5193205184081627,0.5197547302683511,0.519845163080913,0.5192300855956008,0.5192163949416434,0.5198588537348704,0.0,0.0,0.0,0.003322236007079482,0.003322236007079482,0.0,0.0,0.0,0.0,0.0,-0.0020293290726840496,0.00797067116945982,0.0,0.0,0.0,0.0
199.074,0.006644472014158964,0.003322236007079482,0.003322236007079482,datactrl_ref_vx_fallback,datactrl_est_vx_fallback,-0.009999999776482582,states_theta,0.019534915685653687,0.3900014631830842,0.2251675625787121,0.5201458547588905,0.5198580470626674,0.519695874986408,0.5203080268351499,0.5203000222140273,0.5197038796075306,0.0,0.0,0.0,0.003322236007079482,0.003322236007079482,0.0,0.0,0.0,0.0,0.0,-0.002362331608310342,0.007637668401002884,0.0,0.0,0.0,0.0
199.367,0.006644472014158964,0.003322236007079482,0.003322236007079482,datactrl_ref_vx_fallback,datactrl_est_vx_fallback,-0.009999999776482582,states_theta,0.0014762300997972488,0.38998770111999703,0.22515962656920918,0.5198399138086547,0.520127289178004,0.5203138821460283,0.5196533208406304,0.5196825214333611,0.5202846815532975,0.0,0.0,0.0,0.003322236007079482,0.003322236007079482,0.0,0.0,0.0,0.0,0.0,-0.0026953339111059904,0.007304665632545948,0.0,0.0,0.0,0.0
199.644,0.0066355494782328606,0.0033177747391164303,0.0033177747391164303,datactrl_ref_vx_fallback,datactrl_est_vx_fallback,-0.003019006224349141,datactrl_est_theta_fallback,0.017497636377811432,0.38996000099745337,0.2251436365035116,0.5200776495934863,0.5198156863997226,0.5196007634435976,0.5202925725496114,0.5202437460747019,0.5196495899185071,0.0,0.0,0.0,0.0033177747391164303,0.0033177747391164303,0.0,0.0,0.0,0.0,0.0,-0.003019006224349141,-0.003019006224349141,0.0,0.0,0.0,0.0
199.969,0.0066355494782328606,0.0033177747391164303,0.0033177747391164303,datactrl_ref_vx_fallback,datactrl_est_vx_fallback,-0.0033515614923089743,datactrl_est_theta_fallback,-0.012022116221487522,0.3899318149100992,0.22512734765071477,0.5197439016833321,0.5200742714102657,0.5202044410131249,0.5196137320804729,0.5196220060038496,0.5201961670897483,0.0,0.0,0.0,0.0033177747391164303,0.0033177747391164303,0.0,0.0,0.0,0.0,0.0,-0.0033515614923089743,-0.0033515614923089743,0.0,0.0,0.0,0.0
200.239,0.0066355494782328606,0.0033177747391164303,0.0033177747391164303,datactrl_ref_vx_fallback,datactrl_est_vx_fallback,-0.003700744593515992,datactrl_est_theta_fallback,0.0009992787381634116,0.3899167298526867,0.2251186819844616,0.520079975895152,0.5196979703786793,0.5195349539797833,0.5202429922940479,0.5202263305882928,0.5195516156855384,0.0,0.0,0.0,0.0033177747391164303,0.0033177747391164303,0.0,0.0,0.0,0.0,0.0,-0.003700744593515992,-0.003700744593515992,0.0,0.0,0.0,0.0
200.522,0.0066355494782328606,0.0033177747391164303,0.0033177747391164303,datactrl_ref_vx_fallback,datactrl_est_vx_fallback,-0.004033300094306469,datactrl_est_theta_fallback,0.0010003711795434356,0.3898875717114233,0.2251018442155155,0.5196950863078211,0.5200051049226411,0.5201919238717406,0.5195082673587216,0.5194912515142988,0.5202089397161634,0.0,0.0,0.0,0.0033177747391164303,0.0033177747391164303,0.0,0.0,0.0,0.0,0.0,-0.004033300094306469,-0.004033300094306469,0.0,0.0,0.0,0.0
200.795,0.0066355494782328606,0.0033177747391164303,0.0033177747391164303,datactrl_ref_vx_fallback,datactrl_est_vx_fallback,-0.009999999776482582,states_theta,-0.01688426546752453,0.38985817057898425,0.22508482333713428,0.5198617247484639,0.5197600634621607,0.5195453611686367,0.520076427041988,0.5201477507779613,0.5194740374326634,0.0,0.0,0.0,0.0033177747391164303,0.0033177747391164303,0.0,0.0,0.0,0.0,0.0,-0.004365855362266302,0.00563414441421628,0.0,0.0,0.0,0.0
200.959,0.0066355494782328606,0.0033177747391164303,0.0033177747391164303,datactrl_ref_vx_fallback,datactrl_est_vx_fallback,-0.009999999776482582,states_theta,-0.018022052943706512,0.38985682054799176,0.22508395139876036,0.5198599928695121,0.5197581952584659,0.5197604161998726,0.5198577719281054,0.5199317528447918,0.5196864352831863,0.0,0.0,0.0,0.0033177747391164303,0.0033177747391164303,0.0,0.0,0.0,0.0,0.0,-0.004532132763415575,0.005467867013067007,0.0,0.0,0.0,0.0
201.233,0.0066355494782328606,0.0033177747391164303,0.0033177747391164303,datactrl_ref_vx_fallback,datactrl_est_vx_fallback,-0.005030965898185968,datactrl_est_theta_fallback,0.1278088390827179,0.38985277045501426,0.22508163416434507,0.5198572031087693,0.5197501847712688,0.5197594405733862,0.5198479473066518,0.519573139152736,0.5200342487273021,0.0,0.0,0.0,0.0033177747391164303,0.0033177747391164303,0.0,0.0,0.0,0.0,0.0,-0.005030965898185968,-0.005030965898185968,0.0,0.0,0.0,0.0
201.468,0.006638227496296167,0.0033191137481480837,0.0033191137481480837,datactrl_ref_vx_fallback,datactrl_est_vx_fallback,-0.005199983716011047,datactrl_est_theta_fallback,-0.013620145618915558,0.38985007039302927,0.22508006810047154,0.5198636556577219,0.5197365320570229,0.5196884845642851,0.5199117031504596,0.5199690527725498,0.5196311349421949,0.0,0.0,0.0,0.0033191137481480837,0.0033191137481480837,0.0,0.0,0.0,0.0,0.0,-0.005199983716011047,-0.005199983716011047,0.0,0.0,0.0,0.0
201.749,0.0066355494782328606,0.0033177747391164303,0.0033177747391164303,datactrl_ref_vx_fallback,datactrl_est_vx_fallback,-0.005696210544556379,datactrl_est_theta_fallback,0.11296375095844269,0.3902502563345957,0.22531111120539324,0.5204049495372027,0.5202624006883858,0.5201916972868234,0.5204756529387652,0.5202241287781187,0.5204432214474698,0.0,0.0,0.0,0.0033177747391164303,0.0033177747391164303,0.0,0.0,0.0,0.0,0.0,-0.005696210544556379,-0.005696210544556379,0.0,0.0,0.0,0.0
202.04,0.0066355494782328606,0.0033177747391164303,0.0033177747391164303,datactrl_ref_vx_fallback,datactrl_est_vx_fallback,0.019999999552965164,states_theta,0.05333782732486725,0.3899178627429826,0.22511920561272533,0.5199935986398687,0.5197873686747516,0.519788865611305,0.5199921017033153,0.5197499994333115,0.5200309678813089,0.0,0.0,0.0,0.0033177747391164303,0.0033177747391164303,0.0,0.0,0.0,0.0,0.0,-0.0060287658125162125,-0.026028765365481377,0.0,0.0,0.0,0.0
202.355,0.006638227496296167,0.0033191137481480837,0.0033191137481480837,datactrl_ref_vx_fallback,datactrl_est_vx_fallback,-0.006364128552377224,datactrl_est_theta_fallback,-0.11303076893091202,0.38994627074682764,0.22513560854850473,0.5200619893651974,0.519794732626343,0.5199931981042873,0.5198635238872531,0.5200748527001813,0.5197818692913592,0.0,0.0,0.0,0.0033191137481480837,0.0033191137481480837,0.0,0.0,0.0,0.0,0.0,-0.006364128552377224,-0.006364128552377224,0.0,0.0,0.0,0.0
202.635,0.006638227496296167,0.0033191137481480837,0.0033191137481480837,datactrl_ref_vx_fallback,datactrl_est_vx_fallback,-0.006696817930787802,datactrl_est_theta_fallback,0.09579916298389435,0.3899725397155029,0.225150775980863,0.5198761188306235,0.5200506537440509,0.5197720119931027,0.5201547605815716,0.5199294766492465,0.5199972959254279,0.0,0.0,0.0,0.0033191137481480837,0.0033191137481480837,0.0,0.0,0.0,0.0,0.0,-0.006696817930787802,-0.006696817930787802,0.0,0.0,0.0,0.0
202.964,0.0066355494782328606,0.0033177747391164303,0.0033177747391164303,datactrl_ref_vx_fallback,datactrl_est_vx_fallback,-0.007026767358183861,datactrl_est_theta_fallback,-0.05606444180011749,0.3899876770765725,0.2251595083041327,0.5200859052810995,0.5198812335897605,0.5199324998470896,0.5200346390237705,0.5201224081873324,0.5198447306835277,0.0,0.0,0.0,0.0033177747391164303,0.0033177747391164303,0.0,0.0,0.0,0.0,0.0,-0.007026767358183861,-0.007026767358183861,0.0,0.0,0.0,0.0
203.253,0.006644472014158964,0.003322236007079482,0.003322236007079482,datactrl_ref_vx_fallback,datactrl_est_vx_fallback,-0.007368451915681362,datactrl_est_theta_fallback,0.0192051250487566,0.39001494510165474,0.2251752417262804,0.5199366790909449,0.5201031745134678,0.5200355541660079,0.5200042994384048,0.5199329323754754,0.5201069212289372,0.0,0.0,0.0,0.003322236007079482,0.003322236007079482,0.0,0.0,0.0,0.0,0.0,-0.007368451915681362,-0.007368451915681362,0.0,0.0,0.0,0.0
203.555,0.006644472014158964,0.003322236007079482,0.003322236007079482,datactrl_ref_vx_fallback,datactrl_est_vx_fallback,-0.007701454684138298,datactrl_est_theta_fallback,-0.03700597956776619,0.3900426720935026,0.22519125388027,0.5200357175178473,0.5200780747314929,0.5201795992244358,0.5199341930249044,0.5199769776077745,0.5201368146415657,0.0,0.0,0.0,0.003322236007079482,0.003322236007079482,0.0,0.0,0.0,0.0,0.0,-0.007701454684138298,-0.007701454684138298,0.0,0.0,0.0,0.0
203.856,0.006644472014158964,0.003322236007079482,0.003322236007079482,datactrl_ref_vx_fallback,datactrl_est_vx_fallback,-0.009999999776482582,states_theta,-0.012068849056959152,0.3900708040516516,0.22520757040750428,0.5202122778725736,0.5199765329318308,0.5198507370081057,0.5203380737962987,0.5203823449718225,0.5198064658325819,0.0,0.0,0.0,0.003322236007079482,0.003322236007079482,0.0,0.0,0.0,0.0,0.0,-0.00803445652127266,0.0019655427895486355,0.0,0.0,0.0,0.0
204.132,0.006644472014158964,0.003322236007079482,0.003322236007079482,datactrl_ref_vx_fallback,datactrl_est_vx_fallback,-0.008367459289729595,datactrl_est_theta_fallback,0.01602444425225258,0.39007242393426633,0.22520859764785284,0.5199090885866738,0.5202840419047031,0.520437691898988,0.5197554385923889,0.5196837482322901,0.5205093822590868,0.0,0.0,0.0,0.003322236007079482,0.003322236007079482,0.0,0.0,0.0,0.0,0.0,-0.008367459289729595,-0.008367459289729595,0.0,0.0,0.0,0.0
204.438,0.006653394550085068,0.003326697275042534,0.003326697275042534,datactrl_ref_vx_fallback,datactrl_est_vx_fallback,-0.009999999776482582,states_theta,-0.012540845200419426,0.39008765732431366,0.2252173567607413,0.5202994397774023,0.5199343130874341,0.5198033090263615,0.5204304438384749,0.520471318141985,0.5197624347228514,0.0,0.0,0.0,0.003326697275042534,0.003326697275042534,0.0,0.0,0.0,0.0,0.0,-0.008709590882062912,0.0012904086615890265,0.0,0.0,0.0,0.0
204.728,-8.92270963959163e-06,-4.461354819795815e-06,-4.461354819795815e-06,datactrl_ref_vx_fallback,datactrl_est_vx_fallback,-0.0022264691069722176,datactrl_est_theta_fallback,0.019165989011526108,0.39008954731620693,0.22521834191690013,0.5200223919960573,0.5202164008471611,0.5202643565063724,0.519974436336846,0.5199301362254064,0.520308656617812,0.0,0.0,0.0,-4.461354819795815e-06,-4.461354819795815e-06,0.0,0.0,0.0,0.0,0.0,-0.0022264691069722176,-0.0022264691069722176,0.0,0.0,0.0,0.0
205.02,-8.92270963959163e-06,-4.461354819795815e-06,-4.461354819795815e-06,datactrl_ref_vx_fallback,datactrl_est_vx_fallback,-0.009999999776482582,states_theta,-0.018326379358768463,0.3901188943150577,0.22523525230027552,0.5202097697595549,0.5201072817472656,0.5202034361250233,0.5201136153817972,0.5202025338727979,0.5201145176340226,0.0,0.0,0.0,-4.461354819795815e-06,-4.461354819795815e-06,0.0,0.0,0.0,0.0,0.0,-0.0022260218393057585,0.007773978170007467,0.0,0.0,0.0,0.0
205.317,-8.92270963959163e-06,-4.461354819795815e-06,-4.461354819795815e-06,datactrl_ref_vx_fallback,datactrl_est_vx_fallback,-0.0022255745716392994,datactrl_est_theta_fallback,0.09804296493530273,0.39009392125688797,0.2252208443499234,0.5201826422998658,0.5200678143851688,0.520011680883779,0.5202387758012555,0.5200310975026973,0.5202193591823373,0.0,0.0,0.0,-4.461354819795815e-06,-4.461354819795815e-06,0.0,0.0,0.0,0.0,0.0,-0.0022255745716392994,-0.0022255745716392994,0.0,0.0,0.0,0.0
205.53,0.0,0.0,0.0,datactrl_ref_vx_fallback,datactrl_est_vx_fallback,-0.00223448034375906,datactrl_est_theta_fallback,0.10293282568454742,0.3900821437194928,0.22521406657574428,0.5202024493120644,0.5200166006065831,0.5203194109566814,0.519899638961966,0.5200000616876733,0.5202189882309741,0.0,0.0,0.0,0.0,0.0,0.0,0.0,0.0,0.0,0.0,-0.00223448034375906,-0.00223448034375906,0.0,0.0,0.0,0.0
205.886,0.0,0.0,0.0,datactrl_ref_vx_fallback,datactrl_est_vx_fallback,-0.00223448034375906,datactrl_est_theta_fallback,-4.4902280933456495e-05,0.3900531205814597,0.2251972801063069,0.5201371786446607,0.5200044762392317,0.5201247325072655,0.5200169223766269,0.5200125714322328,0.5201290834516596,0.0,0.0,0.0,0.0,0.0,0.0,0.0,0.0,0.0,0.0,-0.00223448034375906,-0.00223448034375906,0.0,0.0,0.0,0.0
206.175,0.0,0.0,0.0,datactrl_ref_vx_fallback,datactrl_est_vx_fallback,-0.00223448034375906,datactrl_est_theta_fallback,6.632105531423349e-09,0.39002355747820394,0.2251802273095831,0.5199052059193092,0.5201576140225679,0.5201354337137297,0.5199273862281474,0.5199226942473673,0.5201401256945098,0.0,0.0,0.0,0.0,0.0,0.0,0.0,0.0,0.0,0.0,-0.00223448034375906,-0.00223448034375906,0.0,0.0,0.0,0.0
206.446,8.922708730096929e-06,4.461354365048464e-06,4.461354365048464e-06,datactrl_ref_vx_fallback,datactrl_est_vx_fallback,-0.002243609633296728,datactrl_est_theta_fallback,-9.746780205849292e-13,0.38999688341011235,0.22516480943623982,0.5200307579304316,0.5199609311632013,0.5199402316706475,0.5200514574229854,0.5200464669599149,0.5199452221337181,0.0,0.0,0.0,4.461354365048464e-06,4.461354365048464e-06,0.0,0.0,0.0,0.0,0.0,-0.002243609633296728,-0.002243609633296728,0.0,0.0,0.0,0.0
206.727,8.922708730096929e-06,4.461354365048464e-06,4.461354365048464e-06,datactrl_ref_vx_fallback,datactrl_est_vx_fallback,-0.0022440569009631872,datactrl_est_theta_fallback,1.4255870228244274e-16,0.38998314835794434,0.22515687658901862,0.5199684491551071,0.5199866131327444,0.519947213999144,0.5200078482887075,0.5200026066153675,0.519952455672484,0.0,0.0,0.0,4.461354365048464e-06,4.461354365048464e-06,0.0,0.0,0.0,0.0,0.0,-0.0022440569009631872,-0.0022440569009631872,0.0,0.0,0.0,0.0
207.047,8.922708730096929e-06,4.461354365048464e-06,4.461354365048464e-06,datactrl_ref_vx_fallback,datactrl_est_vx_fallback,-0.0022445039357990026,datactrl_est_theta_fallback,-2.0754979388849817e-20,0.3899554482354007,0.22514098021769155,0.5197769397171186,0.5201042555772832,0.520210140761136,0.5196710545332658,0.5196655616000879,0.5202156336943139,0.0,0.0,0.0,4.461354365048464e-06,4.461354365048464e-06,0.0,0.0,0.0,0.0,0.0,-0.0022445039357990026,-0.0022445039357990026,0.0,0.0,0.0,0.0
207.35,8.922708730096929e-06,4.461354365048464e-06,4.461354365048464e-06,datactrl_ref_vx_fallback,datactrl_est_vx_fallback,-0.0022449512034654617,datactrl_est_theta_fallback,-0.0147608807310462,0.38992723515000144,0.22512468814723477,0.5200791056399371,0.5197268547600667,0.5196528581841374,0.5201531022158664,0.520178037889765,0.5196279225102388,0.0,0.0,0.0,4.461354365048464e-06,4.461354365048464e-06,0.0,0.0,0.0,0.0,0.0,-0.0022449512034654617,-0.0022449512034654617,0.0,0.0,0.0,0.0
207.618,1.7845417460193858e-05,8.922708730096929e-06,8.922708730096929e-06,datactrl_ref_vx_fallback,datactrl_est_vx_fallback,-0.002254527760669589,datactrl_est_theta_fallback,-0.0006392886862158775,0.3899122175941386,0.22511597840907097,0.5197459228061054,0.5200199907782641,0.5200800705302033,0.5196858430541662,0.5196811253881684,0.5200847881962012,0.0,0.0,0.0,8.922708730096929e-06,8.922708730096929e-06,0.0,0.0,0.0,0.0,0.0,-0.002254527760669589,-0.002254527760669589,0.0,0.0,0.0,0.0
207.92,1.7845417460193858e-05,8.922708730096929e-06,8.922708730096929e-06,datactrl_ref_vx_fallback,datactrl_est_vx_fallback,-0.0022554220631718636,datactrl_est_theta_fallback,8.08483164860263e-08,0.38988311344895665,0.2250991951426953,0.5200038650964208,0.5196844374341302,0.5196076727885613,0.5200806297419897,0.5200743282474031,0.5196139742831479,0.0,0.0,0.0,8.922708730096929e-06,8.922708730096929e-06,0.0,0.0,0.0,0.0,0.0,-0.0022554220631718636,-0.0022554220631718636,0.0,0.0,0.0,0.0
208.231,1.7845417460193858e-05,8.922708730096929e-06,8.922708730096929e-06,datactrl_ref_vx_fallback,datactrl_est_vx_fallback,-0.002256316365674138,datactrl_est_theta_fallback,-0.018365532159805298,0.38985371231651744,0.2250821902219094,0.5196456924851717,0.5199642070255416,0.5199854012886479,0.5196244982220654,0.5196561139175139,0.5199537855931994,0.0,0.0,0.0,8.922708730096929e-06,8.922708730096929e-06,0.0,0.0,0.0,0.0,0.0,-0.002256316365674138,-0.002256316365674138,0.0,0.0,0.0,0.0
208.511,1.7845417460193858e-05,8.922708730096929e-06,8.922708730096929e-06,datactrl_ref_vx_fallback,datactrl_est_vx_fallback,-0.0022572106681764126,datactrl_est_theta_fallback,-0.019007015973329544,0.38985101225453245,0.22508062554162672,0.5196243616404999,0.5199783377049201,0.519680262162904,0.519922437182516,0.5199551310539223,0.5196475682914976,0.0,0.0,0.0,8.922708730096929e-06,8.922708730096929e-06,0.0,0.0,0.0,0.0,0.0,-0.0022572106681764126,-0.0022572106681764126,0.0,0.0,0.0,0.0
208.823,1.962964961421676e-05,9.81482480710838e-06,9.81482480710838e-06,datactrl_ref_vx_fallback,datactrl_est_vx_fallback,-0.009999999776482582,states_theta,-0.019007042050361633,0.38984831219254745,0.22507910020538346,0.5196062608239652,0.5199892383561614,0.5196301887278336,0.519965310452293,0.5200532751259295,0.5195422240541971,0.0,0.0,0.0,9.81482480710838e-06,9.81482480710838e-06,0.0,0.0,0.0,0.0,0.0,-0.0022599752992391586,0.0077400244772434235,0.0,0.0,0.0,0.0
209.114,-0.006640898995101452,-0.003320449497550726,-0.003320449497550726,datactrl_ref_vx_fallback,datactrl_est_vx_fallback,0.004553737584501505,datactrl_est_theta_fallback,0.02197154238820076,0.38987271817175767,0.22509314951238757,0.5196303864850056,0.5200301953063482,0.5199102663730379,0.5197503154183158,0.519735568876952,0.5199250129144017,0.0,0.0,0.0,-0.003320449497550726,-0.003320449497550726,0.0,0.0,0.0,0.0,0.0,0.004553737584501505,0.004553737584501505,0.0,0.0,0.0,0.0
209.427,-0.006630192510783672,-0.003315096255391836,-0.003315096255391836,datactrl_ref_vx_fallback,datactrl_est_vx_fallback,0.004875338636338711,datactrl_est_theta_fallback,-8.602138450441998e-07,0.39024630806237315,0.2253088185986519,0.5204196657738244,0.5202371557258373,0.5202960411581016,0.5203607803415601,0.5203940074532524,0.5202628140464093,0.0,0.0,0.0,-0.003315096255391836,-0.003315096255391836,0.0,0.0,0.0,0.0,0.0,0.004875338636338711,0.004875338636338711,0.0,0.0,0.0,0.0
209.703,-0.006632870528846979,-0.0033164352644234896,-0.0033164352644234896,datactrl_ref_vx_fallback,datactrl_est_vx_fallback,0.005210365634411573,datactrl_est_theta_fallback,1.2887453604282229e-10,0.3899137014847638,0.22511678625753856,0.5199815585843373,0.5197883120416995,0.5198890733970065,0.5198807972290302,0.5199164383751209,0.5198534322509158,0.0,0.0,0.0,-0.0033164352644234896,-0.0033164352644234896,0.0,0.0,0.0,0.0,0.0,0.005210365634411573,0.005210365634411573,0.0,0.0,0.0,0.0
210.034,-0.006632870528846979,-0.0033164352644234896,-0.0033164352644234896,datactrl_ref_vx_fallback,datactrl_est_vx_fallback,0.005542786326259375,datactrl_est_theta_fallback,-1.9194274804550798e-14,0.38994409248077505,0.22513436130747747,0.519781809685877,0.5200691035961899,0.5200874270010788,0.519763486280988,0.5198015658922172,0.5200493473898496,0.0,0.0,0.0,-0.0033164352644234896,-0.0033164352644234896,0.0,0.0,0.0,0.0,0.0,0.005542786326259375,0.005542786326259375,0.0,0.0,0.0,0.0
210.346,-0.006632870528846979,-0.0033164352644234896,-0.0033164352644234896,datactrl_ref_vx_fallback,datactrl_est_vx_fallback,0.005875207483768463,datactrl_est_theta_fallback,0.01899157464504242,0.3899704694416303,0.22514970944876103,0.5201643703073872,0.5197568815369603,0.5196178265130897,0.5203034253312577,0.5203045070101702,0.5196167448341773,0.0,0.0,0.0,-0.0033164352644234896,-0.0033164352644234896,0.0,0.0,0.0,0.0,0.0,0.005875207483768463,0.005875207483768463,0.0,0.0,0.0,0.0
210.642,-0.0066355494782328606,-0.0033177747391164303,-0.0033177747391164303,datactrl_ref_vx_fallback,datactrl_est_vx_fallback,0.009999999776482582,states_theta,0.038170941174030304,0.38998377231909265,0.22515733002687013,0.5198180630972714,0.5201386630869756,0.5201966851756914,0.5197600410085557,0.5196683054814646,0.5202884207027825,0.0,0.0,0.0,-0.0033177747391164303,-0.0033177747391164303,0.0,0.0,0.0,0.0,0.0,0.006210369523614645,-0.003789630252867937,0.0,0.0,0.0,0.0
210.925,-0.0066355494782328606,-0.0033177747391164303,-0.0033177747391164303,datactrl_ref_vx_fallback,datactrl_est_vx_fallback,0.009999999776482582,states_theta,-0.03733418881893158,0.390011148336355,0.225173106787337,0.5201590548528747,0.519870674044072,0.5198306597916034,0.5201990691053433,0.5202657096089023,0.5197640192880444,0.0,0.0,0.0,-0.0033177747391164303,-0.0033177747391164303,0.0,0.0,0.0,0.0,0.0,0.006542924791574478,-0.0034570747520774603,0.0,0.0,0.0,0.0
211.21,-0.0066355494782328606,-0.0033177747391164303,-0.0033177747391164303,datactrl_ref_vx_fallback,datactrl_est_vx_fallback,0.006892107892781496,datactrl_est_theta_fallback,0.019338011741638184,0.39003903731647316,0.22518922696899987,0.519880531603931,0.520223567906664,0.5203018992768472,0.5198022002337478,0.5198089709440549,0.5202951285665401,0.0,0.0,0.0,-0.0033177747391164303,-0.0033177747391164303,0.0,0.0,0.0,0.0,0.0,0.006892107892781496,0.006892107892781496,0.0,0.0,0.0,0.0
211.477,-0.0066355494782328606,-0.0033177747391164303,-0.0033177747391164303,datactrl_ref_vx_fallback,datactrl_est_vx_fallback,0.009999999776482582,states_theta,-0.00033467577304691076,0.3900673582609068,0.22520552794521187,0.5202107201987716,0.5199689018303133,0.5199351559508104,0.5202444660782745,0.5202384389055549,0.51994118312353,0.0,0.0,0.0,-0.0033177747391164303,-0.0033177747391164303,0.0,0.0,0.0,0.0,0.0,0.007224663160741329,-0.0027753363829106092,0.0,0.0,0.0,0.0
211.77,-0.0066355494782328606,-0.0033177747391164303,-0.0033177747391164303,datactrl_ref_vx_fallback,datactrl_est_vx_fallback,0.009999999776482582,states_theta,4.980461554282556e-08,0.3900825106181707,0.2252142505999465,0.5200596293454371,0.5201603989696846,0.5201849569965874,0.5200350713185343,0.5200299024230844,0.5201901258920373,0.0,0.0,0.0,-0.0033177747391164303,-0.0033177747391164303,0.0,0.0,0.0,0.0,0.0,0.007557218428701162,-0.002442781114950776,0.0,0.0,0.0,0.0
212.086,-0.0066355494782328606,-0.0033177747391164303,-0.0033177747391164303,datactrl_ref_vx_fallback,datactrl_est_vx_fallback,0.007889773696660995,datactrl_est_theta_fallback,-0.01813618466258049,0.39011153364053347,0.2252310017972622,0.5201628174303132,0.5201346056111094,0.520214594721853,0.5200828283195695,0.5201725930685899,0.5201248299728327,0.0,0.0,0.0,-0.0033177747391164303,-0.0033177747391164303,0.0,0.0,0.0,0.0,0.0,0.007889773696660995,0.007889773696660995,0.0,0.0,0.0,0.0
212.359,-0.0066355494782328606,-0.0033177747391164303,-0.0033177747391164303,datactrl_ref_vx_fallback,datactrl_est_vx_fallback,0.009999999776482582,states_theta,0.03812773898243904,0.39011396359324,0.22523240500101255,0.5201435318723737,0.520160371042933,0.52014552965024,0.5201583732650668,0.5200778965603758,0.5202260063549309,0.0,0.0,0.0,-0.0033177747391164303,-0.0033177747391164303,0.0,0.0,0.0,0.0,0.0,0.008222329430282116,-0.001777670462615788,0.0,0.0,0.0,0.0
212.656,-0.0066355494782328606,-0.0033177747391164303,-0.0033177747391164303,datactrl_ref_vx_fallback,datactrl_est_vx_fallback,0.009999999776482582,states_theta,-0.01822938397526741,0.39011639354594657,0.22523382884153992,0.5202837832347063,0.5200265995544846,0.5200603422921332,0.5202500404970577,0.5202883649867432,0.5200220178024476,0.0,0.0,0.0,-0.0033177747391164303,-0.0033177747391164303,0.0,0.0,0.0,0.0,0.0,0.008554951287806034,-0.0014450480230152607,0.0,0.0,0.0,0.0
212.938,-0.0066355494782328606,-0.0033177747391164303,-0.0033177747391164303,datactrl_ref_vx_fallback,datactrl_est_vx_fallback,0.009999999776482582,states_theta,-1.738034188747406e-05,0.3901188234986531,0.22523521931895452,0.5202982324532367,0.5200186302098383,0.5201847760135752,0.5201320866494998,0.5201342596558209,0.520182603007254,0.0,0.0,0.0,-0.0033177747391164303,-0.0033177747391164303,0.0,0.0,0.0,0.0,0.0,0.008887507021427155,-0.0011124927550554276,0.0,0.0,0.0,0.0
213.245,-0.006638227496296167,-0.0033191137481480837,-0.0033191137481480837,datactrl_ref_vx_fallback,datactrl_est_vx_fallback,0.009999999776482582,states_theta,2.500209150824162e-09,0.39009422841305263,0.225221010248129,0.5201188076117291,0.5201324681564112,0.5200807523398872,0.5201705234282532,0.5201744144503482,0.5200768613177922,0.0,0.0,0.0,-0.0033191137481480837,-0.0033191137481480837,0.0,0.0,0.0,0.0,0.0,0.009222876280546188,-0.0007771235541440547,0.0,0.0,0.0,0.0
213.518,-0.006646257825195789,-0.0033231289125978947,-0.0033231289125978947,datactrl_ref_vx_fallback,datactrl_est_vx_fallback,0.009999999776482582,states_theta,-3.580918114115539e-13,0.38970337990592585,0.22499535852739685,0.5194963549045599,0.519712658177909,0.5195817806915618,0.5196272323909071,0.5196329455428311,0.5195760675396378,0.0,0.0,0.0,-0.0033231289125978947,-0.0033231289125978947,0.0,0.0,0.0,0.0,0.0,0.009563801810145378,-0.00043619764619506896,0.0,0.0,0.0,0.0
213.813,-0.006644472014158964,-0.003322236007079482,-0.003322236007079482,datactrl_ref_vx_fallback,datactrl_est_vx_fallback,0.009999999776482582,states_theta,5.1062256259592424e-17,0.3896762587659194,0.22497971804655098,0.5196591667166085,0.5194775233258432,0.5194361057471103,0.5197005842953414,0.5197081031862197,0.5194285868562319,0.0,0.0,0.0,-0.003322236007079482,-0.003322236007079482,0.0,0.0,0.0,0.0,0.0,0.009895017370581627,-0.00010498202755115926,0.0,0.0,0.0,0.0
214.125,-0.006644472014158964,-0.003322236007079482,-0.003322236007079482,datactrl_ref_vx_fallback,datactrl_est_vx_fallback,0.009999999776482582,states_theta,0.01900484226644039,0.39002134765232954,0.22517894100050795,0.5201639589799878,0.519892968092891,0.5199921681592471,0.5200647589136317,0.5200346294848716,0.5200222975880072,0.0,0.0,0.0,-0.003322236007079482,-0.003322236007079482,0.0,0.0,0.0,0.0,0.0,0.010228020139038563,0.00022802046441938728,0.0,0.0,0.0,0.0
214.44,-0.006644472014158964,-0.003322236007079482,-0.003322236007079482,datactrl_ref_vx_fallback,datactrl_est_vx_fallback,0.009999999776482582,states_theta,-0.019033344462513924,0.38999472758032805,0.22516356612994334,0.5199638967989993,0.5200220434152089,0.5200783479118496,0.5199075923023586,0.5199584131839667,0.5200275270302415,0.0,0.0,0.0,-0.003322236007079482,-0.003322236007079482,0.0,0.0,0.0,0.0,0.0,0.010561022907495499,0.0005610229563899338,0.0,0.0,0.0,0.0
214.764,-0.006644472014158964,-0.003322236007079482,-0.003322236007079482,datactrl_ref_vx_fallback,datactrl_est_vx_fallback,0.009999999776482582,states_theta,0.018134864047169685,0.38998101953907915,0.2251556476516644,0.5199676466401285,0.5199817387974158,0.519934809763278,0.5200145756742663,0.5199900705694539,0.5199593148680904,0.0,0.0,0.0,-0.003322236007079482,-0.003322236007079482,0.0,0.0,0.0,0.0,0.0,0.010894070379436016,0.0008940701954998076,0.0,0.0,0.0,0.0
215.049,-0.006644472014158964,-0.003322236007079482,-0.003322236007079482,datactrl_ref_vx_fallback,datactrl_est_vx_fallback,0.009999999776482582,states_theta,8.043747584451921e-06,0.3899534004106706,0.2251397011454424,0.519912118407456,0.519963616020999,0.5199491393706727,0.5199265950577824,0.5199417290954035,0.5199340053330516,0.0,0.0,0.0,-0.003322236007079482,-0.003322236007079482,0.0,0.0,0.0,0.0,0.0,0.011227072216570377,0.001227072672918439,0.0,0.0,0.0,0.0
215.333,-0.006644472014158964,-0.003322236007079482,-0.003322236007079482,datactrl_ref_vx_fallback,datactrl_est_vx_fallback,0.019999999552965164,states_theta,0.017983198165893555,0.38992526831940644,0.2251234668967129,0.5198617272286451,0.5199389882897721,0.5199350768497021,0.5198656386687152,0.5197899311610706,0.5200107843573466,0.0,0.0,0.0,-0.003322236007079482,-0.003322236007079482,0.0,0.0,0.0,0.0,0.0,0.011560074985027313,-0.008439924567937851,0.0,0.0,0.0,0.0
215.62,-0.006653394550085068,-0.003326697275042534,-0.003326697275042534,datactrl_ref_vx_fallback,datactrl_est_vx_fallback,0.019999999552965164,states_theta,-0.00044895807513967156,0.38991027777446274,0.22511483782783345,0.5199404952104687,0.519820245521432,0.5196934259188454,0.5200673148130553,0.5200308991190313,0.5197298416128694,0.0,0.0,0.0,-0.003326697275042534,-0.003326697275042534,0.0,0.0,0.0,0.0,0.0,0.011902452446520329,-0.008097547106444836,0.0,0.0,0.0,0.0
215.9,-0.006653394550085068,-0.003326697275042534,-0.003326697275042534,datactrl_ref_vx_fallback,datactrl_est_vx_fallback,0.009999999776482582,states_theta,-0.03570137172937393,0.3898811736292808,0.2250980312543994,0.5197902466657629,0.5198928830123193,0.5200439091564905,0.5196392205215917,0.5197333016350253,0.5199498280430569,0.0,0.0,0.0,-0.003326697275042534,-0.003326697275042534,0.0,0.0,0.0,0.0,0.0,0.01223590224981308,0.0022359024733304977,0.0,0.0,0.0,0.0
216.189,-0.006653394550085068,-0.003326697275042534,-0.003326697275042534,datactrl_ref_vx_fallback,datactrl_est_vx_fallback,0.009999999776482582,states_theta,0.02928619086742401,0.38985177249684166,0.22508104445722102,0.5197012989527671,0.5199034277054774,0.5196765423794276,0.5199281842788168,0.5198893057747924,0.519715420883452,0.0,0.0,0.0,-0.003326697275042534,-0.003326697275042534,0.0,0.0,0.0,0.0,0.0,0.012569352053105831,0.0025693520437926054,0.0,0.0,0.0,0.0
216.482,-0.006653394550085068,-0.003326697275042534,-0.003326697275042534,datactrl_ref_vx_fallback,datactrl_est_vx_fallback,0.009999999776482582,states_theta,-2.2662275114271324e-06,0.38984907243485667,0.2250795131567646,0.5196812098949243,0.5199163165980268,0.519624884541911,0.5199726419510401,0.5199967898259291,0.519600736667022,0.0,0.0,0.0,-0.003326697275042534,-0.003326697275042534,0.0,0.0,0.0,0.0,0.0,0.012902801856398582,0.0029028018470853567,0.0,0.0,0.0,0.0
216.776,-0.006662315223366022,-0.003331157611683011,-0.003331157611683011,datactrl_ref_vx_fallback,datactrl_est_vx_fallback,0.019999999552965164,states_theta,0.01800261065363884,0.3898463723728717,0.22507794467456116,0.519610898492063,0.5199794278355948,0.5198838232688306,0.5197065030588272,0.5196397114601369,0.5199506148675209,0.0,0.0,0.0,-0.003331157611683011,-0.003331157611683011,0.0,0.0,0.0,0.0,0.0,0.013245624490082264,-0.0067543750628829,0.0,0.0,0.0,0.0
217.075,-0.006662315223366022,-0.003331157611683011,-0.003331157611683011,datactrl_ref_vx_fallback,datactrl_est_vx_fallback,0.019999999552965164,states_theta,0.018006671220064163,0.3898436723108867,0.22507635365114856,0.5197734312779831,0.5198096948843813,0.5198117239082521,0.5197714022541123,0.5197057226340897,0.5198774035282748,0.0,0.0,0.0,-0.003331157611683011,-0.003331157611683011,0.0,0.0,0.0,0.0,0.0,0.01357952132821083,-0.006420478690415621,0.0,0.0,0.0,0.0
217.359,-0.006662317551672459,-0.0033311587758362293,-0.0033311587758362293,datactrl_ref_vx_fallback,datactrl_est_vx_fallback,0.019999999552965164,states_theta,0.018006673082709312,0.3902453852504913,0.22530828434164535,0.5203661722742163,0.5202881883937605,0.5203558464000841,0.5202985142678926,0.5202339920892163,0.5204203685787605,0.0,0.0,0.0,-0.0033311587758362293,-0.0033311587758362293,0.0,0.0,0.0,0.0,0.0,0.013913420028984547,-0.0060865795239806175,0.0,0.0,0.0,0.0
217.572,-8.92270963959163e-06,-4.461354819795815e-06,-4.461354819795815e-06,datactrl_ref_vx_fallback,datactrl_est_vx_fallback,0.019999999552965164,states_theta,0.016973508521914482,0.38991232266588427,0.2251159930684001,0.5199368029958654,0.519829390779826,0.5198598557102878,0.5199063380654037,0.5197731245432688,0.5199930692324226,0.0,0.0,0.0,-4.461354819795815e-06,-4.461354819795815e-06,0.0,0.0,0.0,0.0,0.0,0.007256253622472286,-0.012743745930492878,0.0,0.0,0.0,0.0
217.624,-8.92270963959163e-06,-4.461354819795815e-06,-4.461354819795815e-06,datactrl_ref_vx_fallback,datactrl_est_vx_fallback,0.029999999329447746,states_theta,0.005806948523968458,0.38991232266588427,0.2251159930684001,0.5199368029958654,0.519829390779826,0.5198598557102878,0.5199063380654037,0.5197731245432688,0.5199930692324226,0.0,0.0,0.0,-4.461354819795815e-06,-4.461354819795815e-06,0.0,0.0,0.0,0.0,0.0,0.007256477139890194,-0.022743523120880127,0.0,0.0,0.0,0.0
217.95,-8.92270963959163e-06,-4.461354819795815e-06,-4.461354819795815e-06,datactrl_ref_vx_fallback,datactrl_est_vx_fallback,0.009999999776482582,states_theta,-0.10752850025892258,0.38994193666385607,0.22513311530016877,0.5200207302976995,0.5198244341392501,0.5199110381204032,0.5199341263165463,0.5201462497837145,0.519698914653235,0.0,0.0,0.0,-4.461354819795815e-06,-4.461354819795815e-06,0.0,0.0,0.0,0.0,0.0,0.007256924174726009,-0.0027430756017565727,0.0,0.0,0.0,0.0
218.268,0.009991077386530378,-0.009999999776482582,0.01999107716301296,datactrl_ref_vx_fallback,states_vx_gs,0.009999999776482582,states_theta,0.038992416113615036,0.3899709116266468,0.22514985800041173,0.5198479267173897,0.5200745042870019,0.5200140058772481,0.5199084251271434,0.5196977969016351,0.5202246341027564,0.0,0.0,0.0,-4.461354819795815e-06,0.009995538741350174,0.0,0.0,0.0,0.0,0.0,-0.013756982982158661,-0.023756982758641243,0.0,0.0,0.0,0.0
218.547,0.0099821540652556,-0.009999999776482582,0.01998215384173818,datactrl_ref_vx_fallback,states_vx_gs,-0.014749729074537754,datactrl_est_theta_fallback,-0.18964999914169312,0.3899842009986496,0.22515764112394016,0.520229002137276,0.5197288671924563,0.5198409095887258,0.5201169597410065,0.5204289012401733,0.519528968089559,0.0,0.0,0.0,-8.92270963959163e-06,0.009991076774895191,0.0,0.0,0.0,0.0,0.0,-0.014749729074537754,-0.014749729074537754,0.0,0.0,0.0,0.0
218.837,0.009983938388359093,-0.009999999776482582,0.019983938164841675,datactrl_ref_vx_fallback,states_vx_gs,-0.019999999552965164,states_theta,0.022354567423462868,0.39001155001786697,0.22517343522700156,0.5198117494223052,0.52021905062534,0.5203568226410484,0.5196739774065968,0.5196500395286592,0.5203807605189861,0.0,0.0,0.0,-8.03059356258018e-06,0.009991968981921673,0.0,0.0,0.0,0.0,0.0,-0.01575300842523575,0.004246990662068129,0.0,0.0,0.0,0.0
219.158,0.006646257825195789,0.0033231289125978947,0.0033231289125978947,datactrl_ref_vx_fallback,datactrl_est_vx_fallback,-0.009999999776482582,states_theta,-0.03952804207801819,0.39003938500189494,0.22518945676502664,0.5201996790971257,0.5199053475745941,0.519817326382542,0.5202877002891778,0.5204079168224839,0.5196971098492359,0.0,0.0,0.0,0.0033231289125978947,0.0033231289125978947,0.0,0.0,0.0,0.0,0.0,-0.0029744000639766455,0.00702559994533658,0.0,0.0,0.0,0.0
219.455,0.006644472014158964,0.003322236007079482,0.003322236007079482,datactrl_ref_vx_fallback,datactrl_est_vx_fallback,-0.009999999776482582,states_theta,0.10901299118995667,0.39006765195024734,0.22520571279825907,0.5200279038987211,0.5201525013019385,0.5201781812264028,0.5200022239742568,0.5198135152644501,0.5203668899362095,0.0,0.0,0.0,0.003322236007079482,0.003322236007079482,0.0,0.0,0.0,0.0,0.0,-0.0033056156244128942,0.006694383919239044,0.0,0.0,0.0,0.0
219.729,0.0066355494782328606,0.0033177747391164303,0.0033177747391164303,datactrl_ref_vx_fallback,datactrl_est_vx_fallback,-0.0036292430013418198,datactrl_est_theta_fallback,-0.04124223813414574,0.39006927183286205,0.22520661310411622,0.5201175042701114,0.5200672206175208,0.520019637743492,0.5201650871441401,0.5202313517331221,0.5199533731545101,0.0,0.0,0.0,0.0033177747391164303,0.0033177747391164303,0.0,0.0,0.0,0.0,0.0,-0.0036292430013418198,-0.0036292430013418198,0.0,0.0,0.0,0.0
220.036,0.0066355494782328606,0.0033177747391164303,0.0033177747391164303,datactrl_ref_vx_fallback,datactrl_est_vx_fallback,-0.009999999776482582,states_theta,0.01509323064237833,0.39008462677208455,0.22521547748331935,0.5200240364408899,0.5202016349513356,0.520203718461692,0.5200219529305335,0.5200253412129331,0.5202003301792925,0.0,0.0,0.0,0.0033177747391164303,0.0033177747391164303,0.0,0.0,0.0,0.0,0.0,-0.003961798269301653,0.006038201507180929,0.0,0.0,0.0,0.0
220.348,0.0066355494782328606,0.0033177747391164303,0.0033177747391164303,datactrl_ref_vx_fallback,datactrl_est_vx_fallback,-0.004294353537261486,datactrl_est_theta_fallback,0.01500554196536541,0.39011397377093554,0.22523241274994804,0.5202197635076156,0.5200841665482125,0.5200868306373059,0.5202170994185222,0.5201634423496975,0.5201404877061306,0.0,0.0,0.0,0.0033177747391164303,0.0033177747391164303,0.0,0.0,0.0,0.0,0.0,-0.004294353537261486,-0.004294353537261486,0.0,0.0,0.0,0.0
220.65,0.0066355494782328606,0.0033177747391164303,0.0033177747391164303,datactrl_ref_vx_fallback,datactrl_est_vx_fallback,-0.009999999776482582,states_theta,-0.023068320006132126,0.390116403723642,0.2252338145975543,0.5200984567928515,0.5202119531368605,0.5202132284517222,0.5200971814779898,0.5201758582514364,0.5201345516782756,0.0,0.0,0.0,0.0033177747391164303,0.0033177747391164303,0.0,0.0,0.0,0.0,0.0,-0.0046269092708826065,0.005373090505599976,0.0,0.0,0.0,0.0
220.956,0.0066355494782328606,0.0033177747391164303,0.0033177747391164303,datactrl_ref_vx_fallback,datactrl_est_vx_fallback,-0.009999999776482582,states_theta,0.014167464338243008,0.39011883367634864,0.22523522809968463,0.5202870728480787,0.5200298169555176,0.5200894923944878,0.5202273974091086,0.5202274150275482,0.5200894747760482,0.0,0.0,0.0,0.0033177747391164303,0.0033177747391164303,0.0,0.0,0.0,0.0,0.0,-0.00495946453884244,0.0050405352376401424,0.0,0.0,0.0,0.0
221.257,0.013288944028317928,0.006644472014158964,0.006644472014158964,datactrl_ref_vx_fallback,datactrl_est_vx_fallback,-0.0122830830514431,datactrl_est_theta_fallback,-0.004108600318431854,0.3901212636290551,0.22523663554390855,0.5202882707691882,0.5200350989082921,0.5202226906211873,0.520100679056293,0.5200415259978108,0.5202818436796695,0.0,0.0,0.0,0.006644472014158964,0.006644472014158964,0.0,0.0,0.0,0.0,0.0,-0.0122830830514431,-0.0122830830514431,0.0,0.0,0.0,0.0
221.577,0.013292515650391579,0.006646257825195789,0.006646257825195789,datactrl_ref_vx_fallback,datactrl_est_vx_fallback,-0.009999999776482582,states_theta,-0.034714341163635254,0.3900827041001549,0.22521438389658285,0.5200458568741624,0.5201746873929174,0.5202925418771713,0.5199280023899084,0.5199833864928707,0.5202371577742091,0.0,0.0,0.0,0.006646257825195789,0.006646257825195789,0.0,0.0,0.0,0.0,0.0,-0.012952840887010098,-0.0029528408776968718,0.0,0.0,0.0,0.0
221.862,0.013292515650391579,0.006646257825195789,0.006646257825195789,datactrl_ref_vx_fallback,datactrl_est_vx_fallback,-0.009999999776482582,states_theta,0.01400649081915617,0.3897085739911571,0.22499848883895754,0.5197831692825728,0.5194396946938461,0.5192555639590333,0.5199673000173857,0.5199173631525384,0.5193055008238805,0.0,0.0,0.0,0.006646257825195789,0.006646257825195789,0.0,0.0,0.0,0.0,0.0,-0.01361902430653572,-0.003619024995714426,0.0,0.0,0.0,0.0
222.155,0.013288944028317928,0.006644472014158964,0.006644472014158964,datactrl_ref_vx_fallback,datactrl_est_vx_fallback,-0.009999999776482582,states_theta,-0.005010622553527355,0.39005428086433547,0.22519804692182135,0.5202078226764774,0.5199369262950838,0.5197762625681176,0.5203684864034436,0.5203539658080222,0.519790783163539,0.0,0.0,0.0,0.006644472014158964,0.006644472014158964,0.0,0.0,0.0,0.0,0.0,-0.014281545765697956,-0.004281545523554087,0.0,0.0,0.0,0.0
222.473,0.013288944028317928,0.006644472014158964,0.006644472014158964,datactrl_ref_vx_fallback,datactrl_est_vx_fallback,-0.009999999776482582,states_theta,-0.04344244301319122,0.3900278767766942,0.22518280265330595,0.5198440593034263,0.5202302787677583,0.5203382998595586,0.519736038211626,0.5197971937572122,0.5202771443139723,0.0,0.0,0.0,0.006644472014158964,0.006644472014158964,0.0,0.0,0.0,0.0,0.0,-0.014947550371289253,-0.004947550594806671,0.0,0.0,0.0,0.0
222.76,0.013288944028317928,0.006644472014158964,0.006644472014158964,datactrl_ref_vx_fallback,datactrl_est_vx_fallback,-0.019999999552965164,states_theta,0.01336308941245079,0.389987440735634,0.22515941929442024,0.5201269596483141,0.5198395489800433,0.5197603368762882,0.5202061717520692,0.5202011286406696,0.5197653799876878,0.0,0.0,0.0,0.006644472014158964,0.006644472014158964,0.0,0.0,0.0,0.0,0.0,-0.015613555908203125,0.0043864441104233265,0.0,0.0,0.0,0.0
223.043,0.013288944028317928,0.006644472014158964,0.006644472014158964,datactrl_ref_vx_fallback,datactrl_est_vx_fallback,-0.019999999552965164,states_theta,-0.02427222952246666,0.38996002408612634,0.22514354102528925,0.5198572193556686,0.5200361782073349,0.5200779499407954,0.5198154476222082,0.5198846677115375,0.5200087298514661,0.0,0.0,0.0,0.006644472014158964,0.006644472014158964,0.0,0.0,0.0,0.0,0.0,-0.0163128599524498,0.0036871389020234346,0.0,0.0,0.0,0.0
223.322,0.013297866098582745,0.006648933049291372,0.006648933049291372,datactrl_ref_vx_fallback,datactrl_est_vx_fallback,-0.019999999552965164,states_theta,0.013206519186496735,0.3899321079792224,0.22512742891741003,0.5199978514346381,0.5198211031766217,0.5197796039926351,0.5200393506186246,0.520027301878443,0.5197916527328167,0.0,0.0,0.0,0.006648933049291372,0.006648933049291372,0.0,0.0,0.0,0.0,0.0,-0.016988039016723633,0.0030119605362415314,0.0,0.0,0.0,0.0
223.608,0.013297866098582745,0.006648933049291372,0.006648933049291372,datactrl_ref_vx_fallback,datactrl_est_vx_fallback,-0.009999999776482582,states_theta,0.013004789128899574,0.38991722547795515,0.22511883622458398,0.519805820124534,0.5199734478166796,0.5199737853837545,0.5198054825574592,0.519734864288526,0.5200444036526877,0.0,0.0,0.0,0.006648933049291372,0.006648933049291372,0.0,0.0,0.0,0.0,0.0,-0.01765449158847332,-0.007654491346329451,0.0,0.0,0.0,0.0
223.908,0.013297866098582745,0.006648933049291372,0.006648933049291372,datactrl_ref_vx_fallback,datactrl_est_vx_fallback,-0.019999999552965164,states_theta,-0.024245426058769226,0.3898883103190578,0.22510212222478523,0.5198769929492418,0.519825167901579,0.5198799027178417,0.5198222581329791,0.5198802972919855,0.5198218635588353,0.0,0.0,0.0,0.006648933049291372,0.006648933049291372,0.0,0.0,0.0,0.0,0.0,-0.018320944160223007,0.0016790562076494098,0.0,0.0,0.0,0.0
224.192,0.013297866098582745,0.006648933049291372,0.006648933049291372,datactrl_ref_vx_fallback,datactrl_est_vx_fallback,-0.019999999552965164,states_theta,-0.004588812589645386,0.389858990180767,0.22508519868785323,0.5197674758877171,0.5198564979276614,0.5197543879651655,0.519869585850213,0.5198832248370878,0.5197407489782907,0.0,0.0,0.0,0.006648933049291372,0.006648933049291372,0.0,0.0,0.0,0.0,0.0,-0.018987394869327545,0.0010126041015610099,0.0,0.0,0.0,0.0
224.505,0.013297866098582745,0.006648933049291372,0.006648933049291372,datactrl_ref_vx_fallback,datactrl_est_vx_fallback,-0.019999999552965164,states_theta,0.013001950457692146,0.389856290118782,0.22508364486217805,0.5199370730943227,0.5196797005557625,0.519759303083403,0.5198574705666822,0.5198309292950477,0.5197858443550375,0.0,0.0,0.0,0.006648933049291372,0.006648933049291372,0.0,0.0,0.0,0.0,0.0,-0.019653847441077232,0.0003461519372649491,0.0,0.0,0.0,0.0
224.769,0.019960183650255203,0.009980091825127602,0.009980091825127602,datactrl_ref_vx_fallback,datactrl_est_vx_fallback,-0.019999999552965164,states_theta,-0.0500619038939476,0.389853590056797,0.225082099609407,0.5198871866535942,0.5197223868311976,0.519968185034328,0.5196413884504639,0.519702174179279,0.5199073993055129,0.0,0.0,0.0,0.009980091825127602,0.009980091825127602,0.0,0.0,0.0,0.0,0.0,-0.02733721025288105,-0.007337210234254599,0.0,0.0,0.0,0.0
225.067,0.01997089758515358,0.00998544879257679,0.00998544879257679,datactrl_ref_vx_fallback,datactrl_est_vx_fallback,-0.03999999910593033,states_theta,-0.058113813400268555,0.389850889994812,0.22508056072282717,0.5199791907819816,0.5196231825375169,0.519767200984049,0.5198351723354495,0.5200183986594309,0.5195839746600677,0.0,0.0,0.0,0.00998544879257679,0.00998544879257679,0.0,0.0,0.0,0.0,0.0,-0.02834879793226719,0.01165120117366314,0.0,0.0,0.0,0.0
225.361,0.013308577239513397,0.006654288619756699,0.006654288619756699,datactrl_ref_vx_fallback,datactrl_est_vx_fallback,-0.029999999329447746,states_theta,0.12779594957828522,0.389848189932827,0.2250789912349546,0.5199679172446022,0.519627255909603,0.5196271166322215,0.5199680565219837,0.5197441983267368,0.5198509748274684,0.0,0.0,0.0,0.006654288619756699,0.006654288619756699,0.0,0.0,0.0,0.0,0.0,-0.022332770749926567,0.007667228113859892,0.0,0.0,0.0,0.0
225.626,0.013308577239513397,0.006654288619756699,0.006654288619756699,datactrl_ref_vx_fallback,datactrl_est_vx_fallback,-0.022999759763479233,datactrl_est_theta_fallback,0.07206947356462479,0.3902500348899841,0.22531099265604176,0.5204486239077684,0.520218135798856,0.5202235239012142,0.5204432358054102,0.5201641022621725,0.5205026574444519,0.0,0.0,0.0,0.006654288619756699,0.006654288619756699,0.0,0.0,0.0,0.0,0.0,-0.022999759763479233,-0.022999759763479233,0.0,0.0,0.0,0.0
225.907,0.013316607102751732,0.006658303551375866,0.006658303551375866,datactrl_ref_vx_fallback,datactrl_est_vx_fallback,-0.009999999776482582,states_theta,-0.14553549885749817,0.38990086581999583,0.22510938584156479,0.5198566134607562,0.5198790287258993,0.5200234444232841,0.5197121977633714,0.5199347194560457,0.5198009227306097,0.0,0.0,0.0,0.006658303551375866,0.006658303551375866,0.0,0.0,0.0,0.0,0.0,-0.023675207048654556,-0.0136752063408494,0.0,0.0,0.0,0.0
226.215,0.013316607102751732,0.006658303551375866,0.006658303551375866,datactrl_ref_vx_fallback,datactrl_est_vx_fallback,-0.04999999701976776,states_theta,-0.16089019179344177,0.38991750774286593,0.22511905329161344,0.5198537423470606,0.5199262783005818,0.5200214111112867,0.5197586095363557,0.520231934641329,0.5195480860063134,0.0,0.0,0.0,0.006658303551375866,0.006658303551375866,0.0,0.0,0.0,0.0,0.0,-0.024342598393559456,0.025657398626208305,0.0,0.0,0.0,0.0
226.49,0.013315712101757526,0.006657856050878763,0.006657856050878763,datactrl_ref_vx_fallback,datactrl_est_vx_fallback,-0.019999999552965164,states_theta,0.18193590641021729,0.39032091871096225,0.2253519481416404,0.5203500407300337,0.520505742499199,0.5203244529423432,0.5205313302868895,0.5201236108478549,0.5207321723813778,0.0,0.0,0.0,0.006657856050878763,0.006657856050878763,0.0,0.0,0.0,0.0,0.0,-0.025009069591760635,-0.005009069107472897,0.0,0.0,0.0,0.0
226.793,0.013324635103344917,0.006662317551672459,0.006662317551672459,datactrl_ref_vx_fallback,datactrl_est_vx_fallback,-0.019999999552965164,states_theta,-0.20630690455436707,0.3899733426586893,0.22515127556209602,0.5201229507553732,0.5198059630011317,0.5201005729717996,0.5198283407847053,0.5202225044195106,0.5197064093369943,0.0,0.0,0.0,0.006662317551672459,0.006662317551672459,0.0,0.0,0.0,0.0,0.0,-0.025685813277959824,-0.005685813724994659,0.0,0.0,0.0,0.0
227.076,0.013324635103344917,0.006662317551672459,0.006662317551672459,datactrl_ref_vx_fallback,datactrl_est_vx_fallback,-0.029999999329447746,states_theta,0.23136034607887268,0.39001385962951424,0.22517472433679278,0.5198004271538215,0.5202365318582165,0.5199560574513449,0.5200809015606931,0.5196182215300904,0.5204187374819476,0.0,0.0,0.0,0.006662317551672459,0.006662317551672459,0.0,0.0,0.0,0.0,0.0,-0.026353606954216957,0.003646392375230789,0.0,0.0,0.0,0.0
227.393,0.013333558104932308,0.006666779052466154,0.006666779052466154,datactrl_ref_vx_fallback,datactrl_est_vx_fallback,-0.009999999776482582,states_theta,-0.15200909972190857,0.3900143995904149,0.22517504668398994,0.5202689542856151,0.5197694446221579,0.5198588907783442,0.5201795081294288,0.520396915888555,0.5196414830192181,0.0,0.0,0.0,0.006666779052466154,0.006666779052466154,0.0,0.0,0.0,0.0,0.0,-0.027030574157834053,-0.01703057438135147,0.0,0.0,0.0,0.0
227.6,0.013333558104932308,0.006666779052466154,0.006666779052466154,datactrl_ref_vx_fallback,datactrl_est_vx_fallback,-0.029999999329447746,states_theta,-0.18478520214557648,0.3900424775568481,0.2251912477936664,0.519859504635129,0.5202537688497993,0.5203066273799548,0.5198066461049735,0.5197221069608473,0.520391166524081,0.0,0.0,0.0,0.006666779052466154,0.006666779052466154,0.0,0.0,0.0,0.0,0.0,-0.027364695444703102,0.002635303884744644,0.0,0.0,0.0,0.0
227.651,0.013333558104932308,0.006666779052466154,0.006666779052466154,datactrl_ref_vx_fallback,datactrl_est_vx_fallback,-0.029999999329447746,states_theta,0.04463707655668259,0.3900424775568481,0.2251912477936664,0.519859504635129,0.5202537688497993,0.5203066273799548,0.5198066461049735,0.5197221069608473,0.520391166524081,0.0,0.0,0.0,0.006666779052466154,0.006666779052466154,0.0,0.0,0.0,0.0,0.0,-0.02769881673157215,0.002301183296367526,0.0,0.0,0.0,0.0
227.943,0.003333558328449726,0.009999999776482582,-0.006666441448032856,datactrl_ref_vx_fallback,states_vx_gs,-0.019999999552965164,states_theta,0.05201854184269905,0.3900709604895259,0.22520765612364052,0.5202496172564081,0.519939610715661,0.5198266301812043,0.5203625977908647,0.5203227422843663,0.5198664856877028,0.0,0.0,0.0,0.006666779052466154,-0.003333220724016428,0.0,0.0,0.0,0.0,0.0,-0.007152233272790909,0.012847766280174255,0.0,0.0,0.0,0.0
228.243,-0.0033198369201272726,0.009999999776482582,-0.013319836696609855,datactrl_ref_vx_fallback,states_vx_gs,-0.009999999776482582,states_theta,0.014812478795647621,0.3900861263522536,0.2252163890220457,0.5199859667241417,0.5202437035485347,0.5203381497499638,0.5198915205227125,0.5199154276184376,0.5203142426542388,0.0,0.0,0.0,0.0033400815445929766,-0.006659918464720249,0.0,0.0,0.0,0.0,0.0,0.00018938278662972152,0.01018938235938549,0.0,0.0,0.0,0.0
228.518,-0.0033198369201272726,0.009999999776482582,-0.013319836696609855,datactrl_ref_vx_fallback,states_vx_gs,0.0008569360361434519,datactrl_est_theta_fallback,0.052602652460336685,0.3900880163441468,0.22521749804692476,0.520282867290518,0.5199518429605401,0.5198350714762683,0.5203996387747898,0.5202942750201478,0.5199404352309103,0.0,0.0,0.0,0.0033400815445929766,-0.006659918464720249,0.0,0.0,0.0,0.0,0.0,0.0008569360361434519,0.0008569360361434519,0.0,0.0,0.0,0.0
228.824,-0.0033109148498624563,0.009999999776482582,-0.013310914626345038,datactrl_ref_vx_fallback,states_vx_gs,0.0015153158456087112,datactrl_est_theta_fallback,-0.0032437031622976065,0.3901173903410384,0.22523441835875246,0.5200261749908613,0.5202868659185743,0.5203241252049952,0.5199889157044405,0.5200034072272645,0.5203096336821712,0.0,0.0,0.0,0.0033445425797253847,-0.006655457429587841,0.0,0.0,0.0,0.0,0.0,0.0015153158456087112,0.0015153158456087112,0.0,0.0,0.0,0.0
229.126,-0.0033109148498624563,0.009999999776482582,-0.013310914626345038,datactrl_ref_vx_fallback,states_vx_gs,0.002182421972975135,datactrl_est_theta_fallback,0.034354083240032196,0.3901198202937448,0.22523583092912994,0.5202896669157994,0.5200298538675202,0.5199465427336231,0.5203729780496965,0.5203132264661149,0.5200062943172047,0.0,0.0,0.0,0.0033445425797253847,-0.006655457429587841,0.0,0.0,0.0,0.0,0.0,0.002182421972975135,0.002182421972975135,0.0,0.0,0.0,0.0
229.41,-0.009973231675758143,0.009999999776482582,-0.019973231452240725,datactrl_ref_vx_fallback,states_vx_gs,0.009699421934783459,datactrl_est_theta_fallback,-0.01981915533542633,0.3900951982101038,0.22522160177216322,0.5202322828084575,0.5200215790851527,0.5203257394048046,0.5199281224888055,0.5200231361933099,0.5202307257003003,0.0,0.0,0.0,1.3384064004640095e-05,-0.009986615739762783,0.0,0.0,0.0,0.0,0.0,0.009699421934783459,0.009699421934783459,0.0,0.0,0.0,0.0
229.686,-0.009973231675758143,0.009999999776482582,-0.019973231452240725,datactrl_ref_vx_fallback,states_vx_gs,0.010700425133109093,datactrl_est_theta_fallback,0.05343615636229515,0.39008354222188385,0.22521484086673807,0.5201399642259428,0.5200828150324142,0.5200481919110616,0.5201745873472954,0.5201240215383676,0.5200987577199894,0.0,0.0,0.0,1.3384064004640095e-05,-0.009986615739762783,0.0,0.0,0.0,0.0,0.0,0.010700425133109093,0.010700425133109093,0.0,0.0,0.0,0.0
230.035,-0.009964309287170181,0.009999999776482582,-0.019964309063652763,datactrl_ref_vx_fallback,states_vx_gs,0.011692030355334282,datactrl_est_theta_fallback,0.016960768029093742,0.39008516210449856,0.22521577464252152,0.5200933130376839,0.5201337859076456,0.5201029749869701,0.5201241239583594,0.5201561076745964,0.5200709912707331,0.0,0.0,0.0,1.7845417460193858e-05,-0.009982154704630375,0.0,0.0,0.0,0.0,0.0,0.011692030355334282,0.011692030355334282,0.0,0.0,0.0,0.0
230.343,-0.009964309287170181,0.009999999776482582,-0.019964309063652763,datactrl_ref_vx_fallback,states_vx_gs,0.009999999776482582,states_theta,-0.000999720417894423,0.3900593249801556,0.22520087295778352,0.5200390754861567,0.520119124460925,0.5202078002786024,0.5199503996684793,0.5199700765967614,0.5201881233503203,0.0,0.0,0.0,1.7845417460193858e-05,-0.009982154704630375,0.0,0.0,0.0,0.0,0.0,0.0126925865188241,0.0026925865095108747,0.0,0.0,0.0,0.0
230.606,-0.009964309287170181,0.009999999776482582,-0.019964309063652763,datactrl_ref_vx_fallback,states_vx_gs,0.009999999776482582,states_theta,-0.0010003712959587574,0.3900300018866719,0.22518403183003713,0.5198432577451751,0.52023674728595,0.5203271698479948,0.5197528351831304,0.5197784130404985,0.5203015919906266,0.0,0.0,0.0,1.7845417460193858e-05,-0.009982154704630375,0.0,0.0,0.0,0.0,0.0,0.013693141750991344,0.003693142207339406,0.0,0.0,0.0,0.0
230.91,-0.016626626485958695,0.009999999776482582,-0.026626626262441278,datactrl_ref_vx_fallback,states_vx_gs,0.009999999776482582,states_theta,0.01685924455523491,0.3899896603580805,0.2251608327425131,0.5202294470530281,0.51974298056852,0.5196179698483269,0.5203544577732212,0.5203871180809326,0.5195853095406154,0.0,0.0,0.0,-0.0033133134711533785,-0.013313313014805317,0.0,0.0,0.0,0.0,0.0,0.021543659269809723,0.01154365949332714,0.0,0.0,0.0,0.0
231.131,-0.016626626485958695,0.009999999776482582,-0.026626626262441278,datactrl_ref_vx_fallback,states_vx_gs,0.009999999776482582,states_theta,0.018038291484117508,0.3899623382081674,0.22514503155001236,0.5197122390767225,0.5201873294783906,0.5203047295200447,0.5195948390350684,0.5195963934621117,0.5203031750930014,0.0,0.0,0.0,-0.0033133134711533785,-0.013313313014805317,0.0,0.0,0.0,0.0,0.0,0.02221088670194149,0.012210885994136333,0.0,0.0,0.0,0.0
231.186,-0.016626626485958695,0.009999999776482582,-0.026626626262441278,datactrl_ref_vx_fallback,states_vx_gs,0.009999999776482582,states_theta,0.036034855991601944,0.3899623382081674,0.22514503155001236,0.5197122390767225,0.5201873294783906,0.5203047295200447,0.5195948390350684,0.5195963934621117,0.5203031750930014,0.0,0.0,0.0,-0.0033133134711533785,-0.013313313014805317,0.0,0.0,0.0,0.0,0.0,0.022878112271428108,0.012878112494945526,0.0,0.0,0.0,0.0
231.478,-0.006626626942306757,-0.0033133134711533785,-0.0033133134711533785,datactrl_ref_vx_fallback,datactrl_est_vx_fallback,0.019999999552965164,states_theta,0.018984943628311157,0.3899345030953986,0.22512892591792608,0.5201188684150865,0.5197064731726432,0.5195378111754873,0.5202875304122424,0.5201599836250382,0.5196653579626914,0.0,0.0,0.0,-0.0033133134711533785,-0.0033133134711533785,0.0,0.0,0.0,0.0,0.0,0.0032984449062496424,-0.016701554879546165,0.0,0.0,0.0,0.0
231.778,-0.006617703940719366,-0.003308851970359683,-0.003308851970359683,datactrl_ref_vx_fallback,datactrl_est_vx_fallback,0.019999999552965164,states_theta,-0.054872043430805206,0.3899331530644061,0.2251281146078235,0.519747017069907,0.520074724435176,0.520206335468012,0.519615406037071,0.5196413247148677,0.5201804167902153,0.0,0.0,0.0,-0.003308851970359683,-0.003308851970359683,0.0,0.0,0.0,0.0,0.0,0.003621378680691123,-0.016378620639443398,0.0,0.0,0.0,0.0
232.064,-0.006617703940719366,-0.003308851970359683,-0.003308851970359683,datactrl_ref_vx_fallback,datactrl_est_vx_fallback,0.009999999776482582,states_theta,-0.0002608740178402513,0.3898908674492349,0.22510371676862653,0.5200477511006608,0.5196612287639656,0.5195411698986424,0.520167809965984,0.5201367412180343,0.5195722386465921,0.0,0.0,0.0,-0.003308851970359683,-0.003308851970359683,0.0,0.0,0.0,0.0,0.0,0.003953039646148682,-0.0060469601303339005,0.0,0.0,0.0,0.0
232.368,-0.006617703940719366,-0.003308851970359683,-0.003308851970359683,datactrl_ref_vx_fallback,datactrl_est_vx_fallback,0.009999999776482582,states_theta,-0.03710383176803589,0.38986165530314165,0.2250867801770091,0.5196911446963483,0.5199399361120295,0.5200270936157048,0.519603987192673,0.5196506814183646,0.5199803993900132,0.0,0.0,0.0,-0.003308851970359683,-0.003308851970359683,0.0,0.0,0.0,0.0,0.0,0.004284700378775597,-0.0057152993977069855,0.0,0.0,0.0,0.0
232.652,-0.013280021026730537,-0.006640010513365269,-0.006640010513365269,datactrl_ref_vx_fallback,datactrl_est_vx_fallback,0.009999999776482582,states_theta,0.07343559712171555,0.38985895524115666,0.22508521290538594,0.5198961448618841,0.5197277357812004,0.5195750294956203,0.5200488511474641,0.5199072391813684,0.519716641461716,0.0,0.0,0.0,-0.006640010513365269,-0.006640010513365269,0.0,0.0,0.0,0.0,0.0,0.011633271351456642,0.0016332713421434164,0.0,0.0,0.0,0.0
232.964,-0.013280021026730537,-0.006640010513365269,-0.006640010513365269,datactrl_ref_vx_fallback,datactrl_est_vx_fallback,0.009999999776482582,states_theta,-0.015359358862042427,0.38985625517917166,0.22508366002975552,0.5198614618023601,0.519755218675431,0.520030755266104,0.5195859252116871,0.5196327760600442,0.5199839044177469,0.0,0.0,0.0,-0.006640010513365269,-0.006640010513365269,0.0,0.0,0.0,0.0,0.0,0.01229871716350317,0.002298717387020588,0.0,0.0,0.0,0.0
233.263,-0.013288944028317928,-0.006644472014158964,-0.006644472014158964,datactrl_ref_vx_fallback,datactrl_est_vx_fallback,0.03999999910593033,states_theta,0.17172560095787048,0.3898532041425445,0.22508192578336786,0.5198649102180306,0.519743634162088,0.5195718538661688,0.5200366905139499,0.5195312852446196,0.5200772591354991,0.0,0.0,0.0,-0.006644472014158964,-0.006644472014158964,0.0,0.0,0.0,0.0,0.0,0.012973672710359097,-0.027026325464248657,0.0,0.0,0.0,0.0
233.552,-0.013288944028317928,-0.006644472014158964,-0.006644472014158964,datactrl_ref_vx_fallback,datactrl_est_vx_fallback,0.019999999552965164,states_theta,-0.17141473293304443,0.3898505040805595,0.22508032635982247,0.5198895198097258,0.5197118244050996,0.5199534351762353,0.51964790903859,0.519967956353438,0.5196333878613874,0.0,0.0,0.0,-0.006644472014158964,-0.006644472014158964,0.0,0.0,0.0,0.0,0.0,0.013639677315950394,-0.006360321771353483,0.0,0.0,0.0,0.0
233.848,-0.013292515650391579,-0.006646257825195789,-0.006646257825195789,datactrl_ref_vx_fallback,datactrl_est_vx_fallback,0.014342663809657097,datactrl_est_theta_fallback,0.012328369542956352,0.3898748020547198,0.2250943640394714,0.5199974865423245,0.5196686522702616,0.5197061631005189,0.5199599757120672,0.5200139418899299,0.5196521969226562,0.0,0.0,0.0,-0.006646257825195789,-0.006646257825195789,0.0,0.0,0.0,0.0,0.0,0.014342663809657097,0.014342663809657097,0.0,0.0,0.0,0.0
234.151,-0.013288944028317928,-0.006644472014158964,-0.006644472014158964,datactrl_ref_vx_fallback,datactrl_est_vx_fallback,0.019999999552965164,states_theta,0.13342607021331787,0.38990312298612656,0.22511071788261394,0.5200452314793004,0.5196964298170371,0.519763693394831,0.5199779679015065,0.5196735761182735,0.520068085178064,0.0,0.0,0.0,-0.006644472014158964,-0.006644472014158964,0.0,0.0,0.0,0.0,0.0,0.01500516664236784,-0.004994832444936037,0.0,0.0,0.0,0.0
234.44,-0.013292515650391579,-0.006646257825195789,-0.006646257825195789,datactrl_ref_vx_fallback,datactrl_est_vx_fallback,0.019999999552965164,states_theta,-0.1323758065700531,0.39029205886787693,0.22533526058374662,0.5202324423476326,0.5205463813000393,0.520452837606938,0.5203259860407339,0.520576583844018,0.5202022398036539,0.0,0.0,0.0,-0.006646257825195789,-0.006646257825195789,0.0,0.0,0.0,0.0,0.0,0.01567494310438633,-0.004325056914240122,0.0,0.0,0.0,0.0
234.746,-0.013288944028317928,-0.006644472014158964,-0.006644472014158964,datactrl_ref_vx_fallback,datactrl_est_vx_fallback,0.016337445005774498,datactrl_est_theta_fallback,0.04942167177796364,0.3899453078644669,0.22513504411781504,0.5199109658998717,0.5199431884053733,0.5198033054737913,0.5200508488314538,0.5200393864102503,0.5198147678949948,0.0,0.0,0.0,-0.006644472014158964,-0.006644472014158964,0.0,0.0,0.0,0.0,0.0,0.016337445005774498,0.016337445005774498,0.0,0.0,0.0,0.0
235.05,-0.013295186683535576,-0.006647593341767788,-0.006647593341767788,datactrl_ref_vx_fallback,datactrl_est_vx_fallback,0.029999999329447746,states_theta,-0.01890002377331257,0.3899717658194573,0.22515033040942328,0.51993632227064,0.5199883865812461,0.5200984784809773,0.5198262303709088,0.5197937978156729,0.5201309110362132,0.0,0.0,0.0,-0.006647593341767788,-0.006647593341767788,0.0,0.0,0.0,0.0,0.0,0.017009884119033813,-0.012990115210413933,0.0,0.0,0.0,0.0
235.343,-0.013297866098582745,-0.006648933049291372,-0.006648933049291372,datactrl_ref_vx_fallback,datactrl_est_vx_fallback,0.017679031938314438,datactrl_est_theta_fallback,-0.04530215263366699,0.38998510921329843,0.22515813940556498,0.5200945652213356,0.5198657260141268,0.5197562518212612,0.5202040394142012,0.5203971162975264,0.519563174937936,0.0,0.0,0.0,-0.006648933049291372,-0.006648933049291372,0.0,0.0,0.0,0.0,0.0,0.017679031938314438,0.017679031938314438,0.0,0.0,0.0,0.0
235.636,-0.013295186683535576,-0.006647593341767788,-0.006647593341767788,datactrl_ref_vx_fallback,datactrl_est_vx_fallback,0.029999999329447746,states_theta,0.12310376763343811,0.3900125932227408,0.22517400677236282,0.5199293333890181,0.5201042485382906,0.5201551728832962,0.5198784090440126,0.5195592516816446,0.5204743302456641,0.0,0.0,0.0,-0.006647593341767788,-0.006647593341767788,0.0,0.0,0.0,0.0,0.0,0.018342722207307816,-0.011657278053462505,0.0,0.0,0.0,0.0
235.963,-0.013297866098582745,-0.006648933049291372,-0.006648933049291372,datactrl_ref_vx_fallback,datactrl_est_vx_fallback,0.009999999776482582,states_theta,-0.08617114275693893,0.390040590195039,0.22519016070511438,0.5201978535906878,0.5199103869294163,0.51987688600694,0.520231354513164,0.5204613581974371,0.519646882322667,0.0,0.0,0.0,-0.006648933049291372,-0.006648933049291372,0.0,0.0,0.0,0.0,0.0,0.01901180110871792,0.009011801332235336,0.0,0.0,0.0,0.0
236.264,-0.013305000960826874,-0.006652500480413437,-0.006652500480413437,datactrl_ref_vx_fallback,datactrl_est_vx_fallback,0.019999999552965164,states_theta,0.03222247585654259,0.3900690461296761,0.22520661224128594,0.5198688074897241,0.5203153155227455,0.5203796304805464,0.5198044925319232,0.5197372106037959,0.5204469124086737,0.0,0.0,0.0,-0.006652500480413437,-0.006652500480413437,0.0,0.0,0.0,0.0,0.0,0.01968560740351677,-0.00031439255690202117,0.0,0.0,0.0,0.0
236.56,-0.013306789100170135,-0.006653394550085068,-0.006653394550085068,datactrl_ref_vx_fallback,datactrl_est_vx_fallback,0.019999999552965164,states_theta,4.36377104051644e-06,0.3900842525087955,0.22521541640713164,0.5203393079780118,0.5198853653787764,0.5197593811733159,0.5204652921834723,0.5204686825735725,0.5197559907832157,0.0,0.0,0.0,-0.006653394550085068,-0.006653394550085068,0.0,0.0,0.0,0.0,0.0,0.0203542597591877,0.00035426014801487327,0.0,0.0,0.0,0.0
236.857,-0.013305000960826874,-0.006652500480413437,-0.006652500480413437,datactrl_ref_vx_fallback,datactrl_est_vx_fallback,0.019999999552965164,states_theta,0.019035350531339645,0.3901133835233211,0.22523223076078108,0.5199694927855292,0.5203328632766604,0.5204966078599207,0.5198057482022689,0.5197733457083453,0.5205290103538442,0.0,0.0,0.0,-0.006652500480413437,-0.006652500480413437,0.0,0.0,0.0,0.0,0.0,0.021019315347075462,0.0010193164926022291,0.0,0.0,0.0,0.0
237.174,-0.013305000960826874,-0.006652500480413437,-0.006652500480413437,datactrl_ref_vx_fallback,datactrl_est_vx_fallback,0.019999999552965164,states_theta,4.611203621607274e-06,0.39011581347602764,0.22523356820362656,0.5203097125244779,0.5199991234115958,0.51988344580607,0.5204253901300037,0.52043644968356,0.5198723862525138,0.0,0.0,0.0,-0.006652500480413437,-0.006652500480413437,0.0,0.0,0.0,0.0,0.0,0.021352721378207207,0.0013527213595807552,0.0,0.0,0.0,0.0
237.34,-0.013315712101757526,-0.006657856050878763,-0.006657856050878763,datactrl_ref_vx_fallback,datactrl_est_vx_fallback,0.019999999552965164,states_theta,7.393290957224963e-08,0.39011702845238094,0.22523417680096036,0.5202445816836251,0.5200674941893907,0.5201323768371867,0.5201796990358291,0.5201927207385278,0.5201193551344879,0.0,0.0,0.0,-0.006657856050878763,-0.006657856050878763,0.0,0.0,0.0,0.0,0.0,0.022030837833881378,0.0020308392122387886,0.0,0.0,0.0,0.0
237.624,-0.013315712101757526,-0.006657856050878763,-0.006657856050878763,datactrl_ref_vx_fallback,datactrl_est_vx_fallback,0.019999999552965164,states_theta,-1.1101237984423307e-11,0.39011945840508744,0.22523557748156545,0.5200848546570628,0.5202337010898371,0.520168869926618,0.5201496858202819,0.5201666685960256,0.5201518871508743,0.0,0.0,0.0,-0.006657856050878763,-0.006657856050878763,0.0,0.0,0.0,0.0,0.0,0.022698184475302696,0.002698185620829463,0.0,0.0,0.0,0.0
237.931,-0.013324635103344917,-0.006662317551672459,-0.006662317551672459,datactrl_ref_vx_fallback,datactrl_est_vx_fallback,0.029999999329447746,states_theta,0.01799659989774227,0.39012188835779404,0.22523698516473836,0.5200557647456115,0.5202692708751725,0.520115207152194,0.5202098284685901,0.5201378449051486,0.5201871907156355,0.0,0.0,0.0,-0.006662317551672459,-0.006662317551672459,0.0,0.0,0.0,0.0,0.0,0.023374728858470917,-0.006625270936638117,0.0,0.0,0.0,0.0
238.24,-0.013324630446732044,-0.006662315223366022,-0.006662315223366022,datactrl_ref_vx_fallback,datactrl_est_vx_fallback,0.019999999552965164,states_theta,-0.056462183594703674,0.39009705028982755,0.2252226470330186,0.5200413921900161,0.5202174085828574,0.5202129073294647,0.5200458934434088,0.5201874315927323,0.5200713691801412,0.0,0.0,0.0,-0.006662315223366022,-0.006662315223366022,0.0,0.0,0.0,0.0,0.0,0.024042516946792603,0.004042517859488726,0.0,0.0,0.0,0.0
238.555,-0.013324630446732044,-0.006662315223366022,-0.006662315223366022,datactrl_ref_vx_fallback,datactrl_est_vx_fallback,0.019999999552965164,states_theta,0.037112705409526825,0.39008256671966846,0.2252142771507779,0.5201356950485562,0.5200844828705596,0.5201189262817341,0.5201012516373817,0.5200524844449601,0.5201676934741557,0.0,0.0,0.0,-0.006662315223366022,-0.006662315223366022,0.0,0.0,0.0,0.0,0.0,0.024710310623049736,0.004710311070084572,0.0,0.0,0.0,0.0
238.87,-0.013334444724023342,-0.006667222362011671,-0.006667222362011671,datactrl_ref_vx_fallback,datactrl_est_vx_fallback,0.019999999552965164,states_theta,-0.11298879235982895,0.39005297959535334,0.2251972148813652,0.5201080003537465,0.5200332785671958,0.520166172202545,0.5199751067183973,0.5202418625209471,0.5198994163999953,0.0,0.0,0.0,-0.006667222362011671,-0.006667222362011671,0.0,0.0,0.0,0.0,0.0,0.02538846619427204,0.0053884657099843025,0.0,0.0,0.0,0.0
239.149,-0.013333558104932308,-0.006666779052466154,-0.006666779052466154,datactrl_ref_vx_fallback,datactrl_est_vx_fallback,0.029999999329447746,states_theta,0.2814286947250366,0.39002660250575727,0.22518209254905477,0.5198683617608443,0.5202025782545084,0.5198372854730162,0.5202336545423365,0.5196299244125544,0.5204410156027983,0.0,0.0,0.0,-0.006666779052466154,-0.006666779052466154,0.0,0.0,0.0,0.0,0.0,0.02605581469833851,-0.003944184631109238,0.0,0.0,0.0,0.0
239.451,0.0033198369201272726,-0.009999999776482582,0.013319836696609855,datactrl_ref_vx_fallback,states_vx_gs,0.029999999329447746,states_theta,-0.2084071934223175,0.3899839164647139,0.22515734304627924,0.5200185476467822,0.5199385629257882,0.5201715140442769,0.5197855965282936,0.5200434394830307,0.5199136710895398,0.0,0.0,0.0,-0.0033400815445929766,0.006659918464720249,0.0,0.0,0.0,0.0,0.0,-0.001414941973052919,-0.0314149409532547,0.0,0.0,0.0,0.0
239.758,0.0033198369201272726,-0.009999999776482582,0.013319836696609855,datactrl_ref_vx_fallback,states_vx_gs,0.029999999329447746,states_theta,0.16363948583602905,0.38995659431480073,0.22514162704234766,0.519834706891049,0.5200495446150862,0.5196969442973554,0.5201873072087799,0.5196652559640544,0.5202189955420808,0.0,0.0,0.0,-0.0033400815445929766,0.006659918464720249,0.0,0.0,0.0,0.0,0.0,-0.0020824952516704798,-0.03208249434828758,0.0,0.0,0.0,0.0
240.05,0.0033198369201272726,-0.009999999776482582,0.013319836696609855,datactrl_ref_vx_fallback,states_vx_gs,-0.002750048413872719,datactrl_est_theta_fallback,-0.27751708030700684,0.389955784244709,0.22514116727892874,0.5199860455014268,0.5198960458177971,0.5202754343561927,0.5196066569630312,0.5201618462033216,0.5197202451159023,0.0,0.0,0.0,-0.0033400815445929766,0.006659918464720249,0.0,0.0,0.0,0.0,0.0,-0.002750048413872719,-0.002750048413872719,0.0,0.0,0.0,0.0
240.357,0.0033109148498624563,-0.009999999776482582,0.013310914626345038,datactrl_ref_vx_fallback,states_vx_gs,0.019999999552965164,states_theta,0.21779167652130127,0.3899275171632196,0.22512486310304947,0.5198659598327294,0.5199407526025229,0.5195192882552,0.5202874241800524,0.5196979609553973,0.520108751479855,0.0,0.0,0.0,-0.0033445425797253847,0.006655457429587841,0.0,0.0,0.0,0.0,0.0,-0.0034081824123859406,-0.023408181965351105,0.0,0.0,0.0,0.0
240.678,0.0033082400914281607,-0.009999999776482582,0.013308239867910743,datactrl_ref_vx_fallback,states_vx_gs,0.009999999776482582,states_theta,-0.15679416060447693,0.38991249960735674,0.22511611149387825,0.5199288239424827,0.5198378416771353,0.5199181266167001,0.5198485390029179,0.520087137541775,0.519679528077843,0.0,0.0,0.0,-0.0033458799589425325,0.006654120050370693,0.0,0.0,0.0,0.0,0.0,-0.004072531592100859,-0.014072531834244728,0.0,0.0,0.0,0.0
240.961,0.009960740639144205,-0.009999999776482582,0.019960740415626788,datactrl_ref_vx_fallback,states_vx_gs,-0.01176274474710226,datactrl_est_theta_fallback,-0.003978095483034849,0.3898833684641341,0.22509928582617011,0.5197247907683321,0.5199641918026922,0.5199002019742629,0.5197887805967614,0.5197214222277518,0.5199675603432725,0.0,0.0,0.0,-1.9629651433206163e-05,0.009980370290577412,0.0,0.0,0.0,0.0,0.0,-0.01176274474710226,-0.01176274474710226,0.0,0.0,0.0,0.0
241.231,0.009964309285351192,-0.009999999776482582,0.019964309061833774,datactrl_ref_vx_fallback,states_vx_gs,-0.009999999776482582,states_theta,-0.0622660368680954,0.3898540753238926,0.2250823791222311,0.5199163297961505,0.5196945377342298,0.5197441324677461,0.5198667350626343,0.5199690817204738,0.5196417858099065,0.0,0.0,0.0,-1.784541927918326e-05,0.009982154704630375,0.0,0.0,0.0,0.0,0.0,-0.012766889296472073,-0.002766889287158847,0.0,0.0,0.0,0.0
241.52,0.009964309285351192,-0.009999999776482582,0.019964309061833774,datactrl_ref_vx_fallback,states_vx_gs,-0.009999999776482582,states_theta,0.0021570809185504913,0.3898513752619076,0.2250808332018418,0.5199104721438697,0.5196931952212174,0.5199469177397364,0.5196567496253506,0.5196192882323198,0.5199843791327672,0.0,0.0,0.0,-1.784541927918326e-05,0.009982154704630375,0.0,0.0,0.0,0.0,0.0,-0.013767355121672153,-0.003767355578020215,0.0,0.0,0.0,0.0
241.872,0.009955385963621666,-0.009999999776482582,0.019955385740104248,datactrl_ref_vx_fallback,states_vx_gs,-0.014758490957319736,datactrl_est_theta_fallback,0.010007968172430992,0.3898486751999226,0.2250792806613683,0.5199988454592499,0.5195976217405438,0.5196165313022326,0.5199799358975611,0.5198640449452597,0.519732422254534,0.0,0.0,0.0,-2.2306774553726427e-05,0.009977692738175392,0.0,0.0,0.0,0.0,0.0,-0.014758490957319736,-0.014758490957319736,0.0,0.0,0.0,0.0
242.168,0.016622165450826287,-0.009999999776482582,0.02662216522730887,datactrl_ref_vx_fallback,states_vx_gs,-0.009999999776482582,states_theta,-0.12619833648204803,0.38987318917133035,0.2250933993137659,0.5198359672321676,0.5198258705580466,0.5199197104496838,0.5197421273405305,0.5199179222367196,0.5197439155534946,0.0,0.0,0.0,0.0033110829535871744,0.013311082497239113,0.0,0.0,0.0,0.0,0.0,-0.022796915844082832,-0.012796915136277676,0.0,0.0,0.0,0.0
242.449,0.016622165450826287,-0.009999999776482582,0.02662216522730887,datactrl_ref_vx_fallback,states_vx_gs,-0.029999999329447746,states_theta,0.007076355628669262,0.38987102907033333,0.225092156338487,0.5197229207489286,0.5199331567719604,0.5197518876639525,0.5199041898569364,0.519906272423483,0.519749805097406,0.0,0.0,0.0,0.0033110829535871744,0.013311082497239113,0.0,0.0,0.0,0.0,0.0,-0.02413114346563816,0.005868854932487011,0.0,0.0,0.0,0.0
242.712,0.016617703950032592,-0.009999999776482582,0.026617703726515174,datactrl_ref_vx_fallback,states_vx_gs,-0.019999999552965164,states_theta,0.02947135642170906,0.38991418598979605,0.2251170963222525,0.5197408796359555,0.5200302830035006,0.5196935472652702,0.520077615374186,0.5199702127569195,0.5198009498825367,0.0,0.0,0.0,0.003308851970359683,0.013308851979672909,0.0,0.0,0.0,0.0,0.0,-0.025460662320256233,-0.005460663232952356,0.0,0.0,0.0,0.0
242.989,0.0066034262999892235,0.0033017131499946117,0.0033017131499946117,datactrl_ref_vx_fallback,datactrl_est_vx_fallback,-0.03999999910593033,states_theta,-0.1086263433098793,0.39031770197743937,0.225350089726827,0.5205434814718957,0.520303723801276,0.5205372186587061,0.5203099866144656,0.520706169598627,0.5201410356745446,0.0,0.0,0.0,0.0033017131499946117,0.0033017131499946117,0.0,0.0,0.0,0.0,0.0,-0.006467238999903202,0.0335327610373497,0.0,0.0,0.0,0.0
243.259,0.013271098956465721,0.0066355494782328606,0.0066355494782328606,datactrl_ref_vx_fallback,datactrl_est_vx_fallback,-0.029999999329447746,states_theta,0.1757192760705948,0.3899691059447217,0.22514890170756732,0.5197936808358196,0.5201239350167716,0.5201085570436619,0.5198090588089292,0.519522214705616,0.5203954011469751,0.0,0.0,0.0,0.0066355494782328606,0.0066355494782328606,0.0,0.0,0.0,0.0,0.0,-0.013670360669493675,0.01632963865995407,0.0,0.0,0.0,0.0
243.56,0.013271098956465721,0.0066355494782328606,0.0066355494782328606,datactrl_ref_vx_fallback,datactrl_est_vx_fallback,-0.014335471205413342,datactrl_est_theta_fallback,-9.41283069550991e-05,0.3899824223276435,0.22515665421680506,0.5202118840538797,0.5197412421531696,0.5195457200079291,0.5204074061991203,0.5203158535184164,0.519637272688633,0.0,0.0,0.0,0.0066355494782328606,0.0066355494782328606,0.0,0.0,0.0,0.0,0.0,-0.014335471205413342,-0.014335471205413342,0.0,0.0,0.0,0.0
243.852,0.013271098956465721,0.0066355494782328606,0.0066355494782328606,datactrl_ref_vx_fallback,datactrl_est_vx_fallback,-0.019999999552965164,states_theta,-0.0190066359937191,0.3900098253429509,0.2251725964330647,0.5197071167668242,0.5203190841477116,0.5205299737231981,0.5194962271913377,0.5195510742091063,0.5204751267054295,0.0,0.0,0.0,0.0066355494782328606,0.0066355494782328606,0.0,0.0,0.0,0.0,0.0,-0.015000581741333008,0.004999417811632156,0.0,0.0,0.0,0.0
244.03,0.013271098956465721,0.0066355494782328606,0.0066355494782328606,datactrl_ref_vx_fallback,datactrl_est_vx_fallback,-0.019999999552965164,states_theta,0.009066248312592506,0.390037741321114,0.2251886109806309,0.5202916452305997,0.519808998292371,0.5196402762632789,0.5204603672596918,0.5204538239894897,0.519646819533481,0.0,0.0,0.0,0.0066355494782328606,0.0066355494782328606,0.0,0.0,0.0,0.0,0.0,-0.015333137474954128,0.004666862543672323,0.0,0.0,0.0,0.0
244.361,0.013271098956465721,0.0066355494782328606,0.0066355494782328606,datactrl_ref_vx_fallback,datactrl_est_vx_fallback,-0.019999999552965164,states_theta,-0.0364186130464077,0.39006608926358843,0.22520498775839667,0.5198159005374039,0.5203603374988319,0.520536326920325,0.5196399111159108,0.5197242592091927,0.5204519788270431,0.0,0.0,0.0,0.0066355494782328606,0.0066355494782328606,0.0,0.0,0.0,0.0,0.0,-0.01633080281317234,0.00366919650696218,0.0,0.0,0.0,0.0
244.623,0.013271098956465721,0.0066355494782328606,0.0066355494782328606,datactrl_ref_vx_fallback,datactrl_est_vx_fallback,-0.019999999552965164,states_theta,0.017683815211057663,0.3900812551263162,0.225213674135887,0.52031177741319,0.5199049029236531,0.5197461802493094,0.5204705000875337,0.5204390818493957,0.5197775984874474,0.0,0.0,0.0,0.0066355494782328606,0.0066355494782328606,0.0,0.0,0.0,0.0,0.0,-0.01699591428041458,0.003004085971042514,0.0,0.0,0.0,0.0
244.797,0.013271098956465721,0.0066355494782328606,0.0066355494782328606,datactrl_ref_vx_fallback,datactrl_est_vx_fallback,-0.019999999552965164,states_theta,0.028017159551382065,0.39011025115063824,0.22523044901987205,0.5199227299482968,0.5203712731200719,0.5205341286166693,0.5197598744516995,0.5197687239926906,0.5205252790756781,0.0,0.0,0.0,0.0066355494782328606,0.0066355494782328606,0.0,0.0,0.0,0.0,0.0,-0.017328469082713127,0.0026715307030826807,0.0,0.0,0.0,0.0
245.007,0.013280021026730537,0.006640010513365269,0.006640010513365269,datactrl_ref_vx_fallback,datactrl_est_vx_fallback,-0.019999999552965164,states_theta,-0.009012467227876186,0.3901128026009802,0.2252318700251919,0.5203631597889954,0.5199376471469518,0.5198041080238577,0.5204966989120895,0.5204406507267788,0.5198601562091684,0.0,0.0,0.0,0.006640010513365269,0.006640010513365269,0.0,0.0,0.0,0.0,0.0,-0.018002774566411972,0.001997224288061261,0.0,0.0,0.0,0.0
245.341,0.013280021026730537,0.006640010513365269,0.006640010513365269,datactrl_ref_vx_fallback,datactrl_est_vx_fallback,-0.019999999552965164,states_theta,-0.026006771251559258,0.39011523255368674,0.2252332040823275,0.5199890227883254,0.5203182640215059,0.5203981690481831,0.5199091177616482,0.5199576039399334,0.5203496828698979,0.0,0.0,0.0,0.006640010513365269,0.006640010513365269,0.0,0.0,0.0,0.0,0.0,-0.019034389406442642,0.0009656096808612347,0.0,0.0,0.0,0.0
245.534,0.013280021026730537,0.006640010513365269,0.006640010513365269,datactrl_ref_vx_fallback,datactrl_est_vx_fallback,-0.019999999552965164,states_theta,-0.019434090703725815,0.3901176625063933,0.22523461488219795,0.5202378182663414,0.520075948417374,0.5198865649302047,0.5204272017535108,0.5204015792473788,0.5199121874363366,0.0,0.0,0.0,0.006640010513365269,0.006640010513365269,0.0,0.0,0.0,0.0,0.0,-0.019367169588804245,0.000632830779068172,0.0,0.0,0.0,0.0
245.837,0.019937872886657715,0.009968936443328857,0.009968936443328857,datactrl_ref_vx_fallback,datactrl_est_vx_fallback,-0.019999999552965164,states_theta,0.008721699938178062,0.39012009245909984,0.22523599305136754,0.520197070491035,0.5201231760665646,0.5203388310579512,0.5199814154996484,0.51991198075166,0.5204082658059396,0.0,0.0,0.0,0.009968936443328857,0.009968936443328857,0.0,0.0,0.0,0.0,0.0,-0.027244243770837784,-0.007244243286550045,0.0,0.0,0.0,0.0
245.913,0.019937872886657715,0.009968936443328857,0.009968936443328857,datactrl_ref_vx_fallback,datactrl_est_vx_fallback,-0.019999999552965164,states_theta,-0.006255995482206345,0.3900942014030241,0.22522102376157196,0.5202176241525029,0.5200335795888946,0.5199506434641102,0.5203005602772873,0.5202590457929132,0.5199921579484844,0.0,0.0,0.0,0.009968936443328857,0.009968936443328857,0.0,0.0,0.0,0.0,0.0,-0.027244243770837784,-0.007244243286550045,0.0,0.0,0.0,0.0
245.976,0.01994233950972557,0.009971169754862785,0.009971169754862785,datactrl_ref_vx_fallback,datactrl_est_vx_fallback,-0.019999999552965164,states_theta,-0.044428326189517975,0.3897070758849415,0.22499753084616508,0.5196752458115123,0.5195436232149985,0.5198124974889072,0.5194063715376035,0.5194179785229479,0.5198008905035628,0.0,0.0,0.0,0.009971169754862785,0.009971169754862785,0.0,0.0,0.0,0.0,0.0,-0.028248200193047523,-0.00824820064008236,0.0,0.0,0.0,0.0
246.045,0.019951261579990387,0.009975630789995193,0.009975630789995193,datactrl_ref_vx_fallback,datactrl_est_vx_fallback,-0.029999999329447746,states_theta,-0.009826740249991417,0.3896448125261114,0.22496156726820885,0.5195743670689595,0.5194784663340041,0.5196915895097213,0.5193612438932423,0.5193709439713817,0.5196818894315819,0.0,0.0,0.0,0.009975630789995193,0.009975630789995193,0.0,0.0,0.0,0.0,0.0,-0.029257096350193024,0.0007429023389704525,0.0,0.0,0.0,0.0
246.115,0.01995483785867691,0.009977418929338455,0.009977418929338455,datactrl_ref_vx_fallback,datactrl_est_vx_fallback,-0.029999999329447746,states_theta,-0.010003741830587387,0.38501152195013466,0.22228650959326957,0.5133633322779245,0.5133340595891012,0.5132939352631027,0.513403456603923,0.5134075449150506,0.5132898469519751,0.0,0.0,0.0,0.009977418929338455,0.009977418929338455,0.0,0.0,0.0,0.0,0.0,-0.030260693281888962,-0.0002606944181025028,0.0,0.0,0.0,0.0
246.183,0.01995483785867691,0.009977418929338455,0.009977418929338455,datactrl_ref_vx_fallback,datactrl_est_vx_fallback,-0.029999999329447746,states_theta,-0.010003709234297276,0.37735752883194196,0.21786747201789744,0.5031300663620281,0.5031566771898172,0.5031375118156209,0.5031492317362243,0.5031860446118652,0.50310069893998,0.0,0.0,0.0,0.009977418929338455,0.009977418929338455,0.0,0.0,0.0,0.0,0.0,-0.03126077353954315,-0.0012607754906639457,0.0,0.0,0.0,0.0
246.25,0.013297866098582745,0.006648933049291372,0.006648933049291372,datactrl_ref_vx_fallback,datactrl_est_vx_fallback,-0.029999999329447746,states_theta,-0.010003709234297276,0.3753859629369775,0.21672918732989446,0.5004978919707436,0.5005313425278631,0.5005402858801877,0.500488948618419,0.5005226128689253,0.5005066216296814,0.0,0.0,0.0,0.006648933049291372,0.006648933049291372,0.0,0.0,0.0,0.0,0.0,-0.025216279551386833,0.0047837188467383385,0.0,0.0,0.0,0.0
246.316,0.013297866098582745,0.006648933049291372,0.006648933049291372,datactrl_ref_vx_fallback,datactrl_est_vx_fallback,-0.029999999329447746,states_theta,-0.010003709234297276,0.37645292463151697,0.21734519752759066,0.5019224939907654,0.5019519716932799,0.5019393493587178,0.5019351163253275,0.5019304001192278,0.5019440655648174,0.0,0.0,0.0,0.006648933049291372,0.006648933049291372,0.0,0.0,0.0,0.0,0.0,-0.02588273212313652,0.004117266740649939,0.0,0.0,0.0,0.0
246.387,0.013306789100170135,0.006653394550085068,0.006653394550085068,datactrl_ref_vx_fallback,datactrl_est_vx_fallback,-0.029999999329447746,states_theta,0.008020362816751003,0.37837969337981675,0.21845761801054422,0.5045014128644146,0.5045111028150967,0.5045220895289348,0.5044904261505765,0.504512864028466,0.5044996516510454,0.0,0.0,0.0,0.006653394550085068,0.006653394550085068,0.0,0.0,0.0,0.0,0.0,-0.02655840292572975,0.0034415957052260637,0.0,0.0,0.0,0.0
246.454,0.013306789100170135,0.006653394550085068,0.006653394550085068,datactrl_ref_vx_fallback,datactrl_est_vx_fallback,-0.029999999329447746,states_theta,0.0018658454064279795,0.3808715775106818,0.21989630802981447,0.5078254929150714,0.5078320471134135,0.5078097329128266,0.5078478071156582,0.5078339457119636,0.5078235943165212,0.0,0.0,0.0,0.006653394550085068,0.006653394550085068,0.0,0.0,0.0,0.0,0.0,-0.027225302532315254,0.0027746963314712048,0.0,0.0,0.0,0.0
246.512,0.013306789100170135,0.006653394550085068,0.006653394550085068,datactrl_ref_vx_fallback,datactrl_est_vx_fallback,-0.029999999329447746,states_theta,0.008002959191799164,0.3832755535723234,0.22128425187061698,0.5111130462516046,0.5109550966079245,0.510964216679761,0.5111039261797681,0.5110866593062562,0.5109814835532729,0.0,0.0,0.0,0.006653394550085068,0.006653394550085068,0.0,0.0,0.0,0.0,0.0,-0.027892202138900757,0.002107796957716346,0.0,0.0,0.0,0.0
246.58,0.0033157123252749443,0.009999999776482582,-0.006684287451207638,datactrl_ref_vx_fallback,states_vx_gs,-0.029999999329447746,states_theta,0.008951300755143166,0.3849659661484754,0.22226022829763814,0.5132296938744297,0.513346215854838,0.5134674011410284,0.5131085085882393,0.5132026347321762,0.5133732749970915,0.0,0.0,0.0,0.006657856050878763,-0.003342143725603819,0.0,0.0,0.0,0.0,0.0,-0.008205713704228401,0.021794285625219345,0.0,0.0,0.0,0.0
246.641,0.0033157123252749443,0.009999999776482582,-0.006684287451207638,datactrl_ref_vx_fallback,states_vx_gs,-0.029999999329447746,states_theta,0.011770209297537804,0.38661953362216467,0.223214902424759,0.5154749970223664,0.5155104259700727,0.5154043985834569,0.5155810244089822,0.5153885927557795,0.5155968302366596,0.0,0.0,0.0,0.006657856050878763,-0.003342143725603819,0.0,0.0,0.0,0.0,0.0,-0.007870716042816639,0.022129284217953682,0.0,0.0,0.0,0.0
246.7,0.003324635326862335,0.009999999776482582,-0.006675364449620247,datactrl_ref_vx_fallback,states_vx_gs,-0.009999999776482582,states_theta,0.0562630221247673,0.38747969614287736,0.2237115078329057,0.516621485619707,0.5166577040946326,0.5166205419828522,0.5166586477314874,0.5166075652307662,0.5166716244835734,0.0,0.0,0.0,0.006662317551672459,-0.0033376822248101234,0.0,0.0,0.0,0.0,0.0,-0.007545160595327616,0.0024548391811549664,0.0,0.0,0.0,0.0
246.755,-0.0033376822248101234,0.009999999776482582,-0.013337682001292706,datactrl_ref_vx_fallback,states_vx_gs,-0.000160309937200509,datactrl_est_theta_fallback,0.04701714962720871,0.3880936131193707,0.22406597865319589,0.5174525626829141,0.5174637389687411,0.5175549123461234,0.5173613893055318,0.5176540415476338,0.5172622601040213,0.0,0.0,0.0,0.0033311587758362293,-0.006668841000646353,0.0,0.0,0.0,0.0,0.0,-0.000160309937200509,-0.000160309937200509,0.0,0.0,0.0,0.0
246.811,-0.003328759456053376,0.009999999776482582,-0.013328759232535958,datactrl_ref_vx_fallback,states_vx_gs,-0.019999999552965164,states_theta,-0.12398375570774078,0.38876020788797055,0.22445084561626483,0.5183398151592169,0.5183540725420379,0.5181371597365689,0.5185567279646859,0.5182102625844642,0.5184836251167906,0.0,0.0,0.0,0.003335620043799281,-0.006664379499852657,0.0,0.0,0.0,0.0,0.0,0.0004986955318599939,0.020498694851994514,0.0,0.0,0.0,0.0
246.873,-0.003328759456053376,0.009999999776482582,-0.013328759232535958,datactrl_ref_vx_fallback,states_vx_gs,0.009999999776482582,states_theta,0.25833743810653687,0.3887664894648752,0.2244545744420891,0.5183458143122373,0.5183648242607632,0.5180047805451267,0.5187058580278738,0.5180043068845186,0.5187063316884819,0.0,0.0,0.0,0.003335620043799281,-0.006664379499852657,0.0,0.0,0.0,0.0,0.0,0.001166695961728692,-0.008833304047584534,0.0,0.0,0.0,0.0
246.932,-0.0033198369201272726,0.009999999776482582,-0.013319836696609855,datactrl_ref_vx_fallback,states_vx_gs,0.04999999701976776,states_theta,0.24193835258483887,0.38913790563499595,0.22466887659030116,0.51883088003096,0.5188702016623625,0.518822700489493,0.5188783812038296,0.5188008507665518,0.5189002309267707,0.0,0.0,0.0,0.0033400815445929766,-0.006659918464720249,0.0,0.0,0.0,0.0,0.0,0.0018254773458465934,-0.04817451909184456,0.0,0.0,0.0,0.0
246.993,-0.009982154066165094,0.009999999776482582,-0.019982153842647676,datactrl_ref_vx_fallback,states_vx_gs,0.019999999552965164,states_theta,-0.3659454584121704,0.3891637025813739,0.22468377267301617,0.5188704606795957,0.5188994128707347,0.5189352214835335,0.5188346520667969,0.5189546725893616,0.5188152009609689,0.0,0.0,0.0,8.922708730096929e-06,-0.009991076774895191,0.0,0.0,0.0,0.0,0.0,0.00937638245522976,-0.010623617097735405,0.0,0.0,0.0,0.0
247.052,1.7845417460193858e-05,8.922708730096929e-06,8.922708730096929e-06,datactrl_ref_vx_fallback,datactrl_est_vx_fallback,0.009999999776482582,states_theta,0.14370030164718628,0.40121601543193774,0.2316422552058596,0.5348965853791308,0.5350127891060366,0.5346705596034126,0.5352388148817547,0.5346988924487043,0.535210482036463,0.0,0.0,0.0,8.922708730096929e-06,8.922708730096929e-06,0.0,0.0,0.0,0.0,0.0,-0.010586405172944069,-0.02058640494942665,0.0,0.0,0.0,0.0
247.11,2.944447442132514e-05,1.472223721066257e-05,1.472223721066257e-05,datactrl_ref_vx_fallback,datactrl_est_vx_fallback,0.03999999910593033,states_theta,0.021832985803484917,0.4005089898810689,0.23123397629698983,0.5340658980026306,0.5339580750135532,0.5339600524732793,0.5340639205429045,0.5340284830320128,0.533995489984171,0.0,0.0,0.0,1.472223721066257e-05,1.472223721066257e-05,0.0,0.0,0.0,0.0,0.0,-0.01059950701892376,-0.05059950426220894,0.0,0.0,0.0,0.0
247.162,2.676812800928019e-05,1.3384064004640095e-05,1.3384064004640095e-05,datactrl_ref_vx_fallback,datactrl_est_vx_fallback,0.019999999552965164,states_theta,-0.1306610405445099,0.39602152128442575,0.22864314779634562,0.5280292919548994,0.5280280981369025,0.5281981242882092,0.5278592658035928,0.528047034999306,0.5280103550924959,0.0,0.0,0.0,1.3384064004640095e-05,1.3384064004640095e-05,0.0,0.0,0.0,0.0,0.0,-0.010598217137157917,-0.030598217621445656,0.0,0.0,0.0,0.0
247.22,3.5690834920387715e-05,1.7845417460193858e-05,1.7845417460193858e-05,datactrl_ref_vx_fallback,datactrl_est_vx_fallback,-0.010608777403831482,datactrl_est_theta_fallback,-0.05103771388530731,0.39324163106569987,0.22703816641468413,0.5243506738641744,0.5242936756443585,0.5242383105455121,0.5244060389630208,0.5243535766620843,0.5242907728464486,0.0,0.0,0.0,1.7845417460193858e-05,1.7845417460193858e-05,0.0,0.0,0.0,0.0,0.0,-0.010608777403831482,-0.010608777403831482,0.0,0.0,0.0,0.0
247.277,3.5690834920387715e-05,1.7845417460193858e-05,1.7845417460193858e-05,datactrl_ref_vx_fallback,datactrl_est_vx_fallback,-0.010610566474497318,datactrl_est_theta_fallback,-0.015007827430963516,0.39189807280815353,0.22626246003083478,0.5225553475101392,0.5225061799782702,0.5224800523193515,0.522581475169058,0.5225591624042317,0.5225023650841777,0.0,0.0,0.0,1.7845417460193858e-05,1.7845417460193858e-05,0.0,0.0,0.0,0.0,0.0,-0.010610566474497318,-0.010610566474497318,0.0,0.0,0.0,0.0
247.334,3.5690834920387715e-05,1.7845417460193858e-05,1.7845417460193858e-05,datactrl_ref_vx_fallback,datactrl_est_vx_fallback,-0.009999999776482582,states_theta,-0.053202927112579346,0.3908375738651897,0.2256501872163032,0.5211273138039377,0.5211062165032349,0.521110965740807,0.5211225645663656,0.5212417651537465,0.520991765153426,0.0,0.0,0.0,1.7845417460193858e-05,1.7845417460193858e-05,0.0,0.0,0.0,0.0,0.0,-0.010612355545163155,-0.000612355419434607,0.0,0.0,0.0,0.0
247.392,-0.006626626942306757,-0.0033133134711533785,-0.0033133134711533785,datactrl_ref_vx_fallback,datactrl_est_vx_fallback,-0.009999999776482582,states_theta,-0.008369941264390945,0.39051169922140383,0.22546204677078413,0.5207159379626464,0.5206485932944306,0.5206201216193641,0.5207444096377128,0.520552513826461,0.520812017430616,0.0,0.0,0.0,-0.0033133134711533785,-0.0033133134711533785,0.0,0.0,0.0,0.0,0.0,-0.0035638439003378153,0.0064361561089754105,0.0,0.0,0.0,0.0
247.45,-0.006617703940719366,-0.003308851970359683,-0.003308851970359683,datactrl_ref_vx_fallback,datactrl_est_vx_fallback,-0.003240954829379916,datactrl_est_theta_fallback,0.10003358125686646,0.39017832458465884,0.22526957994234154,0.5202875223822659,0.5201880098434909,0.5201328395991691,0.5203426926265877,0.5200923812859697,0.5203831509397872,0.0,0.0,0.0,-0.003308851970359683,-0.003308851970359683,0.0,0.0,0.0,0.0,0.0,-0.003240954829379916,-0.003240954829379916,0.0,0.0,0.0,0.0
247.506,-0.006617703940719366,-0.003308851970359683,-0.003308851970359683,datactrl_ref_vx_fallback,datactrl_est_vx_fallback,0.009999999776482582,states_theta,0.10003707557916641,0.38983932270907945,0.22507387624444278,0.5198396344977526,0.5197318927264593,0.5196263330861658,0.5199451941380461,0.5195839957628089,0.519987531461403,0.0,0.0,0.0,-0.003308851970359683,-0.003308851970359683,0.0,0.0,0.0,0.0,0.0,-0.0029092938639223576,-0.012909293174743652,0.0,0.0,0.0,0.0
247.564,-0.006617703940719366,-0.003308851970359683,-0.003308851970359683,datactrl_ref_vx_fallback,datactrl_est_vx_fallback,0.029999999329447746,states_theta,0.08556370437145233,0.3898693226809162,0.22509117871279868,0.5199143304880374,0.5197371966610724,0.5199740039442073,0.5196775232049025,0.5197435379025186,0.5199079892465912,0.0,0.0,0.0,-0.003308851970359683,-0.003308851970359683,0.0,0.0,0.0,0.0,0.0,-0.002577632898464799,-0.03257763385772705,0.0,0.0,0.0,0.0
247.623,-0.006617703940719366,-0.003308851970359683,-0.003308851970359683,datactrl_ref_vx_fallback,datactrl_est_vx_fallback,-0.0022459719330072403,datactrl_est_theta_fallback,-0.25346213579177856,0.38989932265275307,0.22510851478463542,0.5200258298329069,0.5197056972411013,0.5196952582921212,0.520036268781887,0.5199655006206015,0.5197660264534066,0.0,0.0,0.0,-0.003308851970359683,-0.003308851970359683,0.0,0.0,0.0,0.0,0.0,-0.0022459719330072403,-0.0022459719330072403,0.0,0.0,0.0,0.0
247.682,-0.006622165907174349,-0.0033110829535871744,-0.0033110829535871744,datactrl_ref_vx_fallback,datactrl_est_vx_fallback,0.009999999776482582,states_theta,0.1627335399389267,0.3899293226245899,0.22512588320112253,0.5197605428278644,0.5200509841710419,0.5202257230095335,0.5195858039893728,0.5197399465873813,0.520071580411525,0.0,0.0,0.0,-0.0033110829535871744,-0.0033110829535871744,0.0,0.0,0.0,0.0,0.0,-0.0019095890456810594,-0.011909589171409607,0.0,0.0,0.0,0.0
247.751,-0.006622165907174349,-0.0033110829535871744,-0.0033110829535871744,datactrl_ref_vx_fallback,datactrl_est_vx_fallback,-0.001577704562805593,datactrl_est_theta_fallback,-0.18717634677886963,0.3899593225964267,0.22514324518200665,0.5201410922222864,0.519750434701518,0.5195782941277194,0.5203132327960851,0.5201749158547977,0.5197166110690068,0.0,0.0,0.0,-0.0033110829535871744,-0.0033110829535871744,0.0,0.0,0.0,0.0,0.0,-0.001577704562805593,-0.001577704562805593,0.0,0.0,0.0,0.0
247.813,-0.006617703940719366,-0.003308851970359683,-0.003308851970359683,datactrl_ref_vx_fallback,datactrl_est_vx_fallback,-0.0012504298938438296,datactrl_est_theta_fallback,0.06200844794511795,0.3899893225682634,0.22516058480683543,0.519772666495862,0.5201988603528405,0.5203608068536724,0.5196107199950301,0.519713529433682,0.5202579974150204,0.0,0.0,0.0,-0.003308851970359683,-0.003308851970359683,0.0,0.0,0.0,0.0,0.0,-0.0012504298938438296,-0.0012504298938438296,0.0,0.0,0.0,0.0
247.875,-0.013280021026730537,-0.006640010513365269,-0.006640010513365269,datactrl_ref_vx_fallback,datactrl_est_vx_fallback,0.006131530273705721,datactrl_est_theta_fallback,-0.05203329026699066,0.3900193225401003,0.22517799587043472,0.5203072714113343,0.5197442553622665,0.5195907281760985,0.5204607985975023,0.5204192795633333,0.5196322472102675,0.0,0.0,0.0,-0.006640010513365269,-0.006640010513365269,0.0,0.0,0.0,0.0,0.0,0.006131530273705721,0.006131530273705721,0.0,0.0,0.0,0.0
247.937,-0.013280021026730537,-0.006640010513365269,-0.006640010513365269,datactrl_ref_vx_fallback,datactrl_est_vx_fallback,0.006830365862697363,datactrl_est_theta_fallback,0.024012943729758263,0.38967282287097305,0.22497787793807084,0.5193310343649982,0.51979649329093,0.5199342667894931,0.5191932608664351,0.5192286544245694,0.5198988732313587,0.0,0.0,0.0,-0.006640010513365269,-0.006640010513365269,0.0,0.0,0.0,0.0,0.0,0.006830365862697363,0.006830365862697363,0.0,0.0,0.0,0.0
247.998,-0.013280021026730537,-0.006640010513365269,-0.006640010513365269,datactrl_ref_vx_fallback,datactrl_est_vx_fallback,0.007495923899114132,datactrl_est_theta_fallback,0.00470799021422863,0.3896994478459783,0.22499313175752095,0.5194374267694487,0.5197611008198267,0.5197810637836282,0.5194174638056472,0.5194206361850802,0.5197778914041953,0.0,0.0,0.0,-0.006640010513365269,-0.006640010513365269,0.0,0.0,0.0,0.0,0.0,0.007495923899114132,0.007495923899114132,0.0,0.0,0.0,0.0
248.058,-0.013280021026730537,-0.006640010513365269,-0.006640010513365269,datactrl_ref_vx_fallback,datactrl_est_vx_fallback,0.008161481469869614,datactrl_est_theta_fallback,0.005001893732696772,0.3900999474644117,0.2252244537651331,0.5202981324557261,0.5199683941160385,0.5197962612761861,0.5204702652955785,0.5204780250831696,0.5197885014885949,0.0,0.0,0.0,-0.006640010513365269,-0.006640010513365269,0.0,0.0,0.0,0.0,0.0,0.008161481469869614,0.008161481469869614,0.0,0.0,0.0,0.0
248.122,-0.013280021026730537,-0.006640010513365269,-0.006640010513365269,datactrl_ref_vx_fallback,datactrl_est_vx_fallback,0.008827039040625095,datactrl_est_theta_fallback,0.005001854617148638,0.3897493227991571,0.22502203959071315,0.5194655885710193,0.5198659388933995,0.5200280408033003,0.5193034866611185,0.5193159138341231,0.5200156136302957,0.0,0.0,0.0,-0.006640010513365269,-0.006640010513365269,0.0,0.0,0.0,0.0,0.0,0.008827039040625095,0.008827039040625095,0.0,0.0,0.0,0.0
248.178,-0.013280021026730537,-0.006640010513365269,-0.006640010513365269,datactrl_ref_vx_fallback,datactrl_est_vx_fallback,0.009492597542703152,datactrl_est_theta_fallback,0.005001854617148638,0.3901479474193507,0.22525206414372756,0.5199349859573326,0.5204595404942693,0.5202416370565234,0.5201528893950785,0.5201313471617105,0.5202631792898914,0.0,0.0,0.0,-0.006640010513365269,-0.006640010513365269,0.0,0.0,0.0,0.0,0.0,0.009492597542703152,0.009492597542703152,0.0,0.0,0.0,0.0
248.233,-0.013280021026730537,-0.006640010513365269,-0.006640010513365269,datactrl_ref_vx_fallback,datactrl_est_vx_fallback,0.010158155113458633,datactrl_est_theta_fallback,0.02399342507123947,0.3897973227540959,0.22504961632970188,0.519697894925195,0.5197616324190607,0.5195666588516887,0.519892868492567,0.5198753204315578,0.5195842069126979,0.0,0.0,0.0,-0.006640010513365269,-0.006640010513365269,0.0,0.0,0.0,0.0,0.0,0.010158155113458633,0.010158155113458633,0.0,0.0,0.0,0.0
248.298,-0.01327555626630783,-0.006637778133153915,-0.006637778133153915,datactrl_ref_vx_fallback,datactrl_est_vx_fallback,0.010818976908922195,datactrl_est_theta_fallback,0.024008890613913536,0.3898228227301573,0.22506437061552917,0.5197840872764129,0.5197434400040065,0.519526542389029,0.5200009848913905,0.5199862500624084,0.519541277218011,0.0,0.0,0.0,-0.006637778133153915,-0.006637778133153915,0.0,0.0,0.0,0.0,0.0,0.010818976908922195,0.010818976908922195,0.0,0.0,0.0,0.0
248.357,-0.019947685301303864,-0.009973842650651932,-0.009973842650651932,datactrl_ref_vx_fallback,datactrl_est_vx_fallback,0.01839476451277733,datactrl_est_theta_fallback,0.007864706218242645,0.38984532270903494,0.22507730825187913,0.5198277612892239,0.5197597659348692,0.5198564156271664,0.5197311115969266,0.5197152712777185,0.5198722559463745,0.0,0.0,0.0,-0.009973842650651932,-0.009973842650651932,0.0,0.0,0.0,0.0,0.0,0.01839476451277733,0.01839476451277733,0.0,0.0,0.0,0.0
248.418,-0.01994410902261734,-0.00997205451130867,-0.00997205451130867,datactrl_ref_vx_fallback,datactrl_est_vx_fallback,0.009999999776482582,states_theta,0.043991200625896454,0.3902443223288765,0.22530769173367957,0.5203389534369252,0.5203125727734121,0.5204501679257396,0.5202013582845977,0.5201431332642446,0.5205083929460927,0.0,0.0,0.0,-0.00997205451130867,-0.00997205451130867,0.0,0.0,0.0,0.0,0.0,0.019390784204006195,0.009390783496201038,0.0,0.0,0.0,0.0
248.478,-0.01995749957859516,-0.00997874978929758,-0.00997874978929758,datactrl_ref_vx_fallback,datactrl_est_vx_fallback,0.019999999552965164,states_theta,0.044016316533088684,0.38989332266397375,0.22510501802094235,0.5198931190160041,0.5198224080879259,0.5197903977030444,0.5199251294008856,0.5198532104620989,0.5198623166418311,0.0,0.0,0.0,-0.00997874978929758,-0.00997874978929758,0.0,0.0,0.0,0.0,0.0,0.020404284819960594,0.0004042851796839386,0.0,0.0,0.0,0.0
248.541,-0.019960181787610054,-0.009980090893805027,-0.009980090893805027,datactrl_ref_vx_fallback,datactrl_est_vx_fallback,0.019999999552965164,states_theta,-0.04965497553348541,0.38991582264285146,0.22511801443179724,0.5199866298219045,0.5197888972256994,0.5198058953662773,0.5199696316813266,0.5198731490141085,0.5199023780334954,0.0,0.0,0.0,-0.009980090893805027,-0.009980090893805027,0.0,0.0,0.0,0.0,0.0,0.021407343447208405,0.001407344825565815,0.0,0.0,0.0,0.0
248.628,-0.019960181787610054,-0.009980090893805027,-0.009980090893805027,datactrl_ref_vx_fallback,datactrl_est_vx_fallback,0.019999999552965164,states_theta,-0.0281381756067276,0.3899383226217291,0.22513101287489523,0.520021354337928,0.5198141726533496,0.5200404402488266,0.519795086742451,0.5199916074279449,0.5198439195633326,0.0,0.0,0.0,-0.009980090893805027,-0.009980090893805027,0.0,0.0,0.0,0.0,0.0,0.022407693788409233,0.0024076937697827816,0.0,0.0,0.0,0.0
248.745,-0.01996910572052002,-0.00998455286026001,-0.00998455286026001,datactrl_ref_vx_fallback,datactrl_est_vx_fallback,0.009999999776482582,states_theta,-0.07012957334518433,0.38994957261116786,0.22513752967138406,0.5198760255776791,0.5199895013854352,0.5197332340447002,0.5201322929184141,0.520097471619768,0.5197680553433462,0.0,0.0,0.0,-0.00998455286026001,-0.00998455286026001,0.0,0.0,0.0,0.0,0.0,0.022917110472917557,0.012917110696434975,0.0,0.0,0.0,0.0
248.955,-0.01997089572250843,-0.009985447861254215,-0.009985447861254215,datactrl_ref_vx_fallback,datactrl_est_vx_fallback,0.019999999552965164,states_theta,0.09263627231121063,0.3899720725900455,0.22515049464208406,0.5200724590274699,0.5198530678793181,0.5199259997353943,0.5199995271713936,0.5200677969856579,0.5198577299211301,0.0,0.0,0.0,-0.009985447861254215,-0.009985447861254215,0.0,0.0,0.0,0.0,0.0,0.023919759318232536,0.003919760696589947,0.0,0.0,0.0,0.0
249.014,-0.01996910572052002,-0.00998455286026001,-0.00998455286026001,datactrl_ref_vx_fallback,datactrl_est_vx_fallback,0.019999999552965164,states_theta,-0.030474741011857986,0.3899720725900455,0.22515049464208406,0.5200724590274699,0.5198530678793181,0.5199259997353943,0.5199995271713936,0.5200677969856579,0.5198577299211301,0.0,0.0,0.0,-0.00998455286026001,-0.00998455286026001,0.0,0.0,0.0,0.0,0.0,0.02441834844648838,0.004418349824845791,0.0,0.0,0.0,0.0
249.295,-0.019978027790784836,-0.009989013895392418,-0.009989013895392418,datactrl_ref_vx_fallback,datactrl_est_vx_fallback,0.019999999552965164,states_theta,0.025025703012943268,0.3899945725689231,0.2251635520318887,0.5198519694704486,0.520133557380013,0.5202217744454304,0.5197637524050313,0.5197228106013937,0.520262716249068,0.0,0.0,0.0,-0.009989013895392418,-0.009989013895392418,0.0,0.0,0.0,0.0,0.0,0.02542838640511036,0.005428386386483908,0.0,0.0,0.0,0.0
249.565,-0.019978027790784836,-0.009989013895392418,-0.009989013895392418,datactrl_ref_vx_fallback,datactrl_est_vx_fallback,0.019999999552965164,states_theta,-0.011455920524895191,0.3900170725478007,0.22517664771496146,0.5202502211741936,0.5197953056199417,0.5196676192962851,0.5203779074978502,0.5204189980204884,0.5196265287736469,0.0,0.0,0.0,-0.009989013895392418,-0.009989013895392418,0.0,0.0,0.0,0.0,0.0,0.02642962895333767,0.006429629400372505,0.0,0.0,0.0,0.0
249.854,-0.019986949861049652,-0.009993474930524826,-0.009993474930524826,datactrl_ref_vx_fallback,datactrl_est_vx_fallback,0.019999999552965164,states_theta,0.00600051786750555,0.38966119788747455,0.22497115476749116,0.5193360821317968,0.5197604455681354,0.5198987974404582,0.519197730259474,0.5192089076083247,0.5198876200916075,0.0,0.0,0.0,-0.009993474930524826,-0.009993474930524826,0.0,0.0,0.0,0.0,0.0,0.027440112084150314,0.007440113462507725,0.0,0.0,0.0,0.0
250.14,-0.019986949861049652,-0.009993474930524826,-0.009993474930524826,datactrl_ref_vx_fallback,datactrl_est_vx_fallback,0.019999999552965164,states_theta,0.006002224050462246,0.38968069786916854,0.22498228467775983,0.5194521065787945,0.5196964210723216,0.5197188525334181,0.519429675117698,0.5194472811184,0.5197012465327161,0.0,0.0,0.0,-0.009993474930524826,-0.009993474930524826,0.0,0.0,0.0,0.0,0.0,0.02844180352985859,0.008441803976893425,0.0,0.0,0.0,0.0
250.463,-0.019986949861049652,-0.009993474930524826,-0.009993474930524826,datactrl_ref_vx_fallback,datactrl_est_vx_fallback,0.029999999329447746,states_theta,0.006002222653478384,0.3900748224935866,0.2252098222756534,0.520158074686106,0.5200414519634583,0.5199627291500775,0.5202367974994868,0.5202054102597202,0.519994116389844,0.0,0.0,0.0,-0.009993474930524826,-0.009993474930524826,0.0,0.0,0.0,0.0,0.0,0.029443493112921715,-0.0005565056344494224,0.0,0.0,0.0,0.0
250.76,-0.019995873793959618,-0.009997936896979809,-0.009997936896979809,datactrl_ref_vx_fallback,datactrl_est_vx_fallback,0.029999999329447746,states_theta,0.006002222653478384,0.3900909474784488,0.22521924570867075,0.5200801306693089,0.5201623959398879,0.5204519677048403,0.5197905589043565,0.5197647708672657,0.5204777557419311,0.0,0.0,0.0,-0.009997936896979809,-0.009997936896979809,0.0,0.0,0.0,0.0,0.0,0.03045465052127838,0.00045465081348083913,0.0,0.0,0.0,0.0
251.044,-0.019994989037513733,-0.009997494518756866,-0.009997494518756866,datactrl_ref_vx_fallback,datactrl_est_vx_fallback,0.029999999329447746,states_theta,0.006002222653478384,0.3897339478191787,0.22501300098913932,0.5196388514735989,0.519651676044211,0.5196027745635301,0.5196877529542798,0.5196676201471888,0.5196229073706211,0.0,0.0,0.0,-0.009997494518756866,-0.009997494518756866,0.0,0.0,0.0,0.0,0.0,0.0314558707177639,0.0014558722032234073,0.0,0.0,0.0,0.0
251.333,-0.020003018900752068,-0.010001509450376034,-0.010001509450376034,datactrl_ref_vx_fallback,datactrl_est_vx_fallback,0.029999999329447746,states_theta,0.006002222653478384,0.38975194780228084,0.2250234212608571,0.5197067621516339,0.519631765321115,0.519502105415417,0.5198364220573319,0.5198221084288945,0.5195164190438544,0.0,0.0,0.0,-0.010001509450376034,-0.010001509450376034,0.0,0.0,0.0,0.0,0.0,0.03246648237109184,0.0024664830416440964,0.0,0.0,0.0,0.0
251.638,-0.020004795864224434,-0.010002397932112217,-0.010002397932112217,datactrl_ref_vx_fallback,datactrl_est_vx_fallback,0.029999999329447746,states_theta,0.006002222653478384,0.39014307242951524,0.22524928120502863,0.5202937222794053,0.520087804199302,0.5199401015463317,0.5204414249323756,0.5204330069678621,0.5199485195108452,0.0,0.0,0.0,-0.010002397932112217,-0.010002397932112217,0.0,0.0,0.0,0.0,0.0,0.033470816910266876,0.0034708192106336355,0.0,0.0,0.0,0.0
251.937,-0.0200137197971344,-0.0100068598985672,-0.0100068598985672,datactrl_ref_vx_fallback,datactrl_est_vx_fallback,0.029999999329447746,states_theta,0.006002222653478384,0.38978532277094924,0.2250426794048982,0.5197737581291215,0.5196537692600764,0.5198339937993145,0.5195935335898835,0.5195911662688727,0.5198363611203253,0.0,0.0,0.0,-0.0100068598985672,-0.0100068598985672,0.0,0.0,0.0,0.0,0.0,0.03448287025094032,0.004482869990170002,0.0,0.0,0.0,0.0
252.218,-0.0200137197971344,-0.0100068598985672,-0.0100068598985672,datactrl_ref_vx_fallback,datactrl_est_vx_fallback,0.029999999329447746,states_theta,0.00500181969255209,0.3898036977536993,0.22505331235814696,0.5198091851056762,0.5196673422375219,0.5199302832613945,0.5195462440818036,0.519552067953242,0.519924459389956,0.0,0.0,0.0,-0.0100068598985672,-0.0100068598985672,0.0,0.0,0.0,0.0,0.0,0.035485900938510895,0.005485902074724436,0.0,0.0,0.0,0.0
252.514,-0.010019078850746155,-0.009999999776482582,-1.9079074263572693e-05,datactrl_ref_vx_fallback,states_vx_gs,0.029999999329447746,states_theta,0.0050018541514873505,0.39019519738058167,0.22527937207633958,0.5203007041167906,0.5202198222314272,0.5204533323837025,0.5200671939645153,0.519965402605253,0.5205551237429648,0.0,0.0,0.0,-0.010009539313614368,-9.539537131786346e-06,0.0,0.0,0.0,0.0,0.0,0.0160314179956913,-0.013968580402433872,0.0,0.0,0.0,0.0
252.809,-0.003356761299073696,-0.009999999776482582,0.006643238477408886,datactrl_ref_vx_fallback,states_vx_gs,0.019999999552965164,states_theta,-0.16660833358764648,0.38983669772271967,0.2250723465689767,0.5198438525228417,0.5197206747377441,0.5199588860985379,0.5196056411620479,0.5198749086559896,0.5196896186045962,0.0,0.0,0.0,-0.006678380537778139,0.003321619238704443,0.0,0.0,0.0,0.0,0.0,0.008965380489826202,-0.011034619063138962,0.0,0.0,0.0,0.0
253.094,-0.003356761299073696,-0.009999999776482582,0.006643238477408886,datactrl_ref_vx_fallback,states_vx_gs,-0.009999999776482582,states_theta,-0.1670619398355484,0.3898550727054697,0.2250829882677441,0.5198910615726484,0.5197224656419375,0.5200459144262245,0.5195676127883614,0.5200030082821995,0.5196105189323864,0.0,0.0,0.0,-0.006678380537778139,0.003321619238704443,0.0,0.0,0.0,0.0,0.0,0.008632439188659191,0.018632439896464348,0.0,0.0,0.0,0.0
253.389,-0.003356761299073696,-0.009999999776482582,0.006643238477408886,datactrl_ref_vx_fallback,states_vx_gs,0.008299498818814754,datactrl_est_theta_fallback,0.1922644078731537,0.38987007269138807,0.225091651487413,0.5200019046199588,0.5196516225570761,0.5195715928740043,0.5200819343030305,0.5197154816706009,0.519938045506434,0.0,0.0,0.0,-0.006678380537778139,0.003321619238704443,0.0,0.0,0.0,0.0,0.0,0.008299498818814754,0.008299498818814754,0.0,0.0,0.0,0.0
253.674,-0.003364791162312031,-0.009999999776482582,0.006635208614170551,datactrl_ref_vx_fallback,states_vx_gs,0.007975075393915176,datactrl_est_theta_fallback,-0.05940818414092064,0.39040040113305857,0.22539781105288542,0.5205338822986191,0.5205338540562038,0.5207696036071822,0.5202981327476407,0.520453876103988,0.5206138602508349,0.0,0.0,0.0,-0.0066823954693973064,0.0033176043070852757,0.0,0.0,0.0,0.0,0.0,0.007975075393915176,0.007975075393915176,0.0,0.0,0.0,0.0
253.98,-0.003364791162312031,-0.009999999776482582,0.006635208614170551,datactrl_ref_vx_fallback,states_vx_gs,0.007642537355422974,datactrl_est_theta_fallback,0.0058599356561899185,0.39213638538902734,0.22640005120396225,0.5228513219085295,0.5228457057955435,0.5228022908794938,0.5228947368245791,0.5229138454384563,0.5227831822656166,0.0,0.0,0.0,-0.0066823954693973064,0.0033176043070852757,0.0,0.0,0.0,0.0,0.0,0.007642537355422974,0.007642537355422974,0.0,0.0,0.0,0.0
254.276,0.0032975273206830025,-0.009999999776482582,0.013297527097165585,datactrl_ref_vx_fallback,states_vx_gs,0.00040995204471983016,datactrl_est_theta_fallback,0.022008106112480164,0.3932252525247216,0.22702870734434916,0.524272919156819,0.5243277542424387,0.5242475838497915,0.5243530895494661,0.5242990360655253,0.5243016373337324,0.0,0.0,0.0,-0.00335123622789979,0.006648763548582792,0.0,0.0,0.0,0.0,0.0,0.00040995204471983016,0.00040995204471983016,0.0,0.0,0.0,0.0
254.563,0.0032930688466876745,-0.009999999776482582,0.013293068623170257,datactrl_ref_vx_fallback,states_vx_gs,-0.00025186530547216535,datactrl_est_theta_fallback,0.022008154541254044,0.39358688149318044,0.2272374943774557,0.5247482363353182,0.5248167809798296,0.5247260923407069,0.524838924974441,0.5247812119593207,0.5247838053558271,0.0,0.0,0.0,-0.0033534655813127756,0.00664653442800045,0.0,0.0,0.0,0.0,0.0,-0.00025186530547216535,-0.00025186530547216535,0.0,0.0,0.0,0.0
254.826,0.0032930688466876745,-0.009999999776482582,0.013293068623170257,datactrl_ref_vx_fallback,states_vx_gs,-0.0009180770139209926,datactrl_est_theta_fallback,-0.009370207786560059,0.3936543013100364,0.2272764172103865,0.5248751942004718,0.5248696092929587,0.5248558556484825,0.524888947844948,0.5248926961689754,0.5248521073244551,0.0,0.0,0.0,-0.0033534655813127756,0.00664653442800045,0.0,0.0,0.0,0.0,0.0,-0.0009180770139209926,-0.0009180770139209926,0.0,0.0,0.0,0.0
255.122,0.0032930688466876745,-0.009999999776482582,0.013293068623170257,datactrl_ref_vx_fallback,states_vx_gs,-0.001584288664162159,datactrl_est_theta_fallback,-0.017005018889904022,0.39310696505899845,0.22696041250112156,0.5241500549121124,0.5241351852452169,0.5241338749093055,0.5241513652480237,0.5241671510127591,0.5241180891445701,0.0,0.0,0.0,-0.0033534655813127756,0.00664653442800045,0.0,0.0,0.0,0.0,0.0,-0.001584288664162159,-0.001584288664162159,0.0,0.0,0.0,0.0
255.423,0.0032930688466876745,-0.009999999776482582,0.013293068623170257,datactrl_ref_vx_fallback,states_vx_gs,-0.002250500489026308,datactrl_est_theta_fallback,-0.017006296664476395,0.39239121361283574,0.226547173119638,0.5231916542683117,0.5231849153659169,0.523178660005683,0.5231979096285456,0.5232097929850056,0.5231667766492231,0.0,0.0,0.0,-0.0033534655813127756,0.00664653442800045,0.0,0.0,0.0,0.0,0.0,-0.002250500489026308,-0.002250500489026308,0.0,0.0,0.0,0.0
255.706,0.009950926087185508,-0.009999999776482582,0.01995092586366809,datactrl_ref_vx_fallback,states_vx_gs,-0.009812138974666595,datactrl_est_theta_fallback,-0.002093452960252762,0.3917178359044181,0.2261584059767347,0.5222479518019717,0.5223329439431433,0.5223328188771472,0.5222480768679678,0.5221864269871406,0.5223944687579745,0.0,0.0,0.0,-2.4537064746255055e-05,0.009975463151931763,0.0,0.0,0.0,0.0,0.0,-0.009812138974666595,-0.009812138974666595,0.0,0.0,0.0,0.0
255.99,0.009955385963621666,-0.009999999776482582,0.019955385740104248,datactrl_ref_vx_fallback,states_vx_gs,-0.010816643014550209,datactrl_est_theta_fallback,-0.06940898299217224,0.39115528830366697,0.22583362903834622,0.5215146060408328,0.5215661627689457,0.5214549781859871,0.5216257906237914,0.5216973425888832,0.5213834262208953,0.0,0.0,0.0,-2.2306774553726427e-05,0.009977692738175392,0.0,0.0,0.0,0.0,0.0,-0.010816643014550209,-0.010816643014550209,0.0,0.0,0.0,0.0
256.278,0.009950926087185508,-0.009999999776482582,0.01995092586366809,datactrl_ref_vx_fallback,states_vx_gs,-0.009999999776482582,states_theta,-0.03893742710351944,0.3907913234202378,0.2256234876133712,0.5210391998473448,0.5210709959399561,0.5209853623544995,0.5211248334328014,0.5211825920884314,0.5209276036988695,0.0,0.0,0.0,-2.4537064746255055e-05,0.009975463151931763,0.0,0.0,0.0,0.0,0.0,-0.011812131851911545,-0.0018121324246749282,0.0,0.0,0.0,0.0
256.553,0.009950926087185508,-0.009999999776482582,0.01995092586366809,datactrl_ref_vx_fallback,states_vx_gs,-0.009999999776482582,states_theta,0.045377351343631744,0.3903570998206089,0.2253728231042651,0.520471773916034,0.5204804922722563,0.5206093838709209,0.5203428823173695,0.5202193049458441,0.5207329612424463,0.0,0.0,0.0,-2.4537064746255055e-05,0.009975463151931763,0.0,0.0,0.0,0.0,0.0,-0.012862011790275574,-0.002862011780962348,0.0,0.0,0.0,0.0
256.85,0.009955385963621666,-0.009999999776482582,0.019955385740104248,datactrl_ref_vx_fallback,states_vx_gs,-0.009999999776482582,states_theta,-0.03787820041179657,0.3901994426005748,0.2252817595226595,0.5203117400002056,0.5202201069346605,0.5202228314226868,0.5203090155121793,0.5203519313557946,0.5201799155790715,0.0,0.0,0.0,-2.2306774553726427e-05,0.009977692738175392,0.0,0.0,0.0,0.0,0.0,-0.013866527006030083,-0.003866527695208788,0.0,0.0,0.0,0.0
257.146,0.006626626942306757,0.0033133134711533785,0.0033133134711533785,datactrl_ref_vx_fallback,datactrl_est_vx_fallback,-0.009999999776482582,states_theta,0.002097370335832238,0.3900381600795648,0.22518868638039619,0.5201834393435819,0.519918320868591,0.519879694534669,0.520222065677504,0.5202572635503532,0.5198444966618198,0.0,0.0,0.0,0.0033133134711533785,0.0033133134711533785,0.0,0.0,0.0,0.0,0.0,-0.0005277001182548702,0.009472299367189407,0.0,0.0,0.0,0.0
257.402,0.006626626942306757,0.0033133134711533785,0.0033133134711533785,datactrl_ref_vx_fallback,datactrl_est_vx_fallback,-0.009999999776482582,states_theta,0.01800522208213806,0.38985762748529257,0.2250844360405155,0.5197354395672965,0.5198849003934837,0.519966064376868,0.5196542755839122,0.5196556004859267,0.5199647394748534,0.0,0.0,0.0,0.0033133134711533785,0.0033133134711533785,0.0,0.0,0.0,0.0,0.0,-0.0008598082349635661,0.009140191599726677,0.0,0.0,0.0,0.0
257.702,0.006626626942306757,0.0033133134711533785,0.0033133134711533785,datactrl_ref_vx_fallback,datactrl_est_vx_fallback,-0.0011919164098799229,datactrl_est_theta_fallback,0.008133793249726295,0.3896426642962094,0.2249603479721985,0.5194025079400604,0.5196445968498313,0.5197011730218852,0.5193459317680065,0.5193106711009863,0.5197364336889054,0.0,0.0,0.0,0.0033133134711533785,0.0033133134711533785,0.0,0.0,0.0,0.0,0.0,-0.0011919164098799229,-0.0011919164098799229,0.0,0.0,0.0,0.0
257.993,0.006626626942306757,0.0033133134711533785,0.0033133134711533785,datactrl_ref_vx_fallback,datactrl_est_vx_fallback,-0.0015240245265886188,datactrl_est_theta_fallback,-0.001000074204057455,0.3898337979697121,0.22507065661164558,0.519751689373122,0.519805105212777,0.519684791916655,0.519872002669244,0.5198537351267734,0.5197030594591256,0.0,0.0,0.0,0.0033133134711533785,0.0033133134711533785,0.0,0.0,0.0,0.0,0.0,-0.0015240245265886188,-0.0015240245265886188,0.0,0.0,0.0,0.0
258.32,0.0066355494782328606,0.0033177747391164303,0.0033177747391164303,datactrl_ref_vx_fallback,datactrl_est_vx_fallback,-0.0018656195607036352,datactrl_est_theta_fallback,-0.0010003705974668264,0.38968029171581287,0.22498207581592636,0.5195869030613339,0.519560541514167,0.5193425230442065,0.5198049215312944,0.519784572918785,0.5193628716567159,0.0,0.0,0.0,0.0033177747391164303,0.0033177747391164303,0.0,0.0,0.0,0.0,0.0,-0.0018656195607036352,-0.0018656195607036352,0.0,0.0,0.0,0.0
258.649,0.006632870528846979,0.0033164352644234896,0.0033164352644234896,datactrl_ref_vx_fallback,datactrl_est_vx_fallback,-0.009999999776482582,states_theta,-0.020259708166122437,0.3899141503018463,0.22511704422533488,0.5198816912376479,0.5198893762339422,0.5198694331645729,0.5199016343070172,0.5199749104550709,0.5197961570165192,0.0,0.0,0.0,0.0033164352644234896,0.0033164352644234896,0.0,0.0,0.0,0.0,0.0,-0.0021953266113996506,0.0078046731650829315,0.0,0.0,0.0,0.0
258.93,0.006642685271799564,0.003321342635899782,0.003321342635899782,datactrl_ref_vx_fallback,datactrl_est_vx_fallback,-0.009999999776482582,states_theta,-0.021007783710956573,0.38974775582483734,0.2250209743857679,0.5196332742401715,0.5196940746260614,0.5197241675759219,0.519603181290311,0.5196769595217596,0.5196503893444733,0.0,0.0,0.0,0.003321342635899782,0.003321342635899782,0.0,0.0,0.0,0.0,0.0,-0.0025379371363669634,0.007462062872946262,0.0,0.0,0.0,0.0
259.208,0.013305000960826874,0.006652500480413437,0.006652500480413437,datactrl_ref_vx_fallback,datactrl_est_vx_fallback,-0.009999999776482582,states_theta,-0.021007776260375977,0.3896168311378978,0.22494538712724352,0.5194348178751615,0.5195433984925659,0.5195561379549863,0.5194220784127411,0.5194547916506954,0.5195234247170321,0.0,0.0,0.0,0.006652500480413437,0.006652500480413437,0.0,0.0,0.0,0.0,0.0,-0.009954537265002728,4.546218042378314e-05,0.0,0.0,0.0,0.0
259.487,0.013305000960826874,0.006652500480413437,0.006652500480413437,datactrl_ref_vx_fallback,datactrl_est_vx_fallback,-0.019999999552965164,states_theta,-0.005221795290708542,0.3898719979306499,0.22509271436661007,0.519782229444667,0.5198764317037328,0.5199476245774756,0.5197110365709242,0.5197634685213856,0.5198951926270142,0.0,0.0,0.0,0.006652500480413437,0.006652500480413437,0.0,0.0,0.0,0.0,0.0,-0.010621347464621067,0.009378652088344097,0.0,0.0,0.0,0.0
259.777,0.013315712101757526,0.006657856050878763,0.006657856050878763,datactrl_ref_vx_fallback,datactrl_est_vx_fallback,-0.019999999552965164,states_theta,-0.002000313252210617,0.38976928938091626,0.2250334114830061,0.5196588397523053,0.519725931930138,0.5197885739514816,0.5195961977309618,0.519639176620168,0.5197455950622754,0.0,0.0,0.0,0.006657856050878763,0.006657856050878763,0.0,0.0,0.0,0.0,0.0,-0.011299523524940014,0.00870047602802515,0.0,0.0,0.0,0.0
260.071,0.013315712101757526,0.006657856050878763,0.006657856050878763,datactrl_ref_vx_fallback,datactrl_est_vx_fallback,-0.019999999552965164,states_theta,-0.00200074166059494,0.3900570338311827,0.22519954759493327,0.5200201098319291,0.520131980384558,0.520199805399398,0.5199522848170891,0.5199924932572356,0.5201595969592515,0.0,0.0,0.0,0.006657856050878763,0.006657856050878763,0.0,0.0,0.0,0.0,0.0,-0.011966870166361332,0.008033129386603832,0.0,0.0,0.0,0.0
260.365,0.013324635103344917,0.006662317551672459,0.006662317551672459,datactrl_ref_vx_fallback,datactrl_est_vx_fallback,-0.019999999552965164,states_theta,0.01599586196243763,0.3899579355620082,0.22514232429995304,0.5199334287879979,0.5199543993773573,0.5198756355664,0.5200121925989551,0.5200120986306944,0.5198757295346608,0.0,0.0,0.0,0.006662317551672459,0.006662317551672459,0.0,0.0,0.0,0.0,0.0,-0.012643479742109776,0.007356519345194101,0.0,0.0,0.0,0.0
260.644,0.013324635103344917,0.006662317551672459,0.006662317551672459,datactrl_ref_vx_fallback,datactrl_est_vx_fallback,-0.009999999776482582,states_theta,0.019804464653134346,0.3898978526169228,0.22510764000719796,0.5198494797360491,0.5198781272424116,0.5197428179782109,0.5199847890002498,0.5199174883130349,0.5198101186654258,0.0,0.0,0.0,0.006662317551672459,0.006662317551672459,0.0,0.0,0.0,0.0,0.0,-0.013311273418366909,-0.0033112738747149706,0.0,0.0,0.0,0.0
260.931,0.013324630446732044,0.006662315223366022,0.006662315223366022,datactrl_ref_vx_fallback,datactrl_est_vx_fallback,-0.009999999776482582,states_theta,0.010192290879786015,0.39021606895406336,0.22529136011947085,0.520269734529964,0.5203064493475383,0.5201844083699951,0.5203917755075071,0.5203403480171773,0.520235835860325,0.0,0.0,0.0,0.006662315223366022,0.006662315223366022,0.0,0.0,0.0,0.0,0.0,-0.01397906243801117,-0.003979062661528587,0.0,0.0,0.0,0.0
261.095,0.013334444724023342,0.006667222362011671,0.006667222362011671,datactrl_ref_vx_fallback,datactrl_est_vx_fallback,-0.009999999776482582,states_theta,-0.04054467752575874,0.3897835787223908,0.22504165868195766,0.5197253331615307,0.5196975434315113,0.5197949427908437,0.5196279338021983,0.5196785588167114,0.5197443177763306,0.0,0.0,0.0,0.006667222362011671,0.006667222362011671,0.0,0.0,0.0,0.0,0.0,-0.01432314794510603,-0.004323148634284735,0.0,0.0,0.0,0.0
261.352,0.013334444724023342,0.006667222362011671,0.006667222362011671,datactrl_ref_vx_fallback,datactrl_est_vx_fallback,-0.019999999552965164,states_theta,-0.04101286083459854,0.390047974307426,0.22519430457386075,0.5200935747238212,0.5200343567626481,0.5200203369219022,0.5201075945645671,0.5200749847277671,0.5200529467587022,0.0,0.0,0.0,0.006667222362011671,0.006667222362011671,0.0,0.0,0.0,0.0,0.0,-0.01499143335968256,0.005008565727621317,0.0,0.0,0.0,0.0
261.403,0.013333558104932308,0.006666779052466154,0.006666779052466154,datactrl_ref_vx_fallback,datactrl_est_vx_fallback,-0.019999999552965164,states_theta,0.024253640323877335,0.390047974307426,0.22519430457386075,0.5200935747238212,0.5200343567626481,0.5200203369219022,0.5201075945645671,0.5200749847277671,0.5200529467587022,0.0,0.0,0.0,0.006666779052466154,0.006666779052466154,0.0,0.0,0.0,0.0,0.0,-0.015324655920267105,0.004675343632698059,0.0,0.0,0.0,0.0
261.698,0.013342480175197124,0.006671240087598562,0.006671240087598562,datactrl_ref_vx_fallback,datactrl_est_vx_fallback,-0.019999999552965164,states_theta,-0.015781614929437637,0.3900174230864308,0.22517666527910282,0.5200142685818823,0.5200321929819332,0.5200659989997255,0.5199804625640899,0.5200277900628406,0.5200186715009748,0.0,0.0,0.0,0.006671240087598562,0.006671240087598562,0.0,0.0,0.0,0.0,0.0,-0.01600215956568718,0.003997839987277985,0.0,0.0,0.0,0.0
261.886,0.013342480175197124,0.006671240087598562,0.006671240087598562,datactrl_ref_vx_fallback,datactrl_est_vx_fallback,-0.019999999552965164,states_theta,0.010513112880289555,0.3899590622340064,0.22514297141006614,0.519942864607128,0.519947968016889,0.5198938610316979,0.5199969715923192,0.5199193576010002,0.5199714750230169,0.0,0.0,0.0,0.006671240087598562,0.006671240087598562,0.0,0.0,0.0,0.0,0.0,-0.016336504369974136,0.003663495881482959,0.0,0.0,0.0,0.0
262.175,0.013342480175197124,0.006671240087598562,0.006671240087598562,datactrl_ref_vx_fallback,datactrl_est_vx_fallback,-0.009999999776482582,states_theta,-0.011564399115741253,0.3903196782766213,0.2253511716219946,0.5204136794448807,0.5204387959594426,0.5204077422026865,0.5204447332016369,0.520419975979336,0.5204324994249874,0.0,0.0,0.0,0.006671240087598562,0.006671240087598562,0.0,0.0,0.0,0.0,0.0,-0.017339535057544708,-0.0073395357467234135,0.0,0.0,0.0,0.0
262.337,0.013351403176784515,0.006675701588392258,0.006675701588392258,datactrl_ref_vx_fallback,datactrl_est_vx_fallback,-0.019999999552965164,states_theta,-0.04030074179172516,0.38988813107605486,0.22510202126533269,0.5198683358203411,0.5198333470491385,0.5198582373451652,0.5198434455243144,0.519931741959629,0.5197699409098506,0.0,0.0,0.0,0.006675701588392258,0.006675701588392258,0.0,0.0,0.0,0.0,0.0,-0.01768314279615879,0.0023168560583144426,0.0,0.0,0.0,0.0
262.56,0.013351403176784515,0.006675701588392258,0.006675701588392258,datactrl_ref_vx_fallback,datactrl_est_vx_fallback,-0.019999999552965164,states_theta,-0.013280878774821758,0.38983007950288767,0.22506851144405823,0.5197581319520517,0.5197887467223155,0.5198234528803989,0.5197234257939682,0.5196491067087174,0.5198977719656497,0.0,0.0,0.0,0.006675701588392258,0.006675701588392258,0.0,0.0,0.0,0.0,0.0,-0.01835227943956852,0.0016477206954732537,0.0,0.0,0.0,0.0
262.775,0.013351403176784515,0.006675701588392258,0.006675701588392258,datactrl_ref_vx_fallback,datactrl_est_vx_fallback,-0.019999999552965164,states_theta,0.03500715643167496,0.3901770427644349,0.22526882655965944,0.5202713395057244,0.5202007745327686,0.5201675637672548,0.5203045502712381,0.5203044301480496,0.5201676838904433,0.0,0.0,0.0,0.006675701588392258,0.006675701588392258,0.0,0.0,0.0,0.0,0.0,-0.0190214142203331,0.0009785854490473866,0.0,0.0,0.0,0.0
263.002,0.013360326178371906,0.006680163089185953,0.006680163089185953,datactrl_ref_vx_fallback,datactrl_est_vx_fallback,-0.019999999552965164,states_theta,-0.019027093425393105,0.39016126945120533,0.22525971959278718,0.5202599544858568,0.520170097384024,0.5201492112903299,0.5202808405795509,0.5202768933276318,0.520153158542249,0.0,0.0,0.0,0.006680163089185953,0.006680163089185953,0.0,0.0,0.0,0.0,0.0,-0.019699813798069954,0.00030018645338714123,0.0,0.0,0.0,0.0
263.054,0.013360326178371906,0.006680163089185953,0.006680163089185953,datactrl_ref_vx_fallback,datactrl_est_vx_fallback,-0.019999999552965164,states_theta,-0.001977137755602598,0.39016126945120533,0.22525971959278718,0.5202599544858568,0.520170097384024,0.5201492112903299,0.5202808405795509,0.5202768933276318,0.520153158542249,0.0,0.0,0.0,0.006680163089185953,0.006680163089185953,0.0,0.0,0.0,0.0,0.0,-0.020034603774547577,-3.460478183114901e-05,0.0,0.0,0.0,0.0
263.248,0.013360326178371906,0.006680163089185953,0.006680163089185953,datactrl_ref_vx_fallback,datactrl_est_vx_fallback,-0.019999999552965164,states_theta,-0.0020024990662932396,0.39010591398643646,0.22522775606891812,0.5201647172205751,0.5201177200765889,0.5201032541375948,0.5201791831595691,0.52017153282659,0.520110904470574,0.0,0.0,0.0,0.006680163089185953,0.006680163089185953,0.0,0.0,0.0,0.0,0.0,-0.02036939561367035,-0.000369396002497524,0.0,0.0,0.0,0.0
263.379,0.013360326178371906,0.006680163089185953,0.006680163089185953,datactrl_ref_vx_fallback,datactrl_est_vx_fallback,-0.019999999552965164,states_theta,-0.0020007414277642965,0.3900778916092574,0.22521157619985172,0.5200831679858942,0.5201245429721255,0.5201128800576231,0.5200948309003965,0.5200852766473107,0.5201224343107089,0.0,0.0,0.0,0.006680163089185953,0.006680163089185953,0.0,0.0,0.0,0.0,0.0,-0.021038977429270744,-0.0010389784583821893,0.0,0.0,0.0,0.0
263.429,0.013360326178371906,0.006680163089185953,0.006680163089185953,datactrl_ref_vx_fallback,datactrl_est_vx_fallback,-0.019999999552965164,states_theta,-0.019568972289562225,0.3900619953368156,0.22520239837477818,0.5200634298294383,0.5201018910687366,0.520090773700625,0.52007454719755,0.5200976443413264,0.5200676765568485,0.0,0.0,0.0,0.006680163089185953,0.006680163089185953,0.0,0.0,0.0,0.0,0.0,-0.021373769268393517,-0.0013737697154283524,0.0,0.0,0.0,0.0
263.486,0.013360326178371906,0.006680163089185953,0.006680163089185953,datactrl_ref_vx_fallback,datactrl_est_vx_fallback,-0.019999999552965164,states_theta,-0.0029634556267410517,0.3900457488858072,0.22519301989607765,0.5201034876009499,0.5200185094278692,0.5200272912024623,0.5200947058263569,0.5200773172766103,0.5200446797522088,0.0,0.0,0.0,0.006680163089185953,0.006680163089185953,0.0,0.0,0.0,0.0,0.0,-0.022043351083993912,-0.0020433522295206785,0.0,0.0,0.0,0.0
263.556,0.013369249179959297,0.006684624589979649,0.006684624589979649,datactrl_ref_vx_fallback,datactrl_est_vx_fallback,-0.019999999552965164,states_theta,-0.0020006103441119194,0.39001577312639524,0.22517571209093049,0.5200139294795362,0.5200281321908512,0.520044594642117,0.5199974670282703,0.5200044846842833,0.5200375769861041,0.0,0.0,0.0,0.006684624589979649,0.006684624589979649,0.0,0.0,0.0,0.0,0.0,-0.02272242121398449,-0.002722421893849969,0.0,0.0,0.0,0.0
263.609,0.013369249179959297,0.006684624589979649,0.006684624589979649,datactrl_ref_vx_fallback,datactrl_est_vx_fallback,-0.019999999552965164,states_theta,-0.007957998663187027,0.3899735354209827,0.22515132685602568,0.5199655668988321,0.5199638608904551,0.5199267227112317,0.5200027050780555,0.5199916286510765,0.5199377991382107,0.0,0.0,0.0,0.006684624589979649,0.006684624589979649,0.0,0.0,0.0,0.0,0.0,-0.02339245192706585,-0.003392451675608754,0.0,0.0,0.0,0.0
263.679,0.013369249179959297,0.006684624589979649,0.006684624589979649,datactrl_ref_vx_fallback,datactrl_est_vx_fallback,-0.019999999552965164,states_theta,-0.014364384114742279,0.39036230368661806,0.2253757859083782,0.5205087461480989,0.520457397016216,0.5204199841874594,0.5205461589768555,0.520546343818545,0.5204197993457699,0.0,0.0,0.0,0.006684624589979649,0.006684624589979649,0.0,0.0,0.0,0.0,0.0,-0.02372746542096138,-0.0037274665664881468,0.0,0.0,0.0,0.0
263.73,0.013369249179959297,0.006684624589979649,0.006684624589979649,datactrl_ref_vx_fallback,datactrl_est_vx_fallback,-0.029999999329447746,states_theta,-0.021025482565164566,0.3899852039635864,0.22515806900146468,0.5199459965755895,0.5200145473273075,0.5200695838129782,0.5198909600899188,0.5199294739533328,0.5200310699495642,0.0,0.0,0.0,0.006684624589979649,0.006684624589979649,0.0,0.0,0.0,0.0,0.0,-0.02406248077750206,0.005937518551945686,0.0,0.0,0.0,0.0
263.78,0.013369249179959297,0.006684624589979649,0.006684624589979649,datactrl_ref_vx_fallback,datactrl_est_vx_fallback,-0.029999999329447746,states_theta,0.02076282538473606,0.39034843289850485,0.2253677752940854,0.5204833689474864,0.5204457854485265,0.520409462645448,0.5205196917505649,0.5204975143047305,0.5204316400912824,0.0,0.0,0.0,0.006684624589979649,0.006684624589979649,0.0,0.0,0.0,0.0,0.0,-0.02473250962793827,0.005267488770186901,0.0,0.0,0.0,0.0
263.833,-0.0032930688466876745,0.009999999776482582,-0.013293068623170257,datactrl_ref_vx_fallback,states_vx_gs,-0.019999999552965164,states_theta,0.03616521507501602,0.3899849383937415,0.22515793253096597,0.5200429114244294,0.5199169242922146,0.5198648497968187,0.5200949859198253,0.5201376697758467,0.5198221659407972,0.0,0.0,0.0,0.0033534655813127756,-0.00664653442800045,0.0,0.0,0.0,0.0,0.0,0.0025127502158284187,0.02251274883747101,0.0,0.0,0.0,0.0
263.883,-0.0032930688466876745,0.009999999776482582,-0.013293068623170257,datactrl_ref_vx_fallback,states_vx_gs,-0.009999999776482582,states_theta,0.0560213141143322,0.38364521615454594,0.22149767100039047,0.5115541954715099,0.5114997142739459,0.5114715746160253,0.5115823351294305,0.5115343265376914,0.5115195832077645,0.0,0.0,0.0,0.0033534655813127756,-0.00664653442800045,0.0,0.0,0.0,0.0,0.0,0.0028458558954298496,0.022845854982733727,0.0,0.0,0.0,0.0
263.937,-0.0032930688466876745,0.009999999776482582,-0.013293068623170257,datactrl_ref_vx_fallback,states_vx_gs,-0.009999999776482582,states_theta,0.05602089315652847,0.3753801777558397,0.2167258472441565,0.5005344348416696,0.5004793725072363,0.5005003530831796,0.5005134542657262,0.5004933178980019,0.500520489450904,0.0,0.0,0.0,0.0033534655813127756,-0.00664653442800045,0.0,0.0,0.0,0.0,0.0,0.0035120677202939987,0.01351206749677658,0.0,0.0,0.0,0.0
263.988,-0.0032930688466876745,0.009999999776482582,-0.013293068623170257,datactrl_ref_vx_fallback,states_vx_gs,0.004178279545158148,datactrl_est_theta_fallback,0.0018473333911970258,0.3723525907383506,0.2149778712905195,0.49647471586682884,0.496465526102106,0.496526434081819,0.4964138078871158,0.49642995400772366,0.49651028796121116,0.0,0.0,0.0,0.0033534655813127756,-0.00664653442800045,0.0,0.0,0.0,0.0,0.0,0.004178279545158148,0.004178279545158148,0.0,0.0,0.0,0.0
264.039,-0.0032930688466876745,0.009999999776482582,-0.013293068623170257,datactrl_ref_vx_fallback,states_vx_gs,0.0045446958392858505,datactrl_est_theta_fallback,0.0020011470187455416,0.36371727864801584,0.20999227163695414,0.48496434351501916,0.4849483995463565,0.4850136257625198,0.4848991172988559,0.48491724052200474,0.4849955025393709,0.0,0.0,0.0,0.0033534655813127756,-0.00664653442800045,0.0,0.0,0.0,0.0,0.0,0.0045446958392858505,0.0045446958392858505,0.0,0.0,0.0,0.0
264.09,-0.0032930688466876745,0.009999999776482582,-0.013293068623170257,datactrl_ref_vx_fallback,states_vx_gs,0.004877801518887281,datactrl_est_theta_fallback,0.02001900039613247,0.3623765232761209,0.20921818431955483,0.4831810987909583,0.48315629661203086,0.48318856728298604,0.4831488281200031,0.4831337351660205,0.48320366023696865,0.0,0.0,0.0,0.0033534655813127756,-0.00664653442800045,0.0,0.0,0.0,0.0,0.0,0.004877801518887281,0.004877801518887281,0.0,0.0,0.0,0.0
264.147,4.461354546947405e-05,2.2306772734737024e-05,2.2306772734737024e-05,datactrl_ref_vx_fallback,datactrl_est_vx_fallback,-0.008202681317925453,datactrl_est_theta_fallback,0.020007826387882233,0.3002140343814971,0.1733286585903343,0.40025519869227005,0.4003155596583889,0.40027193715210124,0.4002988211985577,0.4002087163017805,0.40036204204887843,0.0,0.0,0.0,2.2306772734737024e-05,2.2306772734737024e-05,0.0,0.0,0.0,0.0,0.0,-0.008202681317925453,-0.008202681317925453,0.0,0.0,0.0,0.0
264.22,4.461354546947405e-05,2.2306772734737024e-05,2.2306772734737024e-05,datactrl_ref_vx_fallback,datactrl_est_vx_fallback,-0.008204805664718151,datactrl_est_theta_fallback,0.02000741846859455,0.27049374046176566,0.1561696346528006,0.3606479770892631,0.36066866414211207,0.3606585302261263,0.36065811100524886,0.3606288023450595,0.36068783888631567,0.0,0.0,0.0,2.2306772734737024e-05,2.2306772734737024e-05,0.0,0.0,0.0,0.0,0.0,-0.008204805664718151,-0.008204805664718151,0.0,0.0,0.0,0.0
264.288,4.461354546947405e-05,2.2306772734737024e-05,2.2306772734737024e-05,datactrl_ref_vx_fallback,datactrl_est_vx_fallback,-0.008204805664718151,datactrl_est_theta_fallback,-0.016032610088586807,0.21865224783681234,0.126238934517479,0.2915260025961024,0.29154665830206383,0.2915369904274426,0.29153567047072365,0.2915200042260864,0.2915526566720798,0.0,0.0,0.0,2.2306772734737024e-05,2.2306772734737024e-05,0.0,0.0,0.0,0.0,0.0,-0.008204805664718151,-0.008204805664718151,0.0,0.0,0.0,0.0
264.355,4.461354546947405e-05,2.2306772734737024e-05,2.2306772734737024e-05,datactrl_ref_vx_fallback,datactrl_est_vx_fallback,-0.008204805664718151,datactrl_est_theta_fallback,-0.016208430752158165,0.1830272548496713,0.10567083881177007,0.24402936855090707,0.24404331104821642,0.2440393265720525,0.244033353027071,0.24409366464473528,0.2439790149543882,0.0,0.0,0.0,2.2306772734737024e-05,2.2306772734737024e-05,0.0,0.0,0.0,0.0,0.0,-0.008204805664718151,-0.008204805664718151,0.0,0.0,0.0,0.0
264.421,4.461354546947405e-05,2.2306772734737024e-05,2.2306772734737024e-05,datactrl_ref_vx_fallback,datactrl_est_vx_fallback,-0.009999999776482582,states_theta,-0.04365385323762894,0.12977726211678137,0.07492694064485303,0.17303786914109698,0.17303482983698665,0.17304753331729208,0.17302516566079154,0.1730802451789568,0.17299245379912684,0.0,0.0,0.0,2.2306772734737024e-05,2.2306772734737024e-05,0.0,0.0,0.0,0.0,0.0,-0.008204805664718151,0.0017951943445950747,0.0,0.0,0.0,0.0
264.484,4.461354546947405e-05,2.2306772734737024e-05,2.2306772734737024e-05,datactrl_ref_vx_fallback,datactrl_est_vx_fallback,-0.009999999776482582,states_theta,-0.006228216923773289,0.08515226926095681,0.04916268599457873,0.11353623511952016,0.11353648290969803,0.11354798047590638,0.11352473755331181,0.11354165163413306,0.11353106639508513,0.0,0.0,0.0,2.2306772734737024e-05,2.2306772734737024e-05,0.0,0.0,0.0,0.0,0.0,-0.008204805664718151,0.0017951943445950747,0.0,0.0,0.0,0.0
264.558,4.461354546947405e-05,2.2306772734737024e-05,2.2306772734737024e-05,datactrl_ref_vx_fallback,datactrl_est_vx_fallback,-0.009999999776482582,states_theta,-0.005001688376069069,0.04090227192640203,0.02361493856890403,0.05453623853552026,0.054536486601551824,0.054547984109194224,0.05452474102787786,0.054541627712245654,0.05453109742482643,0.0,0.0,0.0,2.2306772734737024e-05,2.2306772734737024e-05,0.0,0.0,0.0,0.0,0.0,-0.008204805664718151,0.0017951943445950747,0.0,0.0,0.0,0.0
264.626,4.461354546947405e-05,2.2306772734737024e-05,2.2306772734737024e-05,datactrl_ref_vx_fallback,datactrl_est_vx_fallback,-0.009999999776482582,states_theta,-0.005001854617148638,2.1263402532809757e-06,3.9784859081935235e-06,0.0,1.2403261753011731e-07,1.162154075494156e-05,0.0,5.265148653776128e-06,0.0,0.0,0.0,0.0,2.2306772734737024e-05,2.2306772734737024e-05,0.0,0.0,0.0,0.0,0.0,-0.008204805664718151,0.0017951943445950747,0.0,0.0,0.0,0.0
264.689,4.461354546947405e-05,2.2306772734737024e-05,2.2306772734737024e-05,datactrl_ref_vx_fallback,datactrl_est_vx_fallback,-0.019999999552965164,states_theta,-0.005001854617148638,9.054543819064503e-06,1.572766192400969e-05,0.0,1.2403261739925115e-07,3.933435501827197e-05,0.0,3.2977962916844804e-05,0.0,0.0,0.0,0.0,2.2306772734737024e-05,2.2306772734737024e-05,0.0,0.0,0.0,0.0,0.0,-0.008204805664718151,0.011795193888247013,0.0,0.0,0.0,0.0
264.755,0.0,0.0,0.0,datactrl_ref_vx_fallback,datactrl_est_vx_fallback,-0.019999999552965164,states_theta,-0.005001854617148638,7.354655345133043e-06,1.2710874163180041e-05,2.600157095360778e-07,0.0,3.1473201039550514e-05,0.0,2.7104026011977752e-05,0.0,0.0,0.0,0.0,0.0,0.0,0.0,0.0,0.0,0.0,0.0,0.0,0.019999999552965164,0.0,0.0,0.0,0.0
264.817,0.0,0.0,0.0,datactrl_ref_vx_fallback,datactrl_est_vx_fallback,-0.019999999552965164,states_theta,-0.005001854617148638,5.988291704288118e-06,1.0230874644945554e-05,5.744478854654472e-07,0.0,2.50370325225049e-05,0.0,2.2294853226334593e-05,0.0,0.0,0.0,0.0,0.0,0.0,0.0,0.0,0.0,0.0,0.0,0.0,0.019999999552965164,0.0,0.0,0.0,0.0
264.878,0.0,0.0,0.0,datactrl_ref_vx_fallback,datactrl_est_vx_fallback,-0.019999999552965164,states_theta,-0.005001854617148638,5.401005922281091e-06,9.167077281656181e-06,7.095960559880908e-07,0.0,2.2270660417986105e-05,0.0,2.022779090427453e-05,0.0,0.0,0.0,0.0,0.0,0.0,0.0,0.0,0.0,0.0,0.0,0.0,0.019999999552965164,0.0,0.0,0.0,0.0
264.943,0.0,0.0,0.0,datactrl_ref_vx_fallback,datactrl_est_vx_fallback,-0.019999999552965164,states_theta,-0.005001854617148638,4.388778841063805e-06,7.338799840437321e-06,9.425331410857089e-07,0.0,1.7502629509169597e-05,0.0,1.6665068078255138e-05,0.0,0.0,0.0,0.0,0.0,0.0,0.0,0.0,0.0,0.0,0.0,0.0,0.019999999552965164,0.0,0.0,0.0,0.0
265.01,0.0,0.0,0.0,datactrl_ref_vx_fallback,datactrl_est_vx_fallback,-0.019999999552965164,states_theta,-0.005001854617148638,3.560037400574777e-06,5.850588834864606e-06,1.133245896187028e-06,0.0,1.3598895972504237e-05,0.0,1.3748157335906954e-05,0.0,0.0,0.0,0.0,0.0,0.0,0.0,0.0,0.0,0.0,0.0,0.0,0.019999999552965164,0.0,0.0,0.0,0.0
265.065,0.0,0.0,0.0,datactrl_ref_vx_fallback,datactrl_est_vx_fallback,-0.019999999552965164,states_theta,-0.005001854617148638,2.8815212968947468e-06,4.643606674218085e-06,1.2893882937930567e-06,0.0,1.040278927420729e-05,0.0,1.1359992807157626e-05,0.0,0.0,0.0,0.0,0.0,0.0,0.0,0.0,0.0,0.0,0.0,0.0,0.019999999552965164,0.0,0.0,0.0,0.0
265.125,0.0,0.0,0.0,datactrl_ref_vx_fallback,datactrl_est_vx_fallback,-0.019999999552965164,states_theta,-0.005001854617148638,2.32599929635455e-06,3.670791355613128e-06,1.417226876572145e-06,0.0,7.786038430199137e-06,0.0,9.404729064065118e-06,0.0,0.0,0.0,0.0,0.0,0.0,0.0,0.0,0.0,0.0,0.0,0.0,0.019999999552965164,0.0,0.0,0.0,0.0
265.176,0.0,0.0,0.0,datactrl_ref_vx_fallback,datactrl_est_vx_fallback,-0.019999999552965164,states_theta,-0.005001854617148638,2.0872267157934832e-06,3.26029037900158e-06,1.4721740222760957e-06,0.0,6.661315464949148e-06,0.0,8.564324239122621e-06,0.0,0.0,0.0,0.0,0.0,0.0,0.0,0.0,0.0,0.0,0.0,0.0,0.019999999552965164,0.0,0.0,0.0,0.0
265.237,0.0,0.0,0.0,datactrl_ref_vx_fallback,datactrl_est_vx_fallback,-0.019999999552965164,states_theta,-0.005001854617148638,1.8711763505008052e-06,2.895190200084274e-06,1.521892255723309e-06,0.0,5.643624041066508e-06,0.0,7.803894507216624e-06,0.0,0.0,0.0,0.0,0.0,0.0,0.0,0.0,0.0,0.0,0.0,0.0,0.019999999552965164,0.0,0.0,0.0,0.0
265.296,0.0,0.0,0.0,datactrl_ref_vx_fallback,datactrl_est_vx_fallback,-0.019999999552965164,states_theta,-0.005001854617148638,1.4987988175239896e-06,2.288668898326466e-06,1.6075850204171251e-06,0.0,3.889563494842925e-06,0.0,6.493242024931866e-06,0.0,0.0,0.0,0.0,0.0,0.0,0.0,0.0,0.0,0.0,0.0,0.0,0.019999999552965164,0.0,0.0,0.0,0.0
265.357,0.0,0.0,0.0,datactrl_ref_vx_fallback,datactrl_est_vx_fallback,-0.029999999329447746,states_theta,-0.005001854617148638,1.1939218795212698e-06,1.8306059731196208e-06,1.6777443221880645e-06,0.0,2.4534601828922553e-06,0.0,5.420170531089838e-06,0.0,0.0,0.0,0.0,0.0,0.0,0.0,0.0,0.0,0.0,0.0,0.0,0.029999999329447746,0.0,0.0,0.0,0.0
265.425,0.0,0.0,0.0,datactrl_ref_vx_fallback,datactrl_est_vx_fallback,-0.029999999329447746,states_theta,-0.005001854617148638,9.443097544736356e-07,1.5056485849870156e-06,1.7351859001625397e-06,0.0,1.2776782367984703e-06,0.0,4.541613898828076e-06,0.0,0.0,0.0,0.0,0.0,0.0,0.0,0.0,0.0,0.0,0.0,0.0,0.029999999329447746,0.0,0.0,0.0,0.0
265.49,0.0,0.0,0.0,datactrl_ref_vx_fallback,datactrl_est_vx_fallback,-0.029999999329447746,states_theta,-0.005001854617148638,7.399446313564665e-07,1.2993009190850707e-06,1.7822150865554596e-06,0.0,3.150293986198519e-07,0.0,3.8223125656764206e-06,0.0,0.0,0.0,0.0,0.0,0.0,0.0,0.0,0.0,0.0,0.0,0.0,0.029999999329447746,0.0,0.0,0.0,0.0
265.549,0.0,0.0,0.0,datactrl_ref_vx_fallback,datactrl_est_vx_fallback,-0.029999999329447746,states_theta,-0.005001854617148638,6.909048226068207e-07,1.1277705813964808e-06,1.820719327747587e-06,0.0,0.0,4.731208096119171e-07,3.2333984434950617e-06,0.0,0.0,0.0,0.0,0.0,0.0,0.0,0.0,0.0,0.0,0.0,0.0,0.029999999329447746,0.0,0.0,0.0,0.0
265.61,0.0,0.0,0.0,datactrl_ref_vx_fallback,datactrl_est_vx_fallback,-0.029999999329447746,states_theta,-0.005001854617148638,7.152354872519113e-07,1.0098540266180682e-06,1.852243934135584e-06,0.0,0.0,1.118403623137524e-06,2.7512363407421827e-06,0.0,0.0,0.0,0.0,0.0,0.0,0.0,0.0,0.0,0.0,0.0,0.0,0.029999999329447746,0.0,0.0,0.0,0.0
265.671,0.0,0.0,0.0,datactrl_ref_vx_fallback,datactrl_est_vx_fallback,-0.029999999329447746,states_theta,-0.005001854617148638,7.351557506396277e-07,9.66184955015037e-07,1.8780540988640558e-06,0.0,0.0,1.6467165070023938e-06,2.356475399250572e-06,0.0,0.0,0.0,0.0,0.0,0.0,0.0,0.0,0.0,0.0,0.0,0.0,0.029999999329447746,0.0,0.0,0.0,0.0
265.722,0.0,0.0,0.0,datactrl_ref_vx_fallback,datactrl_est_vx_fallback,-0.029999999329447746,states_theta,-0.005001854617148638,7.437178106299e-07,9.64180421744283e-07,1.8891477362554296e-06,0.0,0.0,1.8737941573950107e-06,2.1868005913887594e-06,0.0,0.0,0.0,0.0,0.0,0.0,0.0,0.0,0.0,0.0,0.0,0.0,0.029999999329447746,0.0,0.0,0.0,0.0
265.781,0.0,0.0,0.0,datactrl_ref_vx_fallback,datactrl_est_vx_fallback,-0.029999999329447746,states_theta,-0.005001854617148638,7.514650828846011e-07,9.712644862313777e-07,1.8991856744693116e-06,0.0,0.0,2.079262512270846e-06,2.0332724763366505e-06,0.0,0.0,0.0,0.0,0.0,0.0,0.0,0.0,0.0,0.0,0.0,0.0,0.029999999329447746,0.0,0.0,0.0,0.0
265.844,0.0,0.0,0.0,datactrl_ref_vx_fallback,datactrl_est_vx_fallback,-0.029999999329447746,states_theta,-0.005001854617148638,7.64818034755696e-07,1.002679852729306e-06,1.9164867452782866e-06,0.0,0.0,2.4334012289043344e-06,1.7686563038629458e-06,0.0,0.0,0.0,0.0,0.0,0.0,0.0,0.0,0.0,0.0,0.0,0.0,0.029999999329447746,0.0,0.0,0.0,0.0
265.903,0.0,0.0,0.0,datactrl_ref_vx_fallback,datactrl_est_vx_fallback,-0.029999999329447746,states_theta,-0.005001854617148638,7.757505070969335e-07,1.0451340303354493e-06,1.930651664010777e-06,0.0,0.0,2.7233454870677933e-06,1.5520069056968975e-06,0.0,0.0,0.0,0.0,0.0,0.0,0.0,0.0,0.0,0.0,0.0,0.0,0.029999999329447746,0.0,0.0,0.0,0.0
265.963,0.0,0.0,0.0,datactrl_ref_vx_fallback,datactrl_est_vx_fallback,-0.03999999910593033,states_theta,-0.005001854617148638,7.847012584098991e-07,1.0898291654063843e-06,1.9422489185919426e-06,0.0,0.0,2.96073176790513e-06,1.3746293807821206e-06,0.0,0.0,0.0,0.0,0.0,0.0,0.0,0.0,0.0,0.0,0.0,0.0,0.03999999910593033,0.0,0.0,0.0,0.0
266.022,0.0,0.0,0.0,datactrl_ref_vx_fallback,datactrl_est_vx_fallback,-0.03999999910593033,states_theta,-0.005001854617148638,7.920295137729604e-07,1.1323002194748625e-06,1.951743947568796e-06,0.0,0.0,3.1550872163850115e-06,1.229404946229875e-06,0.0,0.0,0.0,0.0,0.0,0.0,0.0,0.0,0.0,0.0,0.0,0.0,0.03999999910593033,0.0,0.0,0.0,0.0
266.087,0.0,0.0,0.0,datactrl_ref_vx_fallback,datactrl_est_vx_fallback,-0.03999999910593033,states_theta,-0.005001854617148638,8.251287191485633e-07,1.3750090049287899e-06,1.9946297230476798e-06,0.0,0.0,4.032923834569657e-06,5.734761955711694e-07,0.0,0.0,0.0,0.0,0.0,0.0,0.0,0.0,0.0,0.0,0.0,0.0,0.03999999910593033,0.0,0.0,0.0,0.0
266.148,0.0,0.0,0.0,datactrl_ref_vx_fallback,datactrl_est_vx_fallback,-0.03999999910593033,states_theta,-0.005001854617148638,8.251287191485633e-07,1.3750090049287899e-06,1.9946297230476798e-06,0.0,0.0,4.032923834569657e-06,5.734761955711694e-07,0.0,0.0,0.0,0.0,0.0,0.0,0.0,0.0,0.0,0.0,0.0,0.0,0.03999999910593033,0.0,0.0,0.0,0.0
266.2,0.0,0.0,0.0,datactrl_ref_vx_fallback,datactrl_est_vx_fallback,-0.03999999910593033,states_theta,-0.005001854617148638,8.251287191485633e-07,1.3750090049287899e-06,1.9946297230476798e-06,0.0,0.0,4.032923834569657e-06,5.734761955711694e-07,0.0,0.0,0.0,0.0,0.0,0.0,0.0,0.0,0.0,0.0,0.0,0.0,0.03999999910593033,0.0,0.0,0.0,0.0
266.255,0.0,0.0,0.0,datactrl_ref_vx_fallback,datactrl_est_vx_fallback,-0.03999999910593033,states_theta,-0.005001854617148638,8.251287191485633e-07,1.3750090049287899e-06,1.9946297230476798e-06,0.0,0.0,4.032923834569657e-06,5.734761955711694e-07,0.0,0.0,0.0,0.0,0.0,0.0,0.0,0.0,0.0,0.0,0.0,0.0,0.03999999910593033,0.0,0.0,0.0,0.0
266.309,0.0,0.0,0.0,datactrl_ref_vx_fallback,datactrl_est_vx_fallback,-0.03999999910593033,states_theta,-0.005001854617148638,8.251287191485633e-07,1.3750090049287899e-06,1.9946297230476798e-06,0.0,0.0,4.032923834569657e-06,5.734761955711694e-07,0.0,0.0,0.0,0.0,0.0,0.0,0.0,0.0,0.0,0.0,0.0,0.0,0.03999999910593033,0.0,0.0,0.0,0.0
266.373,0.0,0.0,0.0,datactrl_ref_vx_fallback,datactrl_est_vx_fallback,-0.03999999910593033,states_theta,-0.005001854617148638,8.251287191485633e-07,1.3750090049287899e-06,1.9946297230476798e-06,0.0,0.0,4.032923834569657e-06,5.734761955711694e-07,0.0,0.0,0.0,0.0,0.0,0.0,0.0,0.0,0.0,0.0,0.0,0.0,0.03999999910593033,0.0,0.0,0.0,0.0
266.435,0.0,0.0,0.0,datactrl_ref_vx_fallback,datactrl_est_vx_fallback,-0.03999999910593033,states_theta,-0.005001854617148638,8.251287191485633e-07,1.3750090049287899e-06,1.9946297230476798e-06,0.0,0.0,4.032923834569657e-06,5.734761955711694e-07,0.0,0.0,0.0,0.0,0.0,0.0,0.0,0.0,0.0,0.0,0.0,0.0,0.03999999910593033,0.0,0.0,0.0,0.0
266.497,0.0,0.0,0.0,datactrl_ref_vx_fallback,datactrl_est_vx_fallback,-0.03999999910593033,states_theta,-0.005001854617148638,8.251287191485633e-07,1.3750090049287899e-06,1.9946297230476798e-06,0.0,0.0,4.032923834569657e-06,5.734761955711694e-07,0.0,0.0,0.0,0.0,0.0,0.0,0.0,0.0,0.0,0.0,0.0,0.0,0.03999999910593033,0.0,0.0,0.0,0.0
266.562,0.0,0.0,0.0,datactrl_ref_vx_fallback,datactrl_est_vx_fallback,-0.03999999910593033,states_theta,-0.005001854617148638,8.251287191485633e-07,1.3750090049287899e-06,1.9946297230476798e-06,0.0,0.0,4.032923834569657e-06,5.734761955711694e-07,0.0,0.0,0.0,0.0,0.0,0.0,0.0,0.0,0.0,0.0,0.0,0.0,0.03999999910593033,0.0,0.0,0.0,0.0
266.615,0.0,0.0,0.0,datactrl_ref_vx_fallback,datactrl_est_vx_fallback,-0.04999999701976776,states_theta,-0.005001854617148638,8.251287191485633e-07,1.3750090049287899e-06,1.9946297230476798e-06,0.0,0.0,4.032923834569657e-06,5.734761955711694e-07,0.0,0.0,0.0,0.0,0.0,0.0,0.0,0.0,0.0,0.0,0.0,0.0,0.03999999910593033,0.0,0.0,0.0,0.0
266.668,0.0,0.0,0.0,datactrl_ref_vx_fallback,datactrl_est_vx_fallback,-0.04999999701976776,states_theta,-0.005001854617148638,8.251287191485633e-07,1.3750090049287899e-06,1.9946297230476798e-06,0.0,0.0,4.032923834569657e-06,5.734761955711694e-07,0.0,0.0,0.0,0.0,0.0,0.0,0.0,0.0,0.0,0.0,0.0,0.0,0.04999999701976776,0.0,0.0,0.0,0.0
266.732,0.0,0.0,0.0,datactrl_ref_vx_fallback,datactrl_est_vx_fallback,-0.04999999701976776,states_theta,-0.005001854617148638,8.251287191485633e-07,1.3750090049287899e-06,1.9946297230476798e-06,0.0,0.0,4.032923834569657e-06,5.734761955711694e-07,0.0,0.0,0.0,0.0,0.0,0.0,0.0,0.0,0.0,0.0,0.0,0.0,0.04999999701976776,0.0,0.0,0.0,0.0
266.795,0.0,0.0,0.0,datactrl_ref_vx_fallback,datactrl_est_vx_fallback,-0.04999999701976776,states_theta,-0.005001854617148638,8.251287191485633e-07,1.3750090049287899e-06,1.9946297230476798e-06,0.0,0.0,4.032923834569657e-06,5.734761955711694e-07,0.0,0.0,0.0,0.0,0.0,0.0,0.0,0.0,0.0,0.0,0.0,0.0,0.04999999701976776,0.0,0.0,0.0,0.0
266.856,0.0,0.0,0.0,datactrl_ref_vx_fallback,datactrl_est_vx_fallback,-0.04999999701976776,states_theta,-0.005001854617148638,8.251287191485633e-07,1.3750090049287899e-06,1.9946297230476798e-06,0.0,0.0,4.032923834569657e-06,5.734761955711694e-07,0.0,0.0,0.0,0.0,0.0,0.0,0.0,0.0,0.0,0.0,0.0,0.0,0.04999999701976776,0.0,0.0,0.0,0.0
266.92,0.0,0.0,0.0,datactrl_ref_vx_fallback,datactrl_est_vx_fallback,-0.04999999701976776,states_theta,-0.005001854617148638,8.251287191485633e-07,1.3750090049287899e-06,1.9946297230476798e-06,0.0,0.0,4.032923834569657e-06,5.734761955711694e-07,0.0,0.0,0.0,0.0,0.0,0.0,0.0,0.0,0.0,0.0,0.0,0.0,0.04999999701976776,0.0,0.0,0.0,0.0
266.987,0.0,0.0,0.0,datactrl_ref_vx_fallback,datactrl_est_vx_fallback,-0.04999999701976776,states_theta,-0.005001854617148638,8.251287191485633e-07,1.3750090049287899e-06,1.9946297230476798e-06,0.0,0.0,4.032923834569657e-06,5.734761955711694e-07,0.0,0.0,0.0,0.0,0.0,0.0,0.0,0.0,0.0,0.0,0.0,0.0,0.04999999701976776,0.0,0.0,0.0,0.0
267.045,0.0,0.0,0.0,datactrl_ref_vx_fallback,datactrl_est_vx_fallback,-0.04999999701976776,states_theta,-0.005001854617148638,8.251287191485633e-07,1.3750090049287899e-06,1.9946297230476798e-06,0.0,0.0,4.032923834569657e-06,5.734761955711694e-07,0.0,0.0,0.0,0.0,0.0,0.0,0.0,0.0,0.0,0.0,0.0,0.0,0.04999999701976776,0.0,0.0,0.0,0.0
267.108,0.0,0.0,0.0,datactrl_ref_vx_fallback,datactrl_est_vx_fallback,-0.04999999701976776,states_theta,-0.005001854617148638,8.251287191485633e-07,1.3750090049287899e-06,1.9946297230476798e-06,0.0,0.0,4.032923834569657e-06,5.734761955711694e-07,0.0,0.0,0.0,0.0,0.0,0.0,0.0,0.0,0.0,0.0,0.0,0.0,0.04999999701976776,0.0,0.0,0.0,0.0
267.16,0.0,0.0,0.0,datactrl_ref_vx_fallback,datactrl_est_vx_fallback,-0.04999999701976776,states_theta,-0.005001854617148638,8.251287191485633e-07,1.3750090049287899e-06,1.9946297230476798e-06,0.0,0.0,4.032923834569657e-06,5.734761955711694e-07,0.0,0.0,0.0,0.0,0.0,0.0,0.0,0.0,0.0,0.0,0.0,0.0,0.04999999701976776,0.0,0.0,0.0,0.0
267.211,0.0,0.0,0.0,datactrl_ref_vx_fallback,datactrl_est_vx_fallback,-0.04999999701976776,states_theta,-0.005001854617148638,8.251287191485633e-07,1.3750090049287899e-06,1.9946297230476798e-06,0.0,0.0,4.032923834569657e-06,5.734761955711694e-07,0.0,0.0,0.0,0.0,0.0,0.0,0.0,0.0,0.0,0.0,0.0,0.0,0.04999999701976776,0.0,0.0,0.0,0.0
267.261,0.0,0.0,0.0,datactrl_ref_vx_fallback,datactrl_est_vx_fallback,-0.05999999865889549,states_theta,-0.005001854617148638,8.251287191485633e-07,1.3750090049287899e-06,1.9946297230476798e-06,0.0,0.0,4.032923834569657e-06,5.734761955711694e-07,0.0,0.0,0.0,0.0,0.0,0.0,0.0,0.0,0.0,0.0,0.0,0.0,0.05999999865889549,0.0,0.0,0.0,0.0
267.312,0.0,0.0,0.0,datactrl_ref_vx_fallback,datactrl_est_vx_fallback,-0.05999999865889549,states_theta,-0.005001854617148638,8.251287191485633e-07,1.3750090049287899e-06,1.9946297230476798e-06,0.0,0.0,4.032923834569657e-06,5.734761955711694e-07,0.0,0.0,0.0,0.0,0.0,0.0,0.0,0.0,0.0,0.0,0.0,0.0,0.05999999865889549,0.0,0.0,0.0,0.0
267.375,0.0,0.0,0.0,datactrl_ref_vx_fallback,datactrl_est_vx_fallback,-0.05999999865889549,states_theta,-0.005001854617148638,8.251287191485633e-07,1.3750090049287899e-06,1.9946297230476798e-06,0.0,0.0,4.032923834569657e-06,5.734761955711694e-07,0.0,0.0,0.0,0.0,0.0,0.0,0.0,0.0,0.0,0.0,0.0,0.0,0.05999999865889549,0.0,0.0,0.0,0.0
267.44,0.0,0.0,0.0,datactrl_ref_vx_fallback,datactrl_est_vx_fallback,-0.05999999865889549,states_theta,-0.005001854617148638,8.251287191485633e-07,1.3750090049287899e-06,1.9946297230476798e-06,0.0,0.0,4.032923834569657e-06,5.734761955711694e-07,0.0,0.0,0.0,0.0,0.0,0.0,0.0,0.0,0.0,0.0,0.0,0.0,0.05999999865889549,0.0,0.0,0.0,0.0
267.502,0.0,0.0,0.0,datactrl_ref_vx_fallback,datactrl_est_vx_fallback,-0.05999999865889549,states_theta,-0.005001854617148638,8.251287191485633e-07,1.3750090049287899e-06,1.9946297230476798e-06,0.0,0.0,4.032923834569657e-06,5.734761955711694e-07,0.0,0.0,0.0,0.0,0.0,0.0,0.0,0.0,0.0,0.0,0.0,0.0,0.05999999865889549,0.0,0.0,0.0,0.0
267.569,0.0,0.0,0.0,datactrl_ref_vx_fallback,datactrl_est_vx_fallback,-0.05999999865889549,states_theta,-0.005001854617148638,8.251287191485633e-07,1.3750090049287899e-06,1.9946297230476798e-06,0.0,0.0,4.032923834569657e-06,5.734761955711694e-07,0.0,0.0,0.0,0.0,0.0,0.0,0.0,0.0,0.0,0.0,0.0,0.0,0.05999999865889549,0.0,0.0,0.0,0.0
267.632,0.0,0.0,0.0,datactrl_ref_vx_fallback,datactrl_est_vx_fallback,-0.05999999865889549,states_theta,-0.005001854617148638,8.251287191485633e-07,1.3750090049287899e-06,1.9946297230476798e-06,0.0,0.0,4.032923834569657e-06,5.734761955711694e-07,0.0,0.0,0.0,0.0,0.0,0.0,0.0,0.0,0.0,0.0,0.0,0.0,0.05999999865889549,0.0,0.0,0.0,0.0
267.698,0.0,0.0,0.0,datactrl_ref_vx_fallback,datactrl_est_vx_fallback,-0.05999999865889549,states_theta,-0.005001854617148638,8.251287191485633e-07,1.3750090049287899e-06,1.9946297230476798e-06,0.0,0.0,4.032923834569657e-06,5.734761955711694e-07,0.0,0.0,0.0,0.0,0.0,0.0,0.0,0.0,0.0,0.0,0.0,0.0,0.05999999865889549,0.0,0.0,0.0,0.0
267.765,0.0,0.0,0.0,datactrl_ref_vx_fallback,datactrl_est_vx_fallback,-0.05999999865889549,states_theta,-0.005001854617148638,8.251287191485633e-07,1.3750090049287899e-06,1.9946297230476798e-06,0.0,0.0,4.032923834569657e-06,5.734761955711694e-07,0.0,0.0,0.0,0.0,0.0,0.0,0.0,0.0,0.0,0.0,0.0,0.0,0.05999999865889549,0.0,0.0,0.0,0.0
267.832,0.0,0.0,0.0,datactrl_ref_vx_fallback,datactrl_est_vx_fallback,-0.05999999865889549,states_theta,-0.005001854617148638,8.251287191485633e-07,1.3750090049287899e-06,1.9946297230476798e-06,0.0,0.0,4.032923834569657e-06,5.734761955711694e-07,0.0,0.0,0.0,0.0,0.0,0.0,0.0,0.0,0.0,0.0,0.0,0.0,0.05999999865889549,0.0,0.0,0.0,0.0
267.9,0.0,0.0,0.0,datactrl_ref_vx_fallback,datactrl_est_vx_fallback,-0.07000000029802322,states_theta,-0.005001854617148638,8.251287191485633e-07,1.3750090049287899e-06,1.9946297230476798e-06,0.0,0.0,4.032923834569657e-06,5.734761955711694e-07,0.0,0.0,0.0,0.0,0.0,0.0,0.0,0.0,0.0,0.0,0.0,0.0,0.07000000029802322,0.0,0.0,0.0,0.0
267.969,0.0,0.0,0.0,datactrl_ref_vx_fallback,datactrl_est_vx_fallback,-0.07000000029802322,states_theta,-0.005001854617148638,8.251287191485633e-07,1.3750090049287899e-06,1.9946297230476798e-06,0.0,0.0,4.032923834569657e-06,5.734761955711694e-07,0.0,0.0,0.0,0.0,0.0,0.0,0.0,0.0,0.0,0.0,0.0,0.0,0.07000000029802322,0.0,0.0,0.0,0.0
268.035,0.0,0.0,0.0,datactrl_ref_vx_fallback,datactrl_est_vx_fallback,-0.07000000029802322,states_theta,-0.005001854617148638,8.251287191485633e-07,1.3750090049287899e-06,1.9946297230476798e-06,0.0,0.0,4.032923834569657e-06,5.734761955711694e-07,0.0,0.0,0.0,0.0,0.0,0.0,0.0,0.0,0.0,0.0,0.0,0.0,0.07000000029802322,0.0,0.0,0.0,0.0
268.105,0.0,0.0,0.0,datactrl_ref_vx_fallback,datactrl_est_vx_fallback,-0.07000000029802322,states_theta,-0.005001854617148638,8.251287191485633e-07,1.3750090049287899e-06,1.9946297230476798e-06,0.0,0.0,4.032923834569657e-06,5.734761955711694e-07,0.0,0.0,0.0,0.0,0.0,0.0,0.0,0.0,0.0,0.0,0.0,0.0,0.07000000029802322,0.0,0.0,0.0,0.0
268.157,0.0,0.0,0.0,datactrl_ref_vx_fallback,datactrl_est_vx_fallback,-0.07000000029802322,states_theta,-0.005001854617148638,8.251287191485633e-07,1.3750090049287899e-06,1.9946297230476798e-06,0.0,0.0,4.032923834569657e-06,5.734761955711694e-07,0.0,0.0,0.0,0.0,0.0,0.0,0.0,0.0,0.0,0.0,0.0,0.0,0.07000000029802322,0.0,0.0,0.0,0.0
268.207,0.0,0.0,0.0,datactrl_ref_vx_fallback,datactrl_est_vx_fallback,-0.07000000029802322,states_theta,-0.005001854617148638,8.251287191485633e-07,1.3750090049287899e-06,1.9946297230476798e-06,0.0,0.0,4.032923834569657e-06,5.734761955711694e-07,0.0,0.0,0.0,0.0,0.0,0.0,0.0,0.0,0.0,0.0,0.0,0.0,0.07000000029802322,0.0,0.0,0.0,0.0
268.258,0.0,0.0,0.0,datactrl_ref_vx_fallback,datactrl_est_vx_fallback,-0.07000000029802322,states_theta,-0.005001854617148638,8.251287191485633e-07,1.3750090049287899e-06,1.9946297230476798e-06,0.0,0.0,4.032923834569657e-06,5.734761955711694e-07,0.0,0.0,0.0,0.0,0.0,0.0,0.0,0.0,0.0,0.0,0.0,0.0,0.07000000029802322,0.0,0.0,0.0,0.0
268.318,0.0,0.0,0.0,datactrl_ref_vx_fallback,datactrl_est_vx_fallback,-0.07000000029802322,states_theta,-0.005001854617148638,8.251287191485633e-07,1.3750090049287899e-06,1.9946297230476798e-06,0.0,0.0,4.032923834569657e-06,5.734761955711694e-07,0.0,0.0,0.0,0.0,0.0,0.0,0.0,0.0,0.0,0.0,0.0,0.0,0.07000000029802322,0.0,0.0,0.0,0.0
268.38,0.0,0.0,0.0,datactrl_ref_vx_fallback,datactrl_est_vx_fallback,-0.07000000029802322,states_theta,-0.005001854617148638,8.251287191485633e-07,1.3750090049287899e-06,1.9946297230476798e-06,0.0,0.0,4.032923834569657e-06,5.734761955711694e-07,0.0,0.0,0.0,0.0,0.0,0.0,0.0,0.0,0.0,0.0,0.0,0.0,0.07000000029802322,0.0,0.0,0.0,0.0
268.442,0.0,0.0,0.0,datactrl_ref_vx_fallback,datactrl_est_vx_fallback,-0.07000000029802322,states_theta,-0.005001854617148638,8.251287191485633e-07,1.3750090049287899e-06,1.9946297230476798e-06,0.0,0.0,4.032923834569657e-06,5.734761955711694e-07,0.0,0.0,0.0,0.0,0.0,0.0,0.0,0.0,0.0,0.0,0.0,0.0,0.07000000029802322,0.0,0.0,0.0,0.0
268.493,0.0,0.0,0.0,datactrl_ref_vx_fallback,datactrl_est_vx_fallback,-0.07999999821186066,states_theta,-0.005001854617148638,8.251287191485633e-07,1.3750090049287899e-06,1.9946297230476798e-06,0.0,0.0,4.032923834569657e-06,5.734761955711694e-07,0.0,0.0,0.0,0.0,0.0,0.0,0.0,0.0,0.0,0.0,0.0,0.0,0.07999999821186066,0.0,0.0,0.0,0.0
268.555,0.0,0.0,0.0,datactrl_ref_vx_fallback,datactrl_est_vx_fallback,-0.07999999821186066,states_theta,-0.005001854617148638,8.251287191485633e-07,1.3750090049287899e-06,1.9946297230476798e-06,0.0,0.0,4.032923834569657e-06,5.734761955711694e-07,0.0,0.0,0.0,0.0,0.0,0.0,0.0,0.0,0.0,0.0,0.0,0.0,0.07999999821186066,0.0,0.0,0.0,0.0
268.622,0.0,0.0,0.0,datactrl_ref_vx_fallback,datactrl_est_vx_fallback,-0.07999999821186066,states_theta,-0.005001854617148638,8.251287191485633e-07,1.3750090049287899e-06,1.9946297230476798e-06,0.0,0.0,4.032923834569657e-06,5.734761955711694e-07,0.0,0.0,0.0,0.0,0.0,0.0,0.0,0.0,0.0,0.0,0.0,0.0,0.07999999821186066,0.0,0.0,0.0,0.0
268.672,0.0,0.0,0.0,datactrl_ref_vx_fallback,datactrl_est_vx_fallback,-0.07999999821186066,states_theta,-0.005001854617148638,8.251287191485633e-07,1.3750090049287899e-06,1.9946297230476798e-06,0.0,0.0,4.032923834569657e-06,5.734761955711694e-07,0.0,0.0,0.0,0.0,0.0,0.0,0.0,0.0,0.0,0.0,0.0,0.0,0.07999999821186066,0.0,0.0,0.0,0.0
268.738,0.0,0.0,0.0,datactrl_ref_vx_fallback,datactrl_est_vx_fallback,-0.07999999821186066,states_theta,-0.005001854617148638,8.251287191485633e-07,1.3750090049287899e-06,1.9946297230476798e-06,0.0,0.0,4.032923834569657e-06,5.734761955711694e-07,0.0,0.0,0.0,0.0,0.0,0.0,0.0,0.0,0.0,0.0,0.0,0.0,0.07999999821186066,0.0,0.0,0.0,0.0
268.804,0.0,0.0,0.0,datactrl_ref_vx_fallback,datactrl_est_vx_fallback,-0.07999999821186066,states_theta,-0.005001854617148638,8.251287191485633e-07,1.3750090049287899e-06,1.9946297230476798e-06,0.0,0.0,4.032923834569657e-06,5.734761955711694e-07,0.0,0.0,0.0,0.0,0.0,0.0,0.0,0.0,0.0,0.0,0.0,0.0,0.07999999821186066,0.0,0.0,0.0,0.0
268.874,0.0,0.0,0.0,datactrl_ref_vx_fallback,datactrl_est_vx_fallback,-0.07999999821186066,states_theta,-0.005001854617148638,8.251287191485633e-07,1.3750090049287899e-06,1.9946297230476798e-06,0.0,0.0,4.032923834569657e-06,5.734761955711694e-07,0.0,0.0,0.0,0.0,0.0,0.0,0.0,0.0,0.0,0.0,0.0,0.0,0.07999999821186066,0.0,0.0,0.0,0.0
268.936,0.0,0.0,0.0,datactrl_ref_vx_fallback,datactrl_est_vx_fallback,-0.07999999821186066,states_theta,-0.005001854617148638,8.251287191485633e-07,1.3750090049287899e-06,1.9946297230476798e-06,0.0,0.0,4.032923834569657e-06,5.734761955711694e-07,0.0,0.0,0.0,0.0,0.0,0.0,0.0,0.0,0.0,0.0,0.0,0.0,0.07999999821186066,0.0,0.0,0.0,0.0
268.999,0.0,0.0,0.0,datactrl_ref_vx_fallback,datactrl_est_vx_fallback,-0.07999999821186066,states_theta,-0.005001854617148638,8.251287191485633e-07,1.3750090049287899e-06,1.9946297230476798e-06,0.0,0.0,4.032923834569657e-06,5.734761955711694e-07,0.0,0.0,0.0,0.0,0.0,0.0,0.0,0.0,0.0,0.0,0.0,0.0,0.07999999821186066,0.0,0.0,0.0,0.0
269.06,0.0,0.0,0.0,datactrl_ref_vx_fallback,datactrl_est_vx_fallback,-0.07999999821186066,states_theta,-0.005001854617148638,8.251287191485633e-07,1.3750090049287899e-06,1.9946297230476798e-06,0.0,0.0,4.032923834569657e-06,5.734761955711694e-07,0.0,0.0,0.0,0.0,0.0,0.0,0.0,0.0,0.0,0.0,0.0,0.0,0.07999999821186066,0.0,0.0,0.0,0.0
269.12,0.0,0.0,0.0,datactrl_ref_vx_fallback,datactrl_est_vx_fallback,-0.07999999821186066,states_theta,-0.005001854617148638,8.251287191485633e-07,1.3750090049287899e-06,1.9946297230476798e-06,0.0,0.0,4.032923834569657e-06,5.734761955711694e-07,0.0,0.0,0.0,0.0,0.0,0.0,0.0,0.0,0.0,0.0,0.0,0.0,0.07999999821186066,0.0,0.0,0.0,0.0
269.181,0.0,0.0,0.0,datactrl_ref_vx_fallback,datactrl_est_vx_fallback,-0.08999999612569809,states_theta,-0.005001854617148638,8.251287191485633e-07,1.3750090049287899e-06,1.9946297230476798e-06,0.0,0.0,4.032923834569657e-06,5.734761955711694e-07,0.0,0.0,0.0,0.0,0.0,0.0,0.0,0.0,0.0,0.0,0.0,0.0,0.08999999612569809,0.0,0.0,0.0,0.0
269.241,0.0,0.0,0.0,datactrl_ref_vx_fallback,datactrl_est_vx_fallback,-0.08999999612569809,states_theta,-0.005001854617148638,8.251287191485633e-07,1.3750090049287899e-06,1.9946297230476798e-06,0.0,0.0,4.032923834569657e-06,5.734761955711694e-07,0.0,0.0,0.0,0.0,0.0,0.0,0.0,0.0,0.0,0.0,0.0,0.0,0.08999999612569809,0.0,0.0,0.0,0.0
269.303,0.0,0.0,0.0,datactrl_ref_vx_fallback,datactrl_est_vx_fallback,-0.08999999612569809,states_theta,-0.005001854617148638,8.251287191485633e-07,1.3750090049287899e-06,1.9946297230476798e-06,0.0,0.0,4.032923834569657e-06,5.734761955711694e-07,0.0,0.0,0.0,0.0,0.0,0.0,0.0,0.0,0.0,0.0,0.0,0.0,0.08999999612569809,0.0,0.0,0.0,0.0
269.366,0.0,0.0,0.0,datactrl_ref_vx_fallback,datactrl_est_vx_fallback,-0.08999999612569809,states_theta,-0.005001854617148638,8.251287191485633e-07,1.3750090049287899e-06,1.9946297230476798e-06,0.0,0.0,4.032923834569657e-06,5.734761955711694e-07,0.0,0.0,0.0,0.0,0.0,0.0,0.0,0.0,0.0,0.0,0.0,0.0,0.08999999612569809,0.0,0.0,0.0,0.0
269.425,0.0,0.0,0.0,datactrl_ref_vx_fallback,datactrl_est_vx_fallback,-0.08999999612569809,states_theta,-0.005001854617148638,8.251287191485633e-07,1.3750090049287899e-06,1.9946297230476798e-06,0.0,0.0,4.032923834569657e-06,5.734761955711694e-07,0.0,0.0,0.0,0.0,0.0,0.0,0.0,0.0,0.0,0.0,0.0,0.0,0.08999999612569809,0.0,0.0,0.0,0.0
269.487,0.0,0.0,0.0,datactrl_ref_vx_fallback,datactrl_est_vx_fallback,-0.08999999612569809,states_theta,-0.005001854617148638,8.251287191485633e-07,1.3750090049287899e-06,1.9946297230476798e-06,0.0,0.0,4.032923834569657e-06,5.734761955711694e-07,0.0,0.0,0.0,0.0,0.0,0.0,0.0,0.0,0.0,0.0,0.0,0.0,0.08999999612569809,0.0,0.0,0.0,0.0
269.547,0.0,0.0,0.0,datactrl_ref_vx_fallback,datactrl_est_vx_fallback,-0.08999999612569809,states_theta,-0.005001854617148638,8.251287191485633e-07,1.3750090049287899e-06,1.9946297230476798e-06,0.0,0.0,4.032923834569657e-06,5.734761955711694e-07,0.0,0.0,0.0,0.0,0.0,0.0,0.0,0.0,0.0,0.0,0.0,0.0,0.08999999612569809,0.0,0.0,0.0,0.0
269.606,0.0,0.0,0.0,datactrl_ref_vx_fallback,datactrl_est_vx_fallback,-0.08999999612569809,states_theta,-0.005001854617148638,8.251287191485633e-07,1.3750090049287899e-06,1.9946297230476798e-06,0.0,0.0,4.032923834569657e-06,5.734761955711694e-07,0.0,0.0,0.0,0.0,0.0,0.0,0.0,0.0,0.0,0.0,0.0,0.0,0.08999999612569809,0.0,0.0,0.0,0.0
269.664,0.0,0.0,0.0,datactrl_ref_vx_fallback,datactrl_est_vx_fallback,-0.08999999612569809,states_theta,-0.005001854617148638,8.251287191485633e-07,1.3750090049287899e-06,1.9946297230476798e-06,0.0,0.0,4.032923834569657e-06,5.734761955711694e-07,0.0,0.0,0.0,0.0,0.0,0.0,0.0,0.0,0.0,0.0,0.0,0.0,0.08999999612569809,0.0,0.0,0.0,0.0
269.73,0.0,0.0,0.0,datactrl_ref_vx_fallback,datactrl_est_vx_fallback,-0.09999999403953552,states_theta,-0.005001854617148638,8.251287191485633e-07,1.3750090049287899e-06,1.9946297230476798e-06,0.0,0.0,4.032923834569657e-06,5.734761955711694e-07,0.0,0.0,0.0,0.0,0.0,0.0,0.0,0.0,0.0,0.0,0.0,0.0,0.09999999403953552,0.0,0.0,0.0,0.0
269.799,0.0,0.0,0.0,datactrl_ref_vx_fallback,datactrl_est_vx_fallback,-0.09999999403953552,states_theta,-0.005001854617148638,8.251287191485633e-07,1.3750090049287899e-06,1.9946297230476798e-06,0.0,0.0,4.032923834569657e-06,5.734761955711694e-07,0.0,0.0,0.0,0.0,0.0,0.0,0.0,0.0,0.0,0.0,0.0,0.0,0.09999999403953552,0.0,0.0,0.0,0.0
269.85,0.0,0.0,0.0,datactrl_ref_vx_fallback,datactrl_est_vx_fallback,-0.09999999403953552,states_theta,-0.005001854617148638,8.251287191485633e-07,1.3750090049287899e-06,1.9946297230476798e-06,0.0,0.0,4.032923834569657e-06,5.734761955711694e-07,0.0,0.0,0.0,0.0,0.0,0.0,0.0,0.0,0.0,0.0,0.0,0.0,0.09999999403953552,0.0,0.0,0.0,0.0
269.902,0.0,0.0,0.0,datactrl_ref_vx_fallback,datactrl_est_vx_fallback,-0.09999999403953552,states_theta,-0.005001854617148638,8.251287191485633e-07,1.3750090049287899e-06,1.9946297230476798e-06,0.0,0.0,4.032923834569657e-06,5.734761955711694e-07,0.0,0.0,0.0,0.0,0.0,0.0,0.0,0.0,0.0,0.0,0.0,0.0,0.09999999403953552,0.0,0.0,0.0,0.0
269.964,0.0,0.0,0.0,datactrl_ref_vx_fallback,datactrl_est_vx_fallback,-0.09999999403953552,states_theta,-0.005001854617148638,8.251287191485633e-07,1.3750090049287899e-06,1.9946297230476798e-06,0.0,0.0,4.032923834569657e-06,5.734761955711694e-07,0.0,0.0,0.0,0.0,0.0,0.0,0.0,0.0,0.0,0.0,0.0,0.0,0.09999999403953552,0.0,0.0,0.0,0.0
270.023,0.0,0.0,0.0,datactrl_ref_vx_fallback,datactrl_est_vx_fallback,-0.09999999403953552,states_theta,-0.005001854617148638,8.251287191485633e-07,1.3750090049287899e-06,1.9946297230476798e-06,0.0,0.0,4.032923834569657e-06,5.734761955711694e-07,0.0,0.0,0.0,0.0,0.0,0.0,0.0,0.0,0.0,0.0,0.0,0.0,0.09999999403953552,0.0,0.0,0.0,0.0
270.08,0.0,0.0,0.0,datactrl_ref_vx_fallback,datactrl_est_vx_fallback,-0.09999999403953552,states_theta,-0.005001854617148638,8.251287191485633e-07,1.3750090049287899e-06,1.9946297230476798e-06,0.0,0.0,4.032923834569657e-06,5.734761955711694e-07,0.0,0.0,0.0,0.0,0.0,0.0,0.0,0.0,0.0,0.0,0.0,0.0,0.09999999403953552,0.0,0.0,0.0,0.0
270.14,0.0,0.0,0.0,datactrl_ref_vx_fallback,datactrl_est_vx_fallback,-0.09999999403953552,states_theta,-0.005001854617148638,8.251287191485633e-07,1.3750090049287899e-06,1.9946297230476798e-06,0.0,0.0,4.032923834569657e-06,5.734761955711694e-07,0.0,0.0,0.0,0.0,0.0,0.0,0.0,0.0,0.0,0.0,0.0,0.0,0.09999999403953552,0.0,0.0,0.0,0.0
270.199,0.0,0.0,0.0,datactrl_ref_vx_fallback,datactrl_est_vx_fallback,-0.09999999403953552,states_theta,-0.005001854617148638,8.251287191485633e-07,1.3750090049287899e-06,1.9946297230476798e-06,0.0,0.0,4.032923834569657e-06,5.734761955711694e-07,0.0,0.0,0.0,0.0,0.0,0.0,0.0,0.0,0.0,0.0,0.0,0.0,0.09999999403953552,0.0,0.0,0.0,0.0
270.262,0.0,0.0,0.0,datactrl_ref_vx_fallback,datactrl_est_vx_fallback,-0.09999999403953552,states_theta,-0.005001854617148638,8.251287191485633e-07,1.3750090049287899e-06,1.9946297230476798e-06,0.0,0.0,4.032923834569657e-06,5.734761955711694e-07,0.0,0.0,0.0,0.0,0.0,0.0,0.0,0.0,0.0,0.0,0.0,0.0,0.09999999403953552,0.0,0.0,0.0,0.0
270.315,0.0,0.0,0.0,datactrl_ref_vx_fallback,datactrl_est_vx_fallback,-0.10999999940395355,states_theta,-0.005001854617148638,8.251287191485633e-07,1.3750090049287899e-06,1.9946297230476798e-06,0.0,0.0,4.032923834569657e-06,5.734761955711694e-07,0.0,0.0,0.0,0.0,0.0,0.0,0.0,0.0,0.0,0.0,0.0,0.0,0.10999999940395355,0.0,0.0,0.0,0.0
270.375,0.0,0.0,0.0,datactrl_ref_vx_fallback,datactrl_est_vx_fallback,-0.10999999940395355,states_theta,-0.005001854617148638,8.251287191485633e-07,1.3750090049287899e-06,1.9946297230476798e-06,0.0,0.0,4.032923834569657e-06,5.734761955711694e-07,0.0,0.0,0.0,0.0,0.0,0.0,0.0,0.0,0.0,0.0,0.0,0.0,0.10999999940395355,0.0,0.0,0.0,0.0
270.437,0.0,0.0,0.0,datactrl_ref_vx_fallback,datactrl_est_vx_fallback,-0.10999999940395355,states_theta,-0.005001854617148638,8.251287191485633e-07,1.3750090049287899e-06,1.9946297230476798e-06,0.0,0.0,4.032923834569657e-06,5.734761955711694e-07,0.0,0.0,0.0,0.0,0.0,0.0,0.0,0.0,0.0,0.0,0.0,0.0,0.10999999940395355,0.0,0.0,0.0,0.0
270.497,0.0,0.0,0.0,datactrl_ref_vx_fallback,datactrl_est_vx_fallback,-0.10999999940395355,states_theta,-0.005001854617148638,8.251287191485633e-07,1.3750090049287899e-06,1.9946297230476798e-06,0.0,0.0,4.032923834569657e-06,5.734761955711694e-07,0.0,0.0,0.0,0.0,0.0,0.0,0.0,0.0,0.0,0.0,0.0,0.0,0.10999999940395355,0.0,0.0,0.0,0.0
270.548,0.0,0.0,0.0,datactrl_ref_vx_fallback,datactrl_est_vx_fallback,-0.10999999940395355,states_theta,-0.005001854617148638,8.251287191485633e-07,1.3750090049287899e-06,1.9946297230476798e-06,0.0,0.0,4.032923834569657e-06,5.734761955711694e-07,0.0,0.0,0.0,0.0,0.0,0.0,0.0,0.0,0.0,0.0,0.0,0.0,0.10999999940395355,0.0,0.0,0.0,0.0
270.609,0.0,0.0,0.0,datactrl_ref_vx_fallback,datactrl_est_vx_fallback,-0.10999999940395355,states_theta,-0.005001854617148638,8.251287191485633e-07,1.3750090049287899e-06,1.9946297230476798e-06,0.0,0.0,4.032923834569657e-06,5.734761955711694e-07,0.0,0.0,0.0,0.0,0.0,0.0,0.0,0.0,0.0,0.0,0.0,0.0,0.10999999940395355,0.0,0.0,0.0,0.0
270.665,0.0,0.0,0.0,datactrl_ref_vx_fallback,datactrl_est_vx_fallback,-0.10999999940395355,states_theta,-0.005001854617148638,8.251287191485633e-07,1.3750090049287899e-06,1.9946297230476798e-06,0.0,0.0,4.032923834569657e-06,5.734761955711694e-07,0.0,0.0,0.0,0.0,0.0,0.0,0.0,0.0,0.0,0.0,0.0,0.0,0.10999999940395355,0.0,0.0,0.0,0.0
270.723,0.0,0.0,0.0,datactrl_ref_vx_fallback,datactrl_est_vx_fallback,-0.10999999940395355,states_theta,-0.005001854617148638,8.251287191485633e-07,1.3750090049287899e-06,1.9946297230476798e-06,0.0,0.0,4.032923834569657e-06,5.734761955711694e-07,0.0,0.0,0.0,0.0,0.0,0.0,0.0,0.0,0.0,0.0,0.0,0.0,0.10999999940395355,0.0,0.0,0.0,0.0
270.781,0.0,0.0,0.0,datactrl_ref_vx_fallback,datactrl_est_vx_fallback,-0.10999999940395355,states_theta,-0.005001854617148638,8.251287191485633e-07,1.3750090049287899e-06,1.9946297230476798e-06,0.0,0.0,4.032923834569657e-06,5.734761955711694e-07,0.0,0.0,0.0,0.0,0.0,0.0,0.0,0.0,0.0,0.0,0.0,0.0,0.10999999940395355,0.0,0.0,0.0,0.0
270.838,0.0,0.0,0.0,datactrl_ref_vx_fallback,datactrl_est_vx_fallback,-0.10999999940395355,states_theta,-0.005001854617148638,8.251287191485633e-07,1.3750090049287899e-06,1.9946297230476798e-06,0.0,0.0,4.032923834569657e-06,5.734761955711694e-07,0.0,0.0,0.0,0.0,0.0,0.0,0.0,0.0,0.0,0.0,0.0,0.0,0.10999999940395355,0.0,0.0,0.0,0.0
270.898,0.0,0.0,0.0,datactrl_ref_vx_fallback,datactrl_est_vx_fallback,-0.11999999731779099,states_theta,-0.005001854617148638,8.251287191485633e-07,1.3750090049287899e-06,1.9946297230476798e-06,0.0,0.0,4.032923834569657e-06,5.734761955711694e-07,0.0,0.0,0.0,0.0,0.0,0.0,0.0,0.0,0.0,0.0,0.0,0.0,0.11999999731779099,0.0,0.0,0.0,0.0
270.956,0.0,0.0,0.0,datactrl_ref_vx_fallback,datactrl_est_vx_fallback,-0.11999999731779099,states_theta,-0.005001854617148638,8.251287191485633e-07,1.3750090049287899e-06,1.9946297230476798e-06,0.0,0.0,4.032923834569657e-06,5.734761955711694e-07,0.0,0.0,0.0,0.0,0.0,0.0,0.0,0.0,0.0,0.0,0.0,0.0,0.11999999731779099,0.0,0.0,0.0,0.0
271.014,0.0,0.0,0.0,datactrl_ref_vx_fallback,datactrl_est_vx_fallback,-0.11999999731779099,states_theta,-0.005001854617148638,8.251287191485633e-07,1.3750090049287899e-06,1.9946297230476798e-06,0.0,0.0,4.032923834569657e-06,5.734761955711694e-07,0.0,0.0,0.0,0.0,0.0,0.0,0.0,0.0,0.0,0.0,0.0,0.0,0.11999999731779099,0.0,0.0,0.0,0.0
271.07,0.0,0.0,0.0,datactrl_ref_vx_fallback,datactrl_est_vx_fallback,-0.11999999731779099,states_theta,-0.005001854617148638,8.251287191485633e-07,1.3750090049287899e-06,1.9946297230476798e-06,0.0,0.0,4.032923834569657e-06,5.734761955711694e-07,0.0,0.0,0.0,0.0,0.0,0.0,0.0,0.0,0.0,0.0,0.0,0.0,0.11999999731779099,0.0,0.0,0.0,0.0
271.125,0.0,0.0,0.0,datactrl_ref_vx_fallback,datactrl_est_vx_fallback,-0.11999999731779099,states_theta,-0.005001854617148638,8.251287191485633e-07,1.3750090049287899e-06,1.9946297230476798e-06,0.0,0.0,4.032923834569657e-06,5.734761955711694e-07,0.0,0.0,0.0,0.0,0.0,0.0,0.0,0.0,0.0,0.0,0.0,0.0,0.11999999731779099,0.0,0.0,0.0,0.0
271.194,0.0,0.0,0.0,datactrl_ref_vx_fallback,datactrl_est_vx_fallback,-0.11999999731779099,states_theta,-0.005001854617148638,8.251287191485633e-07,1.3750090049287899e-06,1.9946297230476798e-06,0.0,0.0,4.032923834569657e-06,5.734761955711694e-07,0.0,0.0,0.0,0.0,0.0,0.0,0.0,0.0,0.0,0.0,0.0,0.0,0.11999999731779099,0.0,0.0,0.0,0.0
271.261,0.0,0.0,0.0,datactrl_ref_vx_fallback,datactrl_est_vx_fallback,-0.11999999731779099,states_theta,-0.005001854617148638,8.251287191485633e-07,1.3750090049287899e-06,1.9946297230476798e-06,0.0,0.0,4.032923834569657e-06,5.734761955711694e-07,0.0,0.0,0.0,0.0,0.0,0.0,0.0,0.0,0.0,0.0,0.0,0.0,0.11999999731779099,0.0,0.0,0.0,0.0
271.312,0.0,0.0,0.0,datactrl_ref_vx_fallback,datactrl_est_vx_fallback,-0.11999999731779099,states_theta,-0.005001854617148638,8.251287191485633e-07,1.3750090049287899e-06,1.9946297230476798e-06,0.0,0.0,4.032923834569657e-06,5.734761955711694e-07,0.0,0.0,0.0,0.0,0.0,0.0,0.0,0.0,0.0,0.0,0.0,0.0,0.11999999731779099,0.0,0.0,0.0,0.0
271.376,0.0,0.0,0.0,datactrl_ref_vx_fallback,datactrl_est_vx_fallback,-0.11999999731779099,states_theta,-0.005001854617148638,8.251287191485633e-07,1.3750090049287899e-06,1.9946297230476798e-06,0.0,0.0,4.032923834569657e-06,5.734761955711694e-07,0.0,0.0,0.0,0.0,0.0,0.0,0.0,0.0,0.0,0.0,0.0,0.0,0.11999999731779099,0.0,0.0,0.0,0.0
271.434,0.0,0.0,0.0,datactrl_ref_vx_fallback,datactrl_est_vx_fallback,-0.11999999731779099,states_theta,-0.005001854617148638,8.251287191485633e-07,1.3750090049287899e-06,1.9946297230476798e-06,0.0,0.0,4.032923834569657e-06,5.734761955711694e-07,0.0,0.0,0.0,0.0,0.0,0.0,0.0,0.0,0.0,0.0,0.0,0.0,0.11999999731779099,0.0,0.0,0.0,0.0
271.484,0.0,0.0,0.0,datactrl_ref_vx_fallback,datactrl_est_vx_fallback,-0.11999999731779099,states_theta,-0.005001854617148638,8.251287191485633e-07,1.3750090049287899e-06,1.9946297230476798e-06,0.0,0.0,4.032923834569657e-06,5.734761955711694e-07,0.0,0.0,0.0,0.0,0.0,0.0,0.0,0.0,0.0,0.0,0.0,0.0,0.11999999731779099,0.0,0.0,0.0,0.0
271.543,0.0,0.0,0.0,datactrl_ref_vx_fallback,datactrl_est_vx_fallback,-0.12999999523162842,states_theta,-0.005001854617148638,8.251287191485633e-07,1.3750090049287899e-06,1.9946297230476798e-06,0.0,0.0,4.032923834569657e-06,5.734761955711694e-07,0.0,0.0,0.0,0.0,0.0,0.0,0.0,0.0,0.0,0.0,0.0,0.0,0.12999999523162842,0.0,0.0,0.0,0.0
271.603,0.0,0.0,0.0,datactrl_ref_vx_fallback,datactrl_est_vx_fallback,-0.12999999523162842,states_theta,-0.005001854617148638,8.251287191485633e-07,1.3750090049287899e-06,1.9946297230476798e-06,0.0,0.0,4.032923834569657e-06,5.734761955711694e-07,0.0,0.0,0.0,0.0,0.0,0.0,0.0,0.0,0.0,0.0,0.0,0.0,0.12999999523162842,0.0,0.0,0.0,0.0
271.66,0.0,0.0,0.0,datactrl_ref_vx_fallback,datactrl_est_vx_fallback,-0.12999999523162842,states_theta,-0.005001854617148638,8.251287191485633e-07,1.3750090049287899e-06,1.9946297230476798e-06,0.0,0.0,4.032923834569657e-06,5.734761955711694e-07,0.0,0.0,0.0,0.0,0.0,0.0,0.0,0.0,0.0,0.0,0.0,0.0,0.12999999523162842,0.0,0.0,0.0,0.0
271.721,0.0,0.0,0.0,datactrl_ref_vx_fallback,datactrl_est_vx_fallback,-0.12999999523162842,states_theta,-0.005001854617148638,8.251287191485633e-07,1.3750090049287899e-06,1.9946297230476798e-06,0.0,0.0,4.032923834569657e-06,5.734761955711694e-07,0.0,0.0,0.0,0.0,0.0,0.0,0.0,0.0,0.0,0.0,0.0,0.0,0.12999999523162842,0.0,0.0,0.0,0.0
271.777,0.0,0.0,0.0,datactrl_ref_vx_fallback,datactrl_est_vx_fallback,-0.12999999523162842,states_theta,-0.005001854617148638,8.251287191485633e-07,1.3750090049287899e-06,1.9946297230476798e-06,0.0,0.0,4.032923834569657e-06,5.734761955711694e-07,0.0,0.0,0.0,0.0,0.0,0.0,0.0,0.0,0.0,0.0,0.0,0.0,0.12999999523162842,0.0,0.0,0.0,0.0
271.836,0.0,0.0,0.0,datactrl_ref_vx_fallback,datactrl_est_vx_fallback,-0.12999999523162842,states_theta,-0.005001854617148638,8.251287191485633e-07,1.3750090049287899e-06,1.9946297230476798e-06,0.0,0.0,4.032923834569657e-06,5.734761955711694e-07,0.0,0.0,0.0,0.0,0.0,0.0,0.0,0.0,0.0,0.0,0.0,0.0,0.12999999523162842,0.0,0.0,0.0,0.0
271.893,0.0,0.0,0.0,datactrl_ref_vx_fallback,datactrl_est_vx_fallback,-0.12999999523162842,states_theta,-0.005001854617148638,8.251287191485633e-07,1.3750090049287899e-06,1.9946297230476798e-06,0.0,0.0,4.032923834569657e-06,5.734761955711694e-07,0.0,0.0,0.0,0.0,0.0,0.0,0.0,0.0,0.0,0.0,0.0,0.0,0.12999999523162842,0.0,0.0,0.0,0.0
271.95,0.0,0.0,0.0,datactrl_ref_vx_fallback,datactrl_est_vx_fallback,-0.12999999523162842,states_theta,-0.005001854617148638,8.251287191485633e-07,1.3750090049287899e-06,1.9946297230476798e-06,0.0,0.0,4.032923834569657e-06,5.734761955711694e-07,0.0,0.0,0.0,0.0,0.0,0.0,0.0,0.0,0.0,0.0,0.0,0.0,0.12999999523162842,0.0,0.0,0.0,0.0
272.01,0.0,0.0,0.0,datactrl_ref_vx_fallback,datactrl_est_vx_fallback,-0.12999999523162842,states_theta,-0.005001854617148638,8.251287191485633e-07,1.3750090049287899e-06,1.9946297230476798e-06,0.0,0.0,4.032923834569657e-06,5.734761955711694e-07,0.0,0.0,0.0,0.0,0.0,0.0,0.0,0.0,0.0,0.0,0.0,0.0,0.12999999523162842,0.0,0.0,0.0,0.0
272.066,0.0,0.0,0.0,datactrl_ref_vx_fallback,datactrl_est_vx_fallback,-0.12999999523162842,states_theta,-0.005001854617148638,8.251287191485633e-07,1.3750090049287899e-06,1.9946297230476798e-06,0.0,0.0,4.032923834569657e-06,5.734761955711694e-07,0.0,0.0,0.0,0.0,0.0,0.0,0.0,0.0,0.0,0.0,0.0,0.0,0.12999999523162842,0.0,0.0,0.0,0.0
272.122,0.0,0.0,0.0,datactrl_ref_vx_fallback,datactrl_est_vx_fallback,-0.14000000059604645,states_theta,-0.005001854617148638,8.251287191485633e-07,1.3750090049287899e-06,1.9946297230476798e-06,0.0,0.0,4.032923834569657e-06,5.734761955711694e-07,0.0,0.0,0.0,0.0,0.0,0.0,0.0,0.0,0.0,0.0,0.0,0.0,0.14000000059604645,0.0,0.0,0.0,0.0
272.175,0.0,0.0,0.0,datactrl_ref_vx_fallback,datactrl_est_vx_fallback,-0.14000000059604645,states_theta,-0.005001854617148638,8.251287191485633e-07,1.3750090049287899e-06,1.9946297230476798e-06,0.0,0.0,4.032923834569657e-06,5.734761955711694e-07,0.0,0.0,0.0,0.0,0.0,0.0,0.0,0.0,0.0,0.0,0.0,0.0,0.14000000059604645,0.0,0.0,0.0,0.0
272.23,0.0,0.0,0.0,datactrl_ref_vx_fallback,datactrl_est_vx_fallback,-0.14000000059604645,states_theta,-0.005001854617148638,8.251287191485633e-07,1.3750090049287899e-06,1.9946297230476798e-06,0.0,0.0,4.032923834569657e-06,5.734761955711694e-07,0.0,0.0,0.0,0.0,0.0,0.0,0.0,0.0,0.0,0.0,0.0,0.0,0.14000000059604645,0.0,0.0,0.0,0.0
272.287,0.0,0.0,0.0,datactrl_ref_vx_fallback,datactrl_est_vx_fallback,-0.14000000059604645,states_theta,-0.005001854617148638,8.251287191485633e-07,1.3750090049287899e-06,1.9946297230476798e-06,0.0,0.0,4.032923834569657e-06,5.734761955711694e-07,0.0,0.0,0.0,0.0,0.0,0.0,0.0,0.0,0.0,0.0,0.0,0.0,0.14000000059604645,0.0,0.0,0.0,0.0
272.344,0.0,0.0,0.0,datactrl_ref_vx_fallback,datactrl_est_vx_fallback,-0.14000000059604645,states_theta,-0.005001854617148638,8.251287191485633e-07,1.3750090049287899e-06,1.9946297230476798e-06,0.0,0.0,4.032923834569657e-06,5.734761955711694e-07,0.0,0.0,0.0,0.0,0.0,0.0,0.0,0.0,0.0,0.0,0.0,0.0,0.14000000059604645,0.0,0.0,0.0,0.0
272.402,0.0,0.0,0.0,datactrl_ref_vx_fallback,datactrl_est_vx_fallback,-0.14000000059604645,states_theta,-0.005001854617148638,8.251287191485633e-07,1.3750090049287899e-06,1.9946297230476798e-06,0.0,0.0,4.032923834569657e-06,5.734761955711694e-07,0.0,0.0,0.0,0.0,0.0,0.0,0.0,0.0,0.0,0.0,0.0,0.0,0.14000000059604645,0.0,0.0,0.0,0.0
272.455,0.0,0.0,0.0,datactrl_ref_vx_fallback,datactrl_est_vx_fallback,-0.14000000059604645,states_theta,-0.005001854617148638,8.251287191485633e-07,1.3750090049287899e-06,1.9946297230476798e-06,0.0,0.0,4.032923834569657e-06,5.734761955711694e-07,0.0,0.0,0.0,0.0,0.0,0.0,0.0,0.0,0.0,0.0,0.0,0.0,0.14000000059604645,0.0,0.0,0.0,0.0
272.516,0.0,0.0,0.0,datactrl_ref_vx_fallback,datactrl_est_vx_fallback,-0.14000000059604645,states_theta,-0.005001854617148638,8.251287191485633e-07,1.3750090049287899e-06,1.9946297230476798e-06,0.0,0.0,4.032923834569657e-06,5.734761955711694e-07,0.0,0.0,0.0,0.0,0.0,0.0,0.0,0.0,0.0,0.0,0.0,0.0,0.14000000059604645,0.0,0.0,0.0,0.0
272.576,0.0,0.0,0.0,datactrl_ref_vx_fallback,datactrl_est_vx_fallback,-0.14000000059604645,states_theta,-0.005001854617148638,8.251287191485633e-07,1.3750090049287899e-06,1.9946297230476798e-06,0.0,0.0,4.032923834569657e-06,5.734761955711694e-07,0.0,0.0,0.0,0.0,0.0,0.0,0.0,0.0,0.0,0.0,0.0,0.0,0.14000000059604645,0.0,0.0,0.0,0.0
272.631,0.0,0.0,0.0,datactrl_ref_vx_fallback,datactrl_est_vx_fallback,-0.14999999105930328,states_theta,-0.005001854617148638,8.251287191485633e-07,1.3750090049287899e-06,1.9946297230476798e-06,0.0,0.0,4.032923834569657e-06,5.734761955711694e-07,0.0,0.0,0.0,0.0,0.0,0.0,0.0,0.0,0.0,0.0,0.0,0.0,0.14999999105930328,0.0,0.0,0.0,0.0
272.716,0.0,0.0,0.0,datactrl_ref_vx_fallback,datactrl_est_vx_fallback,-0.14999999105930328,states_theta,-0.005001854617148638,8.251287191485633e-07,1.3750090049287899e-06,1.9946297230476798e-06,0.0,0.0,4.032923834569657e-06,5.734761955711694e-07,0.0,0.0,0.0,0.0,0.0,0.0,0.0,0.0,0.0,0.0,0.0,0.0,0.14999999105930328,0.0,0.0,0.0,0.0
272.817,0.0,0.0,0.0,datactrl_ref_vx_fallback,datactrl_est_vx_fallback,-0.14999999105930328,states_theta,-0.005001854617148638,8.251287191485633e-07,1.3750090049287899e-06,1.9946297230476798e-06,0.0,0.0,4.032923834569657e-06,5.734761955711694e-07,0.0,0.0,0.0,0.0,0.0,0.0,0.0,0.0,0.0,0.0,0.0,0.0,0.14999999105930328,0.0,0.0,0.0,0.0
272.917,0.0,0.0,0.0,datactrl_ref_vx_fallback,datactrl_est_vx_fallback,-0.14999999105930328,states_theta,-0.005001854617148638,8.251287191485633e-07,1.3750090049287899e-06,1.9946297230476798e-06,0.0,0.0,4.032923834569657e-06,5.734761955711694e-07,0.0,0.0,0.0,0.0,0.0,0.0,0.0,0.0,0.0,0.0,0.0,0.0,0.14999999105930328,0.0,0.0,0.0,0.0
273.017,0.0,0.0,0.0,datactrl_ref_vx_fallback,datactrl_est_vx_fallback,-0.14999999105930328,states_theta,-0.005001854617148638,8.251287191485633e-07,1.3750090049287899e-06,1.9946297230476798e-06,0.0,0.0,4.032923834569657e-06,5.734761955711694e-07,0.0,0.0,0.0,0.0,0.0,0.0,0.0,0.0,0.0,0.0,0.0,0.0,0.14999999105930328,0.0,0.0,0.0,0.0
273.113,0.0,0.0,0.0,datactrl_ref_vx_fallback,datactrl_est_vx_fallback,-0.14999999105930328,states_theta,-0.005001854617148638,8.251287191485633e-07,1.3750090049287899e-06,1.9946297230476798e-06,0.0,0.0,4.032923834569657e-06,5.734761955711694e-07,0.0,0.0,0.0,0.0,0.0,0.0,0.0,0.0,0.0,0.0,0.0,0.0,0.14999999105930328,0.0,0.0,0.0,0.0
273.217,0.0,0.0,0.0,datactrl_ref_vx_fallback,datactrl_est_vx_fallback,-0.14999999105930328,states_theta,-0.005001854617148638,8.251287191485633e-07,1.3750090049287899e-06,1.9946297230476798e-06,0.0,0.0,4.032923834569657e-06,5.734761955711694e-07,0.0,0.0,0.0,0.0,0.0,0.0,0.0,0.0,0.0,0.0,0.0,0.0,0.14999999105930328,0.0,0.0,0.0,0.0
273.32,0.0,0.0,0.0,datactrl_ref_vx_fallback,datactrl_est_vx_fallback,-0.14999999105930328,states_theta,-0.005001854617148638,8.251287191485633e-07,1.3750090049287899e-06,1.9946297230476798e-06,0.0,0.0,4.032923834569657e-06,5.734761955711694e-07,0.0,0.0,0.0,0.0,0.0,0.0,0.0,0.0,0.0,0.0,0.0,0.0,0.14999999105930328,0.0,0.0,0.0,0.0
273.419,0.0,0.0,0.0,datactrl_ref_vx_fallback,datactrl_est_vx_fallback,-0.14999999105930328,states_theta,-0.005001854617148638,8.251287191485633e-07,1.3750090049287899e-06,1.9946297230476798e-06,0.0,0.0,4.032923834569657e-06,5.734761955711694e-07,0.0,0.0,0.0,0.0,0.0,0.0,0.0,0.0,0.0,0.0,0.0,0.0,0.14999999105930328,0.0,0.0,0.0,0.0
273.538,0.0,0.0,0.0,datactrl_ref_vx_fallback,datactrl_est_vx_fallback,-0.14999999105930328,states_theta,-0.005001854617148638,8.251287191485633e-07,1.3750090049287899e-06,1.9946297230476798e-06,0.0,0.0,4.032923834569657e-06,5.734761955711694e-07,0.0,0.0,0.0,0.0,0.0,0.0,0.0,0.0,0.0,0.0,0.0,0.0,0.14999999105930328,0.0,0.0,0.0,0.0
273.649,0.0,0.0,0.0,datactrl_ref_vx_fallback,datactrl_est_vx_fallback,-0.14999999105930328,states_theta,-0.005001854617148638,8.251287191485633e-07,1.3750090049287899e-06,1.9946297230476798e-06,0.0,0.0,4.032923834569657e-06,5.734761955711694e-07,0.0,0.0,0.0,0.0,0.0,0.0,0.0,0.0,0.0,0.0,0.0,0.0,0.14999999105930328,0.0,0.0,0.0,0.0
273.783,0.0,0.0,0.0,datactrl_ref_vx_fallback,datactrl_est_vx_fallback,-0.14999999105930328,states_theta,-0.005001854617148638,8.251287191485633e-07,1.3750090049287899e-06,1.9946297230476798e-06,0.0,0.0,4.032923834569657e-06,5.734761955711694e-07,0.0,0.0,0.0,0.0,0.0,0.0,0.0,0.0,0.0,0.0,0.0,0.0,0.14999999105930328,0.0,0.0,0.0,0.0
273.834,0.0,0.0,0.0,datactrl_ref_vx_fallback,datactrl_est_vx_fallback,-0.14999999105930328,states_theta,-0.005001854617148638,8.251287191485633e-07,1.3750090049287899e-06,1.9946297230476798e-06,0.0,0.0,4.032923834569657e-06,5.734761955711694e-07,0.0,0.0,0.0,0.0,0.0,0.0,0.0,0.0,0.0,0.0,0.0,0.0,0.14999999105930328,0.0,0.0,0.0,0.0
273.91,0.0,0.0,0.0,datactrl_ref_vx_fallback,datactrl_est_vx_fallback,-0.14999999105930328,states_theta,-0.005001854617148638,8.251287191485633e-07,1.3750090049287899e-06,1.9946297230476798e-06,0.0,0.0,4.032923834569657e-06,5.734761955711694e-07,0.0,0.0,0.0,0.0,0.0,0.0,0.0,0.0,0.0,0.0,0.0,0.0,0.14999999105930328,0.0,0.0,0.0,0.0
273.963,0.0,0.0,0.0,datactrl_ref_vx_fallback,datactrl_est_vx_fallback,-0.14999999105930328,states_theta,-0.005001854617148638,8.251287191485633e-07,1.3750090049287899e-06,1.9946297230476798e-06,0.0,0.0,4.032923834569657e-06,5.734761955711694e-07,0.0,0.0,0.0,0.0,0.0,0.0,0.0,0.0,0.0,0.0,0.0,0.0,0.14999999105930328,0.0,0.0,0.0,0.0
274.037,0.0,0.0,0.0,datactrl_ref_vx_fallback,datactrl_est_vx_fallback,-0.14999999105930328,states_theta,-0.005001854617148638,8.251287191485633e-07,1.3750090049287899e-06,1.9946297230476798e-06,0.0,0.0,4.032923834569657e-06,5.734761955711694e-07,0.0,0.0,0.0,0.0,0.0,0.0,0.0,0.0,0.0,0.0,0.0,0.0,0.14999999105930328,0.0,0.0,0.0,0.0
274.09,0.0,0.0,0.0,datactrl_ref_vx_fallback,datactrl_est_vx_fallback,-0.14999999105930328,states_theta,-0.005001854617148638,8.251287191485633e-07,1.3750090049287899e-06,1.9946297230476798e-06,0.0,0.0,4.032923834569657e-06,5.734761955711694e-07,0.0,0.0,0.0,0.0,0.0,0.0,0.0,0.0,0.0,0.0,0.0,0.0,0.14999999105930328,0.0,0.0,0.0,0.0
274.378,0.0,0.0,0.0,datactrl_ref_vx_fallback,datactrl_est_vx_fallback,-0.14999999105930328,states_theta,-0.005001854617148638,8.251287191485633e-07,1.3750090049287899e-06,1.9946297230476798e-06,0.0,0.0,4.032923834569657e-06,5.734761955711694e-07,0.0,0.0,0.0,0.0,0.0,0.0,0.0,0.0,0.0,0.0,0.0,0.0,0.14999999105930328,0.0,0.0,0.0,0.0
274.666,0.0,0.0,0.0,datactrl_ref_vx_fallback,datactrl_est_vx_fallback,-0.1599999964237213,states_theta,-0.005001854617148638,8.251287191485633e-07,1.3750090049287899e-06,1.9946297230476798e-06,0.0,0.0,4.032923834569657e-06,5.734761955711694e-07,0.0,0.0,0.0,0.0,0.0,0.0,0.0,0.0,0.0,0.0,0.0,0.0,0.1599999964237213,0.0,0.0,0.0,0.0
274.957,0.0,0.0,0.0,datactrl_ref_vx_fallback,datactrl_est_vx_fallback,-0.1599999964237213,states_theta,-0.005001854617148638,8.251287191485633e-07,1.3750090049287899e-06,1.9946297230476798e-06,0.0,0.0,4.032923834569657e-06,5.734761955711694e-07,0.0,0.0,0.0,0.0,0.0,0.0,0.0,0.0,0.0,0.0,0.0,0.0,0.1599999964237213,0.0,0.0,0.0,0.0
275.23,0.0,0.0,0.0,datactrl_ref_vx_fallback,datactrl_est_vx_fallback,-0.1599999964237213,states_theta,-0.005001854617148638,8.251287191485633e-07,1.3750090049287899e-06,1.9946297230476798e-06,0.0,0.0,4.032923834569657e-06,5.734761955711694e-07,0.0,0.0,0.0,0.0,0.0,0.0,0.0,0.0,0.0,0.0,0.0,0.0,0.1599999964237213,0.0,0.0,0.0,0.0
275.524,0.0,0.0,0.0,datactrl_ref_vx_fallback,datactrl_est_vx_fallback,-0.1599999964237213,states_theta,-0.005001854617148638,8.251287191485633e-07,1.3750090049287899e-06,1.9946297230476798e-06,0.0,0.0,4.032923834569657e-06,5.734761955711694e-07,0.0,0.0,0.0,0.0,0.0,0.0,0.0,0.0,0.0,0.0,0.0,0.0,0.1599999964237213,0.0,0.0,0.0,0.0
275.802,0.0,0.0,0.0,datactrl_ref_vx_fallback,datactrl_est_vx_fallback,-0.1599999964237213,states_theta,-0.005001854617148638,8.251287191485633e-07,1.3750090049287899e-06,1.9946297230476798e-06,0.0,0.0,4.032923834569657e-06,5.734761955711694e-07,0.0,0.0,0.0,0.0,0.0,0.0,0.0,0.0,0.0,0.0,0.0,0.0,0.1599999964237213,0.0,0.0,0.0,0.0
276.095,0.0,0.0,0.0,datactrl_ref_vx_fallback,datactrl_est_vx_fallback,-0.1599999964237213,states_theta,-0.005001854617148638,8.251287191485633e-07,1.3750090049287899e-06,1.9946297230476798e-06,0.0,0.0,4.032923834569657e-06,5.734761955711694e-07,0.0,0.0,0.0,0.0,0.0,0.0,0.0,0.0,0.0,0.0,0.0,0.0,0.1599999964237213,0.0,0.0,0.0,0.0
276.359,0.0,0.0,0.0,datactrl_ref_vx_fallback,datactrl_est_vx_fallback,-0.1599999964237213,states_theta,-0.005001854617148638,8.251287191485633e-07,1.3750090049287899e-06,1.9946297230476798e-06,0.0,0.0,4.032923834569657e-06,5.734761955711694e-07,0.0,0.0,0.0,0.0,0.0,0.0,0.0,0.0,0.0,0.0,0.0,0.0,0.1599999964237213,0.0,0.0,0.0,0.0
276.672,0.0,0.0,0.0,datactrl_ref_vx_fallback,datactrl_est_vx_fallback,-0.1599999964237213,states_theta,-0.005001854617148638,8.251287191485633e-07,1.3750090049287899e-06,1.9946297230476798e-06,0.0,0.0,4.032923834569657e-06,5.734761955711694e-07,0.0,0.0,0.0,0.0,0.0,0.0,0.0,0.0,0.0,0.0,0.0,0.0,0.1599999964237213,0.0,0.0,0.0,0.0
276.962,0.0,0.0,0.0,datactrl_ref_vx_fallback,datactrl_est_vx_fallback,-0.1599999964237213,states_theta,-0.005001854617148638,8.251287191485633e-07,1.3750090049287899e-06,1.9946297230476798e-06,0.0,0.0,4.032923834569657e-06,5.734761955711694e-07,0.0,0.0,0.0,0.0,0.0,0.0,0.0,0.0,0.0,0.0,0.0,0.0,0.1599999964237213,0.0,0.0,0.0,0.0
277.274,0.0,0.0,0.0,datactrl_ref_vx_fallback,datactrl_est_vx_fallback,-0.1599999964237213,states_theta,-0.005001854617148638,8.251287191485633e-07,1.3750090049287899e-06,1.9946297230476798e-06,0.0,0.0,4.032923834569657e-06,5.734761955711694e-07,0.0,0.0,0.0,0.0,0.0,0.0,0.0,0.0,0.0,0.0,0.0,0.0,0.1599999964237213,0.0,0.0,0.0,0.0
277.568,0.0,0.0,0.0,datactrl_ref_vx_fallback,datactrl_est_vx_fallback,-0.17000000178813934,states_theta,-0.005001854617148638,8.251287191485633e-07,1.3750090049287899e-06,1.9946297230476798e-06,0.0,0.0,4.032923834569657e-06,5.734761955711694e-07,0.0,0.0,0.0,0.0,0.0,0.0,0.0,0.0,0.0,0.0,0.0,0.0,0.17000000178813934,0.0,0.0,0.0,0.0
277.876,0.0,0.0,0.0,datactrl_ref_vx_fallback,datactrl_est_vx_fallback,-0.17000000178813934,states_theta,-0.005001854617148638,8.251287191485633e-07,1.3750090049287899e-06,1.9946297230476798e-06,0.0,0.0,4.032923834569657e-06,5.734761955711694e-07,0.0,0.0,0.0,0.0,0.0,0.0,0.0,0.0,0.0,0.0,0.0,0.0,0.17000000178813934,0.0,0.0,0.0,0.0
278.178,0.0,0.0,0.0,datactrl_ref_vx_fallback,datactrl_est_vx_fallback,-0.17000000178813934,states_theta,-0.005001854617148638,8.251287191485633e-07,1.3750090049287899e-06,1.9946297230476798e-06,0.0,0.0,4.032923834569657e-06,5.734761955711694e-07,0.0,0.0,0.0,0.0,0.0,0.0,0.0,0.0,0.0,0.0,0.0,0.0,0.17000000178813934,0.0,0.0,0.0,0.0
278.472,0.0,0.0,0.0,datactrl_ref_vx_fallback,datactrl_est_vx_fallback,-0.17000000178813934,states_theta,-0.005001854617148638,8.251287191485633e-07,1.3750090049287899e-06,1.9946297230476798e-06,0.0,0.0,4.032923834569657e-06,5.734761955711694e-07,0.0,0.0,0.0,0.0,0.0,0.0,0.0,0.0,0.0,0.0,0.0,0.0,0.17000000178813934,0.0,0.0,0.0,0.0
278.769,0.0,0.0,0.0,datactrl_ref_vx_fallback,datactrl_est_vx_fallback,-0.17000000178813934,states_theta,-0.005001854617148638,8.251287191485633e-07,1.3750090049287899e-06,1.9946297230476798e-06,0.0,0.0,4.032923834569657e-06,5.734761955711694e-07,0.0,0.0,0.0,0.0,0.0,0.0,0.0,0.0,0.0,0.0,0.0,0.0,0.17000000178813934,0.0,0.0,0.0,0.0
279.094,0.0,0.0,0.0,datactrl_ref_vx_fallback,datactrl_est_vx_fallback,-0.17000000178813934,states_theta,-0.005001854617148638,8.251287191485633e-07,1.3750090049287899e-06,1.9946297230476798e-06,0.0,0.0,4.032923834569657e-06,5.734761955711694e-07,0.0,0.0,0.0,0.0,0.0,0.0,0.0,0.0,0.0,0.0,0.0,0.0,0.17000000178813934,0.0,0.0,0.0,0.0
279.39,0.0,0.0,0.0,datactrl_ref_vx_fallback,datactrl_est_vx_fallback,-0.17000000178813934,states_theta,-0.005001854617148638,8.251287191485633e-07,1.3750090049287899e-06,1.9946297230476798e-06,0.0,0.0,4.032923834569657e-06,5.734761955711694e-07,0.0,0.0,0.0,0.0,0.0,0.0,0.0,0.0,0.0,0.0,0.0,0.0,0.17000000178813934,0.0,0.0,0.0,0.0
279.694,0.0,0.0,0.0,datactrl_ref_vx_fallback,datactrl_est_vx_fallback,-0.17000000178813934,states_theta,-0.005001854617148638,8.251287191485633e-07,1.3750090049287899e-06,1.9946297230476798e-06,0.0,0.0,4.032923834569657e-06,5.734761955711694e-07,0.0,0.0,0.0,0.0,0.0,0.0,0.0,0.0,0.0,0.0,0.0,0.0,0.17000000178813934,0.0,0.0,0.0,0.0
