time_s,vx_target,vx_actual,vx_error,vx_target_source,vx_actual_source,pitch_actual,pitch_actual_source,pitch_rate_q,pwm_mean,pwm_std,pwm_1,pwm_2,pwm_3,pwm_4,pwm_5,pwm_6,pwm_7,pwm_8,ctrl_vx_dX2Vx,ctrl_vx_var,ctrl_vx_delta,ctrl_vx_p,ctrl_vx_int,ctrl_vx_d,ctrl_ele_ffc,ctrl_theta_trim,ctrl_theta_var,ctrl_delta_theta,ctrl_theta_p,ctrl_theta_d,ctrl_ele_fbc,ctrl_ele_law_out
0.0,0.0,0.0,0.0,datactrl_ref_vx_fallback,datactrl_est_vx_fallback,-0.35999998450279236,states_theta,-0.021007787436246872,1.067421118577091e-06,1.7642231021290708e-06,0.0,3.441704482069349e-07,0.0,3.70018544836612e-06,0.0,4.495013052043673e-06,0.0,0.0,0.0,0.0,0.0,0.0,0.0,0.0,0.0,0.0,0.0,0.35999998450279236,0.0,0.0,0.0,0.0
0.115,0.0,0.0,0.0,datactrl_ref_vx_fallback,datactrl_est_vx_fallback,-0.35999998450279236,states_theta,-0.021007787436246872,1.067421118577091e-06,1.7642231021290708e-06,0.0,3.441704482069349e-07,0.0,3.70018544836612e-06,0.0,4.495013052043673e-06,0.0,0.0,0.0,0.0,0.0,0.0,0.0,0.0,0.0,0.0,0.0,0.35999998450279236,0.0,0.0,0.0,0.0
0.21,0.0,0.0,0.0,datactrl_ref_vx_fallback,datactrl_est_vx_fallback,-0.35999998450279236,states_theta,-0.021007787436246872,1.067421118577091e-06,1.7642231021290708e-06,0.0,3.441704482069349e-07,0.0,3.70018544836612e-06,0.0,4.495013052043673e-06,0.0,0.0,0.0,0.0,0.0,0.0,0.0,0.0,0.0,0.0,0.0,0.35999998450279236,0.0,0.0,0.0,0.0
0.309,0.0,0.0,0.0,datactrl_ref_vx_fallback,datactrl_est_vx_fallback,-0.35999998450279236,states_theta,-0.021007787436246872,1.067421118577091e-06,1.7642231021290708e-06,0.0,3.441704482069349e-07,0.0,3.70018544836612e-06,0.0,4.495013052043673e-06,0.0,0.0,0.0,0.0,0.0,0.0,0.0,0.0,0.0,0.0,0.0,0.35999998450279236,0.0,0.0,0.0,0.0
0.406,0.0,0.0,0.0,datactrl_ref_vx_fallback,datactrl_est_vx_fallback,-0.35999998450279236,states_theta,-0.021007787436246872,1.067421118577091e-06,1.7642231021290708e-06,0.0,3.441704482069349e-07,0.0,3.70018544836612e-06,0.0,4.495013052043673e-06,0.0,0.0,0.0,0.0,0.0,0.0,0.0,0.0,0.0,0.0,0.0,0.35999998450279236,0.0,0.0,0.0,0.0
0.506,0.0,0.0,0.0,datactrl_ref_vx_fallback,datactrl_est_vx_fallback,-0.3700000047683716,states_theta,-0.021007787436246872,1.067421118577091e-06,1.7642231021290708e-06,0.0,3.441704482069349e-07,0.0,3.70018544836612e-06,0.0,4.495013052043673e-06,0.0,0.0,0.0,0.0,0.0,0.0,0.0,0.0,0.0,0.0,0.0,0.3700000047683716,0.0,0.0,0.0,0.0
0.602,0.0,0.0,0.0,datactrl_ref_vx_fallback,datactrl_est_vx_fallback,-0.3700000047683716,states_theta,-0.021007787436246872,1.067421118577091e-06,1.7642231021290708e-06,0.0,3.441704482069349e-07,0.0,3.70018544836612e-06,0.0,4.495013052043673e-06,0.0,0.0,0.0,0.0,0.0,0.0,0.0,0.0,0.0,0.0,0.0,0.3700000047683716,0.0,0.0,0.0,0.0
0.696,0.0,0.0,0.0,datactrl_ref_vx_fallback,datactrl_est_vx_fallback,-0.3700000047683716,states_theta,-0.021007787436246872,1.067421118577091e-06,1.7642231021290708e-06,0.0,3.441704482069349e-07,0.0,3.70018544836612e-06,0.0,4.495013052043673e-06,0.0,0.0,0.0,0.0,0.0,0.0,0.0,0.0,0.0,0.0,0.0,0.3700000047683716,0.0,0.0,0.0,0.0
0.792,0.0,0.0,0.0,datactrl_ref_vx_fallback,datactrl_est_vx_fallback,-0.3700000047683716,states_theta,-0.021007787436246872,1.067421118577091e-06,1.7642231021290708e-06,0.0,3.441704482069349e-07,0.0,3.70018544836612e-06,0.0,4.495013052043673e-06,0.0,0.0,0.0,0.0,0.0,0.0,0.0,0.0,0.0,0.0,0.0,0.3700000047683716,0.0,0.0,0.0,0.0
0.886,0.0,0.0,0.0,datactrl_ref_vx_fallback,datactrl_est_vx_fallback,-0.3799999952316284,states_theta,-0.021007787436246872,1.067421118577091e-06,1.7642231021290708e-06,0.0,3.441704482069349e-07,0.0,3.70018544836612e-06,0.0,4.495013052043673e-06,0.0,0.0,0.0,0.0,0.0,0.0,0.0,0.0,0.0,0.0,0.0,0.3799999952316284,0.0,0.0,0.0,0.0
0.982,0.0,0.0,0.0,datactrl_ref_vx_fallback,datactrl_est_vx_fallback,-0.3799999952316284,states_theta,-0.021007787436246872,1.067421118577091e-06,1.7642231021290708e-06,0.0,3.441704482069349e-07,0.0,3.70018544836612e-06,0.0,4.495013052043673e-06,0.0,0.0,0.0,0.0,0.0,0.0,0.0,0.0,0.0,0.0,0.0,0.3799999952316284,0.0,0.0,0.0,0.0
1.082,0.0,0.0,0.0,datactrl_ref_vx_fallback,datactrl_est_vx_fallback,-0.3799999952316284,states_theta,-0.021007787436246872,1.067421118577091e-06,1.7642231021290708e-06,0.0,3.441704482069349e-07,0.0,3.70018544836612e-06,0.0,4.495013052043673e-06,0.0,0.0,0.0,0.0,0.0,0.0,0.0,0.0,0.0,0.0,0.0,0.3799999952316284,0.0,0.0,0.0,0.0
1.193,0.0,0.0,0.0,datactrl_ref_vx_fallback,datactrl_est_vx_fallback,-0.3799999952316284,states_theta,-0.021007787436246872,1.067421118577091e-06,1.7642231021290708e-06,0.0,3.441704482069349e-07,0.0,3.70018544836612e-06,0.0,4.495013052043673e-06,0.0,0.0,0.0,0.0,0.0,0.0,0.0,0.0,0.0,0.0,0.0,0.3799999952316284,0.0,0.0,0.0,0.0
1.305,0.0,0.0,0.0,datactrl_ref_vx_fallback,datactrl_est_vx_fallback,-0.3799999952316284,states_theta,-0.021007787436246872,1.067421118577091e-06,1.7642231021290708e-06,0.0,3.441704482069349e-07,0.0,3.70018544836612e-06,0.0,4.495013052043673e-06,0.0,0.0,0.0,0.0,0.0,0.0,0.0,0.0,0.0,0.0,0.0,0.3799999952316284,0.0,0.0,0.0,0.0
1.407,0.0,0.0,0.0,datactrl_ref_vx_fallback,datactrl_est_vx_fallback,-0.38999998569488525,states_theta,-0.021007787436246872,1.067421118577091e-06,1.7642231021290708e-06,0.0,3.441704482069349e-07,0.0,3.70018544836612e-06,0.0,4.495013052043673e-06,0.0,0.0,0.0,0.0,0.0,0.0,0.0,0.0,0.0,0.0,0.0,0.38999998569488525,0.0,0.0,0.0,0.0
1.515,0.0,0.0,0.0,datactrl_ref_vx_fallback,datactrl_est_vx_fallback,-0.38999998569488525,states_theta,-0.021007787436246872,1.067421118577091e-06,1.7642231021290708e-06,0.0,3.441704482069349e-07,0.0,3.70018544836612e-06,0.0,4.495013052043673e-06,0.0,0.0,0.0,0.0,0.0,0.0,0.0,0.0,0.0,0.0,0.0,0.38999998569488525,0.0,0.0,0.0,0.0
1.618,0.0,0.0,0.0,datactrl_ref_vx_fallback,datactrl_est_vx_fallback,-0.38999998569488525,states_theta,-0.021007787436246872,1.067421118577091e-06,1.7642231021290708e-06,0.0,3.441704482069349e-07,0.0,3.70018544836612e-06,0.0,4.495013052043673e-06,0.0,0.0,0.0,0.0,0.0,0.0,0.0,0.0,0.0,0.0,0.0,0.38999998569488525,0.0,0.0,0.0,0.0
1.719,0.0,0.0,0.0,datactrl_ref_vx_fallback,datactrl_est_vx_fallback,-0.38999998569488525,states_theta,-0.021007787436246872,1.067421118577091e-06,1.7642231021290708e-06,0.0,3.441704482069349e-07,0.0,3.70018544836612e-06,0.0,4.495013052043673e-06,0.0,0.0,0.0,0.0,0.0,0.0,0.0,0.0,0.0,0.0,0.0,0.38999998569488525,0.0,0.0,0.0,0.0
1.819,0.0,0.0,0.0,datactrl_ref_vx_fallback,datactrl_est_vx_fallback,-0.38999998569488525,states_theta,-0.021007787436246872,1.067421118577091e-06,1.7642231021290708e-06,0.0,3.441704482069349e-07,0.0,3.70018544836612e-06,0.0,4.495013052043673e-06,0.0,0.0,0.0,0.0,0.0,0.0,0.0,0.0,0.0,0.0,0.0,0.38999998569488525,0.0,0.0,0.0,0.0
1.924,0.0,0.0,0.0,datactrl_ref_vx_fallback,datactrl_est_vx_fallback,-0.3999999761581421,states_theta,-0.021007787436246872,1.067421118577091e-06,1.7642231021290708e-06,0.0,3.441704482069349e-07,0.0,3.70018544836612e-06,0.0,4.495013052043673e-06,0.0,0.0,0.0,0.0,0.0,0.0,0.0,0.0,0.0,0.0,0.0,0.3999999761581421,0.0,0.0,0.0,0.0
2.036,0.0,0.0,0.0,datactrl_ref_vx_fallback,datactrl_est_vx_fallback,-0.3999999761581421,states_theta,-0.021007787436246872,1.067421118577091e-06,1.7642231021290708e-06,0.0,3.441704482069349e-07,0.0,3.70018544836612e-06,0.0,4.495013052043673e-06,0.0,0.0,0.0,0.0,0.0,0.0,0.0,0.0,0.0,0.0,0.0,0.3999999761581421,0.0,0.0,0.0,0.0
2.088,0.0,0.0,0.0,datactrl_ref_vx_fallback,datactrl_est_vx_fallback,-0.3999999761581421,states_theta,-0.021007787436246872,1.067421118577091e-06,1.7642231021290708e-06,0.0,3.441704482069349e-07,0.0,3.70018544836612e-06,0.0,4.495013052043673e-06,0.0,0.0,0.0,0.0,0.0,0.0,0.0,0.0,0.0,0.0,0.0,0.3999999761581421,0.0,0.0,0.0,0.0
2.143,0.0,0.0,0.0,datactrl_ref_vx_fallback,datactrl_est_vx_fallback,-0.3999999761581421,states_theta,-0.021007787436246872,1.067421118577091e-06,1.7642231021290708e-06,0.0,3.441704482069349e-07,0.0,3.70018544836612e-06,0.0,4.495013052043673e-06,0.0,0.0,0.0,0.0,0.0,0.0,0.0,0.0,0.0,0.0,0.0,0.3999999761581421,0.0,0.0,0.0,0.0
2.194,0.0,0.0,0.0,datactrl_ref_vx_fallback,datactrl_est_vx_fallback,-0.3999999761581421,states_theta,-0.021007787436246872,1.067421118577091e-06,1.7642231021290708e-06,0.0,3.441704482069349e-07,0.0,3.70018544836612e-06,0.0,4.495013052043673e-06,0.0,0.0,0.0,0.0,0.0,0.0,0.0,0.0,0.0,0.0,0.0,0.3999999761581421,0.0,0.0,0.0,0.0
2.247,0.0,0.0,0.0,datactrl_ref_vx_fallback,datactrl_est_vx_fallback,-0.3999999761581421,states_theta,-0.021007787436246872,1.067421118577091e-06,1.7642231021290708e-06,0.0,3.441704482069349e-07,0.0,3.70018544836612e-06,0.0,4.495013052043673e-06,0.0,0.0,0.0,0.0,0.0,0.0,0.0,0.0,0.0,0.0,0.0,0.3999999761581421,0.0,0.0,0.0,0.0
2.348,0.0,0.0,0.0,datactrl_ref_vx_fallback,datactrl_est_vx_fallback,-0.4099999964237213,states_theta,-0.021007787436246872,1.067421118577091e-06,1.7642231021290708e-06,0.0,3.441704482069349e-07,0.0,3.70018544836612e-06,0.0,4.495013052043673e-06,0.0,0.0,0.0,0.0,0.0,0.0,0.0,0.0,0.0,0.0,0.0,0.4099999964237213,0.0,0.0,0.0,0.0
2.398,0.0,0.0,0.0,datactrl_ref_vx_fallback,datactrl_est_vx_fallback,-0.4099999964237213,states_theta,-0.021007787436246872,1.067421118577091e-06,1.7642231021290708e-06,0.0,3.441704482069349e-07,0.0,3.70018544836612e-06,0.0,4.495013052043673e-06,0.0,0.0,0.0,0.0,0.0,0.0,0.0,0.0,0.0,0.0,0.0,0.4099999964237213,0.0,0.0,0.0,0.0
2.458,0.0,0.0,0.0,datactrl_ref_vx_fallback,datactrl_est_vx_fallback,-0.4099999964237213,states_theta,-0.021007787436246872,1.067421118577091e-06,1.7642231021290708e-06,0.0,3.441704482069349e-07,0.0,3.70018544836612e-06,0.0,4.495013052043673e-06,0.0,0.0,0.0,0.0,0.0,0.0,0.0,0.0,0.0,0.0,0.0,0.4099999964237213,0.0,0.0,0.0,0.0
2.559,0.0,0.0,0.0,datactrl_ref_vx_fallback,datactrl_est_vx_fallback,-0.4099999964237213,states_theta,-0.021007787436246872,1.067421118577091e-06,1.7642231021290708e-06,0.0,3.441704482069349e-07,0.0,3.70018544836612e-06,0.0,4.495013052043673e-06,0.0,0.0,0.0,0.0,0.0,0.0,0.0,0.0,0.0,0.0,0.0,0.4099999964237213,0.0,0.0,0.0,0.0
2.662,0.0,0.0,0.0,datactrl_ref_vx_fallback,datactrl_est_vx_fallback,-0.4099999964237213,states_theta,-0.021007787436246872,1.067421118577091e-06,1.7642231021290708e-06,0.0,3.441704482069349e-07,0.0,3.70018544836612e-06,0.0,4.495013052043673e-06,0.0,0.0,0.0,0.0,0.0,0.0,0.0,0.0,0.0,0.0,0.0,0.4099999964237213,0.0,0.0,0.0,0.0
2.722,0.0,0.0,0.0,datactrl_ref_vx_fallback,datactrl_est_vx_fallback,-0.4099999964237213,states_theta,-0.021007787436246872,1.067421118577091e-06,1.7642231021290708e-06,0.0,3.441704482069349e-07,0.0,3.70018544836612e-06,0.0,4.495013052043673e-06,0.0,0.0,0.0,0.0,0.0,0.0,0.0,0.0,0.0,0.0,0.0,0.4099999964237213,0.0,0.0,0.0,0.0
2.866,0.0,0.0,0.0,datactrl_ref_vx_fallback,datactrl_est_vx_fallback,-0.41999998688697815,states_theta,-0.021007787436246872,1.067421118577091e-06,1.7642231021290708e-06,0.0,3.441704482069349e-07,0.0,3.70018544836612e-06,0.0,4.495013052043673e-06,0.0,0.0,0.0,0.0,0.0,0.0,0.0,0.0,0.0,0.0,0.0,0.41999998688697815,0.0,0.0,0.0,0.0
2.958,0.0,0.0,0.0,datactrl_ref_vx_fallback,datactrl_est_vx_fallback,-0.41999998688697815,states_theta,-0.021007787436246872,1.067421118577091e-06,1.7642231021290708e-06,0.0,3.441704482069349e-07,0.0,3.70018544836612e-06,0.0,4.495013052043673e-06,0.0,0.0,0.0,0.0,0.0,0.0,0.0,0.0,0.0,0.0,0.0,0.41999998688697815,0.0,0.0,0.0,0.0
3.057,0.0,0.0,0.0,datactrl_ref_vx_fallback,datactrl_est_vx_fallback,-0.41999998688697815,states_theta,-0.021007787436246872,1.067421118577091e-06,1.7642231021290708e-06,0.0,3.441704482069349e-07,0.0,3.70018544836612e-06,0.0,4.495013052043673e-06,0.0,0.0,0.0,0.0,0.0,0.0,0.0,0.0,0.0,0.0,0.0,0.41999998688697815,0.0,0.0,0.0,0.0
3.155,0.0,0.0,0.0,datactrl_ref_vx_fallback,datactrl_est_vx_fallback,-0.41999998688697815,states_theta,-0.021007787436246872,1.067421118577091e-06,1.7642231021290708e-06,0.0,3.441704482069349e-07,0.0,3.70018544836612e-06,0.0,4.495013052043673e-06,0.0,0.0,0.0,0.0,0.0,0.0,0.0,0.0,0.0,0.0,0.0,0.41999998688697815,0.0,0.0,0.0,0.0
3.257,0.0,0.0,0.0,datactrl_ref_vx_fallback,datactrl_est_vx_fallback,-0.41999998688697815,states_theta,-0.021007787436246872,1.067421118577091e-06,1.7642231021290708e-06,0.0,3.441704482069349e-07,0.0,3.70018544836612e-06,0.0,4.495013052043673e-06,0.0,0.0,0.0,0.0,0.0,0.0,0.0,0.0,0.0,0.0,0.0,0.41999998688697815,0.0,0.0,0.0,0.0
3.35,0.0,0.0,0.0,datactrl_ref_vx_fallback,datactrl_est_vx_fallback,-0.429999977350235,states_theta,-0.021007787436246872,1.067421118577091e-06,1.7642231021290708e-06,0.0,3.441704482069349e-07,0.0,3.70018544836612e-06,0.0,4.495013052043673e-06,0.0,0.0,0.0,0.0,0.0,0.0,0.0,0.0,0.0,0.0,0.0,0.429999977350235,0.0,0.0,0.0,0.0
3.444,0.0,0.0,0.0,datactrl_ref_vx_fallback,datactrl_est_vx_fallback,-0.429999977350235,states_theta,-0.021007787436246872,1.067421118577091e-06,1.7642231021290708e-06,0.0,3.441704482069349e-07,0.0,3.70018544836612e-06,0.0,4.495013052043673e-06,0.0,0.0,0.0,0.0,0.0,0.0,0.0,0.0,0.0,0.0,0.0,0.429999977350235,0.0,0.0,0.0,0.0
3.54,0.0,0.0,0.0,datactrl_ref_vx_fallback,datactrl_est_vx_fallback,-0.429999977350235,states_theta,-0.021007787436246872,1.067421118577091e-06,1.7642231021290708e-06,0.0,3.441704482069349e-07,0.0,3.70018544836612e-06,0.0,4.495013052043673e-06,0.0,0.0,0.0,0.0,0.0,0.0,0.0,0.0,0.0,0.0,0.0,0.429999977350235,0.0,0.0,0.0,0.0
3.637,0.0,0.0,0.0,datactrl_ref_vx_fallback,datactrl_est_vx_fallback,-0.429999977350235,states_theta,-0.021007787436246872,1.067421118577091e-06,1.7642231021290708e-06,0.0,3.441704482069349e-07,0.0,3.70018544836612e-06,0.0,4.495013052043673e-06,0.0,0.0,0.0,0.0,0.0,0.0,0.0,0.0,0.0,0.0,0.0,0.429999977350235,0.0,0.0,0.0,0.0
3.69,0.0,0.0,0.0,datactrl_ref_vx_fallback,datactrl_est_vx_fallback,-0.429999977350235,states_theta,-0.021007787436246872,1.067421118577091e-06,1.7642231021290708e-06,0.0,3.441704482069349e-07,0.0,3.70018544836612e-06,0.0,4.495013052043673e-06,0.0,0.0,0.0,0.0,0.0,0.0,0.0,0.0,0.0,0.0,0.0,0.429999977350235,0.0,0.0,0.0,0.0
3.742,0.0,0.0,0.0,datactrl_ref_vx_fallback,datactrl_est_vx_fallback,-0.4399999976158142,states_theta,-0.021007787436246872,1.067421118577091e-06,1.7642231021290708e-06,0.0,3.441704482069349e-07,0.0,3.70018544836612e-06,0.0,4.495013052043673e-06,0.0,0.0,0.0,0.0,0.0,0.0,0.0,0.0,0.0,0.0,0.0,0.4399999976158142,0.0,0.0,0.0,0.0
3.792,0.0,0.0,0.0,datactrl_ref_vx_fallback,datactrl_est_vx_fallback,-0.4399999976158142,states_theta,-0.021007787436246872,1.067421118577091e-06,1.7642231021290708e-06,0.0,3.441704482069349e-07,0.0,3.70018544836612e-06,0.0,4.495013052043673e-06,0.0,0.0,0.0,0.0,0.0,0.0,0.0,0.0,0.0,0.0,0.0,0.4399999976158142,0.0,0.0,0.0,0.0
3.844,0.0,0.0,0.0,datactrl_ref_vx_fallback,datactrl_est_vx_fallback,-0.4399999976158142,states_theta,-0.021007787436246872,1.067421118577091e-06,1.7642231021290708e-06,0.0,3.441704482069349e-07,0.0,3.70018544836612e-06,0.0,4.495013052043673e-06,0.0,0.0,0.0,0.0,0.0,0.0,0.0,0.0,0.0,0.0,0.0,0.4399999976158142,0.0,0.0,0.0,0.0
3.945,0.0,0.0,0.0,datactrl_ref_vx_fallback,datactrl_est_vx_fallback,-0.4399999976158142,states_theta,-0.021007787436246872,1.067421118577091e-06,1.7642231021290708e-06,0.0,3.441704482069349e-07,0.0,3.70018544836612e-06,0.0,4.495013052043673e-06,0.0,0.0,0.0,0.0,0.0,0.0,0.0,0.0,0.0,0.0,0.0,0.4399999976158142,0.0,0.0,0.0,0.0
4.043,0.0,0.0,0.0,datactrl_ref_vx_fallback,datactrl_est_vx_fallback,-0.4399999976158142,states_theta,-0.021007787436246872,1.067421118577091e-06,1.7642231021290708e-06,0.0,3.441704482069349e-07,0.0,3.70018544836612e-06,0.0,4.495013052043673e-06,0.0,0.0,0.0,0.0,0.0,0.0,0.0,0.0,0.0,0.0,0.0,0.4399999976158142,0.0,0.0,0.0,0.0
4.142,0.0,0.0,0.0,datactrl_ref_vx_fallback,datactrl_est_vx_fallback,-0.4399999976158142,states_theta,-0.021007787436246872,1.067421118577091e-06,1.7642231021290708e-06,0.0,3.441704482069349e-07,0.0,3.70018544836612e-06,0.0,4.495013052043673e-06,0.0,0.0,0.0,0.0,0.0,0.0,0.0,0.0,0.0,0.0,0.0,0.4399999976158142,0.0,0.0,0.0,0.0
4.241,0.0,0.0,0.0,datactrl_ref_vx_fallback,datactrl_est_vx_fallback,-0.44999998807907104,states_theta,-0.021007787436246872,1.067421118577091e-06,1.7642231021290708e-06,0.0,3.441704482069349e-07,0.0,3.70018544836612e-06,0.0,4.495013052043673e-06,0.0,0.0,0.0,0.0,0.0,0.0,0.0,0.0,0.0,0.0,0.0,0.44999998807907104,0.0,0.0,0.0,0.0
4.333,0.0,0.0,0.0,datactrl_ref_vx_fallback,datactrl_est_vx_fallback,-0.44999998807907104,states_theta,-0.021007787436246872,1.067421118577091e-06,1.7642231021290708e-06,0.0,3.441704482069349e-07,0.0,3.70018544836612e-06,0.0,4.495013052043673e-06,0.0,0.0,0.0,0.0,0.0,0.0,0.0,0.0,0.0,0.0,0.0,0.44999998807907104,0.0,0.0,0.0,0.0
4.441,0.0,0.0,0.0,datactrl_ref_vx_fallback,datactrl_est_vx_fallback,-0.44999998807907104,states_theta,-0.021007787436246872,1.067421118577091e-06,1.7642231021290708e-06,0.0,3.441704482069349e-07,0.0,3.70018544836612e-06,0.0,4.495013052043673e-06,0.0,0.0,0.0,0.0,0.0,0.0,0.0,0.0,0.0,0.0,0.0,0.44999998807907104,0.0,0.0,0.0,0.0
4.536,0.0,0.0,0.0,datactrl_ref_vx_fallback,datactrl_est_vx_fallback,-0.44999998807907104,states_theta,-0.021007787436246872,1.067421118577091e-06,1.7642231021290708e-06,0.0,3.441704482069349e-07,0.0,3.70018544836612e-06,0.0,4.495013052043673e-06,0.0,0.0,0.0,0.0,0.0,0.0,0.0,0.0,0.0,0.0,0.0,0.44999998807907104,0.0,0.0,0.0,0.0
4.639,0.0,0.0,0.0,datactrl_ref_vx_fallback,datactrl_est_vx_fallback,-0.44999998807907104,states_theta,-0.021007787436246872,1.067421118577091e-06,1.7642231021290708e-06,0.0,3.441704482069349e-07,0.0,3.70018544836612e-06,0.0,4.495013052043673e-06,0.0,0.0,0.0,0.0,0.0,0.0,0.0,0.0,0.0,0.0,0.0,0.44999998807907104,0.0,0.0,0.0,0.0
4.734,0.0,0.0,0.0,datactrl_ref_vx_fallback,datactrl_est_vx_fallback,-0.4599999785423279,states_theta,-0.021007787436246872,1.0527117087894282e-06,1.778234984434365e-06,0.0,2.2649516990563113e-07,0.0,3.5825101700648165e-06,0.0,4.612688330344977e-06,0.0,0.0,0.0,0.0,0.0,0.0,0.0,0.0,0.0,0.0,0.0,0.4599999785423279,0.0,0.0,0.0,0.0
4.837,0.0,0.0,0.0,datactrl_ref_vx_fallback,datactrl_est_vx_fallback,-0.4599999785423279,states_theta,-0.021007787436246872,1.347843976102241e-05,2.1260537774632097e-05,1.4340215133888009e-05,0.0,3.1029791958481295e-05,0.0,6.245751099580997e-05,0.0,0.0,0.0,0.0,0.0,0.0,0.0,0.0,0.0,0.0,0.0,0.0,0.4599999785423279,0.0,0.0,0.0,0.0
4.892,0.0,0.0,0.0,datactrl_ref_vx_fallback,datactrl_est_vx_fallback,-0.4599999785423279,states_theta,-0.021007787436246872,4.731324142927105e-05,7.487773477336338e-05,4.791532499005857e-05,0.0,0.00011134722201784508,0.0,0.00021924338442626476,0.0,0.0,0.0,0.0,0.0,0.0,0.0,0.0,0.0,0.0,0.0,0.0,0.4599999785423279,0.0,0.0,0.0,0.0
4.945,0.0,0.0,0.0,datactrl_ref_vx_fallback,datactrl_est_vx_fallback,-0.4599999785423279,states_theta,-0.021007787436246872,4.731324142927105e-05,7.487773477336338e-05,4.791532499005857e-05,0.0,0.00011134722201784508,0.0,0.00021924338442626476,0.0,0.0,0.0,0.0,0.0,0.0,0.0,0.0,0.0,0.0,0.0,0.0,0.4599999785423279,0.0,0.0,0.0,0.0
5.0,0.0,0.0,0.0,datactrl_ref_vx_fallback,datactrl_est_vx_fallback,-0.4599999785423279,states_theta,-0.021007787436246872,7.500534070977862e-05,0.00011875515511449602,7.54136847210971e-05,0.0,0.00017709813455704586,0.0,0.000347530906400086,0.0,0.0,0.0,0.0,0.0,0.0,0.0,0.0,0.0,0.0,0.0,0.0,0.4599999785423279,0.0,0.0,0.0,0.0
5.057,0.0,0.0,0.0,datactrl_ref_vx_fallback,datactrl_est_vx_fallback,-0.4599999785423279,states_theta,-0.021007787436246872,7.500534070977862e-05,0.00011875515511449602,7.54136847210971e-05,0.0,0.00017709813455704586,0.0,0.000347530906400086,0.0,0.0,0.0,0.0,0.0,0.0,0.0,0.0,0.0,0.0,0.0,0.0,0.4599999785423279,0.0,0.0,0.0,0.0
5.157,0.0,0.0,0.0,datactrl_ref_vx_fallback,datactrl_est_vx_fallback,-0.4699999988079071,states_theta,-0.021007787436246872,0.00010389019821734888,0.0001645271230797092,0.00010317688552185155,0.0,0.00024713578236691816,0.0,0.0004808089178500213,0.0,0.0,0.0,0.0,0.0,0.0,0.0,0.0,0.0,0.0,0.0,0.0,0.4699999988079071,0.0,0.0,0.0,0.0
5.26,0.0,0.0,0.0,datactrl_ref_vx_fallback,datactrl_est_vx_fallback,-0.4699999988079071,states_theta,-0.021007787436246872,0.00013042060740714895,0.0002066232345536093,0.0001334190028948822,0.0,0.00030361209100417656,0.0,0.0006063337653581328,0.0,0.0,0.0,0.0,0.0,0.0,0.0,0.0,0.0,0.0,0.0,0.0,0.4699999988079071,0.0,0.0,0.0,0.0
5.354,0.0,0.0,0.0,datactrl_ref_vx_fallback,datactrl_est_vx_fallback,-0.4699999988079071,states_theta,-0.021007787436246872,0.00015407168547152794,0.00024412299050023255,0.00015794617120454973,0.0,0.0003579898896184489,0.0,0.000716637422949225,0.0,0.0,0.0,0.0,0.0,0.0,0.0,0.0,0.0,0.0,0.0,0.0,0.4699999988079071,0.0,0.0,0.0,0.0
5.457,0.0,0.0,0.0,datactrl_ref_vx_fallback,datactrl_est_vx_fallback,-0.4699999988079071,states_theta,-0.021007787436246872,0.0001754720658810695,0.00027805439845187004,0.00018013927084960468,0.0,0.0004071929565150709,0.0,0.0008164442996838804,0.0,0.0,0.0,0.0,0.0,0.0,0.0,0.0,0.0,0.0,0.0,0.0,0.4699999988079071,0.0,0.0,0.0,0.0
5.509,0.0,0.0,0.0,datactrl_ref_vx_fallback,datactrl_est_vx_fallback,-0.4699999988079071,states_theta,-0.021007787436246872,0.0001948359308358281,0.0003087569296221305,0.00020022041783065278,0.0,0.00045171373252526486,0.0,0.0009067532963307071,0.0,0.0,0.0,0.0,0.0,0.0,0.0,0.0,0.0,0.0,0.0,0.0,0.4699999988079071,0.0,0.0,0.0,0.0
5.569,0.0,0.0,0.0,datactrl_ref_vx_fallback,datactrl_est_vx_fallback,-0.4699999988079071,states_theta,-0.021007787436246872,0.0001948359308358281,0.0003087569296221305,0.00020022041783065278,0.0,0.00045171373252526486,0.0,0.0009067532963307071,0.0,0.0,0.0,0.0,0.0,0.0,0.0,0.0,0.0,0.0,0.0,0.0,0.4699999988079071,0.0,0.0,0.0,0.0
5.621,0.0,0.0,0.0,datactrl_ref_vx_fallback,datactrl_est_vx_fallback,-0.4699999988079071,states_theta,-0.021007787436246872,0.0002156320916679208,0.0003416832870521292,0.00021839059101618665,0.0,0.0005050978415922109,0.0,0.0010015683007349688,0.0,0.0,0.0,0.0,0.0,0.0,0.0,0.0,0.0,0.0,0.0,0.0,0.4699999988079071,0.0,0.0,0.0,0.0
5.683,0.0,0.0,0.0,datactrl_ref_vx_fallback,datactrl_est_vx_fallback,-0.47999998927116394,states_theta,-0.021007787436246872,0.0002156320916679208,0.0003416832870521292,0.00021839059101618665,0.0,0.0005050978415922109,0.0,0.0010015683007349688,0.0,0.0,0.0,0.0,0.0,0.0,0.0,0.0,0.0,0.0,0.0,0.0,0.47999998927116394,0.0,0.0,0.0,0.0
5.739,0.0,0.0,0.0,datactrl_ref_vx_fallback,datactrl_est_vx_fallback,-0.47999998927116394,states_theta,-0.021007787436246872,0.00023183353000280065,0.00036736610709898744,0.00023483164360672387,0.0,0.0005429389564544115,0.0,0.0010768976399612698,0.0,0.0,0.0,0.0,0.0,0.0,0.0,0.0,0.0,0.0,0.0,0.0,0.47999998927116394,0.0,0.0,0.0,0.0
5.899,0.0,0.0,0.0,datactrl_ref_vx_fallback,datactrl_est_vx_fallback,-0.47999998927116394,states_theta,-0.021007787436246872,0.0002597578134429352,0.00041163221020397244,0.0002631689185512527,0.0,0.0006081606975900647,0.0,0.001206732891402164,0.0,0.0,0.0,0.0,0.0,0.0,0.0,0.0,0.0,0.0,0.0,0.0,0.47999998927116394,0.0,0.0,0.0,0.0
6.132,0.0,0.0,0.0,datactrl_ref_vx_fallback,datactrl_est_vx_fallback,-0.47999998927116394,states_theta,-0.021007787436246872,0.00028733271094269025,0.0004553014662346389,0.0002863695170067688,0.0,0.0006804094543857111,0.0,0.0013318827161490421,0.0,0.0,0.0,0.0,0.0,0.0,0.0,0.0,0.0,0.0,0.0,0.0,0.47999998927116394,0.0,0.0,0.0,0.0
6.314,0.0,0.0,0.0,datactrl_ref_vx_fallback,datactrl_est_vx_fallback,-0.4899999797344208,states_theta,-0.021007787436246872,0.0003064525687223833,0.00048560691135601146,0.0003053645604521559,0.0,0.0007257354981805706,0.0,0.0014205204911463397,0.0,0.0,0.0,0.0,0.0,0.0,0.0,0.0,0.0,0.0,0.0,0.0,0.4899999797344208,0.0,0.0,0.0,0.0
6.505,0.0,0.0,0.0,datactrl_ref_vx_fallback,datactrl_est_vx_fallback,-0.4899999797344208,states_theta,-0.021007787436246872,0.00032754952308757955,0.0005190268326679658,0.0003209163866769104,0.0,0.0007846170793767779,0.0,0.0015148627186469478,0.0,0.0,0.0,0.0,0.0,0.0,0.0,0.0,0.0,0.0,0.0,0.0,0.4899999797344208,0.0,0.0,0.0,0.0
6.711,0.0,0.0,0.0,datactrl_ref_vx_fallback,datactrl_est_vx_fallback,-0.5,states_theta,-0.021007787436246872,0.0003406351824322165,0.0005397672187789588,0.00033364914507367,0.0,0.0008160769767301967,0.0,0.0015753553376538657,0.0,0.0,0.0,0.0,0.0,0.0,0.0,0.0,0.0,0.0,0.0,0.0,0.5,0.0,0.0,0.0,0.0
6.904,0.0,0.0,0.0,datactrl_ref_vx_fallback,datactrl_est_vx_fallback,-0.5,states_theta,-0.021007787436246872,0.0003513488141619481,0.0005567480141387918,0.0003440738459445848,0.0,0.0008418341621820569,0.0,0.0016248825051689432,0.0,0.0,0.0,0.0,0.0,0.0,0.0,0.0,0.0,0.0,0.0,0.0,0.5,0.0,0.0,0.0,0.0
7.108,0.0,0.0,0.0,datactrl_ref_vx_fallback,datactrl_est_vx_fallback,-0.5099999904632568,states_theta,-0.021007787436246872,0.0003662334551058385,0.0005803511490081103,0.0003526088691392431,0.0,0.0008873746067026535,0.0,0.0016898841650048113,0.0,0.0,0.0,0.0,0.0,0.0,0.0,0.0,0.0,0.0,0.0,0.0,0.5099999904632568,0.0,0.0,0.0,0.0
7.316,0.0,0.0,0.0,datactrl_ref_vx_fallback,datactrl_est_vx_fallback,-0.5099999904632568,states_theta,-0.021007787436246872,0.00037627379503030943,0.0005963918894166084,0.0003812849049589494,0.0,0.000880187882444681,0.0,0.001748717572838845,0.0,0.0,0.0,0.0,0.0,0.0,0.0,0.0,0.0,0.0,0.0,0.0,0.5099999904632568,0.0,0.0,0.0,0.0
7.505,0.0,0.0,0.0,datactrl_ref_vx_fallback,datactrl_est_vx_fallback,-0.5099999904632568,states_theta,-0.021007787436246872,0.0003887087145873287,0.0006160449521382202,0.0003874251720767311,0.0,0.0009198509054127587,0.0,0.0018023936392091396,0.0,0.0,0.0,0.0,0.0,0.0,0.0,0.0,0.0,0.0,0.0,0.0,0.5099999904632568,0.0,0.0,0.0,0.0
7.709,0.0,0.0,0.0,datactrl_ref_vx_fallback,datactrl_est_vx_fallback,-0.5199999809265137,states_theta,-0.021007787436246872,0.0003937636395639644,0.0006240580630660987,0.0003924523975981838,0.0,0.0009318205377697568,0.0,0.0018258361811437746,0.0,0.0,0.0,0.0,0.0,0.0,0.0,0.0,0.0,0.0,0.0,0.0,0.5199999809265137,0.0,0.0,0.0,0.0
7.911,0.0,0.0,0.0,datactrl_ref_vx_fallback,datactrl_est_vx_fallback,-0.5199999809265137,states_theta,-0.021007787436246872,0.0004044641950209925,0.0006409936374140838,0.0003965683417352461,0.0,0.0009678681755801014,0.0,0.0018712770428525923,0.0,0.0,0.0,0.0,0.0,0.0,0.0,0.0,0.0,0.0,0.0,0.0,0.5199999809265137,0.0,0.0,0.0,0.0
8.102,0.0,0.0,0.0,datactrl_ref_vx_fallback,datactrl_est_vx_fallback,-0.5299999713897705,states_theta,-0.021007787436246872,0.00041155230716694003,0.0006415204543125322,0.00042900460913142025,0.0,0.0010052236471809002,0.0,0.0018581902010231996,0.0,0.0,0.0,0.0,0.0,0.0,0.0,0.0,0.0,0.0,0.0,0.0,0.5299999713897705,0.0,0.0,0.0,0.0
8.376,0.0,0.0,0.0,datactrl_ref_vx_fallback,datactrl_est_vx_fallback,-0.5299999713897705,states_theta,-0.021007787436246872,0.00041440268390685337,0.0006459742471289362,0.00043193814952176713,0.0,0.0010121846913342535,0.0,0.0018710986303988064,0.0,0.0,0.0,0.0,0.0,0.0,0.0,0.0,0.0,0.0,0.0,0.0,0.5299999713897705,0.0,0.0,0.0,0.0
8.435,0.0,0.0,0.0,datactrl_ref_vx_fallback,datactrl_est_vx_fallback,-0.5299999713897705,states_theta,-0.021007787436246872,0.0004223338698147151,0.0006585687250593521,0.000433199033894484,0.0,0.001042000850315386,0.0,0.0019034710743078508,0.0,0.0,0.0,0.0,0.0,0.0,0.0,0.0,0.0,0.0,0.0,0.0,0.5299999713897705,0.0,0.0,0.0,0.0
8.486,0.0,0.0,0.0,datactrl_ref_vx_fallback,datactrl_est_vx_fallback,-0.5399999618530273,states_theta,-0.021007787436246872,0.0004223338698147151,0.0006585687250593521,0.000433199033894484,0.0,0.001042000850315386,0.0,0.0019034710743078508,0.0,0.0,0.0,0.0,0.0,0.0,0.0,0.0,0.0,0.0,0.0,0.0,0.5399999618530273,0.0,0.0,0.0,0.0
8.536,0.0,0.0,0.0,datactrl_ref_vx_fallback,datactrl_est_vx_fallback,-0.5399999618530273,states_theta,-0.021007787436246872,0.0004234635620661392,0.0006603345517892055,0.00043433992925473507,0.0,0.0010447926605139885,0.0,0.0019085759067603901,0.0,0.0,0.0,0.0,0.0,0.0,0.0,0.0,0.0,0.0,0.0,0.0,0.5399999618530273,0.0,0.0,0.0,0.0
8.714,0.0,0.0,0.0,datactrl_ref_vx_fallback,datactrl_est_vx_fallback,-0.5399999618530273,states_theta,-0.021007787436246872,0.00042548332013810975,0.0006632843104638926,0.0004368875918983021,0.0,0.0010501857874261635,0.0,0.0019167931817804125,0.0,0.0,0.0,0.0,0.0,0.0,0.0,0.0,0.0,0.0,0.0,0.0,0.5399999618530273,0.0,0.0,0.0,0.0
8.908,0.0,0.0,0.0,datactrl_ref_vx_fallback,datactrl_est_vx_fallback,-0.5399999618530273,states_theta,-0.021007787436246872,0.00043385779826148746,0.0006766448651000548,0.00043839218993899223,0.0,0.0010811940407316999,0.0,0.0019512761554212076,0.0,0.0,0.0,0.0,0.0,0.0,0.0,0.0,0.0,0.0,0.0,0.0,0.5399999618530273,0.0,0.0,0.0,0.0
9.1,0.0,0.0,0.0,datactrl_ref_vx_fallback,datactrl_est_vx_fallback,-0.550000011920929,states_theta,-0.021007787436246872,0.0004411332893968489,0.0006881911388217827,0.0004451879410542662,0.0,0.0010990510722440104,0.0,0.0019848273018765144,0.0,0.0,0.0,0.0,0.0,0.0,0.0,0.0,0.0,0.0,0.0,0.0,0.550000011920929,0.0,0.0,0.0,0.0
9.358,0.0,0.0,0.0,datactrl_ref_vx_fallback,datactrl_est_vx_fallback,-0.5600000023841858,states_theta,-0.021007787436246872,0.00045106148386157456,0.0007038315383621644,0.0004691879198648133,0.0,0.0010990510722440102,0.0,0.002040252878783773,0.0,0.0,0.0,0.0,0.0,0.0,0.0,0.0,0.0,0.0,0.0,0.0,0.5600000023841858,0.0,0.0,0.0,0.0
9.451,0.0,0.0,0.0,datactrl_ref_vx_fallback,datactrl_est_vx_fallback,-0.5600000023841858,states_theta,-0.021007787436246872,0.00045106148386157456,0.0007038315383621644,0.0004691879198648133,0.0,0.0010990510722440102,0.0,0.002040252878783773,0.0,0.0,0.0,0.0,0.0,0.0,0.0,0.0,0.0,0.0,0.0,0.0,0.5600000023841858,0.0,0.0,0.0,0.0
9.549,0.0,0.0,0.0,datactrl_ref_vx_fallback,datactrl_est_vx_fallback,-0.5600000023841858,states_theta,-0.021007787436246872,0.00045106148386157456,0.0007038315383621644,0.0004691879198648133,0.0,0.0010990510722440102,0.0,0.002040252878783773,0.0,0.0,0.0,0.0,0.0,0.0,0.0,0.0,0.0,0.0,0.0,0.0,0.5600000023841858,0.0,0.0,0.0,0.0
9.648,0.0,0.0,0.0,datactrl_ref_vx_fallback,datactrl_est_vx_fallback,-0.5600000023841858,states_theta,-0.021007787436246872,0.00045106148386157456,0.0007038315383621644,0.0004691879198648133,0.0,0.0010990510722440102,0.0,0.002040252878783773,0.0,0.0,0.0,0.0,0.0,0.0,0.0,0.0,0.0,0.0,0.0,0.0,0.5600000023841858,0.0,0.0,0.0,0.0
9.706,0.0,0.0,0.0,datactrl_ref_vx_fallback,datactrl_est_vx_fallback,-0.5600000023841858,states_theta,-0.021007787436246872,0.00045106148386157456,0.0007038315383621644,0.0004691879198648133,0.0,0.0010990510722440102,0.0,0.002040252878783773,0.0,0.0,0.0,0.0,0.0,0.0,0.0,0.0,0.0,0.0,0.0,0.0,0.5600000023841858,0.0,0.0,0.0,0.0
9.759,0.0,0.0,0.0,datactrl_ref_vx_fallback,datactrl_est_vx_fallback,-0.5600000023841858,states_theta,-0.021007787436246872,0.00045106148386157456,0.0007038315383621644,0.0004691879198648133,0.0,0.0010990510722440102,0.0,0.002040252878783773,0.0,0.0,0.0,0.0,0.0,0.0,0.0,0.0,0.0,0.0,0.0,0.0,0.5600000023841858,0.0,0.0,0.0,0.0
9.854,0.0,0.0,0.0,datactrl_ref_vx_fallback,datactrl_est_vx_fallback,-0.5699999928474426,states_theta,-0.021007787436246872,0.000457989680974982,0.0007148583530809995,0.0004691879198648133,0.0,0.00112676386069764,0.0,0.0020679656672374027,0.0,0.0,0.0,0.0,0.0,0.0,0.0,0.0,0.0,0.0,0.0,0.0,0.5699999928474426,0.0,0.0,0.0,0.0
9.937,0.0,0.0,0.0,datactrl_ref_vx_fallback,datactrl_est_vx_fallback,-0.5699999928474426,states_theta,-0.021007787436246872,0.000457989680974982,0.0007148583530809995,0.0004691879198648133,0.0,0.00112676386069764,0.0,0.0020679656672374027,0.0,0.0,0.0,0.0,0.0,0.0,0.0,0.0,0.0,0.0,0.0,0.0,0.5699999928474426,0.0,0.0,0.0,0.0
10.035,0.0,0.0,0.0,datactrl_ref_vx_fallback,datactrl_est_vx_fallback,-0.5699999928474426,states_theta,-0.021007787436246872,0.000457989680974982,0.0007148583530809995,0.0004691879198648133,0.0,0.00112676386069764,0.0,0.0020679656672374027,0.0,0.0,0.0,0.0,0.0,0.0,0.0,0.0,0.0,0.0,0.0,0.0,0.5699999928474426,0.0,0.0,0.0,0.0
10.134,0.0,0.0,0.0,datactrl_ref_vx_fallback,datactrl_est_vx_fallback,-0.5699999928474426,states_theta,-0.021007787436246872,0.000457989680974982,0.0007148583530809995,0.0004691879198648133,0.0,0.00112676386069764,0.0,0.0020679656672374027,0.0,0.0,0.0,0.0,0.0,0.0,0.0,0.0,0.0,0.0,0.0,0.0,0.5699999928474426,0.0,0.0,0.0,0.0
10.241,0.0,0.0,0.0,datactrl_ref_vx_fallback,datactrl_est_vx_fallback,-0.5799999833106995,states_theta,-0.021007787436246872,0.00046491787808838935,0.0007259160385592537,0.0004691879198648133,0.0,0.0011544766491512692,0.0,0.0020956784556910323,0.0,0.0,0.0,0.0,0.0,0.0,0.0,0.0,0.0,0.0,0.0,0.0,0.5799999833106995,0.0,0.0,0.0,0.0
10.349,0.0,0.0,0.0,datactrl_ref_vx_fallback,datactrl_est_vx_fallback,-0.5799999833106995,states_theta,-0.021007787436246872,0.00046491787808838935,0.0007259160385592537,0.0004691879198648133,0.0,0.0011544766491512692,0.0,0.0020956784556910323,0.0,0.0,0.0,0.0,0.0,0.0,0.0,0.0,0.0,0.0,0.0,0.0,0.5799999833106995,0.0,0.0,0.0,0.0
10.449,0.0,0.0,0.0,datactrl_ref_vx_fallback,datactrl_est_vx_fallback,-0.5799999833106995,states_theta,-0.021007787436246872,0.00046491787808838935,0.0007259160385592537,0.0004691879198648133,0.0,0.0011544766491512692,0.0,0.0020956784556910323,0.0,0.0,0.0,0.0,0.0,0.0,0.0,0.0,0.0,0.0,0.0,0.0,0.5799999833106995,0.0,0.0,0.0,0.0
10.499,0.0,0.0,0.0,datactrl_ref_vx_fallback,datactrl_est_vx_fallback,-0.5799999833106995,states_theta,-0.021007787436246872,0.00046491787808838935,0.0007259160385592537,0.0004691879198648133,0.0,0.0011544766491512692,0.0,0.0020956784556910323,0.0,0.0,0.0,0.0,0.0,0.0,0.0,0.0,0.0,0.0,0.0,0.0,0.5799999833106995,0.0,0.0,0.0,0.0
10.549,0.0,0.0,0.0,datactrl_ref_vx_fallback,datactrl_est_vx_fallback,-0.5799999833106995,states_theta,-0.021007787436246872,0.00046491787808838935,0.0007259160385592537,0.0004691879198648133,0.0,0.0011544766491512692,0.0,0.0020956784556910323,0.0,0.0,0.0,0.0,0.0,0.0,0.0,0.0,0.0,0.0,0.0,0.0,0.5799999833106995,0.0,0.0,0.0,0.0
10.646,0.0,0.0,0.0,datactrl_ref_vx_fallback,datactrl_est_vx_fallback,-0.5799999833106995,states_theta,-0.021007787436246872,0.00046491787808838935,0.0007259160385592537,0.0004691879198648133,0.0,0.0011544766491512692,0.0,0.0020956784556910323,0.0,0.0,0.0,0.0,0.0,0.0,0.0,0.0,0.0,0.0,0.0,0.0,0.5799999833106995,0.0,0.0,0.0,0.0
10.746,0.0,0.0,0.0,datactrl_ref_vx_fallback,datactrl_est_vx_fallback,-0.5899999737739563,states_theta,-0.021007787436246872,0.0005971119501017206,0.0008754124713804693,0.000803230252931277,0.0,0.0015162317706713623,0.0,0.002457433577211125,0.0,0.0,0.0,0.0,0.0,0.0,0.0,0.0,0.0,0.0,0.0,0.0,0.5899999737739563,0.0,0.0,0.0,0.0
10.86,0.0,0.0,0.0,datactrl_ref_vx_fallback,datactrl_est_vx_fallback,-0.5899999737739563,states_theta,-0.021007787436246872,0.004000531805679202,0.0026203771603805627,0.005803230327437084,0.004864854487707456,0.006516231845177169,0.004151852969967371,0.007457433651716932,0.003210651163427608,0.0,0.0,0.0,0.0,0.0,0.0,0.0,0.0,0.0,0.0,0.0,0.5899999737739563,0.0,0.0,0.0,0.0
10.94,0.0,0.0,0.0,datactrl_ref_vx_fallback,datactrl_est_vx_fallback,-0.5899999737739563,states_theta,-0.021007787436246872,0.007750532140955329,0.004642758631376501,0.010803230774471918,0.009864854934742293,0.011516232292212002,0.009151853417002209,0.012457434098751767,0.008210651610462444,0.0,0.0,0.0,0.0,0.0,0.0,0.0,0.0,0.0,0.0,0.0,0.5899999737739563,0.0,0.0,0.0,0.0
11.033,0.0,0.0,0.0,datactrl_ref_vx_fallback,datactrl_est_vx_fallback,-0.5899999737739563,states_theta,-0.021007787436246872,0.011500531917437912,0.006754186579292617,0.015803230476448694,0.01486485463671907,0.01651623199418878,0.014151853118978982,0.017457433800728544,0.01321065131243922,0.0,0.0,0.0,0.0,0.0,0.0,0.0,0.0,0.0,0.0,0.0,0.5899999737739563,0.0,0.0,0.0,0.0
11.13,0.0,0.0,0.0,datactrl_ref_vx_fallback,datactrl_est_vx_fallback,-0.5899999737739563,states_theta,-0.021007787436246872,0.015250531693920495,0.0088925285386551,0.02082723019299881,0.019840854324122508,0.021488518866416617,0.0191795656507047,0.022485146332454263,0.018182938184667055,0.0,0.0,0.0,0.0,0.0,0.0,0.0,0.0,0.0,0.0,0.0,0.5899999737739563,0.0,0.0,0.0,0.0
11.234,0.0,0.0,0.0,datactrl_ref_vx_fallback,datactrl_est_vx_fallback,-0.5999999642372131,states_theta,-0.021007787436246872,0.019000532587990164,0.011042512929546115,0.025827231385091704,0.024840855516215402,0.02651623284696314,0.024151854054343967,0.027512860313000785,0.02315522658830632,0.0,0.0,0.0,0.0,0.0,0.0,0.0,0.0,0.0,0.0,0.0,0.5999999642372131,0.0,0.0,0.0,0.0
11.332,0.0,0.0,0.0,datactrl_ref_vx_fallback,datactrl_est_vx_fallback,-0.5999999642372131,states_theta,-0.021007787436246872,0.02275053348205984,0.01319567871803277,0.030827232577184602,0.0298408567083083,0.03151623403905604,0.029151855246436865,0.032512861505093686,0.02815522778039922,0.0,0.0,0.0,0.0,0.0,0.0,0.0,0.0,0.0,0.0,0.0,0.5999999642372131,0.0,0.0,0.0,0.0
11.43,0.0,0.0,0.0,datactrl_ref_vx_fallback,datactrl_est_vx_fallback,-0.5999999642372131,states_theta,-0.021007787436246872,0.02650053437612951,0.015352191580691066,0.035827233769277496,0.034840857900401194,0.03651623523114893,0.03415185643852976,0.03751286269718658,0.03315522897249211,0.0,0.0,0.0,0.0,0.0,0.0,0.0,0.0,0.0,0.0,0.0,0.5999999642372131,0.0,0.0,0.0,0.0
11.533,0.0,0.0,0.0,datactrl_ref_vx_fallback,datactrl_est_vx_fallback,-0.5999999642372131,states_theta,-0.021007787436246872,0.030250535270199178,0.017510814952516895,0.04082723496137039,0.03984085909249409,0.04151623642324182,0.039151857630622657,0.042512863889279474,0.038155230164585004,0.0,0.0,0.0,0.0,0.0,0.0,0.0,0.0,0.0,0.0,0.0,0.5999999642372131,0.0,0.0,0.0,0.0
11.635,0.0,0.0,0.0,datactrl_ref_vx_fallback,datactrl_est_vx_fallback,-0.6100000143051147,states_theta,-0.021007787436246872,0.034000536164268846,0.01967204754091174,0.045827236153463284,0.04484086028458698,0.046543950568969594,0.04412414586908067,0.04754057803500725,0.04312751840304302,0.0,0.0,0.0,0.0,0.0,0.0,0.0,0.0,0.0,0.0,0.0,0.6100000143051147,0.0,0.0,0.0,0.0
11.746,0.0,0.0,0.0,datactrl_ref_vx_fallback,datactrl_est_vx_fallback,-0.6100000143051147,states_theta,-0.01851028762757778,0.03775053705833853,0.021832839756811048,0.05082549584564817,0.0498426029765879,0.0515424945399741,0.04912560428226197,0.05253684549070284,0.04813125333153323,0.0,0.0,0.0,0.0,0.0,0.0,0.0,0.0,0.0,0.0,0.0,0.6100000143051147,0.0,0.0,0.0,0.0
11.842,0.0,0.0,0.0,datactrl_ref_vx_fallback,datactrl_est_vx_fallback,-0.5099999904632568,states_theta,1.5583021640777588,0.0415005379524082,0.023964989246165004,0.05449072356583091,0.05617737764059095,0.055336497848279986,0.05533160335814187,0.05491124488517689,0.05575685632124497,0.0,0.0,0.0,0.0,0.0,0.0,0.0,0.0,0.0,0.0,0.0,0.5099999904632568,0.0,0.0,0.0,0.0
11.943,0.0,0.0,0.0,datactrl_ref_vx_fallback,datactrl_est_vx_fallback,-0.29999998211860657,states_theta,2.422877788543701,0.04525053884647787,0.026170874401572383,0.058686665180301564,0.06198143841030608,0.05937821998545777,0.06128988360514988,0.0579086000570289,0.06275950353357874,0.0,0.0,0.0,0.0,0.0,0.0,0.0,0.0,0.0,0.0,0.0,0.29999998211860657,0.0,0.0,0.0,0.0
12.054,0.0,0.0,0.0,datactrl_ref_vx_fallback,datactrl_est_vx_fallback,-0.04999999701976776,states_theta,2.582625150680542,0.04900053974054754,0.028380093716235445,0.06318597542861695,0.0674821305461765,0.06394671242576,0.06672139354903345,0.06162244059966567,0.06904566537512777,0.0,0.0,0.0,0.0,0.0,0.0,0.0,0.0,0.0,0.0,0.0,0.04999999701976776,0.0,0.0,0.0,0.0
12.11,0.0,0.0,0.0,datactrl_ref_vx_fallback,datactrl_est_vx_fallback,-0.04999999701976776,states_theta,2.582625150680542,0.052750540634617205,0.030613816384201784,0.06758968920077296,0.07307841915820626,0.06850713244277946,0.07216097591619976,0.0650620100539648,0.07560609830501443,0.0,0.0,0.0,0.0,0.0,0.0,0.0,0.0,0.0,0.0,0.0,0.04999999701976776,0.0,0.0,0.0,0.0
12.162,0.0,0.0,0.0,datactrl_ref_vx_fallback,datactrl_est_vx_fallback,0.2199999988079071,states_theta,2.8248817920684814,0.052750540634617205,0.030613816384201784,0.06758968920077296,0.07307841915820626,0.06850713244277946,0.07216097591619976,0.0650620100539648,0.07560609830501443,0.0,0.0,0.0,0.0,0.0,0.0,0.0,0.0,0.0,0.0,0.0,-0.2199999988079071,0.0,0.0,0.0,0.0
12.217,0.0,0.0,0.0,datactrl_ref_vx_fallback,datactrl_est_vx_fallback,0.2199999988079071,states_theta,2.8248817920684814,0.05650054152868689,0.032880997558548807,0.07188873965849583,0.07877937108466919,0.07303090182504043,0.07763720891812459,0.06818910182989424,0.08247900891327078,0.0,0.0,0.0,0.0,0.0,0.0,0.0,0.0,0.0,0.0,0.0,-0.2199999988079071,0.0,0.0,0.0,0.0
12.271,0.0,0.0,0.0,datactrl_ref_vx_fallback,datactrl_est_vx_fallback,0.5199999809265137,states_theta,3.1551129817962646,0.05650054152868689,0.032880997558548807,0.07188873965849583,0.07877937108466919,0.07303090182504043,0.07763720891812459,0.06818910182989424,0.08247900891327078,0.0,0.0,0.0,0.0,0.0,0.0,0.0,0.0,0.0,0.0,0.0,-0.5199999809265137,0.0,0.0,0.0,0.0
12.372,0.0,0.0,0.0,datactrl_ref_vx_fallback,datactrl_est_vx_fallback,0.85999995470047,states_theta,3.557600498199463,0.06025054242275655,0.035189689466465474,0.07610525381206815,0.08456285931528265,0.07750216767937715,0.08316594544797365,0.07099681239645869,0.0896713007308921,0.0,0.0,0.0,0.0,0.0,0.0,0.0,0.0,0.0,0.0,0.0,-0.85999995470047,0.0,0.0,0.0,0.0
12.475,0.0,0.0,0.0,datactrl_ref_vx_fallback,datactrl_est_vx_fallback,1.25,states_theta,4.035320281982422,0.06400054331682622,0.03755730505432136,0.08016777410336057,0.09050034140817603,0.08195480588216571,0.08871330962937089,0.07338965479988856,0.09727846071164804,0.0,0.0,0.0,0.0,0.0,0.0,0.0,0.0,0.0,0.0,0.0,-1.25,0.0,0.0,0.0,0.0
12.576,0.0,0.0,0.0,datactrl_ref_vx_fallback,datactrl_est_vx_fallback,1.6899999380111694,states_theta,4.5595831871032715,0.06775054421089591,0.039985302986200615,0.08414928762015744,0.09651883027556496,0.08634701802195523,0.09432109987376718,0.07546905732070112,0.10519906057502128,0.0,0.0,0.0,0.0,0.0,0.0,0.0,0.0,0.0,0.0,0.0,-1.6899999380111694,0.0,0.0,0.0,0.0
12.626,0.0,0.0,0.0,datactrl_ref_vx_fallback,datactrl_est_vx_fallback,1.6899999380111694,states_theta,4.5595831871032715,0.07150054063461722,0.04245451285733579,0.08808509550376309,0.10258301285521615,0.09077466342658648,0.09989344493239276,0.07745191820049334,0.1132161901584859,0.0,0.0,0.0,0.0,0.0,0.0,0.0,0.0,0.0,0.0,0.0,-1.6899999380111694,0.0,0.0,0.0,0.0
12.683,0.0,0.0,0.0,datactrl_ref_vx_fallback,datactrl_est_vx_fallback,2.1399998664855957,states_theta,5.086574554443359,0.07150054063461722,0.04245451285733579,0.08808509550376309,0.10258301285521615,0.09077466342658648,0.09989344493239276,0.07745191820049334,0.1132161901584859,0.0,0.0,0.0,0.0,0.0,0.0,0.0,0.0,0.0,0.0,0.0,-2.1399998664855957,0.0,0.0,0.0,0.0
12.78,0.0,0.0,0.0,datactrl_ref_vx_fallback,datactrl_est_vx_fallback,2.679999828338623,states_theta,5.636991024017334,0.07525053705833853,0.045021232136852975,0.09179547755663552,0.10887262126560056,0.09514842485555107,0.105519673966685,0.0789411450334594,0.12172695378877667,0.0,0.0,0.0,0.0,0.0,0.0,0.0,0.0,0.0,0.0,0.0,-2.679999828338623,0.0,0.0,0.0,0.0
12.878,0.0,0.0,0.0,datactrl_ref_vx_fallback,datactrl_est_vx_fallback,3.2899999618530273,states_theta,6.18163537979126,0.07900053348205985,0.0476832668209168,0.09537685445230731,0.1152912348331856,0.09955668564996942,0.11111140363552349,0.08001988842850727,0.13064820085698564,0.0,0.0,0.0,0.0,0.0,0.0,0.0,0.0,0.0,0.0,0.0,-3.2899999618530273,0.0,0.0,0.0,0.0
12.979,0.0,0.0,0.0,datactrl_ref_vx_fallback,datactrl_est_vx_fallback,3.93999981880188,states_theta,6.674652099609375,0.08275052990578116,0.05040513827787717,0.09882936752005109,0.12183871222869866,0.10392523172045855,0.1167428480282912,0.08102395142238418,0.13964412832636555,0.0,0.0,0.0,0.0,0.0,0.0,0.0,0.0,0.0,0.0,0.0,-3.93999981880188,0.0,0.0,0.0,0.0
13.039,0.0,0.0,0.0,datactrl_ref_vx_fallback,datactrl_est_vx_fallback,4.639999866485596,states_theta,7.069801330566406,0.08650052632950248,0.05319483063555798,0.10215618838726183,0.12851188182474474,0.10838604588227421,0.12228202432973237,0.08186203058562103,0.14880603962638556,0.0,0.0,0.0,0.0,0.0,0.0,0.0,0.0,0.0,0.0,0.0,-4.639999866485596,0.0,0.0,0.0,0.0
13.269,0.0,0.0,0.0,datactrl_ref_vx_fallback,datactrl_est_vx_fallback,6.089999675750732,states_theta,7.37056827545166,0.0940005191769451,0.05879063723707471,0.10873414216113231,0.14193390897738795,0.11758332398503517,0.1330847271534851,0.08400288562965581,0.16666516550886443,0.0,0.0,0.0,0.0,0.0,0.0,0.0,0.0,0.0,0.0,0.0,-6.089999675750732,0.0,0.0,0.0,0.0
13.426,0.0,0.0,0.0,datactrl_ref_vx_fallback,datactrl_est_vx_fallback,6.819999694824219,states_theta,7.200422286987305,0.10150051202438773,0.06407818217325661,0.11558487220417062,0.1550831598608633,0.12722346485489602,0.1434445672101379,0.08809238102120985,0.1825756510438241,0.0,0.0,0.0,0.0,0.0,0.0,0.0,0.0,0.0,0.0,0.0,-6.819999694824219,0.0,0.0,0.0,0.0
13.626,0.0,0.0,0.0,datactrl_ref_vx_fallback,datactrl_est_vx_fallback,8.069999694824219,states_theta,6.140453338623047,0.10900050487183036,0.068809419186214,0.12312099946128773,0.1675470135302599,0.13723238840082194,0.15343562459072566,0.09495136370462333,0.19571664928692425,0.0,0.0,0.0,0.0,0.0,0.0,0.0,0.0,0.0,0.0,0.0,-8.069999694824219,0.0,0.0,0.0,0.0
13.677,0.0,0.0,0.0,datactrl_ref_vx_fallback,datactrl_est_vx_fallback,8.609999656677246,states_theta,5.174309253692627,0.10900050487183036,0.068809419186214,0.12312099946128773,0.1675470135302599,0.13723238840082194,0.15343562459072566,0.09495136370462333,0.19571664928692425,0.0,0.0,0.0,0.0,0.0,0.0,0.0,0.0,0.0,0.0,0.0,-8.609999656677246,0.0,0.0,0.0,0.0
13.845,0.0,0.0,0.0,datactrl_ref_vx_fallback,datactrl_est_vx_fallback,9.039999961853027,states_theta,3.931641101837158,0.11650049771927298,0.07260112017684035,0.1322687374451548,0.17839925647290647,0.1475201887936441,0.16314780512441718,0.10640403833663803,0.20426395558142324,0.0,0.0,0.0,0.0,0.0,0.0,0.0,0.0,0.0,0.0,0.0,-9.039999961853027,0.0,0.0,0.0,0.0
14.046,0.0,0.0,0.0,datactrl_ref_vx_fallback,datactrl_est_vx_fallback,9.4399995803833,states_theta,0.7017809152603149,0.12400049056671561,0.0754830975582198,0.1437809738531703,0.18688700099140465,0.1579393278208407,0.17272864702373425,0.12326163146628877,0.20740634337828617,0.0,0.0,0.0,0.0,0.0,0.0,0.0,0.0,0.0,0.0,0.0,-9.4399995803833,0.0,0.0,0.0,0.0
14.236,0.0,0.0,0.0,datactrl_ref_vx_fallback,datactrl_est_vx_fallback,9.109999656677246,states_theta,-3.1538329124450684,0.13150048341415824,0.07801661787863064,0.15776763254808274,0.19290032322300588,0.1684670048474356,0.18220095092365302,0.1447703393131557,0.20589761645793292,0.0,0.0,0.0,0.0,0.0,0.0,0.0,0.0,0.0,0.0,0.0,-9.109999656677246,0.0,0.0,0.0,0.0
14.44,0.0,0.0,0.0,datactrl_ref_vx_fallback,datactrl_est_vx_fallback,8.079999923706055,states_theta,-6.7792487144470215,0.13900047626160086,0.08096540244504066,0.17323211436458028,0.197435822333022,0.1793660267433241,0.19130190995427818,0.16866050117631484,0.20200743552128744,0.0,0.0,0.0,0.0,0.0,0.0,0.0,0.0,0.0,0.0,0.0,-8.079999923706055,0.0,0.0,0.0,0.0
14.64,0.0,0.0,0.0,datactrl_ref_vx_fallback,datactrl_est_vx_fallback,6.319999694824219,states_theta,-9.945859909057617,0.1465004691090435,0.08466413768045532,0.18956305613222235,0.2011048614918936,0.1909521387086408,0.19971577891547515,0.19358908843049538,0.19707882919362057,0.0,0.0,0.0,0.0,0.0,0.0,0.0,0.0,0.0,0.0,0.0,-6.319999694824219,0.0,0.0,0.0,0.0
14.857,0.0,0.0,0.0,datactrl_ref_vx_fallback,datactrl_est_vx_fallback,4.089999675750732,states_theta,-11.632161140441895,0.15400047089718283,0.08906351314739441,0.20490133640592087,0.20576658598656664,0.20334454689722634,0.20732337549526117,0.21551069189704594,0.19515723049544156,0.0,0.0,0.0,0.0,0.0,0.0,0.0,0.0,0.0,0.0,0.0,-4.089999675750732,0.0,0.0,0.0,0.0
15.043,0.0,0.0,0.0,datactrl_ref_vx_fallback,datactrl_est_vx_fallback,1.7699999809265137,states_theta,-11.301488876342773,0.16150046374462546,0.09364301997561544,0.21847738676658715,0.21219051655241403,0.21593030539621919,0.214737597922782,0.23234250496629874,0.19832539835270244,0.0,0.0,0.0,0.0,0.0,0.0,0.0,0.0,0.0,0.0,0.0,-1.7699999809265137,0.0,0.0,0.0,0.0
15.258,0.0,0.0,0.0,datactrl_ref_vx_fallback,datactrl_est_vx_fallback,-0.14000000059604645,states_theta,-9.130334854125977,0.16900045659206808,0.09802747342087875,0.23001599367184336,0.2206518905736715,0.22785176027149945,0.2228161239740154,0.24343758986980785,0.207230294375707,0.0,0.0,0.0,0.0,0.0,0.0,0.0,0.0,0.0,0.0,0.0,0.14000000059604645,0.0,0.0,0.0,0.0
15.466,0.0,0.0,0.0,datactrl_ref_vx_fallback,datactrl_est_vx_fallback,-1.5399999618530273,states_theta,-5.523295879364014,0.1765004494395107,0.10220195032199952,0.2400906713337775,0.230577193838251,0.23882236017755334,0.23184550499447518,0.24981198625724102,0.2208558789147875,0.0,0.0,0.0,0.0,0.0,0.0,0.0,0.0,0.0,0.0,0.0,1.5399999618530273,0.0,0.0,0.0,0.0
15.678,0.0,0.0,0.0,datactrl_ref_vx_fallback,datactrl_est_vx_fallback,-2.1499998569488525,states_theta,-1.4933712482452393,0.18400044228695334,0.10633833831646822,0.24906230336486226,0.24160554273367993,0.24872988675619462,0.24193795934234757,0.25335795229242153,0.23730989380612066,0.0,0.0,0.0,0.0,0.0,0.0,0.0,0.0,0.0,0.0,0.0,2.1499998569488525,0.0,0.0,0.0,0.0
15.895,0.0,0.0,0.0,datactrl_ref_vx_fallback,datactrl_est_vx_fallback,-2.0399999618530273,states_theta,1.7627553939819336,0.19150043513439596,0.11057846769777666,0.2575810939052947,0.25308673311976115,0.2578678000337481,0.25280002699130777,0.2568714865077243,0.2537963405173316,0.0,0.0,0.0,0.0,0.0,0.0,0.0,0.0,0.0,0.0,0.0,2.0399999618530273,0.0,0.0,0.0,0.0
16.095,0.0,0.0,0.0,datactrl_ref_vx_fallback,datactrl_est_vx_fallback,-1.4900000095367432,states_theta,3.404484272003174,0.1990004279818386,0.1149056798041044,0.26621018269721297,0.26445762525435657,0.26685853822422356,0.263809269727346,0.26239993367752124,0.2682678742740483,0.0,0.0,0.0,0.0,0.0,0.0,0.0,0.0,0.0,0.0,0.0,1.4900000095367432,0.0,0.0,0.0,0.0
16.315,0.0,0.0,0.0,datactrl_ref_vx_fallback,datactrl_est_vx_fallback,-0.7599999904632568,states_theta,3.6251707077026367,0.20650042082928122,0.11924773210334218,0.2752330314968657,0.27543475738121753,0.2758316169423494,0.2748361719357338,0.27051067187404726,0.28015711700403595,0.0,0.0,0.0,0.0,0.0,0.0,0.0,0.0,0.0,0.0,0.0,0.7599999904632568,0.0,0.0,0.0,0.0
16.519,0.0,0.0,0.0,datactrl_ref_vx_fallback,datactrl_est_vx_fallback,-0.11999999731779099,states_theta,2.5435009002685547,0.21400041367672384,0.12356955399037339,0.2848577634797867,0.2858100063248102,0.2851882542444342,0.28547951556016266,0.28134372343399133,0.28932404637060555,0.0,0.0,0.0,0.0,0.0,0.0,0.0,0.0,0.0,0.0,0.0,0.11999999731779099,0.0,0.0,0.0,0.0
16.724,0.0,0.0,0.0,datactrl_ref_vx_fallback,datactrl_est_vx_fallback,0.19999998807907104,states_theta,1.14078688621521,0.22150040652416647,0.12788846452164288,0.2950410819300515,0.29562666880105903,0.29487115649261586,0.2957965942384947,0.2931058403041644,0.29756191042694613,0.0,0.0,0.0,0.0,0.0,0.0,0.0,0.0,0.0,0.0,0.0,-0.19999998807907104,0.0,0.0,0.0,0.0
16.939,0.0,0.0,0.0,datactrl_ref_vx_fallback,datactrl_est_vx_fallback,0.28999999165534973,states_theta,0.1099892407655716,0.2290003993716091,0.13221396641459052,0.3051736689160241,0.3054940627416001,0.30508765178281777,0.30558007987480645,0.3046496440582736,0.3060180875993506,0.0,0.0,0.0,0.0,0.0,0.0,0.0,0.0,0.0,0.0,0.0,-0.28999999165534973,0.0,0.0,0.0,0.0
17.139,0.0,0.0,0.0,datactrl_ref_vx_fallback,datactrl_est_vx_fallback,0.22999998927116394,states_theta,-0.48486068844795227,0.23650039221905172,0.136543653967832,0.31532882764354453,0.31533888494059337,0.31518121029979485,0.31548650228434305,0.3156054008400204,0.3150623117441175,0.0,0.0,0.0,0.0,0.0,0.0,0.0,0.0,0.0,0.0,0.0,-0.22999998927116394,0.0,0.0,0.0,0.0
17.334,0.0,0.0,0.0,datactrl_ref_vx_fallback,datactrl_est_vx_fallback,0.11999999731779099,states_theta,-0.5367981791496277,0.24400038506649435,0.14087400852776935,0.32543501681017867,0.3252326767004729,0.3252893223380298,0.32537837117262175,0.3259246203676747,0.32474307314297685,0.0,0.0,0.0,0.0,0.0,0.0,0.0,0.0,0.0,0.0,0.0,-0.11999999731779099,0.0,0.0,0.0,0.0
17.546,0.0,0.0,0.0,datactrl_ref_vx_fallback,datactrl_est_vx_fallback,0.03999999910593033,states_theta,-0.35652005672454834,0.251500377913937,0.14520404052588884,0.3354841216674035,0.33518355276976175,0.3353125261911795,0.3353551482459857,0.33582750998091154,0.3348401644562537,0.0,0.0,0.0,0.0,0.0,0.0,0.0,0.0,0.0,0.0,0.0,-0.03999999910593033,0.0,0.0,0.0,0.0
17.755,0.0,0.0,0.0,datactrl_ref_vx_fallback,datactrl_est_vx_fallback,0.0,datactrl_est_theta_fallback,-0.16589555144309998,0.2590003707613796,0.14953399798044165,0.3455161988884936,0.3451514564751853,0.34531157457530537,0.34535608078837354,0.3455413067370593,0.3451263486266196,0.0,0.0,0.0,0.0,0.0,0.0,0.0,0.0,0.0,0.0,0.0,0.0,0.0,0.0,0.0,0.0
17.959,0.0,0.0,0.0,datactrl_ref_vx_fallback,datactrl_est_vx_fallback,-0.009999999776482582,states_theta,-0.05396844446659088,0.26650036360882223,0.15386414271575524,0.3555078211903382,0.3551598150998544,0.35527920246557204,0.35538843382462054,0.3556033668526088,0.3550642694375838,0.0,0.0,0.0,0.0,0.0,0.0,0.0,0.0,0.0,0.0,0.0,0.009999999776482582,0.0,0.0,0.0,0.0
18.174,0.0,0.0,0.0,datactrl_ref_vx_fallback,datactrl_est_vx_fallback,-0.029999999329447746,states_theta,-0.05402001738548279,0.27400035645626486,0.15819432214613705,0.36555581164893464,0.3651118055677716,0.3652514798122081,0.36541613740449813,0.3656864975773249,0.36498111963938135,0.0,0.0,0.0,0.0,0.0,0.0,0.0,0.0,0.0,0.0,0.0,0.029999999329447746,0.0,0.0,0.0,0.0
18.373,0.0,0.0,0.0,datactrl_ref_vx_fallback,datactrl_est_vx_fallback,-0.029999999329447746,states_theta,-0.004181895405054092,0.2815003493037075,0.16252436227063702,0.37554628578379656,0.37512131235942336,0.37525038485100976,0.3754172132922102,0.375494027746408,0.37517357039681193,0.0,0.0,0.0,0.0,0.0,0.0,0.0,0.0,0.0,0.0,0.0,0.029999999329447746,0.0,0.0,0.0,0.0
18.577,0.0,0.0,0.0,datactrl_ref_vx_fallback,datactrl_est_vx_fallback,-0.029999999329447746,states_theta,0.039013493806123734,0.2890003421511501,0.1668545002790059,0.3856002183088858,0.3850673607608478,0.385224533789469,0.3854430452802646,0.38546461132894977,0.38520296774078383,0.0,0.0,0.0,0.0,0.0,0.0,0.0,0.0,0.0,0.0,0.0,0.029999999329447746,0.0,0.0,0.0,0.0
18.79,0.0,0.0,0.0,datactrl_ref_vx_fallback,datactrl_est_vx_fallback,-0.019999999552965164,states_theta,0.03901445493102074,0.29650033499859274,0.17118462152148112,0.39560020878174695,0.3950673512145003,0.39519681150960956,0.3954707484866377,0.39543688889066547,0.3952306711055818,0.0,0.0,0.0,0.0,0.0,0.0,0.0,0.0,0.0,0.0,0.0,0.019999999552965164,0.0,0.0,0.0,0.0
18.983,0.0,0.0,0.0,datactrl_ref_vx_fallback,datactrl_est_vx_fallback,-0.009999999776482582,states_theta,0.03901445493102074,0.30400034572742873,0.17551475292642943,0.40560022308686167,0.40506736551961503,0.40519682581472427,0.4054707627917524,0.4054369031957802,0.4052306854106965,0.0,0.0,0.0,0.0,0.0,0.0,0.0,0.0,0.0,0.0,0.0,0.009999999776482582,0.0,0.0,0.0,0.0
19.063,0.0,0.0,0.0,datactrl_ref_vx_fallback,datactrl_est_vx_fallback,-0.009999999776482582,states_theta,0.03901445493102074,0.3077503600325435,0.1776798262247366,0.410600242160348,0.4100673845931014,0.41016913207394745,0.41049849467950195,0.41040920945500337,0.41025841729844603,0.0,0.0,0.0,0.0,0.0,0.0,0.0,0.0,0.0,0.0,0.0,0.009999999776482582,0.0,0.0,0.0,0.0
19.181,0.0,0.0,0.0,datactrl_ref_vx_fallback,datactrl_est_vx_fallback,0.0,datactrl_est_theta_fallback,0.03901445493102074,0.3115003743376583,0.17984489711424387,0.41560026123383437,0.41506740366658773,0.4151691511474338,0.4154985137529883,0.4154092285284897,0.4152584363719324,0.0,0.0,0.0,0.0,0.0,0.0,0.0,0.0,0.0,0.0,0.0,0.0,0.0,0.0,0.0,0.0
19.243,0.0,0.0,0.0,datactrl_ref_vx_fallback,datactrl_est_vx_fallback,0.0,datactrl_est_theta_fallback,0.03901445493102074,0.3115003743376583,0.17984489711424387,0.41560026123383437,0.41506740366658773,0.4151691511474338,0.4154985137529883,0.4154092285284897,0.4152584363719324,0.0,0.0,0.0,0.0,0.0,0.0,0.0,0.0,0.0,0.0,0.0,0.0,0.0,0.0,0.0,0.0
19.398,0.0,0.0,0.0,datactrl_ref_vx_fallback,datactrl_est_vx_fallback,0.0,datactrl_est_theta_fallback,0.03901445493102074,0.3190004029478878,0.18417505809942053,0.42562429937749896,0.42504344181686843,0.42514147648530515,0.42552626470906224,0.42543697948456366,0.42523076170980373,0.0,0.0,0.0,0.0,0.0,0.0,0.0,0.0,0.0,0.0,0.0,0.0,0.0,0.0,0.0,0.0
19.587,0.0,0.0,0.0,datactrl_ref_vx_fallback,datactrl_est_vx_fallback,0.0,datactrl_est_theta_fallback,0.03901445493102074,0.32650043155811725,0.1885052054601786,0.4356542752690583,0.43501354221925437,0.4351437395626013,0.4355240779257114,0.4353793670726864,0.4352884504156263,0.0,0.0,0.0,0.0,0.0,0.0,0.0,0.0,0.0,0.0,0.0,0.0,0.0,0.0,0.0,0.0
19.794,0.0,0.0,0.0,datactrl_ref_vx_fallback,datactrl_est_vx_fallback,0.009999999776482582,states_theta,0.03901445493102074,0.3340004601683467,0.19283534689970008,0.44565431341603096,0.445013580366227,0.4451437777095739,0.44552411607268405,0.445379405219659,0.44528848856259895,0.0,0.0,0.0,0.0,0.0,0.0,0.0,0.0,0.0,0.0,0.0,-0.009999999776482582,0.0,0.0,0.0,0.0
19.873,0.0,0.0,0.0,datactrl_ref_vx_fallback,datactrl_est_vx_fallback,0.009999999776482582,states_theta,0.03901445493102074,0.3340004601683467,0.19283534689970008,0.44565431341603096,0.445013580366227,0.4451437777095739,0.44552411607268405,0.445379405219659,0.44528848856259895,0.0,0.0,0.0,0.0,0.0,0.0,0.0,0.0,0.0,0.0,0.0,-0.009999999776482582,0.0,0.0,0.0,0.0
20.076,0.0,0.0,0.0,datactrl_ref_vx_fallback,datactrl_est_vx_fallback,0.019999999552965164,states_theta,0.03901445493102074,0.345250503083691,0.19933058942481913,0.4606736445442053,0.4599943636789707,0.460063037673083,0.460604970550093,0.46034940844001515,0.4603185997831608,0.0,0.0,0.0,0.0,0.0,0.0,0.0,0.0,0.0,0.0,0.0,-0.019999999552965164,0.0,0.0,0.0,0.0
20.262,0.0,0.0,0.0,datactrl_ref_vx_fallback,datactrl_est_vx_fallback,0.029999999329447746,states_theta,0.03901445493102074,0.35275053169392045,0.2036606406285472,0.47041912814224696,0.4702489563748743,0.47024360326558284,0.4704244812515384,0.4701689191414606,0.47049916537566067,0.0,0.0,0.0,0.0,0.0,0.0,0.0,0.0,0.0,0.0,0.0,-0.029999999329447746,0.0,0.0,0.0,0.0
20.48,0.0,0.0,0.0,datactrl_ref_vx_fallback,datactrl_est_vx_fallback,0.03999999910593033,states_theta,0.03901445493102074,0.3602505603041499,0.20799079822541117,0.48037117753541,0.48029698327565656,0.4802714671558995,0.480396693655167,0.48008570591656274,0.4805824548945038,0.0,0.0,0.0,0.0,0.0,0.0,0.0,0.0,0.0,0.0,0.0,-0.03999999910593033,0.0,0.0,0.0,0.0
20.668,0.0,0.0,0.0,datactrl_ref_vx_fallback,datactrl_est_vx_fallback,0.04999999701976776,states_theta,0.03901445493102074,0.3640005746092647,0.2101558958996522,0.4853231966261295,0.48534500233190975,0.4852991990081672,0.48536899994987204,0.4850025865930653,0.48566561236497396,0.0,0.0,0.0,0.0,0.0,0.0,0.0,0.0,0.0,0.0,0.0,-0.04999999701976776,0.0,0.0,0.0,0.0
20.728,0.0,0.0,0.0,datactrl_ref_vx_fallback,datactrl_est_vx_fallback,0.04999999701976776,states_theta,0.03901445493102074,0.3677505889143795,0.21232097822369825,0.4902992156984536,0.49036902140655836,0.4903269308959167,0.4903413062090952,0.48997489285228846,0.4906933442527235,0.0,0.0,0.0,0.0,0.0,0.0,0.0,0.0,0.0,0.0,0.0,-0.04999999701976776,0.0,0.0,0.0,0.0
20.895,0.0,0.0,0.0,datactrl_ref_vx_fallback,datactrl_est_vx_fallback,0.04999999701976776,states_theta,-0.05372738093137741,0.3752506175246089,0.21665104853211029,0.5002587411729315,0.5004095722260257,0.5003531924126913,0.5003151209862658,0.500334664072614,0.5003336493263432,0.0,0.0,0.0,0.0,0.0,0.0,0.0,0.0,0.0,0.0,0.0,-0.04999999701976776,0.0,0.0,0.0,0.0
21.077,0.0,0.0,0.0,datactrl_ref_vx_fallback,datactrl_est_vx_fallback,0.029999999329447746,states_theta,-0.1200450211763382,0.37900063182972366,0.21881612172919057,0.5052591460640259,0.5054092054819039,0.5053808207925613,0.5052875307533685,0.5053625675732415,0.5053057839726883,0.0,0.0,0.0,0.0,0.0,0.0,0.0,0.0,0.0,0.0,0.0,-0.029999999329447746,0.0,0.0,0.0,0.0
21.127,0.0,0.0,0.0,datactrl_ref_vx_fallback,datactrl_est_vx_fallback,0.009999999776482582,states_theta,-0.12004448473453522,0.38275064613483845,0.22098120508984553,0.5102291300881087,0.5104392596047939,0.5104062328912083,0.5102621568016942,0.5104480437655822,0.5102203459273204,0.0,0.0,0.0,0.0,0.0,0.0,0.0,0.0,0.0,0.0,0.0,-0.009999999776482582,0.0,0.0,0.0,0.0
21.274,0.0,0.0,0.0,datactrl_ref_vx_fallback,datactrl_est_vx_fallback,0.0,datactrl_est_theta_fallback,-0.12004449963569641,0.39025067474506797,0.2253113575615645,0.5202051681766426,0.5204632978102053,0.5204616967008141,0.5202067692860338,0.5204480819107103,0.5202203840761376,0.0,0.0,0.0,0.0,0.0,0.0,0.0,0.0,0.0,0.0,0.0,0.0,0.0,0.0,0.0,0.0
21.457,0.0,0.0,0.0,datactrl_ref_vx_fallback,datactrl_est_vx_fallback,-0.009999999776482582,states_theta,-0.12004449963569641,0.3977507033552974,0.2296415276757468,0.5301511770251306,0.5305173652556625,0.5305148439932539,0.5301536982875392,0.5305058621692684,0.5301626801115247,0.0,0.0,0.0,0.0,0.0,0.0,0.0,0.0,0.0,0.0,0.0,0.009999999776482582,0.0,0.0,0.0,0.0
21.538,0.0,0.0,0.0,datactrl_ref_vx_fallback,datactrl_est_vx_fallback,-0.019999999552965164,states_theta,-0.12004449963569641,0.4015007176604122,0.23180662946880085,0.5351271960974546,0.5355413843303112,0.5355980015095299,0.535070578918236,0.5355335940570181,0.5351349863707477,0.0,0.0,0.0,0.0,0.0,0.0,0.0,0.0,0.0,0.0,0.0,0.019999999552965164,0.0,0.0,0.0,0.0
21.65,0.0,0.0,0.0,datactrl_ref_vx_fallback,datactrl_est_vx_fallback,-0.03999999910593033,states_theta,-0.12004449963569641,0.40525073196552697,0.23397171500917374,0.540127215170941,0.5405414034037975,0.5406257333921174,0.5400428851826211,0.5405613259396056,0.5401072926351329,0.0,0.0,0.0,0.0,0.0,0.0,0.0,0.0,0.0,0.0,0.0,0.03999999910593033,0.0,0.0,0.0,0.0
21.855,0.0,0.0,0.0,datactrl_ref_vx_fallback,datactrl_est_vx_fallback,-0.05999999865889549,states_theta,-0.12004449963569641,0.4127507605757564,0.23830190327282802,0.5500733155721645,0.5505953792965191,0.5506789722476167,0.5499897226210669,0.550619014655752,0.5500496802129317,0.0,0.0,0.0,0.0,0.0,0.0,0.0,0.0,0.0,0.0,0.0,0.05999999865889549,0.0,0.0,0.0,0.0
22.054,0.0,0.0,0.0,datactrl_ref_vx_fallback,datactrl_est_vx_fallback,-0.07999999821186066,states_theta,0.00573873333632946,0.4202507891859859,0.24263198415240736,0.5600794306199757,0.5605893405426534,0.5602833262497692,0.5603854449128599,0.5606234828947222,0.5600452882679069,0.0,0.0,0.0,0.0,0.0,0.0,0.0,0.0,0.0,0.0,0.0,0.07999999821186066,0.0,0.0,0.0,0.0
22.258,0.0,0.0,0.0,datactrl_ref_vx_fallback,datactrl_est_vx_fallback,-0.05999999865889549,states_theta,0.10723157227039337,0.42775081779621543,0.24696211795823228,0.5700475340345402,0.5706213134220343,0.5701975422370436,0.5704713052195309,0.570517771256813,0.5701510761997615,0.0,0.0,0.0,0.0,0.0,0.0,0.0,0.0,0.0,0.0,0.0,0.05999999865889549,0.0,0.0,0.0,0.0
22.445,-0.016662219306454062,0.009999999776482582,-0.026662219082936645,datactrl_ref_vx_fallback,states_vx_gs,-0.03999999910593033,states_theta,0.10703965276479721,0.42816682151865293,0.24720231847174062,0.5705723630195444,0.5712058276968633,0.5707376662394512,0.5710405244769565,0.5711179662428676,0.5706602244735401,0.0,0.0,0.0,-0.0033311096485704184,-0.013331109657883644,0.0,0.0,0.0,0.0,0.0,0.025590665638446808,0.06559066474437714,0.0,0.0,0.0,0.0
22.624,-0.01669254503212869,0.009999999776482582,-0.026692544808611274,datactrl_ref_vx_fallback,states_vx_gs,-0.019999999552965164,states_theta,0.1285293847322464,0.42187161991149175,0.24356773679924945,0.5622875928591684,0.5627033935714763,0.562340640415936,0.5626503460147086,0.5626278579564522,0.5623631284741925,0.0,0.0,0.0,-0.003346272511407733,-0.013346272520720959,0.0,0.0,0.0,0.0,0.0,0.02561977319419384,0.04561977460980415,0.0,0.0,0.0,0.0
22.834,-0.01669254503212869,0.009999999776482582,-0.026692544808611274,datactrl_ref_vx_fallback,states_vx_gs,0.0267797838896513,datactrl_est_theta_fallback,0.08723361045122147,0.4024023989040021,0.23232713741133584,0.5365961305967367,0.5364769331472689,0.5365934959810904,0.5364795677629152,0.5365084402773069,0.5365646234666986,0.0,0.0,0.0,-0.003346272511407733,-0.013346272520720959,0.0,0.0,0.0,0.0,0.0,0.0267797838896513,0.0267797838896513,0.0,0.0,0.0,0.0
22.922,-0.01669254503212869,0.009999999776482582,-0.026692544808611274,datactrl_ref_vx_fallback,states_vx_gs,0.02746214158833027,datactrl_est_theta_fallback,0.057469118386507034,0.39697731262762864,0.22919496653204002,0.5292742648940276,0.5293319021129821,0.5293765778547126,0.5292295891522971,0.5292090206458633,0.5293971463611464,0.0,0.0,0.0,-0.003346272511407733,-0.013346272520720959,0.0,0.0,0.0,0.0,0.0,0.02746214158833027,0.02746214158833027,0.0,0.0,0.0,0.0
23.015,-0.01669254503212869,0.009999999776482582,-0.026692544808611274,datactrl_ref_vx_fallback,states_vx_gs,0.009999999776482582,states_theta,0.0570174865424633,0.39273747514781077,0.22674708772981336,0.5236546576447115,0.5236452760827838,0.5236138259928753,0.52368610773462,0.5236493857439313,0.523650547983564,0.0,0.0,0.0,-0.003346272511407733,-0.013346272520720959,0.0,0.0,0.0,0.0,0.0,0.02814450114965439,0.018144501373171806,0.0,0.0,0.0,0.0
23.21,-0.016691662138327956,0.009999999776482582,-0.02669166191481054,datactrl_ref_vx_fallback,states_vx_gs,0.019999999552965164,states_theta,0.06758733093738556,0.3870942174487654,0.22348895872366656,0.5162037658217364,0.5160474807083046,0.5160375262342097,0.5162137202958313,0.5161496061650891,0.516101640364952,0.0,0.0,0.0,-0.0033458310645073652,-0.013345831073820591,0.0,0.0,0.0,0.0,0.0,0.029508333653211594,0.00950833410024643,0.0,0.0,0.0,0.0
23.409,-0.023353001102805138,0.009999999776482582,-0.03335300087928772,datactrl_ref_vx_fallback,states_vx_gs,0.029999999329447746,states_theta,0.030038146302103996,0.38486435527094254,0.22220154557487057,0.5132100124357836,0.5130949349533965,0.5130777826056409,0.5132271647835392,0.5131015834013996,0.5132033639877805,0.0,0.0,0.0,-0.006676500663161278,-0.01667650043964386,0.0,0.0,0.0,0.0,0.0,0.03738580644130707,0.007385806180536747,0.0,0.0,0.0,0.0
23.602,-0.013381549157202244,-0.006690774578601122,-0.006690774578601122,datactrl_ref_vx_fallback,datactrl_est_vx_fallback,0.029999999329447746,states_theta,0.003540589939802885,0.38523258446184877,0.2224141467081596,0.5135448081145664,0.513742083783697,0.5137330918398058,0.5135538000584576,0.5136695800824327,0.5136173118158307,0.0,0.0,0.0,-0.006690774578601122,-0.006690774578601122,0.0,0.0,0.0,0.0,0.0,0.01905433088541031,-0.010945669375360012,0.0,0.0,0.0,0.0
23.809,-0.013379777781665325,-0.006689888890832663,-0.006689888890832663,datactrl_ref_vx_fallback,datactrl_est_vx_fallback,0.019999999552965164,states_theta,-0.060603067278862,0.38681907314547137,0.22333009875447615,0.5157487355614525,0.5157687928264711,0.5156972298442078,0.5158202985437158,0.5157906941890099,0.5157268341989137,0.0,0.0,0.0,-0.006689888890832663,-0.006689888890832663,0.0,0.0,0.0,0.0,0.0,0.019770918413996696,-0.00022908033861313015,0.0,0.0,0.0,0.0
24.084,-0.013379777781665325,-0.006689888890832663,-0.006689888890832663,datactrl_ref_vx_fallback,datactrl_est_vx_fallback,0.019999999552965164,states_theta,0.011875182390213013,0.38872641475171466,0.22443130062049968,0.5183122698211118,0.5182915028501274,0.5183050459623797,0.5182987267088595,0.5182765734882295,0.5183271991830096,0.0,0.0,0.0,-0.006689888890832663,-0.006689888890832663,0.0,0.0,0.0,0.0,0.0,0.02079702727496624,0.0007970276055857539,0.0,0.0,0.0,0.0
24.242,-0.013379777781665325,-0.006689888890832663,-0.006689888890832663,datactrl_ref_vx_fallback,datactrl_est_vx_fallback,0.019999999552965164,states_theta,0.012003535404801369,0.3909025627591055,0.22568770051639916,0.5212334062081458,0.5211734278161355,0.5211852802728217,0.5212215537514596,0.5212040316716618,0.5212028023526195,0.0,0.0,0.0,-0.006689888890832663,-0.006689888890832663,0.0,0.0,0.0,0.0,0.0,0.02113906294107437,0.001139063504524529,0.0,0.0,0.0,0.0
24.442,-0.013379777781665325,-0.006689888890832663,-0.006689888890832663,datactrl_ref_vx_fallback,datactrl_est_vx_fallback,0.019999999552965164,states_theta,-0.006127075292170048,0.3916188463974686,0.2261012554254542,0.5220979427554342,0.5222189809711486,0.5222487949410518,0.522068128785531,0.522091188838775,0.5222257348878078,0.0,0.0,0.0,-0.006689888890832663,-0.006689888890832663,0.0,0.0,0.0,0.0,0.0,0.021823134273290634,0.0018231355352327228,0.0,0.0,0.0,0.0
24.634,-0.013407433405518532,-0.006703716702759266,-0.006703716702759266,datactrl_ref_vx_fallback,datactrl_est_vx_fallback,0.019999999552965164,states_theta,0.002792296465486288,0.3901871606213465,0.2252746631102886,0.5202817666552343,0.520217328335023,0.5202283189943655,0.5202707759958918,0.5202603839145745,0.5202387110756828,0.0,0.0,0.0,-0.006703716702759266,-0.006703716702759266,0.0,0.0,0.0,0.0,0.0,0.02253502421081066,0.00253502419218421,0.0,0.0,0.0,0.0
24.824,-0.013407433405518532,-0.006703716702759266,-0.006703716702759266,datactrl_ref_vx_fallback,datactrl_est_vx_fallback,0.029999999329447746,states_theta,0.012801749631762505,0.3896322465873887,0.22495429003377254,0.5195131986045897,0.5195061256284469,0.5196257135385374,0.5193936106944992,0.5195224543454195,0.519496869887617,0.0,0.0,0.0,-0.006703716702759266,-0.006703716702759266,0.0,0.0,0.0,0.0,0.0,0.02322050929069519,-0.0067794895730912685,0.0,0.0,0.0,0.0
25.029,-0.020067013800144196,-0.010033506900072098,-0.010033506900072098,datactrl_ref_vx_fallback,datactrl_est_vx_fallback,0.019999999552965164,states_theta,-0.0725952759385109,0.3896175153428607,0.22494581017601717,0.5194329416799546,0.5195470992343407,0.5197259678285451,0.5192540730857502,0.5195008788326818,0.5194791620816135,0.0,0.0,0.0,-0.010033506900072098,-0.010033506900072098,0.0,0.0,0.0,0.0,0.0,0.030434055253863335,0.010434054769575596,0.0,0.0,0.0,0.0
25.302,-0.020067013800144196,-0.010033506900072098,-0.010033506900072098,datactrl_ref_vx_fallback,datactrl_est_vx_fallback,0.031973011791706085,datactrl_est_theta_fallback,-0.008778107352554798,0.3894183896133009,0.2248308351716486,0.5191492730574119,0.5192997659113905,0.5194137373917073,0.5190353015770951,0.5192337459340582,0.5192152930347441,0.0,0.0,0.0,-0.010033506900072098,-0.010033506900072098,0.0,0.0,0.0,0.0,0.0,0.031973011791706085,0.031973011791706085,0.0,0.0,0.0,0.0
25.463,-0.020067013800144196,-0.010033506900072098,-0.010033506900072098,datactrl_ref_vx_fallback,datactrl_est_vx_fallback,0.032485999166965485,datactrl_est_theta_fallback,0.012229220010340214,0.3891902100958343,0.2246990887938811,0.5188441020267944,0.5189964582287638,0.5190726699683731,0.5187678902871852,0.51893242573114,0.5189081345244183,0.0,0.0,0.0,-0.010033506900072098,-0.010033506900072098,0.0,0.0,0.0,0.0,0.0,0.032485999166965485,0.032485999166965485,0.0,0.0,0.0,0.0
25.659,-0.020067013800144196,-0.010033506900072098,-0.010033506900072098,datactrl_ref_vx_fallback,datactrl_est_vx_fallback,0.009999999776482582,states_theta,0.028009872883558273,0.38479405923941856,0.22216095435666033,0.5130421778661097,0.5130753134390064,0.5130337930936075,0.5130836982115086,0.5130759965806095,0.5130414947245066,0.0,0.0,0.0,-0.010033506900072098,-0.010033506900072098,0.0,0.0,0.0,0.0,0.0,0.033511970192193985,0.023511972278356552,0.0,0.0,0.0,0.0
25.867,-0.020067013800144196,-0.010033506900072098,-0.010033506900072098,datactrl_ref_vx_fallback,datactrl_est_vx_fallback,0.019999999552965164,states_theta,0.08815548568964005,0.38276290835700627,0.22098827063954485,0.5103694447628243,0.5103316441891924,0.5102906360922713,0.5104104528597454,0.5103303065670984,0.5103707823849183,0.0,0.0,0.0,-0.010033506900072098,-0.010033506900072098,0.0,0.0,0.0,0.0,0.0,0.034537944942712784,0.014537944458425045,0.0,0.0,0.0,0.0
26.058,-0.020067013800144196,-0.010033506900072098,-0.010033506900072098,datactrl_ref_vx_fallback,datactrl_est_vx_fallback,0.029999999329447746,states_theta,-0.022403918206691742,0.381544549042076,0.22028485736736222,0.5087211315261905,0.5087309992526788,0.5088475787838561,0.5086045519950132,0.5087653925672849,0.5086867382115844,0.0,0.0,0.0,-0.010033506900072098,-0.010033506900072098,0.0,0.0,0.0,0.0,0.0,0.035563915967941284,0.005563916638493538,0.0,0.0,0.0,0.0
26.249,-0.020067013800144196,-0.010033506900072098,-0.010033506900072098,datactrl_ref_vx_fallback,datactrl_est_vx_fallback,0.019999999552965164,states_theta,-0.004551487043499947,0.38107204714737597,0.2200120504648572,0.5080864850662609,0.5081056406600751,0.5081410499331068,0.5080510757932292,0.5081175254715916,0.5080746002547444,0.0,0.0,0.0,-0.010033506900072098,-0.010033506900072098,0.0,0.0,0.0,0.0,0.0,0.036589886993169785,0.01658988930284977,0.0,0.0,0.0,0.0
26.457,-0.020067013800144196,-0.010033506900072098,-0.010033506900072098,datactrl_ref_vx_fallback,datactrl_est_vx_fallback,0.029999999329447746,states_theta,0.08760485053062439,0.3801110737120846,0.21945723185961338,0.5067923954217115,0.5068371344771807,0.5068526287678735,0.5067769011310187,0.5068218218761732,0.506807708022719,0.0,0.0,0.0,-0.010033506900072098,-0.010033506900072098,0.0,0.0,0.0,0.0,0.0,0.03761586174368858,0.0076158614829182625,0.0,0.0,0.0,0.0
26.678,-0.020093783736228943,-0.010046891868114471,-0.010046891868114471,datactrl_ref_vx_fallback,datactrl_est_vx_fallback,0.029999999329447746,states_theta,0.017682429403066635,0.3810048147672639,0.21997323498294738,0.5080339654687641,0.5079788739106063,0.5079447644999232,0.5080680748794472,0.5080128126655717,0.5080000267137986,0.0,0.0,0.0,-0.010046891868114471,-0.010046891868114471,0.0,0.0,0.0,0.0,0.0,0.038668759167194366,0.00866875983774662,0.0,0.0,0.0,0.0
26.878,-0.020093783736228943,-0.010046891868114471,-0.010046891868114471,datactrl_ref_vx_fallback,datactrl_est_vx_fallback,0.03999999910593033,states_theta,-0.0005992974620312452,0.38169140168040383,0.2203696418829084,0.5088612439112643,0.508982493903146,0.5090213669564176,0.5088223708579926,0.508887370336806,0.5089563674776043,0.0,0.0,0.0,-0.010046891868114471,-0.010046891868114471,0.0,0.0,0.0,0.0,0.0,0.0396961010992527,-0.0003038994036614895,0.0,0.0,0.0,0.0
27.063,-0.020093783736228943,-0.010046891868114471,-0.010046891868114471,datactrl_ref_vx_fallback,datactrl_est_vx_fallback,0.03999999910593033,states_theta,0.019647974520921707,0.38219213185209516,0.22065876440228402,0.5096211258071219,0.5095578924651318,0.5093685300937513,0.5098104881785025,0.5096921376927185,0.5094868805795353,0.0,0.0,0.0,-0.010046891868114471,-0.010046891868114471,0.0,0.0,0.0,0.0,0.0,0.04072343930602074,0.0007234415388666093,0.0,0.0,0.0,0.0
27.242,-0.013407433405518532,-0.006703716702759266,-0.006703716702759266,datactrl_ref_vx_fallback,datactrl_est_vx_fallback,0.03999999910593033,states_theta,-0.008461237885057926,0.3827685251424307,0.22099152086906898,0.5103788903013442,0.5103371767451377,0.5102686720943035,0.5104473949521784,0.5104527823717939,0.510263284674688,0.0,0.0,0.0,-0.006703716702759266,-0.006703716702759266,0.0,0.0,0.0,0.0,0.0,0.03502541780471802,-0.004974581301212311,0.0,0.0,0.0,0.0
27.432,-0.013407433405518532,-0.006703716702759266,-0.006703716702759266,datactrl_ref_vx_fallback,datactrl_est_vx_fallback,0.03999999910593033,states_theta,-0.03971993178129196,0.38388161587780195,0.22163415479184925,0.5118413542750432,0.5118429547324287,0.5118717893895052,0.5118125196179667,0.5118497078501297,0.5118346011573421,0.0,0.0,0.0,-0.006703716702759266,-0.006703716702759266,0.0,0.0,0.0,0.0,0.0,0.035710904747247696,-0.004289095290005207,0.0,0.0,0.0,0.0
27.642,-0.013404778204858303,-0.0067023891024291515,-0.0067023891024291515,datactrl_ref_vx_fallback,datactrl_est_vx_fallback,0.03999999910593033,states_theta,0.031509879976511,0.3841292471798728,0.2217771310683383,0.5121471647169711,0.5121974944293564,0.5120927170847615,0.512251942061566,0.5121008950420934,0.512243764104234,0.0,0.0,0.0,-0.0067023891024291515,-0.0067023891024291515,0.0,0.0,0.0,0.0,0.0,0.03639372065663338,-0.003606280079111457,0.0,0.0,0.0,0.0
27.845,-0.003404778428375721,-0.009999999776482582,0.006595221348106861,datactrl_ref_vx_fallback,states_vx_gs,0.03999999910593033,states_theta,-0.07678817212581635,0.3846003238506509,0.22204910699384972,0.5127714414717385,0.5128294221299973,0.5128787851031986,0.5127220784985371,0.5128678559649107,0.5127330076368251,0.0,0.0,0.0,-0.0067023891024291515,0.0032976106740534306,0.0,0.0,0.0,0.0,0.0,0.017064830288290977,-0.02293516881763935,0.0,0.0,0.0,0.0
28.049,-0.003404778428375721,-0.009999999776482582,0.006595221348106861,datactrl_ref_vx_fallback,states_vx_gs,0.019999999552965164,states_theta,-0.08019581437110901,0.38496079143551754,0.22225722292873945,0.51329941783771,0.5132626926570033,0.5131867731866893,0.5133753373080241,0.513235308008704,0.5133268024860094,0.0,0.0,0.0,-0.0067023891024291515,0.0032976106740534306,0.0,0.0,0.0,0.0,0.0,0.016727635636925697,-0.003272364381700754,0.0,0.0,0.0,0.0
28.245,-0.003404778428375721,-0.009999999776482582,0.006595221348106861,datactrl_ref_vx_fallback,states_vx_gs,0.029999999329447746,states_theta,0.08811169862747192,0.385583340300181,0.22261667249917666,0.5141491117650544,0.5140731290354282,0.513933635302077,0.5142886054984056,0.5139867631518128,0.5142354776486698,0.0,0.0,0.0,-0.0067023891024291515,0.0032976106740534306,0.0,0.0,0.0,0.0,0.0,0.016390439122915268,-0.013609560206532478,0.0,0.0,0.0,0.0
28.445,0.0032574611250311136,-0.009999999776482582,0.013257460901513696,datactrl_ref_vx_fallback,states_vx_gs,0.03999999910593033,states_theta,0.019419290125370026,0.38558373905394167,0.22261688862069706,0.514134507629829,0.5140887965140154,0.5142108286204509,0.5140124755233936,0.514225411397328,0.5139978927465164,0.0,0.0,0.0,-0.0033712692093104124,0.006628730334341526,0.0,0.0,0.0,0.0,0.0,0.009522509761154652,-0.03047749027609825,0.0,0.0,0.0,0.0
28.644,0.0032842280343174934,-0.009999999776482582,0.013284227810800076,datactrl_ref_vx_fallback,states_vx_gs,0.009999999776482582,states_theta,-0.14568586647510529,0.3861110173541864,0.22292133481016876,0.5148156480124196,0.5148137315987441,0.5150263275196969,0.5146030520914668,0.5149474792483506,0.5146819003628131,0.0,0.0,0.0,-0.0033578858710825443,0.006642113905400038,0.0,0.0,0.0,0.0,0.0,0.008817768655717373,-0.0011822308879345655,0.0,0.0,0.0,0.0
28.865,0.0032842280343174934,-0.009999999776482582,0.013284227810800076,datactrl_ref_vx_fallback,states_vx_gs,0.008138582110404968,datactrl_est_theta_fallback,-0.03706178069114685,0.3864295885998056,0.22310524125042,0.5152228256421713,0.5152560772906437,0.5151494998869492,0.5153294030458657,0.5151088169595326,0.5153700859732824,0.0,0.0,0.0,-0.0033578858710825443,0.006642113905400038,0.0,0.0,0.0,0.0,0.0,0.008138582110404968,0.008138582110404968,0.0,0.0,0.0,0.0
29.056,0.0032842280343174934,-0.009999999776482582,0.013284227810800076,datactrl_ref_vx_fallback,states_vx_gs,0.009999999776482582,states_theta,0.10448750108480453,0.38689961300728215,0.22337662381252482,0.5158746281043953,0.5158576732483571,0.5157010953612441,0.5160312059915083,0.5157148623462894,0.516017439006463,0.0,0.0,0.0,-0.0033578858710825443,0.006642113905400038,0.0,0.0,0.0,0.0,0.0,0.007459395565092564,-0.002540604444220662,0.0,0.0,0.0,0.0
29.267,0.009973233419259486,-0.009999999776482582,0.01997323319574207,datactrl_ref_vx_fallback,states_vx_gs,0.029999999329447746,states_theta,0.07658997923135757,0.38715951642301283,0.22352665944082725,0.5162340000394634,0.5161913770885709,0.51631281628687,0.5161125608411643,0.5162802718028561,0.5161451053251782,0.0,0.0,0.0,-1.3383251825871412e-05,0.009986616671085358,0.0,0.0,0.0,0.0,0.0,5.2926523494534194e-05,-0.02994707226753235,0.0,0.0,0.0,0.0
29.457,0.009973233419259486,-0.009999999776482582,0.01997323319574207,datactrl_ref_vx_fallback,states_vx_gs,-0.000968251028098166,datactrl_est_theta_fallback,-0.22097057104110718,0.38712452676657216,0.22350645172952835,0.5161691434339972,0.5161629279435285,0.5162064975039214,0.5161255738736042,0.5162097745669739,0.5161222968105518,0.0,0.0,0.0,-1.3383251825871412e-05,0.009986616671085358,0.0,0.0,0.0,0.0,0.0,-0.000968251028098166,-0.000968251028098166,0.0,0.0,0.0,0.0
29.636,0.009973233419259486,-0.009999999776482582,0.01997323319574207,datactrl_ref_vx_fallback,states_vx_gs,-0.0019894286524504423,datactrl_est_theta_fallback,0.04498940333724022,0.38757339756952397,0.22376561022325064,0.5167368617705085,0.5167921984148888,0.5167499688631426,0.5167790913222546,0.5166772069930469,0.5168518531923504,0.0,0.0,0.0,-1.3383251825871412e-05,0.009986616671085358,0.0,0.0,0.0,0.0,0.0,-0.0019894286524504423,-0.0019894286524504423,0.0,0.0,0.0,0.0
29.85,0.016662238631397486,-0.009999999776482582,0.026662238407880068,datactrl_ref_vx_fallback,states_vx_gs,0.009999999776482582,states_theta,0.03820313885807991,0.3877697979658025,0.22387899857712099,0.5170273227470867,0.5170254718283867,0.517063806992181,0.5169889875832924,0.5170579564907901,0.5169948380846833,0.0,0.0,0.0,0.0033311196602880955,0.01333111897110939,0.0,0.0,0.0,0.0,0.0,-0.00956757739186287,-0.01956757716834545,0.0,0.0,0.0,0.0
30.061,0.016662238631397486,-0.009999999776482582,0.026662238407880068,datactrl_ref_vx_fallback,states_vx_gs,-0.010930745862424374,datactrl_est_theta_fallback,-0.06394927203655243,0.3880591881817565,0.22404608099015175,0.5174032413805423,0.517421260437475,0.5173650156309334,0.5174594861870839,0.5173396369003526,0.5174848649176648,0.0,0.0,0.0,0.0033311196602880955,0.01333111897110939,0.0,0.0,0.0,0.0,0.0,-0.010930745862424374,-0.010930745862424374,0.0,0.0,0.0,0.0
30.264,0.016662238631397486,-0.009999999776482582,0.026662238407880068,datactrl_ref_vx_fallback,states_vx_gs,-0.012293914332985878,datactrl_est_theta_fallback,0.007507463917136192,0.38805223963776914,0.2240420671403935,0.5173920794423045,0.5174138929250799,0.5173791759842292,0.5174267963831551,0.5173470895975514,0.517458882769833,0.0,0.0,0.0,0.0033311196602880955,0.01333111897110939,0.0,0.0,0.0,0.0,0.0,-0.012293914332985878,-0.012293914332985878,0.0,0.0,0.0,0.0
30.452,0.016689006006345153,-0.009999999776482582,0.026689005782827735,datactrl_ref_vx_fallback,states_vx_gs,-0.013683320954442024,datactrl_est_theta_fallback,0.003002733690664172,0.3884402265448451,0.22426607466824816,0.5178994428425197,0.5179411612770672,0.5178863041086302,0.5179543000109567,0.5178312337228851,0.5180093703967018,0.0,0.0,0.0,0.0033445029985159636,0.01334450300782919,0.0,0.0,0.0,0.0,0.0,-0.013683320954442024,-0.013683320954442024,0.0,0.0,0.0,0.0
30.648,0.023351243697106838,-0.009999999776482582,0.03335124347358942,datactrl_ref_vx_fallback,states_vx_gs,-0.021834159269928932,datactrl_est_theta_fallback,-0.06627163290977478,0.3887963257773645,0.22447166431472582,0.5184043634631634,0.5183858386098086,0.5183545367581182,0.5184356653148539,0.5183974816194274,0.5183927204535446,0.0,0.0,0.0,0.006675622425973415,0.016675621271133423,0.0,0.0,0.0,0.0,0.0,-0.021834159269928932,-0.021834159269928932,0.0,0.0,0.0,0.0
30.84,0.023351243697106838,-0.009999999776482582,0.03335124347358942,datactrl_ref_vx_fallback,states_vx_gs,-0.009999999776482582,states_theta,-0.03598546236753464,0.3886366767880723,0.22437949094632936,0.5182008256650024,0.5181636457698571,0.5181511448487063,0.5182133265861532,0.5182036196341783,0.5181608518006812,0.0,0.0,0.0,0.006675622425973415,0.016675621271133423,0.0,0.0,0.0,0.0,0.0,-0.02353931963443756,-0.013539318926632404,0.0,0.0,0.0,0.0
31.022,0.023378012236207724,-0.009999999776482582,0.033378012012690306,datactrl_ref_vx_fallback,states_vx_gs,-0.009999999776482582,states_theta,-0.03701147437095642,0.3887337359750998,0.2244355297632251,0.5183440376966713,0.5182792582369282,0.5182615686913206,0.5183617272422789,0.5183464305018293,0.5182768654317702,0.0,0.0,0.0,0.006689005997031927,0.016689006239175797,0.0,0.0,0.0,0.0,0.0,-0.02527078613638878,-0.015270785428583622,0.0,0.0,0.0,0.0
31.196,0.03004024736583233,-0.009999999776482582,0.04004024714231491,datactrl_ref_vx_fallback,states_vx_gs,-0.019999999552965164,states_theta,-0.038011375814676285,0.38863888155477916,0.224380765892896,0.5182199408881327,0.5181504099246117,0.5181364450618459,0.5182339057508986,0.518227828022111,0.5181425227906334,0.0,0.0,0.0,0.010020123794674873,0.020020123571157455,0.0,0.0,0.0,0.0,0.0,-0.03369538486003876,-0.013695385307073593,0.0,0.0,0.0,0.0
31.278,0.03004024736583233,-0.009999999776482582,0.04004024714231491,datactrl_ref_vx_fallback,states_vx_gs,-0.019999999552965164,states_theta,-0.038014113903045654,0.3887827502746968,0.2244638288637484,0.5184134371244443,0.5183405636080803,0.5183228540501407,0.518431146682384,0.5184186139779058,0.5183353867546189,0.0,0.0,0.0,0.010020123794674873,0.020020123571157455,0.0,0.0,0.0,0.0,0.0,-0.03471896052360535,-0.014718960039317608,0.0,0.0,0.0,0.0
31.435,0.03004024736583233,-0.009999999776482582,0.04004024714231491,datactrl_ref_vx_fallback,states_vx_gs,-0.029999999329447746,states_theta,-0.03903267905116081,0.3891173168960703,0.22465699172390932,0.5188619948888661,0.5187841835006547,0.5187883357096427,0.5188578426798781,0.518890832040554,0.5187553463489668,0.0,0.0,0.0,0.010020123794674873,0.020020123571157455,0.0,0.0,0.0,0.0,0.0,-0.035742536187171936,-0.005742535460740328,0.0,0.0,0.0,0.0
31.622,0.030067013576626778,-0.009999999776482582,0.04006701335310936,datactrl_ref_vx_fallback,states_vx_gs,-0.03999999910593033,states_theta,-0.03929400444030762,0.38910026671019254,0.22464715250652867,0.5188549635550264,0.5187457476721538,0.5187693521852836,0.5188313590418965,0.5189091459429527,0.5186915652842274,0.0,0.0,0.0,0.010033506900072098,0.02003350667655468,0.0,0.0,0.0,0.0,0.0,-0.037815991789102554,0.002184008015319705,0.0,0.0,0.0,0.0
31.809,0.03672925569117069,-0.009999999776482582,0.046729255467653275,datactrl_ref_vx_fallback,states_vx_gs,-0.03999999910593033,states_theta,0.03441885858774185,0.3887936522257987,0.22447012810435132,0.5183611163188434,0.5184219562832865,0.518383496283874,0.5183995763182558,0.5182733276522393,0.5185097449498905,0.0,0.0,0.0,0.013364627957344055,0.023364627733826637,0.0,0.0,0.0,0.0,0.0,-0.04641227796673775,-0.006412277463823557,0.0,0.0,0.0,0.0
31.992,0.03672925569117069,-0.009999999776482582,0.046729255467653275,datactrl_ref_vx_fallback,states_vx_gs,-0.029999999329447746,states_theta,0.019676439464092255,0.3892466586682638,0.2247316933075653,0.5188788834220328,0.519112206360004,0.5190648804256535,0.5189262093563833,0.5188063949933295,0.5191846947887073,0.0,0.0,0.0,0.013364627957344055,0.023364627733826637,0.0,0.0,0.0,0.0,0.0,-0.04880141839385033,-0.01880141720175743,0.0,0.0,0.0,0.0
32.19,0.02672925591468811,0.013364627957344055,0.013364627957344055,datactrl_ref_vx_fallback,datactrl_est_vx_fallback,-0.029999999329447746,states_theta,-0.024530448019504547,0.3894024093806249,0.22482176056971184,0.5194146387946192,0.5189917862203806,0.5189674819958839,0.5194389430191159,0.5196657318360315,0.5187406931789683,0.0,0.0,0.0,0.013364627957344055,0.013364627957344055,0.0,0.0,0.0,0.0,0.0,-0.03194322809576988,-0.0019432303961366415,0.0,0.0,0.0,0.0
32.396,0.02675602398812771,0.013378011994063854,0.013378011994063854,datactrl_ref_vx_fallback,datactrl_est_vx_fallback,-0.04999999701976776,states_theta,-0.09017470479011536,0.3895666650846722,0.2249166034752453,0.5192536669463127,0.5195907732794799,0.5197097625344936,0.519134677691299,0.5189521942719811,0.5198922459538114,0.0,0.0,0.0,0.013378011994063854,0.013378011994063854,0.0,0.0,0.0,0.0,0.0,-0.033336132764816284,0.016663864254951477,0.0,0.0,0.0,0.0
32.585,0.02675602398812771,0.013378011994063854,0.013378011994063854,datactrl_ref_vx_fallback,datactrl_est_vx_fallback,-0.029999999329447746,states_theta,0.12095917016267776,0.38937685038191094,0.22480690272549989,0.5188986370805738,0.519439630604522,0.5193796270110613,0.5189586406740345,0.5190490291333392,0.5192892385517567,0.0,0.0,0.0,0.013378011994063854,0.013378011994063854,0.0,0.0,0.0,0.0,0.0,-0.034704096615314484,-0.004704096354544163,0.0,0.0,0.0,0.0
32.804,0.02675602398812771,0.013378011994063854,0.013378011994063854,datactrl_ref_vx_fallback,datactrl_est_vx_fallback,-0.03999999910593033,states_theta,-0.07092688977718353,0.3896119475283042,0.22494279329474348,0.5195898618412403,0.5193753315675708,0.5191157315459849,0.5198494618628262,0.5200009749916339,0.5189642184171772,0.0,0.0,0.0,0.013378011994063854,0.013378011994063854,0.0,0.0,0.0,0.0,0.0,-0.03607206046581268,0.003927940037101507,0.0,0.0,0.0,0.0
32.996,0.03342178836464882,0.01671089418232441,0.01671089418232441,datactrl_ref_vx_fallback,datactrl_est_vx_fallback,-0.04999999701976776,states_theta,0.02643529139459133,0.38986583845289774,0.22508919243245698,0.5199360760503943,0.5197061598239997,0.5195593235160318,0.5200829123583621,0.5197997219577375,0.5198425139166565,0.0,0.0,0.0,0.01671089418232441,0.01671089418232441,0.0,0.0,0.0,0.0,0.0,-0.044161561876535416,0.005838434211909771,0.0,0.0,0.0,0.0
33.198,0.03342178836464882,0.01671089418232441,0.01671089418232441,datactrl_ref_vx_fallback,datactrl_est_vx_fallback,-0.03999999910593033,states_theta,-0.0432465597987175,0.389753915265129,0.2250245537412624,0.5198113150997763,0.5195324589405677,0.5198205549893843,0.5195232190509597,0.5196012886283262,0.5197424854120177,0.0,0.0,0.0,0.01671089418232441,0.01671089418232441,0.0,0.0,0.0,0.0,0.0,-0.045870330184698105,-0.0058703296817839146,0.0,0.0,0.0,0.0
33.378,0.03342178836464882,0.01671089418232441,0.01671089418232441,datactrl_ref_vx_fallback,datactrl_est_vx_fallback,-0.04999999701976776,states_theta,-0.062022026628255844,0.3897127220364752,0.22500077572257407,0.519763240679549,0.5194706847510516,0.5197947546602475,0.5194391707703532,0.5195685920996529,0.5196653333309478,0.0,0.0,0.0,0.01671089418232441,0.01671089418232441,0.0,0.0,0.0,0.0,0.0,-0.047579094767570496,0.0024209024850279093,0.0,0.0,0.0,0.0
33.43,0.033418264240026474,0.016709132120013237,0.016709132120013237,datactrl_ref_vx_fallback,datactrl_est_vx_fallback,-0.05999999865889549,states_theta,-0.06202303618192673,0.3896454357510371,0.2249619488917757,0.5197106651725933,0.5193438301635056,0.5197641941901335,0.5192903011459654,0.5194706000360029,0.5195838953000961,0.0,0.0,0.0,0.016709132120013237,0.016709132120013237,0.0,0.0,0.0,0.0,0.0,-0.04843001440167427,0.011569985188543797,0.0,0.0,0.0,0.0
33.604,0.033418264240026474,0.016709132120013237,0.016709132120013237,datactrl_ref_vx_fallback,datactrl_est_vx_fallback,-0.05999999865889549,states_theta,-0.06202298402786255,0.3899772448741331,0.2251534880195201,0.5198601432887546,0.5200791763756003,0.5199834299592143,0.5199558897051406,0.5201281730565432,0.5198111466078117,0.0,0.0,0.0,0.016709132120013237,0.016709132120013237,0.0,0.0,0.0,0.0,0.0,-0.049284305423498154,0.010715692304074764,0.0,0.0,0.0,0.0
33.654,0.03341471403837204,0.01670735701918602,0.01670735701918602,datactrl_ref_vx_fallback,datactrl_est_vx_fallback,-0.07000000029802322,states_theta,-0.035341888666152954,0.3899772448741331,0.2251534880195201,0.5198601432887546,0.5200791763756003,0.5199834299592143,0.5199558897051406,0.5201281730565432,0.5198111466078117,0.0,0.0,0.0,0.01670735701918602,0.01670735701918602,0.0,0.0,0.0,0.0,0.0,-0.050135109573602676,0.019864890724420547,0.0,0.0,0.0,0.0
33.817,0.03341471403837204,0.01670735701918602,0.01670735701918602,datactrl_ref_vx_fallback,datactrl_est_vx_fallback,-0.04999999701976776,states_theta,0.23123884201049805,0.389910862289332,0.22511518680464412,0.5200431999771962,0.5197190994610226,0.5196935123678279,0.5200687870703908,0.5200242488116718,0.519738050626547,0.0,0.0,0.0,0.01670735701918602,0.01670735701918602,0.0,0.0,0.0,0.0,0.0,-0.050989311188459396,-0.0009893154492601752,0.0,0.0,0.0,0.0
34.021,0.03344503045082092,0.01672251522541046,0.01672251522541046,datactrl_ref_vx_fallback,datactrl_est_vx_fallback,-0.05999999865889549,states_theta,-0.21594056487083435,0.38984828780436426,0.22507911966128344,0.5197418491361987,0.5198535850087727,0.5201569693347479,0.5194384648102235,0.5195563848258455,0.5200390493191258,0.0,0.0,0.0,0.01672251522541046,0.01672251522541046,0.0,0.0,0.0,0.0,0.0,-0.05272817239165306,0.00727182487025857,0.0,0.0,0.0,0.0
34.197,0.03344503045082092,0.01672251522541046,0.01672251522541046,datactrl_ref_vx_fallback,datactrl_est_vx_fallback,-0.05999999865889549,states_theta,0.16033929586410522,0.38981840455806344,0.22506180845765847,0.5196986635093115,0.5198170819788577,0.5197308318698074,0.5197849136183618,0.5194722884437587,0.5200434570444105,0.0,0.0,0.0,0.01672251522541046,0.01672251522541046,0.0,0.0,0.0,0.0,0.0,-0.05443812906742096,0.005561870988458395,0.0,0.0,0.0,0.0
34.252,0.03344058617949486,0.01672029308974743,0.01672029308974743,datactrl_ref_vx_fallback,datactrl_est_vx_fallback,-0.04999999701976776,states_theta,0.03654409945011139,0.389803052249524,0.22505292524738452,0.5196651563963326,0.5198096496023981,0.5195404765840326,0.5199343294146981,0.5198185980799921,0.5196562079187386,0.0,0.0,0.0,0.01672029308974743,0.01672029308974743,0.0,0.0,0.0,0.0,0.0,-0.055288735777139664,-0.005288740154355764,0.0,0.0,0.0,0.0
34.419,0.026778340339660645,0.013389170169830322,0.013389170169830322,datactrl_ref_vx_fallback,datactrl_est_vx_fallback,-0.04999999701976776,states_theta,0.014145560562610626,0.39012496970342275,0.22523880269767257,0.5201143166677237,0.520218935874737,0.5199712379585635,0.5203620145838972,0.5203733508260941,0.5199599017163665,0.0,0.0,0.0,0.013389170169830322,0.013389170169830322,0.0,0.0,0.0,0.0,0.0,-0.04959582909941673,0.00040416745468974113,0.0,0.0,0.0,0.0
34.602,0.016782790422439575,0.009999999776482582,0.006782790645956993,datactrl_ref_vx_fallback,states_vx_gs,-0.03999999910593033,states_theta,0.032936833798885345,0.3897315528450974,0.2250116632969964,0.5194989554388075,0.5197851854814522,0.5198237510763616,0.5194603898438982,0.5194690245127228,0.519815116407537,0.0,0.0,0.0,0.013391395099461079,0.0033913953229784966,0.0,0.0,0.0,0.0,0.0,-0.031006310135126114,0.008993688970804214,0.0,0.0,0.0,0.0
34.802,0.01678721234202385,0.009999999776482582,0.006787212565541267,datactrl_ref_vx_fallback,states_vx_gs,-0.03999999910593033,states_theta,0.015015729703009129,0.39010634926592186,0.22522800762625814,0.5201169649005801,0.5201666331418782,0.5201823270030739,0.5201012710393844,0.5201086155350123,0.520174982507446,0.0,0.0,0.0,0.013393606059253216,0.0033936062827706337,0.0,0.0,0.0,0.0,0.0,-0.03135755658149719,0.008642444387078285,0.0,0.0,0.0,0.0
34.988,0.016782790422439575,0.009999999776482582,0.006782790645956993,datactrl_ref_vx_fallback,states_vx_gs,-0.029999999329447746,states_theta,0.01605568453669548,0.38971287659962145,0.22500104299912702,0.5197681949699035,0.5194661426290871,0.519172363790384,0.5200619738086065,0.5200110710429455,0.519223266556045,0.0,0.0,0.0,0.013391395099461079,0.0033913953229784966,0.0,0.0,0.0,0.0,0.0,-0.031700219959020615,-0.0017002216773107648,0.0,0.0,0.0,0.0
35.038,0.016782790422439575,0.009999999776482582,0.006782790645956993,datactrl_ref_vx_fallback,states_vx_gs,-0.029999999329447746,states_theta,0.013026288710534573,0.3897195219199422,0.22500471389663837,0.519747974936131,0.5195040835170482,0.5194278363790852,0.5198242220740941,0.5197785557064267,0.5194735027467525,0.0,0.0,0.0,0.013391395099461079,0.0033913953229784966,0.0,0.0,0.0,0.0,0.0,-0.031873613595962524,-0.0018736146157607436,0.0,0.0,0.0,0.0
35.202,0.01678721234202385,0.009999999776482582,0.006787212565541267,datactrl_ref_vx_fallback,states_vx_gs,-0.03999999910593033,states_theta,-0.040559057146310806,0.3897000230628763,0.2249934238358717,0.5195689952053214,0.5196310662956821,0.5197338762556082,0.5194661852453953,0.519584773400111,0.5196152881008925,0.0,0.0,0.0,0.013393606059253216,0.0033936062827706337,0.0,0.0,0.0,0.0,0.0,-0.03205135464668274,0.007948646321892738,0.0,0.0,0.0,0.0
35.392,0.01012055017054081,0.009999999776482582,0.00012055039405822754,datactrl_ref_vx_fallback,states_vx_gs,-0.03999999910593033,states_theta,-0.03994724527001381,0.39007449986991505,0.22520962128237076,0.5201250623682528,0.5200736039515207,0.5200234671285124,0.5201751991912611,0.5201190797909296,0.5200795865288439,0.0,0.0,0.0,0.010060274973511696,6.027519702911377e-05,0.0,0.0,0.0,0.0,0.0,-0.02584625408053398,0.014153745956718922,0.0,0.0,0.0,0.0
35.605,0.01009378395974636,0.009999999776482582,9.378418326377869e-05,datactrl_ref_vx_fallback,states_vx_gs,-0.029999999329447746,states_theta,0.1263698786497116,0.39007561894354637,0.22521032934733998,0.5202505013785658,0.5199511491375578,0.5197983494205849,0.5204033010955387,0.520168344058201,0.5200333064579226,0.0,0.0,0.0,0.010046891868114471,4.689209163188934e-05,0.0,0.0,0.0,0.0,0.0,-0.02582542598247528,0.0041745733469724655,0.0,0.0,0.0,0.0
35.816,0.01009378395974636,0.009999999776482582,9.378418326377869e-05,datactrl_ref_vx_fallback,states_vx_gs,-0.019999999552965164,states_theta,0.012085149064660072,0.3896954034554296,0.22499092183401784,0.5193424546920609,0.5198452878557513,0.5200174092986052,0.519170333249207,0.5193223255592945,0.5198654169885177,0.0,0.0,0.0,0.010046891868114471,4.689209163188934e-05,0.0,0.0,0.0,0.0,0.0,-0.0258302204310894,-0.005830221343785524,0.0,0.0,0.0,0.0
36.002,-0.006568454671651125,0.019999999552965164,-0.02656845422461629,datactrl_ref_vx_fallback,states_vx_gs,-0.029999999329447746,states_theta,-0.04773085564374924,0.3900811524483048,0.2252134797212741,0.5199371713285985,0.5202792352002144,0.5201886764416367,0.5200277300871762,0.5200558811202894,0.5201605254085234,0.0,0.0,0.0,0.006715772207826376,-0.013284226879477501,0.0,0.0,0.0,0.0,0.0,0.00016458607569802552,0.030164584517478943,0.0,0.0,0.0,0.0
36.052,-0.006568454671651125,0.019999999552965164,-0.02656845422461629,datactrl_ref_vx_fallback,states_vx_gs,-0.029999999329447746,states_theta,0.06706216931343079,0.3900811524483048,0.2252134797212741,0.5199371713285985,0.5202792352002144,0.5201886764416367,0.5200277300871762,0.5200558811202894,0.5201605254085234,0.0,0.0,0.0,0.006715772207826376,-0.013284226879477501,0.0,0.0,0.0,0.0,0.0,0.0008437727810814977,0.030843771994113922,0.0,0.0,0.0,0.0
36.216,-0.006568454671651125,0.019999999552965164,-0.02656845422461629,datactrl_ref_vx_fallback,states_vx_gs,-0.009999999776482582,states_theta,0.20727558434009552,0.38973285262623797,0.2250124299438453,0.5197980819711376,0.5194895250321636,0.5193877902492015,0.5198998167540998,0.5197963946462418,0.5194912123570594,0.0,0.0,0.0,0.006715772207826376,-0.013284226879477501,0.0,0.0,0.0,0.0,0.0,0.0015229594428092241,0.011522958986461163,0.0,0.0,0.0,0.0
36.423,-0.006564910989254713,0.019999999552965164,-0.026564910542219877,datactrl_ref_vx_fallback,states_vx_gs,0.002877849154174328,datactrl_est_theta_fallback,-0.03361096605658531,0.3897530052110427,0.22502402807559516,0.519567953009628,0.5197733942198193,0.5198256394872685,0.5195157077421788,0.5195633510396316,0.5197779961898157,0.0,0.0,0.0,0.006717544514685869,-0.013282455503940582,0.0,0.0,0.0,0.0,0.0,0.002877849154174328,0.002877849154174328,0.0,0.0,0.0,0.0
36.616,-0.013257461600005627,0.019999999552965164,-0.03325746115297079,datactrl_ref_vx_fallback,states_vx_gs,0.010814370587468147,datactrl_est_theta_fallback,-0.013064989820122719,0.3897506122435669,0.22502264678725406,0.5195162333552263,0.5198187326276187,0.5196630227592713,0.5196719432235737,0.5195134919566802,0.5198214740261649,0.0,0.0,0.0,0.003371269442141056,-0.016628731042146683,0.0,0.0,0.0,0.0,0.0,0.010814370587468147,0.010814370587468147,0.0,0.0,0.0,0.0
36.794,-0.013257461600005627,0.019999999552965164,-0.03325746115297079,datactrl_ref_vx_fallback,states_vx_gs,0.009999999776482582,states_theta,0.17889553308486938,0.389775442055033,0.22503700421517142,0.5195524807382674,0.519848698075154,0.5195214612586853,0.5198797175547362,0.5195215105878516,0.5198796682255699,0.0,0.0,0.0,0.003371269442141056,-0.016628731042146683,0.0,0.0,0.0,0.0,0.0,0.012514734640717506,0.0025147353298962116,0.0,0.0,0.0,0.0
36.989,-0.013254798715934157,0.019999999552965164,-0.03325479826889932,datactrl_ref_vx_fallback,states_vx_gs,0.029999999329447746,states_theta,0.02004517987370491,0.39019685374566915,0.22528033380846374,0.5200228392383146,0.5205021040834699,0.520354203622559,0.5201707396992254,0.5199982729947881,0.5205266703269964,0.0,0.0,0.0,0.0033726005349308252,-0.016627399250864983,0.0,0.0,0.0,0.0,0.0,0.01421248260885477,-0.0157875157892704,0.0,0.0,0.0,0.0
37.245,-0.009944687079041614,0.009999999776482582,-0.019944686855524196,datactrl_ref_vx_fallback,states_vx_gs,0.019999999552965164,states_theta,-0.14240434765815735,0.38984401146411035,0.22507657240844253,0.519620220684012,0.5199638098869489,0.5199030102395668,0.5196810203313942,0.519879132222475,0.519704898348486,0.0,0.0,0.0,2.7656142265186645e-05,-0.0099723432213068,0.0,0.0,0.0,0.0,0.0,0.00335879810154438,-0.016641201451420784,0.0,0.0,0.0,0.0
37.423,-0.009944687079041614,0.009999999776482582,-0.019944686855524196,datactrl_ref_vx_fallback,states_vx_gs,0.009999999776482582,states_theta,-0.142034113407135,0.38988466184311077,0.22510005849453055,0.5196669967716978,0.5200254348099309,0.5200034178764159,0.5196890137052128,0.5199960523328282,0.5196963792488005,0.0,0.0,0.0,2.7656142265186645e-05,-0.0099723432213068,0.0,0.0,0.0,0.0,0.0,0.003868657164275646,-0.006131342612206936,0.0,0.0,0.0,0.0
37.602,-0.009972343427762098,0.009999999776482582,-0.01997234320424468,datactrl_ref_vx_fallback,states_vx_gs,0.004915555939078331,datactrl_est_theta_fallback,0.007398257963359356,0.38989097210674917,0.22510375263334265,0.5199420821424091,0.5197671768089219,0.5195718804185515,0.5201373785327795,0.5201433559779084,0.5195659029734226,0.0,0.0,0.0,1.3828071132593323e-05,-0.009986171498894691,0.0,0.0,0.0,0.0,0.0,0.004915555939078331,0.004915555939078331,0.0,0.0,0.0,0.0
37.806,-0.016634575789794326,0.009999999776482582,-0.026634575566276908,datactrl_ref_vx_fallback,states_vx_gs,0.009999999776482582,states_theta,0.1103859543800354,0.38995909487543623,0.22514299947813246,0.5199695938906012,0.5199213257772287,0.5200547539829945,0.5198361656848354,0.5200316395982267,0.5198592800696031,0.0,0.0,0.0,-0.00331728789024055,-0.013317287899553776,0.0,0.0,0.0,0.0,0.0,0.01265475619584322,0.0026547564193606377,0.0,0.0,0.0,0.0
37.992,-0.01666223118081689,0.009999999776482582,-0.02666223095729947,datactrl_ref_vx_fallback,states_vx_gs,0.01404369156807661,datactrl_est_theta_fallback,-0.016791455447673798,0.3900110050663487,0.2251730027225399,0.5200228733739181,0.5200064734696785,0.5197779775386002,0.5202513693049964,0.5201666526140678,0.5198626942295288,0.0,0.0,0.0,-0.003331115934997797,-0.013331115245819092,0.0,0.0,0.0,0.0,0.0,0.01404369156807661,0.01404369156807661,0.0,0.0,0.0,0.0
38.19,-0.01666223118081689,0.009999999776482582,-0.02666223095729947,datactrl_ref_vx_fallback,states_vx_gs,0.009999999776482582,states_theta,0.05154985189437866,0.39006989857553015,0.22520698181698978,0.5202236098795794,0.5199627863218343,0.5202361584822355,0.5199502377191783,0.5201057918808027,0.520080604320611,0.0,0.0,0.0,-0.003331115934997797,-0.013331115245819092,0.0,0.0,0.0,0.0,0.0,0.01540685910731554,0.005406859330832958,0.0,0.0,0.0,0.0
38.358,-0.023351243697106838,0.009999999776482582,-0.03335124347358942,datactrl_ref_vx_fallback,states_vx_gs,0.009999999776482582,states_theta,0.003992659971117973,0.3900847543460414,0.22521565938864033,0.5202952545225685,0.5199307570668752,0.5198427076722998,0.5203833039171439,0.5204485086279895,0.5197775029614542,0.0,0.0,0.0,-0.006675622425973415,-0.016675621271133423,0.0,0.0,0.0,0.0,0.0,0.023599674925208092,0.013599674217402935,0.0,0.0,0.0,0.0
38.414,-0.023351243697106838,0.009999999776482582,-0.03335124347358942,datactrl_ref_vx_fallback,states_vx_gs,0.009999999776482582,states_theta,0.053937170654535294,0.3901005820977052,0.22522470156314403,0.5200356346748408,0.5202325842523731,0.5202510904974057,0.5200171284298082,0.5199840282911422,0.5202841906360717,0.0,0.0,0.0,-0.006675622425973415,-0.016675621271133423,0.0,0.0,0.0,0.0,0.0,0.02445225417613983,0.01445225439965725,0.0,0.0,0.0,0.0
38.569,-0.023351243697106838,0.009999999776482582,-0.03335124347358942,datactrl_ref_vx_fallback,states_vx_gs,0.019999999552965164,states_theta,0.03880371153354645,0.39016234018149215,0.22526037359644646,0.520215416225368,0.5202174909252777,0.5200134659072854,0.5204194412433604,0.5203995336357335,0.5200333735149122,0.0,0.0,0.0,-0.006675622425973415,-0.016675621271133423,0.0,0.0,0.0,0.0,0.0,0.02530483342707157,0.005304833874106407,0.0,0.0,0.0,0.0
38.783,-0.023351243697106838,0.009999999776482582,-0.03335124347358942,datactrl_ref_vx_fallback,states_vx_gs,0.019999999552965164,states_theta,0.003952397964894772,0.3898237510310881,0.22506484994243584,0.5197530515413445,0.5197769512082236,0.5198269880955886,0.5197030146539796,0.5197494226853794,0.5197805800641888,0.0,0.0,0.0,-0.006675622425973415,-0.016675621271133423,0.0,0.0,0.0,0.0,0.0,0.02700999192893505,0.007009993307292461,0.0,0.0,0.0,0.0
38.979,-0.03004024736583233,0.009999999776482582,-0.04004024714231491,datactrl_ref_vx_fallback,states_vx_gs,0.019999999552965164,states_theta,-0.0010009470861405134,0.3898360593809256,0.22507196340167107,0.5197445165340953,0.5198183084817063,0.5199041914391646,0.519658633576637,0.5197529445889028,0.5198098804268988,0.0,0.0,0.0,-0.010020123794674873,-0.020020123571157455,0.0,0.0,0.0,0.0,0.0,0.03530700504779816,0.015307004563510418,0.0,0.0,0.0,0.0
39.189,-0.03004024736583233,0.009999999776482582,-0.04004024714231491,datactrl_ref_vx_fallback,states_vx_gs,0.019999999552965164,states_theta,8.105391202661849e-07,0.39025225797857394,0.22531226474784094,0.5202749197248865,0.5203977682179773,0.520499021856879,0.5201736660859848,0.520279748874545,0.5203929390683188,0.0,0.0,0.0,-0.010020123794674873,-0.020020123571157455,0.0,0.0,0.0,0.0,0.0,0.03735415264964104,0.017354153096675873,0.0,0.0,0.0,0.0
39.382,-0.030067013576626778,0.009999999776482582,-0.04006701335310936,datactrl_ref_vx_fallback,states_vx_gs,0.019999999552965164,states_theta,0.0004725000180769712,0.38992108443911166,0.225121057003111,0.5198351976615999,0.5199543608426979,0.5197744683734876,0.5200150901308102,0.5198106371825834,0.5199789213217144,0.0,0.0,0.0,-0.010033506900072098,-0.02003350667655468,0.0,0.0,0.0,0.0,0.0,0.039427679032087326,0.019427679479122162,0.0,0.0,0.0,0.0
39.575,-0.030067013576626778,0.009999999776482582,-0.04006701335310936,datactrl_ref_vx_fallback,states_vx_gs,0.03999999910593033,states_theta,0.10661731660366058,0.38998409789570415,0.22515745474965454,0.5199627891692564,0.519994805219288,0.5197450108207486,0.5202125835677958,0.5200044164073732,0.5199531779811712,0.0,0.0,0.0,-0.010033506900072098,-0.02003350667655468,0.0,0.0,0.0,0.0,0.0,0.04147619754076004,0.0014761972706764936,0.0,0.0,0.0,0.0
39.766,-0.02672925591468811,-0.013364627957344055,-0.013364627957344055,datactrl_ref_vx_fallback,datactrl_est_vx_fallback,0.05999999865889549,states_theta,0.05577971041202545,0.390006756238731,0.22517057653052638,0.5202147093510469,0.5198033072855691,0.5202839536928751,0.5197340629437409,0.5201074122923418,0.5199106043442742,0.0,0.0,0.0,-0.013364627957344055,-0.013364627957344055,0.0,0.0,0.0,0.0,0.0,0.030739929527044296,-0.029260069131851196,0.0,0.0,0.0,0.0
39.942,-0.02675602398812771,-0.013378011994063854,-0.013378011994063854,datactrl_ref_vx_fallback,datactrl_est_vx_fallback,0.029999999329447746,states_theta,-0.11621152609586716,0.3900329685161876,0.2251857089083354,0.520202804099723,0.5198851119434439,0.5199900123853392,0.5200979036578277,0.5203556275969257,0.5197322884462412,0.0,0.0,0.0,-0.013378011994063854,-0.013378011994063854,0.0,0.0,0.0,0.0,0.0,0.03213358670473099,0.0021335864439606667,0.0,0.0,0.0,0.0
40.226,-0.02675602398812771,-0.013378011994063854,-0.013378011994063854,datactrl_ref_vx_fallback,datactrl_est_vx_fallback,0.029999999329447746,states_theta,-0.023264195770025253,0.39011723368262696,0.2252344445416504,0.5203283023327065,0.5199843208209654,0.5198431985138067,0.5204694246398652,0.5205449713496061,0.5197676518040658,0.0,0.0,0.0,-0.013378011994063854,-0.013378011994063854,0.0,0.0,0.0,0.0,0.0,0.03418534994125366,0.004185349680483341,0.0,0.0,0.0,0.0
40.276,-0.02675602398812771,-0.013378011994063854,-0.013378011994063854,datactrl_ref_vx_fallback,datactrl_est_vx_fallback,0.029999999329447746,states_theta,-0.016969196498394012,0.39014711794898305,0.2252515840264989,0.5203442169259648,0.5200480976046568,0.52007325668661,0.5203190578440116,0.5203855625852984,0.5200067519453231,0.0,0.0,0.0,-0.013378011994063854,-0.013378011994063854,0.0,0.0,0.0,0.0,0.0,0.03486933186650276,0.004869331140071154,0.0,0.0,0.0,0.0
40.419,-0.02675602398812771,-0.013378011994063854,-0.013378011994063854,datactrl_ref_vx_fallback,datactrl_est_vx_fallback,0.029999999329447746,states_theta,-0.001401024404913187,0.3901778932172476,0.2252694136806202,0.5201666455500746,0.5203077363625856,0.5205547269734474,0.5199196549392129,0.5199578816918897,0.5205165002207706,0.0,0.0,0.0,-0.013378011994063854,-0.013378011994063854,0.0,0.0,0.0,0.0,0.0,0.03555331379175186,0.005553313065320253,0.0,0.0,0.0,0.0
40.517,-0.02675602398812771,-0.013378011994063854,-0.013378011994063854,datactrl_ref_vx_fallback,datactrl_est_vx_fallback,0.029999999329447746,states_theta,0.019617721438407898,0.39018249331289745,0.22527202795568724,0.5201358506896675,0.5203507981447256,0.5204632378903833,0.5200234109440098,0.5200220688146828,0.5204645800197103,0.0,0.0,0.0,-0.013378011994063854,-0.013378011994063854,0.0,0.0,0.0,0.0,0.0,0.03623729571700096,0.006237294524908066,0.0,0.0,0.0,0.0
40.614,-0.026778340339660645,-0.013389170169830322,-0.013389170169830322,datactrl_ref_vx_fallback,datactrl_est_vx_fallback,0.03999999910593033,states_theta,0.019991766661405563,0.3902149020705044,0.22529070415797098,0.5201626371563088,0.5204104350317029,0.5201394241434626,0.5204336480445492,0.5203803261806031,0.5201927460074086,0.0,0.0,0.0,-0.013389170169830322,-0.013389170169830322,0.0,0.0,0.0,0.0,0.0,0.03694326430559158,-0.003056733636185527,0.0,0.0,0.0,0.0
40.712,-0.026778340339660645,-0.013389170169830322,-0.013389170169830322,datactrl_ref_vx_fallback,datactrl_est_vx_fallback,0.03999999910593033,states_theta,0.020007457584142685,0.389843859171074,0.22507649364724466,0.5196864603393286,0.5198971641168687,0.5196032635013077,0.5199803609548896,0.5199306501970189,0.5196529742591784,0.0,0.0,0.0,-0.013389170169830322,-0.013389170169830322,0.0,0.0,0.0,0.0,0.0,0.03762781620025635,-0.002372181508690119,0.0,0.0,0.0,0.0
40.805,-0.026782790198922157,-0.013391395099461079,-0.013391395099461079,datactrl_ref_vx_fallback,datactrl_est_vx_fallback,0.03999999910593033,states_theta,0.019534917548298836,0.39023672996171577,0.2253033193447376,0.5202041942928917,0.520427085605017,0.5201265217790747,0.520504758118834,0.5204597357273029,0.5201715441706058,0.0,0.0,0.0,-0.013391395099461079,-0.013391395099461079,0.0,0.0,0.0,0.0,0.0,0.0383167527616024,-0.0016832444816827774,0.0,0.0,0.0,0.0
40.862,-0.026782790198922157,-0.013391395099461079,-0.013391395099461079,datactrl_ref_vx_fallback,datactrl_est_vx_fallback,0.03999999910593033,states_theta,0.019534917548298836,0.3898954301693154,0.22510627429982877,0.5197086969243024,0.520012450193872,0.519715111414366,0.5200060357038084,0.5200415016219812,0.5196796454961933,0.0,0.0,0.0,-0.013391395099461079,-0.013391395099461079,0.0,0.0,0.0,0.0,0.0,0.0383167527616024,-0.0016832444816827774,0.0,0.0,0.0,0.0
40.913,-0.026782790198922157,-0.013391395099461079,-0.013391395099461079,datactrl_ref_vx_fallback,datactrl_est_vx_fallback,0.03999999910593033,states_theta,-0.017400018870830536,0.3898954301693154,0.22510627429982877,0.5197086969243024,0.520012450193872,0.519715111414366,0.5200060357038084,0.5200415016219812,0.5196796454961933,0.0,0.0,0.0,-0.013391395099461079,-0.013391395099461079,0.0,0.0,0.0,0.0,0.0,0.03900142014026642,-0.0009985786164179444,0.0,0.0,0.0,0.0
41.002,-0.026782790198922157,-0.013391395099461079,-0.013391395099461079,datactrl_ref_vx_fallback,datactrl_est_vx_fallback,0.03999999910593033,states_theta,0.03307056799530983,0.38990034433348475,0.22510908661756635,0.5197900661371134,0.5199441854188459,0.5197245882948074,0.5200096632611519,0.5199439864590802,0.5197902650968791,0.0,0.0,0.0,-0.013391395099461079,-0.013391395099461079,0.0,0.0,0.0,0.0,0.0,0.039686087518930435,-0.000313912722049281,0.0,0.0,0.0,0.0
41.099,-0.02678721211850643,-0.013393606059253216,-0.013393606059253216,datactrl_ref_vx_fallback,datactrl_est_vx_fallback,0.03999999910593033,states_theta,0.016132555902004242,0.39028179099204674,0.2253292984761226,0.5204101221245685,0.5203413205208895,0.5203843252291042,0.5203671174163539,0.5203404663812904,0.5204109762641677,0.0,0.0,0.0,-0.013393606059253216,-0.013393606059253216,0.0,0.0,0.0,0.0,0.0,0.040375109761953354,0.0003751104522962123,0.0,0.0,0.0,0.0
41.197,-0.02678721211850643,-0.013393606059253216,-0.013393606059253216,datactrl_ref_vx_fallback,datactrl_est_vx_fallback,0.03999999910593033,states_theta,0.00094003533013165,0.3899436711912185,0.22513409566126247,0.5199674838169136,0.5198823060263357,0.5200292635780002,0.5198205262652491,0.5198292874915291,0.5200205023517201,0.0,0.0,0.0,-0.013393606059253216,-0.013393606059253216,0.0,0.0,0.0,0.0,0.0,0.041059888899326324,0.0010598894441500306,0.0,0.0,0.0,0.0
41.247,-0.02678721211850643,-0.013393606059253216,-0.013393606059253216,datactrl_ref_vx_fallback,datactrl_est_vx_fallback,0.03999999910593033,states_theta,0.00094003533013165,0.38995097485608604,0.22513830342574997,0.5200064215775122,0.5198628447053839,0.5199548686108741,0.519914397672022,0.5199269067369239,0.5199423595459722,0.0,0.0,0.0,-0.013393606059253216,-0.013393606059253216,0.0,0.0,0.0,0.0,0.0,0.041059888899326324,0.0010598894441500306,0.0,0.0,0.0,0.0
41.34,-0.02678721211850643,-0.013393606059253216,-0.013393606059253216,datactrl_ref_vx_fallback,datactrl_est_vx_fallback,0.03999999910593033,states_theta,0.0010003270581364632,0.38998599156383446,0.22515860117895029,0.5200301249736561,0.5199325191965691,0.519716815614309,0.5202458285559162,0.5202622242302173,0.5197004199400079,0.0,0.0,0.0,-0.013393606059253216,-0.013393606059253216,0.0,0.0,0.0,0.0,0.0,0.041744668036699295,0.0017446683486923575,0.0,0.0,0.0,0.0
41.4,-0.026782790198922157,-0.013391395099461079,-0.013391395099461079,datactrl_ref_vx_fallback,datactrl_est_vx_fallback,0.03999999910593033,states_theta,0.0010003794450312853,0.38998599156383446,0.22515860117895029,0.5200301249736561,0.5199325191965691,0.519716815614309,0.5202458285559162,0.5202622242302173,0.5197004199400079,0.0,0.0,0.0,-0.013391395099461079,-0.013391395099461079,0.0,0.0,0.0,0.0,0.0,0.042425088584423065,0.002425089944154024,0.0,0.0,0.0,0.0
41.494,-0.026782790198922157,-0.013391395099461079,-0.013391395099461079,datactrl_ref_vx_fallback,datactrl_est_vx_fallback,0.03999999910593033,states_theta,0.00100037083029747,0.3899948342182318,0.2251637220512174,0.5196919316587534,0.520294292923198,0.5202134895842753,0.5197727349976761,0.5197930788799562,0.5201931457019952,0.0,0.0,0.0,-0.013391395099461079,-0.013391395099461079,0.0,0.0,0.0,0.0,0.0,0.04310975596308708,0.003109755925834179,0.0,0.0,0.0,0.0
41.588,-0.026782790198922157,-0.013391395099461079,-0.013391395099461079,datactrl_ref_vx_fallback,datactrl_est_vx_fallback,0.03999999910593033,states_theta,0.00100037083029747,0.39003147148483985,0.225184789712564,0.5199587571601361,0.5201251667994369,0.520152075217371,0.519931848742202,0.5199561787626044,0.5201277451969686,0.0,0.0,0.0,-0.013391395099461079,-0.013391395099461079,0.0,0.0,0.0,0.0,0.0,0.0437944196164608,0.0037944219075143337,0.0,0.0,0.0,0.0
41.695,-0.026782790198922157,-0.013391395099461079,-0.013391395099461079,datactrl_ref_vx_fallback,datactrl_est_vx_fallback,0.03999999910593033,states_theta,0.014083832502365112,0.39002837410142865,0.22518320364459546,0.5202789685505564,0.51979669571992,0.5196306575103105,0.520445006760166,0.5204461674003622,0.5196294968701143,0.0,0.0,0.0,-0.013391395099461079,-0.013391395099461079,0.0,0.0,0.0,0.0,0.0,0.04447908699512482,0.0044790878891944885,0.0,0.0,0.0,0.0
41.747,-0.026782790198922157,-0.013391395099461079,-0.013391395099461079,datactrl_ref_vx_fallback,datactrl_est_vx_fallback,0.03999999910593033,states_theta,0.014083832502365112,0.3900665908611584,0.22520505460849172,0.5201384248104585,0.5200391508192973,0.5200287488214193,0.5201488268083365,0.5200859101367188,0.520091665493037,0.0,0.0,0.0,-0.013391395099461079,-0.013391395099461079,0.0,0.0,0.0,0.0,0.0,0.04447908699512482,0.0044790878891944885,0.0,0.0,0.0,0.0
41.839,-0.026782790198922157,-0.013391395099461079,-0.013391395099461079,datactrl_ref_vx_fallback,datactrl_est_vx_fallback,0.04999999701976776,states_theta,0.02001406066119671,0.3900785790276096,0.22521217411812286,0.51987965288452,0.5203298911891057,0.5205099979321557,0.51969954614147,0.5197198359525512,0.5204897081210744,0.0,0.0,0.0,-0.013391395099461079,-0.013391395099461079,0.0,0.0,0.0,0.0,0.0,0.045163754373788834,-0.0048362440429627895,0.0,0.0,0.0,0.0
41.891,-0.026782790198922157,-0.013391395099461079,-0.013391395099461079,datactrl_ref_vx_fallback,datactrl_est_vx_fallback,0.04999999701976776,states_theta,-0.018312737345695496,0.3900785790276096,0.22521217411812286,0.51987965288452,0.5203298911891057,0.5205099979321557,0.51969954614147,0.5197198359525512,0.5204897081210744,0.0,0.0,0.0,-0.013391395099461079,-0.013391395099461079,0.0,0.0,0.0,0.0,0.0,0.04584841802716255,-0.004151578526943922,0.0,0.0,0.0,0.0
41.997,-0.026782790198922157,-0.013391395099461079,-0.013391395099461079,datactrl_ref_vx_fallback,datactrl_est_vx_fallback,0.03999999910593033,states_theta,-0.036092959344387054,0.3901183882427949,0.22523496491437248,0.520165270750557,0.5201504312302293,0.5201514592876262,0.5201642426931601,0.5202808298491497,0.5200348721316366,0.0,0.0,0.0,-0.013391395099461079,-0.013391395099461079,0.0,0.0,0.0,0.0,0.0,0.04653308540582657,0.006533085368573666,0.0,0.0,0.0,0.0
42.106,-0.026782790198922157,-0.013391395099461079,-0.013391395099461079,datactrl_ref_vx_fallback,datactrl_est_vx_fallback,0.03999999910593033,states_theta,0.017879772931337357,0.3901319153987756,0.22524290915662137,0.5203461496936826,0.5200056247030523,0.5198423485849046,0.5205094258118304,0.5205180086262844,0.5198337657704506,0.0,0.0,0.0,-0.013391395099461079,-0.013391395099461079,0.0,0.0,0.0,0.0,0.0,0.04721774905920029,0.00721775135025382,0.0,0.0,0.0,0.0
42.205,-0.026782790198922157,-0.013391395099461079,-0.013391395099461079,datactrl_ref_vx_fallback,datactrl_est_vx_fallback,0.04999999701976776,states_theta,0.05820194259285927,0.3901461580496681,0.22525100630693892,0.5203383944666062,0.5200513603325088,0.5201008449785962,0.5202889098205188,0.5201620848039412,0.5202276699951738,0.0,0.0,0.0,-0.013391395099461079,-0.013391395099461079,0.0,0.0,0.0,0.0,0.0,0.047902416437864304,-0.0020975805819034576,0.0,0.0,0.0,0.0
42.314,-0.016782790422439575,-0.009999999776482582,-0.006782790645956993,datactrl_ref_vx_fallback,states_vx_gs,0.04999999701976776,states_theta,0.0011410556035116315,0.3901611027816332,0.2252596920580871,0.5202324218301075,0.5201971855875809,0.5204115945143526,0.5200180129033358,0.5199066981682843,0.5205229092494041,0.0,0.0,0.0,-0.013391395099461079,-0.0033913953229784966,0.0,0.0,0.0,0.0,0.0,0.029339753091335297,-0.020660243928432465,0.0,0.0,0.0,0.0
42.415,-0.016782790422439575,-0.009999999776482582,-0.006782790645956993,datactrl_ref_vx_fallback,states_vx_gs,0.03999999910593033,states_theta,-0.0998048260807991,0.39019025491268605,0.22527647614713173,0.5202948034326916,0.5202125430011378,0.5204646073411988,0.5200427390926307,0.5201965382172279,0.5203108082166016,0.0,0.0,0.0,-0.013391395099461079,-0.0033913953229784966,0.0,0.0,0.0,0.0,0.0,0.029513146728277206,-0.010486852377653122,0.0,0.0,0.0,0.0
42.506,-0.016782790422439575,-0.009999999776482582,-0.006782790645956993,datactrl_ref_vx_fallback,states_vx_gs,0.029999999329447746,states_theta,-0.13320206105709076,0.3898293536563572,0.2250681062479352,0.519823667015578,0.5197212760680412,0.5199400274232439,0.5196049156603754,0.5198841615880238,0.5196607814955955,0.0,0.0,0.0,-0.013391395099461079,-0.0033913953229784966,0.0,0.0,0.0,0.0,0.0,0.029686540365219116,-0.00031345963361673057,0.0,0.0,0.0,0.0
42.595,-0.016778340563178062,-0.009999999776482582,-0.00677834078669548,datactrl_ref_vx_fallback,states_vx_gs,0.019999999552965164,states_theta,-0.13304974138736725,0.3902187387423293,0.22529292774717405,0.520344477336787,0.5202388259760912,0.5204908895185748,0.5200924137943034,0.5204280252474086,0.5201552780654696,0.0,0.0,0.0,-0.013389170169830322,-0.00338917039334774,0.0,0.0,0.0,0.0,0.0,0.029855547472834587,0.009855547919869423,0.0,0.0,0.0,0.0
42.68,-0.016778340563178062,-0.009999999776482582,-0.00677834078669548,datactrl_ref_vx_fallback,states_vx_gs,0.030028827488422394,datactrl_est_theta_fallback,-0.13399763405323029,0.3898606734130151,0.22508622448659413,0.5198917430433038,0.5197367193914032,0.5200465475959299,0.519581914838777,0.5200324134088976,0.5195960490258094,0.0,0.0,0.0,-0.013389170169830322,-0.00338917039334774,0.0,0.0,0.0,0.0,0.0,0.030028827488422394,0.030028827488422394,0.0,0.0,0.0,0.0
42.789,-0.01011609472334385,-0.009999999776482582,-0.00011609494686126709,datactrl_ref_vx_fallback,states_vx_gs,0.023637304082512856,datactrl_est_theta_fallback,-0.029236704111099243,0.3898617645935273,0.22508680933834949,0.5198941868512177,0.5197371853981885,0.5199007788119164,0.5197305934374897,0.51992923511231,0.5197021371370961,0.0,0.0,0.0,-0.010058047249913216,-5.8047473430633545e-05,0.0,0.0,0.0,0.0,0.0,0.023637304082512856,0.023637304082512856,0.0,0.0,0.0,0.0
42.883,-0.01011609472334385,-0.009999999776482582,-0.00011609494686126709,datactrl_ref_vx_fallback,states_vx_gs,0.009999999776482582,states_theta,0.13236106932163239,0.3902535226625398,0.2253130034331069,0.5204661263676795,0.52020993406576,0.5201584546885607,0.5205176057448788,0.5203261629160407,0.5203498975173988,0.0,0.0,0.0,-0.010058047249913216,-5.8047473430633545e-05,0.0,0.0,0.0,0.0,0.0,0.02364027127623558,0.013640272431075573,0.0,0.0,0.0,0.0
42.979,-0.010090222582221031,-0.009999999776482582,-9.02228057384491e-05,datactrl_ref_vx_fallback,states_vx_gs,0.019999999552965164,states_theta,0.1330558955669403,0.389897053346799,0.2251072186111665,0.5200292339590723,0.5196962416323917,0.5196134404750201,0.5201120351164439,0.5198641306390845,0.5198613449523795,0.0,0.0,0.0,-0.010045111179351807,-4.511140286922455e-05,0.0,0.0,0.0,0.0,0.0,0.02361774630844593,0.0036177465226501226,0.0,0.0,0.0,0.0
43.078,-0.010090222582221031,-0.009999999776482582,-9.02228057384491e-05,datactrl_ref_vx_fallback,states_vx_gs,0.029999999329447746,states_theta,0.06895755976438522,0.3899000885142031,0.22510893206330293,0.519937650744455,0.5197959186267532,0.5197693398956497,0.5199642294755585,0.5197940060735083,0.5199395632976999,0.0,0.0,0.0,-0.010045111179351807,-4.511140286922455e-05,0.0,0.0,0.0,0.0,0.0,0.02362005226314068,-0.006379947066307068,0.0,0.0,0.0,0.0
43.192,-0.010090222582221031,-0.009999999776482582,-9.02228057384491e-05,datactrl_ref_vx_fallback,states_vx_gs,0.019999999552965164,states_theta,-0.09267982095479965,0.3902926791015111,0.22533575487147597,0.5201676598695323,0.5206128177344974,0.5208436811623048,0.5199367964417249,0.5201577257425664,0.5206227518614633,0.0,0.0,0.0,-0.010045111179351807,-4.511140286922455e-05,0.0,0.0,0.0,0.0,0.0,0.023622358217835426,0.003622359363362193,0.0,0.0,0.0,0.0
43.257,-0.010090222582221031,-0.009999999776482582,-9.02228057384491e-05,datactrl_ref_vx_fallback,states_vx_gs,0.019999999552965164,states_theta,-0.09267982095479965,0.38993784684720073,0.22513075883256783,0.5197757824448004,0.5200584758144016,0.5201322020406217,0.5197020562185802,0.5199638527241842,0.5198704055350177,0.0,0.0,0.0,-0.010045111179351807,-4.511140286922455e-05,0.0,0.0,0.0,0.0,0.0,0.023622358217835426,0.003622359363362193,0.0,0.0,0.0,0.0
43.312,-0.010090222582221031,-0.009999999776482582,-9.02228057384491e-05,datactrl_ref_vx_fallback,states_vx_gs,0.009999999776482582,states_theta,-0.08551928400993347,0.38993784684720073,0.22513075883256783,0.5197757824448004,0.5200584758144016,0.5201322020406217,0.5197020562185802,0.5199638527241842,0.5198704055350177,0.0,0.0,0.0,-0.010045111179351807,-4.511140286922455e-05,0.0,0.0,0.0,0.0,0.0,0.023624666035175323,0.013624665327370167,0.0,0.0,0.0,0.0
43.408,-0.010090222582221031,-0.009999999776482582,-9.02228057384491e-05,datactrl_ref_vx_fallback,states_vx_gs,0.019999999552965164,states_theta,0.08318530768156052,0.38995643894426835,0.2251414920423302,0.5199830857962492,0.5199007513884665,0.5197047066955023,0.5201791304892134,0.5200355125947711,0.5198483245899446,0.0,0.0,0.0,-0.010045111179351807,-4.511140286922455e-05,0.0,0.0,0.0,0.0,0.0,0.02362697198987007,0.0036269722040742636,0.0,0.0,0.0,0.0
43.498,-0.010090222582221031,-0.009999999776482582,-9.02228057384491e-05,datactrl_ref_vx_fallback,states_vx_gs,0.03999999910593033,states_theta,0.2267489731311798,0.3899756667259998,0.22515266566296324,0.5200993918524487,0.5198357194168842,0.5195749961717622,0.5203601150975707,0.5198070803570645,0.5201280309122684,0.0,0.0,0.0,-0.010045111179351807,-4.511140286922455e-05,0.0,0.0,0.0,0.0,0.0,0.02362927794456482,-0.01637072116136551,0.0,0.0,0.0,0.0
43.603,-0.01009378395974636,-0.009999999776482582,-9.378418326377869e-05,datactrl_ref_vx_fallback,states_vx_gs,0.04999999701976776,states_theta,0.0434504970908165,0.39000911486915335,0.22517198593787657,0.5198655003037795,0.5201588060139628,0.5201856707192077,0.5198386355985346,0.5196098911403556,0.5204144151773867,0.0,0.0,0.0,-0.010046891868114471,-4.689209163188934e-05,0.0,0.0,0.0,0.0,0.0,0.02363509312272072,-0.026364903897047043,0.0,0.0,0.0,0.0
43.695,-0.003404778428375721,-0.009999999776482582,0.006595221348106861,datactrl_ref_vx_fallback,states_vx_gs,0.03999999910593033,states_theta,-0.13698308169841766,0.39002965154096375,0.22518374428648041,0.5199171007606239,0.5201619700152794,0.5201830281149981,0.5198960426609053,0.5200597400377055,0.5200193307381978,0.0,0.0,0.0,-0.0067023891024291515,0.0032976106740534306,0.0,0.0,0.0,0.0,0.0,0.01704632118344307,-0.02295367792248726,0.0,0.0,0.0,0.0
43.778,-0.003402106463909149,-0.009999999776482582,0.006597893312573433,datactrl_ref_vx_fallback,states_vx_gs,0.029999999329447746,states_theta,-0.09141381084918976,0.390050835630426,0.2251961866387813,0.5202676613033709,0.519867900377765,0.5196989841916032,0.5204365774895326,0.5205591484248039,0.519576413256332,0.0,0.0,0.0,-0.006701053120195866,0.0032989466562867165,0.0,0.0,0.0,0.0,0.0,0.016875090077519417,-0.01312490925192833,0.0,0.0,0.0,0.0
43.879,-0.003404778428375721,-0.009999999776482582,0.006595221348106861,datactrl_ref_vx_fallback,states_vx_gs,0.029999999329447746,states_theta,-0.004000875633209944,0.39005916280188324,0.22520081572426623,0.520231877131496,0.5199258903401927,0.5198609144562654,0.5202968530154233,0.5202360873372962,0.5199216801343924,0.0,0.0,0.0,-0.0067023891024291515,0.0032976106740534306,0.0,0.0,0.0,0.0,0.0,0.016709057614207268,-0.013290942646563053,0.0,0.0,0.0,0.0
43.978,-0.003404778428375721,-0.009999999776482582,0.006595221348106861,datactrl_ref_vx_fallback,states_vx_gs,0.029999999329447746,states_theta,-0.010093310847878456,0.3900816974696588,0.22521397895900616,0.5199005279558373,0.5203173319632528,0.5204879813155199,0.5197298786035702,0.5196801000190863,0.5205377599000038,0.0,0.0,0.0,-0.0067023891024291515,0.0032976106740534306,0.0,0.0,0.0,0.0,0.0,0.01654045842587948,-0.013459540903568268,0.0,0.0,0.0,0.0
44.082,-0.003404778428375721,-0.009999999776482582,0.006595221348106861,datactrl_ref_vx_fallback,states_vx_gs,0.019999999552965164,states_theta,-0.024233074858784676,0.3901048120695887,0.2252271904199585,0.5199760507369777,0.5203034481152589,0.5203831452364713,0.5198963536157652,0.5199300370211539,0.5203494618310827,0.0,0.0,0.0,-0.0067023891024291515,0.0032976106740534306,0.0,0.0,0.0,0.0,0.0,0.01637186110019684,-0.0036281386855989695,0.0,0.0,0.0,0.0
44.186,-0.003378012217581272,-0.009999999776482582,0.00662198755890131,datactrl_ref_vx_fallback,states_vx_gs,0.019999999552965164,states_theta,-0.025017203763127327,0.3901015372303102,0.2252253323034885,0.5202726419892638,0.5199981239582301,0.5198613973289499,0.520409368618544,0.5204433939501074,0.5198273719973865,0.0,0.0,0.0,-0.006689005997031927,0.003310993779450655,0.0,0.0,0.0,0.0,0.0,0.016176888719201088,-0.0038231112994253635,0.0,0.0,0.0,0.0
44.279,0.0032842280343174934,-0.009999999776482582,0.013284227810800076,datactrl_ref_vx_fallback,states_vx_gs,0.019999999552965164,states_theta,-0.02595771662890911,0.39013944037182957,0.22524713911253236,0.5203112761013068,0.5200605648902387,0.5200525104522417,0.5203193305393038,0.520317410908487,0.5200544300830584,0.0,0.0,0.0,-0.0033578858710825443,0.006642113905400038,0.0,0.0,0.0,0.0,0.0,0.009442809969186783,-0.010557189583778381,0.0,0.0,0.0,0.0
44.382,0.013284228276461363,-0.019999999552965164,0.03328422782942653,datactrl_ref_vx_fallback,states_vx_gs,0.019999999552965164,states_theta,-0.0260073971003294,0.3901373934282983,0.22524597364410348,0.5202909326400544,0.5200754498354077,0.5203020466724191,0.520064335803043,0.5199497346161499,0.5204166478593122,0.0,0.0,0.0,-0.0033578858710825443,0.016642114147543907,0.0,0.0,0.0,0.0,0.0,-0.010604257695376873,-0.030604258179664612,0.0,0.0,0.0,0.0
44.48,0.013284228276461363,-0.019999999552965164,0.03328422782942653,datactrl_ref_vx_fallback,states_vx_gs,0.009999999776482582,states_theta,-0.08576685190200806,0.3901629925880919,0.22526073977160774,0.5203115943315751,0.5201230525700032,0.5203971533870274,0.520037493514551,0.520096533237015,0.5203381136645634,0.0,0.0,0.0,-0.0033578858710825443,0.016642114147543907,0.0,0.0,0.0,0.0,0.0,-0.011455124244093895,-0.021455124020576477,0.0,0.0,0.0,0.0
44.58,0.013286012457683682,-0.019999999552965164,0.03328601201064885,datactrl_ref_vx_fallback,states_vx_gs,-0.012307748198509216,datactrl_est_theta_fallback,-0.14264635741710663,0.3897983622199746,0.22505022028901203,0.5198346993106591,0.5196275999426065,0.5199426287103213,0.5195196705429443,0.5197467517248922,0.5197155475283735,0.0,0.0,0.0,-0.0033569938968867064,0.01664300635457039,0.0,0.0,0.0,0.0,0.0,-0.012307748198509216,-0.012307748198509216,0.0,0.0,0.0,0.0
44.692,0.013311882270500064,-0.019999999552965164,0.03331188182346523,datactrl_ref_vx_fallback,states_vx_gs,-0.009999999776482582,states_theta,-0.1431240737438202,0.3901699622629078,0.2252647706311675,0.5203469697909453,0.5201062629101421,0.5204526470138852,0.5200005856872022,0.5202786316060054,0.520174601095082,0.0,0.0,0.0,-0.0033440582919865847,0.01665594056248665,0.0,0.0,0.0,0.0,0.0,-0.013184153474867344,-0.003184153698384762,0.0,0.0,0.0,0.0
44.799,0.013311882270500064,-0.019999999552965164,0.03331188182346523,datactrl_ref_vx_fallback,states_vx_gs,-0.019999999552965164,states_theta,-0.14406071603298187,0.3901836084365288,0.22527265929229023,0.5203694673405469,0.5201201551568632,0.5205000035977961,0.5199896188996139,0.5203203943441602,0.5201692281532498,0.0,0.0,0.0,-0.0033440582919865847,0.01665594056248665,0.0,0.0,0.0,0.0,0.0,-0.014035726897418499,0.005964272655546665,0.0,0.0,0.0,0.0
44.899,0.00997412770993833,-0.009999999776482582,0.019974127486420912,datactrl_ref_vx_fallback,states_vx_gs,-0.029999999329447746,states_theta,-0.07810749858617783,0.38982860960208826,0.22506769845491534,0.5199340625311091,0.519608896407793,0.5199845688621789,0.5195583900767231,0.5198742337057896,0.5196687252331125,0.0,0.0,0.0,-1.2935995982843451e-05,0.009987063705921173,0.0,0.0,0.0,0.0,0.0,-0.002153579145669937,0.02784642018377781,0.0,0.0,0.0,0.0
44.999,0.009975019853300182,-0.009999999776482582,0.019975019629782764,datactrl_ref_vx_fallback,states_vx_gs,-0.029999999329447746,states_theta,0.06189903989434242,0.39022960419227937,0.22529920461608985,0.5205110507376618,0.5201012271084164,0.5202050241773737,0.5204072536687046,0.5204307935525734,0.5201814842935049,0.0,0.0,0.0,-1.2489956134231761e-05,0.009987509809434414,0.0,0.0,0.0,0.0,0.0,-0.0026650491636246443,0.027334950864315033,0.0,0.0,0.0,0.0
45.049,0.009975019853300182,-0.009999999776482582,0.019975019629782764,datactrl_ref_vx_fallback,states_vx_gs,-0.029999999329447746,states_theta,0.06189903989434242,0.38986879938007724,0.22509096132528314,0.5200856422814271,0.519564489398779,0.5195606424159692,0.5200894892642368,0.5200516817726465,0.5195984499075595,0.0,0.0,0.0,-1.2489956134231761e-05,0.009987509809434414,0.0,0.0,0.0,0.0,0.0,-0.0026650491636246443,0.027334950864315033,0.0,0.0,0.0,0.0
45.103,0.009999999776482582,-0.009999999776482582,0.019999999552965164,datactrl_ref_vx_fallback,states_vx_gs,-0.019999999552965164,states_theta,0.06399106979370117,0.38986879938007724,0.22509096132528314,0.5200856422814271,0.519564489398779,0.5195606424159692,0.5200894892642368,0.5200516817726465,0.5195984499075595,0.0,0.0,0.0,0.0,0.009999999776482582,0.0,0.0,0.0,0.0,0.0,-0.0031997235491871834,0.016800276935100555,0.0,0.0,0.0,0.0
45.203,0.009999999776482582,-0.009999999776482582,0.019999999552965164,datactrl_ref_vx_fallback,states_vx_gs,-0.019999999552965164,states_theta,0.06346241384744644,0.38986738993323744,0.225090058489794,0.5199769147255984,0.5196694584297015,0.5197571424745101,0.5198892306807897,0.5198506052173392,0.5197957679379607,0.0,0.0,0.0,0.0,0.009999999776482582,0.0,0.0,0.0,0.0,0.0,-0.0037109963595867157,0.01628900319337845,0.0,0.0,0.0,0.0
45.294,0.009999999776482582,-0.009999999776482582,0.019999999552965164,datactrl_ref_vx_fallback,states_vx_gs,-0.009999999776482582,states_theta,0.04392445087432861,0.38988001310324455,0.22509749481668945,0.5197268097877944,0.5199532251541911,0.5201873238314075,0.5194927111105779,0.5194369912570856,0.5202430436848998,0.0,0.0,0.0,0.0,0.009999999776482582,0.0,0.0,0.0,0.0,0.0,-0.004222269635647535,0.005777730140835047,0.0,0.0,0.0,0.0
45.388,0.0166622509714216,-0.009999999776482582,0.02666225074790418,datactrl_ref_vx_fallback,states_vx_gs,-0.009999999776482582,states_theta,0.042977225035429,0.39025650466617423,0.2253147322198715,0.5201755429094329,0.5205084695336984,0.5204179701114421,0.5202660423316893,0.5201741917708814,0.5205098206722499,0.0,0.0,0.0,0.003331125481054187,0.013331125490367413,0.0,0.0,0.0,0.0,0.0,-0.011145069263875484,-0.0011450694873929024,0.0,0.0,0.0,0.0
45.446,0.0166622509714216,-0.009999999776482582,0.02666225074790418,datactrl_ref_vx_fallback,states_vx_gs,-0.009999999776482582,states_theta,0.042977225035429,0.3899097837672289,0.22511454388182997,0.5197141152301882,0.5200453081490889,0.5197464191670852,0.5200130042121919,0.5198621180210793,0.5198973053581978,0.0,0.0,0.0,0.003331125481054187,0.013331125490367413,0.0,0.0,0.0,0.0,0.0,-0.011145069263875484,-0.0011450694873929024,0.0,0.0,0.0,0.0
45.499,0.016688117291778326,-0.009999999776482582,0.026688117068260908,datactrl_ref_vx_fallback,states_vx_gs,-0.011851546354591846,datactrl_est_theta_fallback,0.04273712635040283,0.3899097837672289,0.22511454388182997,0.5197141152301882,0.5200453081490889,0.5197464191670852,0.5200130042121919,0.5198621180210793,0.5198973053581978,0.0,0.0,0.0,0.0033440585248172283,0.013344058766961098,0.0,0.0,0.0,0.0,0.0,-0.011851546354591846,-0.011851546354591846,0.0,0.0,0.0,0.0
45.6,0.016688117291778326,-0.009999999776482582,0.026688117068260908,datactrl_ref_vx_fallback,states_vx_gs,-0.012533792294561863,datactrl_est_theta_fallback,-0.021026937291026115,0.38992394595247004,0.22512271496134403,0.519896940939261,0.5199002482673257,0.5197541462449968,0.5200430429615899,0.5200202307152195,0.5197769584913672,0.0,0.0,0.0,0.0033440585248172283,0.013344058766961098,0.0,0.0,0.0,0.0,0.0,-0.012533792294561863,-0.012533792294561863,0.0,0.0,0.0,0.0
45.657,0.016688117291778326,-0.009999999776482582,0.026688117068260908,datactrl_ref_vx_fallback,states_vx_gs,-0.012533792294561863,datactrl_est_theta_fallback,-0.021026937291026115,0.3903016284773381,0.22534078770476948,0.520458312792637,0.520346029813598,0.5206213585096787,0.5201829840965563,0.5205298269968569,0.5202745156093781,0.0,0.0,0.0,0.0033440585248172283,0.013344058766961098,0.0,0.0,0.0,0.0,0.0,-0.012533792294561863,-0.012533792294561863,0.0,0.0,0.0,0.0
45.749,0.016689006006345153,-0.009999999776482582,0.026689005782827735,datactrl_ref_vx_fallback,states_vx_gs,-0.019999999552965164,states_theta,-0.1474422812461853,0.38994374565962925,0.22513421348678891,0.5199350667893868,0.5199149216362912,0.5202824908429605,0.5195674975827175,0.5197555287375014,0.5200944596881766,0.0,0.0,0.0,0.0033445029985159636,0.01334450300782919,0.0,0.0,0.0,0.0,0.0,-0.013216893188655376,0.006783106364309788,0.0,0.0,0.0,0.0
45.803,0.016689006006345153,-0.009999999776482582,0.026689005782827735,datactrl_ref_vx_fallback,states_vx_gs,-0.019999999552965164,states_theta,-0.07268154621124268,0.38994374565962925,0.22513421348678891,0.5199350667893868,0.5199149216362912,0.5202824908429605,0.5195674975827175,0.5197555287375014,0.5200944596881766,0.0,0.0,0.0,0.0033445029985159636,0.01334450300782919,0.0,0.0,0.0,0.0,0.0,-0.013899161480367184,0.006100837606936693,0.0,0.0,0.0,0.0
45.893,0.016713988268747926,-0.009999999776482582,0.026713988045230508,datactrl_ref_vx_fallback,states_vx_gs,-0.029999999329447746,states_theta,-0.07303209602832794,0.38997299227546933,0.22515102947951143,0.5200107399447969,0.5199172394564546,0.5200917344780754,0.519836244923176,0.5200773888959441,0.5198505905053074,0.0,0.0,0.0,0.0033569943625479937,0.013356993906199932,0.0,0.0,0.0,0.0,0.0,-0.014605472795665264,0.015394526533782482,0.0,0.0,0.0,0.0
45.987,0.02337623294442892,-0.009999999776482582,0.0333762327209115,datactrl_ref_vx_fallback,states_vx_gs,-0.029999999329447746,states_theta,0.08233872801065445,0.3899757813128148,0.22515268734483515,0.5199577869139055,0.5199776299202673,0.5196732549096609,0.5202621619245119,0.5201418512119357,0.5197935656222371,0.0,0.0,0.0,0.006688117049634457,0.016688115894794464,0.0,0.0,0.0,0.0,0.0,-0.021699901670217514,0.008300098590552807,0.0,0.0,0.0,0.0
46.09,0.023378012236207724,-0.009999999776482582,0.033378012012690306,datactrl_ref_vx_fallback,states_vx_gs,-0.019999999552965164,states_theta,0.15454086661338806,0.3899925895000825,0.22516240585866998,0.5197870084744987,0.520193230192388,0.5199782129045148,0.5200020257623718,0.5196715299940332,0.5203087086728534,0.0,0.0,0.0,0.006689005997031927,0.016689006239175797,0.0,0.0,0.0,0.0,0.0,-0.022554829716682434,-0.0025548310950398445,0.0,0.0,0.0,0.0
46.18,0.023378012236207724,-0.009999999776482582,0.033378012012690306,datactrl_ref_vx_fallback,states_vx_gs,-0.019999999552965164,states_theta,-0.10237020254135132,0.38999643155370406,0.22516457150580318,0.5200054625268449,0.519985021616366,0.5202136503962334,0.5197768337469775,0.5199750905655991,0.5200153935776117,0.0,0.0,0.0,0.006689005997031927,0.016689006239175797,0.0,0.0,0.0,0.0,0.0,-0.02340809442102909,-0.0034080948680639267,0.0,0.0,0.0,0.0
46.285,0.023378012236207724,-0.009999999776482582,0.033378012012690306,datactrl_ref_vx_fallback,states_vx_gs,-0.029999999329447746,states_theta,-0.11448770761489868,0.39001429273154314,0.2251750764446331,0.5203207207658687,0.5197173931849131,0.5197908891844992,0.5202472247662825,0.5205214837074473,0.5195166302433344,0.0,0.0,0.0,0.006689005997031927,0.016689006239175797,0.0,0.0,0.0,0.0,0.0,-0.024261359125375748,0.005738641135394573,0.0,0.0,0.0,0.0
46.389,0.023404778447002172,-0.009999999776482582,0.033404778223484755,datactrl_ref_vx_fallback,states_vx_gs,-0.029999999329447746,states_theta,0.05854957550764084,0.3900462126137855,0.2251933044929558,0.5201246133106783,0.5199986203260831,0.5199035562520951,0.5202196773846663,0.5201297073210838,0.5199935263156776,0.0,0.0,0.0,0.0067023891024291515,0.01670238934457302,0.0,0.0,0.0,0.0,0.0,-0.02514038048684597,0.004859618376940489,0.0,0.0,0.0,0.0
46.49,0.023404778447002172,-0.009999999776482582,0.033404778223484755,datactrl_ref_vx_fallback,states_vx_gs,-0.019999999552965164,states_theta,0.030467599630355835,0.3900515940059033,0.22519661141499486,0.5198099263849265,0.5203276576308156,0.5204245059370063,0.5197130780787358,0.5196212297440348,0.5205163542717073,0.0,0.0,0.0,0.0067023891024291515,0.01670238934457302,0.0,0.0,0.0,0.0,0.0,-0.025994328781962395,-0.005994329694658518,0.0,0.0,0.0,0.0
46.584,0.023404778447002172,-0.009999999776482582,0.033404778223484755,datactrl_ref_vx_fallback,states_vx_gs,-0.019999999552965164,states_theta,0.0007873906288295984,0.3900710610474492,0.2252076328599546,0.5200809563704515,0.5201085397560797,0.5200603927927222,0.520129103333809,0.5200938551920239,0.5200956409345073,0.0,0.0,0.0,0.0067023891024291515,0.01670238934457302,0.0,0.0,0.0,0.0,0.0,-0.02684827707707882,-0.006848277524113655,0.0,0.0,0.0,0.0
46.688,0.023404778447002172,-0.009999999776482582,0.033404778223484755,datactrl_ref_vx_fallback,states_vx_gs,-0.019999999552965164,states_theta,-0.026476263999938965,0.3901045064299447,0.22522710262149634,0.5203165079127761,0.5199621759004098,0.5197881422055904,0.5204905416075954,0.5205068236132252,0.5197718601999607,0.0,0.0,0.0,0.0067023891024291515,0.01670238934457302,0.0,0.0,0.0,0.0,0.0,-0.027702225372195244,-0.00770222581923008,0.0,0.0,0.0,0.0
46.801,0.030067013576626778,-0.009999999776482582,0.04006701335310936,datactrl_ref_vx_fallback,states_vx_gs,-0.029999999329447746,states_theta,-0.036611489951610565,0.39012498660890593,0.22523877958537508,0.5200966976886587,0.5202365999350904,0.5202881292978304,0.5200451683259187,0.5200976297089223,0.5202356679148269,0.0,0.0,0.0,0.010033506900072098,0.02003350667655468,0.0,0.0,0.0,0.0,0.0,-0.03496768698096275,-0.004967685788869858,0.0,0.0,0.0,0.0
46.86,0.030067013576626778,-0.009999999776482582,0.04006701335310936,datactrl_ref_vx_fallback,states_vx_gs,-0.029999999329447746,states_theta,-0.036611489951610565,0.39013244637804434,0.2252431743992879,0.5199857273917188,0.5203674629497328,0.5204382577132153,0.5199149326282363,0.5198974294134183,0.5204557609280333,0.0,0.0,0.0,0.010033506900072098,0.02003350667655468,0.0,0.0,0.0,0.0,0.0,-0.03496768698096275,-0.004967685788869858,0.0,0.0,0.0,0.0
46.947,0.030093783512711525,-0.009999999776482582,0.04009378328919411,datactrl_ref_vx_fallback,states_vx_gs,-0.029999999329447746,states_theta,-0.005896011367440224,0.390126846444115,0.22523988181204105,0.520232698982663,0.5201055582016437,0.5199632353129687,0.520375021871338,0.5203401441814549,0.5199981130028518,0.0,0.0,0.0,0.010046891868114471,0.020046891644597054,0.0,0.0,0.0,0.0,0.0,-0.036017708480358124,-0.006017707753926516,0.0,0.0,0.0,0.0
47.093,0.020093783736228943,0.010046891868114471,0.010046891868114471,datactrl_ref_vx_fallback,datactrl_est_vx_fallback,-0.029999999329447746,states_theta,-0.01867559365928173,0.39016224961151225,0.22526046067448383,0.5203773874862713,0.520055278144428,0.5198852998612709,0.5205473657694284,0.5206526306619834,0.5197800349687158,0.0,0.0,0.0,0.010046891868114471,0.010046891868114471,0.0,0.0,0.0,0.0,0.0,-0.018615756183862686,0.01138424314558506,0.0,0.0,0.0,0.0
47.196,0.02009732276201248,0.01004866138100624,0.01004866138100624,datactrl_ref_vx_fallback,datactrl_est_vx_fallback,-0.029999999329447746,states_theta,-0.019006848335266113,0.390157567396808,0.2252575940063389,0.520362435888991,0.5200577438358304,0.5202242092496482,0.5201959704751732,0.5202996746628347,0.5201205050619867,0.0,0.0,0.0,0.01004866138100624,0.01004866138100624,0.0,0.0,0.0,0.0,0.0,-0.019132832065224648,0.010867166332900524,0.0,0.0,0.0,0.0
47.246,0.02009732276201248,0.01004866138100624,0.01004866138100624,datactrl_ref_vx_fallback,datactrl_est_vx_fallback,-0.029999999329447746,states_theta,-0.019006848335266113,0.3901668499477226,0.22526299676612752,0.5203749369375887,0.5200699962563382,0.5204422969427223,0.5200026362512047,0.5200269890580811,0.5204179441358459,0.0,0.0,0.0,0.01004866138100624,0.01004866138100624,0.0,0.0,0.0,0.0,0.0,-0.019132832065224648,0.010867166332900524,0.0,0.0,0.0,0.0
47.302,0.02009732276201248,0.01004866138100624,0.01004866138100624,datactrl_ref_vx_fallback,datactrl_est_vx_fallback,-0.029999999329447746,states_theta,0.01808401383459568,0.3901668499477226,0.22526299676612752,0.5203749369375887,0.5200699962563382,0.5204422969427223,0.5200026362512047,0.5200269890580811,0.5204179441358459,0.0,0.0,0.0,0.01004866138100624,0.01004866138100624,0.0,0.0,0.0,0.0,0.0,-0.019646594300866127,0.010353405959904194,0.0,0.0,0.0,0.0
47.406,0.020093783736228943,0.010046891868114471,0.010046891868114471,datactrl_ref_vx_fallback,datactrl_est_vx_fallback,-0.029999999329447746,states_theta,0.017992883920669556,0.3898112801333413,0.22505772133737176,0.5198841866738562,0.5196125603483874,0.5199984822954565,0.5194982647267871,0.5195205378933928,0.5199762091288508,0.0,0.0,0.0,0.010046891868114471,0.010046891868114471,0.0,0.0,0.0,0.0,0.0,-0.020156947895884514,0.009843050502240658,0.0,0.0,0.0,0.0
47.504,0.020093783736228943,0.010046891868114471,0.010046891868114471,datactrl_ref_vx_fallback,datactrl_est_vx_fallback,-0.029999999329447746,states_theta,0.0693012997508049,0.3901952204051138,0.22527938455983015,0.5204201559253876,0.5201004318215825,0.5204349898472624,0.5200855978997077,0.5199989127902245,0.5205216749567456,0.0,0.0,0.0,0.010046891868114471,0.010046891868114471,0.0,0.0,0.0,0.0,0.0,-0.02067061886191368,0.009329380467534065,0.0,0.0,0.0,0.0
47.597,0.02011609449982643,0.010058047249913216,0.010058047249913216,datactrl_ref_vx_fallback,datactrl_est_vx_fallback,-0.019999999552965164,states_theta,0.030381102114915848,0.38981531048727536,0.22506000964434966,0.5199763509932037,0.5195311436395306,0.5196449425667021,0.5198625520660322,0.5197983178675992,0.5197091767651351,0.0,0.0,0.0,0.010058047249913216,0.010058047249913216,0.0,0.0,0.0,0.0,0.0,-0.021205760538578033,-0.001205761218443513,0.0,0.0,0.0,0.0
47.65,0.02011609449982643,0.010058047249913216,0.010058047249913216,datactrl_ref_vx_fallback,datactrl_est_vx_fallback,-0.019999999552965164,states_theta,0.030381102114915848,0.39019853402026183,0.22528125607956187,0.5204671227852403,0.5200623012687912,0.5201823601573442,0.5203470638966873,0.5203056483168379,0.5202237757371936,0.0,0.0,0.0,0.010058047249913216,0.010058047249913216,0.0,0.0,0.0,0.0,0.0,-0.021205760538578033,-0.001205761218443513,0.0,0.0,0.0,0.0
47.702,0.02011609449982643,0.010058047249913216,0.010058047249913216,datactrl_ref_vx_fallback,datactrl_est_vx_fallback,-0.019999999552965164,states_theta,0.0179921705275774,0.39019853402026183,0.22528125607956187,0.5204671227852403,0.5200623012687912,0.5201823601573442,0.5203470638966873,0.5203056483168379,0.5202237757371936,0.0,0.0,0.0,0.010058047249913216,0.010058047249913216,0.0,0.0,0.0,0.0,0.0,-0.021720001474022865,-0.001720002037473023,0.0,0.0,0.0,0.0
47.752,0.02011609449982643,0.010058047249913216,0.010058047249913216,datactrl_ref_vx_fallback,datactrl_est_vx_fallback,-0.019999999552965164,states_theta,0.0179921705275774,0.3898475839379828,0.22507864627943303,0.5200266513056656,0.5195669058622886,0.5196852824218634,0.5199082747460908,0.5198638707302665,0.5197296864376877,0.0,0.0,0.0,0.010058047249913216,0.010058047249913216,0.0,0.0,0.0,0.0,0.0,-0.021720001474022865,-0.001720002037473023,0.0,0.0,0.0,0.0
47.805,0.02011609449982643,0.010058047249913216,0.010058047249913216,datactrl_ref_vx_fallback,datactrl_est_vx_fallback,-0.019999999552965164,states_theta,0.01800594851374626,0.3898475839379828,0.22507864627943303,0.5200266513056656,0.5195669058622886,0.5196852824218634,0.5199082747460908,0.5198638707302665,0.5197296864376877,0.0,0.0,0.0,0.010058047249913216,0.010058047249913216,0.0,0.0,0.0,0.0,0.0,-0.022234242409467697,-0.002234242856502533,0.0,0.0,0.0,0.0
47.899,0.02011609449982643,0.010058047249913216,0.010058047249913216,datactrl_ref_vx_fallback,datactrl_est_vx_fallback,-0.009999999776482582,states_theta,0.018006671220064163,0.3898555194822528,0.2250832193856803,0.5199973702188254,0.5196173484005153,0.5196749311055778,0.5199397875137629,0.5198366909435544,0.5197780276757863,0.0,0.0,0.0,0.010058047249913216,0.010058047249913216,0.0,0.0,0.0,0.0,0.0,-0.02274848334491253,-0.012748483568429947,0.0,0.0,0.0,0.0
47.998,0.02011609449982643,0.010058047249913216,0.010058047249913216,datactrl_ref_vx_fallback,datactrl_est_vx_fallback,-0.009999999776482582,states_theta,0.018006673082709312,0.3902272025618997,0.22529779025029995,0.5202414674071771,0.520364406091222,0.5203136607975309,0.5202922127008682,0.5201855450706931,0.520420328427706,0.0,0.0,0.0,0.010058047249913216,0.010058047249913216,0.0,0.0,0.0,0.0,0.0,-0.02326272428035736,-0.013262724503874779,0.0,0.0,0.0,0.0
48.108,0.02011609449982643,0.010058047249913216,0.010058047249913216,datactrl_ref_vx_fallback,datactrl_est_vx_fallback,-0.009999999776482582,states_theta,0.018006673082709312,0.3898774134601197,0.22509585709151314,0.5197161233391532,0.519956979221166,0.5199016291637591,0.51977147339656,0.5196612062083302,0.520011896351989,0.0,0.0,0.0,0.010058047249913216,0.010058047249913216,0.0,0.0,0.0,0.0,0.0,-0.023776965215802193,-0.01377696543931961,0.0,0.0,0.0,0.0
48.201,0.026778340339660645,0.013389170169830322,0.013389170169830322,datactrl_ref_vx_fallback,datactrl_est_vx_fallback,-0.009999999776482582,states_theta,-0.045060042291879654,0.3898865370212765,0.2251011150135016,0.5197105596856676,0.5199868723710698,0.5199201392775206,0.5197772927792168,0.5197589074902114,0.519938524566526,0.0,0.0,0.0,0.013389170169830322,0.013389170169830322,0.0,0.0,0.0,0.0,0.0,-0.030702726915478706,-0.020702727138996124,0.0,0.0,0.0,0.0
48.298,0.026778340339660645,0.013389170169830322,0.013389170169830322,datactrl_ref_vx_fallback,datactrl_est_vx_fallback,-0.019999999552965164,states_theta,-0.13467837870121002,0.39025981007736127,0.22531663823098994,0.5201665646247348,0.5205262622482286,0.520432439525367,0.5202603873475964,0.520479178713058,0.5202136481599053,0.0,0.0,0.0,0.013389170169830322,0.013389170169830322,0.0,0.0,0.0,0.0,0.0,-0.03138728067278862,-0.011387280188500881,0.0,0.0,0.0,0.0
48.395,0.026782790198922157,0.013391395099461079,0.013391395099461079,datactrl_ref_vx_fallback,datactrl_est_vx_fallback,-0.03999999910593033,states_theta,-0.1350613385438919,0.38989663185344586,0.22510697204429708,0.5196968048900783,0.5200275467191107,0.5199844937598176,0.5197398578493714,0.5200665489215149,0.519657802687674,0.0,0.0,0.0,0.013391395099461079,0.013391395099461079,0.0,0.0,0.0,0.0,0.0,-0.03207611292600632,0.007923885248601437,0.0,0.0,0.0,0.0
48.493,0.026782790198922157,0.013391395099461079,0.013391395099461079,datactrl_ref_vx_fallback,datactrl_est_vx_fallback,-0.03999999910593033,states_theta,-0.014358867891132832,0.38992043603471704,0.22512067279313508,0.5198600617429848,0.5199277676829274,0.5198877749945745,0.5199000544313377,0.5199724955223031,0.5198153339036091,0.0,0.0,0.0,0.013391395099461079,0.013391395099461079,0.0,0.0,0.0,0.0,0.0,-0.032760780304670334,0.0072392188012599945,0.0,0.0,0.0,0.0
48.59,0.026814866811037064,0.013407433405518532,0.013407433405518532,datactrl_ref_vx_fallback,datactrl_est_vx_fallback,-0.03999999910593033,states_theta,0.07469220459461212,0.39028060046968893,0.2253286230087804,0.5205027784742485,0.5202454894449219,0.520298508697415,0.5204497592217554,0.5203335273148635,0.5204147406043069,0.0,0.0,0.0,0.013407433405518532,0.013407433405518532,0.0,0.0,0.0,0.0,0.0,-0.033476315438747406,0.006523683667182922,0.0,0.0,0.0,0.0
48.689,0.026809556409716606,0.013404778204858303,0.013404778204858303,datactrl_ref_vx_fallback,datactrl_est_vx_fallback,-0.029999999329447746,states_theta,0.07501611113548279,0.3899331873885509,0.2251280550089815,0.5200662388685925,0.5197555941675432,0.5197773550845937,0.5200444779515421,0.5198683862234619,0.5199534468126739,0.0,0.0,0.0,0.013404778204858303,0.013404778204858303,0.0,0.0,0.0,0.0,0.0,-0.034156691282987595,-0.004156691487878561,0.0,0.0,0.0,0.0
48.761,0.026809556409716606,0.013404778204858303,0.013404778204858303,datactrl_ref_vx_fallback,datactrl_est_vx_fallback,-0.029999999329447746,states_theta,0.07501611113548279,0.38993115443992604,0.22512686465643952,0.5199959254111418,0.519820486428661,0.5199025159078793,0.5199138959319235,0.519830129469747,0.5199862823700557,0.0,0.0,0.0,0.013404778204858303,0.013404778204858303,0.0,0.0,0.0,0.0,0.0,-0.034156691282987595,-0.004156691487878561,0.0,0.0,0.0,0.0
48.878,0.026809556409716606,0.013404778204858303,0.013404778204858303,datactrl_ref_vx_fallback,datactrl_est_vx_fallback,-0.029999999329447746,states_theta,-0.1087723821401596,0.3899430050102934,0.22513381172415015,0.519754159903854,0.5200938534569284,0.5203010822459613,0.5195469311148211,0.5197447026728916,0.5201033106878907,0.0,0.0,0.0,0.013404778204858303,0.013404778204858303,0.0,0.0,0.0,0.0,0.0,-0.035527389496564865,-0.005527392029762268,0.0,0.0,0.0,0.0
48.974,0.026809556409716606,0.013404778204858303,0.013404778204858303,datactrl_ref_vx_fallback,datactrl_est_vx_fallback,-0.03999999910593033,states_theta,-0.10672768205404282,0.38996875290129474,0.22514862317995207,0.5200184638019577,0.519898210601495,0.5198911913017769,0.5200254831016758,0.520270805350742,0.5196458690527107,0.0,0.0,0.0,0.013404778204858303,0.013404778204858303,0.0,0.0,0.0,0.0,0.0,-0.0362127423286438,0.003787257708609104,0.0,0.0,0.0,0.0
49.066,1.0,0.02340477891266346,0.9765952210873365,gncbus_cmd,datactrl_est_vx_fallback,-0.03999999910593033,states_theta,0.0721757560968399,0.38998142696907395,0.2251559468457812,0.5201144512675677,0.5198360206499628,0.5197024314676923,0.5202480404498382,0.5201278436525445,0.519822628264986,0.0,0.0,0.0,0.02340477891266346,0.02340477891266346,0.0,0.0,0.0,0.0,0.0,-0.05614542216062546,-0.01614542119204998,0.0,0.0,0.0,0.0
49.17,1.0,0.12340477854013443,0.8765952214598656,gncbus_cmd,datactrl_est_vx_fallback,-0.029999999329447746,states_theta,0.06340142339468002,0.3899809870346983,0.22515580900022816,0.519761672732526,0.5201876260266693,0.520210490298334,0.5197388084608614,0.5194999619866338,0.5204493367725616,0.0,0.0,0.0,0.12340477854013443,0.12340477854013443,0.0,0.0,0.0,0.0,0.0,-0.25211605429649353,-0.22211606800556183,0.0,0.0,0.0,0.0
49.295,1.0,0.22340478003025055,0.7765952199697495,gncbus_cmd,datactrl_est_vx_fallback,-0.03999999910593033,states_theta,-0.020122841000556946,0.3899944845898311,0.2251635212465955,0.519909566371015,0.5200757258685346,0.5198863498748106,0.520098942364739,0.5195889314384577,0.5203963608010919,0.0,0.0,0.0,0.22340478003025055,0.22340478003025055,0.0,0.0,0.0,0.0,0.0,-0.45319944620132446,-0.41319942474365234,0.0,0.0,0.0,0.0
49.397,1.0,0.32340478897094727,0.6765952110290527,gncbus_cmd,datactrl_est_vx_fallback,-0.03999999910593033,states_theta,-0.11285190284252167,0.3900218254931259,0.2251795983362787,0.5202808072290936,0.5197773940859087,0.5192395325443081,0.5208186687706943,0.5198873065794324,0.52017089473557,0.0,0.0,0.0,0.32340478897094727,0.32340478897094727,0.0,0.0,0.0,0.0,0.0,-0.6593955159187317,-0.6193955540657043,0.0,0.0,0.0,0.0
49.494,1.0,0.4234047830104828,0.5765952169895172,gncbus_cmd,datactrl_est_vx_fallback,-0.07999999821186066,states_theta,-0.49112582206726074,0.39003602500919055,0.22518795307835657,0.5201660412665968,0.5199300254245779,0.5190977573099966,0.5209983093811781,0.5197794144568839,0.5203166522342908,0.0,0.0,0.0,0.4234047830104828,0.4234047830104828,0.0,0.0,0.0,0.0,0.0,-0.8707043528556824,-0.7907043695449829,0.0,0.0,0.0,0.0
49.564,1.0,0.4234047830104828,0.5765952169895172,gncbus_cmd,datactrl_est_vx_fallback,-0.07999999821186066,states_theta,-0.49112582206726074,0.3900371510909534,0.22518868760168767,0.5198887583978328,0.5202103111780428,0.5191246055058468,0.5209744640700288,0.5195398515583373,0.5205592180175383,0.0,0.0,0.0,0.4234047830104828,0.4234047830104828,0.0,0.0,0.0,0.0,0.0,-0.8707043528556824,-0.7907043695449829,0.0,0.0,0.0,0.0
49.668,1.0,0.6234048008918762,0.3765951991081238,gncbus_cmd,datactrl_est_vx_fallback,-0.26999998092651367,states_theta,-1.2568061351776123,0.3900386278668004,0.2251896963711337,0.5199491715643607,0.5201538360804403,0.518968801835163,0.521134205809638,0.5195618912672801,0.5205411163775209,0.0,0.0,0.0,0.6234048008918762,0.6234048008918762,0.0,0.0,0.0,0.0,0.0,-1.3086602687835693,-1.0386602878570557,0.0,0.0,0.0,0.0
49.765,1.0,0.009999999776482582,0.9900000002235174,gncbus_cmd,states_vx_gs,-0.429999977350235,states_theta,-1.8054863214492798,0.39005401543830864,0.2251983871476063,0.5202285417372517,0.5199154994315712,0.5191173091160437,0.5210267320527793,0.5197000305184842,0.5204440106503387,0.0,0.0,0.0,0.7234047651290894,0.7134047746658325,0.0,0.0,0.0,0.0,0.0,-1.5155997276306152,-1.0855997800827026,0.0,0.0,0.0,0.0
49.871,1.0,0.019999999552965164,0.9800000004470348,gncbus_cmd,states_vx_gs,-0.6599999666213989,states_theta,-2.4096601009368896,0.39008330061040664,0.22521484858203802,0.5201262520700761,0.5200958828910082,0.5198065674761735,0.5204155674849108,0.5196900571658806,0.5205320777952037,0.0,0.0,0.0,0.8234047889709473,0.8034048080444336,0.0,0.0,0.0,0.0,0.0,-1.7273452281951904,-1.0673452615737915,0.0,0.0,0.0,0.0
49.967,1.0,0.029999999329447746,0.9700000006705523,gncbus_cmd,states_vx_gs,-0.9300000071525574,states_theta,-2.799182415008545,0.3900994033831804,0.22522406919312188,0.5199424898395713,0.5203225858489098,0.520264415075425,0.520000660613056,0.5198511616428416,0.5204139140456394,0.0,0.0,0.0,0.9234047532081604,0.8934047818183899,0.0,0.0,0.0,0.0,0.0,-1.9436410665512085,-1.013641119003296,0.0,0.0,0.0,0.0
50.062,1.0,0.04999999701976776,0.9500000029802322,gncbus_cmd,states_vx_gs,-1.2200000286102295,states_theta,-2.983952760696411,0.3901024194556141,0.2252258150610621,0.5201157541089615,0.5201573644393428,0.5203712872168782,0.5199018313314261,0.5204286713276052,0.5198444472206991,0.0,0.0,0.0,1.0,0.949999988079071,0.0,0.0,0.0,0.0,0.0,-2.0998504161834717,-0.879850447177887,0.0,0.0,0.0,0.0
50.158,1.0,0.07999999821186066,0.9200000017881393,gncbus_cmd,states_vx_gs,-1.4800000190734863,states_theta,-2.794370174407959,0.3901192784920389,0.22523606177413152,0.5203472484193568,0.5199708275594137,0.5204598595182753,0.5198582164604951,0.5211283551672613,0.5191897208115092,0.0,0.0,0.0,1.0,0.9200000166893005,0.0,0.0,0.0,0.0,0.0,-2.0900659561157227,-0.6100658774375916,0.0,0.0,0.0,0.0
50.253,1.0,0.09999999403953552,0.9000000059604645,gncbus_cmd,states_vx_gs,-1.7300000190734863,states_theta,-2.332784414291382,0.3901229423031514,0.225238370041469,0.5202756432513738,0.5200522028903634,0.5206863117208617,0.5196415344208755,0.5212259193482215,0.5191019267935156,0.0,0.0,0.0,1.0,0.8999999761581421,0.0,0.0,0.0,0.0,0.0,-2.0981993675231934,-0.36819928884506226,0.0,0.0,0.0,0.0
50.357,1.0,0.12999999523162842,0.8700000047683716,gncbus_cmd,states_vx_gs,-1.9199999570846558,states_theta,-1.7336112260818481,0.39012693036903096,0.22524056860906577,0.5200544093766872,0.5202840716073953,0.5209916126666647,0.5193468683174178,0.5209016622367357,0.5194368187473468,0.0,0.0,0.0,1.0,0.8700000047683716,0.0,0.0,0.0,0.0,0.0,-2.085705041885376,-0.16570504009723663,0.0,0.0,0.0,0.0
50.456,1.0,0.17000000178813934,0.8299999982118607,gncbus_cmd,states_vx_gs,-2.049999952316284,states_theta,-1.1734224557876587,0.39014477490438315,0.22525081662596524,0.519996989918998,0.5203890764926904,0.5211081805544286,0.5192778858572598,0.5206948181145241,0.5196912482971643,0.0,0.0,0.0,1.0,0.8299999833106995,0.0,0.0,0.0,0.0,0.0,-2.052276134490967,-0.0022761747241020203,0.0,0.0,0.0,0.0
50.552,1.0,0.19999998807907104,0.800000011920929,gncbus_cmd,states_vx_gs,-2.129999876022339,states_theta,-0.5590009689331055,0.39014938399106597,0.22525308103627775,0.5200656772723933,0.520332680037116,0.5206602352376879,0.5197381220718214,0.5206264546088089,0.5197719027007004,0.0,0.0,0.0,1.0,0.800000011920929,0.0,0.0,0.0,0.0,0.0,-2.0363051891326904,0.09369470179080963,0.0,0.0,0.0,0.0
50.662,1.0,0.23999999463558197,0.760000005364418,gncbus_cmd,states_vx_gs,-2.1499998569488525,states_theta,-0.07746101915836334,0.39015428977645017,0.22525572776717287,0.5202014077724058,0.5202100316314613,0.5203299648444435,0.5200814745594236,0.5204567262190447,0.5199547131848223,0.0,0.0,0.0,1.0,0.7599999904632568,0.0,0.0,0.0,0.0,0.0,-1.9992462396621704,0.15075358748435974,0.0,0.0,0.0,0.0
50.761,1.0,0.2800000011920929,0.7199999988079071,gncbus_cmd,states_vx_gs,-2.129999876022339,states_theta,0.2698575556278229,0.3901459198101799,0.2252508571431831,0.5201818483564308,0.5202072711373823,0.5201804962541388,0.5202086232396743,0.5200985238943294,0.5202905955994837,0.0,0.0,0.0,1.0,0.7200000286102295,0.0,0.0,0.0,0.0,0.0,-1.9603468179702759,0.16965308785438538,0.0,0.0,0.0,0.0
50.866,1.0,0.3100000023841858,0.6899999976158142,gncbus_cmd,states_vx_gs,-2.0899999141693115,states_theta,0.40574371814727783,0.3897741557585168,0.22503626711175104,0.5196879773386429,0.5197097713507353,0.519542652928639,0.5198550957607392,0.5194314007251327,0.5199663479642455,0.0,0.0,0.0,1.0,0.6899999976158142,0.0,0.0,0.0,0.0,0.0,-1.93880295753479,0.15119698643684387,0.0,0.0,0.0,0.0
50.96,1.0,0.3499999940395355,0.6500000059604645,gncbus_cmd,states_vx_gs,-2.0399999618530273,states_theta,0.5545800924301147,0.39015339881893785,0.22525531489899772,0.5202066262288385,0.5202024372883292,0.5198738911148238,0.5205351724023438,0.519814548760484,0.5205945147566836,0.0,0.0,0.0,1.0,0.6499999761581421,0.0,0.0,0.0,0.0,0.0,-1.8962733745574951,0.14372654259204865,0.0,0.0,0.0,0.0
51.056,1.0,0.3799999952316284,0.6200000047683716,gncbus_cmd,states_vx_gs,-1.9900000095367432,states_theta,0.4904029071331024,0.3901593848707244,0.2252587749299014,0.5202204619594626,0.5202045643624691,0.5198120236503954,0.5206130026715363,0.519883667129537,0.5205413591923946,0.0,0.0,0.0,1.0,0.6200000047683716,0.0,0.0,0.0,0.0,0.0,-1.8713040351867676,0.11869597434997559,0.0,0.0,0.0,0.0
51.156,1.0,0.4099999964237213,0.5900000035762787,gncbus_cmd,states_vx_gs,-1.9499999284744263,states_theta,0.35003408789634705,0.3901791731663776,0.2252701371385302,0.5202712851922321,0.5202065099181082,0.5199047999965587,0.5205729951137816,0.5200311033133058,0.5204466917970345,0.0,0.0,0.0,1.0,0.5900000333786011,0.0,0.0,0.0,0.0,0.0,-1.8446474075317383,0.1053524762392044,0.0,0.0,0.0,0.0
51.254,1.0,0.4399999976158142,0.5600000023841858,gncbus_cmd,states_vx_gs,-1.9199999570846558,states_theta,0.33380642533302307,0.38980922624834546,0.22505654139156858,0.5198017677985408,0.519689502197047,0.519535494664205,0.5199557753313828,0.5194355410714817,0.5200557289241061,0.0,0.0,0.0,1.0,0.5600000023841858,0.0,0.0,0.0,0.0,0.0,-1.8163036108016968,0.1036962941288948,0.0,0.0,0.0,0.0
51.356,1.0,0.4699999988079071,0.5300000011920929,gncbus_cmd,states_vx_gs,-1.8700000047683716,states_theta,0.5080674886703491,0.3901891742946573,0.22527608966173188,0.5203078432821595,0.5201966215035934,0.5198961671764754,0.5206082976092775,0.5196627955560059,0.520841669229747,0.0,0.0,0.0,1.0,0.5299999713897705,0.0,0.0,0.0,0.0,0.0,-1.7863237857818604,0.08367620408535004,0.0,0.0,0.0,0.0
51.458,1.0,0.5099999904632568,0.49000000953674316,gncbus_cmd,states_vx_gs,-1.809999942779541,states_theta,0.6351345181465149,0.3902077820692202,0.22528700430684043,0.5203455690336183,0.5202085164843022,0.5196426770753184,0.5209114084426021,0.519661245695189,0.5208928398227315,0.0,0.0,0.0,1.0,0.49000000953674316,0.0,0.0,0.0,0.0,0.0,-1.7380679845809937,0.07193189859390259,0.0,0.0,0.0,0.0
51.562,1.0,0.5399999618530273,0.46000003814697266,gncbus_cmd,states_vx_gs,-1.7400000095367432,states_theta,0.6816858649253845,0.389839074152189,0.22507435238910703,0.5198655782155354,0.5197052861903019,0.5189946017142846,0.5205762626915527,0.519041839923891,0.5205290244819463,0.0,0.0,0.0,1.0,0.46000003814697266,0.0,0.0,0.0,0.0,0.0,-1.7048161029815674,0.03518391773104668,0.0,0.0,0.0,0.0
51.675,1.0,0.5699999928474426,0.4300000071525574,gncbus_cmd,states_vx_gs,-1.6799999475479126,states_theta,0.6624362468719482,0.39021988619950476,0.22529430537148615,0.5203725042265214,0.520213858972158,0.5195068568342457,0.5210795063644337,0.5194414665684547,0.5211448966302247,0.0,0.0,0.0,1.0,0.4300000071525574,0.0,0.0,0.0,0.0,0.0,-1.6700302362442017,0.009969742968678474,0.0,0.0,0.0,0.0
51.773,1.0,0.5899999737739563,0.4100000262260437,gncbus_cmd,states_vx_gs,-1.6299999952316284,states_theta,0.45542261004447937,0.38983825265241917,0.22507378535914616,0.5198677896576034,0.5197008840821811,0.5191137533942313,0.5204549203455532,0.5190352470494167,0.5205334266903677,0.0,0.0,0.0,1.0,0.4100000262260437,0.0,0.0,0.0,0.0,0.0,-1.6531113386154175,-0.023111309856176376,0.0,0.0,0.0,0.0
51.865,1.0,0.6200000047683716,0.3799999952316284,gncbus_cmd,states_vx_gs,-1.5899999141693115,states_theta,0.3894079029560089,0.389842702736492,0.22507628289699796,0.5199071477584368,0.5196733928722085,0.5192049621567514,0.5203755784738939,0.5190606066369943,0.520519933993651,0.0,0.0,0.0,1.0,0.3799999952316284,0.0,0.0,0.0,0.0,0.0,-1.6157690286636353,-0.02576913870871067,0.0,0.0,0.0,0.0
51.955,1.0,0.6399999856948853,0.36000001430511475,gncbus_cmd,states_vx_gs,-1.5299999713897705,states_theta,0.619870662689209,0.39022354751220645,0.2252967825854214,0.5204077887870532,0.520188337912164,0.5193830919377795,0.5212130347614377,0.5192230205599977,0.5213731061392195,0.0,0.0,0.0,1.0,0.36000001430511475,0.0,0.0,0.0,0.0,0.0,-1.5962938070297241,-0.06629382073879242,0.0,0.0,0.0,0.0
52.055,1.0,0.6699999570846558,0.33000004291534424,gncbus_cmd,states_vx_gs,-1.46999990940094,states_theta,0.640334963798523,0.3898696815507229,0.2250926612178364,0.5199682399257827,0.5196842442094783,0.5187351420226138,0.5209173421126472,0.5187668001416186,0.5208856839936424,0.0,0.0,0.0,1.0,0.33000004291534424,0.0,0.0,0.0,0.0,0.0,-1.5563441514968872,-0.08634424954652786,0.0,0.0,0.0,0.0
52.16,1.0,0.6899999976158142,0.3100000023841858,gncbus_cmd,states_vx_gs,-1.409999966621399,states_theta,0.597741425037384,0.39022366652296486,0.2252971974802912,0.5204432939118517,0.5201531501493879,0.5191430628960702,0.5214533811651695,0.519169751717168,0.5214266923440717,0.0,0.0,0.0,1.0,0.3100000023841858,0.0,0.0,0.0,0.0,0.0,-1.5344146490097046,-0.12441470474004745,0.0,0.0,0.0,0.0
52.262,1.0,0.7099999785423279,0.2900000214576721,gncbus_cmd,states_vx_gs,-1.350000023841858,states_theta,0.6048530340194702,0.39025994470301323,0.22531845257324276,0.5205193447503118,0.5201738411243901,0.5190502947601849,0.521642891114517,0.5191310841066019,0.5215621017681,0.0,0.0,0.0,1.0,0.2900000214576721,0.0,0.0,0.0,0.0,0.0,-1.5113605260849,-0.1613604724407196,0.0,0.0,0.0,0.0
52.361,1.0,0.7299999594688416,0.27000004053115845,gncbus_cmd,states_vx_gs,-1.2899999618530273,states_theta,0.5969142317771912,0.38986371965423505,0.22508996569251305,0.5199362534386384,0.5197003323059884,0.5184628851380633,0.5211737006065635,0.5184668590075252,0.5211697267371016,0.0,0.0,0.0,1.0,0.27000004053115845,0.0,0.0,0.0,0.0,0.0,-1.4872326850891113,-0.1972326934337616,0.0,0.0,0.0,0.0
52.458,1.0,0.75,0.25,gncbus_cmd,states_vx_gs,-1.25,states_theta,0.3347015380859375,0.38988326795294664,0.225100657415649,0.5198430528129627,0.5198456617282283,0.5187668514838799,0.5209218630573111,0.5186418532795096,0.5210468612616814,0.0,0.0,0.0,1.0,0.25,0.0,0.0,0.0,0.0,0.0,-1.4620821475982666,-0.2120821326971054,0.0,0.0,0.0,0.0
52.555,1.0,0.7699999809265137,0.23000001907348633,gncbus_cmd,states_vx_gs,-1.2300000190734863,states_theta,0.18067599833011627,0.3902660540230761,0.22532127159242868,0.5203599724816735,0.5203495049131962,0.5193774296423991,0.5213320477524707,0.5193769840872776,0.5213324933075921,0.0,0.0,0.0,1.0,0.23000001907348633,0.0,0.0,0.0,0.0,0.0,-1.435960292816162,-0.20596030354499817,0.0,0.0,0.0,0.0
52.656,1.0,0.7899999618530273,0.21000003814697266,gncbus_cmd,states_vx_gs,-1.1999999284744263,states_theta,0.33248648047447205,0.3899002350910662,0.22511046766415788,0.5198492199244596,0.5198847403183836,0.5187087183565778,0.5210252418862654,0.5187307773499014,0.5210031828929419,0.0,0.0,0.0,1.0,0.21000003814697266,0.0,0.0,0.0,0.0,0.0,-1.4088671207427979,-0.2088671624660492,0.0,0.0,0.0,0.0
52.762,1.0,0.7999999523162842,0.20000004768371582,gncbus_cmd,states_vx_gs,-1.149999976158142,states_theta,0.47117865085601807,0.3898935145323506,0.22510733097000182,0.5198252329649651,0.5198908057879699,0.5184855107239205,0.5212305280290145,0.5184134646755426,0.5213025740773923,0.0,0.0,0.0,1.0,0.20000004768371582,0.0,0.0,0.0,0.0,0.0,-1.4001519680023193,-0.25015202164649963,0.0,0.0,0.0,0.0
52.873,1.0,0.8199999928474426,0.18000000715255737,gncbus_cmd,states_vx_gs,-1.1100000143051147,states_theta,0.3734276294708252,0.3899005836203394,0.22511124139775018,0.5197566787025154,0.519978210951723,0.5185841655915617,0.5211507240626767,0.5184515364595168,0.5212833531947216,0.0,0.0,0.0,1.0,0.18000000715255737,0.0,0.0,0.0,0.0,0.0,-1.3713715076446533,-0.2613714635372162,0.0,0.0,0.0,0.0
52.976,1.0,0.8399999737739563,0.1600000262260437,gncbus_cmd,states_vx_gs,-1.0799999237060547,states_theta,0.3460197448730469,0.3899109225485951,0.22511715720543363,0.5197693672006137,0.5199930929289732,0.5185860347365783,0.5211764253930087,0.5185109021759109,0.5212515579536761,0.0,0.0,0.0,1.0,0.1600000262260437,0.0,0.0,0.0,0.0,0.0,-1.3417730331420898,-0.26177307963371277,0.0,0.0,0.0,0.0
53.071,1.0,0.8499999642372131,0.15000003576278687,gncbus_cmd,states_vx_gs,-1.0299999713897705,states_theta,0.48320698738098145,0.38993207745420905,0.22513030045959984,0.5197991612690754,0.5200197119421487,0.5182489358926032,0.5215699373186209,0.5183369820983728,0.5214818911128514,0.0,0.0,0.0,1.0,0.15000003576278687,0.0,0.0,0.0,0.0,0.0,-1.3305015563964844,-0.30050158500671387,0.0,0.0,0.0,0.0
53.169,1.0,0.8700000047683716,0.12999999523162842,gncbus_cmd,states_vx_gs,-0.9799999594688416,states_theta,0.5052770972251892,0.3899399565469806,0.22513519778845434,0.5200522462789787,0.5197876378463029,0.5180318111912979,0.5218080729339837,0.5184076674255383,0.5214322166997433,0.0,0.0,0.0,1.0,0.12999999523162842,0.0,0.0,0.0,0.0,0.0,-1.2993179559707642,-0.3193180561065674,0.0,0.0,0.0,0.0
53.266,1.0,0.8799999952316284,0.12000000476837158,gncbus_cmd,states_vx_gs,-0.9300000071525574,states_theta,0.5485248565673828,0.3899480784827692,0.22514049139700315,0.5199967749674008,0.519864767653317,0.5179130551745789,0.521948487446139,0.5182329154536002,0.5216286271671177,0.0,0.0,0.0,1.0,0.12000000476837158,0.0,0.0,0.0,0.0,0.0,-1.2865638732910156,-0.35656386613845825,0.0,0.0,0.0,0.0
53.367,1.0,0.8899999856948853,0.11000001430511475,gncbus_cmd,states_vx_gs,-0.8899999856948853,states_theta,0.47086718678474426,0.3903340955298422,0.22536337401190779,0.5202694148412375,0.520621506571675,0.5187144236978964,0.5221764977150161,0.5184540477945208,0.5224368736183918,0.0,0.0,0.0,1.0,0.11000001430511475,0.0,0.0,0.0,0.0,0.0,-1.2731962203979492,-0.3831962049007416,0.0,0.0,0.0,0.0
53.467,1.0,0.8999999761581421,0.10000002384185791,gncbus_cmd,states_vx_gs,-0.8499999642372131,states_theta,0.2716219127178192,0.3899550418419969,0.22514407381225032,0.5196906386292965,0.5201894729493619,0.518391961730277,0.5214881498483814,0.5180136922954333,0.5218664192832252,0.0,0.0,0.0,1.0,0.10000002384185791,0.0,0.0,0.0,0.0,0.0,-1.259214997291565,-0.4092150330543518,0.0,0.0,0.0,0.0
53.561,1.0,0.9099999666213989,0.09000003337860107,gncbus_cmd,states_vx_gs,-0.8299999833106995,states_theta,0.2367517054080963,0.38996394692443553,0.22514910713403374,0.5199356111270118,0.5199682473381496,0.5181679452773579,0.5217359131878035,0.5182808895964978,0.5216229688686637,0.0,0.0,0.0,1.0,0.09000003337860107,0.0,0.0,0.0,0.0,0.0,-1.2447224855422974,-0.4147225618362427,0.0,0.0,0.0,0.0
53.668,1.0,0.9199999570846558,0.08000004291534424,gncbus_cmd,states_vx_gs,-0.7899999618530273,states_theta,0.42295560240745544,0.38997309498986876,0.22515559846725683,0.520222278334832,0.5197059749714847,0.5177704325853711,0.5221578207209456,0.5181543216901099,0.5217739316162069,0.0,0.0,0.0,1.0,0.08000004291534424,0.0,0.0,0.0,0.0,0.0,-1.2296676635742188,-0.4396677017211914,0.0,0.0,0.0,0.0
53.768,1.0,0.9300000071525574,0.06999999284744263,gncbus_cmd,states_vx_gs,-0.75,states_theta,0.4062579572200775,0.3899825128960103,0.22516126394156122,0.5200102075164883,0.5199431602062059,0.518053294971093,0.5219000727516012,0.5177710658517012,0.522182301870993,0.0,0.0,0.0,1.0,0.06999999284744263,0.0,0.0,0.0,0.0,0.0,-1.2141014337539673,-0.4641014039516449,0.0,0.0,0.0,0.0
53.867,1.0,0.9399999976158142,0.06000000238418579,gncbus_cmd,states_vx_gs,-0.7299999594688416,states_theta,0.16370846331119537,0.38997869485210496,0.22515822014521644,0.5197474892664626,0.5201956970058172,0.5184960078910056,0.5214471783812743,0.5177748751102335,0.5221683111620464,0.0,0.0,0.0,1.0,0.06000000238418579,0.0,0.0,0.0,0.0,0.0,-1.198024034500122,-0.46802401542663574,0.0,0.0,0.0,0.0
53.969,1.0,0.949999988079071,0.050000011920928955,gncbus_cmd,states_vx_gs,-0.7199999690055847,states_theta,0.07310052216053009,0.38998862578465177,0.2251634102426383,0.5200443641515352,0.5199253046075362,0.5181098206490983,0.5218598481099731,0.5183863852685012,0.5215832834905701,0.0,0.0,0.0,1.0,0.050000011920928955,0.0,0.0,0.0,0.0,0.0,-1.1814863681793213,-0.46148645877838135,0.0,0.0,0.0,0.0
54.081,1.0,0.9599999785423279,0.04000002145767212,gncbus_cmd,states_vx_gs,-0.6899999976158142,states_theta,0.3078709840774536,0.389998799839752,0.22517057068282562,0.5201725478002895,0.5198242517723825,0.5177211837792668,0.5222756157934052,0.5182163417117296,0.5217804578609424,0.0,0.0,0.0,1.0,0.04000002145767212,0.0,0.0,0.0,0.0,0.0,-1.164488673210144,-0.4744887053966522,0.0,0.0,0.0,0.0
54.18,1.0,0.9699999690055847,0.030000030994415283,gncbus_cmd,states_vx_gs,-0.6599999666213989,states_theta,0.2915046215057373,0.390022722270322,0.22518452835572375,0.5198756534163997,0.5201849393044589,0.51823164400058,0.5218289487202786,0.5177072963883381,0.5223532963325205,0.0,0.0,0.0,1.0,0.030000030994415283,0.0,0.0,0.0,0.0,0.0,-1.147081971168518,-0.48708203434944153,0.0,0.0,0.0,0.0
54.279,1.0,0.9799999594688416,0.020000040531158447,gncbus_cmd,states_vx_gs,-0.6499999761581421,states_theta,0.16829180717468262,0.39003338235427576,0.22519005707157294,0.5198996912099142,0.5201893284014879,0.518338084296004,0.5217509353153981,0.5179008631794274,0.5221881564319747,0.0,0.0,0.0,1.0,0.020000040531158447,0.0,0.0,0.0,0.0,0.0,-1.129368543624878,-0.47936853766441345,0.0,0.0,0.0,0.0
54.375,1.0,0.9799999594688416,0.020000040531158447,gncbus_cmd,states_vx_gs,-0.6299999952316284,states_theta,0.16410093009471893,0.3900172873111088,0.22518114305125275,0.5202133079979107,0.5198327914983795,0.5176896742264564,0.5223564252698337,0.5183711714454499,0.5216749280508403,0.0,0.0,0.0,1.0,0.020000040531158447,0.0,0.0,0.0,0.0,0.0,-1.130391001701355,-0.5003910660743713,0.0,0.0,0.0,0.0
54.461,1.0,0.9899999499320984,0.010000050067901611,gncbus_cmd,states_vx_gs,-0.6100000143051147,states_theta,0.25175681710243225,0.3900284602180671,0.22518802906578667,0.5202157281949759,0.5198601657198697,0.5176842455949608,0.5223916483198847,0.5181879428780234,0.5218879510368222,0.0,0.0,0.0,1.0,0.010000050067901611,0.0,0.0,0.0,0.0,0.0,-1.1119107007980347,-0.5019106268882751,0.0,0.0,0.0,0.0
54.559,1.0,1.0,0.0,gncbus_cmd,states_vx_gs,-0.5799999833106995,states_theta,0.2602352797985077,0.39005334128957136,0.22520267757030454,0.5199011435591853,0.5202410998796717,0.5182123832444552,0.5219298601944018,0.5176172669628325,0.5225249764760245,0.0,0.0,0.0,1.0,0.0,0.0,0.0,0.0,0.0,0.0,-1.0931744575500488,-0.5131745338439941,0.0,0.0,0.0,0.0
54.659,1.0,1.0,0.0,gncbus_cmd,states_vx_gs,-0.5699999928474426,states_theta,0.09519694000482559,0.39006497322839034,0.22520876235766715,0.5199248126059767,0.5202484493363976,0.5183103203426292,0.521862941599745,0.5178090621277668,0.5223641998146075,0.0,0.0,0.0,1.0,0.0,0.0,0.0,0.0,0.0,0.0,-1.0931744575500488,-0.523174524307251,0.0,0.0,0.0,0.0
54.761,1.0,1.0099999904632568,-0.009999990463256836,gncbus_cmd,states_vx_gs,-0.550000011920929,states_theta,0.14802446961402893,0.39004982318055875,0.22520038256024347,0.5202511664876477,0.5198816953271757,0.5176587342540879,0.5224741275607354,0.5182779474350856,0.5218549143797377,0.0,0.0,0.0,1.0,-0.009999990463256836,0.0,0.0,0.0,0.0,0.0,-1.0737738609313965,-0.5237737894058228,0.0,0.0,0.0,0.0
54.86,1.0,1.0099999904632568,-0.009999990463256836,gncbus_cmd,states_vx_gs,-0.5399999618530273,states_theta,0.16113409399986267,0.3900755007270568,0.22521535751656516,0.5201876333549686,0.5200137019171829,0.5178351187185761,0.5223662165535754,0.5180609584155274,0.5221403768566242,0.0,0.0,0.0,1.0,-0.009999990463256836,0.0,0.0,0.0,0.0,0.0,-1.0732625722885132,-0.5332625508308411,0.0,0.0,0.0,0.0
54.959,1.0,1.0199999809265137,-0.019999980926513672,gncbus_cmd,states_vx_gs,-0.5199999809265137,states_theta,0.16872680187225342,0.3900877806835322,0.22522267704461796,0.5199218260540733,0.5203122557686793,0.5182665573612448,0.5219675244615078,0.5176165534463832,0.5226175283763694,0.0,0.0,0.0,1.0,-0.019999980926513672,0.0,0.0,0.0,0.0,0.0,-1.0532994270324707,-0.533299446105957,0.0,0.0,0.0,0.0
55.059,1.0,1.0199999809265137,-0.019999980926513672,gncbus_cmd,states_vx_gs,-0.5099999904632568,states_theta,0.09546499699354172,0.3900733056513279,0.22521402041973326,0.5200612552748604,0.520134226462014,0.5180642613086058,0.5221312204282685,0.5178530667668654,0.522342414970009,0.0,0.0,0.0,1.0,-0.019999980926513672,0.0,0.0,0.0,0.0,0.0,-1.052276849746704,-0.542276918888092,0.0,0.0,0.0,0.0
55.188,1.0,1.0299999713897705,-0.029999971389770508,gncbus_cmd,states_vx_gs,-0.5,states_theta,0.14952583611011505,0.3900860177160126,0.22522174149616492,0.5203637731943209,0.5198656073817127,0.5175570882649555,0.5226722923110781,0.5183092236422479,0.5219201569337858,0.0,0.0,0.0,1.0,-0.029999971389770508,0.0,0.0,0.0,0.0,0.0,-1.0319048166275024,-0.5319048166275024,0.0,0.0,0.0,0.0
55.301,1.0,1.0299999713897705,-0.029999971389770508,gncbus_cmd,states_vx_gs,-0.4899999797344208,states_theta,0.1177029237151146,0.3900988646312722,0.2252290231429528,0.520224977911418,0.5200386611053079,0.5177940514557384,0.5224695875609875,0.5180957996290629,0.522167839387663,0.0,0.0,0.0,1.0,-0.029999971389770508,0.0,0.0,0.0,0.0,0.0,-1.0303709506988525,-0.5403710007667542,0.0,0.0,0.0,0.0
55.401,1.0,1.0299999713897705,-0.029999971389770508,gncbus_cmd,states_vx_gs,-0.4699999988079071,states_theta,0.1683976650238037,0.3900985025684717,0.2252294768698425,0.5199642116338168,0.5202984618821076,0.5180984849582511,0.5221641885576733,0.5175519998690652,0.5227106736468592,0.0,0.0,0.0,1.0,-0.029999971389770508,0.0,0.0,0.0,0.0,0.0,-1.0288372039794922,-0.5588371753692627,0.0,0.0,0.0,0.0
55.501,1.0,1.0399999618530273,-0.039999961853027344,gncbus_cmd,states_vx_gs,-0.4599999785423279,states_theta,0.09089212119579315,0.39008470255189454,0.22522094765924386,0.5200492443839633,0.5201766290877554,0.5180279712992055,0.5221979021725132,0.5177784773715333,0.5224473961001854,0.0,0.0,0.0,1.0,-0.039999961853027344,0.0,0.0,0.0,0.0,0.0,-1.0076470375061035,-0.5476469993591309,0.0,0.0,0.0,0.0
55.593,1.0,1.0399999618530273,-0.039999961853027344,gncbus_cmd,states_vx_gs,-0.44999998807907104,states_theta,0.05932694673538208,0.38972233964059394,0.22501178797833227,0.5197882911521601,0.5194712812227571,0.5172545838978692,0.522004988477048,0.5175764505681443,0.5216831218067729,0.0,0.0,0.0,1.0,-0.039999961853027344,0.0,0.0,0.0,0.0,0.0,-1.0056018829345703,-0.555601954460144,0.0,0.0,0.0,0.0
55.692,1.0,1.0499999523162842,-0.04999995231628418,gncbus_cmd,states_vx_gs,-0.44999998807907104,states_theta,0.00020562158897519112,0.3900808095967624,0.22521823754495193,0.5202876170169877,0.5199278752410454,0.5178577711869046,0.5223577210711285,0.5181398378265367,0.5220756544314964,0.0,0.0,0.0,1.0,-0.04999995231628418,0.0,0.0,0.0,0.0,0.0,-0.9842584133148193,-0.5342584252357483,0.0,0.0,0.0,0.0
55.798,1.0,1.0499999523162842,-0.04999995231628418,gncbus_cmd,states_vx_gs,-0.4399999976158142,states_theta,0.14087779819965363,0.3900944665175033,0.22522700007609417,0.5202931268621216,0.5199587838512205,0.517718289991873,0.5225336207214691,0.5179523920336356,0.5222995186797065,0.0,0.0,0.0,1.0,-0.04999995231628418,0.0,0.0,0.0,0.0,0.0,-0.9817020297050476,-0.5417020320892334,0.0,0.0,0.0,0.0
55.903,1.0,1.0499999523162842,-0.04999995231628418,gncbus_cmd,states_vx_gs,-0.429999977350235,states_theta,0.1299452781677246,0.3900812064617395,0.2252194882479475,0.5199788494576328,0.5202377011070057,0.5179837860355668,0.5222327645290717,0.5176027158230082,0.5226138347416304,0.0,0.0,0.0,1.0,-0.04999995231628418,0.0,0.0,0.0,0.0,0.0,-0.9791456460952759,-0.5491456985473633,0.0,0.0,0.0,0.0
56.004,1.0,1.0499999523162842,-0.04999995231628418,gncbus_cmd,states_vx_gs,-0.41999998688697815,states_theta,0.0027033668011426926,0.3897028104769797,0.22500057601670087,0.5194140360297231,0.519793458575556,0.5176234874502831,0.5215840071549961,0.5171463597203029,0.5220611348849763,0.0,0.0,0.0,1.0,-0.04999995231628418,0.0,0.0,0.0,0.0,0.0,-0.9765893220901489,-0.5565893054008484,0.0,0.0,0.0,0.0
56.095,1.0,1.059999942779541,-0.059999942779541016,gncbus_cmd,states_vx_gs,-0.41999998688697815,states_theta,0.04429769515991211,0.3900915103782346,0.22522491993822527,0.5199206954139517,0.5203233322613405,0.5180060900237552,0.522237937651537,0.517807143834904,0.5224368838403882,0.0,0.0,0.0,1.0,-0.059999942779541016,0.0,0.0,0.0,0.0,0.0,-0.9543766379356384,-0.5343766212463379,0.0,0.0,0.0,0.0
56.209,1.0,1.059999942779541,-0.059999942779541016,gncbus_cmd,states_vx_gs,-0.4099999964237213,states_theta,0.07563521713018417,0.3900786553583898,0.22521785511751896,0.5201840724635605,0.5200256751588124,0.5176018460945513,0.5226079015278216,0.5180438514547634,0.5221658961676094,0.0,0.0,0.0,1.0,-0.059999942779541016,0.0,0.0,0.0,0.0,0.0,-0.9513089656829834,-0.5413089990615845,0.0,0.0,0.0,0.0
56.309,1.0,1.059999942779541,-0.059999942779541016,gncbus_cmd,states_vx_gs,-0.4099999964237213,states_theta,0.026235440745949745,0.3897146393011358,0.22500751203587138,0.5197668469145122,0.5194721912218498,0.5171021025520507,0.5221369355843114,0.5176626462068578,0.5215763919295043,0.0,0.0,0.0,1.0,-0.059999942779541016,0.0,0.0,0.0,0.0,0.0,-0.9482413530349731,-0.5382413268089294,0.0,0.0,0.0,0.0
56.408,1.0,1.0699999332427979,-0.06999993324279785,gncbus_cmd,states_vx_gs,-0.3999999761581421,states_theta,0.10723541676998138,0.3900763042526229,0.22521655719245817,0.5202501444941947,0.5199533335127997,0.5177414721862883,0.5224620058207061,0.5178582005013588,0.5223452775056356,0.0,0.0,0.0,1.0,-0.06999993324279785,0.0,0.0,0.0,0.0,0.0,-0.9258752465248108,-0.5258752703666687,0.0,0.0,0.0,0.0
56.462,1.0,1.0699999332427979,-0.06999993324279785,gncbus_cmd,states_vx_gs,-0.3999999761581421,states_theta,0.10723541676998138,0.390090933307486,0.2252250276755043,0.5200068142303803,0.5202356745895823,0.5179841355942809,0.5222583532256817,0.5176533764171674,0.5225891124027953,0.0,0.0,0.0,1.0,-0.06999993324279785,0.0,0.0,0.0,0.0,0.0,-0.9258752465248108,-0.5258752703666687,0.0,0.0,0.0,0.0
56.512,1.0,1.0699999332427979,-0.06999993324279785,gncbus_cmd,states_vx_gs,-0.38999998569488525,states_theta,0.07659387588500977,0.390090933307486,0.2252250276755043,0.5200068142303803,0.5202356745895823,0.5179841355942809,0.5222583532256817,0.5176533764171674,0.5225891124027953,0.0,0.0,0.0,1.0,-0.06999993324279785,0.0,0.0,0.0,0.0,0.0,-0.9222963452339172,-0.532296359539032,0.0,0.0,0.0,0.0
56.605,1.0,1.0699999332427979,-0.06999993324279785,gncbus_cmd,states_vx_gs,-0.38999998569488525,states_theta,0.0006509264349006116,0.38970061825685887,0.2249993269399694,0.5194522960049595,0.5197493526799974,0.5175633329681355,0.5216383157168214,0.5171816160108065,0.5220200326741504,0.0,0.0,0.0,1.0,-0.06999993324279785,0.0,0.0,0.0,0.0,0.0,-0.9187174439430237,-0.5287174582481384,0.0,0.0,0.0,0.0
56.712,1.0,1.0699999332427979,-0.06999993324279785,gncbus_cmd,states_vx_gs,-0.38999998569488525,states_theta,0.08271469175815582,0.390076541573667,0.2252167697828822,0.5199914162928937,0.5202126945702182,0.517807023107996,0.522397087755116,0.5177604527195568,0.5224436581435551,0.0,0.0,0.0,1.0,-0.06999993324279785,0.0,0.0,0.0,0.0,0.0,-0.9151385426521301,-0.5251385569572449,0.0,0.0,0.0,0.0
56.762,1.0,1.0699999332427979,-0.06999993324279785,gncbus_cmd,states_vx_gs,-0.38999998569488525,states_theta,0.08271469175815582,0.39009157566305214,0.2252256404823215,0.5202525170379194,0.5199916847302196,0.5175303484995093,0.5227138532686297,0.5180310574010079,0.5222131443671312,0.0,0.0,0.0,1.0,-0.06999993324279785,0.0,0.0,0.0,0.0,0.0,-0.9151385426521301,-0.5251385569572449,0.0,0.0,0.0,0.0
56.825,1.0,1.0699999332427979,-0.06999993324279785,gncbus_cmd,states_vx_gs,-0.3799999952316284,states_theta,0.07357829809188843,0.39009157566305214,0.2252256404823215,0.5202525170379194,0.5199916847302196,0.5175303484995093,0.5227138532686297,0.5180310574010079,0.5222131443671312,0.0,0.0,0.0,1.0,-0.06999993324279785,0.0,0.0,0.0,0.0,0.0,-0.9115596413612366,-0.5315596461296082,0.0,0.0,0.0,0.0
56.926,1.0,1.0799999237060547,-0.07999992370605469,gncbus_cmd,states_vx_gs,-0.3700000047683716,states_theta,0.03096301667392254,0.38970091564695253,0.2249997609957283,0.5197455930383612,0.5194568486868456,0.5170802455807048,0.5221221961445021,0.5175709274327399,0.5216315142924669,0.0,0.0,0.0,1.0,-0.07999992370605469,0.0,0.0,0.0,0.0,0.0,-0.8885288834571838,-0.5185288786888123,0.0,0.0,0.0,0.0
56.978,1.0,1.0799999237060547,-0.07999992370605469,gncbus_cmd,states_vx_gs,-0.3700000047683716,states_theta,0.03096301667392254,0.3900912195682451,0.2252257280275168,0.5202514031701404,0.5199918490118465,0.5177032033628666,0.5225400488191203,0.5177197089685122,0.5225235432134747,0.0,0.0,0.0,1.0,-0.07999992370605469,0.0,0.0,0.0,0.0,0.0,-0.8885288834571838,-0.5185288786888123,0.0,0.0,0.0,0.0
57.028,1.0,1.0799999237060547,-0.07999992370605469,gncbus_cmd,states_vx_gs,-0.35999998450279236,states_theta,0.13083411753177643,0.3900912195682451,0.2252257280275168,0.5202514031701404,0.5199918490118465,0.5177032033628666,0.5225400488191203,0.5177197089685122,0.5225235432134747,0.0,0.0,0.0,1.0,-0.07999992370605469,0.0,0.0,0.0,0.0,0.0,-0.8844387531280518,-0.524438738822937,0.0,0.0,0.0,0.0
57.129,1.0,1.0799999237060547,-0.07999992370605469,gncbus_cmd,states_vx_gs,-0.3499999940395355,states_theta,0.1223183423280716,0.3897042045318286,0.22500246602336732,0.5194591018094923,0.5197521102753839,0.5173920768587289,0.5218191352261473,0.5169545084580808,0.5222567036267954,0.0,0.0,0.0,1.0,-0.07999992370605469,0.0,0.0,0.0,0.0,0.0,-0.8803485631942749,-0.530348539352417,0.0,0.0,0.0,0.0
57.231,1.0,1.0799999237060547,-0.07999992370605469,gncbus_cmd,states_vx_gs,-0.3400000035762787,states_theta,0.06686533242464066,0.39009218057177525,0.22522628577973774,0.5199790535296892,0.5202667613283781,0.517863646042422,0.5223821688156454,0.5175704293657302,0.5226753854923372,0.0,0.0,0.0,1.0,-0.07999992370605469,0.0,0.0,0.0,0.0,0.0,-0.876258373260498,-0.536258339881897,0.0,0.0,0.0,0.0
57.283,1.0,1.0799999237060547,-0.07999992370605469,gncbus_cmd,states_vx_gs,-0.3400000035762787,states_theta,0.06686533242464066,0.39008081050807936,0.22521945705566446,0.5200932622340799,0.5201222324541317,0.5176166516320856,0.522598843056126,0.5178811035449923,0.5223343911432193,0.0,0.0,0.0,1.0,-0.07999992370605469,0.0,0.0,0.0,0.0,0.0,-0.876258373260498,-0.536258339881897,0.0,0.0,0.0,0.0
57.344,1.0,1.0799999237060547,-0.07999992370605469,gncbus_cmd,states_vx_gs,-0.3400000035762787,states_theta,0.01830105483531952,0.39008081050807936,0.22521945705566446,0.5200932622340799,0.5201222324541317,0.5176166516320856,0.522598843056126,0.5178811035449923,0.5223343911432193,0.0,0.0,0.0,1.0,-0.07999992370605469,0.0,0.0,0.0,0.0,0.0,-0.8721681833267212,-0.5321682095527649,0.0,0.0,0.0,0.0
57.438,1.0,1.0799999237060547,-0.07999992370605469,gncbus_cmd,states_vx_gs,-0.3400000035762787,states_theta,-0.020564956590533257,0.3900830809803807,0.2252206352997633,0.5202091391904273,0.5200124100905879,0.5175307498778149,0.5226907994032003,0.5180471290571987,0.5221744202238164,0.0,0.0,0.0,1.0,-0.07999992370605469,0.0,0.0,0.0,0.0,0.0,-0.8680779933929443,-0.528078019618988,0.0,0.0,0.0,0.0
57.514,1.0,1.0799999237060547,-0.07999992370605469,gncbus_cmd,states_vx_gs,-0.32999998331069946,states_theta,0.08915777504444122,0.3897203369320629,0.22501192853670654,0.5197321980103722,0.5195220338084623,0.5170274416354997,0.5222267901833347,0.5172930432029413,0.5219611886158931,0.0,0.0,0.0,1.0,-0.07999992370605469,0.0,0.0,0.0,0.0,0.0,-0.8680779933929443,-0.528078019618988,0.0,0.0,0.0,0.0
57.612,1.0,1.090000033378601,-0.09000003337860107,gncbus_cmd,states_vx_gs,-0.3100000023841858,states_theta,0.23406678438186646,0.39008287189451823,0.2252221042419376,0.5202325306358209,0.5199884610828944,0.517574706619585,0.5226462850991302,0.5174005309500938,0.5228204607686215,0.0,0.0,0.0,1.0,-0.09000003337860107,0.0,0.0,0.0,0.0,0.0,-0.840599000453949,-0.5305989980697632,0.0,0.0,0.0,0.0
57.667,1.0,1.090000033378601,-0.09000003337860107,gncbus_cmd,states_vx_gs,-0.3100000023841858,states_theta,0.23406678438186646,0.3900991479584545,0.22523180754053299,0.520058558773052,0.5202058357828268,0.5177150102216835,0.5225493843341952,0.5172178685172218,0.5230465260386569,0.0,0.0,0.0,1.0,-0.09000003337860107,0.0,0.0,0.0,0.0,0.0,-0.840599000453949,-0.5305989980697632,0.0,0.0,0.0,0.0
57.719,1.0,1.090000033378601,-0.09000003337860107,gncbus_cmd,states_vx_gs,-0.28999999165534973,states_theta,0.21993811428546906,0.3900991479584545,0.22523180754053299,0.520058558773052,0.5202058357828268,0.5177150102216835,0.5225493843341952,0.5172178685172218,0.5230465260386569,0.0,0.0,0.0,1.0,-0.09000003337860107,0.0,0.0,0.0,0.0,0.0,-0.8359975218772888,-0.5459975004196167,0.0,0.0,0.0,0.0
57.77,1.0,1.090000033378601,-0.09000003337860107,gncbus_cmd,states_vx_gs,-0.28999999165534973,states_theta,0.21993811428546906,0.38971082791878714,0.22500734674747397,0.5195052781765357,0.5197235962735633,0.5172178279021142,0.5220110465479848,0.5167690585369638,0.5224598159131353,0.0,0.0,0.0,1.0,-0.09000003337860107,0.0,0.0,0.0,0.0,0.0,-0.8359975218772888,-0.5459975004196167,0.0,0.0,0.0,0.0
57.864,1.0,1.090000033378601,-0.09000003337860107,gncbus_cmd,states_vx_gs,-0.26999998092651367,states_theta,0.12108931690454483,0.3901004988145049,0.22523103737546757,0.5200438010829601,0.5202241957557198,0.5177279427931883,0.5225400540454915,0.5177358082863311,0.5225321885523487,0.0,0.0,0.0,1.0,-0.09000003337860107,0.0,0.0,0.0,0.0,0.0,-0.8313960433006287,-0.561396062374115,0.0,0.0,0.0,0.0
57.919,1.0,1.090000033378601,-0.09000003337860107,gncbus_cmd,states_vx_gs,-0.2800000011920929,states_theta,-0.06543811410665512,0.3901004988145049,0.22523103737546757,0.5200438010829601,0.5202241957557198,0.5177279427931883,0.5225400540454915,0.5177358082863311,0.5225321885523487,0.0,0.0,0.0,1.0,-0.09000003337860107,0.0,0.0,0.0,0.0,0.0,-0.8267946243286133,-0.546794593334198,0.0,0.0,0.0,0.0
57.974,1.0,1.090000033378601,-0.09000003337860107,gncbus_cmd,states_vx_gs,-0.2800000011920929,states_theta,-0.06543811410665512,0.38972795078504796,0.2250153734402724,0.5195475622834408,0.5197269731433537,0.5172861275925189,0.5219884078342756,0.5174079778163341,0.5218665576104604,0.0,0.0,0.0,1.0,-0.09000003337860107,0.0,0.0,0.0,0.0,0.0,-0.8267946243286133,-0.546794593334198,0.0,0.0,0.0,0.0
58.025,1.0,1.090000033378601,-0.09000003337860107,gncbus_cmd,states_vx_gs,-0.28999999165534973,states_theta,-0.14859747886657715,0.38972795078504796,0.2250153734402724,0.5195475622834408,0.5197269731433537,0.5172861275925189,0.5219884078342756,0.5174079778163341,0.5218665576104604,0.0,0.0,0.0,1.0,-0.09000003337860107,0.0,0.0,0.0,0.0,0.0,-0.8221931457519531,-0.532193124294281,0.0,0.0,0.0,0.0
58.13,1.0,1.090000033378601,-0.09000003337860107,gncbus_cmd,states_vx_gs,-0.29999998211860657,states_theta,-0.05307670682668686,0.390090410763136,0.22522501347794283,0.5200268799896774,0.5202142153786853,0.5176945004725562,0.5225465948958066,0.5178196319146386,0.5224214634537241,0.0,0.0,0.0,1.0,-0.09000003337860107,0.0,0.0,0.0,0.0,0.0,-0.817591667175293,-0.5175917148590088,0.0,0.0,0.0,0.0
58.242,1.0,1.090000033378601,-0.09000003337860107,gncbus_cmd,states_vx_gs,-0.28999999165534973,states_theta,0.09693873673677444,0.39010736184269956,0.22523581969666642,0.5200145393091157,0.5202717589380831,0.5174992149936547,0.5227870832535441,0.517689726129528,0.5225965721176707,0.0,0.0,0.0,1.0,-0.09000003337860107,0.0,0.0,0.0,0.0,0.0,-0.8129902482032776,-0.5229902267456055,0.0,0.0,0.0,0.0
58.3,1.0,1.090000033378601,-0.09000003337860107,gncbus_cmd,states_vx_gs,-0.28999999165534973,states_theta,0.06950642168521881,0.3897200918186567,0.2250120867181903,0.5194927403722517,0.5197608378108328,0.5170066604157135,0.522246917767371,0.5172032219744791,0.5220503562086054,0.0,0.0,0.0,1.0,-0.09000003337860107,0.0,0.0,0.0,0.0,0.0,-0.8129902482032776,-0.5229902267456055,0.0,0.0,0.0,0.0
58.443,1.0,1.090000033378601,-0.09000003337860107,gncbus_cmd,states_vx_gs,-0.2800000011920929,states_theta,0.023281831294298172,0.3901089377300129,0.22523647702473368,0.5200283069532763,0.5202621936600913,0.5175315972129041,0.5227589034004635,0.5177522585894018,0.5225382420239658,0.0,0.0,0.0,1.0,-0.09000003337860107,0.0,0.0,0.0,0.0,0.0,-0.8037872910499573,-0.5237873196601868,0.0,0.0,0.0,0.0
58.528,1.0,1.090000033378601,-0.09000003337860107,gncbus_cmd,states_vx_gs,-0.28999999165534973,states_theta,-0.13480107486248016,0.39009918767727947,0.22522982483508594,0.5199771844202882,0.5202873160524571,0.5178694064190708,0.5223950940536746,0.5177693766763392,0.5224951237964062,0.0,0.0,0.0,1.0,-0.09000003337860107,0.0,0.0,0.0,0.0,0.0,-0.7991858720779419,-0.5091858506202698,0.0,0.0,0.0,0.0
58.624,1.0,1.090000033378601,-0.09000003337860107,gncbus_cmd,states_vx_gs,-0.3100000023841858,states_theta,-0.16382966935634613,0.389741303726041,0.22502276939842267,0.5196736869673422,0.5196364563021005,0.5173524895471038,0.5219576537223389,0.5175010861713432,0.5218090570980995,0.0,0.0,0.0,1.0,-0.09000003337860107,0.0,0.0,0.0,0.0,0.0,-0.7945843935012817,-0.48458439111709595,0.0,0.0,0.0,0.0
58.727,1.0,1.090000033378601,-0.09000003337860107,gncbus_cmd,states_vx_gs,-0.3199999928474426,states_theta,-0.09423773735761642,0.3901178391820479,0.2252403942900171,0.5202234572348411,0.5200907805839533,0.5177632321881664,0.522551005630628,0.5180043250993935,0.5223099127194009,0.0,0.0,0.0,1.0,-0.09000003337860107,0.0,0.0,0.0,0.0,0.0,-0.7899829149246216,-0.46998292207717896,0.0,0.0,0.0,0.0
58.778,1.0,1.090000033378601,-0.09000003337860107,gncbus_cmd,states_vx_gs,-0.3199999928474426,states_theta,-0.09423773735761642,0.39010849416523363,0.22523649172696283,0.5202066139499959,0.5200827038239604,0.517520641945716,0.5227686758282403,0.5176607321459509,0.5226285856280054,0.0,0.0,0.0,1.0,-0.09000003337860107,0.0,0.0,0.0,0.0,0.0,-0.7899829149246216,-0.46998292207717896,0.0,0.0,0.0,0.0
58.839,1.0,1.090000033378601,-0.09000003337860107,gncbus_cmd,states_vx_gs,-0.3100000023841858,states_theta,0.14885251224040985,0.39010849416523363,0.22523649172696283,0.5202066139499959,0.5200827038239604,0.517520641945716,0.5227686758282403,0.5176607321459509,0.5226285856280054,0.0,0.0,0.0,1.0,-0.09000003337860107,0.0,0.0,0.0,0.0,0.0,-0.7853814959526062,-0.475381463766098,0.0,0.0,0.0,0.0
58.895,1.0,1.090000033378601,-0.09000003337860107,gncbus_cmd,states_vx_gs,-0.3100000023841858,states_theta,0.14885251224040985,0.3897484171069489,0.22502869427042202,0.5197277392352299,0.5196013730499672,0.5170321403048399,0.5222969719803572,0.5171583255476164,0.5221707867375807,0.0,0.0,0.0,1.0,-0.09000003337860107,0.0,0.0,0.0,0.0,0.0,-0.7853814959526062,-0.475381463766098,0.0,0.0,0.0,0.0
58.945,1.0,1.090000033378601,-0.09000003337860107,gncbus_cmd,states_vx_gs,-0.29999998211860657,states_theta,0.13642606139183044,0.3897484171069489,0.22502869427042202,0.5197277392352299,0.5196013730499672,0.5170321403048399,0.5222969719803572,0.5171583255476164,0.5221707867375807,0.0,0.0,0.0,1.0,-0.09000003337860107,0.0,0.0,0.0,0.0,0.0,-0.780780017375946,-0.4807800352573395,0.0,0.0,0.0,0.0
59.05,1.0,1.090000033378601,-0.09000003337860107,gncbus_cmd,states_vx_gs,-0.28999999165534973,states_theta,0.11979664117097855,0.3901117170614804,0.2252385028726563,0.5202139246796349,0.5200839874843128,0.5175051266591687,0.522792785504779,0.5176317621181709,0.5226661500457769,0.0,0.0,0.0,1.0,-0.09000003337860107,0.0,0.0,0.0,0.0,0.0,-0.7761785387992859,-0.48617854714393616,0.0,0.0,0.0,0.0
59.103,1.0,1.090000033378601,-0.09000003337860107,gncbus_cmd,states_vx_gs,-0.26999998092651367,states_theta,0.10467498004436493,0.3897537581258747,0.22503207723952867,0.5197386446020825,0.51960471040025,0.5169866831339265,0.5223566718684061,0.5171143019036117,0.5222290530987208,0.0,0.0,0.0,1.0,-0.09000003337860107,0.0,0.0,0.0,0.0,0.0,-0.7715771198272705,-0.5015771389007568,0.0,0.0,0.0,0.0
59.27,1.0,1.090000033378601,-0.09000003337860107,gncbus_cmd,states_vx_gs,-0.26999998092651367,states_theta,0.07561098039150238,0.39011976953043753,0.2252426504690067,0.5202557362927076,0.5200636491217925,0.5177340818528082,0.5225853035616919,0.5176035020161167,0.5227158833983834,0.0,0.0,0.0,1.0,-0.09000003337860107,0.0,0.0,0.0,0.0,0.0,-0.7669756412506104,-0.4969756603240967,0.0,0.0,0.0,0.0
59.464,1.0,1.090000033378601,-0.09000003337860107,gncbus_cmd,states_vx_gs,-0.26999998092651367,states_theta,-0.039738308638334274,0.39012396745794153,0.22524490994592244,0.5202790492207018,0.5200515306671424,0.5178381309939688,0.5224924488938754,0.5175763578470833,0.5227542220407608,0.0,0.0,0.0,1.0,-0.09000003337860107,0.0,0.0,0.0,0.0,0.0,-0.7573125958442688,-0.48731258511543274,0.0,0.0,0.0,0.0
59.642,1.0,1.090000033378601,-0.09000003337860107,gncbus_cmd,states_vx_gs,-0.2800000011920929,states_theta,-0.07274594157934189,0.38976630853796596,0.22503818150709498,0.5198072058966058,0.5195696168713034,0.5174108015711184,0.5219660211967908,0.517139444848015,0.5222373779198942,0.0,0.0,0.0,1.0,-0.09000003337860107,0.0,0.0,0.0,0.0,0.0,-0.7481096386909485,-0.4681096374988556,0.0,0.0,0.0,0.0
59.747,1.0,1.090000033378601,-0.09000003337860107,gncbus_cmd,states_vx_gs,-0.2800000011920929,states_theta,0.011133966036140919,0.39013092848922715,0.22524914872727198,0.5203176905146241,0.5200314521233149,0.5176949754322275,0.5226541672057115,0.5176529358532946,0.5226962067846443,0.0,0.0,0.0,1.0,-0.09000003337860107,0.0,0.0,0.0,0.0,0.0,-0.7435082197189331,-0.4635081887245178,0.0,0.0,0.0,0.0
59.843,1.0,1.090000033378601,-0.09000003337860107,gncbus_cmd,states_vx_gs,-0.2800000011920929,states_theta,0.06954311579465866,0.3901500394010079,0.22526052729129156,0.520352510548914,0.5200475945204404,0.5175867325217465,0.5228133725476078,0.5176906812078146,0.5227094238615397,0.0,0.0,0.0,1.0,-0.09000003337860107,0.0,0.0,0.0,0.0,0.0,-0.738906741142273,-0.45890673995018005,0.0,0.0,0.0,0.0
59.938,1.0,1.090000033378601,-0.09000003337860107,gncbus_cmd,states_vx_gs,-0.26999998092651367,states_theta,0.05504195764660835,0.38976342934875224,0.2250374065518962,0.5198644809812867,0.5195046639487193,0.5170319528270112,0.5223371921029948,0.5171890787671948,0.5221800661628112,0.0,0.0,0.0,1.0,-0.09000003337860107,0.0,0.0,0.0,0.0,0.0,-0.7343052625656128,-0.4643052816390991,0.0,0.0,0.0,0.0
60.047,1.0,1.090000033378601,-0.09000003337860107,gncbus_cmd,states_vx_gs,-0.26999998092651367,states_theta,0.040550071746110916,0.39014155780475895,0.22525565143557869,0.5204204545926168,0.5199570328867404,0.5174954597644038,0.5228820277149534,0.5177639321845048,0.5226135552948524,0.0,0.0,0.0,1.0,-0.09000003337860107,0.0,0.0,0.0,0.0,0.0,-0.7297038435935974,-0.45970383286476135,0.0,0.0,0.0,0.0
60.104,1.0,1.090000033378601,-0.09000003337860107,gncbus_cmd,states_vx_gs,-0.26999998092651367,states_theta,-0.011063158512115479,0.3901610738215396,0.2252665786527739,0.5203448601164117,0.5200846700743605,0.5176639037039644,0.5227656264868078,0.517754959063009,0.5226745711277633,0.0,0.0,0.0,1.0,-0.09000003337860107,0.0,0.0,0.0,0.0,0.0,-0.7251023650169373,-0.4551023840904236,0.0,0.0,0.0,0.0
60.262,1.0,1.090000033378601,-0.09000003337860107,gncbus_cmd,states_vx_gs,-0.26999998092651367,states_theta,-0.026856131851673126,0.3897774938044849,0.2250450263652263,0.5196654084428577,0.5197412417024353,0.5172743132496227,0.5221323368956703,0.5171549016147547,0.5222517485305382,0.0,0.0,0.0,1.0,-0.09000003337860107,0.0,0.0,0.0,0.0,0.0,-0.7205008864402771,-0.4505009055137634,0.0,0.0,0.0,0.0
60.475,1.0,1.090000033378601,-0.09000003337860107,gncbus_cmd,states_vx_gs,-0.2800000011920929,states_theta,-0.057532988488674164,0.389802248736246,0.22505877886747558,0.5196191329740328,0.5198535303226232,0.5175000064502314,0.5219726568464246,0.5172045202591123,0.5222681430375437,0.0,0.0,0.0,1.0,-0.09000003337860107,0.0,0.0,0.0,0.0,0.0,-0.7112979888916016,-0.43129798769950867,0.0,0.0,0.0,0.0
60.68,1.0,1.090000033378601,-0.09000003337860107,gncbus_cmd,states_vx_gs,-0.28999999165534973,states_theta,-0.047601163387298584,0.3897994071320368,0.22505791438709905,0.5195522963526734,0.5199127893327581,0.5171974359396375,0.522267649745794,0.5172100460717531,0.5222550396136784,0.0,0.0,0.0,1.0,-0.09000003337860107,0.0,0.0,0.0,0.0,0.0,-0.702095091342926,-0.4120950698852539,0.0,0.0,0.0,0.0
60.872,1.0,1.090000033378601,-0.09000003337860107,gncbus_cmd,states_vx_gs,-0.2800000011920929,states_theta,0.06122061610221863,0.3901819291110246,0.22527895005428053,0.5200195700415916,0.520465574254474,0.517698100674006,0.5227870436220596,0.517664417999488,0.5228207262965776,0.0,0.0,0.0,1.0,-0.09000003337860107,0.0,0.0,0.0,0.0,0.0,-0.6928921341896057,-0.4128921329975128,0.0,0.0,0.0,0.0
61.161,1.0,1.090000033378601,-0.09000003337860107,gncbus_cmd,states_vx_gs,-0.26999998092651367,states_theta,0.026862433180212975,0.3898168660675755,0.22506802410833268,0.5197297974203533,0.5197818454265147,0.5171086334427649,0.5224030094041031,0.5173333856655972,0.5221782571812709,0.0,0.0,0.0,1.0,-0.09000003337860107,0.0,0.0,0.0,0.0,0.0,-0.67908775806427,-0.40908777713775635,0.0,0.0,0.0,0.0
61.225,1.0,1.090000033378601,-0.09000003337860107,gncbus_cmd,states_vx_gs,-0.26999998092651367,states_theta,0.015156731009483337,0.3902116880367486,0.2252959231398005,0.5203542825778298,0.5202102188534998,0.5175625134412206,0.523001987990109,0.5179596515444788,0.5226048498868509,0.0,0.0,0.0,1.0,-0.09000003337860107,0.0,0.0,0.0,0.0,0.0,-0.6744863390922546,-0.4044863283634186,0.0,0.0,0.0,0.0
61.396,1.0,1.090000033378601,-0.09000003337860107,gncbus_cmd,states_vx_gs,-0.26999998092651367,states_theta,-0.08918438106775284,0.3898317329823524,0.22507561183108266,0.5199095709392704,0.5196417170136695,0.5172604705321031,0.5222908174208367,0.5175984721199802,0.5219528158329596,0.0,0.0,0.0,1.0,-0.09000003337860107,0.0,0.0,0.0,0.0,0.0,-0.6698848605155945,-0.3998848795890808,0.0,0.0,0.0,0.0
61.595,1.0,1.090000033378601,-0.09000003337860107,gncbus_cmd,states_vx_gs,-0.28999999165534973,states_theta,-0.013761956244707108,0.389843715965689,0.22508387794391022,0.5199563088655266,0.5196269337096442,0.5173177153301305,0.5222655272450403,0.5170779636435185,0.5225052789316522,0.0,0.0,0.0,1.0,-0.09000003337860107,0.0,0.0,0.0,0.0,0.0,-0.6606819033622742,-0.3706819415092468,0.0,0.0,0.0,0.0
61.645,1.0,1.090000033378601,-0.09000003337860107,gncbus_cmd,states_vx_gs,-0.2800000011920929,states_theta,0.11957456171512604,0.389843715965689,0.22508387794391022,0.5199563088655266,0.5196269337096442,0.5173177153301305,0.5222655272450403,0.5170779636435185,0.5225052789316522,0.0,0.0,0.0,1.0,-0.09000003337860107,0.0,0.0,0.0,0.0,0.0,-0.6560804843902588,-0.3760804831981659,0.0,0.0,0.0,0.0
61.803,1.0,1.090000033378601,-0.09000003337860107,gncbus_cmd,states_vx_gs,-0.26999998092651367,states_theta,0.11222921311855316,0.3898551139098474,0.2250904694332973,0.5200214878151818,0.5195921492777446,0.5173427527175967,0.5222708843753296,0.5170840332156039,0.5225296038773224,0.0,0.0,0.0,1.0,-0.09000003337860107,0.0,0.0,0.0,0.0,0.0,-0.6514790058135986,-0.38147902488708496,0.0,0.0,0.0,0.0
62.009,1.0,1.090000033378601,-0.09000003337860107,gncbus_cmd,states_vx_gs,-0.25999999046325684,states_theta,-0.04414530098438263,0.3898779458144256,0.22510289682204815,0.5197724563150069,0.5199020658567947,0.5175913066703927,0.5220832155014089,0.5171680646061522,0.5225064575656494,0.0,0.0,0.0,1.0,-0.09000003337860107,0.0,0.0,0.0,0.0,0.0,-0.6422761082649231,-0.38227611780166626,0.0,0.0,0.0,0.0
62.217,1.0,1.090000033378601,-0.09000003337860107,gncbus_cmd,states_vx_gs,-0.26999998092651367,states_theta,-0.06916872411966324,0.3898907448133475,0.2251100085482401,0.5197519763699792,0.5199566764656143,0.5176814736733273,0.5220271791622662,0.5172196521879096,0.5224890006476839,0.0,0.0,0.0,1.0,-0.09000003337860107,0.0,0.0,0.0,0.0,0.0,-0.6330731511116028,-0.3630731999874115,0.0,0.0,0.0,0.0
62.415,1.0,1.090000033378601,-0.09000003337860107,gncbus_cmd,states_vx_gs,-0.26999998092651367,states_theta,0.07207591831684113,0.38990102977702384,0.2251166686153833,0.5197703799249509,0.519965699480446,0.5173829540511593,0.5223531253542376,0.5172625191058414,0.5224735602995555,0.0,0.0,0.0,1.0,-0.09000003337860107,0.0,0.0,0.0,0.0,0.0,-0.6238702535629272,-0.3538702726364136,0.0,0.0,0.0,0.0
62.468,1.0,1.090000033378601,-0.09000003337860107,gncbus_cmd,states_vx_gs,-0.26999998092651367,states_theta,0.06558641791343689,0.38990102977702384,0.2251166686153833,0.5197703799249509,0.519965699480446,0.5173829540511593,0.5223531253542376,0.5172625191058414,0.5224735602995555,0.0,0.0,0.0,1.0,-0.09000003337860107,0.0,0.0,0.0,0.0,0.0,-0.6192687749862671,-0.3492688238620758,0.0,0.0,0.0,0.0
62.637,1.0,1.090000033378601,-0.09000003337860107,gncbus_cmd,states_vx_gs,-0.25999999046325684,states_theta,0.05017156898975372,0.3898878296631842,0.22510838627445026,0.5197094188813539,0.5199914602204706,0.5173585879210806,0.5223422911807439,0.5174938642780748,0.5222070148237498,0.0,0.0,0.0,1.0,-0.09000003337860107,0.0,0.0,0.0,0.0,0.0,-0.6146673560142517,-0.3546673655509949,0.0,0.0,0.0,0.0
62.845,1.0,1.090000033378601,-0.09000003337860107,gncbus_cmd,states_vx_gs,-0.26999998092651367,states_theta,-0.08813119679689407,0.3902891730812119,0.22533960409935191,0.5203201729990216,0.5204509552175435,0.5179328945979833,0.5228382336185817,0.5181770941254258,0.5225940340911392,0.0,0.0,0.0,1.0,-0.09000003337860107,0.0,0.0,0.0,0.0,0.0,-0.6054643988609314,-0.3354644477367401,0.0,0.0,0.0,0.0
63.043,1.0,1.090000033378601,-0.09000003337860107,gncbus_cmd,states_vx_gs,-0.28999999165534973,states_theta,-0.014580394141376019,0.38992752413791965,0.2251313072519637,0.5198153027237621,0.5199914283106902,0.5174441248353575,0.5223626061990948,0.5175087271266626,0.5222980039077897,0.0,0.0,0.0,1.0,-0.09000003337860107,0.0,0.0,0.0,0.0,0.0,-0.5962615013122559,-0.30626150965690613,0.0,0.0,0.0,0.0
63.244,1.0,1.090000033378601,-0.09000003337860107,gncbus_cmd,states_vx_gs,-0.2800000011920929,states_theta,0.015151074156165123,0.38994363807992044,0.22514061375138703,0.5198334809545855,0.520016220591869,0.5174608805868725,0.5223888209595821,0.517533929358792,0.5223157721876625,0.0,0.0,0.0,1.0,-0.09000003337860107,0.0,0.0,0.0,0.0,0.0,-0.5870586037635803,-0.3070586025714874,0.0,0.0,0.0,0.0
63.294,1.0,1.090000033378601,-0.09000003337860107,gncbus_cmd,states_vx_gs,-0.2800000011920929,states_theta,0.00794524047523737,0.38994363807992044,0.22514061375138703,0.5198334809545855,0.520016220591869,0.5174608805868725,0.5223888209595821,0.517533929358792,0.5223157721876625,0.0,0.0,0.0,1.0,-0.09000003337860107,0.0,0.0,0.0,0.0,0.0,-0.5824571251869202,-0.30245712399482727,0.0,0.0,0.0,0.0
63.451,1.0,1.090000033378601,-0.09000003337860107,gncbus_cmd,states_vx_gs,-0.2800000011920929,states_theta,0.10695090889930725,0.38994291440197454,0.22514084155863587,0.5200700796680335,0.5197776920705652,0.5173092480912529,0.5225385236473459,0.5174538404219913,0.5223939313166075,0.0,0.0,0.0,1.0,-0.09000003337860107,0.0,0.0,0.0,0.0,0.0,-0.57785564661026,-0.2978556752204895,0.0,0.0,0.0,0.0
63.671,1.0,1.090000033378601,-0.09000003337860107,gncbus_cmd,states_vx_gs,-0.25999999046325684,states_theta,0.09125691652297974,0.38995627739933214,0.22514870286053593,0.5198286686797244,0.5200547377184945,0.5174480406026373,0.5224353657955817,0.5172975729098014,0.5225858334884176,0.0,0.0,0.0,1.0,-0.09000003337860107,0.0,0.0,0.0,0.0,0.0,-0.5686527490615845,-0.30865275859832764,0.0,0.0,0.0,0.0
63.87,1.0,1.090000033378601,-0.09000003337860107,gncbus_cmd,states_vx_gs,-0.23999999463558197,states_theta,0.06859298795461655,0.3899701263614217,0.22515681788159994,0.5199979620682939,0.5199223748954974,0.517400124458657,0.5225202125051343,0.5173366794453709,0.5225836575184204,0.0,0.0,0.0,1.0,-0.09000003337860107,0.0,0.0,0.0,0.0,0.0,-0.5594498515129089,-0.31944984197616577,0.0,0.0,0.0,0.0
63.92,1.0,1.090000033378601,-0.09000003337860107,gncbus_cmd,states_vx_gs,-0.22999998927116394,states_theta,0.056461796164512634,0.3899701263614217,0.22515681788159994,0.5199979620682939,0.5199223748954974,0.517400124458657,0.5225202125051343,0.5173366794453709,0.5225836575184204,0.0,0.0,0.0,1.0,-0.09000003337860107,0.0,0.0,0.0,0.0,0.0,-0.5548483729362488,-0.32484838366508484,0.0,0.0,0.0,0.0
64.074,1.0,1.090000033378601,-0.09000003337860107,gncbus_cmd,states_vx_gs,-0.22999998927116394,states_theta,0.04101204127073288,0.38998443429020274,0.22516484886597862,0.5199345570603092,0.5200239343802314,0.5175325450302146,0.522425946410326,0.5173266369765992,0.5226318544639414,0.0,0.0,0.0,1.0,-0.09000003337860107,0.0,0.0,0.0,0.0,0.0,-0.5502468943595886,-0.32024693489074707,0.0,0.0,0.0,0.0
64.274,1.0,1.090000033378601,-0.09000003337860107,gncbus_cmd,states_vx_gs,-0.22999998927116394,states_theta,0.0031407824717462063,0.38998577624445385,0.22516533083836288,0.5199235801995127,0.5200384897856977,0.5175833569095615,0.5223787130756489,0.5173838979209792,0.5225781720642312,0.0,0.0,0.0,1.0,-0.09000003337860107,0.0,0.0,0.0,0.0,0.0,-0.5410439968109131,-0.31104400753974915,0.0,0.0,0.0,0.0
64.48,1.0,1.090000033378601,-0.09000003337860107,gncbus_cmd,states_vx_gs,-0.22999998927116394,states_theta,-0.04454031586647034,0.39000105623191994,0.22517365069786963,0.5201295326057014,0.5198732840127518,0.5176149902109519,0.5223878264075013,0.5175761280026523,0.5224266886158009,0.0,0.0,0.0,1.0,-0.09000003337860107,0.0,0.0,0.0,0.0,0.0,-0.5318410992622375,-0.3018410801887512,0.0,0.0,0.0,0.0
64.68,1.0,1.090000033378601,-0.09000003337860107,gncbus_cmd,states_vx_gs,-0.25,states_theta,-0.09850230067968369,0.39001676818803666,0.22518212019935688,0.5198754853483588,0.520169229819739,0.5179604192991345,0.5220842958689633,0.5175250433243472,0.5225196718437506,0.0,0.0,0.0,1.0,-0.09000003337860107,0.0,0.0,0.0,0.0,0.0,-0.5226381421089172,-0.2726381719112396,0.0,0.0,0.0,0.0
64.898,1.0,1.090000033378601,-0.09000003337860107,gncbus_cmd,states_vx_gs,-0.26999998092651367,states_theta,-0.15833903849124908,0.3900328581518569,0.225192382280512,0.5201871546756999,0.5199004670625852,0.5173306374856077,0.5227569842526774,0.5178346540260002,0.5222529677122849,0.0,0.0,0.0,1.0,-0.09000003337860107,0.0,0.0,0.0,0.0,0.0,-0.5134352445602417,-0.24343526363372803,0.0,0.0,0.0,0.0
65.082,1.0,1.090000033378601,-0.09000003337860107,gncbus_cmd,states_vx_gs,-0.25999999046325684,states_theta,0.09966810047626495,0.3900359820197146,0.22519431597898942,0.519928878924595,0.5201670731279773,0.5173434151641635,0.5227525368884088,0.5177746664068911,0.5223212856456813,0.0,0.0,0.0,1.0,-0.09000003337860107,0.0,0.0,0.0,0.0,0.0,-0.5042323470115662,-0.24423234164714813,0.0,0.0,0.0,0.0
65.268,1.0,1.090000033378601,-0.09000003337860107,gncbus_cmd,states_vx_gs,-0.25,states_theta,0.03563432767987251,0.39002572199033153,0.22518814143531624,0.5202099720743618,0.5198586198998556,0.5171729804607783,0.5228956115134391,0.5180781692955929,0.5219904226786245,0.0,0.0,0.0,1.0,-0.09000003337860107,0.0,0.0,0.0,0.0,0.0,-0.49502941966056824,-0.24502940475940704,0.0,0.0,0.0,0.0
65.459,1.0,1.090000033378601,-0.09000003337860107,gncbus_cmd,states_vx_gs,-0.23999999463558197,states_theta,0.11145026981830597,0.3900429729639874,0.22520003604263508,0.5197996251381728,0.5203149694324601,0.5172893420243769,0.522825252546256,0.5172639805518318,0.5228506140188012,0.0,0.0,0.0,1.0,-0.09000003337860107,0.0,0.0,0.0,0.0,0.0,-0.4858264923095703,-0.24582649767398834,0.0,0.0,0.0,0.0
65.63,1.0,1.0799999237060547,-0.07999992370605469,gncbus_cmd,states_vx_gs,-0.19999998807907104,states_theta,0.20281806588172913,0.3900381129297024,0.22519728776968773,0.5199845116200447,0.5201171228591618,0.5171615499279735,0.522940084551233,0.5173522936476088,0.5227493408315976,0.0,0.0,0.0,1.0,-0.07999992370605469,0.0,0.0,0.0,0.0,0.0,-0.49638238549232483,-0.2963823974132538,0.0,0.0,0.0,0.0
65.682,1.0,1.0799999237060547,-0.07999992370605469,gncbus_cmd,states_vx_gs,-0.17999999225139618,states_theta,0.15780510008335114,0.39003325289541757,0.22519456555077993,0.5202423597213037,0.5198463146664765,0.517057969038296,0.5230307053494841,0.5174314228895837,0.5226572514981965,0.0,0.0,0.0,1.0,-0.07999992370605469,0.0,0.0,0.0,0.0,0.0,-0.49229222536087036,-0.312292218208313,0.0,0.0,0.0,0.0
65.845,1.0,1.0799999237060547,-0.07999992370605469,gncbus_cmd,states_vx_gs,-0.17999999225139618,states_theta,-0.027047524228692055,0.3900508008475208,0.22520299135150315,0.5198450264871591,0.520290442439563,0.5177716193882962,0.522363849538426,0.5173490603397455,0.5227864085869767,0.0,0.0,0.0,1.0,-0.07999992370605469,0.0,0.0,0.0,0.0,0.0,-0.4882020354270935,-0.30820202827453613,0.0,0.0,0.0,0.0
66.061,1.0,1.0799999237060547,-0.07999992370605469,gncbus_cmd,states_vx_gs,-0.19999998807907104,states_theta,-0.1479381024837494,0.39004162073976445,0.22519651118098513,0.5202554869741934,0.5198555016651784,0.5178284150457532,0.5222825735936186,0.517691845841933,0.5224191427974388,0.0,0.0,0.0,1.0,-0.07999992370605469,0.0,0.0,0.0,0.0,0.0,-0.4800216853618622,-0.28002169728279114,0.0,0.0,0.0,0.0
66.249,1.0,1.0799999237060547,-0.07999992370605469,gncbus_cmd,states_vx_gs,-0.25,states_theta,-0.26954835653305054,0.3900324406320079,0.22519046032617815,0.5198824665168853,0.5202040418351359,0.5180880451807169,0.5219984631713043,0.5177226223016288,0.5223638860503924,0.0,0.0,0.0,1.0,-0.07999992370605469,0.0,0.0,0.0,0.0,0.0,-0.47184130549430847,-0.22184130549430847,0.0,0.0,0.0,0.0
66.457,1.0,1.0799999237060547,-0.07999992370605469,gncbus_cmd,states_vx_gs,-0.26999998092651367,states_theta,0.0678277462720871,0.39002326052425157,0.22518688644616058,0.5202482980018458,0.519813730062825,0.5171390568918847,0.5229229711727862,0.5180478311829256,0.5220141968817452,0.0,0.0,0.0,1.0,-0.07999992370605469,0.0,0.0,0.0,0.0,0.0,-0.46366095542907715,-0.19366097450256348,0.0,0.0,0.0,0.0
66.658,1.0,1.0799999237060547,-0.07999992370605469,gncbus_cmd,states_vx_gs,-0.23999999463558197,states_theta,0.2453160136938095,0.3900140804164951,0.22518274431329688,0.5198029830288082,0.520234564748512,0.5173503185365195,0.5226872292408008,0.5173239216274194,0.5227136261499009,0.0,0.0,0.0,1.0,-0.07999992370605469,0.0,0.0,0.0,0.0,0.0,-0.45548057556152344,-0.21548059582710266,0.0,0.0,0.0,0.0
66.833,1.0,1.0799999237060547,-0.07999992370605469,gncbus_cmd,states_vx_gs,-0.20999999344348907,states_theta,0.1273355782032013,0.39000949036261695,0.22517982286702035,0.5200967032587562,0.519928604374889,0.5172137039328328,0.5228116037008124,0.517542993168481,0.5224823144651642,0.0,0.0,0.0,1.0,-0.07999992370605469,0.0,0.0,0.0,0.0,0.0,-0.4473002254962921,-0.23730023205280304,0.0,0.0,0.0,0.0
67.037,1.0,1.0699999332427979,-0.06999993324279785,gncbus_cmd,states_vx_gs,-0.19999998807907104,states_theta,-0.010609224438667297,0.3899957202009823,0.2251709971147465,0.5198599847195117,0.5201286024831077,0.5174522361225048,0.5225363510801145,0.5175688785746279,0.5224197086279915,0.0,0.0,0.0,1.0,-0.06999993324279785,0.0,0.0,0.0,0.0,0.0,-0.4590829610824585,-0.25908297300338745,0.0,0.0,0.0,0.0
67.307,1.0,1.0699999332427979,-0.06999993324279785,gncbus_cmd,states_vx_gs,-0.23999999463558197,states_theta,-0.24885866045951843,0.38995908308626814,0.2251483931602122,0.5200584612857152,0.5198324269443332,0.5175500611871899,0.5223408270428584,0.5179463202387249,0.5219445679913235,0.0,0.0,0.0,1.0,-0.06999993324279785,0.0,0.0,0.0,0.0,0.0,-0.44834622740745544,-0.20834624767303467,0.0,0.0,0.0,0.0
67.472,1.0,1.0699999332427979,-0.06999993324279785,gncbus_cmd,states_vx_gs,-0.25999999046325684,states_theta,-0.17518369853496552,0.38994887701426983,0.22514210334619658,0.5198738227840484,0.5199898492540046,0.5179633473152055,0.5219003247228474,0.5176618352043846,0.5222018368336684,0.0,0.0,0.0,1.0,-0.06999993324279785,0.0,0.0,0.0,0.0,0.0,-0.44440943002700806,-0.18440945446491241,0.0,0.0,0.0,0.0
67.68,1.0,1.0699999332427979,-0.06999993324279785,gncbus_cmd,states_vx_gs,-0.28999999165534973,states_theta,-0.05740262567996979,0.3899391569457001,0.2251371112880903,0.5199377930571261,0.5198999587980742,0.5175963692617406,0.5222413825934596,0.5177387469982359,0.5220990048569644,0.0,0.0,0.0,1.0,-0.06999993324279785,0.0,0.0,0.0,0.0,0.0,-0.43725162744522095,-0.14725163578987122,0.0,0.0,0.0,0.0
67.864,1.0,1.0699999332427979,-0.06999993324279785,gncbus_cmd,states_vx_gs,-0.29999998211860657,states_theta,0.02119334414601326,0.38992943687713033,0.22513123270618546,0.5199236228070772,0.5198882088652703,0.5177721062931441,0.5220397253792034,0.5176446525972128,0.5221671790751347,0.0,0.0,0.0,1.0,-0.06999993324279785,0.0,0.0,0.0,0.0,0.0,-0.43009379506111145,-0.13009382784366608,0.0,0.0,0.0,0.0
68.076,1.0,1.0699999332427979,-0.06999993324279785,gncbus_cmd,states_vx_gs,-0.3100000023841858,states_theta,-0.11258970946073532,0.3899197168085605,0.2251247617846053,0.5198421235042562,0.5199437879852385,0.5180342336703602,0.5217516778191346,0.517733796677596,0.5220521148118987,0.0,0.0,0.0,1.0,-0.06999993324279785,0.0,0.0,0.0,0.0,0.0,-0.42293599247932434,-0.11293599009513855,0.0,0.0,0.0,0.0
68.284,1.0,1.0799999237060547,-0.07999992370605469,gncbus_cmd,states_vx_gs,-0.3199999928474426,states_theta,0.1580626219511032,0.3899099967399907,0.2251220865794048,0.519945274329421,0.519814716977221,0.5170966573462706,0.5226633339603713,0.5175015886969151,0.5222584026097269,0.0,0.0,0.0,1.0,-0.07999992370605469,0.0,0.0,0.0,0.0,0.0,-0.3959684669971466,-0.07596847414970398,0.0,0.0,0.0,0.0
68.484,1.0,1.0799999237060547,-0.07999992370605469,gncbus_cmd,states_vx_gs,-0.25,states_theta,0.28298723697662354,0.38992759868817534,0.22513222007811265,0.5199415809598011,0.5198653488753331,0.517105690762274,0.5227012390728603,0.5175524117124446,0.5222545181226896,0.0,0.0,0.0,1.0,-0.07999992370605469,0.0,0.0,0.0,0.0,0.0,-0.3877881169319153,-0.1377881020307541,0.0,0.0,0.0,0.0
68.678,1.0,1.0799999237060547,-0.07999992370605469,gncbus_cmd,states_vx_gs,-0.20999999344348907,states_theta,0.15179042518138885,0.38991841858041887,0.22512688332512973,0.5199051998971513,0.5198772496506323,0.5170451654417981,0.5227372841059855,0.517613081659989,0.5221693678877947,0.0,0.0,0.0,1.0,-0.07999992370605469,0.0,0.0,0.0,0.0,0.0,-0.3796077370643616,-0.1696077585220337,0.0,0.0,0.0,0.0
68.73,1.0,1.0699999332427979,-0.06999993324279785,gncbus_cmd,states_vx_gs,-0.19999998807907104,states_theta,0.08707218617200851,0.38991841858041887,0.22512688332512973,0.5199051998971513,0.5198772496506323,0.5170451654417981,0.5227372841059855,0.517613081659989,0.5221693678877947,0.0,0.0,0.0,1.0,-0.06999993324279785,0.0,0.0,0.0,0.0,0.0,-0.39481601119041443,-0.1948160082101822,0.0,0.0,0.0,0.0
68.894,1.0,1.0699999332427979,-0.06999993324279785,gncbus_cmd,states_vx_gs,-0.19999998807907104,states_theta,0.01368396170437336,0.38990923847266246,0.22512084079445452,0.5198502423745041,0.5199077268859292,0.5171835711928027,0.5225743980676306,0.5177140908259129,0.5220438784345204,0.0,0.0,0.0,1.0,-0.06999993324279785,0.0,0.0,0.0,0.0,0.0,-0.3912371098995209,-0.19123710691928864,0.0,0.0,0.0,0.0
69.093,1.0,1.0699999332427979,-0.06999993324279785,gncbus_cmd,states_vx_gs,-0.19999998807907104,states_theta,0.027356555685400963,0.38992754236990446,0.22513118173611293,0.5198338823501695,0.5199728973029091,0.5173721332760827,0.5224346463769959,0.5176378206405478,0.5221689590125308,0.0,0.0,0.0,1.0,-0.06999993324279785,0.0,0.0,0.0,0.0,0.0,-0.3840792775154114,-0.18407928943634033,0.0,0.0,0.0,0.0
69.275,1.0,1.0699999332427979,-0.06999993324279785,gncbus_cmd,states_vx_gs,-0.2199999988079071,states_theta,-0.13948756456375122,0.38993686283243034,0.22513580425041418,0.5199582816262079,0.5198733525936062,0.5174713320681101,0.522360302151704,0.5178660730352016,0.5219655611846126,0.0,0.0,0.0,1.0,-0.06999993324279785,0.0,0.0,0.0,0.0,0.0,-0.37692147493362427,-0.15692146122455597,0.0,0.0,0.0,0.0
69.476,1.0,1.0699999332427979,-0.06999993324279785,gncbus_cmd,states_vx_gs,-0.25,states_theta,-0.09379042685031891,0.38995160279517105,0.22514360145351278,0.5198800319736866,0.5199909088134361,0.5179875075317854,0.5218834332553374,0.517677719505374,0.5221932212817487,0.0,0.0,0.0,1.0,-0.06999993324279785,0.0,0.0,0.0,0.0,0.0,-0.36976364254951477,-0.11976365000009537,0.0,0.0,0.0,0.0
69.68,1.0,1.0699999332427979,-0.06999993324279785,gncbus_cmd,states_vx_gs,-0.26999998092651367,states_theta,-0.11675551533699036,0.3899743617432356,0.22515800391247406,0.5199766768775241,0.5199549544377707,0.5174444541185306,0.5224871771967643,0.5177720900527107,0.5221595412625841,0.0,0.0,0.0,1.0,-0.06999993324279785,0.0,0.0,0.0,0.0,0.0,-0.36260583996772766,-0.09260585159063339,0.0,0.0,0.0,0.0
69.882,1.0,1.0699999332427979,-0.06999993324279785,gncbus_cmd,states_vx_gs,-0.23999999463558197,states_theta,0.23846754431724548,0.3899806716119311,0.22516240371760593,0.5199515755409088,0.5199968820909076,0.517295084365476,0.5226533732663403,0.5176601655324842,0.5222882920993321,0.0,0.0,0.0,1.0,-0.06999993324279785,0.0,0.0,0.0,0.0,0.0,-0.35544800758361816,-0.11544802039861679,0.0,0.0,0.0,0.0
70.074,1.0,1.0699999332427979,-0.06999993324279785,gncbus_cmd,states_vx_gs,-0.2199999988079071,states_theta,0.051388055086135864,0.39000258161407764,0.22517390139532792,0.5199790308580995,0.5200278534461075,0.5176449228778218,0.5223619614263851,0.5177908911886339,0.5222159931155731,0.0,0.0,0.0,1.0,-0.06999993324279785,0.0,0.0,0.0,0.0,0.0,-0.34829020500183105,-0.12829020619392395,0.0,0.0,0.0,0.0
70.275,1.0,1.0699999332427979,-0.06999993324279785,gncbus_cmd,states_vx_gs,-0.22999998927116394,states_theta,-0.1452908217906952,0.39002350461445645,0.2251847467617474,0.5201641850738028,0.5198984938980811,0.5179427120042605,0.5221199669676234,0.5180678863429974,0.5219947926288865,0.0,0.0,0.0,1.0,-0.06999993324279785,0.0,0.0,0.0,0.0,0.0,-0.34113237261772156,-0.11113239824771881,0.0,0.0,0.0,0.0
70.462,1.0,1.0699999332427979,-0.06999993324279785,gncbus_cmd,states_vx_gs,-0.25,states_theta,0.013403165154159069,0.3900447515389887,0.2251994157430148,0.5199503326051298,0.5201690048321734,0.5177461212523331,0.5223732161849701,0.5173766337019194,0.5227427037353838,0.0,0.0,0.0,1.0,-0.06999993324279785,0.0,0.0,0.0,0.0,0.0,-0.33397457003593445,-0.08397457003593445,0.0,0.0,0.0,0.0
70.679,1.0,1.0699999332427979,-0.06999993324279785,gncbus_cmd,states_vx_gs,-0.19999998807907104,states_theta,0.3371255099773407,0.3900393514150187,0.22519740877444847,0.520140289093525,0.5199646480131915,0.5172666136643831,0.5228383234423335,0.5174456623344124,0.5226592747723042,0.0,0.0,0.0,1.0,-0.06999993324279785,0.0,0.0,0.0,0.0,0.0,-0.32681676745414734,-0.1268167644739151,0.0,0.0,0.0,0.0
70.887,1.0,1.059999942779541,-0.059999942779541016,gncbus_cmd,states_vx_gs,-0.1599999964237213,states_theta,0.12067213654518127,0.3900476728421927,0.22520112669708195,0.5199882690101825,0.5201388585689981,0.5175227487840707,0.5226043787951099,0.5175845183689406,0.52254260921024,0.0,0.0,0.0,1.0,-0.059999942779541016,0.0,0.0,0.0,0.0,0.0,-0.339775413274765,-0.1797754168510437,0.0,0.0,0.0,0.0
71.075,1.0,1.059999942779541,-0.059999942779541016,gncbus_cmd,states_vx_gs,-0.17000000178813934,states_theta,-0.11584147810935974,0.39007002683249953,0.22521242655728882,0.520159200164546,0.5200275380554528,0.517772120371016,0.5224146178489827,0.5180145882869426,0.5221721499330562,0.0,0.0,0.0,1.0,-0.059999942779541016,0.0,0.0,0.0,0.0,0.0,-0.33364012837409973,-0.16364014148712158,0.0,0.0,0.0,0.0
71.281,1.0,1.059999942779541,-0.059999942779541016,gncbus_cmd,states_vx_gs,-0.20999999344348907,states_theta,-0.2598176598548889,0.3900654367786212,0.22520920778547104,0.5200301742356374,0.5201443238406859,0.5180868057012632,0.52208769237506,0.5179229719536412,0.522251526122682,0.0,0.0,0.0,1.0,-0.059999942779541016,0.0,0.0,0.0,0.0,0.0,-0.32750487327575684,-0.11750487983226776,0.0,0.0,0.0,0.0
71.48,1.0,1.059999942779541,-0.059999942779541016,gncbus_cmd,states_vx_gs,-0.23999999463558197,states_theta,-0.07583313435316086,0.39006084672474306,0.22520770389917188,0.5200505281122824,0.5201117298203658,0.5177992716678234,0.5223629862648248,0.5177260827160984,0.5224361752165497,0.0,0.0,0.0,1.0,-0.059999942779541016,0.0,0.0,0.0,0.0,0.0,-0.32136958837509155,-0.08136960864067078,0.0,0.0,0.0,0.0
71.56,1.0,1.059999942779541,-0.059999942779541016,gncbus_cmd,states_vx_gs,-0.23999999463558197,states_theta,0.06394747644662857,0.390058551697804,0.22520654338155793,0.5199117666541015,0.5202443712067091,0.5180438870184583,0.5221122508423524,0.5174541714103811,0.5227019664504295,0.0,0.0,0.0,1.0,-0.059999942779541016,0.0,0.0,0.0,0.0,0.0,-0.3183019757270813,-0.07830197364091873,0.0,0.0,0.0,0.0
71.661,1.0,1.059999942779541,-0.059999942779541016,gncbus_cmd,states_vx_gs,-0.22999998927116394,states_theta,0.0535222552716732,0.3900562566708649,0.22520479899023116,0.5201765519220707,0.5199734658669024,0.5178905244329532,0.5222594933560198,0.5177271349365431,0.52242288285243,0.0,0.0,0.0,1.0,-0.059999942779541016,0.0,0.0,0.0,0.0,0.0,-0.31523433327674866,-0.08523434400558472,0.0,0.0,0.0,0.0
71.714,1.0,1.059999942779541,-0.059999942779541016,gncbus_cmd,states_vx_gs,-0.22999998927116394,states_theta,-0.0010169446468353271,0.3900562566708649,0.22520479899023116,0.5201765519220707,0.5199734658669024,0.5178905244329532,0.5222594933560198,0.5177271349365431,0.52242288285243,0.0,0.0,0.0,1.0,-0.059999942779541016,0.0,0.0,0.0,0.0,0.0,-0.312166690826416,-0.08216670900583267,0.0,0.0,0.0,0.0
71.862,1.0,1.059999942779541,-0.059999942779541016,gncbus_cmd,states_vx_gs,-0.23999999463558197,states_theta,-0.04990905895829201,0.39005166661698665,0.22520121772486676,0.5199195708737856,0.5202182067715122,0.5181351208042974,0.5220026568410004,0.5178654225682712,0.5222723550770266,0.0,0.0,0.0,1.0,-0.059999942779541016,0.0,0.0,0.0,0.0,0.0,-0.3090990483760834,-0.0690990686416626,0.0,0.0,0.0,0.0
72.059,1.0,1.0499999523162842,-0.04999995231628418,gncbus_cmd,states_vx_gs,-0.26999998092651367,states_theta,-0.1967783123254776,0.39004707656310855,0.2251992999445088,0.5202897140602022,0.5198358234414205,0.5174691845396556,0.5226563529619671,0.518285687384182,0.5218398501174407,0.0,0.0,0.0,1.0,-0.04999995231628418,0.0,0.0,0.0,0.0,0.0,-0.32318252325057983,-0.053182538598775864,0.0,0.0,0.0,0.0
72.258,1.0,1.059999942779541,-0.059999942779541016,gncbus_cmd,states_vx_gs,-0.25,states_theta,0.2963605523109436,0.39001529948267927,0.22518261739857126,0.5198783370397914,0.5201624615806867,0.5177199359699516,0.5223208626505265,0.5172598510800377,0.5227809475404404,0.0,0.0,0.0,1.0,-0.059999942779541016,0.0,0.0,0.0,0.0,0.0,-0.2979021966457367,-0.047902192920446396,0.0,0.0,0.0,0.0
72.445,1.0,1.0499999523162842,-0.04999995231628418,gncbus_cmd,states_vx_gs,-0.19999998807907104,states_theta,0.12352176755666733,0.39001273447533347,0.22518085658842932,0.5201402398623935,0.5198937187384958,0.5176262223011026,0.5224077362997868,0.5174289853225298,0.5226049732783595,0.0,0.0,0.0,1.0,-0.04999995231628418,0.0,0.0,0.0,0.0,0.0,-0.31137213110923767,-0.11137213557958603,0.0,0.0,0.0,0.0
72.638,1.0,1.0499999523162842,-0.04999995231628418,gncbus_cmd,states_vx_gs,-0.20999999344348907,states_theta,-0.1631062775850296,0.38999116934204897,0.22516675191013316,0.5199462363620893,0.520030215216708,0.5178474469747154,0.5221290046040818,0.5177828355093228,0.5221936160694745,0.0,0.0,0.0,1.0,-0.04999995231628418,0.0,0.0,0.0,0.0,0.0,-0.3062593936920166,-0.09625940769910812,0.0,0.0,0.0,0.0
72.852,1.0,1.0499999523162842,-0.04999995231628418,gncbus_cmd,states_vx_gs,-0.2199999988079071,states_theta,0.01259535737335682,0.38995850121504283,0.22514871566442993,0.5200342106469876,0.51985512592646,0.5174497407166055,0.5224395958568421,0.5177766230585482,0.5221127135148994,0.0,0.0,0.0,1.0,-0.04999995231628418,0.0,0.0,0.0,0.0,0.0,-0.3011466860771179,-0.08114667236804962,0.0,0.0,0.0,0.0
73.056,1.0,1.0499999523162842,-0.04999995231628418,gncbus_cmd,states_vx_gs,-0.20999999344348907,states_theta,0.16797952353954315,0.3899525611306087,0.22514538207082385,0.5198866720476434,0.5199868243006465,0.5177984105210799,0.52207508582721,0.5173812248805886,0.5224922714677013,0.0,0.0,0.0,1.0,-0.04999995231628418,0.0,0.0,0.0,0.0,0.0,-0.29603394865989685,-0.08603395521640778,0.0,0.0,0.0,0.0
73.324,1.0,1.0499999523162842,-0.04999995231628418,gncbus_cmd,states_vx_gs,-0.22999998927116394,states_theta,-0.1386527270078659,0.38991916400369847,0.2251247948315702,0.5198924000521133,0.5198920372910826,0.5178498040772025,0.5219346332659934,0.5177515977428716,0.5220328396003243,0.0,0.0,0.0,1.0,-0.04999995231628418,0.0,0.0,0.0,0.0,0.0,-0.28836485743522644,-0.0583648718893528,0.0,0.0,0.0,0.0
73.462,1.0,1.0499999523162842,-0.04999995231628418,gncbus_cmd,states_vx_gs,-0.23999999463558197,states_theta,-0.10697095841169357,0.38991592398072555,0.22512293414929643,0.5197710063083967,0.5200047909735381,0.5177188956213713,0.5220569016605635,0.5178746135029871,0.5219011837789477,0.0,0.0,0.0,1.0,-0.04999995231628418,0.0,0.0,0.0,0.0,0.0,-0.2858085036277771,-0.04580850154161453,0.0,0.0,0.0,0.0
73.674,1.0,1.0499999523162842,-0.04999995231628418,gncbus_cmd,states_vx_gs,-0.25,states_theta,-0.04854574799537659,0.3898790708813368,0.22510204939464581,0.5198566373286007,0.5198208850216308,0.5178250396583772,0.5218524826918542,0.5175102514123835,0.522167270937848,0.0,0.0,0.0,1.0,-0.04999995231628418,0.0,0.0,0.0,0.0,0.0,-0.28069576621055603,-0.030695771798491478,0.0,0.0,0.0,0.0
73.86,1.0,1.0499999523162842,-0.04999995231628418,gncbus_cmd,states_vx_gs,-0.25,states_theta,0.05042316019535065,0.3898994538854539,0.22511358089859418,0.5199117306864197,0.5198201463414572,0.5175907011776564,0.5221411758502206,0.5178979705623181,0.5218339064655588,0.0,0.0,0.0,1.0,-0.04999995231628418,0.0,0.0,0.0,0.0,0.0,-0.27558305859565735,-0.025583045557141304,0.0,0.0,0.0,0.0
74.059,1.0,1.0499999523162842,-0.04999995231628418,gncbus_cmd,states_vx_gs,-0.25,states_theta,-0.0035877316258847713,0.3898929738395078,0.22511000524856747,0.5199131763260618,0.5198014205792922,0.5178267264798397,0.5218878704255143,0.5175718135413558,0.5221427833639982,0.0,0.0,0.0,1.0,-0.04999995231628418,0.0,0.0,0.0,0.0,0.0,-0.2704703211784363,-0.02047032117843628,0.0,0.0,0.0,0.0
74.226,1.0,1.0499999523162842,-0.04999995231628418,gncbus_cmd,states_vx_gs,-0.23999999463558197,states_theta,0.055442750453948975,0.38988973381653486,0.22510837052232585,0.5199270974090607,0.5197788594350322,0.5175869684901402,0.5221189883539528,0.5177002495662231,0.5220057072778699,0.0,0.0,0.0,1.0,-0.04999995231628418,0.0,0.0,0.0,0.0,0.0,-0.2653575837612152,-0.025357600301504135,0.0,0.0,0.0,0.0
74.442,1.0,1.0499999523162842,-0.04999995231628418,gncbus_cmd,states_vx_gs,-0.23999999463558197,states_theta,-0.0019346904009580612,0.39031083678713346,0.22535116438104316,0.5204989077074126,0.52032999039161,0.5183817909143416,0.522447107184681,0.5181669538707361,0.5226619442282865,0.0,0.0,0.0,1.0,-0.04999995231628418,0.0,0.0,0.0,0.0,0.0,-0.26024487614631653,-0.02024487592279911,0.0,0.0,0.0,0.0
74.629,1.0,1.0499999523162842,-0.04999995231628418,gncbus_cmd,states_vx_gs,-0.23999999463558197,states_theta,0.09795986860990524,0.3899334366715231,0.2251344103622007,0.5199955959638419,0.5198269018268863,0.5175364250754273,0.5222860727153009,0.5175482067911106,0.5222742909996176,0.0,0.0,0.0,1.0,-0.04999995231628418,0.0,0.0,0.0,0.0,0.0,-0.25513213872909546,-0.015132149681448936,0.0,0.0,0.0,0.0
74.824,1.0,1.0499999523162842,-0.04999995231628418,gncbus_cmd,states_vx_gs,-0.20999999344348907,states_theta,0.005333178676664829,0.38996879664245043,0.22515304254165824,0.5197838674356998,0.5201329236108347,0.5181138324866208,0.5218029585599138,0.517816530946378,0.5221002601001565,0.0,0.0,0.0,1.0,-0.04999995231628418,0.0,0.0,0.0,0.0,0.0,-0.24976378679275513,-0.039763789623975754,0.0,0.0,0.0,0.0
75.022,1.0,1.0499999523162842,-0.04999995231628418,gncbus_cmd,states_vx_gs,-0.22999998927116394,states_theta,-0.08383221179246902,0.3899913666170826,0.22516774007042842,0.5201692587154406,0.519807718930113,0.5173861259395823,0.5225908517059713,0.5179346333702609,0.5220423442752927,0.0,0.0,0.0,1.0,-0.04999995231628418,0.0,0.0,0.0,0.0,0.0,-0.24465106427669525,-0.014651067554950714,0.0,0.0,0.0,0.0
75.247,1.0,1.0399999618530273,-0.039999961853027344,gncbus_cmd,states_vx_gs,-0.1899999976158142,states_theta,0.32320740818977356,0.39001444957203707,0.22518202918873415,0.5197872768171521,0.5202512553749468,0.5178462406212979,0.5221922915708009,0.5171941313773435,0.5228444008147554,0.0,0.0,0.0,1.0,-0.039999961853027344,0.0,0.0,0.0,0.0,0.0,-0.25914353132247925,-0.06914353370666504,0.0,0.0,0.0,0.0
75.456,1.0,1.0399999618530273,-0.039999961853027344,gncbus_cmd,states_vx_gs,-0.17000000178813934,states_theta,-0.01803760603070259,0.39002463396264425,0.22518559945197042,0.5201975755768564,0.5198681149901949,0.5181608827474189,0.5219048078196324,0.517782224900734,0.5222834656663173,0.0,0.0,0.0,1.0,-0.039999961853027344,0.0,0.0,0.0,0.0,0.0,-0.2550533413887024,-0.08505335450172424,0.0,0.0,0.0,0.0
75.665,1.0,1.0399999618530273,-0.039999961853027344,gncbus_cmd,states_vx_gs,-0.20999999344348907,states_theta,-0.16690480709075928,0.3900486619691627,0.22520015986436814,0.5199861504359273,0.5201436148151732,0.5175784842435238,0.5225512810075768,0.5181549007328345,0.521974864518266,0.0,0.0,0.0,1.0,-0.039999961853027344,0.0,0.0,0.0,0.0,0.0,-0.2509631812572479,-0.04096318036317825,0.0,0.0,0.0,0.0
75.86,1.0,1.0399999618530273,-0.039999961853027344,gncbus_cmd,states_vx_gs,-0.20999999344348907,states_theta,-0.010740522295236588,0.39007301395227406,0.22521514742355106,0.520079005043751,0.5201156988289798,0.5177737470054364,0.5224209568672944,0.517625627609267,0.5225690762634638,0.0,0.0,0.0,1.0,-0.039999961853027344,0.0,0.0,0.0,0.0,0.0,-0.24687299132347107,-0.036872997879981995,0.0,0.0,0.0,0.0
76.059,1.0,1.0399999618530273,-0.039999961853027344,gncbus_cmd,states_vx_gs,-0.1899999976158142,states_theta,0.0646478682756424,0.390070853851277,0.22521285644834976,0.5200740997021948,0.5201148439012105,0.5180212251533437,0.5221677184500616,0.5177859283662137,0.5224030152371916,0.0,0.0,0.0,1.0,-0.039999961853027344,0.0,0.0,0.0,0.0,0.0,-0.2427828162908554,-0.0527828149497509,0.0,0.0,0.0,0.0
76.259,1.0,1.0399999618530273,-0.039999961853027344,gncbus_cmd,states_vx_gs,-0.19999998807907104,states_theta,-0.0702110081911087,0.3900686937502799,0.22521084346163725,0.5201132991071385,0.5200698842269412,0.5180404158032125,0.5221427675308673,0.5180815008470029,0.5221016824870769,0.0,0.0,0.0,1.0,-0.039999961853027344,0.0,0.0,0.0,0.0,0.0,-0.23869262635707855,-0.038692642003297806,0.0,0.0,0.0,0.0
76.448,1.0,1.0299999713897705,-0.029999971389770508,gncbus_cmd,states_vx_gs,-0.2199999988079071,states_theta,-0.014630241319537163,0.39009407165036264,0.22522682738776145,0.5201476467229653,0.520103211011335,0.5177809347919408,0.5224699229423596,0.5178557066712731,0.5223951510630273,0.0,0.0,0.0,1.0,-0.029999971389770508,0.0,0.0,0.0,0.0,0.0,-0.2541053891181946,-0.03410539776086807,0.0,0.0,0.0,0.0
76.635,1.0,1.0299999713897705,-0.029999971389770508,gncbus_cmd,states_vx_gs,-0.20999999344348907,states_theta,-0.029392270371317863,0.39009245151017896,0.22522489626134057,0.5200596990392738,0.5201868383212034,0.5180518957744464,0.5221946415860308,0.5179878553828594,0.5222586819776178,0.0,0.0,0.0,1.0,-0.029999971389770508,0.0,0.0,0.0,0.0,0.0,-0.2510377764701843,-0.04103776812553406,0.0,0.0,0.0,0.0
76.854,1.0,1.0299999713897705,-0.029999971389770508,gncbus_cmd,states_vx_gs,-0.22999998927116394,states_theta,-0.0873936116695404,0.390063590347363,0.2252080239385865,0.5201006670844235,0.5200689071752111,0.5179141580197444,0.5222554162398902,0.5181444393556349,0.5220251349039997,0.0,0.0,0.0,1.0,-0.029999971389770508,0.0,0.0,0.0,0.0,0.0,-0.24797013401985168,-0.017970139160752296,0.0,0.0,0.0,0.0
77.069,1.0,1.0299999713897705,-0.029999971389770508,gncbus_cmd,states_vx_gs,-0.23999999463558197,states_theta,-0.05253633111715317,0.3900614302463659,0.22520634402643105,0.5200420547067989,0.5201217592835102,0.5183357095518806,0.5218281044384285,0.5179263844363182,0.5222374295539909,0.0,0.0,0.0,1.0,-0.029999971389770508,0.0,0.0,0.0,0.0,0.0,-0.24490249156951904,-0.004902497865259647,0.0,0.0,0.0,0.0
77.294,0.6700000464916229,1.0299999713897705,-0.3599999248981476,datactrl_ref_vx_fallback,states_vx_gs,-0.2199999988079071,states_theta,0.16071611642837524,0.3900319481197787,0.22518737005539424,0.520180237533398,0.5199049574526785,0.5184911695702968,0.5215940254157797,0.5187184936449792,0.5213667013410973,0.0,0.0,0.0,0.8500000238418579,-0.17999997735023499,0.0,0.0,0.0,0.0,0.0,0.052243441343307495,0.2722434401512146,0.0,0.0,0.0,0.0
77.493,0.27000001072883606,1.0299999713897705,-0.7599999606609344,datactrl_ref_vx_fallback,states_vx_gs,-0.08999999612569809,states_theta,1.082078456878662,0.39000211501854914,0.22517227471808063,0.5198380048293958,0.5201676352200686,0.5180506289461912,0.5219550111032731,0.5179594484119752,0.5220461916374892,0.0,0.0,0.0,0.6499999761581421,-0.37999996542930603,0.0,0.0,0.0,0.0,0.0,0.4653100371360779,0.5553100109100342,0.0,0.0,0.0,0.0
77.701,-0.12000000476837158,1.0199999809265137,-1.1399999856948853,datactrl_ref_vx_fallback,states_vx_gs,0.2199999988079071,states_theta,2.022590160369873,0.38999887499557623,0.22517091883151946,0.5202458401810581,0.5197511598071451,0.517608139783589,0.5223888602046143,0.5182192435392781,0.5217777564489252,0.0,0.0,0.0,0.44999998807907104,-0.5699999928474426,0.0,0.0,0.0,0.0,0.0,0.8792734742164612,0.6592734456062317,0.0,0.0,0.0,0.0
77.893,-0.5,1.0,-1.5,datactrl_ref_vx_fallback,states_vx_gs,0.5899999737739563,states_theta,1.7594135999679565,0.38995464537522134,0.22514500409231705,0.5196869439386465,0.5201921103952771,0.5183902510114491,0.5214888033224745,0.5175325616350619,0.5223464926988617,0.0,0.0,0.0,0.25,-0.75,0.0,0.0,0.0,0.0,0.0,1.2928556203842163,0.7028555870056152,0.0,0.0,0.0,0.0
78.095,-0.8599999658763409,0.9599999785423279,-1.8199999444186687,datactrl_ref_vx_fallback,states_vx_gs,0.9699999690055847,states_theta,1.9497448205947876,0.38992346225168684,0.2251277971409804,0.5201146139975158,0.5196812853403158,0.5173299261571709,0.5224659731806607,0.5181515414816142,0.5216443578562173,0.0,0.0,0.0,0.05000000074505806,-0.9099999666213989,0.0,0.0,0.0,0.0,0.0,1.6855307817459106,0.7155307531356812,0.0,0.0,0.0,0.0
78.28,-0.9199999570846558,0.9199999570846558,-1.8399999141693115,datactrl_ref_vx_fallback,states_vx_gs,1.3399999141693115,states_theta,1.78217613697052,0.3899188721978087,0.22512622522608092,0.519702670759469,0.5200809884346875,0.5177113164745771,0.5220723427195794,0.5172759438417137,0.5225077153524428,0.0,0.0,0.0,0.0,-0.9199999570846558,0.0,0.0,0.0,0.0,0.0,1.8004372119903564,0.4604372978210449,0.0,0.0,0.0,0.0
78.488,-0.85999995470047,0.85999995470047,-1.71999990940094,datactrl_ref_vx_fallback,states_vx_gs,1.559999942779541,states_theta,0.6924325227737427,0.38988685213501345,0.22510390074121364,0.520001180082266,0.5196970922777698,0.5182482649666348,0.5214500073934011,0.5183878629962743,0.5213104093637616,0.0,0.0,0.0,0.0,-0.85999995470047,0.0,0.0,0.0,0.0,0.0,1.7760621309280396,0.21606212854385376,0.0,0.0,0.0,0.0
78.687,-0.7999999523162842,0.7999999523162842,-1.5999999046325684,datactrl_ref_vx_fallback,states_vx_gs,1.5799999237060547,states_theta,-0.07283110916614532,0.38986797355825,0.2250921156971447,0.5198803486402523,0.5197675808484143,0.5184651883014518,0.5211827411872149,0.5186939197836037,0.520954009705063,0.0,0.0,0.0,0.0,-0.7999999523162842,0.0,0.0,0.0,0.0,0.0,1.7458072900772095,0.16580738127231598,0.0,0.0,0.0,0.0
78.896,-0.75,0.75,-1.5,datactrl_ref_vx_fallback,states_vx_gs,1.5399999618530273,states_theta,-0.31804943084716797,0.38986257343427994,0.22508849240645343,0.519809548812475,0.5198239803456048,0.5188842200598669,0.5207493090982129,0.5186564151373287,0.5209771140207511,0.0,0.0,0.0,0.0,-0.75,0.0,0.0,0.0,0.0,0.0,1.7288691997528076,0.18886923789978027,0.0,0.0,0.0,0.0
79.086,-0.6899999976158142,0.6899999976158142,-1.3799999952316284,datactrl_ref_vx_fallback,states_vx_gs,1.4800000190734863,states_theta,-0.243108868598938,0.38987069227949506,0.22509310942645414,0.5198035703968099,0.5198516090151769,0.5189264643157777,0.5207287150962091,0.5186976443420387,0.5209575350699481,0.0,0.0,0.0,0.0,-0.6899999976158142,0.0,0.0,0.0,0.0,0.0,1.686906337738037,0.206906259059906,0.0,0.0,0.0,0.0
79.316,-0.6399999856948853,0.6399999856948853,-1.2799999713897705,datactrl_ref_vx_fallback,states_vx_gs,1.4199999570846558,states_theta,-0.3691587746143341,0.39027042827903446,0.2253234133650567,0.5203646426263328,0.5203564994510924,0.5195498446541795,0.5211712974232456,0.519610751546292,0.5211103905311332,0.0,0.0,0.0,0.0,-0.6399999856948853,0.0,0.0,0.0,0.0,0.0,1.6585667133331299,0.23856671154499054,0.0,0.0,0.0,0.0
79.5,-0.5899999737739563,0.5899999737739563,-1.1799999475479126,datactrl_ref_vx_fallback,states_vx_gs,1.3399999141693115,states_theta,-0.49622446298599243,0.38991952526007795,0.2251204343867804,0.5198999758418211,0.5198854248517201,0.5192991478293901,0.5204862528641511,0.5194771873454253,0.5203082133481159,0.0,0.0,0.0,0.0,-0.5899999737739563,0.0,0.0,0.0,0.0,0.0,1.6251143217086792,0.2851144075393677,0.0,0.0,0.0,0.0
79.69,-0.5399999618530273,0.5399999618530273,-1.0799999237060547,datactrl_ref_vx_fallback,states_vx_gs,1.25,states_theta,-0.35974299907684326,0.3899463852130626,0.22513593580798114,0.5199298236659469,0.5199272035688867,0.5193784602986422,0.5204785669361913,0.5194687812391254,0.5203882459957081,0.0,0.0,0.0,0.0,-0.5399999618530273,0.0,0.0,0.0,0.0,0.0,1.5867537260055542,0.3367537558078766,0.0,0.0,0.0,0.0
79.784,-0.5199999809265137,0.5199999809265137,-1.0399999618530273,datactrl_ref_vx_fallback,states_vx_gs,1.2200000286102295,states_theta,-0.33009305596351624,0.3899582166260491,0.2251426368268988,0.5199368700211452,0.5199517076483192,0.5196101750221677,0.5202784026472967,0.5195339676126519,0.5203546100568125,0.0,0.0,0.0,0.0,-0.5199999809265137,0.0,0.0,0.0,0.0,0.0,1.5754588842391968,0.3554588556289673,0.0,0.0,0.0,0.0
79.987,-0.47999998927116394,0.47999998927116394,-0.9599999785423279,datactrl_ref_vx_fallback,states_vx_gs,1.1399999856948853,states_theta,-0.3500833511352539,0.38998513664034773,0.22515838460435886,0.5199876647731192,0.5199726996011413,0.5194318687759741,0.5205284955982864,0.5193889745495756,0.520571389824685,0.0,0.0,0.0,0.0,-0.47999998927116394,0.0,0.0,0.0,0.0,0.0,1.5495457649230957,0.40954574942588806,0.0,0.0,0.0,0.0
80.189,-0.4399999976158142,0.4399999976158142,-0.8799999952316284,datactrl_ref_vx_fallback,states_vx_gs,1.1200000047683716,states_theta,-0.13372474908828735,0.39038679261115916,0.22539013781051925,0.5205022001635127,0.5205292467995783,0.5201222706023472,0.5209091763607439,0.5200277610920065,0.5210036858710845,0.0,0.0,0.0,0.0,-0.4399999976158142,0.0,0.0,0.0,0.0,0.0,1.5192867517471313,0.39928680658340454,0.0,0.0,0.0,0.0
80.378,-0.3999999761581421,0.3999999761581421,-0.7999999523162842,datactrl_ref_vx_fallback,states_vx_gs,1.0699999332427979,states_theta,-0.25738030672073364,0.3900377825568426,0.22518852568077172,0.5200679365655281,0.5200328169193855,0.5196229448281814,0.5204778086567322,0.5199522734745651,0.5201484800103485,0.0,0.0,0.0,0.0,-0.3999999761581421,0.0,0.0,0.0,0.0,0.0,1.4851932525634766,0.4151933193206787,0.0,0.0,0.0,0.0
80.432,-0.3799999952316284,0.3799999952316284,-0.7599999904632568,datactrl_ref_vx_fallback,states_vx_gs,1.0399999618530273,states_theta,-0.2989685535430908,0.3900377825568426,0.22518852568077172,0.5200679365655281,0.5200328169193855,0.5196229448281814,0.5204778086567322,0.5199522734745651,0.5201484800103485,0.0,0.0,0.0,0.0,-0.3799999952316284,0.0,0.0,0.0,0.0,0.0,1.4666893482208252,0.4266894459724426,0.0,0.0,0.0,0.0
80.596,-0.35999998450279236,0.35999998450279236,-0.7199999690055847,datactrl_ref_vx_fallback,states_vx_gs,1.0,states_theta,-0.4226314127445221,0.3900497624142315,0.2251953361772873,0.5200894065582938,0.5200432932129903,0.5200624312189752,0.5200702685523089,0.5200349730086935,0.5200977267625906,0.0,0.0,0.0,0.0,-0.35999998450279236,0.0,0.0,0.0,0.0,0.0,1.4472652673721313,0.4472652077674866,0.0,0.0,0.0,0.0
80.793,-0.32999998331069946,0.32999998331069946,-0.6599999666213989,datactrl_ref_vx_fallback,states_vx_gs,0.9300000071525574,states_theta,-0.27649983763694763,0.39004841238323906,0.22519459258461988,0.5199619626137442,0.5201671370748933,0.5200904039150744,0.520038695773563,0.5198301969939647,0.5202989026946727,0.0,0.0,0.0,0.0,-0.32999998331069946,0.0,0.0,0.0,0.0,0.0,1.4249032735824585,0.4949032962322235,0.0,0.0,0.0,0.0
80.977,-0.29999998211860657,0.29999998211860657,-0.5999999642372131,datactrl_ref_vx_fallback,states_vx_gs,0.8899999856948853,states_theta,-0.25896477699279785,0.3900470623522465,0.22519397186877604,0.5202620749894378,0.519863424616553,0.5196655512615194,0.5204599483444714,0.5204559004603566,0.5196695991456342,0.0,0.0,0.0,0.0,-0.29999998211860657,0.0,0.0,0.0,0.0,0.0,1.3991670608520508,0.5091670155525208,0.0,0.0,0.0,0.0
81.173,-0.26999998092651367,0.26999998092651367,-0.5399999618530273,datactrl_ref_vx_fallback,states_vx_gs,0.8499999642372131,states_theta,-0.12024403363466263,0.39004571232125407,0.22519325869825418,0.5198522300130801,0.520269669510264,0.5203377389927327,0.5197841605306114,0.5194682642766556,0.5206536352466885,0.0,0.0,0.0,0.0,-0.26999998092651367,0.0,0.0,0.0,0.0,0.0,1.370311975479126,0.5203120112419128,0.0,0.0,0.0,0.0
81.366,-0.23999999463558197,0.23999999463558197,-0.47999998927116394,datactrl_ref_vx_fallback,states_vx_gs,0.8299999833106995,states_theta,-0.02052397094666958,0.3900443622902615,0.2251924008918964,0.5203180146805119,0.5198002847601856,0.5195804115273566,0.5205378879133409,0.5202437319844497,0.5198745674562477,0.0,0.0,0.0,0.0,-0.23999999463558197,0.0,0.0,0.0,0.0,0.0,1.3384915590286255,0.508491575717926,0.0,0.0,0.0,0.0
81.567,-0.20999999344348907,0.20999999344348907,-0.41999998688697815,datactrl_ref_vx_fallback,states_vx_gs,0.8100000023841858,states_theta,-0.19633859395980835,0.39004294475771945,0.22519154322160992,0.519861182076928,0.5202533372769905,0.5203195895674407,0.5197949297864778,0.5196670242442202,0.5204474951096983,0.0,0.0,0.0,0.0,-0.20999999344348907,0.0,0.0,0.0,0.0,0.0,1.3036034107208252,0.4936034381389618,0.0,0.0,0.0,0.0
81.62,-0.1899999976158142,0.1899999976158142,-0.3799999952316284,datactrl_ref_vx_fallback,states_vx_gs,0.7899999618530273,states_theta,-0.17239707708358765,0.39004294475771945,0.22519154322160992,0.519861182076928,0.5202533372769905,0.5203195895674407,0.5197949297864778,0.5196670242442202,0.5204474951096983,0.0,0.0,0.0,0.0,-0.1899999976158142,0.0,0.0,0.0,0.0,0.0,1.276510238647461,0.4865102171897888,0.0,0.0,0.0,0.0
81.765,-0.17999999225139618,0.17999999225139618,-0.35999998450279236,datactrl_ref_vx_fallback,states_vx_gs,0.7799999713897705,states_theta,-0.12282299250364304,0.3900422697422232,0.22519106654167872,0.5201667911136013,0.5199459281989939,0.5197678878150812,0.520344831497514,0.52014281996464,0.5199698993479552,0.0,0.0,0.0,0.0,-0.17999999225139618,0.0,0.0,0.0,0.0,0.0,1.266823649406433,0.4868236780166626,0.0,0.0,0.0,0.0
81.967,-0.14999999105930328,0.14999999105930328,-0.29999998211860657,datactrl_ref_vx_fallback,states_vx_gs,0.75,states_theta,-0.1207202896475792,0.39004024469573445,0.22519013304284705,0.5197627766681171,0.5203445425205081,0.5204335483496447,0.5196737708389805,0.519507300738308,0.5206000184503172,0.0,0.0,0.0,0.0,-0.14999999105930328,0.0,0.0,0.0,0.0,0.0,1.226362705230713,0.4763626754283905,0.0,0.0,0.0,0.0
82.135,-0.12999999523162842,0.12999999523162842,-0.25999999046325684,datactrl_ref_vx_fallback,states_vx_gs,0.7299999594688416,states_theta,-0.10657274723052979,0.3900260372099634,0.2251816535577781,0.5200492641646647,0.5200201683952378,0.5198719080827245,0.5201975244771779,0.5199891571566022,0.5200802754033003,0.0,0.0,0.0,0.0,-0.12999999523162842,0.0,0.0,0.0,0.0,0.0,1.2023881673812866,0.47238823771476746,0.0,0.0,0.0,0.0
82.337,-0.09999999403953552,0.09999999403953552,-0.19999998807907104,datactrl_ref_vx_fallback,states_vx_gs,0.6899999976158142,states_theta,-0.17234772443771362,0.3899964739692182,0.22516474349174279,0.5197835634608772,0.5202070337903715,0.5203182339905675,0.5196723632606811,0.5195893636366974,0.5204012336145513,0.0,0.0,0.0,0.0,-0.09999999403953552,0.0,0.0,0.0,0.0,0.0,1.156712293624878,0.46671223640441895,0.0,0.0,0.0,0.0
82.519,-0.07999999821186066,0.07999999821186066,-0.1599999964237213,datactrl_ref_vx_fallback,states_vx_gs,0.6599999666213989,states_theta,-0.14194510877132416,0.38999431386822125,0.2251635592772587,0.5202556830604271,0.5197291539214962,0.5196031017486754,0.5203817352332479,0.5204466913114939,0.5195381456704294,0.0,0.0,0.0,0.0,-0.07999999821186066,0.0,0.0,0.0,0.0,0.0,1.1277272701263428,0.46772730350494385,0.0,0.0,0.0,0.0
82.686,-0.05999999865889549,0.05999999865889549,-0.11999999731779099,datactrl_ref_vx_fallback,states_vx_gs,0.6299999952316284,states_theta,-0.19883723556995392,0.3899932338177227,0.225162714931529,0.5199419223798687,0.5200400344673919,0.5201479764662436,0.519833980381017,0.519941028509814,0.5200409283374465,0.0,0.0,0.0,0.0,-0.05999999865889549,0.0,0.0,0.0,0.0,0.0,1.0964926481246948,0.4664927124977112,0.0,0.0,0.0,0.0
82.782,-0.04999999701976776,0.04999999701976776,-0.09999999403953552,datactrl_ref_vx_fallback,states_vx_gs,0.6100000143051147,states_theta,-0.13866864144802094,0.3899921537672242,0.22516223605392854,0.5197691204339502,0.5202099562786476,0.5203507295978048,0.519628347114793,0.5196561676181525,0.5203229090944453,0.0,0.0,0.0,0.0,-0.04999999701976776,0.0,0.0,0.0,0.0,0.0,1.0800573825836182,0.47005733847618103,0.0,0.0,0.0,0.0
82.842,-0.03999999910593033,0.03999999910593033,-0.07999999821186066,datactrl_ref_vx_fallback,states_vx_gs,0.5999999642372131,states_theta,-0.13114207983016968,0.3899638326852837,0.2251457660889225,0.5200440026252942,0.5198595512021289,0.5197675534007865,0.5201360004266365,0.5201355441363279,0.5197680096910952,0.0,0.0,0.0,0.0,-0.03999999910593033,0.0,0.0,0.0,0.0,0.0,1.0631108283996582,0.4631108045578003,0.0,0.0,0.0,0.0
83.076,-0.019999999552965164,0.019999999552965164,-0.03999999910593033,datactrl_ref_vx_fallback,states_vx_gs,0.5699999928474426,states_theta,-0.126935675740242,0.3899611326232987,0.22514426428117426,0.519792665152127,0.5201036885100028,0.5202318840694553,0.5196644695926744,0.5196755255807437,0.520220828081386,0.0,0.0,0.0,0.0,-0.019999999552965164,0.0,0.0,0.0,0.0,0.0,1.0275814533233643,0.457581490278244,0.0,0.0,0.0,0.0
83.17,-0.009999999776482582,0.009999999776482582,-0.019999999552965164,datactrl_ref_vx_fallback,states_vx_gs,0.5600000023841858,states_theta,-0.1453828364610672,0.38995978259230607,0.22514344903453903,0.5197894519289035,0.5201033016505794,0.5201714668054312,0.5197212867740516,0.5197483132637329,0.5201444403157499,0.0,0.0,0.0,0.0,-0.009999999776482582,0.0,0.0,0.0,0.0,0.0,1.009049892425537,0.4490499496459961,0.0,0.0,0.0,0.0
83.22,-0.009999999776482582,0.009999999776482582,-0.019999999552965164,datactrl_ref_vx_fallback,states_vx_gs,0.5600000023841858,states_theta,-0.1453828364610672,0.3899313265201185,0.22512708486879296,0.5200697976559184,0.5197470730643977,0.5196141091638996,0.5202027615564165,0.5202531546616568,0.5195637160586594,0.0,0.0,0.0,0.0,-0.009999999776482582,0.0,0.0,0.0,0.0,0.0,1.009049892425537,0.4490499496459961,0.0,0.0,0.0,0.0
83.272,0.0,0.0,0.0,datactrl_ref_vx_fallback,datactrl_est_vx_fallback,0.5399999618530273,states_theta,-0.14199762046337128,0.3899313265201185,0.22512708486879296,0.5200697976559184,0.5197470730643977,0.5196141091638996,0.5202027615564165,0.5202531546616568,0.5195637160586594,0.0,0.0,0.0,0.0,0.0,0.0,0.0,0.0,0.0,0.0,0.9900582432746887,0.4500582814216614,0.0,0.0,0.0,0.0
83.365,0.0,0.0,0.0,datactrl_ref_vx_fallback,datactrl_est_vx_fallback,0.5299999713897705,states_theta,-0.10664060711860657,0.389929706508632,0.22512614312999313,0.5201123091092934,0.519700241580392,0.5196384953181836,0.5201740553715017,0.5202314969298201,0.5195810537598653,0.0,0.0,0.0,0.0,0.0,0.0,0.0,0.0,0.0,0.0,0.9900582432746887,0.4600582718849182,0.0,0.0,0.0,0.0
83.454,0.009999999776482582,-0.009999999776482582,0.019999999552965164,datactrl_ref_vx_fallback,states_vx_gs,0.5199999809265137,states_theta,-0.10650211572647095,0.38992808649714555,0.22512517212420002,0.5197752448775959,0.520032985781459,0.520182512190495,0.5196257184685598,0.5196560609740921,0.5201521696849627,0.0,0.0,0.0,0.0,0.009999999776482582,0.0,0.0,0.0,0.0,0.0,0.9706575274467468,0.45065757632255554,0.0,0.0,0.0,0.0
83.556,0.019999999552965164,-0.019999999552965164,0.03999999910593033,datactrl_ref_vx_fallback,states_vx_gs,0.5099999904632568,states_theta,-0.06898216903209686,0.389926466485659,0.22512425500025782,0.5197266377996769,0.5200772728287472,0.5201414900746315,0.5196624205537925,0.5195852695134944,0.5202186411149297,0.0,0.0,0.0,0.0,0.019999999552965164,0.0,0.0,0.0,0.0,0.0,0.9508478045463562,0.44084781408309937,0.0,0.0,0.0,0.0
83.651,0.029999999329447746,-0.029999999329447746,0.05999999865889549,datactrl_ref_vx_fallback,states_vx_gs,0.5099999904632568,states_theta,-0.07809759676456451,0.3899248464741726,0.22512331427185348,0.5200493696182223,0.5197502209795711,0.5195568693263765,0.520242721271417,0.52009646862991,0.5197031219678835,0.0,0.0,0.0,0.0,0.029999999329447746,0.0,0.0,0.0,0.0,0.0,0.9305779337882996,0.4205779433250427,0.0,0.0,0.0,0.0
83.704,0.029999999329447746,-0.029999999329447746,0.05999999865889549,datactrl_ref_vx_fallback,states_vx_gs,0.5099999904632568,states_theta,-0.07809759676456451,0.389923226462686,0.22512232906099683,0.5200239977927903,0.5197712727743724,0.5197546033450511,0.5200406672221116,0.5201264620235531,0.5196688085436096,0.0,0.0,0.0,0.0,0.029999999329447746,0.0,0.0,0.0,0.0,0.0,0.9305779337882996,0.4205779433250427,0.0,0.0,0.0,0.0
83.762,0.029999999329447746,-0.029999999329447746,0.05999999865889549,datactrl_ref_vx_fallback,states_vx_gs,0.4899999797344208,states_theta,-0.12903666496276855,0.389923226462686,0.22512232906099683,0.5200239977927903,0.5197712727743724,0.5197546033450511,0.5200406672221116,0.5201264620235531,0.5196688085436096,0.0,0.0,0.0,0.0,0.029999999329447746,0.0,0.0,0.0,0.0,0.0,0.9290441274642944,0.43904414772987366,0.0,0.0,0.0,0.0
83.852,0.03999999910593033,-0.03999999910593033,0.07999999821186066,datactrl_ref_vx_fallback,states_vx_gs,0.47999998927116394,states_theta,-0.11948741227388382,0.38990804698315473,0.22511365475732062,0.5196942559573424,0.5200605359977369,0.5202198736879846,0.5195349182670947,0.5195623320908158,0.5201924598642635,0.0,0.0,0.0,0.0,0.03999999910593033,0.0,0.0,0.0,0.0,0.0,0.9078539609909058,0.4278539717197418,0.0,0.0,0.0,0.0
83.949,0.04999999701976776,-0.04999999701976776,0.09999999403953552,datactrl_ref_vx_fallback,states_vx_gs,0.4699999988079071,states_theta,-0.13587605953216553,0.3899062919172037,0.22511251916322284,0.5197723807464257,0.5199777310327841,0.5199827491821886,0.5197673625970213,0.5197873412709438,0.519962770508266,0.0,0.0,0.0,0.0,0.04999999701976776,0.0,0.0,0.0,0.0,0.0,0.8862036466598511,0.41620364785194397,0.0,0.0,0.0,0.0
84.059,0.05999999865889549,-0.05999999865889549,0.11999999731779099,datactrl_ref_vx_fallback,states_vx_gs,0.4599999785423279,states_theta,-0.14000734686851501,0.38990453685125254,0.22511166117146003,0.5200534022022587,0.5196920294010814,0.5194931621832183,0.5202522694201218,0.5202371286434336,0.5195083029599065,0.0,0.0,0.0,0.0,0.05999999865889549,0.0,0.0,0.0,0.0,0.0,0.8641954660415649,0.4041954576969147,0.0,0.0,0.0,0.0
84.157,0.07000000029802322,-0.07000000029802322,0.14000000059604645,datactrl_ref_vx_fallback,states_vx_gs,0.4399999976158142,states_theta,-0.10887131839990616,0.38990278178530136,0.22511051264197882,0.5199967117893026,0.5197440396381677,0.5196812549781152,0.5200594964493551,0.5199896305932704,0.5197511208341999,0.0,0.0,0.0,0.0,0.07000000029802322,0.0,0.0,0.0,0.0,0.0,0.8418805003166199,0.4018804728984833,0.0,0.0,0.0,0.0
84.254,0.07000000029802322,-0.07000000029802322,0.14000000059604645,datactrl_ref_vx_fallback,states_vx_gs,0.429999977350235,states_theta,-0.1398497223854065,0.38990102671935034,0.22510963521489105,0.5196844757750383,0.5200515954765625,0.5202654149304199,0.519470656321181,0.5195230534185112,0.5202130178330896,0.0,0.0,0.0,0.0,0.07000000029802322,0.0,0.0,0.0,0.0,0.0,0.8383015394210815,0.40830159187316895,0.0,0.0,0.0,0.0
84.34,0.07999999821186066,-0.07999999821186066,0.1599999964237213,datactrl_ref_vx_fallback,states_vx_gs,0.4099999964237213,states_theta,-0.18523497879505157,0.38989927165339916,0.225108494368029,0.5197651339979485,0.5199662570777825,0.5201135506675275,0.5196178404082036,0.5197689795950534,0.5199624114806777,0.0,0.0,0.0,0.0,0.07999999821186066,0.0,0.0,0.0,0.0,0.0,0.8151174187660217,0.4051174521446228,0.0,0.0,0.0,0.0
84.449,0.08999999612569809,-0.08999999612569809,0.17999999225139618,datactrl_ref_vx_fallback,states_vx_gs,0.3999999761581421,states_theta,-0.1590094119310379,0.3898975165874481,0.22510756138318663,0.5200261984156318,0.5197005124842298,0.5195707457390986,0.520155965160763,0.5202000667808728,0.5195266441189887,0.0,0.0,0.0,0.0,0.08999999612569809,0.0,0.0,0.0,0.0,0.0,0.7916265726089478,0.3916265666484833,0.0,0.0,0.0,0.0
84.544,0.08999999612569809,-0.08999999612569809,0.17999999225139618,datactrl_ref_vx_fallback,states_vx_gs,0.3799999952316284,states_theta,-0.1157420203089714,0.389895761521497,0.22510643892460508,0.5199619544378729,0.5197600762861192,0.5198001294897093,0.5199219012342827,0.5199835534264848,0.5197384772975072,0.0,0.0,0.0,0.0,0.08999999612569809,0.0,0.0,0.0,0.0,0.0,0.7870250940322876,0.4070250988006592,0.0,0.0,0.0,0.0
84.644,0.09999999403953552,-0.09999999403953552,0.19999998807907104,datactrl_ref_vx_fallback,states_vx_gs,0.3700000047683716,states_theta,-0.13411356508731842,0.38990756592359066,0.22511338884627605,0.5197263743160448,0.5200271348135302,0.5202500291408161,0.519503479988759,0.5195459212560674,0.5202075878735077,0.0,0.0,0.0,0.0,0.09999999403953552,0.0,0.0,0.0,0.0,0.0,0.7627673149108887,0.3927672803401947,0.0,0.0,0.0,0.0
84.742,0.10999999940395355,-0.10999999940395355,0.2199999988079071,datactrl_ref_vx_fallback,states_vx_gs,0.35999998450279236,states_theta,-0.16871194541454315,0.3899059459121042,0.22511231400359347,0.5197946869338403,0.5199545021651042,0.5199804140034018,0.5197687750955428,0.5198242185396708,0.5199249705592738,0.0,0.0,0.0,0.0,0.10999999940395355,0.0,0.0,0.0,0.0,0.0,0.7382538318634033,0.37825384736061096,0.0,0.0,0.0,0.0
84.85,0.10999999940395355,-0.10999999940395355,0.2199999988079071,datactrl_ref_vx_fallback,states_vx_gs,0.3400000035762787,states_theta,-0.1603260636329651,0.38990432590061763,0.22511149128786367,0.5199850797948011,0.5197597892735126,0.5196254094245754,0.5201194596437384,0.5202586827325821,0.5194861863357316,0.0,0.0,0.0,0.0,0.10999999940395355,0.0,0.0,0.0,0.0,0.0,0.7326298356056213,0.39262983202934265,0.0,0.0,0.0,0.0
84.948,0.11999999731779099,-0.11999999731779099,0.23999999463558197,datactrl_ref_vx_fallback,states_vx_gs,0.32999998331069946,states_theta,-0.13382160663604736,0.3899027058891311,0.22511046270144822,0.5199962054538998,0.5197443435837832,0.5197415147090771,0.5199990343286058,0.5200202302780204,0.5197203187596626,0.0,0.0,0.0,0.0,0.11999999731779099,0.0,0.0,0.0,0.0,0.0,0.7074517607688904,0.37745174765586853,0.0,0.0,0.0,0.0
85.04,0.11999999731779099,-0.11999999731779099,0.23999999463558197,datactrl_ref_vx_fallback,states_vx_gs,0.3100000023841858,states_theta,-0.14549663662910461,0.38990108587764466,0.2251096239071937,0.5197698121728342,0.5199664168342182,0.5202630281900619,0.5194732008169906,0.5196168690137267,0.5201193599933257,0.0,0.0,0.0,0.0,0.11999999731779099,0.0,0.0,0.0,0.0,0.0,0.7013164758682251,0.3913164734840393,0.0,0.0,0.0,0.0
85.125,0.12999999523162842,-0.12999999523162842,0.25999999046325684,datactrl_ref_vx_fallback,states_vx_gs,0.29999998211860657,states_theta,-0.12774032354354858,0.38992662590345206,0.22512429640197487,0.5197658189375884,0.5200385168049504,0.5201196197354836,0.5196847160070552,0.519725171662863,0.5200791640796758,0.0,0.0,0.0,0.0,0.12999999523162842,0.0,0.0,0.0,0.0,0.0,0.6755759716033936,0.375575989484787,0.0,0.0,0.0,0.0
85.241,0.12999999523162842,-0.12999999523162842,0.25999999046325684,datactrl_ref_vx_fallback,states_vx_gs,0.2800000011920929,states_theta,-0.14643462002277374,0.38992527587245956,0.22512359964560294,0.5200403483397265,0.5197603873201657,0.5196625171530131,0.520138218506879,0.5203126175144213,0.5194881181454709,0.0,0.0,0.0,0.0,0.12999999523162842,0.0,0.0,0.0,0.0,0.0,0.668929398059845,0.38892942667007446,0.0,0.0,0.0,0.0
85.347,0.14000000059604645,-0.14000000059604645,0.2800000011920929,datactrl_ref_vx_fallback,states_vx_gs,0.26999998092651367,states_theta,-0.1301582157611847,0.38992392584146707,0.22512271906947717,0.5200258974924034,0.5197712380848422,0.5197837740238874,0.5200133615533581,0.5200845327884848,0.5197126027887607,0.0,0.0,0.0,0.0,0.14000000059604645,0.0,0.0,0.0,0.0,0.0,0.6426776647567749,0.37267765402793884,0.0,0.0,0.0,0.0
85.405,0.14000000059604645,-0.14000000059604645,0.2800000011920929,datactrl_ref_vx_fallback,states_vx_gs,0.26999998092651367,states_theta,-0.1301582157611847,0.38994976284581784,0.2251377719792506,0.5197513438838971,0.5201146903716171,0.5203694091153205,0.5194966251401937,0.5196409224335604,0.5202251118219537,0.0,0.0,0.0,0.0,0.14000000059604645,0.0,0.0,0.0,0.0,0.0,0.6426776647567749,0.37267765402793884,0.0,0.0,0.0,0.0
85.458,0.14000000059604645,-0.14000000059604645,0.2800000011920929,datactrl_ref_vx_fallback,states_vx_gs,0.25999999046325684,states_theta,-0.14775925874710083,0.38994976284581784,0.2251377719792506,0.5197513438838971,0.5201146903716171,0.5203694091153205,0.5194966251401937,0.5196409224335604,0.5202251118219537,0.0,0.0,0.0,0.0,0.14000000059604645,0.0,0.0,0.0,0.0,0.0,0.635519802570343,0.37551984190940857,0.0,0.0,0.0,0.0
85.553,0.14999999105930328,-0.14999999105930328,0.29999998211860657,datactrl_ref_vx_fallback,states_vx_gs,0.23999999463558197,states_theta,-0.14133799076080322,0.38994868279531925,0.22513698168664922,0.5199274483161644,0.519935705804687,0.5200196344950536,0.5198435196257978,0.519958078647889,0.5199050754729624,0.0,0.0,0.0,0.0,0.14999999105930328,0.0,0.0,0.0,0.0,0.0,0.6088590621948242,0.36885905265808105,0.0,0.0,0.0,0.0
85.647,0.14999999105930328,-0.14999999105930328,0.29999998211860657,datactrl_ref_vx_fallback,states_vx_gs,0.22999998927116394,states_theta,-0.1350259631872177,0.3899746547811685,0.2251521804230519,0.5202075316447395,0.5197248811050431,0.519641061900487,0.5202913508492957,0.5204262186365713,0.5195061941132113,0.0,0.0,0.0,0.0,0.14999999105930328,0.0,0.0,0.0,0.0,0.0,0.6011899709701538,0.37118998169898987,0.0,0.0,0.0,0.0
85.759,0.1599999964237213,-0.1599999964237213,0.3199999928474426,datactrl_ref_vx_fallback,states_vx_gs,0.2199999988079071,states_theta,-0.13739803433418274,0.38997384471107666,0.22515150583902027,0.519986288451764,0.5199439641111071,0.5199874272575444,0.5199428253053267,0.5200095052250491,0.519920747337822,0.0,0.0,0.0,0.0,0.1599999964237213,0.0,0.0,0.0,0.0,0.0,0.5742735266685486,0.3542735278606415,0.0,0.0,0.0,0.0
85.811,0.1599999964237213,-0.1599999964237213,0.3199999928474426,datactrl_ref_vx_fallback,states_vx_gs,0.2199999988079071,states_theta,-0.13739803433418274,0.389986675154936,0.2251592119878693,0.5196862303496248,0.5202782367302046,0.5205155524572267,0.5194489146226027,0.5195717129337369,0.5203927541460924,0.0,0.0,0.0,0.0,0.1599999964237213,0.0,0.0,0.0,0.0,0.0,0.5742735266685486,0.3542735278606415,0.0,0.0,0.0,0.0
85.862,0.1599999964237213,-0.1599999964237213,0.3199999928474426,datactrl_ref_vx_fallback,states_vx_gs,0.19999998807907104,states_theta,-0.12324739992618561,0.389986675154936,0.2251592119878693,0.5196862303496248,0.5202782367302046,0.5205155524572267,0.5194489146226027,0.5195717129337369,0.5203927541460924,0.0,0.0,0.0,0.0,0.1599999964237213,0.0,0.0,0.0,0.0,0.0,0.5660931468009949,0.36609315872192383,0.0,0.0,0.0,0.0
85.914,0.1599999964237213,-0.1599999964237213,0.3199999928474426,datactrl_ref_vx_fallback,states_vx_gs,0.19999998807907104,states_theta,-0.12324739992618561,0.38998600013943974,0.2251585359407592,0.519929955168553,0.520032711869953,0.5201166293696982,0.5198460376688079,0.5200435982531983,0.5199190687853077,0.0,0.0,0.0,0.0,0.1599999964237213,0.0,0.0,0.0,0.0,0.0,0.5660931468009949,0.36609315872192383,0.0,0.0,0.0,0.0
85.972,0.1599999964237213,-0.1599999964237213,0.3199999928474426,datactrl_ref_vx_fallback,states_vx_gs,0.1899999976158142,states_theta,-0.14460501074790955,0.38998600013943974,0.2251585359407592,0.519929955168553,0.520032711869953,0.5201166293696982,0.5198460376688079,0.5200435982531983,0.5199190687853077,0.0,0.0,0.0,0.0,0.1599999964237213,0.0,0.0,0.0,0.0,0.0,0.5579127669334412,0.36791279911994934,0.0,0.0,0.0,0.0
86.022,0.1599999964237213,-0.1599999964237213,0.3199999928474426,datactrl_ref_vx_fallback,states_vx_gs,0.1899999976158142,states_theta,-0.14460501074790955,0.3900124851568456,0.2251740925653125,0.5202983430587915,0.5197349506927968,0.519645241685801,0.5203880520657874,0.5205512354416219,0.5194820583099665,0.0,0.0,0.0,0.0,0.1599999964237213,0.0,0.0,0.0,0.0,0.0,0.5579127669334412,0.36791279911994934,0.0,0.0,0.0,0.0
86.08,0.1599999964237213,-0.1599999964237213,0.3199999928474426,datactrl_ref_vx_fallback,states_vx_gs,0.17999999225139618,states_theta,-0.11332429945468903,0.3900124851568456,0.2251740925653125,0.5202983430587915,0.5197349506927968,0.519645241685801,0.5203880520657874,0.5205512354416219,0.5194820583099665,0.0,0.0,0.0,0.0,0.1599999964237213,0.0,0.0,0.0,0.0,0.0,0.5497324466705322,0.36973243951797485,0.0,0.0,0.0,0.0
86.166,0.17000000178813934,-0.17000000178813934,0.3400000035762787,datactrl_ref_vx_fallback,states_vx_gs,0.1599999964237213,states_theta,-0.12045200169086456,0.3900120801217997,0.2251735867513313,0.5200493861389301,0.5199828275192024,0.5200835721706931,0.5199486414874395,0.5201027180775031,0.5199294955806295,0.0,0.0,0.0,0.0,0.17000000178813934,0.0,0.0,0.0,0.0,0.0,0.5218445658683777,0.36184456944465637,0.0,0.0,0.0,0.0
86.252,0.17000000178813934,-0.17000000178813934,0.3400000035762787,datactrl_ref_vx_fallback,states_vx_gs,0.14999999105930328,states_theta,-0.10174441337585449,0.3900387271274757,0.2251892041824307,0.5198083393130484,0.5202949330268869,0.5205489789222594,0.5195542934176759,0.5196967195646652,0.52040655277527,0.0,0.0,0.0,0.0,0.17000000178813934,0.0,0.0,0.0,0.0,0.0,0.5131528973579407,0.3631529211997986,0.0,0.0,0.0,0.0
86.346,0.17000000178813934,-0.17000000178813934,0.3400000035762787,datactrl_ref_vx_fallback,states_vx_gs,0.14000000059604645,states_theta,-0.12150099128484726,0.3900385920728802,0.22518889927121022,0.5200675416682548,0.5200353705260925,0.5201323335748028,0.5199705786195444,0.5201813730405539,0.5199215391537934,0.0,0.0,0.0,0.0,0.17000000178813934,0.0,0.0,0.0,0.0,0.0,0.5044612884521484,0.3644612729549408,0.0,0.0,0.0,0.0
86.45,0.17999999225139618,-0.17999999225139618,0.35999998450279236,datactrl_ref_vx_fallback,states_vx_gs,0.12999999523162842,states_theta,-0.06900838017463684,0.3900384570182847,0.22518900327576677,0.5202899717458968,0.5198125803028625,0.5196787067616161,0.5204238452871431,0.520445903558917,0.5196566484898423,0.0,0.0,0.0,0.0,0.17999999225139618,0.0,0.0,0.0,0.0,0.0,0.4764712154865265,0.34647122025489807,0.0,0.0,0.0,0.0
86.503,0.17999999225139618,-0.17999999225139618,0.35999998450279236,datactrl_ref_vx_fallback,states_vx_gs,0.12999999523162842,states_theta,-0.06900838017463684,0.3900518949503425,0.22519657234164744,0.5200440827924468,0.5200943037417998,0.5201662118572183,0.5199721746770283,0.5200493079138455,0.5200890786204011,0.0,0.0,0.0,0.0,0.17999999225139618,0.0,0.0,0.0,0.0,0.0,0.4764712154865265,0.34647122025489807,0.0,0.0,0.0,0.0
86.565,0.17999999225139618,-0.17999999225139618,0.35999998450279236,datactrl_ref_vx_fallback,states_vx_gs,0.11999999731779099,states_theta,-0.08423758298158646,0.3900518949503425,0.22519657234164744,0.5200440827924468,0.5200943037417998,0.5201662118572183,0.5199721746770283,0.5200493079138455,0.5200890786204011,0.0,0.0,0.0,0.0,0.17999999225139618,0.0,0.0,0.0,0.0,0.0,0.46726828813552856,0.347268283367157,0.0,0.0,0.0,0.0
86.617,0.17999999225139618,-0.17999999225139618,0.35999998450279236,datactrl_ref_vx_fallback,states_vx_gs,0.11999999731779099,states_theta,-0.08423758298158646,0.3900518949503425,0.22519680729107822,0.5198194851944228,0.5203189013398238,0.5205821870084171,0.5195561995258295,0.5197402547584238,0.5203981317758228,0.0,0.0,0.0,0.0,0.17999999225139618,0.0,0.0,0.0,0.0,0.0,0.46726828813552856,0.347268283367157,0.0,0.0,0.0,0.0
86.676,0.17999999225139618,-0.17999999225139618,0.35999998450279236,datactrl_ref_vx_fallback,states_vx_gs,0.10999999940395355,states_theta,-0.12436377257108688,0.3900518949503425,0.22519680729107822,0.5198194851944228,0.5203189013398238,0.5205821870084171,0.5195561995258295,0.5197402547584238,0.5203981317758228,0.0,0.0,0.0,0.0,0.17999999225139618,0.0,0.0,0.0,0.0,0.0,0.458065390586853,0.3480653762817383,0.0,0.0,0.0,0.0
86.73,0.17999999225139618,-0.17999999225139618,0.35999998450279236,datactrl_ref_vx_fallback,states_vx_gs,0.10999999940395355,states_theta,-0.12436377257108688,0.3900791629754247,0.22521234254595765,0.5201354390619987,0.5200756622058006,0.5201846341703326,0.5200264670974667,0.5203334595702945,0.5198776416975047,0.0,0.0,0.0,0.0,0.17999999225139618,0.0,0.0,0.0,0.0,0.0,0.458065390586853,0.3480653762817383,0.0,0.0,0.0,0.0
86.782,0.17999999225139618,-0.17999999225139618,0.35999998450279236,datactrl_ref_vx_fallback,states_vx_gs,0.09999999403953552,states_theta,-0.17209403216838837,0.3900791629754247,0.22521234254595765,0.5201354390619987,0.5200756622058006,0.5201846341703326,0.5200264670974667,0.5203334595702945,0.5198776416975047,0.0,0.0,0.0,0.0,0.17999999225139618,0.0,0.0,0.0,0.0,0.0,0.4488624632358551,0.3488624691963196,0.0,0.0,0.0,0.0
86.887,0.17999999225139618,-0.17999999225139618,0.35999998450279236,datactrl_ref_vx_fallback,states_vx_gs,0.07999999821186066,states_theta,-0.09222670644521713,0.3900794329558751,0.2252126364920821,0.5203127391041307,0.5198990821115363,0.5198692135206673,0.5203426076949997,0.5205631331117493,0.5196486881039177,0.0,0.0,0.0,0.0,0.17999999225139618,0.0,0.0,0.0,0.0,0.0,0.4396595358848572,0.3596595525741577,0.0,0.0,0.0,0.0
86.938,0.17999999225139618,-0.17999999225139618,0.35999998450279236,datactrl_ref_vx_fallback,states_vx_gs,0.07999999821186066,states_theta,-0.09222670644521713,0.39007970293632543,0.22521266370551876,0.5200344348984903,0.5201781062650442,0.5203722925825055,0.5198402485810291,0.5201172893915328,0.5200952517720018,0.0,0.0,0.0,0.0,0.17999999225139618,0.0,0.0,0.0,0.0,0.0,0.4396595358848572,0.3596595525741577,0.0,0.0,0.0,0.0
86.995,0.17999999225139618,-0.17999999225139618,0.35999998450279236,datactrl_ref_vx_fallback,states_vx_gs,0.07000000029802322,states_theta,-0.10779725015163422,0.39007970293632543,0.22521266370551876,0.5200344348984903,0.5201781062650442,0.5203722925825055,0.5198402485810291,0.5201172893915328,0.5200952517720018,0.0,0.0,0.0,0.0,0.17999999225139618,0.0,0.0,0.0,0.0,0.0,0.43045663833618164,0.360456645488739,0.0,0.0,0.0,0.0
87.173,0.1899999976158142,-0.1899999976158142,0.3799999952316284,datactrl_ref_vx_fallback,states_vx_gs,0.07000000029802322,states_theta,-0.05752553045749664,0.39010742992817327,0.22522871427190783,0.5202848834154838,0.5200015963929783,0.5198855746386505,0.5204009051698116,0.5204000715233611,0.519886408285101,0.0,0.0,0.0,0.0,0.1899999976158142,0.0,0.0,0.0,0.0,0.0,0.39234331250190735,0.3223433196544647,0.0,0.0,0.0,0.0
87.274,0.1899999976158142,-0.1899999976158142,0.3799999952316284,datactrl_ref_vx_fallback,states_vx_gs,0.04999999701976776,states_theta,-0.1411978006362915,0.39010796988907404,0.2252290336580078,0.5203086912910819,0.5199792284131155,0.5200354891692837,0.5202524305349138,0.5205007227674922,0.5197871969367053,0.0,0.0,0.0,0.0,0.1899999976158142,0.0,0.0,0.0,0.0,0.0,0.3826291263103485,0.33262914419174194,0.0,0.0,0.0,0.0
87.372,0.1899999976158142,-0.1899999976158142,0.3799999952316284,datactrl_ref_vx_fallback,states_vx_gs,0.03999999910593033,states_theta,-0.16952849924564362,0.3901085098499747,0.22522937210795302,0.5200183559354011,0.5202710036645314,0.5205773622895381,0.5197119973103944,0.5200392020373333,0.5202501575625992,0.0,0.0,0.0,0.0,0.1899999976158142,0.0,0.0,0.0,0.0,0.0,0.3729149401187897,0.33291494846343994,0.0,0.0,0.0,0.0
87.473,0.1899999976158142,-0.1899999976158142,0.3799999952316284,datactrl_ref_vx_fallback,states_vx_gs,0.029999999329447746,states_theta,-0.05154639855027199,0.39010904981087535,0.22522965441133297,0.5199873082098055,0.5203034912858621,0.5204524567776483,0.5198383427180193,0.5199405365871033,0.5203502629085643,0.0,0.0,0.0,0.0,0.1899999976158142,0.0,0.0,0.0,0.0,0.0,0.36320075392723083,0.33320075273513794,0.0,0.0,0.0,0.0
87.527,0.1899999976158142,-0.1899999976158142,0.3799999952316284,datactrl_ref_vx_fallback,states_vx_gs,0.029999999329447746,states_theta,-0.05154639855027199,0.390109589771776,0.22522995745470947,0.5202575146412927,0.52003472475011,0.5199960310740742,0.5202962083173285,0.5204787289281781,0.5198135104632245,0.0,0.0,0.0,0.0,0.1899999976158142,0.0,0.0,0.0,0.0,0.0,0.36320075392723083,0.33320075273513794,0.0,0.0,0.0,0.0
87.589,0.1899999976158142,-0.1899999976158142,0.3799999952316284,datactrl_ref_vx_fallback,states_vx_gs,0.019999999552965164,states_theta,-0.08056895434856415,0.390109589771776,0.22522995745470947,0.5202575146412927,0.52003472475011,0.5199960310740742,0.5202962083173285,0.5204787289281781,0.5198135104632245,0.0,0.0,0.0,0.0,0.1899999976158142,0.0,0.0,0.0,0.0,0.0,0.353486567735672,0.33348655700683594,0.0,0.0,0.0,0.0
87.654,0.1899999976158142,-0.1899999976158142,0.3799999952316284,datactrl_ref_vx_fallback,states_vx_gs,0.019999999552965164,states_theta,-0.08056895434856415,0.3900831046899998,0.2252146612946474,0.5202588966098344,0.5199627158968317,0.5199271356299116,0.5202944768767546,0.5203952293190268,0.5198263831876393,0.0,0.0,0.0,0.0,0.1899999976158142,0.0,0.0,0.0,0.0,0.0,0.353486567735672,0.33348655700683594,0.0,0.0,0.0,0.0
87.711,0.1899999976158142,-0.1899999976158142,0.3799999952316284,datactrl_ref_vx_fallback,states_vx_gs,0.019999999552965164,states_theta,-0.05836927518248558,0.3900831046899998,0.2252146612946474,0.5202588966098344,0.5199627158968317,0.5199271356299116,0.5202944768767546,0.5203952293190268,0.5198263831876393,0.0,0.0,0.0,0.0,0.1899999976158142,0.0,0.0,0.0,0.0,0.0,0.34377238154411316,0.3237723708152771,0.0,0.0,0.0,0.0
87.762,0.1899999976158142,-0.1899999976158142,0.3799999952316284,datactrl_ref_vx_fallback,states_vx_gs,0.009999999776482582,states_theta,-0.09359916299581528,0.3900833746704501,0.22521480105436711,0.5200795198609808,0.5201428125935529,0.5204175117676928,0.5198048206868409,0.5199985561285283,0.5202237763260054,0.0,0.0,0.0,0.0,0.1899999976158142,0.0,0.0,0.0,0.0,0.0,0.3340581953525543,0.3240582048892975,0.0,0.0,0.0,0.0
87.896,0.1899999976158142,-0.1899999976158142,0.3799999952316284,datactrl_ref_vx_fallback,states_vx_gs,0.3243440091609955,datactrl_est_theta_fallback,-0.039762165397405624,0.39008364465090045,0.22521496977472708,0.5199627600164576,0.5202602923859436,0.5203896470418644,0.5198334053605368,0.5199349067273934,0.5202881456750078,0.0,0.0,0.0,0.0,0.1899999976158142,0.0,0.0,0.0,0.0,0.0,0.3243440091609955,0.3243440091609955,0.0,0.0,0.0,0.0
88.095,0.1899999976158142,-0.1899999976158142,0.3799999952316284,datactrl_ref_vx_fallback,states_vx_gs,0.3049156367778778,datactrl_est_theta_fallback,-0.06138626113533974,0.3900571325710792,0.22519962131205612,0.5201820242748375,0.5199703292480403,0.5199687486497664,0.5201836048731114,0.5202572452072609,0.5198951083156169,0.0,0.0,0.0,0.0,0.1899999976158142,0.0,0.0,0.0,0.0,0.0,0.3049156367778778,0.3049156367778778,0.0,0.0,0.0,0.0
88.156,0.1899999976158142,-0.1899999976158142,0.3799999952316284,datactrl_ref_vx_fallback,states_vx_gs,-0.009999999776482582,states_theta,-0.09810780733823776,0.3900571325710792,0.2251997473941872,0.5198913200139768,0.5202610335089011,0.5205027115162429,0.5196496420066349,0.5198181542582273,0.5203341992646505,0.0,0.0,0.0,0.0,0.1899999976158142,0.0,0.0,0.0,0.0,0.0,0.29520145058631897,0.3052014410495758,0.0,0.0,0.0,0.0
88.327,0.1899999976158142,-0.1899999976158142,0.3799999952316284,datactrl_ref_vx_fallback,states_vx_gs,-0.019999999552965164,states_theta,-0.10220740735530853,0.390043370507992,0.2251919430511922,0.520340356453505,0.5197752982344737,0.5196935049233082,0.5204221497646704,0.5206274507710855,0.5194882039168931,0.0,0.0,0.0,0.0,0.1899999976158142,0.0,0.0,0.0,0.0,0.0,0.2845158278942108,0.3045158386230469,0.0,0.0,0.0,0.0
88.536,0.1899999976158142,-0.1899999976158142,0.3799999952316284,datactrl_ref_vx_fallback,states_vx_gs,-0.03999999910593033,states_theta,-0.08532372117042542,0.3900156973834934,0.22517589341831862,0.5197654656104045,0.5202763940789112,0.5205130269745782,0.5195288327147375,0.5197064810972455,0.5203353785920702,0.0,0.0,0.0,0.0,0.1899999976158142,0.0,0.0,0.0,0.0,0.0,0.26508745551109314,0.30508747696876526,0.0,0.0,0.0,0.0
88.743,0.17999999225139618,-0.17999999225139618,0.35999998450279236,datactrl_ref_vx_fallback,states_vx_gs,-0.04999999701976776,states_theta,-0.046904388815164566,0.3899875112961391,0.22515964455434812,0.5202553423246151,0.5197113544650892,0.5196316837151089,0.5203350130745954,0.5204858806576012,0.5194808161321032,0.0,0.0,0.0,0.0,0.17999999225139618,0.0,0.0,0.0,0.0,0.0,0.2652131915092468,0.3152132034301758,0.0,0.0,0.0,0.0
88.933,0.17999999225139618,-0.17999999225139618,0.35999998450279236,datactrl_ref_vx_fallback,states_vx_gs,-0.05999999865889549,states_theta,-0.01953001134097576,0.3899450667039315,0.22513520344673663,0.5196419614058985,0.5202115498045854,0.520469019643578,0.5193844915669059,0.5194899829573152,0.5203635282531687,0.0,0.0,0.0,0.0,0.17999999225139618,0.0,0.0,0.0,0.0,0.0,0.24680736660957336,0.30680736899375916,0.0,0.0,0.0,0.0
89.138,0.17999999225139618,-0.17999999225139618,0.35999998450279236,datactrl_ref_vx_fallback,states_vx_gs,-0.05999999865889549,states_theta,-0.03350333496928215,0.3899158815558876,0.22511821258824252,0.5200831981497366,0.519692485999297,0.5196080560530151,0.5201676280960185,0.5203304014641817,0.5194452826848518,0.0,0.0,0.0,0.0,0.17999999225139618,0.0,0.0,0.0,0.0,0.0,0.2284015417098999,0.2884015440940857,0.0,0.0,0.0,0.0
89.33,0.17999999225139618,-0.17999999225139618,0.35999998450279236,datactrl_ref_vx_fallback,states_vx_gs,-0.07000000029802322,states_theta,-0.025108637288212776,0.3899131814939026,0.22511665001145612,0.5197030844809853,0.5200653995027549,0.5203178039767602,0.51945068000698,0.5195929485192181,0.5201755354645221,0.0,0.0,0.0,0.0,0.17999999225139618,0.0,0.0,0.0,0.0,0.0,0.20999571681022644,0.27999570965766907,0.0,0.0,0.0,0.0
89.529,0.17000000178813934,-0.17000000178813934,0.3400000035762787,datactrl_ref_vx_fallback,states_vx_gs,-0.07999999821186066,states_theta,-0.07038670033216476,0.38988297041998143,0.22509912676812746,0.5199729103356475,0.519715010784303,0.5196125266828936,0.520075394437057,0.5201436260386955,0.5195442950812551,0.0,0.0,0.0,0.0,0.17000000178813934,0.0,0.0,0.0,0.0,0.0,0.21114395558834076,0.2911439538002014,0.0,0.0,0.0,0.0
89.735,0.17000000178813934,-0.17000000178813934,0.3400000035762787,datactrl_ref_vx_fallback,states_vx_gs,-0.07999999821186066,states_theta,0.04205641895532608,0.3898660763908384,0.22508931388868525,0.5199847601848103,0.5196581101907588,0.5199608402973006,0.5196820300782685,0.5197351904140186,0.5199076799615505,0.0,0.0,0.0,0.0,0.17000000178813934,0.0,0.0,0.0,0.0,0.0,0.1937606781721115,0.27376067638397217,0.0,0.0,0.0,0.0
89.93,0.17000000178813934,-0.17000000178813934,0.3400000035762787,datactrl_ref_vx_fallback,states_vx_gs,-0.08999999612569809,states_theta,-0.06806604564189911,0.3898625662589363,0.22508728417586144,0.5197810775229228,0.5198524325009073,0.5199182697494753,0.5197152402743548,0.519626179051093,0.5200073309727371,0.0,0.0,0.0,0.0,0.17000000178813934,0.0,0.0,0.0,0.0,0.0,0.17637738585472107,0.26637738943099976,0.0,0.0,0.0,0.0
90.127,0.1599999964237213,-0.1599999964237213,0.3199999928474426,datactrl_ref_vx_fallback,states_vx_gs,-0.07999999821186066,states_theta,0.05652608722448349,0.3898590561270341,0.22508524263530172,0.5197599700929549,0.5198641795791359,0.5198137650857468,0.519810384586344,0.519947100735598,0.5196770489364928,0.0,0.0,0.0,0.0,0.1599999964237213,0.0,0.0,0.0,0.0,0.0,0.17839482426643372,0.25839483737945557,0.0,0.0,0.0,0.0
90.318,0.1599999964237213,-0.1599999964237213,0.3199999928474426,datactrl_ref_vx_fallback,states_vx_gs,-0.08999999612569809,states_theta,-0.11091488599777222,0.3898690919577301,0.22509103606781813,0.5197201398203776,0.5199307720669027,0.5199057805141359,0.5197451313731444,0.519780250272028,0.5198706616152523,0.0,0.0,0.0,0.0,0.1599999964237213,0.0,0.0,0.0,0.0,0.0,0.16203409433364868,0.25203409790992737,0.0,0.0,0.0,0.0
90.522,0.1599999964237213,-0.1599999964237213,0.3199999928474426,datactrl_ref_vx_fallback,states_vx_gs,-0.09999999403953552,states_theta,-0.0326194129884243,0.39024310192635847,0.2253069859202134,0.5201867384720256,0.520461533331597,0.5204841407099573,0.5201641310936652,0.5202757960870715,0.520372475716551,0.0,0.0,0.0,0.0,0.1599999964237213,0.0,0.0,0.0,0.0,0.0,0.14567334949970245,0.24567334353923798,0.0,0.0,0.0,0.0
90.722,0.14999999105930328,-0.14999999105930328,0.29999998211860657,datactrl_ref_vx_fallback,states_vx_gs,-0.10999999940395355,states_theta,-0.11033447831869125,0.38989462292368665,0.22510578648862295,0.5198182103798982,0.5199007840832662,0.5199813154611732,0.5197376790019912,0.5200052777370323,0.5197137167261321,0.0,0.0,0.0,0.0,0.14999999105930328,0.0,0.0,0.0,0.0,0.0,0.14891785383224487,0.25891783833503723,0.0,0.0,0.0,0.0
90.898,0.14999999105930328,-0.14999999105930328,0.29999998211860657,datactrl_ref_vx_fallback,states_vx_gs,-0.11999999731779099,states_theta,0.08426521718502045,0.38992045992803737,0.22512080334310305,0.5200965443681907,0.5196913487732423,0.5195608643522861,0.520227028789147,0.5201501517389803,0.5196377414024528,0.0,0.0,0.0,0.0,0.14999999105930328,0.0,0.0,0.0,0.0,0.0,0.13357965648174286,0.25357964634895325,0.0,0.0,0.0,0.0
90.948,0.14999999105930328,-0.14999999105930328,0.29999998211860657,datactrl_ref_vx_fallback,states_vx_gs,-0.10999999940395355,states_theta,0.11740347743034363,0.38991937987753894,0.22512007972954104,0.5199145406063361,0.5198704724004344,0.5198497172005127,0.5199352958062579,0.5197050644211697,0.5200799485856008,0.0,0.0,0.0,0.0,0.14999999105930328,0.0,0.0,0.0,0.0,0.0,0.12591056525707245,0.235910564661026,0.0,0.0,0.0,0.0
91.106,0.14999999105930328,-0.14999999105930328,0.29999998211860657,datactrl_ref_vx_fallback,states_vx_gs,-0.10999999940395355,states_theta,-0.04845982789993286,0.389961651781047,0.22514463751775907,0.5197246331089194,0.5201731049738727,0.5204377625707854,0.5194599755120066,0.5198002073251908,0.5200975307576012,0.0,0.0,0.0,0.0,0.14999999105930328,0.0,0.0,0.0,0.0,0.0,0.11824146658182144,0.2282414734363556,0.0,0.0,0.0,0.0
91.354,0.14000000059604645,-0.14000000059604645,0.2800000011920929,datactrl_ref_vx_fallback,states_vx_gs,-0.12999999523162842,states_theta,-0.13132637739181519,0.3899874077868666,0.22515948169839725,0.5202066229019603,0.5197597978630172,0.5196401530070881,0.5203262677578894,0.5202944715063095,0.519671949258668,0.0,0.0,0.0,0.0,0.14000000059604645,0.0,0.0,0.0,0.0,0.0,0.12312200665473938,0.2531220018863678,0.0,0.0,0.0,0.0
91.548,0.14000000059604645,-0.14000000059604645,0.2800000011920929,datactrl_ref_vx_fallback,states_vx_gs,-0.11999999731779099,states_theta,0.08362896740436554,0.3899865977167747,0.22515911687759108,0.5197100798692388,0.5202541807088271,0.5204881603023371,0.5194761002757288,0.5196361394784642,0.5203281210996017,0.0,0.0,0.0,0.0,0.14000000059604645,0.0,0.0,0.0,0.0,0.0,0.10880636423826218,0.22880636155605316,0.0,0.0,0.0,0.0
91.74,0.12999999523162842,-0.12999999523162842,0.25999999046325684,datactrl_ref_vx_fallback,states_vx_gs,-0.11999999731779099,states_theta,-0.05348174646496773,0.3900132986541704,0.2251744452168896,0.5202459684645893,0.5197894946131985,0.5196823955409472,0.5203530675368405,0.5203751339276393,0.5196603291501484,0.0,0.0,0.0,0.0,0.12999999523162842,0.0,0.0,0.0,0.0,0.0,0.11440271139144897,0.23440271615982056,0.0,0.0,0.0,0.0
91.812,0.12999999523162842,-0.12999999523162842,0.25999999046325684,datactrl_ref_vx_fallback,states_vx_gs,-0.11999999731779099,states_theta,0.025213347747921944,0.39002673658622833,0.22518208284650004,0.5199504789459092,0.5201208186173664,0.5202402975589254,0.5198310000043501,0.5198756408916211,0.5201956566716545,0.0,0.0,0.0,0.0,0.12999999523162842,0.0,0.0,0.0,0.0,0.0,0.10775616019964218,0.22775615751743317,0.0,0.0,0.0,0.0
91.912,0.12999999523162842,-0.12999999523162842,0.25999999046325684,datactrl_ref_vx_fallback,states_vx_gs,-0.11999999731779099,states_theta,0.0026129339821636677,0.39005378862695034,0.22519776021907517,0.5198783494945043,0.52026508684403,0.5203385635380873,0.519804872800447,0.5198030116251042,0.52034042471343,0.0,0.0,0.0,0.0,0.12999999523162842,0.0,0.0,0.0,0.0,0.0,0.10110961645841599,0.22110961377620697,0.0,0.0,0.0,0.0
92.192,0.11999999731779099,-0.11999999731779099,0.23999999463558197,datactrl_ref_vx_fallback,states_vx_gs,-0.11999999731779099,states_theta,0.05748038738965988,0.390054328587851,0.22519803113096315,0.5202127091730279,0.5199321670612415,0.5198482991814487,0.5202965770528206,0.520265621945985,0.5198792542882843,0.0,0.0,0.0,0.0,0.11999999731779099,0.0,0.0,0.0,0.0,0.0,0.10133758187294006,0.22133758664131165,0.0,0.0,0.0,0.0
92.29,0.11999999731779099,-0.11999999731779099,0.23999999463558197,datactrl_ref_vx_fallback,states_vx_gs,-0.10999999940395355,states_theta,0.031924523413181305,0.39008165060902333,0.22521388210074306,0.5199292070059345,0.5202885279514611,0.5204061281714658,0.5198116067859297,0.5197558812686829,0.5204618536887127,0.0,0.0,0.0,0.0,0.11999999731779099,0.0,0.0,0.0,0.0,0.0,0.09520230442285538,0.20520231127738953,0.0,0.0,0.0,0.0
92.343,0.11999999731779099,-0.11999999731779099,0.23999999463558197,datactrl_ref_vx_fallback,states_vx_gs,-0.10999999940395355,states_theta,0.031924523413181305,0.390082190569924,0.2252141622750669,0.5199348905149559,0.5202842843381748,0.5204117137772405,0.5198074610758902,0.5198515992020206,0.52036757565111,0.0,0.0,0.0,0.0,0.11999999731779099,0.0,0.0,0.0,0.0,0.0,0.09520230442285538,0.20520231127738953,0.0,0.0,0.0,0.0
92.402,0.11999999731779099,-0.11999999731779099,0.23999999463558197,datactrl_ref_vx_fallback,states_vx_gs,-0.10999999940395355,states_theta,-0.027092870324850082,0.390082190569924,0.2252141622750669,0.5199348905149559,0.5202842843381748,0.5204117137772405,0.5198074610758902,0.5198515992020206,0.52036757565111,0.0,0.0,0.0,0.0,0.11999999731779099,0.0,0.0,0.0,0.0,0.0,0.08906703442335129,0.19906702637672424,0.0,0.0,0.0,0.0
92.456,0.10999999940395355,-0.10999999940395355,0.2199999988079071,datactrl_ref_vx_fallback,states_vx_gs,-0.11999999731779099,states_theta,-0.04822240024805069,0.39008273053082465,0.22521450308308388,0.5202906902410235,0.5199299245078423,0.5199220396579466,0.5202985750909191,0.5205259217205415,0.5196946930283243,0.0,0.0,0.0,0.0,0.10999999940395355,0.0,0.0,0.0,0.0,0.0,0.10217908024787903,0.22217907011508942,0.0,0.0,0.0,0.0
92.632,0.10999999940395355,-0.10999999940395355,0.2199999988079071,datactrl_ref_vx_fallback,states_vx_gs,-0.11999999731779099,states_theta,-0.03551159426569939,0.3900838104526261,0.2252150689067891,0.5199910246491285,0.5202324698912076,0.5204285445744734,0.5197949499658627,0.5199638285241006,0.5202596660162355,0.0,0.0,0.0,0.0,0.10999999940395355,0.0,0.0,0.0,0.0,0.0,0.09655507653951645,0.21655507385730743,0.0,0.0,0.0,0.0
92.837,0.10999999940395355,-0.10999999940395355,0.2199999988079071,datactrl_ref_vx_fallback,states_vx_gs,-0.11999999731779099,states_theta,0.07229143381118774,0.3901123743794258,0.22523161888917279,0.5203302024998429,0.5199694625119593,0.5198237751549643,0.5204758898568379,0.5204716260449901,0.5198280389668121,0.0,0.0,0.0,0.0,0.10999999940395355,0.0,0.0,0.0,0.0,0.0,0.08530706912279129,0.20530706644058228,0.0,0.0,0.0,0.0
93.041,0.09999999403953552,-0.09999999403953552,0.19999998807907104,datactrl_ref_vx_fallback,states_vx_gs,-0.11999999731779099,states_theta,-0.03925824537873268,0.3901139942620405,0.22523253921734765,0.5200055091008527,0.520298475597922,0.5205095727459094,0.5197944119528654,0.5198946806391392,0.5204093040596355,0.0,0.0,0.0,0.0,0.09999999403953552,0.0,0.0,0.0,0.0,0.0,0.09351091086864471,0.2135109156370163,0.0,0.0,0.0,0.0
93.23,0.09999999403953552,-0.09999999403953552,0.19999998807907104,datactrl_ref_vx_fallback,states_vx_gs,-0.10999999940395355,states_theta,0.09565165638923645,0.390114804203348,0.22523293567481542,0.5199808757392402,0.520325268803021,0.5202298390371601,0.5200763055051011,0.5199255614401396,0.5203805831021217,0.0,0.0,0.0,0.0,0.09999999403953552,0.0,0.0,0.0,0.0,0.0,0.08328545093536377,0.19328545033931732,0.0,0.0,0.0,0.0
93.436,0.09999999403953552,-0.09999999403953552,0.19999998807907104,datactrl_ref_vx_fallback,states_vx_gs,-0.10999999940395355,states_theta,-0.0322507806122303,0.3900896960261903,0.22521847548528462,0.5200846591822401,0.520154530220934,0.5204709861468046,0.5197682032563695,0.5199537368790639,0.5202854525241103,0.0,0.0,0.0,0.0,0.09999999403953552,0.0,0.0,0.0,0.0,0.0,0.07305999100208282,0.18305999040603638,0.0,0.0,0.0,0.0
93.647,0.08999999612569809,-0.08999999612569809,0.17999999225139618,datactrl_ref_vx_fallback,states_vx_gs,-0.10999999940395355,states_theta,0.028505319729447365,0.39006369690922466,0.22520340930955723,0.5200485261424999,0.5201213322820992,0.5199370158776588,0.5202328425469402,0.5202548107353466,0.5199150476892525,0.0,0.0,0.0,0.0,0.08999999612569809,0.0,0.0,0.0,0.0,0.0,0.08279763907194138,0.19279763102531433,0.0,0.0,0.0,0.0
93.847,0.08999999612569809,-0.08999999612569809,0.17999999225139618,datactrl_ref_vx_fallback,states_vx_gs,-0.09999999403953552,states_theta,0.039901066571474075,0.3896869868785241,0.22498597435273818,0.5195032932056843,0.5196620051370465,0.5198358341364572,0.5193294642062737,0.5192872987737297,0.5198779995690012,0.0,0.0,0.0,0.0,0.08999999612569809,0.0,0.0,0.0,0.0,0.0,0.07359472662210464,0.17359471321105957,0.0,0.0,0.0,0.0
94.038,0.07999999821186066,-0.07999999821186066,0.1599999964237213,datactrl_ref_vx_fallback,states_vx_gs,-0.09999999403953552,states_theta,-0.022133884951472282,0.39001984831157016,0.22517808031176897,0.5200967907089521,0.5199561381219017,0.5201738769291531,0.5198790519017007,0.5200708043545985,0.5199821244762552,0.0,0.0,0.0,0.0,0.07999999821186066,0.0,0.0,0.0,0.0,0.0,0.08374138921499252,0.18374139070510864,0.0,0.0,0.0,0.0
94.245,0.07999999821186066,-0.07999999821186066,0.1599999964237213,datactrl_ref_vx_fallback,states_vx_gs,-0.10999999940395355,states_theta,0.05158383771777153,0.38999236417338684,0.22516225646630197,0.5198507947902294,0.5201288430054688,0.5201066615787636,0.5198729762169346,0.5197156838782845,0.5202639539174138,0.0,0.0,0.0,0.0,0.07999999821186066,0.0,0.0,0.0,0.0,0.0,0.0755610242486,0.18556101620197296,0.0,0.0,0.0,0.0
94.443,0.07999999821186066,-0.07999999821186066,0.1599999964237213,datactrl_ref_vx_fallback,states_vx_gs,-0.09999999403953552,states_theta,-0.028886906802654266,0.38996436707234783,0.22514616928120804,0.5201372517147989,0.5197677271447954,0.5196750642292807,0.5202299146303135,0.5203207528996567,0.5195842259599375,0.0,0.0,0.0,0.0,0.07999999821186066,0.0,0.0,0.0,0.0,0.0,0.06738065183162689,0.16738064587116241,0.0,0.0,0.0,0.0
94.629,0.07000000029802322,-0.07000000029802322,0.14000000059604645,datactrl_ref_vx_fallback,states_vx_gs,-0.09999999403953552,states_theta,0.005644452758133411,0.3899494440547019,0.2251375467853868,0.5197612233582571,0.5201039607876146,0.5202980379273375,0.5195671462185342,0.5196647348373967,0.520200449308475,0.0,0.0,0.0,0.0,0.07000000029802322,0.0,0.0,0.0,0.0,0.0,0.07880549877882004,0.17880550026893616,0.0,0.0,0.0,0.0
94.854,0.07000000029802322,-0.07000000029802322,0.14000000059604645,datactrl_ref_vx_fallback,states_vx_gs,-0.08999999612569809,states_theta,0.0635187029838562,0.38992042090364193,0.22512075007003948,0.5200285884024999,0.5197592006738786,0.5195900448282417,0.5201977442481368,0.5201214857089463,0.5196663033674321,0.0,0.0,0.0,0.0,0.07000000029802322,0.0,0.0,0.0,0.0,0.0,0.07164768129587173,0.16164767742156982,0.0,0.0,0.0,0.0
94.908,0.07000000029802322,-0.07000000029802322,0.14000000059604645,datactrl_ref_vx_fallback,states_vx_gs,-0.08999999612569809,states_theta,0.04666168615221977,0.38992042090364193,0.22512075007003948,0.5200285884024999,0.5197592006738786,0.5195900448282417,0.5201977442481368,0.5201214857089463,0.5196663033674321,0.0,0.0,0.0,0.0,0.07000000029802322,0.0,0.0,0.0,0.0,0.0,0.06806876510381699,0.15806876122951508,0.0,0.0,0.0,0.0
95.059,0.07000000029802322,-0.07000000029802322,0.14000000059604645,datactrl_ref_vx_fallback,states_vx_gs,-0.08999999612569809,states_theta,-0.009776284918189049,0.38989091177900514,0.22510366997707668,0.5197883182102465,0.5199207798671006,0.5200723256381238,0.5196367724392233,0.5196728397303586,0.5200362583469885,0.0,0.0,0.0,0.0,0.07000000029802322,0.0,0.0,0.0,0.0,0.0,0.06448985636234283,0.15448985993862152,0.0,0.0,0.0,0.0
95.268,0.05999999865889549,-0.05999999865889549,0.11999999731779099,datactrl_ref_vx_fallback,states_vx_gs,-0.08999999612569809,states_theta,-0.00711066322401166,0.3898610516797263,0.2250864174676501,0.5197580618196191,0.5198714093263177,0.5196277181655959,0.5200017529803409,0.5199684793980062,0.5196609917479307,0.0,0.0,0.0,0.0,0.05999999865889549,0.0,0.0,0.0,0.0,0.0,0.07693725824356079,0.16693724691867828,0.0,0.0,0.0,0.0
95.473,0.05999999865889549,-0.05999999865889549,0.11999999731779099,datactrl_ref_vx_fallback,states_vx_gs,-0.07999999821186066,states_theta,0.013584095984697342,0.3898578116567533,0.22508454907106798,0.5197188090199049,0.5199020220647707,0.5199151183194273,0.5197057127652482,0.520026026196446,0.5195948048882295,0.0,0.0,0.0,0.0,0.05999999865889549,0.0,0.0,0.0,0.0,0.0,0.0708019807934761,0.15080198645591736,0.0,0.0,0.0,0.0
95.695,0.05999999865889549,-0.05999999865889549,0.11999999731779099,datactrl_ref_vx_fallback,states_vx_gs,-0.09999999403953552,states_theta,0.007291191723197699,0.38985457163378034,0.2250827011558932,0.5196343358655011,0.5199778551579131,0.5197339303906262,0.519878260632788,0.5195377095819208,0.5200744814414934,0.0,0.0,0.0,0.0,0.05999999865889549,0.0,0.0,0.0,0.0,0.0,0.06466670334339142,0.16466669738292694,0.0,0.0,0.0,0.0
95.887,0.04999999701976776,-0.04999999701976776,0.09999999403953552,datactrl_ref_vx_fallback,states_vx_gs,-0.07999999821186066,states_theta,0.031145107001066208,0.3898513316108073,0.22508081939830923,0.5198857107171787,0.5197178402449741,0.5196296912094215,0.5199738597527314,0.5200254738880156,0.5195780770741373,0.0,0.0,0.0,0.0,0.04999999701976776,0.0,0.0,0.0,0.0,0.0,0.0780344009399414,0.15803439915180206,0.0,0.0,0.0,0.0
96.092,0.04999999701976776,-0.04999999701976776,0.09999999403953552,datactrl_ref_vx_fallback,states_vx_gs,-0.05999999865889549,states_theta,0.16379959881305695,0.3898755216056222,0.22509476498011297,0.5199391739854128,0.5197288836295798,0.5199464000819035,0.5197216575330891,0.5196725564483634,0.5199955011666292,0.0,0.0,0.0,0.0,0.04999999701976776,0.0,0.0,0.0,0.0,0.0,0.07292167097330093,0.13292166590690613,0.0,0.0,0.0,0.0
96.283,0.04999999701976776,-0.04999999701976776,0.09999999403953552,datactrl_ref_vx_fallback,states_vx_gs,-0.07000000029802322,states_theta,-0.13543640077114105,0.39027841056862284,0.22532738361681387,0.5204947920593526,0.5202476361236417,0.5205480926530077,0.5201943355299865,0.5205206515751084,0.5202217766078858,0.0,0.0,0.0,0.0,0.04999999701976776,0.0,0.0,0.0,0.0,0.0,0.06780894100666046,0.1378089338541031,0.0,0.0,0.0,0.0
96.41,0.04999999701976776,-0.04999999701976776,0.09999999403953552,datactrl_ref_vx_fallback,states_vx_gs,-0.08999999612569809,states_theta,-0.1118987500667572,0.3899034555264978,0.2251109153303601,0.5200419468231132,0.5197006012475476,0.5200602814573495,0.5196822666133113,0.5200318204335074,0.5197107276371534,0.0,0.0,0.0,0.0,0.04999999701976776,0.0,0.0,0.0,0.0,0.0,0.06525257229804993,0.14525257050991058,0.0,0.0,0.0,0.0
96.466,0.04999999701976776,-0.04999999701976776,0.09999999403953552,datactrl_ref_vx_fallback,states_vx_gs,-0.08999999612569809,states_theta,-0.1118987500667572,0.389929589500591,0.22512597851191213,0.5198805551251174,0.5199316835431252,0.5199422203186964,0.5198700183495463,0.5196983786914359,0.5201138599768068,0.0,0.0,0.0,0.0,0.04999999701976776,0.0,0.0,0.0,0.0,0.0,0.06269621104001999,0.15269620716571808,0.0,0.0,0.0,0.0
96.68,0.03999999910593033,-0.03999999910593033,0.07999999821186066,datactrl_ref_vx_fallback,states_vx_gs,-0.05999999865889549,states_theta,0.2177746593952179,0.3899416234055664,0.2251329568621907,0.5200103975819487,0.5198339314995616,0.5199269593954023,0.5199173696861079,0.5202260862968899,0.5196182427846203,0.0,0.0,0.0,0.0,0.03999999910593033,0.0,0.0,0.0,0.0,0.0,0.07739320397377014,0.13739320635795593,0.0,0.0,0.0,0.0
96.884,0.03999999910593033,-0.03999999910593033,0.07999999821186066,datactrl_ref_vx_fallback,states_vx_gs,-0.07999999821186066,states_theta,-0.13251298666000366,0.3899699263898645,0.22514925556060042,0.5199771949222524,0.519942608784053,0.520099745822686,0.5198200578836193,0.5198919958223019,0.5200278078840034,0.0,0.0,0.0,0.0,0.03999999910593033,0.0,0.0,0.0,0.0,0.0,0.07330302149057388,0.15330301225185394,0.0,0.0,0.0,0.0
97.092,0.03999999910593033,-0.03999999910593033,0.07999999821186066,datactrl_ref_vx_fallback,states_vx_gs,-0.05999999865889549,states_theta,0.25928640365600586,0.3899964923370351,0.22516468268428005,0.5201415611002238,0.5198490851318698,0.519637291392382,0.5203533548397116,0.5201842518473493,0.5198063943847443,0.0,0.0,0.0,0.0,0.03999999910593033,0.0,0.0,0.0,0.0,0.0,0.06900832802057266,0.12900832295417786,0.0,0.0,0.0,0.0
97.142,0.03999999910593033,-0.03999999910593033,0.07999999821186066,datactrl_ref_vx_fallback,states_vx_gs,-0.03999999910593033,states_theta,0.042453307658433914,0.3899964923370351,0.22516468268428005,0.5201415611002238,0.5198490851318698,0.519637291392382,0.5203533548397116,0.5201842518473493,0.5198063943847443,0.0,0.0,0.0,0.0,0.03999999910593033,0.0,0.0,0.0,0.0,0.0,0.06696323305368423,0.10696323215961456,0.0,0.0,0.0,0.0
97.33,0.03999999910593033,-0.03999999910593033,0.07999999821186066,datactrl_ref_vx_fallback,states_vx_gs,-0.05999999865889549,states_theta,-0.1784326583147049,0.3900098762472547,0.22517248436600032,0.5198177321529505,0.5202086045063954,0.5204949702194533,0.5195313664398925,0.5197915680862798,0.520234768573066,0.0,0.0,0.0,0.0,0.03999999910593033,0.0,0.0,0.0,0.0,0.0,0.0649181380867958,0.1249181404709816,0.0,0.0,0.0,0.0
97.546,0.029999999329447746,-0.029999999329447746,0.05999999865889549,datactrl_ref_vx_fallback,states_vx_gs,-0.07000000029802322,states_theta,0.08362452685832977,0.39003741425278726,0.22518842102484693,0.5202852115698822,0.5198145597708839,0.519631199420901,0.5204685719198651,0.520445472407446,0.51965429893332,0.0,0.0,0.0,0.0,0.029999999329447746,0.0,0.0,0.0,0.0,0.0,0.08043317496776581,0.15043318271636963,0.0,0.0,0.0,0.0
97.741,0.029999999329447746,-0.029999999329447746,0.05999999865889549,datactrl_ref_vx_fallback,states_vx_gs,-0.04999999701976776,states_theta,0.05963469296693802,0.39006541122508553,0.22520456433485678,0.5198625100020126,0.5203119199315488,0.5204915481368627,0.5196828817966986,0.5197186604251193,0.5204557695084421,0.0,0.0,0.0,0.0,0.029999999329447746,0.0,0.0,0.0,0.0,0.0,0.07736553996801376,0.12736552953720093,0.0,0.0,0.0,0.0
97.95,0.029999999329447746,-0.029999999329447746,0.05999999865889549,datactrl_ref_vx_fallback,states_vx_gs,-0.04999999701976776,states_theta,-0.0009242420201189816,0.39009375916755984,0.225221020699589,0.5203974834849444,0.5198525409618818,0.5196702962723774,0.5205797281744489,0.5206050094838723,0.5196450149629539,0.0,0.0,0.0,0.0,0.029999999329447746,0.0,0.0,0.0,0.0,0.0,0.07429789751768112,0.12429789453744888,0.0,0.0,0.0,0.0
98.141,0.029999999329447746,-0.029999999329447746,0.05999999865889549,datactrl_ref_vx_fallback,states_vx_gs,-0.03999999910593033,states_theta,0.03283930569887161,0.39009537905017466,0.2252218986293623,0.5198911033756521,0.5203632407581469,0.5205191283631198,0.5197352157706793,0.5196813145097753,0.5205730296240237,0.0,0.0,0.0,0.0,0.029999999329447746,0.0,0.0,0.0,0.0,0.0,0.07123026251792908,0.1112302616238594,0.0,0.0,0.0,0.0
98.352,0.029999999329447746,-0.029999999329447746,0.05999999865889549,datactrl_ref_vx_fallback,states_vx_gs,-0.03999999910593033,states_theta,0.009946033358573914,0.3901106664620777,0.22523064583670474,0.520322381028267,0.5199727295372735,0.5198153167721338,0.5204797937934067,0.5205009666937395,0.519794143871801,0.0,0.0,0.0,0.0,0.029999999329447746,0.0,0.0,0.0,0.0,0.0,0.06816262751817703,0.10816262662410736,0.0,0.0,0.0,0.0
98.556,0.019999999552965164,-0.019999999552965164,0.03999999910593033,datactrl_ref_vx_fallback,states_vx_gs,-0.03999999910593033,states_theta,-0.03048044629395008,0.3901125564539708,0.22523163540524627,0.5201594695189683,0.5201406810249539,0.5203952623541919,0.5199048881897304,0.5199999411324812,0.5203002094114411,0.0,0.0,0.0,0.0,0.019999999552965164,0.0,0.0,0.0,0.0,0.0,0.08434231579303741,0.12434231489896774,0.0,0.0,0.0,0.0
98.76,0.019999999552965164,-0.019999999552965164,0.03999999910593033,datactrl_ref_vx_fallback,states_vx_gs,-0.029999999329447746,states_theta,0.11763639003038406,0.39011444644586407,0.22523273521196785,0.520256526755061,0.5200486637672432,0.5199088142722812,0.520396376250023,0.5203200636097678,0.5199851269125364,0.0,0.0,0.0,0.0,0.019999999552965164,0.0,0.0,0.0,0.0,0.0,0.08229722082614899,0.11229722201824188,0.0,0.0,0.0,0.0
98.982,0.019999999552965164,-0.019999999552965164,0.03999999910593033,datactrl_ref_vx_fallback,states_vx_gs,-0.029999999329447746,states_theta,-0.0838957279920578,0.39010262839207716,0.22522592522356027,0.5202211284959247,0.520052547216281,0.5203484535115973,0.5199252222006084,0.5198720475087607,0.520401628203445,0.0,0.0,0.0,0.0,0.019999999552965164,0.0,0.0,0.0,0.0,0.0,0.08025213330984116,0.11025212705135345,0.0,0.0,0.0,0.0
99.033,0.019999999552965164,-0.019999999552965164,0.03999999910593033,datactrl_ref_vx_fallback,states_vx_gs,-0.029999999329447746,states_theta,0.050872888416051865,0.39010262839207716,0.22522592522356027,0.5202211284959247,0.520052547216281,0.5203484535115973,0.5199252222006084,0.5198720475087607,0.520401628203445,0.0,0.0,0.0,0.0,0.019999999552965164,0.0,0.0,0.0,0.0,0.0,0.07922958582639694,0.10922958701848984,0.0,0.0,0.0,0.0
99.197,0.019999999552965164,-0.019999999552965164,0.03999999910593033,datactrl_ref_vx_fallback,states_vx_gs,-0.019999999552965164,states_theta,0.12498972564935684,0.3897005612565341,0.22499377356484435,0.519747095585588,0.5194544010985028,0.5194660967176331,0.5197353999664577,0.5198238290627278,0.519377667621363,0.0,0.0,0.0,0.0,0.019999999552965164,0.0,0.0,0.0,0.0,0.0,0.07820703834295273,0.0982070341706276,0.0,0.0,0.0,0.0
99.397,0.019999999552965164,-0.019999999552965164,0.03999999910593033,datactrl_ref_vx_fallback,states_vx_gs,-0.029999999329447746,states_theta,-0.09681278467178345,0.3896726061454472,0.22497760913035078,0.5196212925237653,0.5195056571974273,0.5194429036570894,0.5196840460641031,0.5193983905634502,0.5197285591577424,0.0,0.0,0.0,0.0,0.019999999552965164,0.0,0.0,0.0,0.0,0.0,0.0761619433760643,0.1061619445681572,0.0,0.0,0.0,0.0
99.609,0.019999999552965164,-0.019999999552965164,0.03999999910593033,datactrl_ref_vx_fallback,states_vx_gs,0.07411685585975647,datactrl_est_theta_fallback,0.20807024836540222,0.39001720906704684,0.22517659820637664,0.5200628787537462,0.5199830120917119,0.5198055940631939,0.5202402967822642,0.5197887269317455,0.5202571639137127,0.0,0.0,0.0,0.0,0.019999999552965164,0.0,0.0,0.0,0.0,0.0,0.07411685585975647,0.07411685585975647,0.0,0.0,0.0,0.0
99.665,0.019999999552965164,-0.019999999552965164,0.03999999910593033,datactrl_ref_vx_fallback,states_vx_gs,0.07309430837631226,datactrl_est_theta_fallback,0.1613360196352005,0.39001720906704684,0.22517659820637664,0.5200628787537462,0.5199830120917119,0.5198055940631939,0.5202402967822642,0.5197887269317455,0.5202571639137127,0.0,0.0,0.0,0.0,0.019999999552965164,0.0,0.0,0.0,0.0,0.0,0.07309430837631226,0.07309430837631226,0.0,0.0,0.0,0.0
99.83,0.019999999552965164,-0.019999999552965164,0.03999999910593033,datactrl_ref_vx_fallback,states_vx_gs,0.07207176089286804,datactrl_est_theta_fallback,-0.18894262611865997,0.3900035010257978,0.22516873835446846,0.5199238678423942,0.5200854682263999,0.5202930677719179,0.5197162682968762,0.5203395446087841,0.51966979146001,0.0,0.0,0.0,0.0,0.019999999552965164,0.0,0.0,0.0,0.0,0.0,0.07207176089286804,0.07207176089286804,0.0,0.0,0.0,0.0
99.88,0.019999999552965164,-0.019999999552965164,0.03999999910593033,datactrl_ref_vx_fallback,states_vx_gs,-0.029999999329447746,states_theta,-0.27714264392852783,0.3900035010257978,0.22516873835446846,0.5199238678423942,0.5200854682263999,0.5202930677719179,0.5197162682968762,0.5203395446087841,0.51966979146001,0.0,0.0,0.0,0.0,0.019999999552965164,0.0,0.0,0.0,0.0,0.0,0.07104921340942383,0.10104921460151672,0.0,0.0,0.0,0.0
100.039,0.019999999552965164,-0.019999999552965164,0.03999999910593033,datactrl_ref_vx_fallback,states_vx_gs,-0.029999999329447746,states_theta,0.09871497750282288,0.3899758818973893,0.22515279014901368,0.5200132570453913,0.5199224280143135,0.5197650485931247,0.5201706364665801,0.519574763883581,0.5203609211761238,0.0,0.0,0.0,0.0,0.019999999552965164,0.0,0.0,0.0,0.0,0.0,0.07002667337656021,0.10002666711807251,0.0,0.0,0.0,0.0
100.256,0.019999999552965164,-0.019999999552965164,0.03999999910593033,datactrl_ref_vx_fallback,states_vx_gs,0.06798157840967178,datactrl_est_theta_fallback,-0.09065654873847961,0.3899473478080828,0.2251362531322623,0.5199716568143293,0.5198879373405583,0.5199703055135813,0.5198892886413063,0.5202145563115924,0.5196450378432952,0.0,0.0,0.0,0.0,0.019999999552965164,0.0,0.0,0.0,0.0,0.0,0.06798157840967178,0.06798157840967178,0.0,0.0,0.0,0.0
100.457,0.019999999552965164,-0.019999999552965164,0.03999999910593033,datactrl_ref_vx_fallback,states_vx_gs,-0.029999999329447746,states_theta,-0.03214406967163086,0.3899052647104128,0.2251119383203169,0.519786930862275,0.5199604416988258,0.5200517241438243,0.5196956484172766,0.5197614003012581,0.5199859722598428,0.0,0.0,0.0,0.0,0.019999999552965164,0.0,0.0,0.0,0.0,0.0,0.06593648344278336,0.09593648463487625,0.0,0.0,0.0,0.0
100.655,0.019999999552965164,-0.019999999552965164,0.03999999910593033,datactrl_ref_vx_fallback,states_vx_gs,-0.029999999329447746,states_theta,0.03808210790157318,0.38990310460941574,0.22511069437564674,0.5199488450874266,0.5197927672043487,0.5196665891123212,0.5200750231794541,0.519969712105261,0.5197719001865143,0.0,0.0,0.0,0.0,0.019999999552965164,0.0,0.0,0.0,0.0,0.0,0.06389139592647552,0.09389138966798782,0.0,0.0,0.0,0.0
100.88,0.019999999552965164,-0.019999999552965164,0.03999999910593033,datactrl_ref_vx_fallback,states_vx_gs,-0.019999999552965164,states_theta,-0.02262982167303562,0.3898734604945321,0.22509359056336745,0.5197464722915297,0.5199160890272225,0.520079745418311,0.5195828159004412,0.5197371548680263,0.5199254064507259,0.0,0.0,0.0,0.0,0.019999999552965164,0.0,0.0,0.0,0.0,0.0,0.0618463009595871,0.08184630423784256,0.0,0.0,0.0,0.0
101.08,0.009999999776482582,-0.009999999776482582,0.019999999552965164,datactrl_ref_vx_fallback,states_vx_gs,-0.019999999552965164,states_theta,0.039416585117578506,0.389843519401105,0.2250762779761436,0.5196715261596069,0.5199111922433398,0.5196958814549432,0.5198868369480035,0.5198769689714803,0.5197057494314664,0.0,0.0,0.0,0.0,0.009999999776482582,0.0,0.0,0.0,0.0,0.0,0.07966206222772598,0.09966206550598145,0.0,0.0,0.0,0.0
101.28,0.009999999776482582,-0.009999999776482582,0.019999999552965164,datactrl_ref_vx_fallback,states_vx_gs,-0.009999999776482582,states_theta,0.040673840790987015,0.3898402793781321,0.22507442890033585,0.5195818774468357,0.5199922008948499,0.5196521497712868,0.5199219285703988,0.5198836066230891,0.5196904717185965,0.0,0.0,0.0,0.0,0.009999999776482582,0.0,0.0,0.0,0.0,0.0,0.07863952219486237,0.0886395201086998,0.0,0.0,0.0,0.0
101.477,0.009999999776482582,-0.009999999776482582,0.019999999552965164,datactrl_ref_vx_fallback,states_vx_gs,-0.009999999776482582,states_theta,0.0394531711935997,0.389837039355159,0.22507258513781828,0.5196259870735791,0.5199394512068449,0.5195345658636645,0.5200308724167595,0.5199611565187716,0.5196042817616524,0.0,0.0,0.0,0.0,0.009999999776482582,0.0,0.0,0.0,0.0,0.0,0.07761697471141815,0.08761697262525558,0.0,0.0,0.0,0.0
101.69,0.009999999776482582,-0.009999999776482582,0.019999999552965164,datactrl_ref_vx_fallback,states_vx_gs,-0.009999999776482582,states_theta,-0.13535888493061066,0.3898610673616776,0.2250864047555166,0.5198013396247465,0.519828173339727,0.5199618797076743,0.5196676332567992,0.5198431340459119,0.5197863789185616,0.0,0.0,0.0,0.0,0.009999999776482582,0.0,0.0,0.0,0.0,0.0,0.07659442722797394,0.08659442514181137,0.0,0.0,0.0,0.0
101.773,0.009999999776482582,-0.009999999776482582,0.019999999552965164,datactrl_ref_vx_fallback,states_vx_gs,-0.019999999552965164,states_theta,-0.032544784247875214,0.389859717330685,0.22508564872144754,0.5198135732709799,0.5198123396108467,0.5200083529044219,0.5196175599774047,0.5196498663462865,0.5199760465355401,0.0,0.0,0.0,0.0,0.009999999776482582,0.0,0.0,0.0,0.0,0.0,0.07608315348625183,0.0960831567645073,0.0,0.0,0.0,0.0
101.853,0.009999999776482582,-0.009999999776482582,0.019999999552965164,datactrl_ref_vx_fallback,states_vx_gs,-0.019999999552965164,states_theta,0.03754166513681412,0.389859717330685,0.22508564872144754,0.5198135732709799,0.5198123396108467,0.5200083529044219,0.5196175599774047,0.5196498663462865,0.5199760465355401,0.0,0.0,0.0,0.0,0.009999999776482582,0.0,0.0,0.0,0.0,0.0,0.07557187974452972,0.09557188302278519,0.0,0.0,0.0,0.0
101.904,0.009999999776482582,-0.009999999776482582,0.019999999552965164,datactrl_ref_vx_fallback,states_vx_gs,-0.009999999776482582,states_theta,0.12114910781383514,0.3902611963344507,0.22531742152031015,0.5203633138285547,0.5203332097299805,0.5203115420038883,0.520384981554647,0.5201900378572587,0.5205064857012766,0.0,0.0,0.0,0.0,0.009999999776482582,0.0,0.0,0.0,0.0,0.0,0.07506060600280762,0.08506061136722565,0.0,0.0,0.0,0.0
102.084,0.009999999776482582,-0.009999999776482582,0.019999999552965164,datactrl_ref_vx_fallback,states_vx_gs,0.07454933226108551,datactrl_est_theta_fallback,0.018525371327996254,0.39028908826977904,0.22533352282851224,0.5204374270917466,0.5203334749609975,0.5202707964462023,0.5205001056065417,0.5204689022457294,0.5203019998070146,0.0,0.0,0.0,0.0,0.009999999776482582,0.0,0.0,0.0,0.0,0.0,0.07454933226108551,0.07454933226108551,0.0,0.0,0.0,0.0
102.294,0.009999999776482582,-0.009999999776482582,0.019999999552965164,datactrl_ref_vx_fallback,states_vx_gs,0.0735267922282219,datactrl_est_theta_fallback,0.016210105270147324,0.3899302606628169,0.22512636801288635,0.5200059629864839,0.5198080654476944,0.5197547787500708,0.5200592496841075,0.520032545493346,0.5197814829408324,0.0,0.0,0.0,0.0,0.009999999776482582,0.0,0.0,0.0,0.0,0.0,0.0735267922282219,0.0735267922282219,0.0,0.0,0.0,0.0
102.499,0.009999999776482582,-0.009999999776482582,0.019999999552965164,datactrl_ref_vx_fallback,states_vx_gs,0.07250424474477768,datactrl_est_theta_fallback,0.006200522184371948,0.3899561786569066,0.225141347114888,0.5198347843188055,0.5200483587662789,0.520129293291284,0.5197538497938003,0.5197691874843986,0.5201139556006857,0.0,0.0,0.0,0.0,0.009999999776482582,0.0,0.0,0.0,0.0,0.0,0.07250424474477768,0.07250424474477768,0.0,0.0,0.0,0.0
102.693,0.009999999776482582,-0.009999999776482582,0.019999999552965164,datactrl_ref_vx_fallback,states_vx_gs,0.07148169726133347,datactrl_est_theta_fallback,-0.003949765581637621,0.3899825826158069,0.2251565550966183,0.5200130553259699,0.5199404983161819,0.5199180448165742,0.5200355088255776,0.5200550162071652,0.5198985374349866,0.0,0.0,0.0,0.0,0.009999999776482582,0.0,0.0,0.0,0.0,0.0,0.07148169726133347,0.07148169726133347,0.0,0.0,0.0,0.0
102.882,0.009999999776482582,-0.009999999776482582,0.019999999552965164,datactrl_ref_vx_fallback,states_vx_gs,0.07045914977788925,datactrl_est_theta_fallback,0.007352606859058142,0.38999591250418836,0.22516424891330927,0.5199375333147029,0.520051566696466,0.5200300248897269,0.519959075121442,0.519945368956342,0.5200437310548269,0.0,0.0,0.0,0.0,0.009999999776482582,0.0,0.0,0.0,0.0,0.0,0.07045914977788925,0.07045914977788925,0.0,0.0,0.0,0.0
103.061,0.009999999776482582,-0.009999999776482582,0.019999999552965164,datactrl_ref_vx_fallback,states_vx_gs,0.06943660229444504,datactrl_est_theta_fallback,0.003929078113287687,0.39002304553904543,0.22518019396623762,0.5203051108109787,0.5197563439598091,0.5195671134102718,0.520494341360516,0.5205005419988559,0.519560912771932,0.0,0.0,0.0,0.0,0.009999999776482582,0.0,0.0,0.0,0.0,0.0,0.06943660229444504,0.06943660229444504,0.0,0.0,0.0,0.0
103.32,0.009999999776482582,-0.009999999776482582,0.019999999552965164,datactrl_ref_vx_fallback,states_vx_gs,0.06790278851985931,datactrl_est_theta_fallback,-0.007027328945696354,0.39005123149765886,0.22519618437251585,0.5200768637971424,0.5200597535299479,0.5200620617280035,0.5200745555990868,0.5201064455975638,0.5200301717295265,0.0,0.0,0.0,0.0,0.009999999776482582,0.0,0.0,0.0,0.0,0.0,0.06790278851985931,0.06790278851985931,0.0,0.0,0.0,0.0
103.48,0.009999999776482582,-0.009999999776482582,0.019999999552965164,datactrl_ref_vx_fallback,states_vx_gs,0.06739151477813721,datactrl_est_theta_fallback,0.022250905632972717,0.3900795794401333,0.22521256683730942,0.5200469702274476,0.5201652416129078,0.5201974673140896,0.5200147445262658,0.5199714200801852,0.5202407917601702,0.0,0.0,0.0,0.0,0.009999999776482582,0.0,0.0,0.0,0.0,0.0,0.06739151477813721,0.06739151477813721,0.0,0.0,0.0,0.0
103.694,0.009999999776482582,-0.009999999776482582,0.019999999552965164,datactrl_ref_vx_fallback,states_vx_gs,0.066368967294693,datactrl_est_theta_fallback,-0.004389483947306871,0.3900947182919332,0.22522134238127442,0.5202328387713908,0.520019743340431,0.5199429653134111,0.5203096167984107,0.5203460856550286,0.5199064964567932,0.0,0.0,0.0,0.0,0.009999999776482582,0.0,0.0,0.0,0.0,0.0,0.066368967294693,0.066368967294693,0.0,0.0,0.0,0.0
103.888,0.009999999776482582,-0.009999999776482582,0.019999999552965164,datactrl_ref_vx_fallback,states_vx_gs,0.06534641981124878,datactrl_est_theta_fallback,0.027126923203468323,0.3900966082838263,0.22522245871581784,0.5200163042995803,0.5202413177906232,0.5203611863203046,0.519896435769899,0.5198606234925653,0.5203969985976382,0.0,0.0,0.0,0.0,0.009999999776482582,0.0,0.0,0.0,0.0,0.0,0.06534641981124878,0.06534641981124878,0.0,0.0,0.0,0.0
104.084,0.009999999776482582,-0.009999999776482582,0.019999999552965164,datactrl_ref_vx_fallback,states_vx_gs,0.06432387232780457,datactrl_est_theta_fallback,0.02801048941910267,0.3901260362767993,0.22523940789570632,0.5202200570342803,0.5201160397038511,0.5199580947455091,0.5203780019926223,0.5203014025821726,0.5200346941559588,0.0,0.0,0.0,0.0,0.009999999776482582,0.0,0.0,0.0,0.0,0.0,0.06432387232780457,0.06432387232780457,0.0,0.0,0.0,0.0
104.293,0.009999999776482582,-0.009999999776482582,0.019999999552965164,datactrl_ref_vx_fallback,states_vx_gs,0.009999999776482582,states_theta,-0.03718433529138565,0.39012846622950575,0.22524079579728584,0.5202942090112516,0.5200483676007638,0.5203118844884917,0.5200306921235236,0.5201202457414591,0.5202223308705562,0.0,0.0,0.0,0.0,0.009999999776482582,0.0,0.0,0.0,0.0,0.0,0.06330133229494095,0.05330133065581322,0.0,0.0,0.0,0.0
104.51,0.009999999776482582,-0.009999999776482582,0.019999999552965164,datactrl_ref_vx_fallback,states_vx_gs,0.062278784811496735,datactrl_est_theta_fallback,0.04628255218267441,0.39013101767984776,0.22524229394487957,0.5203810994487993,0.5199682810307947,0.5200156188293945,0.5203337616501995,0.520296111734593,0.520053268745001,0.0,0.0,0.0,0.0,0.009999999776482582,0.0,0.0,0.0,0.0,0.0,0.062278784811496735,0.062278784811496735,0.0,0.0,0.0,0.0
104.722,0.009999999776482582,-0.009999999776482582,0.019999999552965164,datactrl_ref_vx_fallback,states_vx_gs,0.06120511144399643,datactrl_est_theta_fallback,-0.03096023201942444,0.3900923636513616,0.22522000252372285,0.5199774763662627,0.5202688267040348,0.5202875197362239,0.5199587833340736,0.5198397139917258,0.5204065890785717,0.0,0.0,0.0,0.0,0.009999999776482582,0.0,0.0,0.0,0.0,0.0,0.06120511144399643,0.06120511144399643,0.0,0.0,0.0,0.0
104.928,0.009999999776482582,-0.009999999776482582,0.019999999552965164,datactrl_ref_vx_fallback,states_vx_gs,0.009999999776482582,states_theta,0.02398061193525791,0.38969045850406236,0.22498801248429645,0.5196883225991333,0.5194862334116996,0.5192734667756396,0.5199010892351934,0.5199185788195577,0.5192559771912753,0.0,0.0,0.0,0.0,0.009999999776482582,0.0,0.0,0.0,0.0,0.0,0.060182563960552216,0.050182562321424484,0.0,0.0,0.0,0.0
104.979,0.009999999776482582,-0.009999999776482582,0.019999999552965164,datactrl_ref_vx_fallback,states_vx_gs,0.009999999776482582,states_theta,-0.023037014529109,0.38969045850406236,0.22498801248429645,0.5196883225991333,0.5194862334116996,0.5192734667756396,0.5199010892351934,0.5199185788195577,0.5192559771912753,0.0,0.0,0.0,0.0,0.009999999776482582,0.0,0.0,0.0,0.0,0.0,0.05967129021883011,0.049671292304992676,0.0,0.0,0.0,0.0
105.133,0.009999999776482582,-0.009999999776482582,0.019999999552965164,datactrl_ref_vx_fallback,states_vx_gs,0.009999999776482582,states_theta,-0.03386375308036804,0.3900646634174958,0.22520396987734223,0.5199854443232977,0.5201869914566911,0.5202786153226805,0.5198938204573084,0.5199887877276889,0.5201836480523,0.0,0.0,0.0,0.0,0.009999999776482582,0.0,0.0,0.0,0.0,0.0,0.059160016477108,0.04916001856327057,0.0,0.0,0.0,0.0
105.334,0.009999999776482582,-0.009999999776482582,0.019999999552965164,datactrl_ref_vx_fallback,states_vx_gs,0.058137472718954086,datactrl_est_theta_fallback,0.0387272946536541,0.39003598233182635,0.22518744338754407,0.5201728516463808,0.5199231012384895,0.5197754763319689,0.5203204765529015,0.5202074635672138,0.5198884893176565,0.0,0.0,0.0,0.0,0.009999999776482582,0.0,0.0,0.0,0.0,0.0,0.058137472718954086,0.058137472718954086,0.0,0.0,0.0,0.0
105.53,0.009999999776482582,-0.009999999776482582,0.019999999552965164,datactrl_ref_vx_fallback,states_vx_gs,0.009999999776482582,states_theta,0.02247176133096218,0.38999543828571204,0.22516421338199577,0.5197221558665696,0.5202656795619959,0.5203932596897488,0.5195945757388166,0.5195436085645871,0.5204442268639783,0.0,0.0,0.0,0.0,0.009999999776482582,0.0,0.0,0.0,0.0,0.0,0.05711492523550987,0.04711492732167244,0.0,0.0,0.0,0.0
105.75,0.009999999776482582,-0.009999999776482582,0.019999999552965164,datactrl_ref_vx_fallback,states_vx_gs,0.009999999776482582,states_theta,-0.03711708262562752,0.3899680351416638,0.22514836536054555,0.5201918343241717,0.5197229260535984,0.5195616166657401,0.52035314371203,0.5203771312204543,0.5195376291573158,0.0,0.0,0.0,0.0,0.009999999776482582,0.0,0.0,0.0,0.0,0.0,0.05609238147735596,0.046092379838228226,0.0,0.0,0.0,0.0
105.8,0.009999999776482582,-0.009999999776482582,0.019999999552965164,datactrl_ref_vx_fallback,states_vx_gs,0.009999999776482582,states_theta,-0.02640356495976448,0.3899680351416638,0.22514836536054555,0.5201918343241717,0.5197229260535984,0.5195616166657401,0.52035314371203,0.5203771312204543,0.5195376291573158,0.0,0.0,0.0,0.0,0.009999999776482582,0.0,0.0,0.0,0.0,0.0,0.05558110773563385,0.04558110609650612,0.0,0.0,0.0,0.0
105.968,0.019999999552965164,-0.019999999552965164,0.03999999910593033,datactrl_ref_vx_fallback,states_vx_gs,0.009999999776482582,states_theta,0.00018018786795437336,0.38994011903475984,0.22513224570096604,0.5196769942945191,0.5201633231315071,0.5203348399575783,0.5195054774684479,0.5195295811304413,0.5203107362955849,0.0,0.0,0.0,0.0,0.019999999552965164,0.0,0.0,0.0,0.0,0.0,0.03566912189126015,0.025669123977422714,0.0,0.0,0.0,0.0
106.177,0.019999999552965164,-0.019999999552965164,0.03999999910593033,datactrl_ref_vx_fallback,states_vx_gs,0.03362403064966202,datactrl_est_theta_fallback,-0.09717661887407303,0.38992523653349265,0.22512371328903824,0.5201662033015313,0.5196344274544491,0.5194578642261659,0.5203427665298145,0.5203749027466792,0.5194257280093012,0.0,0.0,0.0,0.0,0.019999999552965164,0.0,0.0,0.0,0.0,0.0,0.03362403064966202,0.03362403064966202,0.0,0.0,0.0,0.0
106.375,0.019999999552965164,-0.019999999552965164,0.03999999910593033,datactrl_ref_vx_fallback,states_vx_gs,-0.009999999776482582,states_theta,-0.02169572375714779,0.38989632137459523,0.2251069155802257,0.5196782571229029,0.5200452665426843,0.5202778374395415,0.5194456862260458,0.519548052795428,0.5201754708701593,0.0,0.0,0.0,0.0,0.019999999552965164,0.0,0.0,0.0,0.0,0.0,0.03157893940806389,0.04157893732190132,0.0,0.0,0.0,0.0
106.563,0.009999999776482582,-0.009999999776482582,0.019999999552965164,datactrl_ref_vx_fallback,states_vx_gs,-0.009999999776482582,states_theta,0.014385116286575794,0.38986694724020565,0.2250899280364296,0.5199864335889385,0.5196587590516099,0.519458402040773,0.5201867905997754,0.5201301671143154,0.519515025526233,0.0,0.0,0.0,0.0,0.009999999776482582,0.0,0.0,0.0,0.0,0.0,0.049650341272354126,0.05965033918619156,0.0,0.0,0.0,0.0
106.753,0.009999999776482582,-0.009999999776482582,0.019999999552965164,datactrl_ref_vx_fallback,states_vx_gs,0.04862779378890991,datactrl_est_theta_fallback,0.031988803297281265,0.38986424717822066,0.22508827433224216,0.519886869640867,0.519751122834388,0.5200259448656556,0.5196120476095994,0.519629534335568,0.520008458139687,0.0,0.0,0.0,0.0,0.009999999776482582,0.0,0.0,0.0,0.0,0.0,0.04862779378890991,0.04862779378890991,0.0,0.0,0.0,0.0
106.956,0.009999999776482582,-0.009999999776482582,0.019999999552965164,datactrl_ref_vx_fallback,states_vx_gs,0.0476052463054657,datactrl_est_theta_fallback,-0.006276726722717285,0.38983411709844773,0.22507084358903132,0.5199050567243658,0.5196525888714948,0.5197150907374551,0.5198425548584055,0.519786997846477,0.5197706477493836,0.0,0.0,0.0,0.0,0.009999999776482582,0.0,0.0,0.0,0.0,0.0,0.0476052463054657,0.0476052463054657,0.0,0.0,0.0,0.0
107.175,0.009999999776482582,-0.009999999776482582,0.019999999552965164,datactrl_ref_vx_fallback,states_vx_gs,0.04658270254731178,datactrl_est_theta_fallback,0.029997847974300385,0.3898308770754747,0.22506897941497234,0.5199267673994762,0.5196222381351231,0.5196882629863774,0.5198607425482219,0.5198070991744331,0.5197419063601662,0.0,0.0,0.0,0.0,0.009999999776482582,0.0,0.0,0.0,0.0,0.0,0.04658270254731178,0.04658270254731178,0.0,0.0,0.0,0.0
107.386,0.009999999776482582,-0.009999999776482582,0.019999999552965164,datactrl_ref_vx_fallback,states_vx_gs,0.04556015506386757,datactrl_est_theta_fallback,0.028943484649062157,0.3898550130741908,0.2250829340614699,0.5200095306672293,0.5196038375306128,0.5196694557301402,0.5199439124677019,0.5198916493146855,0.5197217188831567,0.0,0.0,0.0,0.0,0.009999999776482582,0.0,0.0,0.0,0.0,0.0,0.04556015506386757,0.04556015506386757,0.0,0.0,0.0,0.0
107.597,0.009999999776482582,-0.009999999776482582,0.019999999552965164,datactrl_ref_vx_fallback,states_vx_gs,0.009999999776482582,states_theta,0.027213869616389275,0.3902575000391449,0.22531527653268868,0.5203305330353202,0.5203561337357329,0.5203121697624268,0.5203744970086263,0.5202673602548128,0.5204193065162402,0.0,0.0,0.0,0.0,0.009999999776482582,0.0,0.0,0.0,0.0,0.0,0.044537611305713654,0.03453760966658592,0.0,0.0,0.0,0.0
107.809,0.009999999776482582,-0.009999999776482582,0.019999999552965164,datactrl_ref_vx_fallback,states_vx_gs,0.009999999776482582,states_theta,0.025984875857830048,0.3902851249666386,0.22533124769628626,0.5203037501658855,0.5204565830784841,0.5203660886556395,0.5203942445887301,0.5201792798458936,0.5205810533984759,0.0,0.0,0.0,0.0,0.009999999776482582,0.0,0.0,0.0,0.0,0.0,0.04351506382226944,0.03351506218314171,0.0,0.0,0.0,0.0
108.014,0.019999999552965164,-0.019999999552965164,0.03999999910593033,datactrl_ref_vx_fallback,states_vx_gs,0.009999999776482582,states_theta,-0.012114624492824078,0.38992523988698263,0.2251234464035886,0.5198356674176252,0.5199649722809951,0.5198431474131963,0.5199574922854241,0.5199102864004651,0.5198903532981552,0.0,0.0,0.0,0.0,0.019999999552965164,0.0,0.0,0.0,0.0,0.0,0.02258053421974182,0.01258053444325924,0.0,0.0,0.0,0.0
108.207,0.019999999552965164,-0.019999999552965164,0.03999999910593033,datactrl_ref_vx_fallback,states_vx_gs,0.020535441115498543,datactrl_est_theta_fallback,-0.14939014613628387,0.38995129287129754,0.22513850955147763,0.519913254255407,0.5199568600680531,0.5201447652698112,0.5197253490536489,0.5198934632056444,0.5199766511178157,0.0,0.0,0.0,0.0,0.019999999552965164,0.0,0.0,0.0,0.0,0.0,0.020535441115498543,0.020535441115498543,0.0,0.0,0.0,0.0
108.406,0.019999999552965164,-0.019999999552965164,0.03999999910593033,datactrl_ref_vx_fallback,states_vx_gs,-0.009999999776482582,states_theta,-0.001799142686650157,0.3899808858164908,0.22515560902348797,0.51985331827786,0.5200957105661155,0.5201845141278638,0.5197645147161116,0.5198623793120452,0.5200866495319303,0.0,0.0,0.0,0.0,0.019999999552965164,0.0,0.0,0.0,0.0,0.0,0.018490349873900414,0.028490349650382996,0.0,0.0,0.0,0.0
108.605,0.019999999552965164,-0.019999999552965164,0.03999999910593033,datactrl_ref_vx_fallback,states_vx_gs,0.016445258632302284,datactrl_est_theta_fallback,0.043124813586473465,0.38999428323217,0.22516331217289315,0.520056850323711,0.5199279049620756,0.5199103304687639,0.5200744248170227,0.5200480658244447,0.5199366894613419,0.0,0.0,0.0,0.0,0.019999999552965164,0.0,0.0,0.0,0.0,0.0,0.016445258632302284,0.016445258632302284,0.0,0.0,0.0,0.0
108.801,0.026662238407880068,-0.019999999552965164,0.04666223796084523,datactrl_ref_vx_fallback,states_vx_gs,0.007852401584386826,datactrl_est_theta_fallback,0.08117443323135376,0.3900217942396575,0.2251792007006565,0.519964212044036,0.520093905928384,0.5200670901555682,0.5199910278168518,0.5198970791084718,0.5201610388639482,0.0,0.0,0.0,0.0033311196602880955,0.023331118747591972,0.0,0.0,0.0,0.0,0.0,0.007852401584386826,0.007852401584386826,0.0,0.0,0.0,0.0
109.003,0.026662238407880068,-0.019999999552965164,0.04666223796084523,datactrl_ref_vx_fallback,states_vx_gs,0.009999999776482582,states_theta,0.03911149501800537,0.3900497102178206,0.22519534267763766,0.5201952933708871,0.5199372672099678,0.519871615012637,0.5202609455682179,0.5201802737473682,0.5199522868334867,0.0,0.0,0.0,0.0033311196602880955,0.023331118747591972,0.0,0.0,0.0,0.0,0.0,0.005466687027364969,-0.004533312749117613,0.0,0.0,0.0,0.0
109.209,0.026662238407880068,-0.019999999552965164,0.04666223796084523,datactrl_ref_vx_fallback,states_vx_gs,0.009999999776482582,states_theta,-0.02240706793963909,0.3900779501681324,0.22521161112525243,0.5200650068227813,0.5201428602922383,0.5200997511408477,0.520108115974172,0.5200674198831402,0.5201404472318795,0.0,0.0,0.0,0.0033311196602880955,0.023331118747591972,0.0,0.0,0.0,0.0,0.0,0.0030809727031737566,-0.006919027306139469,0.0,0.0,0.0,0.0
109.415,0.03332447726279497,-0.019999999552965164,0.053324476815760136,datactrl_ref_vx_fallback,states_vx_gs,-0.005852506496012211,datactrl_est_theta_fallback,-0.06989334523677826,0.3900795700507471,0.22521255216309344,0.5200857868771325,0.5201263999248598,0.5201720668448571,0.5200401199571352,0.520013639240049,0.5201985475619433,0.0,0.0,0.0,0.006662239320576191,0.02666223794221878,0.0,0.0,0.0,0.0,0.0,-0.005852506496012211,-0.005852506496012211,0.0,0.0,0.0,0.0
109.616,0.03332447726279497,-0.019999999552965164,0.053324476815760136,datactrl_ref_vx_fallback,states_vx_gs,-0.00857884343713522,datactrl_est_theta_fallback,-0.08103179186582565,0.3900811899333619,0.22521349914935143,0.5201589591186822,0.5200575473702829,0.5199787036469964,0.5202378028419686,0.5202312265167922,0.5199852799721728,0.0,0.0,0.0,0.006662239320576191,0.02666223794221878,0.0,0.0,0.0,0.0,0.0,-0.00857884343713522,-0.00857884343713522,0.0,0.0,0.0,0.0
109.816,0.03332447726279497,-0.019999999552965164,0.053324476815760136,datactrl_ref_vx_fallback,states_vx_gs,-0.019999999552965164,states_theta,-0.08282653987407684,0.3900965718835123,0.22522237737591902,0.5201047229789701,0.5201528020437294,0.5202659871380908,0.5199915378846087,0.5200263845099988,0.5202311405127007,0.0,0.0,0.0,0.006662239320576191,0.02666223794221878,0.0,0.0,0.0,0.0,0.0,-0.011305179446935654,0.00869482010602951,0.0,0.0,0.0,0.0
110.045,0.029986699111759663,-0.009999999776482582,0.039986698888242245,datactrl_ref_vx_fallback,states_vx_gs,-0.03999999910593033,states_theta,-0.04947911947965622,0.39009846187540553,0.22522347456066893,0.5201422550734799,0.5201203099276016,0.5200339282864607,0.5202286367146208,0.5203076280073905,0.519954936993691,0.0,0.0,0.0,0.009993349201977253,0.01999334990978241,0.0,0.0,0.0,0.0,0.0,-0.001348862424492836,0.03865113481879234,0.0,0.0,0.0,0.0
110.15,0.02998671494424343,-0.009999999776482582,0.03998671472072601,datactrl_ref_vx_fallback,states_vx_gs,-0.03999999910593033,states_theta,-0.03818735480308533,0.39009940687135214,0.22522403364563964,0.5201359094029651,0.5201291755873073,0.5199352490884998,0.5203298359017726,0.5202940001785122,0.5199710848117601,0.0,0.0,0.0,0.009993357583880424,0.019993357360363007,0.0,0.0,0.0,0.0,0.0,-0.002371084876358509,0.037628915160894394,0.0,0.0,0.0,0.0
110.364,0.03001348115503788,-0.009999999776482582,0.04001348093152046,datactrl_ref_vx_fallback,states_vx_gs,-0.03999999910593033,states_theta,0.006254179868847132,0.3895653294183452,0.22491565697244303,0.5194259177810743,0.5194149606678462,0.5195312140313998,0.5193096644175207,0.5193556996554819,0.5194851787934386,0.0,0.0,0.0,0.010006740689277649,0.02000674046576023,0.0,0.0,0.0,0.0,0.0,-0.004441804252564907,0.03555819392204285,0.0,0.0,0.0,0.0
110.414,0.03001435287296772,-0.009999999776482582,0.0400143526494503,datactrl_ref_vx_fallback,states_vx_gs,-0.03999999910593033,states_theta,-0.027950190007686615,0.3895653294183452,0.22491565697244303,0.5194259177810743,0.5194149606678462,0.5195312140313998,0.5193096644175207,0.5193556996554819,0.5194851787934386,0.0,0.0,0.0,0.010007176548242569,0.02000717632472515,0.0,0.0,0.0,0.0,0.0,-0.005465551279485226,0.03453444689512253,0.0,0.0,0.0,0.0
110.563,0.036675723269581795,-0.009999999776482582,0.04667572304606438,datactrl_ref_vx_fallback,states_vx_gs,-0.03999999910593033,states_theta,-0.010840479284524918,0.3846960273030134,0.22210437255939908,0.5129804422274528,0.5128756305805829,0.5127935515449269,0.5130625212631088,0.5130305571757088,0.5128255156323269,0.0,0.0,0.0,0.013337861746549606,0.02333786152303219,0.0,0.0,0.0,0.0,0.0,-0.013035374693572521,0.026964623481035233,0.0,0.0,0.0,0.0
110.756,0.036675723269581795,-0.009999999776482582,0.04667572304606438,datactrl_ref_vx_fallback,states_vx_gs,-0.03999999910593033,states_theta,-0.03411484137177467,0.37702643517882395,0.2176763189324334,0.5026969163994806,0.50270691074405,0.5027925718469322,0.5026112552965984,0.5026770043907118,0.5027268227528188,0.0,0.0,0.0,0.013337861746549606,0.02333786152303219,0.0,0.0,0.0,0.0,0.0,-0.01542177889496088,0.024578221142292023,0.0,0.0,0.0,0.0
110.946,0.036675723269581795,-0.009999999776482582,0.04667572304606438,datactrl_ref_vx_fallback,states_vx_gs,-0.04999999701976776,states_theta,-0.011927157640457153,0.37561334621589026,0.21686046725835753,0.5007927480698041,0.5008428418392367,0.5008345366731601,0.5008010532358806,0.5007998202490218,0.500835769660019,0.0,0.0,0.0,0.013337861746549606,0.02333786152303219,0.0,0.0,0.0,0.0,0.0,-0.017808182165026665,0.03219181299209595,0.0,0.0,0.0,0.0
111.148,0.036675723269581795,-0.009999999776482582,0.04667572304606438,datactrl_ref_vx_fallback,states_vx_gs,-0.04999999701976776,states_theta,-0.01305458229035139,0.3765867117536424,0.21742244068827743,0.5021492590262329,0.5020819723168135,0.5021424248353894,0.502088806507657,0.502096048123791,0.5021351832192553,0.0,0.0,0.0,0.013337861746549606,0.02333786152303219,0.0,0.0,0.0,0.0,0.0,-0.020194586366415024,0.029805410653352737,0.0,0.0,0.0,0.0
111.348,0.03333796188235283,0.016668980941176414,0.016668980941176414,datactrl_ref_vx_fallback,datactrl_est_vx_fallback,-0.05999999865889549,states_theta,-0.030570032075047493,0.37858163208694257,0.21857420793911486,0.5047648854628192,0.5047861334356943,0.5048099437576714,0.5047410751408421,0.5047767084135188,0.5047743104849947,0.0,0.0,0.0,0.016668980941176414,0.016668980941176414,0.0,0.0,0.0,0.0,0.0,-0.009591590613126755,0.05040840804576874,0.0,0.0,0.0,0.0
111.568,0.03333796188235283,0.016668980941176414,0.016668980941176414,datactrl_ref_vx_fallback,datactrl_est_vx_fallback,-0.04999999701976776,states_theta,0.03182007744908333,0.3811237965177811,0.22004192803315406,0.5081669464915318,0.5081631775558845,0.5081151718399345,0.5082149522074818,0.5081515920578054,0.5081785319896109,0.0,0.0,0.0,0.016668980941176414,0.016668980941176414,0.0,0.0,0.0,0.0,0.0,-0.011296071112155914,0.03870392590761185,0.0,0.0,0.0,0.0
111.763,0.03336472809314728,0.01668236404657364,0.01668236404657364,datactrl_ref_vx_fallback,datactrl_est_vx_fallback,-0.04999999701976776,states_theta,0.04000363126397133,0.38327541172806207,0.22128416321500077,0.5110070158563292,0.5110607487518363,0.5110675418016503,0.5110002228065152,0.5110414451924118,0.5110263194157537,0.0,0.0,0.0,0.01668236404657364,0.01668236404657364,0.0,0.0,0.0,0.0,0.0,-0.01302754133939743,0.03697245568037033,0.0,0.0,0.0,0.0
111.972,0.03336472809314728,0.01668236404657364,0.01668236404657364,datactrl_ref_vx_fallback,datactrl_est_vx_fallback,-0.04999999701976776,states_theta,-0.014004453085362911,0.3852819064905003,0.2224426161920305,0.513686160394479,0.5137322569135218,0.5136306780713371,0.5137877392366637,0.5137109991389823,0.5137074181690184,0.0,0.0,0.0,0.01668236404657364,0.01668236404657364,0.0,0.0,0.0,0.0,0.0,-0.0147333899512887,0.035266607999801636,0.0,0.0,0.0,0.0
112.251,0.033366475254297256,0.016683237627148628,0.016683237627148628,datactrl_ref_vx_fallback,datactrl_est_vx_fallback,-0.03999999910593033,states_theta,-0.014385029673576355,0.3866363317045681,0.22322459437970132,0.5155891355735887,0.5154410823052598,0.5155311960727976,0.5154990218060508,0.5154733169485127,0.5155569009303357,0.0,0.0,0.0,0.016683237627148628,0.016683237627148628,0.0,0.0,0.0,0.0,0.0,-0.01729396916925907,0.022706029936671257,0.0,0.0,0.0,0.0
112.415,0.03336472809314728,0.01668236404657364,0.01668236404657364,datactrl_ref_vx_fallback,datactrl_est_vx_fallback,-0.03999999910593033,states_theta,-0.014001568779349327,0.3874959529139771,0.22372089743682294,0.5167410003807168,0.516581540723222,0.5167012551929745,0.5166212859109643,0.5166394107442028,0.516683130359736,0.0,0.0,0.0,0.01668236404657364,0.01668236404657364,0.0,0.0,0.0,0.0,0.0,-0.018230512738227844,0.021769486367702484,0.0,0.0,0.0,0.0
112.595,0.03336472809314728,0.01668236404657364,0.01668236404657364,datactrl_ref_vx_fallback,datactrl_est_vx_fallback,-0.04999999701976776,states_theta,-0.014005190692842007,0.38811382488526064,0.22407764323091978,0.5174098208217635,0.5175603788722649,0.5176207584263304,0.517349441267698,0.5173614440507011,0.5176087556433273,0.0,0.0,0.0,0.01668236404657364,0.01668236404657364,0.0,0.0,0.0,0.0,0.0,-0.01993636228144169,0.030063634738326073,0.0,0.0,0.0,0.0
112.802,0.03336472809314728,0.01668236404657364,0.01668236404657364,datactrl_ref_vx_fallback,datactrl_est_vx_fallback,-0.04999999701976776,states_theta,-0.014005189761519432,0.3887830095994835,0.22446413427045578,0.5185692291318589,0.5181854631334304,0.5180157397740582,0.518738952491231,0.518720827215203,0.5180338650500863,0.0,0.0,0.0,0.01668236404657364,0.01668236404657364,0.0,0.0,0.0,0.0,0.0,-0.021642209962010384,0.028357787057757378,0.0,0.0,0.0,0.0
113.008,0.03339149430394173,0.016695747151970863,0.016695747151970863,datactrl_ref_vx_fallback,datactrl_est_vx_fallback,-0.04999999701976776,states_theta,-0.004733670968562365,0.388789606436736,0.2244678983268121,0.5185787066036421,0.5181935772276539,0.5180955988652635,0.5186766849660326,0.5186758365104441,0.5180964473208519,0.0,0.0,0.0,0.016695747151970863,0.016695747151970863,0.0,0.0,0.0,0.0,0.0,-0.023374434560537338,0.026625562459230423,0.0,0.0,0.0,0.0
113.208,0.03339149430394173,0.016695747151970863,0.016695747151970863,datactrl_ref_vx_fallback,datactrl_est_vx_fallback,-0.04999999701976776,states_theta,-0.014006128534674644,0.38916063980394977,0.22468200225333523,0.5189241323636484,0.5188375737802176,0.5188853111730509,0.5188763949708151,0.518924324976858,0.518837381167008,0.0,0.0,0.0,0.016695747151970863,0.016695747151970863,0.0,0.0,0.0,0.0,0.0,-0.025081651285290718,0.024918345734477043,0.0,0.0,0.0,0.0
113.415,0.03339149430394173,0.016695747151970863,0.016695747151970863,datactrl_ref_vx_fallback,datactrl_est_vx_fallback,-0.05999999865889549,states_theta,0.01295039989054203,0.3891865536577983,0.22469697229318678,0.5189533942901985,0.5188774154639304,0.5187868064945712,0.5190440032595577,0.5189526354469497,0.5188781743071792,0.0,0.0,0.0,0.016695747151970863,0.016695747151970863,0.0,0.0,0.0,0.0,0.0,-0.026788868010044098,0.033211130648851395,0.0,0.0,0.0,0.0
113.612,0.023391494527459145,0.009999999776482582,0.013391494750976562,datactrl_ref_vx_fallback,states_vx_gs,-0.04999999701976776,states_theta,-0.03891454637050629,0.4023556413039646,0.23230014753394315,0.5365834590276145,0.5363649177829578,0.5364072272352655,0.5365411495753069,0.5365146169466216,0.5364337598639507,0.0,0.0,0.0,0.016695747151970863,0.006695747375488281,0.0,0.0,0.0,0.0,0.0,-0.008839738555252552,0.041160259395837784,0.0,0.0,0.0,0.0
113.846,0.023391494527459145,0.009999999776482582,0.013391494750976562,datactrl_ref_vx_fallback,states_vx_gs,-0.04999999701976776,states_theta,0.03463253378868103,0.4001952469570088,0.23105286839680864,0.5334461762017597,0.5337411490169304,0.5337458975081953,0.5334414277104947,0.5334541376101446,0.5337331876085455,0.0,0.0,0.0,0.016695747151970863,0.006695747375488281,0.0,0.0,0.0,0.0,0.0,-0.009524408727884293,0.04047558829188347,0.0,0.0,0.0,0.0
114.045,0.016729256138205528,0.009999999776482582,0.006729256361722946,datactrl_ref_vx_fallback,states_vx_gs,-0.03999999910593033,states_theta,0.035093214362859726,0.39569232191192955,0.22845307463322204,0.5275477148248642,0.5276318102736146,0.5275022646186204,0.5276772604798584,0.527630426033551,0.5275490990649278,0.0,0.0,0.0,0.013364627957344055,0.003364628180861473,0.0,0.0,0.0,0.0,0.0,-0.0036442854907363653,0.03635571524500847,0.0,0.0,0.0,0.0
114.226,0.016729256138205528,0.009999999776482582,0.006729256361722946,datactrl_ref_vx_fallback,states_vx_gs,-0.03999999910593033,states_theta,0.027056187391281128,0.3932704390754974,0.22705479539052453,0.5243764170202767,0.5243447538477164,0.5243128519323826,0.5244083189356105,0.5243450068311745,0.5243761640368186,0.0,0.0,0.0,0.013364627957344055,0.003364628180861473,0.0,0.0,0.0,0.0,0.0,-0.003988333977758884,0.03601166605949402,0.0,0.0,0.0,0.0
114.415,0.016756022348999977,0.009999999776482582,0.006756022572517395,datactrl_ref_vx_fallback,states_vx_gs,-0.029999999329447746,states_theta,0.027008535340428352,0.3919220117600896,0.2262762799188204,0.522577280335778,0.5225480843577943,0.5225987306302589,0.5225266340633135,0.5225497625804953,0.522575602113077,0.0,0.0,0.0,0.01337801106274128,0.0033780112862586975,0.0,0.0,0.0,0.0,0.0,-0.004359441809356213,0.02564055658876896,0.0,0.0,0.0,0.0
114.607,0.016756022348999977,0.009999999776482582,0.006756022572517395,datactrl_ref_vx_fallback,states_vx_gs,-0.029999999329447746,states_theta,-0.04451884329319,0.3908585128199421,0.22566227436189035,0.5211712139738125,0.5211181535460332,0.5210373667439208,0.5212520007759249,0.5211459116128805,0.5211434559069652,0.0,0.0,0.0,0.01337801106274128,0.0033780112862586975,0.0,0.0,0.0,0.0,0.0,-0.004704859107732773,0.025295140221714973,0.0,0.0,0.0,0.0
114.801,0.010093780234456062,0.009999999776482582,9.378045797348022e-05,datactrl_ref_vx_fallback,states_vx_gs,-0.019999999552965164,states_theta,0.0678035318851471,0.39053151317721246,0.22547347938198453,0.520735170527508,0.5206821979450585,0.5206225260697112,0.5207948424028553,0.5207420669940007,0.5206753014785658,0.0,0.0,0.0,0.010046890005469322,4.689022898674011e-05,0.0,0.0,0.0,0.0,0.0,0.0016848333179950714,0.021684832870960236,0.0,0.0,0.0,0.0
115.014,9.378045797348022e-05,0.019999999552965164,-0.019906219094991684,datactrl_ref_vx_fallback,states_vx_gs,-0.009999999776482582,states_theta,0.06905839592218399,0.3901958885425796,0.22527972502961432,0.5202827186153076,0.5202396508315712,0.5200598991995511,0.5204624702473277,0.520303737353984,0.5202186320928948,0.0,0.0,0.0,0.010046890005469322,-0.009953109547495842,0.0,0.0,0.0,0.0,0.0,0.02184765785932541,0.03184765949845314,0.0,0.0,0.0,0.0
115.221,9.378045797348022e-05,0.019999999552965164,-0.019906219094991684,datactrl_ref_vx_fallback,states_vx_gs,0.022865409031510353,datactrl_est_theta_fallback,0.07002370059490204,0.38985501165758446,0.22508291830134533,0.5198273810578844,0.5197859833623408,0.5196199516210029,0.5199934127992223,0.5198773556239853,0.5197360087962399,0.0,0.0,0.0,0.010046890005469322,-0.009953109547495842,0.0,0.0,0.0,0.0,0.0,0.022865409031510353,0.022865409031510353,0.0,0.0,0.0,0.0
115.272,-0.006564910989254713,0.019999999552965164,-0.026564910542219877,datactrl_ref_vx_fallback,states_vx_gs,0.02993558533489704,datactrl_est_theta_fallback,0.07104456424713135,0.38985501165758446,0.22508291830134533,0.5198273810578844,0.5197859833623408,0.5196199516210029,0.5199934127992223,0.5198773556239853,0.5197360087962399,0.0,0.0,0.0,0.006717544514685869,-0.013282455503940582,0.0,0.0,0.0,0.0,0.0,0.02993558533489704,0.02993558533489704,0.0,0.0,0.0,0.0
115.42,-0.006564910989254713,0.019999999552965164,-0.026564910542219877,datactrl_ref_vx_fallback,states_vx_gs,0.009999999776482582,states_theta,0.06877640634775162,0.38988501162942135,0.22510022424126963,0.5198531764526266,0.519840187892497,0.5199511326847206,0.519742231660403,0.5199026949296055,0.5197906694155181,0.0,0.0,0.0,0.006717544514685869,-0.013282455503940582,0.0,0.0,0.0,0.0,0.0,0.03061467967927456,0.020614679902791977,0.0,0.0,0.0,0.0
115.623,-0.006564910989254713,0.019999999552965164,-0.026564910542219877,datactrl_ref_vx_fallback,states_vx_gs,0.03197287395596504,datactrl_est_theta_fallback,-0.08666837215423584,0.38991763661444007,0.22511905337104576,0.5199164546239863,0.5198639096811872,0.5198829128614256,0.5198974514437479,0.5199201092352391,0.5198602550699344,0.0,0.0,0.0,0.006717544514685869,-0.013282455503940582,0.0,0.0,0.0,0.0,0.0,0.03197287395596504,0.03197287395596504,0.0,0.0,0.0,0.0
115.826,-0.013230695622041821,0.019999999552965164,-0.033230695175006986,datactrl_ref_vx_fallback,states_vx_gs,0.03989935293793678,datactrl_est_theta_fallback,0.017026573419570923,0.38994763658627685,0.2251363751968462,0.5199609905622434,0.5198993736678282,0.5199423358777691,0.5199180283523026,0.5199844462403469,0.5198759179897248,0.0,0.0,0.0,0.003384652314707637,-0.01661534793674946,0.0,0.0,0.0,0.0,0.0,0.03989935293793678,0.03989935293793678,0.0,0.0,0.0,0.0
116.02,-0.013230695622041821,0.019999999552965164,-0.033230695175006986,datactrl_ref_vx_fallback,states_vx_gs,0.041598349809646606,datactrl_est_theta_fallback,0.018013957887887955,0.38998026157129567,0.22515521046044557,0.5199801669755837,0.5199671972145381,0.520015525675833,0.5199318385142888,0.5199446409237254,0.5200027232663964,0.0,0.0,0.0,0.003384652314707637,-0.01661534793674946,0.0,0.0,0.0,0.0,0.0,0.041598349809646606,0.041598349809646606,0.0,0.0,0.0,0.0
116.216,-0.0032306949142366648,0.009999999776482582,-0.013230694690719247,datactrl_ref_vx_fallback,states_vx_gs,0.019999999552965164,states_theta,0.16624489426612854,0.3900102615431324,0.2251725962868255,0.5201686231371513,0.5198587409778684,0.5197475258117755,0.5202798383032442,0.5201733161917409,0.5198540479232788,0.0,0.0,0.0,0.003384652314707637,-0.006615347228944302,0.0,0.0,0.0,0.0,0.0,0.023947762325406075,0.00394776277244091,0.0,0.0,0.0,0.0
116.421,-0.009892934536765097,0.009999999776482582,-0.01989293431324768,datactrl_ref_vx_fallback,states_vx_gs,0.031189007684588432,datactrl_est_theta_fallback,-0.2636667490005493,0.3900402615149692,0.22518996266086158,0.5198559292841415,0.5202514347557764,0.5204312910673843,0.5196760729725336,0.5199077327950059,0.520199631244912,0.0,0.0,0.0,5.353281812858768e-05,-0.009946467354893684,0.0,0.0,0.0,0.0,0.0,0.031189007684588432,0.031189007684588432,0.0,0.0,0.0,0.0
116.618,-0.009892934536765097,0.009999999776482582,-0.01989293431324768,datactrl_ref_vx_fallback,states_vx_gs,0.032206080853939056,datactrl_est_theta_fallback,0.17196232080459595,0.390070261486806,0.22520731508807143,0.520258352358764,0.519929011606052,0.5196736006961402,0.5205137632686758,0.5203323524204382,0.5198550115443779,0.0,0.0,0.0,5.353281812858768e-05,-0.009946467354893684,0.0,0.0,0.0,0.0,0.0,0.032206080853939056,0.032206080853939056,0.0,0.0,0.0,0.0
116.824,-0.009892934536765097,0.009999999776482582,-0.01989293431324768,datactrl_ref_vx_fallback,states_vx_gs,0.009999999776482582,states_theta,-0.03402385860681534,0.3900950114635714,0.22522146636391152,0.520168031336682,0.5200853325661751,0.5201188342659053,0.5201345296369517,0.5202262547008065,0.5200271092020505,0.0,0.0,0.0,5.353281812858768e-05,-0.009946467354893684,0.0,0.0,0.0,0.0,0.0,0.03322315216064453,0.02322315238416195,0.0,0.0,0.0,0.0
116.899,-0.009892934536765097,0.009999999776482582,-0.01989293431324768,datactrl_ref_vx_fallback,states_vx_gs,0.009999999776482582,states_theta,-0.03345204144716263,0.389732386809582,0.22501210768270086,0.5196860523890856,0.5196003124364663,0.5196536613292658,0.5196327034962861,0.5197644117193517,0.5195219531062002,0.0,0.0,0.0,5.353281812858768e-05,-0.009946467354893684,0.0,0.0,0.0,0.0,0.0,0.03373168781399727,0.023731688037514687,0.0,0.0,0.0,0.0
116.989,-0.016555173555389047,0.009999999776482582,-0.02655517333187163,datactrl_ref_vx_fallback,states_vx_gs,0.009999999776482582,states_theta,-0.033014312386512756,0.38974363679902074,0.22501860859406927,0.5197023456756308,0.5196140191217579,0.5196975796079847,0.519618785189404,0.5198113211352721,0.5195050436621166,0.0,0.0,0.0,-0.003277587005868554,-0.013277586549520493,0.0,0.0,0.0,0.0,0.0,0.040805019438266754,0.030805019661784172,0.0,0.0,0.0,0.0
117.178,-0.016555173555389047,0.009999999776482582,-0.02655517333187163,datactrl_ref_vx_fallback,states_vx_gs,0.042162712663412094,datactrl_est_theta_fallback,-0.03201105818152428,0.3897691367750821,0.2250333325791576,0.5197389577937683,0.519645406939784,0.5197333300272613,0.519651034706291,0.5198531040856758,0.5195312606478766,0.0,0.0,0.0,-0.003277587005868554,-0.013277586549520493,0.0,0.0,0.0,0.0,0.0,0.042162712663412094,0.042162712663412094,0.0,0.0,0.0,0.0
117.395,-0.016555173555389047,0.009999999776482582,-0.02655517333187163,datactrl_ref_vx_fallback,states_vx_gs,0.04352040961384773,datactrl_est_theta_fallback,-0.031013574451208115,0.3897916367539598,0.22504632468853417,0.5197716092601014,0.5196727554171247,0.5197654034431861,0.5196789612340399,0.5198913008658407,0.5195530638113853,0.0,0.0,0.0,-0.003277587005868554,-0.013277586549520493,0.0,0.0,0.0,0.0,0.0,0.04352040961384773,0.04352040961384773,0.0,0.0,0.0,0.0
117.59,-0.023217412177473307,0.009999999776482582,-0.03321741195395589,datactrl_ref_vx_fallback,states_vx_gs,0.05144289880990982,datactrl_est_theta_fallback,-0.030013207346200943,0.38981676173037305,0.22506084651707553,0.5198078888334179,0.5197034757809103,0.5198477842491975,0.5196635803651306,0.5199801008940903,0.5195312637202378,0.0,0.0,0.0,-0.006608706433326006,-0.0166087057441473,0.0,0.0,0.0,0.0,0.0,0.05144289880990982,0.05144289880990982,0.0,0.0,0.0,0.0
117.797,-0.023244178388267756,0.009999999776482582,-0.03324417816475034,datactrl_ref_vx_fallback,states_vx_gs,-0.009999999776482582,states_theta,-0.029012836515903473,0.38984188670678643,0.22507535275961707,0.5198311154782153,0.5197472490732152,0.5198999878679426,0.5196783766834879,0.5200085792878965,0.519569785263534,0.0,0.0,0.0,-0.00662208953872323,-0.016622088849544525,0.0,0.0,0.0,0.0,0.0,0.053167589008808136,0.06316758692264557,0.0,0.0,0.0,0.0
117.988,-0.023244178388267756,0.009999999776482582,-0.03324417816475034,datactrl_ref_vx_fallback,states_vx_gs,-0.009999999776482582,states_theta,0.017949409782886505,0.389864386685664,0.2250883569436975,0.5197781683689368,0.5198601961261672,0.5199905112949872,0.5196478532001167,0.5195825046450422,0.5200558598500618,0.0,0.0,0.0,-0.00662208953872323,-0.016622088849544525,0.0,0.0,0.0,0.0,0.0,0.054867275059223175,0.06486727297306061,0.0,0.0,0.0,0.0
118.158,-0.029906416311860085,0.009999999776482582,-0.03990641608834267,datactrl_ref_vx_fallback,states_vx_gs,0.06313174962997437,datactrl_est_theta_fallback,0.11566589027643204,0.38987563667510283,0.2250948160867966,0.5197823126871305,0.5198860517798104,0.5199495787562795,0.5197187857106614,0.5197557856000804,0.5199125788668605,0.0,0.0,0.0,-0.009953208267688751,-0.019953208044171333,0.0,0.0,0.0,0.0,0.0,0.06313174962997437,0.06313174962997437,0.0,0.0,0.0,0.0
118.215,-0.029906416311860085,0.009999999776482582,-0.03990641608834267,datactrl_ref_vx_fallback,states_vx_gs,0.009999999776482582,states_theta,0.012003947980701923,0.3902622613065617,0.22531804104895317,0.5203348692883287,0.5203644941958359,0.5203700084346741,0.5203293550494905,0.5205351248681032,0.5201642386160614,0.0,0.0,0.0,-0.009953208267688751,-0.019953208044171333,0.0,0.0,0.0,0.0,0.0,0.06415190547704697,0.054151907563209534,0.0,0.0,0.0,0.0
118.382,-0.029906416311860085,0.009999999776482582,-0.03990641608834267,datactrl_ref_vx_fallback,states_vx_gs,0.009999999776482582,states_theta,0.06635512411594391,0.389912011640955,0.22511580855382995,0.5198857853785067,0.5198795789973732,0.5198536671663994,0.5199116972094806,0.519958594520662,0.519806769855218,0.0,0.0,0.0,-0.009953208267688751,-0.019953208044171333,0.0,0.0,0.0,0.0,0.0,0.06517206132411957,0.05517205968499184,0.0,0.0,0.0,0.0
118.573,-0.029906416311860085,0.009999999776482582,-0.03990641608834267,datactrl_ref_vx_fallback,states_vx_gs,0.029999999329447746,states_theta,0.07002483308315277,0.3899371366173684,0.22513031253546342,0.5199040275774058,0.5199283367355765,0.5198802944407979,0.5199520698721845,0.5199574430770926,0.5198749212358897,0.0,0.0,0.0,-0.009953208267688751,-0.019953208044171333,0.0,0.0,0.0,0.0,0.0,0.06721236556768417,0.03721236810088158,0.0,0.0,0.0,0.0
118.764,-0.03659542463719845,0.009999999776482582,-0.04659542441368103,datactrl_ref_vx_fallback,states_vx_gs,0.03999999910593033,states_theta,0.09598443657159805,0.389959636596246,0.2251433046804012,0.5199436427326832,0.5199487215239728,0.519978337306366,0.51991402695029,0.519873402491549,0.520018961765107,0.0,0.0,0.0,-0.013297712430357933,-0.023297712206840515,0.0,0.0,0.0,0.0,0.0,0.07584453374147415,0.03584453463554382,0.0,0.0,0.0,0.0
118.975,-0.03659542463719845,0.009999999776482582,-0.04659542441368103,datactrl_ref_vx_fallback,states_vx_gs,0.03999999910593033,states_theta,-0.16293510794639587,0.38998213657512354,0.22515631707288475,0.5199907034018401,0.5199616607984894,0.519934978710136,0.5200173854901934,0.520186179996141,0.5197661842041884,0.0,0.0,0.0,-0.013297712430357933,-0.023297712206840515,0.0,0.0,0.0,0.0,0.0,0.07822683453559875,0.03822683170437813,0.0,0.0,0.0,0.0
119.162,-0.03659542463719845,0.009999999776482582,-0.04659542441368103,datactrl_ref_vx_fallback,states_vx_gs,0.05999999865889549,states_theta,0.2984972894191742,0.3899933865645624,0.22516287251528327,0.5199932820259855,0.5199890821461809,0.5196977170789668,0.5202846470931995,0.5197295989193792,0.5202527652527872,0.0,0.0,0.0,-0.013297712430357933,-0.023297712206840515,0.0,0.0,0.0,0.0,0.0,0.08060912787914276,0.020609131082892418,0.0,0.0,0.0,0.0
119.215,-0.0366221908479929,0.009999999776482582,-0.04662219062447548,datactrl_ref_vx_fallback,states_vx_gs,0.07000000029802322,states_theta,0.04289178177714348,0.39000463655400125,0.2251692944281238,0.520031649840748,0.5199807143032553,0.5200686736384889,0.5199436905055145,0.5198719643068451,0.5201403998371582,0.0,0.0,0.0,-0.013311095535755157,-0.02331109531223774,0.0,0.0,0.0,0.0,0.0,0.08182665705680847,0.01182665303349495,0.0,0.0,0.0,0.0
119.366,-0.0366221908479929,0.009999999776482582,-0.04662219062447548,datactrl_ref_vx_fallback,states_vx_gs,0.05999999865889549,states_theta,-0.17604854702949524,0.3900271365328789,0.22518231990373647,0.5198868276052965,0.5201855364823805,0.519887314330749,0.520185049756928,0.5198328485216566,0.5202395155660204,0.0,0.0,0.0,-0.013311095535755157,-0.02331109531223774,0.0,0.0,0.0,0.0,0.0,0.08301848918199539,0.02301848866045475,0.0,0.0,0.0,0.0
119.562,-0.03328443318605423,-0.016642216593027115,-0.016642216593027115,datactrl_ref_vx_fallback,datactrl_est_vx_fallback,0.07999999821186066,states_theta,0.15739981830120087,0.39005076151070034,0.22519597880867925,0.520245228125384,0.5198901359031503,0.5201969475767331,0.5199384164518012,0.5203357257040541,0.5197996383244802,0.0,0.0,0.0,-0.016642216593027115,-0.016642216593027115,0.0,0.0,0.0,0.0,0.0,0.07220835238695145,-0.0077916476875543594,0.0,0.0,0.0,0.0
119.744,-0.03331119939684868,-0.01665559969842434,-0.01665559969842434,datactrl_ref_vx_fallback,datactrl_est_vx_fallback,0.04999999701976776,states_theta,-0.14344854652881622,0.38969301185213434,0.2249893730220445,0.5195118837740634,0.5196694811649615,0.5195566325714633,0.5196247323675616,0.5195098064502222,0.5196715584888028,0.0,0.0,0.0,-0.01665559969842434,-0.01665559969842434,0.0,0.0,0.0,0.0,0.0,0.07402093708515167,0.02402094379067421,0.0,0.0,0.0,0.0
119.928,-0.03331119939684868,-0.01665559969842434,-0.01665559969842434,datactrl_ref_vx_fallback,datactrl_est_vx_fallback,0.05999999865889549,states_theta,0.07402665913105011,0.3897110118352365,0.22499977392059778,0.5195086347330667,0.5197207301608971,0.5195854346392478,0.5196439302547161,0.5194831724847938,0.5197461924091701,0.0,0.0,0.0,-0.01665559969842434,-0.01665559969842434,0.0,0.0,0.0,0.0,0.0,0.0757240504026413,0.015724053606390953,0.0,0.0,0.0,0.0
120.125,-0.03331119939684868,-0.01665559969842434,-0.01665559969842434,datactrl_ref_vx_fallback,datactrl_est_vx_fallback,0.07999999821186066,states_theta,0.07402743399143219,0.3901032614614147,0.22522626397299583,0.5199600112712732,0.5203153526258326,0.5200691579237892,0.5202062059733167,0.5199439465300363,0.5203314173670696,0.0,0.0,0.0,-0.01665559969842434,-0.01665559969842434,0.0,0.0,0.0,0.0,0.0,0.07742716372013092,-0.0025728344917297363,0.0,0.0,0.0,0.0
120.311,-0.033338818699121475,-0.016669409349560738,-0.016669409349560738,datactrl_ref_vx_fallback,datactrl_est_vx_fallback,0.08999999612569809,states_theta,-0.046760108321905136,0.3897443868039049,0.22501916637357533,0.5198116243747238,0.5195067404356891,0.5194098409685393,0.5199085238418737,0.5200667834273374,0.5192515813830756,0.0,0.0,0.0,-0.016669409349560738,-0.016669409349560738,0.0,0.0,0.0,0.0,0.0,0.07915753871202469,-0.010842456482350826,0.0,0.0,0.0,0.0
120.482,-0.033338818699121475,-0.016669409349560738,-0.016669409349560738,datactrl_ref_vx_fallback,datactrl_est_vx_fallback,0.07000000029802322,states_theta,0.022867701947689056,0.3897548867940477,0.2250251471379449,0.5198308666062178,0.5195154981779094,0.5194580458895856,0.5198883188945417,0.5198571842062459,0.5194891805778813,0.0,0.0,0.0,-0.016669409349560738,-0.016669409349560738,0.0,0.0,0.0,0.0,0.0,0.08086206018924713,0.010862062685191631,0.0,0.0,0.0,0.0
120.678,-0.033364731818437576,-0.016682365909218788,-0.016682365909218788,datactrl_ref_vx_fallback,datactrl_est_vx_fallback,0.07999999821186066,states_theta,0.03501364216208458,0.389780386770109,0.225039857111737,0.5199003067811034,0.5195140579391873,0.5197605719519328,0.5196537927683579,0.5195011230180514,0.5199132417022393,0.0,0.0,0.0,-0.016682365909218788,-0.016682365909218788,0.0,0.0,0.0,0.0,0.0,0.08259152621030807,0.0025915270671248436,0.0,0.0,0.0,0.0
120.875,-0.02336296997964382,-0.009999999776482582,-0.01336297020316124,datactrl_ref_vx_fallback,states_vx_gs,0.08999999612569809,states_theta,0.03501296788454056,0.3901722613966393,0.2252661246057981,0.5204341319969193,0.5200252317274522,0.5202466883960704,0.5202126753283012,0.5199575187553303,0.5205018449690413,0.0,0.0,0.0,-0.016681484878063202,-0.00668148510158062,0.0,0.0,0.0,0.0,0.0,0.06489496678113937,-0.025105027481913567,0.0,0.0,0.0,0.0
121.062,-0.02336296997964382,-0.009999999776482582,-0.01336297020316124,datactrl_ref_vx_fallback,states_vx_gs,0.08999999612569809,states_theta,-0.06589312851428986,0.38981338673912946,0.22505890421020677,0.519994546763228,0.5195078178744507,0.519826543933926,0.5196758207037526,0.5198401216057571,0.5196622430319215,0.0,0.0,0.0,-0.016681484878063202,-0.00668148510158062,0.0,0.0,0.0,0.0,0.0,0.06557817757129669,-0.0244218148291111,0.0,0.0,0.0,0.0
121.26,-0.016723942011594772,-0.009999999776482582,-0.00672394223511219,datactrl_ref_vx_fallback,states_vx_gs,0.05999999865889549,states_theta,-0.15705862641334534,0.3898310117225836,0.22506909631739636,0.5199106783777603,0.519638686215796,0.5200308638206659,0.5195185007728904,0.51990913330294,0.5196402312906163,0.0,0.0,0.0,-0.013361970894038677,-0.003361971117556095,0.0,0.0,0.0,0.0,0.0,0.059702496975660324,-0.0002975011011585593,0.0,0.0,0.0,0.0
121.472,-0.016723942011594772,-0.009999999776482582,-0.00672394223511219,datactrl_ref_vx_fallback,states_vx_gs,0.029999999329447746,states_theta,-0.09403200447559357,0.3898460117085021,0.2250777988754416,0.5200448415597531,0.5195445229962524,0.5195845666596547,0.5200047978963508,0.5200623851884788,0.5195269793675267,0.0,0.0,0.0,-0.013361970894038677,-0.003361971117556095,0.0,0.0,0.0,0.0,0.0,0.060046274214982986,0.03004627488553524,0.0,0.0,0.0,0.0
121.664,-0.016723942011594772,-0.009999999776482582,-0.00672394223511219,datactrl_ref_vx_fallback,states_vx_gs,0.03999999910593033,states_theta,0.03144995868206024,0.3898621366933642,0.22508702626343863,0.5198076573571541,0.519824707158484,0.519777056236271,0.519855308279367,0.5196474750215839,0.5199848894940541,0.0,0.0,0.0,-0.013361970894038677,-0.003361971117556095,0.0,0.0,0.0,0.0,0.0,0.06039005145430565,0.02039005234837532,0.0,0.0,0.0,0.0
121.862,-6.43506646156311e-05,-0.019999999552965164,0.019935648888349533,datactrl_ref_vx_fallback,states_vx_gs,0.04999999701976776,states_theta,0.08500891178846359,0.3898797616768185,0.22509719526333852,0.5197461255453438,0.519933238926172,0.5198533045452542,0.5198260599262616,0.519745326344544,0.5199340381269719,0.0,0.0,0.0,-0.010032175108790398,0.009967824444174767,0.0,0.0,0.0,0.0,0.0,0.03456626087427139,-0.015433737076818943,0.0,0.0,0.0,0.0
122.054,-9.02228057384491e-05,-0.019999999552965164,0.019909776747226715,datactrl_ref_vx_fallback,states_vx_gs,0.04999999701976776,states_theta,-0.028019078075885773,0.3898940116634409,0.22510542850349302,0.5197026852099903,0.5200146792258521,0.5198920718190405,0.5198252926168019,0.5198020340253195,0.5199153304105228,0.0,0.0,0.0,-0.010045111179351807,0.009954888373613358,0.0,0.0,0.0,0.0,0.0,0.03357256203889847,-0.016427433118224144,0.0,0.0,0.0,0.0
122.244,-9.378045797348022e-05,-0.019999999552965164,0.019906219094991684,datactrl_ref_vx_fallback,states_vx_gs,0.03999999910593033,states_theta,-0.04145530238747597,0.3915267266761111,0.2260480834835051,0.5220749952668862,0.5219962758694101,0.5219377542852225,0.5221335168510738,0.5222072573938848,0.5218640137424114,0.0,0.0,0.0,-0.010046890005469322,0.009953109547495842,0.0,0.0,0.0,0.0,0.0,0.032558053731918335,-0.007441944908350706,0.0,0.0,0.0,0.0
122.452,0.006568454671651125,-0.019999999552965164,0.02656845422461629,datactrl_ref_vx_fallback,states_vx_gs,0.029999999329447746,states_theta,-0.0387689471244812,0.3927429228531041,0.22675024378314704,0.5235948326914336,0.5237196282501774,0.5237445228682625,0.5235699380733485,0.5235600648636827,0.5237543960779283,0.0,0.0,0.0,-0.006715772207826376,0.013284226879477501,0.0,0.0,0.0,0.0,0.0,0.024958480149507523,-0.005041519645601511,0.0,0.0,0.0,0.0
122.637,0.006568454671651125,-0.019999999552965164,0.02656845422461629,datactrl_ref_vx_fallback,states_vx_gs,0.019999999552965164,states_theta,-0.02754524163901806,0.39339061691998617,0.2271241871348985,0.5245190544270522,0.524522590692911,0.524404726621913,0.5246369184980502,0.5245663320165954,0.5244753131033677,0.0,0.0,0.0,-0.006715772207826376,0.013284226879477501,0.0,0.0,0.0,0.0,0.0,0.023600107058882713,0.003600107040256262,0.0,0.0,0.0,0.0
122.845,0.013230695622041821,-0.019999999552965164,0.033230695175006986,datactrl_ref_vx_fallback,states_vx_gs,0.019999999552965164,states_theta,0.001982572255656123,0.39361213217407764,0.2272520715557172,0.5247848126841695,0.5248475397800375,0.5248324668986001,0.524799885565607,0.5247891533426533,0.5248431991215537,0.0,0.0,0.0,-0.003384652314707637,0.01661534793674946,0.0,0.0,0.0,0.0,0.0,0.015659905970096588,-0.004340093582868576,0.0,0.0,0.0,0.0
123.03,0.013227142626419663,-0.019999999552965164,0.03322714217938483,datactrl_ref_vx_fallback,states_vx_gs,0.019999999552965164,states_theta,-0.036100685596466064,0.3932067739153683,0.2270180558018674,0.524223746283904,0.5243276508237448,0.5243904558245868,0.524160941283062,0.524138945512907,0.5244124515947418,0.0,0.0,0.0,-0.0033864283468574286,0.016613570973277092,0.0,0.0,0.0,0.0,0.0,0.01396441925317049,-0.006035580299794674,0.0,0.0,0.0,0.0
123.228,0.01989293431324768,-0.019999999552965164,0.03989293386621284,datactrl_ref_vx_fallback,states_vx_gs,0.009999999776482582,states_theta,-0.021954545751214027,0.3926369166197177,0.226689031075706,0.523504260224409,0.5235275174281716,0.5234674863251056,0.523564291327475,0.5235351750270445,0.5234966026255361,0.0,0.0,0.0,-5.353281812858768e-05,0.019946467131376266,0.0,0.0,0.0,0.0,0.0,0.0056803603656589985,-0.004319639410823584,0.0,0.0,0.0,0.0
123.415,0.01989293431324768,-0.019999999552965164,0.03989293386621284,datactrl_ref_vx_fallback,states_vx_gs,0.009999999776482582,states_theta,-0.024305948987603188,0.39175760104520657,0.22618136088270788,0.5223269439023357,0.5223599922182152,0.5222566396739572,0.5224302964465937,0.5223596505035148,0.522327285617036,0.0,0.0,0.0,-5.353281812858768e-05,0.019946467131376266,0.0,0.0,0.0,0.0,0.0,0.0036407425068318844,-0.006359257269650698,0.0,0.0,0.0,0.0
123.608,0.036551605677232146,-0.029999999329447746,0.06655160500667989,datactrl_ref_vx_fallback,states_vx_gs,-0.024326762184500694,datactrl_est_theta_fallback,-0.04628591239452362,0.39124740692060384,0.22588679932927747,0.5217275432103439,0.5215988752445997,0.5216371065317384,0.5216893119232051,0.5216216332699859,0.5217047851849577,0.0,0.0,0.0,0.0032758039887994528,0.033275801688432693,0.0,0.0,0.0,0.0,0.0,-0.024326762184500694,-0.024326762184500694,0.0,0.0,0.0,0.0
123.732,0.036551605677232146,-0.019999999552965164,0.05655160523019731,datactrl_ref_vx_fallback,states_vx_gs,-0.009999999776482582,states_theta,-0.16149504482746124,0.3909178825207556,0.22569657003547805,0.5212488899954915,0.5211987967265235,0.5213363223021119,0.521111364419903,0.521404005112422,0.5210436816095929,0.0,0.0,0.0,0.0032758039887994528,0.033275801688432693,0.0,0.0,0.0,0.0,0.0,-0.026028065010905266,-0.026028065010905266,0.0,0.0,0.0,0.0
123.785,0.02655517333187163,-0.019999999552965164,0.04655517288483679,datactrl_ref_vx_fallback,states_vx_gs,-0.009999999776482582,states_theta,-0.16149504482746124,0.39058934333009854,0.22550689135195826,0.5208039855935389,0.5207675966200571,0.5209077811808395,0.5206638010327566,0.5209776562366052,0.5205939259769908,0.0,0.0,0.0,0.003277587005868554,0.023277586326003075,0.0,0.0,0.0,0.0,0.0,-0.008485469967126846,0.0015145294601097703,0.0,0.0,0.0,0.0
123.978,0.03321741195395589,-0.019999999552965164,0.05321741150692105,datactrl_ref_vx_fallback,states_vx_gs,-0.029999999329447746,states_theta,0.032013241201639175,0.39013488504251814,0.22524453094694843,0.5201528837586595,0.5202068096880554,0.5201911079827036,0.5201685854640113,0.5198809665232004,0.5204787269235146,0.0,0.0,0.0,0.006608706433326006,0.026608705520629883,0.0,0.0,0.0,0.0,0.0,-0.017447536811232567,0.01255246251821518,0.0,0.0,0.0,0.0
124.181,0.03321741195395589,-0.019999999552965164,0.05321741150692105,datactrl_ref_vx_fallback,states_vx_gs,-0.009999999776482582,states_theta,0.08642743527889252,0.38997522369866694,0.22515231023982266,0.519927430816564,0.5200064990465478,0.519964252806843,0.5199696770562688,0.5198397253341186,0.5200942045289932,0.0,0.0,0.0,0.006608706433326006,0.026608705520629883,0.0,0.0,0.0,0.0,0.0,-0.020168308168649673,-0.010168308392167091,0.0,0.0,0.0,0.0
124.384,0.03987964987754822,-0.019999999552965164,0.05987964943051338,datactrl_ref_vx_fallback,states_vx_gs,-0.009999999776482582,states_theta,-0.08511343598365784,0.3897990056642638,0.2250505819458632,0.5198062993021885,0.519657715802515,0.5196848774901149,0.5197791376145885,0.5199059051703093,0.5195581099343941,0.0,0.0,0.0,0.009939825162291527,0.02993982471525669,0.0,0.0,0.0,0.0,0.0,-0.02947099506855011,-0.019470995292067528,0.0,0.0,0.0,0.0
124.557,0.03987964987754822,-0.019999999552965164,0.05987964943051338,datactrl_ref_vx_fallback,states_vx_gs,-0.029999999329447746,states_theta,-0.024840625002980232,0.3897091745968432,0.2249987033515683,0.519696732928452,0.5195277326631299,0.5195574176292539,0.519667047962328,0.5196514922249404,0.5195729733666414,0.0,0.0,0.0,0.009939825162291527,0.02993982471525669,0.0,0.0,0.0,0.0,0.0,-0.032532479614019394,-0.0025324816815555096,0.0,0.0,0.0,0.0
124.749,0.04654189385473728,-0.019999999552965164,0.06654189340770245,datactrl_ref_vx_fallback,states_vx_gs,-0.019999999552965164,states_theta,0.011459548957645893,0.3894520527887509,0.224850253746262,0.5192003487458647,0.5193384586908043,0.519349318269385,0.519189489167284,0.5192619463122997,0.5192768611243693,0.0,0.0,0.0,0.013270946219563484,0.0332709476351738,0.0,0.0,0.0,0.0,0.0,-0.04217579588294029,-0.022175796329975128,0.0,0.0,0.0,0.0
124.96,0.04654189385473728,-0.019999999552965164,0.06654189340770245,datactrl_ref_vx_fallback,states_vx_gs,-0.03999999910593033,states_theta,-0.1019679382443428,0.3892418923141364,0.2247289187103982,0.5189154921412795,0.5190628873630843,0.5190741431341576,0.5189042363702062,0.5190148966467426,0.5189634828576212,0.0,0.0,0.0,0.013270946219563484,0.0332709476351738,0.0,0.0,0.0,0.0,0.0,-0.04557790234684944,-0.0055779037065804005,0.0,0.0,0.0,0.0
125.132,0.05320413038134575,-0.019999999552965164,0.07320412993431091,datactrl_ref_vx_fallback,states_vx_gs,-0.05999999865889549,states_theta,-0.03412938490509987,0.389514265066856,0.22488616693312782,0.5193168765792525,0.5193878302656968,0.5193685336348499,0.5193361732100994,0.5193755265871753,0.519329180257774,0.0,0.0,0.0,0.016602065414190292,0.03660206496715546,0.0,0.0,0.0,0.0,0.0,-0.05556183680891991,0.0044381627812981606,0.0,0.0,0.0,0.0
125.324,0.05320053920149803,-0.019999999552965164,0.0732005387544632,datactrl_ref_vx_fallback,states_vx_gs,-0.04999999701976776,states_theta,0.008725550025701523,0.3892710803687435,0.22474577368778445,0.5190436954265023,0.5190125188901471,0.5189463975252565,0.5191098167913929,0.5191386845521296,0.5189175297645198,0.0,0.0,0.0,0.016600269824266434,0.0366002693772316,0.0,0.0,0.0,0.0,0.0,-0.05930110812187195,-0.009301112964749336,0.0,0.0,0.0,0.0
125.515,0.04986277408897877,-0.009999999776482582,0.05986277386546135,datactrl_ref_vx_fallback,states_vx_gs,-0.05999999865889549,states_theta,-0.017020761966705322,0.3894775381252328,0.22486496366906283,0.5193287685293031,0.5192779998046511,0.5192553674155078,0.5193514009184463,0.5193348186267615,0.5192719497071927,0.0,0.0,0.0,0.019931387156248093,0.029931386932730675,0.0,0.0,0.0,0.0,0.0,-0.04964543879032135,0.010354560799896717,0.0,0.0,0.0,0.0
125.688,0.04986277408897877,-0.009999999776482582,0.05986277386546135,datactrl_ref_vx_fallback,states_vx_gs,-0.05999999865889549,states_theta,0.005987596698105335,0.38941891534034395,0.22483111766134978,0.5192480517211704,0.5192023891864135,0.5191740882872764,0.5192763526203075,0.5192491615270542,0.5192012793805296,0.0,0.0,0.0,0.019931387156248093,0.029931386932730675,0.0,0.0,0.0,0.0,0.0,-0.05270605906844139,0.00729393819347024,0.0,0.0,0.0,0.0
125.747,0.04986277408897877,-0.009999999776482582,0.05986277386546135,datactrl_ref_vx_fallback,states_vx_gs,-0.05999999865889549,states_theta,0.006002392619848251,0.38931976297513193,0.2247738718797292,0.5191456373894089,0.5190403972109429,0.5190694951928856,0.5191165394074662,0.5190811975778733,0.5191048370224784,0.0,0.0,0.0,0.019931387156248093,0.029931386932730675,0.0,0.0,0.0,0.0,0.0,-0.05423637107014656,0.005763627123087645,0.0,0.0,0.0,0.0
125.902,0.049866365268826485,-0.009999999776482582,0.05986636504530907,datactrl_ref_vx_fallback,states_vx_gs,-0.05999999865889549,states_theta,0.006002225447446108,0.38955471322784174,0.22490951906148976,0.5194185058259583,0.5193940627816197,0.519431020853596,0.5193815477539819,0.5193934033630158,0.5194191652445622,0.0,0.0,0.0,0.01993318274617195,0.029933182522654533,0.0,0.0,0.0,0.0,0.0,-0.0557701401412487,0.004229860380291939,0.0,0.0,0.0,0.0
126.112,0.049866365268826485,-0.009999999776482582,0.05986636504530907,datactrl_ref_vx_fallback,states_vx_gs,-0.05999999865889549,states_theta,-0.03202348202466965,0.3894462006242136,0.22484687287512548,0.5193219014955812,0.5192013001689884,0.5192079705275603,0.5193152311370093,0.5192912712130222,0.5192319304515474,0.0,0.0,0.0,0.01993318274617195,0.029933182522654533,0.0,0.0,0.0,0.0,0.0,-0.05883094295859337,0.001169054419733584,0.0,0.0,0.0,0.0
126.305,0.0565553680062294,-0.009999999776482582,0.06655536778271198,datactrl_ref_vx_fallback,states_vx_gs,-0.07000000029802322,states_theta,-0.033009517937898636,0.38935560050528445,0.22479456592599187,0.519178434031081,0.5191031673163442,0.5191880421276008,0.5190935592198244,0.5192158892102393,0.5190657121371859,0.0,0.0,0.0,0.023277685046195984,0.03327768296003342,0.0,0.0,0.0,0.0,0.0,-0.06850001960992813,0.0014999813865870237,0.0,0.0,0.0,0.0
126.508,0.04655537009239197,0.023277685046195984,0.023277685046195984,datactrl_ref_vx_fallback,datactrl_est_vx_fallback,-0.07000000029802322,states_theta,-0.033012229949235916,0.3896033262352851,0.22493758873586064,0.5194629303865976,0.519479272907496,0.5194450124755288,0.5194971908185648,0.5193971219132916,0.519545081380802,0.0,0.0,0.0,0.023277685046195984,0.023277685046195984,0.0,0.0,0.0,0.0,0.0,-0.05178632214665413,0.018213678151369095,0.0,0.0,0.0,0.0
126.699,0.04655537009239197,0.023277685046195984,0.023277685046195984,datactrl_ref_vx_fallback,datactrl_est_vx_fallback,-0.05999999865889549,states_theta,0.06522143632173538,0.3895432837905086,0.22490292390742952,0.5193835854334654,0.5193985046745575,0.5193241756267207,0.5194579144813022,0.519336827397599,0.5194452627104239,0.0,0.0,0.0,0.023277685046195984,0.023277685046195984,0.0,0.0,0.0,0.0,0.0,-0.05416657403111458,0.005833425093442202,0.0,0.0,0.0,0.0
126.889,0.046582140028476715,0.023291070014238358,0.023291070014238358,datactrl_ref_vx_fallback,datactrl_est_vx_fallback,-0.04999999701976776,states_theta,0.04224437475204468,0.3898841782881708,0.22509974477106282,0.5198245389141787,0.51986660318761,0.5197544749115133,0.5199366671902754,0.5197542627255658,0.5199368793762229,0.0,0.0,0.0,0.023291070014238358,0.023291070014238358,0.0,0.0,0.0,0.0,0.0,-0.056691668927669525,-0.006691670510917902,0.0,0.0,0.0,0.0
127.069,0.046582140028476715,0.023291070014238358,0.023291070014238358,datactrl_ref_vx_fallback,datactrl_est_vx_fallback,-0.04999999701976776,states_theta,0.006257931236177683,0.38982924635835614,0.22506802870206788,0.5197555282759049,0.5197891286797115,0.5198698684101715,0.5196747885454449,0.5198450651417041,0.5196995918139122,0.0,0.0,0.0,0.023291070014238358,0.023291070014238358,0.0,0.0,0.0,0.0,0.0,-0.05907328799366951,-0.0090732891112566,0.0,0.0,0.0,0.0
127.272,0.046582140028476715,0.023291070014238358,0.023291070014238358,datactrl_ref_vx_fallback,datactrl_est_vx_fallback,-0.05999999865889549,states_theta,-0.051654983311891556,0.38977433526906147,0.22503631813687072,0.5196849314006894,0.5197132959834746,0.5197178589411711,0.5196803684429929,0.5197272316957646,0.5196709956883994,0.0,0.0,0.0,0.023291070014238358,0.023291070014238358,0.0,0.0,0.0,0.0,0.0,-0.061454907059669495,-0.0014549070037901402,0.0,0.0,0.0,0.0
127.324,0.046582140028476715,0.023291070014238358,0.023291070014238358,datactrl_ref_vx_fallback,datactrl_est_vx_fallback,-0.05999999865889549,states_theta,0.023307792842388153,0.3897458973293231,0.22501990574656633,0.5196964099406964,0.5196259829374985,0.5195549576436581,0.5197674352345368,0.5196517775045427,0.5196706153736522,0.0,0.0,0.0,0.023291070014238358,0.023291070014238358,0.0,0.0,0.0,0.0,0.0,-0.06264571845531464,-0.0026457165367901325,0.0,0.0,0.0,0.0
127.482,0.046608902513980865,0.023304451256990433,0.023304451256990433,datactrl_ref_vx_fallback,datactrl_est_vx_fallback,-0.05999999865889549,states_theta,-0.01296964380890131,0.38968818442872233,0.22498658073788488,0.5195750019895473,0.5195934898203789,0.5196513922116676,0.5195170995982586,0.5195810914173059,0.5195874003926203,0.0,0.0,0.0,0.023304451256990433,0.023304451256990433,0.0,0.0,0.0,0.0,0.0,-0.06386234611272812,-0.0038623500149697065,0.0,0.0,0.0,0.0
127.663,0.046608902513980865,0.023304451256990433,0.023304451256990433,datactrl_ref_vx_fallback,datactrl_est_vx_fallback,-0.07000000029802322,states_theta,-0.03421016037464142,0.38962959408016995,0.224952752161028,0.5195264742737514,0.5194857766067017,0.5194659904695604,0.5195462604108927,0.5195020077509289,0.5195102431295242,0.0,0.0,0.0,0.023304451256990433,0.023304451256990433,0.0,0.0,0.0,0.0,0.0,-0.06624533236026764,0.0037546642124652863,0.0,0.0,0.0,0.0
127.858,0.046608902513980865,0.023304451256990433,0.023304451256990433,datactrl_ref_vx_fallback,datactrl_est_vx_fallback,-0.07000000029802322,states_theta,0.003979547880589962,0.3899876901599968,0.22515950086607203,0.5200177423941338,0.5199494313658576,0.5199190557186437,0.5200481180413477,0.5199882479240425,0.5199789258359488,0.0,0.0,0.0,0.023304451256990433,0.023304451256990433,0.0,0.0,0.0,0.0,0.0,-0.06862832605838776,0.0013716768007725477,0.0,0.0,0.0,0.0
128.067,0.03663567267358303,0.009999999776482582,0.02663567289710045,datactrl_ref_vx_fallback,states_vx_gs,-0.07000000029802322,states_theta,-0.018880430608987808,0.38952869651679656,0.22489450182019544,0.5193777230842388,0.5193654676272187,0.5194469258519372,0.5192962648595203,0.5194107976093023,0.5193323931021552,0.0,0.0,0.0,0.023317836225032806,0.013317836448550224,0.0,0.0,0.0,0.0,0.0,-0.051739372313022614,0.01826062984764576,0.0,0.0,0.0,0.0
128.239,0.03663567267358303,0.009999999776482582,0.02663567289710045,datactrl_ref_vx_fallback,states_vx_gs,-0.07999999821186066,states_theta,-0.03196076303720474,0.3899028174006716,0.22511050457042528,0.5198773616311206,0.5198634847706703,0.5199710074554168,0.5197698389463742,0.5199353628892863,0.5198054835125047,0.0,0.0,0.0,0.023317836225032806,0.013317836448550224,0.0,0.0,0.0,0.0,0.0,-0.053101181983947754,0.026898818090558052,0.0,0.0,0.0,0.0
128.292,0.03663567267358303,0.009999999776482582,0.02663567289710045,datactrl_ref_vx_fallback,states_vx_gs,-0.07999999821186066,states_theta,-0.006318367086350918,0.38987594249671137,0.22509498380492163,0.5198435406216559,0.5198256393695744,0.5198965427194538,0.5197726372717765,0.5198825625504381,0.5197866174407922,0.0,0.0,0.0,0.023317836225032806,0.013317836448550224,0.0,0.0,0.0,0.0,0.0,-0.053782086819410324,0.026217913255095482,0.0,0.0,0.0,0.0
128.477,0.030000200495123863,0.009999999776482582,0.02000020071864128,datactrl_ref_vx_fallback,states_vx_gs,-0.07000000029802322,states_theta,0.08248521387577057,0.3898446226556379,0.22507690158982646,0.5198108463938292,0.5197748140212052,0.5197194926860246,0.5198661677290098,0.5197602299763163,0.5198254304387181,0.0,0.0,0.0,0.020000100135803223,0.01000010035932064,0.0,0.0,0.0,0.0,0.0,-0.04806027188897133,0.021939728409051895,0.0,0.0,0.0,0.0
128.678,0.030000200495123863,0.009999999776482582,0.02000020071864128,datactrl_ref_vx_fallback,states_vx_gs,-0.05999999865889549,states_theta,-0.011618256568908691,0.38982965034555095,0.22506825590342008,0.5197741398201857,0.5197715944346167,0.5198236876183467,0.5197220466364557,0.5198131896791364,0.5197325445756661,0.0,0.0,0.0,0.020000100135803223,0.01000010035932064,0.0,0.0,0.0,0.0,0.0,-0.04908282682299614,0.010917169973254204,0.0,0.0,0.0,0.0
128.865,0.02000020071864128,0.019999999552965164,2.0116567611694336e-07,datactrl_ref_vx_fallback,states_vx_gs,-0.07000000029802322,states_theta,-0.002173569519072771,0.3897608347289927,0.22502852339585128,0.5196921322361456,0.5196700937078349,0.5196541221351473,0.5197081038088333,0.5196926057703858,0.5196696201735947,0.0,0.0,0.0,0.020000100135803223,1.0058283805847168e-07,0.0,0.0,0.0,0.0,0.0,-0.030755801126360893,0.03924419730901718,0.0,0.0,0.0,0.0
129.057,0.02002696320414543,0.019999999552965164,2.6963651180267334e-05,datactrl_ref_vx_fallback,states_vx_gs,-0.04999999701976776,states_theta,0.08581250160932541,0.3897448042518715,0.22501926828585941,0.5196812957335921,0.5196381822713987,0.5196425295590219,0.5196769484459689,0.5196793260004311,0.5196401520045597,0.0,0.0,0.0,0.020013481378555298,1.3481825590133667e-05,0.0,0.0,0.0,0.0,0.0,-0.030781636014580727,0.019218361005187035,0.0,0.0,0.0,0.0
129.254,0.013364728540182114,0.019999999552965164,-0.0066352710127830505,datactrl_ref_vx_fallback,states_vx_gs,-0.03999999910593033,states_theta,0.03015584498643875,0.38970134213927055,0.22499417498027466,0.5195974837148611,0.5196060953231936,0.5196062795271537,0.5195972995109011,0.5195842399893427,0.519619339048712,0.0,0.0,0.0,0.01668236404657364,-0.0033176355063915253,0.0,0.0,0.0,0.0,0.0,-0.02418416179716587,0.015815837308764458,0.0,0.0,0.0,0.0
129.434,0.013364728540182114,0.019999999552965164,-0.0066352710127830505,datactrl_ref_vx_fallback,states_vx_gs,-0.03999999910593033,states_theta,0.032061368227005005,0.38969809602042293,0.22499230338482734,0.5196279001002854,0.5195670226208425,0.519539135857773,0.5196557868633549,0.519622200046036,0.5195727226750919,0.0,0.0,0.0,0.01668236404657364,-0.0033176355063915253,0.0,0.0,0.0,0.0,0.0,-0.023844918236136436,0.016155080869793892,0.0,0.0,0.0,0.0
129.635,0.006729256361722946,0.019999999552965164,-0.013270743191242218,datactrl_ref_vx_fallback,states_vx_gs,-0.029999999329447746,states_theta,-0.002515478292480111,0.3896944449223903,0.22499019421966224,0.5196120647774047,0.5195731216823027,0.5195881455221368,0.5195970409375706,0.519641343500484,0.5195438429592235,0.0,0.0,0.0,0.013364627957344055,-0.006635371595621109,0.0,0.0,0.0,0.0,0.0,-0.016932643949985504,0.013067354448139668,0.0,0.0,0.0,0.0
129.715,0.006729256361722946,0.019999999552965164,-0.013270743191242218,datactrl_ref_vx_fallback,states_vx_gs,-0.029999999329447746,states_theta,-0.001976639498025179,0.39003055107874507,0.22518424427096595,0.5200615130474978,0.5200199564958224,0.5200281359939062,0.5200533335494141,0.5200634216010366,0.5200180479422837,0.0,0.0,0.0,0.013364627957344055,-0.006635371595621109,0.0,0.0,0.0,0.0,0.0,-0.01659339666366577,0.01340660359710455,0.0,0.0,0.0,0.0
129.792,0.006729256361722946,0.019999999552965164,-0.013270743191242218,datactrl_ref_vx_fallback,states_vx_gs,-0.029999999329447746,states_theta,0.015751520171761513,0.39003055107874507,0.22518424427096595,0.5200615130474978,0.5200199564958224,0.5200281359939062,0.5200533335494141,0.5200634216010366,0.5200180479422837,0.0,0.0,0.0,0.013364627957344055,-0.006635371595621109,0.0,0.0,0.0,0.0,0.0,-0.01625414751470089,0.013745851814746857,0.0,0.0,0.0,0.0
129.99,6.701424717903137e-05,0.019999999552965164,-0.019932985305786133,datactrl_ref_vx_fallback,states_vx_gs,-0.029999999329447746,states_theta,0.02002963423728943,0.38964017765092196,0.2249588652386886,0.5195499544412988,0.5194905192944931,0.519443342120237,0.5195971316155549,0.5195162971441197,0.5195241765916722,0.0,0.0,0.0,0.010033506900072098,-0.009966492652893066,0.0,0.0,0.0,0.0,0.0,-0.00914710108190775,0.02085289917886257,0.0,0.0,0.0,0.0
130.192,-0.00993298552930355,0.029999999329447746,-0.0399329848587513,datactrl_ref_vx_fallback,states_vx_gs,-0.019999999552965164,states_theta,0.061103709042072296,0.39001352902620634,0.22517441599376756,0.5200192745248118,0.5200168028784051,0.5200236966397501,0.5200123807634668,0.5200152643614134,0.5200208130418035,0.0,0.0,0.0,0.010033506900072098,-0.01996649242937565,0.0,0.0,0.0,0.0,0.0,0.011579493060708046,0.03157949447631836,0.0,0.0,0.0,0.0
130.384,-0.016568454448133707,0.029999999329447746,-0.04656845377758145,datactrl_ref_vx_fallback,states_vx_gs,-0.009999999776482582,states_theta,0.06407091021537781,0.37655246527141,0.21740266794982202,0.5020837076900444,0.5020561997003823,0.5020378921911741,0.5021020151992526,0.5020596069750967,0.50208030041533,0.0,0.0,0.0,0.006715772207826376,-0.023284226655960083,0.0,0.0,0.0,0.0,0.0,0.02019418589770794,0.03019418567419052,0.0,0.0,0.0,0.0
130.552,-0.016568454448133707,0.029999999329447746,-0.04656845377758145,datactrl_ref_vx_fallback,states_vx_gs,0.022575104609131813,datactrl_est_theta_fallback,0.06707262992858887,0.3718022968699063,0.2146601568901535,0.4957511408592523,0.4957216507938311,0.4957055712007284,0.49576722045235505,0.4957295744993557,0.49574321715372777,0.0,0.0,0.0,0.006715772207826376,-0.023284226655960083,0.0,0.0,0.0,0.0,0.0,0.022575104609131813,0.022575104609131813,0.0,0.0,0.0,0.0
130.741,-0.023230695398524404,0.029999999329447746,-0.05323069472797215,datactrl_ref_vx_fallback,states_vx_gs,0.009999999776482582,states_theta,0.038057565689086914,0.36613314806609987,0.2113870717558463,0.48816916561297624,0.48818589589662337,0.4881886169099622,0.48816644459963743,0.48818640637749255,0.48816865513210705,0.0,0.0,0.0,0.003384652314707637,-0.02661534771323204,0.0,0.0,0.0,0.0,0.0,0.03155488148331642,0.02155488356947899,0.0,0.0,0.0,0.0
130.838,-0.023230695398524404,0.029999999329447746,-0.05323069472797215,datactrl_ref_vx_fallback,states_vx_gs,0.009999999776482582,states_theta,0.10528035461902618,0.36457880747254434,0.2104896763268115,0.48609748474977643,0.48611266851034174,0.486049261567793,0.4861608916923252,0.48604990807964327,0.4861602451804749,0.0,0.0,0.0,0.003384652314707637,-0.02661534771323204,0.0,0.0,0.0,0.0,0.0,0.03291565552353859,0.022915653884410858,0.0,0.0,0.0,0.0
130.889,-0.023230695398524404,0.029999999329447746,-0.05323069472797215,datactrl_ref_vx_fallback,states_vx_gs,0.009999999776482582,states_theta,0.10528035461902618,0.36363662553202314,0.20994570501411441,0.48486670537497756,0.4848309627104175,0.484805395390505,0.48489227269489005,0.4848385982847668,0.48485906980062826,0.0,0.0,0.0,0.003384652314707637,-0.02661534771323204,0.0,0.0,0.0,0.0,0.0,0.03291565552353859,0.022915653884410858,0.0,0.0,0.0,0.0
130.944,-0.023230695398524404,0.029999999329447746,-0.05323069472797215,datactrl_ref_vx_fallback,states_vx_gs,0.019999999552965164,states_theta,0.055032070726156235,0.36363662553202314,0.20994570501411441,0.48486670537497756,0.4848309627104175,0.484805395390505,0.48489227269489005,0.4848385982847668,0.48485906980062826,0.0,0.0,0.0,0.003384652314707637,-0.02661534771323204,0.0,0.0,0.0,0.0,0.0,0.03427642583847046,0.01427642535418272,0.0,0.0,0.0,0.0
131.039,-0.01989293431324768,0.019999999552965164,-0.03989293386621284,datactrl_ref_vx_fallback,states_vx_gs,0.029999999329447746,states_theta,0.026567526161670685,0.36332314609022787,0.20976472027564338,0.48444899072367464,0.4844127321835996,0.4843682533970992,0.484493469510175,0.48437992716527456,0.4844817957419997,0.0,0.0,0.0,5.353281812858768e-05,-0.019946467131376266,0.0,0.0,0.0,0.0,0.0,0.022716159000992775,-0.007283840328454971,0.0,0.0,0.0,0.0
131.118,-0.01989293431324768,5.353281812858768e-05,-0.019946467131376266,datactrl_ref_vx_fallback,datactrl_est_vx_fallback,0.029999999329447746,states_theta,0.022019173949956894,0.32491087974727084,0.18758741812639879,0.4332072465644829,0.4332217660949061,0.43308198708052414,0.43334702557886484,0.4330307336516007,0.43339827900778827,0.0,0.0,0.0,5.353281812858768e-05,-0.019946467131376266,0.0,0.0,0.0,0.0,0.0,0.022716159000992775,-0.007283840328454971,0.0,0.0,0.0,0.0
131.22,0.00010706563625717536,5.353281812858768e-05,5.353281812858768e-05,datactrl_ref_vx_fallback,datactrl_est_vx_fallback,0.029999999329447746,states_theta,0.0220075324177742,0.2974212277414461,0.17171626381862093,0.396555491066263,0.39656778291092665,0.39642713097891186,0.39669614299827777,0.39637735090565945,0.39674592307153017,0.0,0.0,0.0,5.353281812858768e-05,5.353281812858768e-05,0.0,0.0,0.0,0.0,0.0,-0.015272698365151882,-0.045272696763277054,0.0,0.0,0.0,0.0
131.323,0.00010706563625717536,5.353281812858768e-05,5.353281812858768e-05,datactrl_ref_vx_fallback,datactrl_est_vx_fallback,0.029999999329447746,states_theta,-0.03860451653599739,0.2783419816387296,0.16070083294831466,0.37111876000994004,0.3711265243600056,0.3710349616040699,0.37121032276587573,0.3710154908600012,0.37122979350994445,0.0,0.0,0.0,5.353281812858768e-05,5.353281812858768e-05,0.0,0.0,0.0,0.0,0.0,-0.015274887904524803,-0.04527488723397255,0.0,0.0,0.0,0.0
131.373,0.00010706563625717536,5.353281812858768e-05,5.353281812858768e-05,datactrl_ref_vx_fallback,datactrl_est_vx_fallback,0.029999999329447746,states_theta,-0.03860451653599739,0.2741494844300152,0.1582802888876183,0.36553162034025977,0.365533671473114,0.3656192927036872,0.36544599910968656,0.3656066392503534,0.36545865256302035,0.0,0.0,0.0,5.353281812858768e-05,5.353281812858768e-05,0.0,0.0,0.0,0.0,0.0,-0.015274887904524803,-0.04527488723397255,0.0,0.0,0.0,0.0
131.432,0.00010706563625717536,5.353281812858768e-05,5.353281812858768e-05,datactrl_ref_vx_fallback,datactrl_est_vx_fallback,0.009999999776482582,states_theta,-0.1562977433204651,0.2741494844300152,0.1582802888876183,0.36553162034025977,0.365533671473114,0.3656192927036872,0.36544599910968656,0.3656066392503534,0.36545865256302035,0.0,0.0,0.0,5.353281812858768e-05,5.353281812858768e-05,0.0,0.0,0.0,0.0,0.0,-0.015274887904524803,-0.025274887681007385,0.0,0.0,0.0,0.0
131.529,0.00010706563625717536,5.353281812858768e-05,5.353281812858768e-05,datactrl_ref_vx_fallback,datactrl_est_vx_fallback,-0.015274887904524803,datactrl_est_theta_fallback,-0.11488930881023407,0.2500039879796505,0.14433989156262125,0.33338495289733855,0.33329234838172955,0.33331825826047895,0.33335904301858915,0.3334890429593121,0.333188258319756,0.0,0.0,0.0,5.353281812858768e-05,5.353281812858768e-05,0.0,0.0,0.0,0.0,0.0,-0.015274887904524803,-0.015274887904524803,0.0,0.0,0.0,0.0
131.622,0.00010706563625717536,5.353281812858768e-05,5.353281812858768e-05,datactrl_ref_vx_fallback,datactrl_est_vx_fallback,-0.015274887904524803,datactrl_est_theta_fallback,-0.11206505447626114,0.2158789920253158,0.12463781908813414,0.28788461989106573,0.2877926921764431,0.2878140003934828,0.287863311674026,0.2879874415188014,0.2876898705487074,0.0,0.0,0.0,5.353281812858768e-05,5.353281812858768e-05,0.0,0.0,0.0,0.0,0.0,-0.015274887904524803,-0.015274887904524803,0.0,0.0,0.0,0.0
131.732,0.00010706563625717536,5.353281812858768e-05,5.353281812858768e-05,datactrl_ref_vx_fallback,datactrl_est_vx_fallback,-0.009999999776482582,states_theta,-0.1120411828160286,0.19075399586981542,0.11013192443857715,0.2544086164246811,0.2542687058948267,0.25431396571253917,0.2543633566069686,0.25454286246137536,0.25413445985813243,0.0,0.0,0.0,5.353281812858768e-05,5.353281812858768e-05,0.0,0.0,0.0,0.0,0.0,-0.015274887904524803,-0.005274888593703508,0.0,0.0,0.0,0.0
131.829,0.00010706563625717536,5.353281812858768e-05,5.353281812858768e-05,datactrl_ref_vx_fallback,datactrl_est_vx_fallback,-0.019999999552965164,states_theta,-0.08856868743896484,0.17912899885377292,0.10342022206146158,0.2389068722695265,0.2387704580072013,0.2388412554986561,0.23883607477807173,0.23902221959551667,0.23865511068121115,0.0,0.0,0.0,5.353281812858768e-05,5.353281812858768e-05,0.0,0.0,0.0,0.0,0.0,-0.015274887904524803,0.004725111182779074,0.0,0.0,0.0,0.0
131.929,0.00010706563625717536,5.353281812858768e-05,5.353281812858768e-05,datactrl_ref_vx_fallback,datactrl_est_vx_fallback,-0.029999999329447746,states_theta,-0.043189387768507004,0.15250400259210173,0.08804825378701667,0.20340044890690223,0.20327689133870241,0.20336621872250454,0.2033111215231001,0.20345837286170804,0.2032189673838966,0.0,0.0,0.0,5.353281812858768e-05,5.353281812858768e-05,0.0,0.0,0.0,0.0,0.0,-0.015274887904524803,0.014725111424922943,0.0,0.0,0.0,0.0
132.034,0.00010706563625717536,5.353281812858768e-05,5.353281812858768e-05,datactrl_ref_vx_fallback,datactrl_est_vx_fallback,-0.029999999329447746,states_theta,-0.033035553991794586,0.12887900626337534,0.07440835289566561,0.1719012314887588,0.17177611854690877,0.1718672606441352,0.17181008939153236,0.1719362363832715,0.17174111365239608,0.0,0.0,0.0,5.353281812858768e-05,5.353281812858768e-05,0.0,0.0,0.0,0.0,0.0,-0.015274887904524803,0.014725111424922943,0.0,0.0,0.0,0.0
132.089,0.00010706563625717536,5.353281812858768e-05,5.353281812858768e-05,datactrl_ref_vx_fallback,datactrl_est_vx_fallback,-0.029999999329447746,states_theta,-0.033035553991794586,0.10675400976142292,0.061634485178531526,0.14240113003311303,0.14227622933068143,0.1423670757092398,0.14231028365455467,0.14243638495529243,0.14224097440850203,0.0,0.0,0.0,5.353281812858768e-05,5.353281812858768e-05,0.0,0.0,0.0,0.0,0.0,-0.015274887904524803,0.014725111424922943,0.0,0.0,0.0,0.0
132.144,0.00010706563625717536,5.353281812858768e-05,5.353281812858768e-05,datactrl_ref_vx_fallback,datactrl_est_vx_fallback,-0.029999999329447746,states_theta,-0.03301357105374336,0.10675400976142292,0.061634485178531526,0.14240113003311303,0.14227622933068143,0.1423670757092398,0.14231028365455467,0.14243638495529243,0.14224097440850203,0.0,0.0,0.0,5.353281812858768e-05,5.353281812858768e-05,0.0,0.0,0.0,0.0,0.0,-0.015274887904524803,0.014725111424922943,0.0,0.0,0.0,0.0
132.236,0.00010706563625717536,5.353281812858768e-05,5.353281812858768e-05,datactrl_ref_vx_fallback,datactrl_est_vx_fallback,-0.03999999910593033,states_theta,-0.03301222249865532,0.08575401330417401,0.04951016017246847,0.11440113690870385,0.11427623190242683,0.1143947931937939,0.11428257561733678,0.11446409973981038,0.1142132690713203,0.0,0.0,0.0,5.353281812858768e-05,5.353281812858768e-05,0.0,0.0,0.0,0.0,0.0,-0.015274887904524803,0.024725111201405525,0.0,0.0,0.0,0.0
132.334,0.00010706563625717536,5.353281812858768e-05,5.353281812858768e-05,datactrl_ref_vx_fallback,datactrl_est_vx_fallback,-0.03999999910593033,states_theta,-0.033012229949235916,0.06325401688045268,0.03651980163624372,0.0844011416986741,0.08427623664919973,0.08439479799947244,0.08428258034840139,0.08446410448700598,0.08421327386086785,0.0,0.0,0.0,5.353281812858768e-05,5.353281812858768e-05,0.0,0.0,0.0,0.0,0.0,-0.015274887904524803,0.024725111201405525,0.0,0.0,0.0,0.0
132.429,0.00010706563625717536,5.353281812858768e-05,5.353281812858768e-05,datactrl_ref_vx_fallback,datactrl_est_vx_fallback,-0.03999999910593033,states_theta,-0.033012229949235916,0.04075401598638301,0.02352946310591282,0.0544011405065812,0.054276235457106824,0.05439479680737954,0.054282579156308484,0.05446410329491307,0.05421327266877495,0.0,0.0,0.0,5.353281812858768e-05,5.353281812858768e-05,0.0,0.0,0.0,0.0,0.0,-0.015274887904524803,0.024725111201405525,0.0,0.0,0.0,0.0
132.533,0.00010706563625717536,5.353281812858768e-05,5.353281812858768e-05,datactrl_ref_vx_fallback,datactrl_est_vx_fallback,-0.04999999701976776,states_theta,-0.033012229949235916,0.017879015100695242,0.0103228704329343,0.023901139325664175,0.023776234276189804,0.023922508435563806,0.023754865166290173,0.02399181492309734,0.02368555867875664,0.0,0.0,0.0,5.353281812858768e-05,5.353281812858768e-05,0.0,0.0,0.0,0.0,0.0,-0.015274887904524803,0.03472510725259781,0.0,0.0,0.0,0.0
132.636,0.00010706563625717536,5.353281812858768e-05,5.353281812858768e-05,datactrl_ref_vx_fallback,datactrl_est_vx_fallback,-0.04999999701976776,states_theta,-0.033012229949235916,3.742528519304378e-05,5.381611085958411e-05,6.245252473718715e-05,0.0,8.382163463681539e-05,0.0,0.00015312812217034767,0.0,0.0,0.0,0.0,5.353281812858768e-05,5.353281812858768e-05,0.0,0.0,0.0,0.0,0.0,-0.015274887904524803,0.03472510725259781,0.0,0.0,0.0,0.0
132.734,0.00010706563625717536,5.353281812858768e-05,5.353281812858768e-05,datactrl_ref_vx_fallback,datactrl_est_vx_fallback,-0.04999999701976776,states_theta,-0.033012229949235916,3.742528519304378e-05,5.381611085958411e-05,6.245252473718715e-05,0.0,8.382163463681539e-05,0.0,0.00015312812217034767,0.0,0.0,0.0,0.0,5.353281812858768e-05,5.353281812858768e-05,0.0,0.0,0.0,0.0,0.0,-0.015274887904524803,0.03472510725259781,0.0,0.0,0.0,0.0
132.817,0.0,0.0,0.0,datactrl_ref_vx_fallback,datactrl_est_vx_fallback,-0.05999999865889549,states_theta,-0.033012229949235916,4.3895317060805954e-05,6.385379530147507e-05,6.193643186105177e-05,0.0,0.00011018300087429633,0.0,0.00017904310375109955,0.0,0.0,0.0,0.0,0.0,0.0,0.0,0.0,0.0,0.0,0.0,0.0,0.05999999865889549,0.0,0.0,0.0,0.0
132.903,0.0,0.0,0.0,datactrl_ref_vx_fallback,datactrl_est_vx_fallback,-0.05999999865889549,states_theta,-0.033012229949235916,3.955698873161171e-05,5.752299312925415e-05,5.704967423641663e-05,0.0,9.738642011454044e-05,0.0,0.00016201981550193663,0.0,0.0,0.0,0.0,0.0,0.0,0.0,0.0,0.0,0.0,0.0,0.0,0.05999999865889549,0.0,0.0,0.0,0.0
132.995,0.0,0.0,0.0,datactrl_ref_vx_fallback,datactrl_est_vx_fallback,-0.05999999865889549,states_theta,-0.033012229949235916,3.5631506927614006e-05,5.180758962150001e-05,5.262795308475472e-05,0.0,8.580759502014316e-05,0.0,0.0001466165073160142,0.0,0.0,0.0,0.0,0.0,0.0,0.0,0.0,0.0,0.0,0.0,0.0,0.05999999865889549,0.0,0.0,0.0,0.0
133.099,0.0,0.0,0.0,datactrl_ref_vx_fallback,datactrl_est_vx_fallback,-0.07000000029802322,states_theta,-0.033012229949235916,3.2079584107554224e-05,4.6650584102670246e-05,4.862701433462871e-05,0.0,7.533064081788782e-05,0.0,0.0001326790177079173,0.0,0.0,0.0,0.0,0.0,0.0,0.0,0.0,0.0,0.0,0.0,0.0,0.07000000029802322,0.0,0.0,0.0,0.0
133.199,0.0,0.0,0.0,datactrl_ref_vx_fallback,datactrl_est_vx_fallback,-0.07000000029802322,states_theta,-0.033012229949235916,2.886567143398805e-05,4.200059856847259e-05,4.5006815246244355e-05,0.0,6.585070062863729e-05,0.0,0.00012006785559702273,0.0,0.0,0.0,0.0,0.0,0.0,0.0,0.0,0.0,0.0,0.0,0.0,0.07000000029802322,0.0,0.0,0.0,0.0
133.311,0.0,0.0,0.0,datactrl_ref_vx_fallback,datactrl_est_vx_fallback,-0.07000000029802322,states_theta,-0.033012229949235916,2.5957602988645115e-05,3.781136598832438e-05,4.1731123650334225e-05,0.0,5.727289602465973e-05,0.0,0.00010865680423416696,0.0,0.0,0.0,0.0,0.0,0.0,0.0,0.0,0.0,0.0,0.0,0.0,0.07000000029802322,0.0,0.0,0.0,0.0
133.408,0.0,0.0,0.0,datactrl_ref_vx_fallback,datactrl_est_vx_fallback,-0.07999999821186066,states_theta,-0.033012229949235916,2.3326273845088922e-05,3.404126793114906e-05,3.876715532440853e-05,0.0,4.951137745437899e-05,0.0,9.833165798192386e-05,0.0,0.0,0.0,0.0,0.0,0.0,0.0,0.0,0.0,0.0,0.0,0.0,0.07999999821186066,0.0,0.0,0.0,0.0
133.506,0.0,0.0,0.0,datactrl_ref_vx_fallback,datactrl_est_vx_fallback,-0.07999999821186066,states_theta,-0.033012229949235916,2.094534877682026e-05,3.065291540665858e-05,3.608524587722572e-05,0.0,4.248846503117703e-05,0.0,8.898907930615933e-05,0.0,0.0,0.0,0.0,0.0,0.0,0.0,0.0,0.0,0.0,0.0,0.0,0.07999999821186066,0.0,0.0,0.0,0.0
133.596,0.0,0.0,0.0,datactrl_ref_vx_fallback,datactrl_est_vx_fallback,-0.07999999821186066,states_theta,-0.033012229949235916,1.879099868552105e-05,2.761276650033612e-05,3.365855385764197e-05,0.0,3.613387108710407e-05,0.0,8.053556453942237e-05,0.0,0.0,0.0,0.0,0.0,0.0,0.0,0.0,0.0,0.0,0.0,0.0,0.07999999821186066,0.0,0.0,0.0,0.0
133.68,0.0,0.0,0.0,datactrl_ref_vx_fallback,datactrl_est_vx_fallback,-0.08999999612569809,states_theta,-0.033012229949235916,1.6841662111364163e-05,2.4890773743216966e-05,3.1462792116273125e-05,0.0,3.038399671008164e-05,0.0,7.288650806455853e-05,0.0,0.0,0.0,0.0,0.0,0.0,0.0,0.0,0.0,0.0,0.0,0.0,0.08999999612569809,0.0,0.0,0.0,0.0
133.775,0.0,0.0,0.0,datactrl_ref_vx_fallback,datactrl_est_vx_fallback,-0.08999999612569809,states_theta,-0.033012229949235916,1.5077829438720818e-05,2.2460053188155064e-05,2.947598473159062e-05,0.0,2.5181295224745053e-05,0.0,6.596535555343086e-05,0.0,0.0,0.0,0.0,0.0,0.0,0.0,0.0,0.0,0.0,0.0,0.0,0.08999999612569809,0.0,0.0,0.0,0.0
133.872,0.0,0.0,0.0,datactrl_ref_vx_fallback,datactrl_est_vx_fallback,-0.08999999612569809,states_theta,-0.033012229949235916,1.3481847637358598e-05,2.029656594290696e-05,2.767824706749956e-05,0.0,2.0473696245940806e-05,0.0,5.970283778542842e-05,0.0,0.0,0.0,0.0,0.0,0.0,0.0,0.0,0.0,0.0,0.0,0.0,0.08999999612569809,0.0,0.0,0.0,0.0
133.964,0.0,0.0,0.0,datactrl_ref_vx_fallback,datactrl_est_vx_fallback,-0.09999999403953552,states_theta,-0.033012229949235916,1.203774358497526e-05,1.837880170938257e-05,2.605158676121023e-05,0.0,1.621408454079209e-05,0.0,5.4036277377799775e-05,0.0,0.0,0.0,0.0,0.0,0.0,0.0,0.0,0.0,0.0,0.0,0.0,0.09999999403953552,0.0,0.0,0.0,0.0
134.065,0.0,0.0,0.0,datactrl_ref_vx_fallback,datactrl_est_vx_fallback,-0.09999999403953552,states_theta,-0.033012229949235916,1.0731064202847577e-05,1.668745328611414e-05,2.4579723649652702e-05,0.0,1.2359828483687603e-05,0.0,4.8908961489440305e-05,0.0,0.0,0.0,0.0,0.0,0.0,0.0,0.0,0.0,0.0,0.0,0.0,0.09999999403953552,0.0,0.0,0.0,0.0
134.165,0.0,0.0,0.0,datactrl_ref_vx_fallback,datactrl_est_vx_fallback,-0.09999999403953552,states_theta,-0.033012229949235916,9.548731804522234e-06,1.520507203844257e-05,2.3247926832088504e-05,0.0,8.872353384527415e-06,0.0,4.4269574219561954e-05,0.0,0.0,0.0,0.0,0.0,0.0,0.0,0.0,0.0,0.0,0.0,0.0,0.09999999403953552,0.0,0.0,0.0,0.0
134.269,0.0,0.0,0.0,datactrl_ref_vx_fallback,datactrl_est_vx_fallback,-0.10999999940395355,states_theta,-0.033012229949235916,8.478913209961168e-06,1.3915698486705485e-05,2.2042867238335087e-05,0.0,5.716755420338318e-06,0.0,4.0071683021015936e-05,0.0,0.0,0.0,0.0,0.0,0.0,0.0,0.0,0.0,0.0,0.0,0.0,0.10999999940395355,0.0,0.0,0.0,0.0
134.368,0.0,0.0,0.0,datactrl_ref_vx_fallback,datactrl_est_vx_fallback,-0.10999999940395355,states_theta,-0.033012229949235916,7.4193182095792305e-06,1.2702596992331354e-05,2.084932365328711e-05,0.0,2.591313552839229e-06,0.0,3.59139084705075e-05,0.0,0.0,0.0,0.0,0.0,0.0,0.0,0.0,0.0,0.0,0.0,0.0,0.10999999940395355,0.0,0.0,0.0,0.0
134.473,0.0,0.0,0.0,datactrl_ref_vx_fallback,datactrl_est_vx_fallback,-0.10999999940395355,states_theta,-0.033012229949235916,6.552140110782095e-06,1.1770990221146868e-05,1.9872521331135395e-05,0.0,3.343555645205194e-08,0.0,3.2511163998669314e-05,0.0,0.0,0.0,0.0,0.0,0.0,0.0,0.0,0.0,0.0,0.0,0.0,0.10999999940395355,0.0,0.0,0.0,0.0
134.564,0.0,0.0,0.0,datactrl_ref_vx_fallback,datactrl_est_vx_fallback,-0.11999999731779099,states_theta,-0.033012229949235916,6.337741960251626e-06,1.0669427195668687e-05,1.8988674040028028e-05,0.0,0.0,2.2810281654501292e-06,2.9432233476534844e-05,0.0,0.0,0.0,0.0,0.0,0.0,0.0,0.0,0.0,0.0,0.0,0.0,0.11999999731779099,0.0,0.0,0.0,0.0
134.665,0.0,0.0,0.0,datactrl_ref_vx_fallback,datactrl_est_vx_fallback,-0.11999999731779099,states_theta,-0.033012229949235916,6.151309926935795e-06,9.729443877412748e-06,1.8188935939200832e-05,0.0,0.0,4.375241543723242e-06,2.6646301932562284e-05,0.0,0.0,0.0,0.0,0.0,0.0,0.0,0.0,0.0,0.0,0.0,0.0,0.11999999731779099,0.0,0.0,0.0,0.0
134.765,0.0,0.0,0.0,datactrl_ref_vx_fallback,datactrl_est_vx_fallback,-0.11999999731779099,states_theta,-0.033012229949235916,5.982619247271894e-06,8.944670320454111e-06,1.746530298094676e-05,0.0,0.0,6.270164169727367e-06,2.4125486827501024e-05,0.0,0.0,0.0,0.0,0.0,0.0,0.0,0.0,0.0,0.0,0.0,0.0,0.11999999731779099,0.0,0.0,0.0,0.0
134.864,0.0,0.0,0.0,datactrl_ref_vx_fallback,datactrl_est_vx_fallback,-0.12999999523162842,states_theta,-0.033012229949235916,5.829981608238065e-06,8.303807076782917e-06,1.6810532803394364e-05,0.0,0.0,7.98476106601901e-06,2.1844558996491144e-05,0.0,0.0,0.0,0.0,0.0,0.0,0.0,0.0,0.0,0.0,0.0,0.0,0.12999999523162842,0.0,0.0,0.0,0.0
134.965,0.0,0.0,0.0,datactrl_ref_vx_fallback,datactrl_est_vx_fallback,-0.12999999523162842,states_theta,-0.033012229949235916,5.691869361039578e-06,7.794721954638155e-06,1.6218072246530853e-05,0.0,0.0,9.53619249463216e-06,1.9780690147153615e-05,0.0,0.0,0.0,0.0,0.0,0.0,0.0,0.0,0.0,0.0,0.0,0.0,0.12999999523162842,0.0,0.0,0.0,0.0
135.065,0.0,0.0,0.0,datactrl_ref_vx_fallback,datactrl_est_vx_fallback,-0.12999999523162842,states_theta,-0.033012229949235916,5.566900231885345e-06,7.40412668133679e-06,1.568199176597028e-05,0.0,0.0,1.0939985702758446e-05,1.7913224386354034e-05,0.0,0.0,0.0,0.0,0.0,0.0,0.0,0.0,0.0,0.0,0.0,0.0,0.12999999523162842,0.0,0.0,0.0,0.0
135.165,0.0,0.0,0.0,datactrl_ref_vx_fallback,datactrl_est_vx_fallback,-0.14000000059604645,states_theta,-0.033012229949235916,5.453823487726727e-06,7.117608555244628e-06,1.5196926088078233e-05,0.0,0.0,1.221019032466146e-05,1.622347148907412e-05,0.0,0.0,0.0,0.0,0.0,0.0,0.0,0.0,0.0,0.0,0.0,0.0,0.14000000059604645,0.0,0.0,0.0,0.0
135.27,0.0,0.0,0.0,datactrl_ref_vx_fallback,datactrl_est_vx_fallback,-0.14000000059604645,states_theta,-0.033012229949235916,5.351507418502807e-06,6.920041341693816e-06,1.4758020512518586e-05,0.0,0.0,1.335951899511613e-05,1.4694519840387743e-05,0.0,0.0,0.0,0.0,0.0,0.0,0.0,0.0,0.0,0.0,0.0,0.0,0.14000000059604645,0.0,0.0,0.0,0.0
135.365,0.0,0.0,0.0,datactrl_ref_vx_fallback,datactrl_est_vx_fallback,-0.14000000059604645,states_theta,-0.033012229949235916,5.258928010602641e-06,6.796264858692795e-06,1.4360882324767571e-05,0.0,0.0,1.4399474581765143e-05,1.3311067178288416e-05,0.0,0.0,0.0,0.0,0.0,0.0,0.0,0.0,0.0,0.0,0.0,0.0,0.14000000059604645,0.0,0.0,0.0,0.0
135.465,0.0,0.0,0.0,datactrl_ref_vx_fallback,datactrl_est_vx_fallback,-0.14999999105930328,states_theta,-0.033012229949235916,5.17515869819495e-06,6.731833892480654e-06,1.4001536832359435e-05,0.0,0.0,1.534046530966079e-05,1.2059267443539373e-05,0.0,0.0,0.0,0.0,0.0,0.0,0.0,0.0,0.0,0.0,0.0,0.0,0.14999999105930328,0.0,0.0,0.0,0.0
135.572,0.0,0.0,0.0,datactrl_ref_vx_fallback,datactrl_est_vx_fallback,-0.14999999105930328,states_theta,-0.033012229949235916,5.099361089845317e-06,6.71364320958547e-06,1.3676387584825961e-05,0.0,0.0,1.6191908930285737e-05,1.0926592203650844e-05,0.0,0.0,0.0,0.0,0.0,0.0,0.0,0.0,0.0,0.0,0.0,0.0,0.14999999105930328,0.0,0.0,0.0,0.0
135.682,0.0,0.0,0.0,datactrl_ref_vx_fallback,datactrl_est_vx_fallback,-0.14999999105930328,states_theta,-0.033012229949235916,5.030776577612635e-06,6.730317150239937e-06,1.3382180379210143e-05,0.0,0.0,1.696232697757861e-05,9.90170526411232e-06,0.0,0.0,0.0,0.0,0.0,0.0,0.0,0.0,0.0,0.0,0.0,0.0,0.14999999105930328,0.0,0.0,0.0,0.0
135.775,0.0,0.0,0.0,datactrl_ref_vx_fallback,datactrl_est_vx_fallback,-0.1599999964237213,states_theta,-0.033012229949235916,4.968718744647047e-06,6.772349786803685e-06,1.3115970690914396e-05,0.0,0.0,1.7659430054296124e-05,8.974349211965855e-06,0.0,0.0,0.0,0.0,0.0,0.0,0.0,0.0,0.0,0.0,0.0,0.0,0.1599999964237213,0.0,0.0,0.0,0.0
135.874,0.0,0.0,0.0,datactrl_ref_vx_fallback,datactrl_est_vx_fallback,-0.1599999964237213,states_theta,-0.033012229949235916,4.9125664952975545e-06,6.832047479695115e-06,1.2875094203900697e-05,0.0,0.0,1.8290195002338186e-05,8.135242756141553e-06,0.0,0.0,0.0,0.0,0.0,0.0,0.0,0.0,0.0,0.0,0.0,0.0,0.1599999964237213,0.0,0.0,0.0,0.0
135.975,0.0,0.0,0.0,datactrl_ref_vx_fallback,datactrl_est_vx_fallback,-0.1599999964237213,states_theta,-0.033012229949235916,4.861757838979243e-06,6.903348262050496e-06,1.2657140145325626e-05,0.0,0.0,1.8860934729312204e-05,7.375987837196118e-06,0.0,0.0,0.0,0.0,0.0,0.0,0.0,0.0,0.0,0.0,0.0,0.0,0.1599999964237213,0.0,0.0,0.0,0.0
136.077,0.0,0.0,0.0,datactrl_ref_vx_fallback,datactrl_est_vx_fallback,-0.17000000178813934,states_theta,-0.033012229949235916,4.815784265582302e-06,6.9815849071662385e-06,1.2459927157714082e-05,0.0,0.0,1.937736139023797e-05,6.68898557670636e-06,0.0,0.0,0.0,0.0,0.0,0.0,0.0,0.0,0.0,0.0,0.0,0.0,0.17000000178813934,0.0,0.0,0.0,0.0
136.177,0.0,0.0,0.0,datactrl_ref_vx_fallback,datactrl_est_vx_fallback,-0.17000000178813934,states_theta,-0.033012229949235916,4.774185656131743e-06,7.063238771893042e-06,1.228148146719971e-05,0.0,0.0,1.984464355671703e-05,6.0673602251372e-06,0.0,0.0,0.0,0.0,0.0,0.0,0.0,0.0,0.0,0.0,0.0,0.0,0.17000000178813934,0.0,0.0,0.0,0.0
136.266,0.0,0.0,0.0,datactrl_ref_vx_fallback,datactrl_est_vx_fallback,-0.17000000178813934,states_theta,-0.033012229949235916,4.7365456777627895e-06,7.145711693647496e-06,1.2120017129335798e-05,0.0,0.0,2.0267457945726215e-05,5.504890347040303e-06,0.0,0.0,0.0,0.0,0.0,0.0,0.0,0.0,0.0,0.0,0.0,0.0,0.17000000178813934,0.0,0.0,0.0,0.0
136.368,0.0,0.0,0.0,datactrl_ref_vx_fallback,datactrl_est_vx_fallback,-0.17999999225139618,states_theta,-0.033012229949235916,4.702487616920494e-06,7.227128369755553e-06,1.1973918154758117e-05,0.0,0.0,2.0650036225785772e-05,4.995946554820061e-06,0.0,0.0,0.0,0.0,0.0,0.0,0.0,0.0,0.0,0.0,0.0,0.0,0.17999999225139618,0.0,0.0,0.0,0.0
136.474,0.0,0.0,0.0,datactrl_ref_vx_fallback,datactrl_est_vx_fallback,-0.17999999225139618,states_theta,-0.033012229949235916,4.671670609084636e-06,7.306172336468327e-06,1.1841722335823533e-05,0.0,0.0,2.099620736891153e-05,4.53543516794202e-06,0.0,0.0,0.0,0.0,0.0,0.0,0.0,0.0,0.0,0.0,0.0,0.0,0.17999999225139618,0.0,0.0,0.0,0.0
136.569,0.0,0.0,0.0,datactrl_ref_vx_fallback,datactrl_est_vx_fallback,-0.17999999225139618,states_theta,-0.033012229949235916,4.643786227282841e-06,7.3819536664085546e-06,1.1722106612343603e-05,0.0,0.0,2.1309435972256023e-05,4.1187472336631e-06,0.0,0.0,0.0,0.0,0.0,0.0,0.0,0.0,0.0,0.0,0.0,0.0,0.17999999225139618,0.0,0.0,0.0,0.0
136.666,0.0,0.0,0.0,datactrl_ref_vx_fallback,datactrl_est_vx_fallback,-0.1899999976158142,states_theta,-0.033012229949235916,4.618555395249666e-06,7.4539043127660594e-06,1.1613873829953045e-05,0.0,0.0,2.1592856932962523e-05,3.7417123990817568e-06,0.0,0.0,0.0,0.0,0.0,0.0,0.0,0.0,0.0,0.0,0.0,0.0,0.1899999976158142,0.0,0.0,0.0,0.0
136.77,0.0,0.0,0.0,datactrl_ref_vx_fallback,datactrl_est_vx_fallback,-0.1899999976158142,states_theta,-0.033012229949235916,4.378652269036285e-06,8.280807484313371e-06,1.0584760607680936e-05,0.0,0.0,2.428771750745662e-05,1.5674003715272426e-07,0.0,0.0,0.0,0.0,0.0,0.0,0.0,0.0,0.0,0.0,0.0,0.0,0.1899999976158142,0.0,0.0,0.0,0.0
136.867,0.0,0.0,0.0,datactrl_ref_vx_fallback,datactrl_est_vx_fallback,-0.1899999976158142,states_theta,-0.033012229949235916,4.378652269036285e-06,8.280807484313371e-06,1.0584760607680936e-05,0.0,0.0,2.428771750745662e-05,1.5674003715272426e-07,0.0,0.0,0.0,0.0,0.0,0.0,0.0,0.0,0.0,0.0,0.0,0.0,0.1899999976158142,0.0,0.0,0.0,0.0
136.967,0.0,0.0,0.0,datactrl_ref_vx_fallback,datactrl_est_vx_fallback,-0.19999998807907104,states_theta,-0.033012229949235916,4.378652269036285e-06,8.280807484313371e-06,1.0584760607680936e-05,0.0,0.0,2.428771750745662e-05,1.5674003715272426e-07,0.0,0.0,0.0,0.0,0.0,0.0,0.0,0.0,0.0,0.0,0.0,0.0,0.19999998807907104,0.0,0.0,0.0,0.0
137.065,0.0,0.0,0.0,datactrl_ref_vx_fallback,datactrl_est_vx_fallback,-0.19999998807907104,states_theta,-0.033012229949235916,4.378652269036285e-06,8.280807484313371e-06,1.0584760607680936e-05,0.0,0.0,2.428771750745662e-05,1.5674003715272426e-07,0.0,0.0,0.0,0.0,0.0,0.0,0.0,0.0,0.0,0.0,0.0,0.0,0.19999998807907104,0.0,0.0,0.0,0.0
137.167,0.0,0.0,0.0,datactrl_ref_vx_fallback,datactrl_est_vx_fallback,-0.19999998807907104,states_theta,-0.033012229949235916,4.378652269036285e-06,8.280807484313371e-06,1.0584760607680936e-05,0.0,0.0,2.428771750745662e-05,1.5674003715272426e-07,0.0,0.0,0.0,0.0,0.0,0.0,0.0,0.0,0.0,0.0,0.0,0.0,0.19999998807907104,0.0,0.0,0.0,0.0
137.277,0.0,0.0,0.0,datactrl_ref_vx_fallback,datactrl_est_vx_fallback,-0.20999999344348907,states_theta,-0.033012229949235916,4.378652269036285e-06,8.280807484313371e-06,1.0584760607680936e-05,0.0,0.0,2.428771750745662e-05,1.5674003715272426e-07,0.0,0.0,0.0,0.0,0.0,0.0,0.0,0.0,0.0,0.0,0.0,0.0,0.20999999344348907,0.0,0.0,0.0,0.0
137.372,0.0,0.0,0.0,datactrl_ref_vx_fallback,datactrl_est_vx_fallback,-0.20999999344348907,states_theta,-0.033012229949235916,4.378652269036285e-06,8.280807484313371e-06,1.0584760607680936e-05,0.0,0.0,2.428771750745662e-05,1.5674003715272426e-07,0.0,0.0,0.0,0.0,0.0,0.0,0.0,0.0,0.0,0.0,0.0,0.0,0.20999999344348907,0.0,0.0,0.0,0.0
137.467,0.0,0.0,0.0,datactrl_ref_vx_fallback,datactrl_est_vx_fallback,-0.20999999344348907,states_theta,-0.033012229949235916,4.378652269036285e-06,8.280807484313371e-06,1.0584760607680936e-05,0.0,0.0,2.428771750745662e-05,1.5674003715272426e-07,0.0,0.0,0.0,0.0,0.0,0.0,0.0,0.0,0.0,0.0,0.0,0.0,0.20999999344348907,0.0,0.0,0.0,0.0
137.568,0.0,0.0,0.0,datactrl_ref_vx_fallback,datactrl_est_vx_fallback,-0.2199999988079071,states_theta,-0.033012229949235916,4.378652269036285e-06,8.280807484313371e-06,1.0584760607680936e-05,0.0,0.0,2.428771750745662e-05,1.5674003715272426e-07,0.0,0.0,0.0,0.0,0.0,0.0,0.0,0.0,0.0,0.0,0.0,0.0,0.2199999988079071,0.0,0.0,0.0,0.0
137.678,0.0,0.0,0.0,datactrl_ref_vx_fallback,datactrl_est_vx_fallback,-0.2199999988079071,states_theta,-0.033012229949235916,4.378652269036285e-06,8.280807484313371e-06,1.0584760607680936e-05,0.0,0.0,2.428771750745662e-05,1.5674003715272426e-07,0.0,0.0,0.0,0.0,0.0,0.0,0.0,0.0,0.0,0.0,0.0,0.0,0.2199999988079071,0.0,0.0,0.0,0.0
137.785,0.0,0.0,0.0,datactrl_ref_vx_fallback,datactrl_est_vx_fallback,-0.2199999988079071,states_theta,-0.033012229949235916,4.378652269036285e-06,8.280807484313371e-06,1.0584760607680936e-05,0.0,0.0,2.428771750745662e-05,1.5674003715272426e-07,0.0,0.0,0.0,0.0,0.0,0.0,0.0,0.0,0.0,0.0,0.0,0.0,0.2199999988079071,0.0,0.0,0.0,0.0
137.882,0.0,0.0,0.0,datactrl_ref_vx_fallback,datactrl_est_vx_fallback,-0.22999998927116394,states_theta,-0.033012229949235916,4.378652269036285e-06,8.280807484313371e-06,1.0584760607680936e-05,0.0,0.0,2.428771750745662e-05,1.5674003715272426e-07,0.0,0.0,0.0,0.0,0.0,0.0,0.0,0.0,0.0,0.0,0.0,0.0,0.22999998927116394,0.0,0.0,0.0,0.0
137.968,0.0,0.0,0.0,datactrl_ref_vx_fallback,datactrl_est_vx_fallback,-0.22999998927116394,states_theta,-0.033012229949235916,4.378652269036285e-06,8.280807484313371e-06,1.0584760607680936e-05,0.0,0.0,2.428771750745662e-05,1.5674003715272426e-07,0.0,0.0,0.0,0.0,0.0,0.0,0.0,0.0,0.0,0.0,0.0,0.0,0.22999998927116394,0.0,0.0,0.0,0.0
138.072,0.0,0.0,0.0,datactrl_ref_vx_fallback,datactrl_est_vx_fallback,-0.22999998927116394,states_theta,-0.033012229949235916,4.378652269036285e-06,8.280807484313371e-06,1.0584760607680936e-05,0.0,0.0,2.428771750745662e-05,1.5674003715272426e-07,0.0,0.0,0.0,0.0,0.0,0.0,0.0,0.0,0.0,0.0,0.0,0.0,0.22999998927116394,0.0,0.0,0.0,0.0
138.169,0.0,0.0,0.0,datactrl_ref_vx_fallback,datactrl_est_vx_fallback,-0.23999999463558197,states_theta,-0.033012229949235916,4.378652269036285e-06,8.280807484313371e-06,1.0584760607680936e-05,0.0,0.0,2.428771750745662e-05,1.5674003715272426e-07,0.0,0.0,0.0,0.0,0.0,0.0,0.0,0.0,0.0,0.0,0.0,0.0,0.23999999463558197,0.0,0.0,0.0,0.0
138.29,0.0,0.0,0.0,datactrl_ref_vx_fallback,datactrl_est_vx_fallback,-0.23999999463558197,states_theta,-0.033012229949235916,4.378652269036285e-06,8.280807484313371e-06,1.0584760607680936e-05,0.0,0.0,2.428771750745662e-05,1.5674003715272426e-07,0.0,0.0,0.0,0.0,0.0,0.0,0.0,0.0,0.0,0.0,0.0,0.0,0.23999999463558197,0.0,0.0,0.0,0.0
138.38,0.0,0.0,0.0,datactrl_ref_vx_fallback,datactrl_est_vx_fallback,-0.23999999463558197,states_theta,-0.033012229949235916,4.378652269036285e-06,8.280807484313371e-06,1.0584760607680936e-05,0.0,0.0,2.428771750745662e-05,1.5674003715272426e-07,0.0,0.0,0.0,0.0,0.0,0.0,0.0,0.0,0.0,0.0,0.0,0.0,0.23999999463558197,0.0,0.0,0.0,0.0
138.489,0.0,0.0,0.0,datactrl_ref_vx_fallback,datactrl_est_vx_fallback,-0.25,states_theta,-0.033012229949235916,4.378652269036285e-06,8.280807484313371e-06,1.0584760607680936e-05,0.0,0.0,2.428771750745662e-05,1.5674003715272426e-07,0.0,0.0,0.0,0.0,0.0,0.0,0.0,0.0,0.0,0.0,0.0,0.0,0.25,0.0,0.0,0.0,0.0
138.587,0.0,0.0,0.0,datactrl_ref_vx_fallback,datactrl_est_vx_fallback,-0.25,states_theta,-0.033012229949235916,4.378652269036285e-06,8.280807484313371e-06,1.0584760607680936e-05,0.0,0.0,2.428771750745662e-05,1.5674003715272426e-07,0.0,0.0,0.0,0.0,0.0,0.0,0.0,0.0,0.0,0.0,0.0,0.0,0.25,0.0,0.0,0.0,0.0
138.682,0.0,0.0,0.0,datactrl_ref_vx_fallback,datactrl_est_vx_fallback,-0.25,states_theta,-0.033012229949235916,4.378652269036285e-06,8.280807484313371e-06,1.0584760607680936e-05,0.0,0.0,2.428771750745662e-05,1.5674003715272426e-07,0.0,0.0,0.0,0.0,0.0,0.0,0.0,0.0,0.0,0.0,0.0,0.0,0.25,0.0,0.0,0.0,0.0
138.777,0.0,0.0,0.0,datactrl_ref_vx_fallback,datactrl_est_vx_fallback,-0.25999999046325684,states_theta,-0.033012229949235916,4.378652269036285e-06,8.280807484313371e-06,1.0584760607680936e-05,0.0,0.0,2.428771750745662e-05,1.5674003715272426e-07,0.0,0.0,0.0,0.0,0.0,0.0,0.0,0.0,0.0,0.0,0.0,0.0,0.25999999046325684,0.0,0.0,0.0,0.0
138.869,0.0,0.0,0.0,datactrl_ref_vx_fallback,datactrl_est_vx_fallback,-0.25999999046325684,states_theta,-0.033012229949235916,4.378652269036285e-06,8.280807484313371e-06,1.0584760607680936e-05,0.0,0.0,2.428771750745662e-05,1.5674003715272426e-07,0.0,0.0,0.0,0.0,0.0,0.0,0.0,0.0,0.0,0.0,0.0,0.0,0.25999999046325684,0.0,0.0,0.0,0.0
138.969,0.0,0.0,0.0,datactrl_ref_vx_fallback,datactrl_est_vx_fallback,-0.25999999046325684,states_theta,-0.033012229949235916,4.378652269036285e-06,8.280807484313371e-06,1.0584760607680936e-05,0.0,0.0,2.428771750745662e-05,1.5674003715272426e-07,0.0,0.0,0.0,0.0,0.0,0.0,0.0,0.0,0.0,0.0,0.0,0.0,0.25999999046325684,0.0,0.0,0.0,0.0
139.068,0.0,0.0,0.0,datactrl_ref_vx_fallback,datactrl_est_vx_fallback,-0.26999998092651367,states_theta,-0.033012229949235916,4.378652269036285e-06,8.280807484313371e-06,1.0584760607680936e-05,0.0,0.0,2.428771750745662e-05,1.5674003715272426e-07,0.0,0.0,0.0,0.0,0.0,0.0,0.0,0.0,0.0,0.0,0.0,0.0,0.26999998092651367,0.0,0.0,0.0,0.0
139.187,0.0,0.0,0.0,datactrl_ref_vx_fallback,datactrl_est_vx_fallback,-0.26999998092651367,states_theta,-0.033012229949235916,4.378652269036285e-06,8.280807484313371e-06,1.0584760607680936e-05,0.0,0.0,2.428771750745662e-05,1.5674003715272426e-07,0.0,0.0,0.0,0.0,0.0,0.0,0.0,0.0,0.0,0.0,0.0,0.0,0.26999998092651367,0.0,0.0,0.0,0.0
139.294,0.0,0.0,0.0,datactrl_ref_vx_fallback,datactrl_est_vx_fallback,-0.26999998092651367,states_theta,-0.033012229949235916,4.378652269036285e-06,8.280807484313371e-06,1.0584760607680936e-05,0.0,0.0,2.428771750745662e-05,1.5674003715272426e-07,0.0,0.0,0.0,0.0,0.0,0.0,0.0,0.0,0.0,0.0,0.0,0.0,0.26999998092651367,0.0,0.0,0.0,0.0
139.386,0.0,0.0,0.0,datactrl_ref_vx_fallback,datactrl_est_vx_fallback,-0.2800000011920929,states_theta,-0.033012229949235916,4.378652269036285e-06,8.280807484313371e-06,1.0584760607680936e-05,0.0,0.0,2.428771750745662e-05,1.5674003715272426e-07,0.0,0.0,0.0,0.0,0.0,0.0,0.0,0.0,0.0,0.0,0.0,0.0,0.2800000011920929,0.0,0.0,0.0,0.0
139.485,0.0,0.0,0.0,datactrl_ref_vx_fallback,datactrl_est_vx_fallback,-0.2800000011920929,states_theta,-0.033012229949235916,4.378652269036285e-06,8.280807484313371e-06,1.0584760607680936e-05,0.0,0.0,2.428771750745662e-05,1.5674003715272426e-07,0.0,0.0,0.0,0.0,0.0,0.0,0.0,0.0,0.0,0.0,0.0,0.0,0.2800000011920929,0.0,0.0,0.0,0.0
139.58,0.0,0.0,0.0,datactrl_ref_vx_fallback,datactrl_est_vx_fallback,-0.2800000011920929,states_theta,-0.033012229949235916,4.378652269036285e-06,8.280807484313371e-06,1.0584760607680936e-05,0.0,0.0,2.428771750745662e-05,1.5674003715272426e-07,0.0,0.0,0.0,0.0,0.0,0.0,0.0,0.0,0.0,0.0,0.0,0.0,0.2800000011920929,0.0,0.0,0.0,0.0
139.67,0.0,0.0,0.0,datactrl_ref_vx_fallback,datactrl_est_vx_fallback,-0.28999999165534973,states_theta,-0.033012229949235916,4.378652269036285e-06,8.280807484313371e-06,1.0584760607680936e-05,0.0,0.0,2.428771750745662e-05,1.5674003715272426e-07,0.0,0.0,0.0,0.0,0.0,0.0,0.0,0.0,0.0,0.0,0.0,0.0,0.28999999165534973,0.0,0.0,0.0,0.0
139.783,0.0,0.0,0.0,datactrl_ref_vx_fallback,datactrl_est_vx_fallback,-0.28999999165534973,states_theta,-0.033012229949235916,4.378652269036285e-06,8.280807484313371e-06,1.0584760607680936e-05,0.0,0.0,2.428771750745662e-05,1.5674003715272426e-07,0.0,0.0,0.0,0.0,0.0,0.0,0.0,0.0,0.0,0.0,0.0,0.0,0.28999999165534973,0.0,0.0,0.0,0.0
139.88,0.0,0.0,0.0,datactrl_ref_vx_fallback,datactrl_est_vx_fallback,-0.28999999165534973,states_theta,-0.033012229949235916,4.378652269036285e-06,8.280807484313371e-06,1.0584760607680936e-05,0.0,0.0,2.428771750745662e-05,1.5674003715272426e-07,0.0,0.0,0.0,0.0,0.0,0.0,0.0,0.0,0.0,0.0,0.0,0.0,0.28999999165534973,0.0,0.0,0.0,0.0
139.975,0.0,0.0,0.0,datactrl_ref_vx_fallback,datactrl_est_vx_fallback,-0.29999998211860657,states_theta,-0.033012229949235916,4.378652269036285e-06,8.280807484313371e-06,1.0584760607680936e-05,0.0,0.0,2.428771750745662e-05,1.5674003715272426e-07,0.0,0.0,0.0,0.0,0.0,0.0,0.0,0.0,0.0,0.0,0.0,0.0,0.29999998211860657,0.0,0.0,0.0,0.0
