time_s,vx_target,vx_actual,vx_error,vx_target_source,vx_actual_source,pitch_actual,pitch_actual_source,pitch_rate_q,pwm_mean,pwm_std,pwm_1,pwm_2,pwm_3,pwm_4,pwm_5,pwm_6,pwm_7,pwm_8,ctrl_vx_dX2Vx,ctrl_vx_var,ctrl_vx_delta,ctrl_vx_p,ctrl_vx_int,ctrl_vx_d,ctrl_ele_ffc,ctrl_theta_trim,ctrl_theta_var,ctrl_delta_theta,ctrl_theta_p,ctrl_theta_d,ctrl_ele_fbc,ctrl_ele_law_out
0.0,0.0,0.0,0.0,datactrl_ref_vx_fallback,datactrl_est_vx_fallback,-1.3799999952316284,states_theta,-0.04201556742191315,2.000194537236295e-06,2.593822386837429e-06,4.835181933754487e-06,0.0,0.0,5.352319755315855e-06,5.81405460882002e-06,0.0,0.0,0.0,0.0,0.0,0.0,0.0,0.0,0.0,0.0,0.0,0.0,1.3799999952316284,0.0,0.0,0.0,0.0
0.08,0.0,0.0,0.0,datactrl_ref_vx_fallback,datactrl_est_vx_fallback,-1.3899999856948853,states_theta,-0.042015571147203445,2.000194537236295e-06,2.593822386837429e-06,4.835181933754487e-06,0.0,0.0,5.352319755315855e-06,5.81405460882002e-06,0.0,0.0,0.0,0.0,0.0,0.0,0.0,0.0,0.0,0.0,0.0,0.0,1.3899999856948853,0.0,0.0,0.0,0.0
0.14,0.0,0.0,0.0,datactrl_ref_vx_fallback,datactrl_est_vx_fallback,-1.3899999856948853,states_theta,-0.04201556742191315,2.000194537236295e-06,2.593822386837429e-06,4.835181933754487e-06,0.0,0.0,5.352319755315855e-06,5.81405460882002e-06,0.0,0.0,0.0,0.0,0.0,0.0,0.0,0.0,0.0,0.0,0.0,0.0,1.3899999856948853,0.0,0.0,0.0,0.0
0.204,0.0,0.0,0.0,datactrl_ref_vx_fallback,datactrl_est_vx_fallback,-1.3899999856948853,states_theta,-0.04201556742191315,2.000194537236295e-06,2.593822386837429e-06,4.835181933754487e-06,0.0,0.0,5.352319755315855e-06,5.81405460882002e-06,0.0,0.0,0.0,0.0,0.0,0.0,0.0,0.0,0.0,0.0,0.0,0.0,1.3899999856948853,0.0,0.0,0.0,0.0
0.275,0.0,0.0,0.0,datactrl_ref_vx_fallback,datactrl_est_vx_fallback,-1.3899999856948853,states_theta,-0.042015571147203445,2.000194537236295e-06,2.593822386837429e-06,4.835181933754487e-06,0.0,0.0,5.352319755315855e-06,5.81405460882002e-06,0.0,0.0,0.0,0.0,0.0,0.0,0.0,0.0,0.0,0.0,0.0,0.0,1.3899999856948853,0.0,0.0,0.0,0.0
0.33,0.0,0.0,0.0,datactrl_ref_vx_fallback,datactrl_est_vx_fallback,-1.399999976158142,states_theta,-0.04201556742191315,2.000194537236295e-06,2.593822386837429e-06,4.835181933754487e-06,0.0,0.0,5.352319755315855e-06,5.81405460882002e-06,0.0,0.0,0.0,0.0,0.0,0.0,0.0,0.0,0.0,0.0,0.0,0.0,1.399999976158142,0.0,0.0,0.0,0.0
0.527,0.0,0.0,0.0,datactrl_ref_vx_fallback,datactrl_est_vx_fallback,-1.399999976158142,states_theta,-0.042015571147203445,2.000194537236295e-06,2.593822386837429e-06,4.835181933754487e-06,0.0,0.0,5.352319755315855e-06,5.81405460882002e-06,0.0,0.0,0.0,0.0,0.0,0.0,0.0,0.0,0.0,0.0,0.0,0.0,1.399999976158142,0.0,0.0,0.0,0.0
0.578,0.0,0.0,0.0,datactrl_ref_vx_fallback,datactrl_est_vx_fallback,-1.409999966621399,states_theta,-0.04201556742191315,2.000194537236295e-06,2.593822386837429e-06,4.835181933754487e-06,0.0,0.0,5.352319755315855e-06,5.81405460882002e-06,0.0,0.0,0.0,0.0,0.0,0.0,0.0,0.0,0.0,0.0,0.0,0.0,1.409999966621399,0.0,0.0,0.0,0.0
0.77,0.0,0.0,0.0,datactrl_ref_vx_fallback,datactrl_est_vx_fallback,-1.409999966621399,states_theta,-0.042015571147203445,2.000194537236295e-06,2.593822386837429e-06,4.835181933754487e-06,0.0,0.0,5.352319755315855e-06,5.81405460882002e-06,0.0,0.0,0.0,0.0,0.0,0.0,0.0,0.0,0.0,0.0,0.0,0.0,1.409999966621399,0.0,0.0,0.0,0.0
0.821,0.0,0.0,0.0,datactrl_ref_vx_fallback,datactrl_est_vx_fallback,-1.409999966621399,states_theta,-0.04201556742191315,2.000194537236295e-06,2.593822386837429e-06,4.835181933754487e-06,0.0,0.0,5.352319755315855e-06,5.81405460882002e-06,0.0,0.0,0.0,0.0,0.0,0.0,0.0,0.0,0.0,0.0,0.0,0.0,1.409999966621399,0.0,0.0,0.0,0.0
1.011,0.0,0.0,0.0,datactrl_ref_vx_fallback,datactrl_est_vx_fallback,-1.4199999570846558,states_theta,-0.042015571147203445,2.000194537236295e-06,2.593822386837429e-06,4.835181933754487e-06,0.0,0.0,5.352319755315855e-06,5.81405460882002e-06,0.0,0.0,0.0,0.0,0.0,0.0,0.0,0.0,0.0,0.0,0.0,0.0,1.4199999570846558,0.0,0.0,0.0,0.0
1.061,0.0,0.0,0.0,datactrl_ref_vx_fallback,datactrl_est_vx_fallback,-1.4199999570846558,states_theta,-0.04201556742191315,2.000194537236295e-06,2.593822386837429e-06,4.835181933754487e-06,0.0,0.0,5.352319755315855e-06,5.81405460882002e-06,0.0,0.0,0.0,0.0,0.0,0.0,0.0,0.0,0.0,0.0,0.0,0.0,1.4199999570846558,0.0,0.0,0.0,0.0
1.262,0.0,0.0,0.0,datactrl_ref_vx_fallback,datactrl_est_vx_fallback,-1.4299999475479126,states_theta,-0.042015571147203445,2.000194537236295e-06,2.593822386837429e-06,4.835181933754487e-06,0.0,0.0,5.352319755315855e-06,5.81405460882002e-06,0.0,0.0,0.0,0.0,0.0,0.0,0.0,0.0,0.0,0.0,0.0,0.0,1.4299999475479126,0.0,0.0,0.0,0.0
1.314,0.0,0.0,0.0,datactrl_ref_vx_fallback,datactrl_est_vx_fallback,-1.4299999475479126,states_theta,-0.04201556742191315,2.000194537236295e-06,2.593822386837429e-06,4.835181933754487e-06,0.0,0.0,5.352319755315855e-06,5.81405460882002e-06,0.0,0.0,0.0,0.0,0.0,0.0,0.0,0.0,0.0,0.0,0.0,0.0,1.4299999475479126,0.0,0.0,0.0,0.0
1.508,0.0,0.0,0.0,datactrl_ref_vx_fallback,datactrl_est_vx_fallback,-1.4399999380111694,states_theta,-0.042015571147203445,2.000194537236295e-06,2.593822386837429e-06,4.835181933754487e-06,0.0,0.0,5.352319755315855e-06,5.81405460882002e-06,0.0,0.0,0.0,0.0,0.0,0.0,0.0,0.0,0.0,0.0,0.0,0.0,1.4399999380111694,0.0,0.0,0.0,0.0
1.736,0.0,0.0,0.0,datactrl_ref_vx_fallback,datactrl_est_vx_fallback,-1.4399999380111694,states_theta,-0.042015571147203445,2.000194537236295e-06,2.593822386837429e-06,4.835181933754487e-06,0.0,0.0,5.352319755315855e-06,5.81405460882002e-06,0.0,0.0,0.0,0.0,0.0,0.0,0.0,0.0,0.0,0.0,0.0,0.0,1.4399999380111694,0.0,0.0,0.0,0.0
1.788,0.0,0.0,0.0,datactrl_ref_vx_fallback,datactrl_est_vx_fallback,-1.4499999284744263,states_theta,-0.04201556742191315,2.000194537236295e-06,2.593822386837429e-06,4.835181933754487e-06,0.0,0.0,5.352319755315855e-06,5.81405460882002e-06,0.0,0.0,0.0,0.0,0.0,0.0,0.0,0.0,0.0,0.0,0.0,0.0,1.4499999284744263,0.0,0.0,0.0,0.0
1.973,0.0,0.0,0.0,datactrl_ref_vx_fallback,datactrl_est_vx_fallback,-1.4499999284744263,states_theta,-0.042015571147203445,2.000194537236295e-06,2.593822386837429e-06,4.835181933754487e-06,0.0,0.0,5.352319755315855e-06,5.81405460882002e-06,0.0,0.0,0.0,0.0,0.0,0.0,0.0,0.0,0.0,0.0,0.0,0.0,1.4499999284744263,0.0,0.0,0.0,0.0
2.025,0.0,0.0,0.0,datactrl_ref_vx_fallback,datactrl_est_vx_fallback,-1.459999918937683,states_theta,-0.04201556742191315,2.000194537236295e-06,2.593822386837429e-06,4.835181933754487e-06,0.0,0.0,5.352319755315855e-06,5.81405460882002e-06,0.0,0.0,0.0,0.0,0.0,0.0,0.0,0.0,0.0,0.0,0.0,0.0,1.459999918937683,0.0,0.0,0.0,0.0
2.22,0.0,0.0,0.0,datactrl_ref_vx_fallback,datactrl_est_vx_fallback,-1.459999918937683,states_theta,-0.042015571147203445,2.000194537236295e-06,2.593822386837429e-06,4.835181933754487e-06,0.0,0.0,5.352319755315855e-06,5.81405460882002e-06,0.0,0.0,0.0,0.0,0.0,0.0,0.0,0.0,0.0,0.0,0.0,0.0,1.459999918937683,0.0,0.0,0.0,0.0
2.274,0.0,0.0,0.0,datactrl_ref_vx_fallback,datactrl_est_vx_fallback,-1.459999918937683,states_theta,-0.04201556742191315,2.000194537236295e-06,2.593822386837429e-06,4.835181933754487e-06,0.0,0.0,5.352319755315855e-06,5.81405460882002e-06,0.0,0.0,0.0,0.0,0.0,0.0,0.0,0.0,0.0,0.0,0.0,0.0,1.459999918937683,0.0,0.0,0.0,0.0
2.468,0.0,0.0,0.0,datactrl_ref_vx_fallback,datactrl_est_vx_fallback,-1.46999990940094,states_theta,-0.042015571147203445,2.000194537236295e-06,2.593822386837429e-06,4.835181933754487e-06,0.0,0.0,5.352319755315855e-06,5.81405460882002e-06,0.0,0.0,0.0,0.0,0.0,0.0,0.0,0.0,0.0,0.0,0.0,0.0,1.46999990940094,0.0,0.0,0.0,0.0
2.518,0.0,0.0,0.0,datactrl_ref_vx_fallback,datactrl_est_vx_fallback,-1.46999990940094,states_theta,-0.04201556742191315,2.000194537236295e-06,2.593822386837429e-06,4.835181933754487e-06,0.0,0.0,5.352319755315855e-06,5.81405460882002e-06,0.0,0.0,0.0,0.0,0.0,0.0,0.0,0.0,0.0,0.0,0.0,0.0,1.46999990940094,0.0,0.0,0.0,0.0
2.698,0.0,0.0,0.0,datactrl_ref_vx_fallback,datactrl_est_vx_fallback,-1.4800000190734863,states_theta,-0.042015571147203445,2.000194537236295e-06,2.593822386837429e-06,4.835181933754487e-06,0.0,0.0,5.352319755315855e-06,5.81405460882002e-06,0.0,0.0,0.0,0.0,0.0,0.0,0.0,0.0,0.0,0.0,0.0,0.0,1.4800000190734863,0.0,0.0,0.0,0.0
2.753,0.0,0.0,0.0,datactrl_ref_vx_fallback,datactrl_est_vx_fallback,-1.4800000190734863,states_theta,-0.04201556742191315,2.000194537236295e-06,2.593822386837429e-06,4.835181933754487e-06,0.0,0.0,5.352319755315855e-06,5.81405460882002e-06,0.0,0.0,0.0,0.0,0.0,0.0,0.0,0.0,0.0,0.0,0.0,0.0,1.4800000190734863,0.0,0.0,0.0,0.0
2.95,0.0,0.0,0.0,datactrl_ref_vx_fallback,datactrl_est_vx_fallback,-1.4900000095367432,states_theta,-0.042015571147203445,2.000194537236295e-06,2.593822386837429e-06,4.835181933754487e-06,0.0,0.0,5.352319755315855e-06,5.81405460882002e-06,0.0,0.0,0.0,0.0,0.0,0.0,0.0,0.0,0.0,0.0,0.0,0.0,1.4900000095367432,0.0,0.0,0.0,0.0
3.002,0.0,0.0,0.0,datactrl_ref_vx_fallback,datactrl_est_vx_fallback,-1.4900000095367432,states_theta,-0.04201556742191315,2.000194537236295e-06,2.593822386837429e-06,4.835181933754487e-06,0.0,0.0,5.352319755315855e-06,5.81405460882002e-06,0.0,0.0,0.0,0.0,0.0,0.0,0.0,0.0,0.0,0.0,0.0,0.0,1.4900000095367432,0.0,0.0,0.0,0.0
3.196,0.0,0.0,0.0,datactrl_ref_vx_fallback,datactrl_est_vx_fallback,-1.4900000095367432,states_theta,-0.042015571147203445,2.000194537236295e-06,2.593822386837429e-06,4.835181933754487e-06,0.0,0.0,5.352319755315855e-06,5.81405460882002e-06,0.0,0.0,0.0,0.0,0.0,0.0,0.0,0.0,0.0,0.0,0.0,0.0,1.4900000095367432,0.0,0.0,0.0,0.0
3.248,0.0,0.0,0.0,datactrl_ref_vx_fallback,datactrl_est_vx_fallback,-1.5,states_theta,-0.04201556742191315,2.000194537236295e-06,2.593822386837429e-06,4.835181933754487e-06,0.0,0.0,5.352319755315855e-06,5.81405460882002e-06,0.0,0.0,0.0,0.0,0.0,0.0,0.0,0.0,0.0,0.0,0.0,0.0,1.5,0.0,0.0,0.0,0.0
3.444,0.0,0.0,0.0,datactrl_ref_vx_fallback,datactrl_est_vx_fallback,-1.5,states_theta,-0.042015571147203445,2.000194537236295e-06,2.593822386837429e-06,4.835181933754487e-06,0.0,0.0,5.352319755315855e-06,5.81405460882002e-06,0.0,0.0,0.0,0.0,0.0,0.0,0.0,0.0,0.0,0.0,0.0,0.0,1.5,0.0,0.0,0.0,0.0
3.496,0.0,0.0,0.0,datactrl_ref_vx_fallback,datactrl_est_vx_fallback,-1.5099999904632568,states_theta,-0.04201556742191315,2.000194537236295e-06,2.593822386837429e-06,4.835181933754487e-06,0.0,0.0,5.352319755315855e-06,5.81405460882002e-06,0.0,0.0,0.0,0.0,0.0,0.0,0.0,0.0,0.0,0.0,0.0,0.0,1.5099999904632568,0.0,0.0,0.0,0.0
3.692,0.0,0.0,0.0,datactrl_ref_vx_fallback,datactrl_est_vx_fallback,-1.5099999904632568,states_theta,-0.042015571147203445,2.000194537236295e-06,2.593822386837429e-06,4.835181933754487e-06,0.0,0.0,5.352319755315855e-06,5.81405460882002e-06,0.0,0.0,0.0,0.0,0.0,0.0,0.0,0.0,0.0,0.0,0.0,0.0,1.5099999904632568,0.0,0.0,0.0,0.0
3.747,0.0,0.0,0.0,datactrl_ref_vx_fallback,datactrl_est_vx_fallback,-1.5099999904632568,states_theta,-0.04201556742191315,2.000194537236295e-06,2.593822386837429e-06,4.835181933754487e-06,0.0,0.0,5.352319755315855e-06,5.81405460882002e-06,0.0,0.0,0.0,0.0,0.0,0.0,0.0,0.0,0.0,0.0,0.0,0.0,1.5099999904632568,0.0,0.0,0.0,0.0
3.952,0.0,0.0,0.0,datactrl_ref_vx_fallback,datactrl_est_vx_fallback,-1.5199999809265137,states_theta,-0.042015571147203445,2.000194537236295e-06,2.593822386837429e-06,4.835181933754487e-06,0.0,0.0,5.352319755315855e-06,5.81405460882002e-06,0.0,0.0,0.0,0.0,0.0,0.0,0.0,0.0,0.0,0.0,0.0,0.0,1.5199999809265137,0.0,0.0,0.0,0.0
4.002,0.0,0.0,0.0,datactrl_ref_vx_fallback,datactrl_est_vx_fallback,-1.5199999809265137,states_theta,-0.04201556742191315,2.000194537236295e-06,2.593822386837429e-06,4.835181933754487e-06,0.0,0.0,5.352319755315855e-06,5.81405460882002e-06,0.0,0.0,0.0,0.0,0.0,0.0,0.0,0.0,0.0,0.0,0.0,0.0,1.5199999809265137,0.0,0.0,0.0,0.0
4.195,0.0,0.0,0.0,datactrl_ref_vx_fallback,datactrl_est_vx_fallback,-1.5299999713897705,states_theta,-0.042015571147203445,2.000194537236295e-06,2.593822386837429e-06,4.835181933754487e-06,0.0,0.0,5.352319755315855e-06,5.81405460882002e-06,0.0,0.0,0.0,0.0,0.0,0.0,0.0,0.0,0.0,0.0,0.0,0.0,1.5299999713897705,0.0,0.0,0.0,0.0
4.245,0.0,0.0,0.0,datactrl_ref_vx_fallback,datactrl_est_vx_fallback,-1.5299999713897705,states_theta,-0.04201556742191315,2.000194537236295e-06,2.593822386837429e-06,4.835181933754487e-06,0.0,0.0,5.352319755315855e-06,5.81405460882002e-06,0.0,0.0,0.0,0.0,0.0,0.0,0.0,0.0,0.0,0.0,0.0,0.0,1.5299999713897705,0.0,0.0,0.0,0.0
4.445,0.0,0.0,0.0,datactrl_ref_vx_fallback,datactrl_est_vx_fallback,-1.5399999618530273,states_theta,-0.042015571147203445,2.000194537236295e-06,2.593822386837429e-06,4.835181933754487e-06,0.0,0.0,5.352319755315855e-06,5.81405460882002e-06,0.0,0.0,0.0,0.0,0.0,0.0,0.0,0.0,0.0,0.0,0.0,0.0,1.5399999618530273,0.0,0.0,0.0,0.0
4.496,0.0,0.0,0.0,datactrl_ref_vx_fallback,datactrl_est_vx_fallback,-1.5399999618530273,states_theta,-0.04201556742191315,2.000194537236295e-06,2.593822386837429e-06,4.835181933754487e-06,0.0,0.0,5.352319755315855e-06,5.81405460882002e-06,0.0,0.0,0.0,0.0,0.0,0.0,0.0,0.0,0.0,0.0,0.0,0.0,1.5399999618530273,0.0,0.0,0.0,0.0
4.747,0.0,0.0,0.0,datactrl_ref_vx_fallback,datactrl_est_vx_fallback,-1.5499999523162842,states_theta,-0.04201556742191315,2.000194537236295e-06,2.593822386837429e-06,4.835181933754487e-06,0.0,0.0,5.352319755315855e-06,5.81405460882002e-06,0.0,0.0,0.0,0.0,0.0,0.0,0.0,0.0,0.0,0.0,0.0,0.0,1.5499999523162842,0.0,0.0,0.0,0.0
4.928,0.0,0.0,0.0,datactrl_ref_vx_fallback,datactrl_est_vx_fallback,-1.5499999523162842,states_theta,-0.042015571147203445,2.000194537236295e-06,2.593822386837429e-06,4.835181933754487e-06,0.0,0.0,5.352319755315855e-06,5.81405460882002e-06,0.0,0.0,0.0,0.0,0.0,0.0,0.0,0.0,0.0,0.0,0.0,0.0,1.5499999523162842,0.0,0.0,0.0,0.0
4.98,0.0,0.0,0.0,datactrl_ref_vx_fallback,datactrl_est_vx_fallback,-1.559999942779541,states_theta,-0.04201556742191315,2.000194537236295e-06,2.593822386837429e-06,4.835181933754487e-06,0.0,0.0,5.352319755315855e-06,5.81405460882002e-06,0.0,0.0,0.0,0.0,0.0,0.0,0.0,0.0,0.0,0.0,0.0,0.0,1.559999942779541,0.0,0.0,0.0,0.0
5.167,0.0,0.0,0.0,datactrl_ref_vx_fallback,datactrl_est_vx_fallback,-1.559999942779541,states_theta,-0.042015571147203445,2.0590321763862914e-06,2.705030298501051e-06,4.364480820554517e-06,0.0,0.0,5.823020868515826e-06,6.2847557220199905e-06,0.0,0.0,0.0,0.0,0.0,0.0,0.0,0.0,0.0,0.0,0.0,0.0,1.559999942779541,0.0,0.0,0.0,0.0
5.22,0.0,0.0,0.0,datactrl_ref_vx_fallback,datactrl_est_vx_fallback,-1.559999942779541,states_theta,-0.04201556742191315,2.0590321763862914e-06,2.705030298501051e-06,4.364480820554517e-06,0.0,0.0,5.823020868515826e-06,6.2847557220199905e-06,0.0,0.0,0.0,0.0,0.0,0.0,0.0,0.0,0.0,0.0,0.0,0.0,1.559999942779541,0.0,0.0,0.0,0.0
5.412,0.0,0.0,0.0,datactrl_ref_vx_fallback,datactrl_est_vx_fallback,-1.5699999332427979,states_theta,-0.042015571147203445,0.00019494367347702176,0.0003509280544803494,0.0004108574274617861,0.0,9.440960605625412e-05,0.0,0.001054282354298134,0.0,0.0,0.0,0.0,0.0,0.0,0.0,0.0,0.0,0.0,0.0,0.0,1.5699999332427979,0.0,0.0,0.0,0.0
5.463,0.0,0.0,0.0,datactrl_ref_vx_fallback,datactrl_est_vx_fallback,-1.5699999332427979,states_theta,-0.04201556742191315,0.00019494367347702176,0.0003509280544803494,0.0004108574274617861,0.0,9.440960605625412e-05,0.0,0.001054282354298134,0.0,0.0,0.0,0.0,0.0,0.0,0.0,0.0,0.0,0.0,0.0,0.0,1.5699999332427979,0.0,0.0,0.0,0.0
5.643,0.0,0.0,0.0,datactrl_ref_vx_fallback,datactrl_est_vx_fallback,-1.5799999237060547,states_theta,-0.042015571147203445,0.00042011140243808885,0.0007544585993915387,0.0008827667753784643,0.0,0.00021052360119499516,0.0,0.002267600842931251,0.0,0.0,0.0,0.0,0.0,0.0,0.0,0.0,0.0,0.0,0.0,0.0,1.5799999237060547,0.0,0.0,0.0,0.0
5.693,0.0,0.0,0.0,datactrl_ref_vx_fallback,datactrl_est_vx_fallback,-1.5799999237060547,states_theta,-0.04201556742191315,0.00042011140243808885,0.0007544585993915387,0.0008827667753784643,0.0,0.00021052360119499516,0.0,0.002267600842931251,0.0,0.0,0.0,0.0,0.0,0.0,0.0,0.0,0.0,0.0,0.0,0.0,1.5799999237060547,0.0,0.0,0.0,0.0
5.901,0.0,0.0,0.0,datactrl_ref_vx_fallback,datactrl_est_vx_fallback,-1.5899999141693115,states_theta,-0.042015571147203445,0.0006176182961469287,0.001107018918612657,0.001292720905950364,0.0,0.0003191801564997519,0.0,0.003329045306725314,0.0,0.0,0.0,0.0,0.0,0.0,0.0,0.0,0.0,0.0,0.0,0.0,1.5899999141693115,0.0,0.0,0.0,0.0
5.951,0.0,0.0,0.0,datactrl_ref_vx_fallback,datactrl_est_vx_fallback,-1.5899999141693115,states_theta,-0.04201556742191315,0.0006176182961469287,0.001107018918612657,0.001292720905950364,0.0,0.0003191801564997519,0.0,0.003329045306725314,0.0,0.0,0.0,0.0,0.0,0.0,0.0,0.0,0.0,0.0,0.0,0.0,1.5899999141693115,0.0,0.0,0.0,0.0
6.135,0.0,0.0,0.0,datactrl_ref_vx_fallback,datactrl_est_vx_fallback,-1.5899999141693115,states_theta,-0.042015571147203445,0.0007827247775179056,0.0014027103907330802,0.0016383769931026734,0.0,0.00040517644807304523,0.0,0.004218244778967526,0.0,0.0,0.0,0.0,0.0,0.0,0.0,0.0,0.0,0.0,0.0,0.0,1.5899999141693115,0.0,0.0,0.0,0.0
6.187,0.0,0.0,0.0,datactrl_ref_vx_fallback,datactrl_est_vx_fallback,-1.5999999046325684,states_theta,-0.04201556742191315,0.0007827247775179056,0.0014027103907330802,0.0016383769931026734,0.0,0.00040517644807304523,0.0,0.004218244778967526,0.0,0.0,0.0,0.0,0.0,0.0,0.0,0.0,0.0,0.0,0.0,0.0,1.5999999046325684,0.0,0.0,0.0,0.0
6.372,0.0,0.0,0.0,datactrl_ref_vx_fallback,datactrl_est_vx_fallback,-1.5999999046325684,states_theta,-0.042015571147203445,0.0009207510091069514,0.0016501955965302353,0.0019282619415747623,0.0,0.0004755844293768711,0.0,0.004962161701903978,0.0,0.0,0.0,0.0,0.0,0.0,0.0,0.0,0.0,0.0,0.0,0.0,1.5999999046325684,0.0,0.0,0.0,0.0
6.423,0.0,0.0,0.0,datactrl_ref_vx_fallback,datactrl_est_vx_fallback,-1.6100000143051147,states_theta,-0.04201556742191315,0.0009207510091069514,0.0016501955965302353,0.0019282619415747623,0.0,0.0004755844293768711,0.0,0.004962161701903978,0.0,0.0,0.0,0.0,0.0,0.0,0.0,0.0,0.0,0.0,0.0,0.0,1.6100000143051147,0.0,0.0,0.0,0.0
6.607,0.0,0.0,0.0,datactrl_ref_vx_fallback,datactrl_est_vx_fallback,-1.6100000143051147,states_theta,-0.042015571147203445,0.001030365663030074,0.001846397306733901,0.0021574008668800624,0.0,0.0005332294960749273,0.0,0.0055522949412856034,0.0,0.0,0.0,0.0,0.0,0.0,0.0,0.0,0.0,0.0,0.0,0.0,1.6100000143051147,0.0,0.0,0.0,0.0
6.66,0.0,0.0,0.0,datactrl_ref_vx_fallback,datactrl_est_vx_fallback,-1.6100000143051147,states_theta,-0.04201556742191315,0.001030365663030074,0.001846397306733901,0.0021574008668800624,0.0,0.0005332294960749273,0.0,0.0055522949412856034,0.0,0.0,0.0,0.0,0.0,0.0,0.0,0.0,0.0,0.0,0.0,0.0,1.6100000143051147,0.0,0.0,0.0,0.0
6.858,0.0,0.0,0.0,datactrl_ref_vx_fallback,datactrl_est_vx_fallback,-1.6200000047683716,states_theta,-0.042015571147203445,0.0011240079374750266,0.0020258781426190967,0.002338483618957117,0.0,0.0005575806230821631,0.0,0.006095999257760932,0.0,0.0,0.0,0.0,0.0,0.0,0.0,0.0,0.0,0.0,0.0,0.0,1.6200000047683716,0.0,0.0,0.0,0.0
6.91,0.0,0.0,0.0,datactrl_ref_vx_fallback,datactrl_est_vx_fallback,-1.6200000047683716,states_theta,-0.04201556742191315,0.0011240079374750266,0.0020258781426190967,0.002338483618957117,0.0,0.0005575806230821631,0.0,0.006095999257760932,0.0,0.0,0.0,0.0,0.0,0.0,0.0,0.0,0.0,0.0,0.0,0.0,1.6200000047683716,0.0,0.0,0.0,0.0
7.123,0.0,0.0,0.0,datactrl_ref_vx_fallback,datactrl_est_vx_fallback,-1.6299999952316284,states_theta,-0.042015571147203445,0.001205228228090473,0.0021727050346587165,0.0025099013237146308,0.0,0.000594935509081025,0.0,0.006536988991928128,0.0,0.0,0.0,0.0,0.0,0.0,0.0,0.0,0.0,0.0,0.0,0.0,1.6299999952316284,0.0,0.0,0.0,0.0
7.173,0.0,0.0,0.0,datactrl_ref_vx_fallback,datactrl_est_vx_fallback,-1.6299999952316284,states_theta,-0.04201556742191315,0.001205228228090473,0.0021727050346587165,0.0025099013237146308,0.0,0.000594935509081025,0.0,0.006536988991928128,0.0,0.0,0.0,0.0,0.0,0.0,0.0,0.0,0.0,0.0,0.0,0.0,1.6299999952316284,0.0,0.0,0.0,0.0
7.36,0.0,0.0,0.0,datactrl_ref_vx_fallback,datactrl_est_vx_fallback,-1.6399999856948853,states_theta,-0.042015571147203445,0.0012739967196740021,0.002297218465695051,0.00265573610168012,0.0,0.0006255188434869995,0.0,0.006910718812224897,0.0,0.0,0.0,0.0,0.0,0.0,0.0,0.0,0.0,0.0,0.0,0.0,1.6399999856948853,0.0,0.0,0.0,0.0
7.593,0.0,0.0,0.0,datactrl_ref_vx_fallback,datactrl_est_vx_fallback,-1.6399999856948853,states_theta,-0.042015571147203445,0.0013300116332773332,0.002394011810612188,0.002760630967529379,0.0,0.0006734071882733907,0.0,0.007206054910415895,0.0,0.0,0.0,0.0,0.0,0.0,0.0,0.0,0.0,0.0,0.0,0.0,1.6399999856948853,0.0,0.0,0.0,0.0
7.643,0.0,0.0,0.0,datactrl_ref_vx_fallback,datactrl_est_vx_fallback,-1.649999976158142,states_theta,-0.04201556742191315,0.0013300116332773332,0.002394011810612188,0.002760630967529379,0.0,0.0006734071882733907,0.0,0.007206054910415895,0.0,0.0,0.0,0.0,0.0,0.0,0.0,0.0,0.0,0.0,0.0,0.0,1.649999976158142,0.0,0.0,0.0,0.0
7.823,0.0,0.0,0.0,datactrl_ref_vx_fallback,datactrl_est_vx_fallback,-1.649999976158142,states_theta,-0.042015571147203445,0.0013799179512740396,0.002484508694298493,0.002867062707100847,0.0,0.0006947896964350253,0.0,0.007477491206656445,0.0,0.0,0.0,0.0,0.0,0.0,0.0,0.0,0.0,0.0,0.0,0.0,1.649999976158142,0.0,0.0,0.0,0.0
8.063,0.0,0.0,0.0,datactrl_ref_vx_fallback,datactrl_est_vx_fallback,-1.659999966621399,states_theta,-0.042015571147203445,0.0014167230243527246,0.0025558597147724996,0.0029591772814870614,0.0,0.0006878439687665135,0.0,0.007686762944568222,0.0,0.0,0.0,0.0,0.0,0.0,0.0,0.0,0.0,0.0,0.0,0.0,1.659999966621399,0.0,0.0,0.0,0.0
8.332,0.0,0.0,0.0,datactrl_ref_vx_fallback,datactrl_est_vx_fallback,-1.6699999570846558,states_theta,-0.042015571147203445,0.0014510140639264974,0.0026131731378934934,0.003017768509357675,0.0,0.0007266293373001991,0.0,0.007863714664754105,0.0,0.0,0.0,0.0,0.0,0.0,0.0,0.0,0.0,0.0,0.0,0.0,1.6699999570846558,0.0,0.0,0.0,0.0
8.385,0.0,0.0,0.0,datactrl_ref_vx_fallback,datactrl_est_vx_fallback,-1.6699999570846558,states_theta,-0.04201556742191315,0.0014510140639264974,0.0026131731378934934,0.003017768509357675,0.0,0.0007266293373001991,0.0,0.007863714664754105,0.0,0.0,0.0,0.0,0.0,0.0,0.0,0.0,0.0,0.0,0.0,0.0,1.6699999570846558,0.0,0.0,0.0,0.0
8.568,0.0,0.0,0.0,datactrl_ref_vx_fallback,datactrl_est_vx_fallback,-1.6799999475479126,states_theta,-0.042015571147203445,0.001483229434916431,0.0026719793665902205,0.003087846136362661,0.0,0.0007383643065881804,0.0,0.008039625036380607,0.0,0.0,0.0,0.0,0.0,0.0,0.0,0.0,0.0,0.0,0.0,0.0,1.6799999475479126,0.0,0.0,0.0,0.0
8.618,0.0,0.0,0.0,datactrl_ref_vx_fallback,datactrl_est_vx_fallback,-1.6799999475479126,states_theta,-0.04201556742191315,0.001483229434916431,0.0026719793665902205,0.003087846136362661,0.0,0.0007383643065881804,0.0,0.008039625036380607,0.0,0.0,0.0,0.0,0.0,0.0,0.0,0.0,0.0,0.0,0.0,0.0,1.6799999475479126,0.0,0.0,0.0,0.0
8.821,0.0,0.0,0.0,datactrl_ref_vx_fallback,datactrl_est_vx_fallback,-1.6899999380111694,states_theta,-0.042015571147203445,0.0015079726540444763,0.0027314683417661886,0.003121321558542744,0.0,0.0007193792376272361,0.0,0.008223080436185831,0.0,0.0,0.0,0.0,0.0,0.0,0.0,0.0,0.0,0.0,0.0,0.0,1.6899999380111694,0.0,0.0,0.0,0.0
9.05,0.0,0.0,0.0,datactrl_ref_vx_fallback,datactrl_est_vx_fallback,-1.6899999380111694,states_theta,-0.042015571147203445,0.0015330402531703383,0.0027775991030028406,0.0031765097459188255,0.0,0.0007269850389118066,0.0,0.008360827240532075,0.0,0.0,0.0,0.0,0.0,0.0,0.0,0.0,0.0,0.0,0.0,0.0,1.6899999380111694,0.0,0.0,0.0,0.0
9.102,0.0,0.0,0.0,datactrl_ref_vx_fallback,datactrl_est_vx_fallback,-1.6999999284744263,states_theta,-0.04201556742191315,0.0015330402531703383,0.0027775991030028406,0.0031765097459188255,0.0,0.0007269850389118066,0.0,0.008360827240532075,0.0,0.0,0.0,0.0,0.0,0.0,0.0,0.0,0.0,0.0,0.0,0.0,1.6999999284744263,0.0,0.0,0.0,0.0
9.297,0.0,0.0,0.0,datactrl_ref_vx_fallback,datactrl_est_vx_fallback,-1.6999999284744263,states_theta,-0.042015571147203445,0.0015525885359430884,0.002808164970289252,0.0032033132677744226,0.0,0.000759725443756991,0.0,0.008457669576013294,0.0,0.0,0.0,0.0,0.0,0.0,0.0,0.0,0.0,0.0,0.0,0.0,1.6999999284744263,0.0,0.0,0.0,0.0
9.348,0.0,0.0,0.0,datactrl_ref_vx_fallback,datactrl_est_vx_fallback,-1.709999918937683,states_theta,-0.04201556742191315,0.0015525885359430884,0.002808164970289252,0.0032033132677744226,0.0,0.000759725443756991,0.0,0.008457669576013294,0.0,0.0,0.0,0.0,0.0,0.0,0.0,0.0,0.0,0.0,0.0,0.0,1.709999918937683,0.0,0.0,0.0,0.0
9.612,0.0,0.0,0.0,datactrl_ref_vx_fallback,datactrl_est_vx_fallback,-1.709999918937683,states_theta,-0.04201556742191315,0.001566114546506345,0.002838236418579733,0.0032484076279844652,0.0,0.0007383104633925102,0.0,0.008542198280673784,0.0,0.0,0.0,0.0,0.0,0.0,0.0,0.0,0.0,0.0,0.0,0.0,1.709999918937683,0.0,0.0,0.0,0.0
9.891,0.0,0.0,0.0,datactrl_ref_vx_fallback,datactrl_est_vx_fallback,-1.71999990940094,states_theta,-0.042015571147203445,0.0015848739217135465,0.002872996958111727,0.0032906537102207296,0.0,0.0007426722121099678,0.0,0.008645665451377675,0.0,0.0,0.0,0.0,0.0,0.0,0.0,0.0,0.0,0.0,0.0,0.0,1.71999990940094,0.0,0.0,0.0,0.0
10.086,0.0,0.0,0.0,datactrl_ref_vx_fallback,datactrl_est_vx_fallback,-1.7300000190734863,states_theta,-0.04201556742191315,0.001598605984818486,0.002893562976970872,0.003304213443547636,0.0,0.0007718631686642182,0.0,0.008712771266336034,0.0,0.0,0.0,0.0,0.0,0.0,0.0,0.0,0.0,0.0,0.0,0.0,1.7300000190734863,0.0,0.0,0.0,0.0
10.136,0.0,0.0,0.0,datactrl_ref_vx_fallback,datactrl_est_vx_fallback,-1.7300000190734863,states_theta,-0.042015571147203445,0.001598605984818486,0.002893562976970872,0.003304213443547636,0.0,0.0007718631686642182,0.0,0.008712771266336034,0.0,0.0,0.0,0.0,0.0,0.0,0.0,0.0,0.0,0.0,0.0,0.0,1.7300000190734863,0.0,0.0,0.0,0.0
10.315,0.0,0.0,0.0,datactrl_ref_vx_fallback,datactrl_est_vx_fallback,-1.7400000095367432,states_theta,-0.04201556742191315,0.0016142331583696933,0.0029225296793430693,0.0033401069948510833,0.0,0.0007749787842028896,0.0,0.008798779487903573,0.0,0.0,0.0,0.0,0.0,0.0,0.0,0.0,0.0,0.0,0.0,0.0,1.7400000095367432,0.0,0.0,0.0,0.0
10.365,0.0,0.0,0.0,datactrl_ref_vx_fallback,datactrl_est_vx_fallback,-1.7400000095367432,states_theta,-0.042015571147203445,0.0016142331583696933,0.0029225296793430693,0.0033401069948510833,0.0,0.0007749787842028896,0.0,0.008798779487903573,0.0,0.0,0.0,0.0,0.0,0.0,0.0,0.0,0.0,0.0,0.0,0.0,1.7400000095367432,0.0,0.0,0.0,0.0
10.554,0.0,0.0,0.0,datactrl_ref_vx_fallback,datactrl_est_vx_fallback,-1.7400000095367432,states_theta,-0.04201556742191315,0.0016410280712550883,0.0029704339213795527,0.003396375480386771,0.0,0.0007890509424347812,0.0,0.008942798147219154,0.0,0.0,0.0,0.0,0.0,0.0,0.0,0.0,0.0,0.0,0.0,0.0,1.7400000095367432,0.0,0.0,0.0,0.0
10.61,0.0,0.0,0.0,datactrl_ref_vx_fallback,datactrl_est_vx_fallback,-1.75,states_theta,-0.042015571147203445,0.0016509562667280002,0.0029892379292810437,0.003420375459197318,0.0,0.0007890509464675275,0.0,0.008998223728159156,0.0,0.0,0.0,0.0,0.0,0.0,0.0,0.0,0.0,0.0,0.0,0.0,1.7400000095367432,0.0,0.0,0.0,0.0
10.748,0.0,0.0,0.0,datactrl_ref_vx_fallback,datactrl_est_vx_fallback,-1.75,states_theta,-0.04201556742191315,0.0016509562657198136,0.0029892379281873777,0.003420375459197318,0.0,0.0007890509424347812,0.0,0.00899822372412641,0.0,0.0,0.0,0.0,0.0,0.0,0.0,0.0,0.0,0.0,0.0,0.0,1.75,0.0,0.0,0.0,0.0
10.941,0.0,0.0,0.0,datactrl_ref_vx_fallback,datactrl_est_vx_fallback,-1.7599999904632568,states_theta,-0.042015571147203445,0.0016608844601845398,0.003008043211399162,0.003444375438007865,0.0,0.000789050942434782,0.0,0.00905364930103367,0.0,0.0,0.0,0.0,0.0,0.0,0.0,0.0,0.0,0.0,0.0,0.0,1.7599999904632568,0.0,0.0,0.0,0.0
11.181,0.0,0.0,0.0,datactrl_ref_vx_fallback,datactrl_est_vx_fallback,-1.7699999809265137,states_theta,-0.04201556742191315,0.007240532658062876,0.006438594190209901,0.013092389663579777,0.0062156974245878936,0.010413065189196146,0.008895021898971523,0.018793147719347234,0.0005149393688204328,0.0,0.0,0.0,0.0,0.0,0.0,0.0,0.0,0.0,0.0,0.0,1.7599999904632568,0.0,0.0,0.0,0.0
11.231,0.0,0.0,0.0,datactrl_ref_vx_fallback,datactrl_est_vx_fallback,-1.7699999809265137,states_theta,-0.04201556742191315,0.007240532658062876,0.006438594190209901,0.013092389663579777,0.0062156974245878936,0.010413065189196146,0.008895021898971523,0.018793147719347234,0.0005149393688204328,0.0,0.0,0.0,0.0,0.0,0.0,0.0,0.0,0.0,0.0,0.0,1.7699999809265137,0.0,0.0,0.0,0.0
11.494,0.0,0.0,0.0,datactrl_ref_vx_fallback,datactrl_est_vx_fallback,-1.7799999713897705,states_theta,-0.04201556742191315,0.014740532211028041,0.009825766655904962,0.02309238906753333,0.016215696828541445,0.02044077738160333,0.01886730851447145,0.02882085991175442,0.010487225984320357,0.0,0.0,0.0,0.0,0.0,0.0,0.0,0.0,0.0,0.0,0.0,1.7799999713897705,0.0,0.0,0.0,0.0
11.709,0.0,0.0,0.0,datactrl_ref_vx_fallback,datactrl_est_vx_fallback,-1.7799999713897705,states_theta,-0.042015571147203445,0.02224053399916738,0.01375843697950168,0.03311639143052966,0.026191699233916687,0.030440779765789117,0.028867310898657236,0.03887628787284747,0.020431802791598886,0.0,0.0,0.0,0.0,0.0,0.0,0.0,0.0,0.0,0.0,0.0,1.7799999713897705,0.0,0.0,0.0,0.0
11.759,0.0,0.0,0.0,datactrl_ref_vx_fallback,datactrl_est_vx_fallback,-1.7899999618530273,states_theta,-0.04201556742191315,0.02224053399916738,0.01375843697950168,0.03311639143052966,0.026191699233916687,0.030440779765789117,0.028867310898657236,0.03887628787284747,0.020431802791598886,0.0,0.0,0.0,0.0,0.0,0.0,0.0,0.0,0.0,0.0,0.0,1.7899999618530273,0.0,0.0,0.0,0.0
11.946,0.0,0.0,0.0,datactrl_ref_vx_fallback,datactrl_est_vx_fallback,-1.7899999618530273,states_theta,-0.042015571147203445,0.02974053578730673,0.017871940502108472,0.043140394079628316,0.03616770135318963,0.04041306903115878,0.038895026401659163,0.048904003375849395,0.030404092056968552,0.0,0.0,0.0,0.0,0.0,0.0,0.0,0.0,0.0,0.0,0.0,1.7899999618530273,0.0,0.0,0.0,0.0
12.0,0.0,0.0,0.0,datactrl_ref_vx_fallback,datactrl_est_vx_fallback,-1.7899999618530273,states_theta,-0.04201556742191315,0.02974053578730673,0.017871940502108472,0.043140394079628316,0.03616770135318963,0.04041306903115878,0.038895026401659163,0.048904003375849395,0.030404092056968552,0.0,0.0,0.0,0.0,0.0,0.0,0.0,0.0,0.0,0.0,0.0,1.7899999618530273,0.0,0.0,0.0,0.0
12.192,0.0,0.0,0.0,datactrl_ref_vx_fallback,datactrl_est_vx_fallback,-1.7999999523162842,states_theta,-0.04073307290673256,0.03724053757544607,0.021898266688814425,0.05305051387447745,0.04625758632671207,0.05041477124518372,0.0488933289560058,0.05719581080525485,0.04211228939593467,0.0,0.0,0.0,0.0,0.0,0.0,0.0,0.0,0.0,0.0,0.0,1.7999999523162842,0.0,0.0,0.0,0.0
12.245,0.0,0.0,0.0,datactrl_ref_vx_fallback,datactrl_est_vx_fallback,-1.7599999904632568,states_theta,0.6990222930908203,0.03724053757544607,0.021898266688814425,0.05305051387447745,0.04625758632671207,0.05041477124518372,0.0488933289560058,0.05719581080525485,0.04211228939593467,0.0,0.0,0.0,0.0,0.0,0.0,0.0,0.0,0.0,0.0,0.0,1.7599999904632568,0.0,0.0,0.0,0.0
12.448,0.0,0.0,0.0,datactrl_ref_vx_fallback,datactrl_est_vx_fallback,-1.5899999141693115,states_theta,2.3968288898468018,0.04474053936358541,0.0258534002730138,0.0608035693113914,0.058504535658169696,0.057911034663187505,0.06139707030637359,0.060182483419637625,0.05912562154992347,0.0,0.0,0.0,0.0,0.0,0.0,0.0,0.0,0.0,0.0,0.0,1.5899999141693115,0.0,0.0,0.0,0.0
12.504,0.0,0.0,0.0,datactrl_ref_vx_fallback,datactrl_est_vx_fallback,-1.2300000190734863,states_theta,3.864590644836426,0.04474053936358541,0.0258534002730138,0.0608035693113914,0.058504535658169696,0.057911034663187505,0.06139707030637359,0.060182483419637625,0.05912562154992347,0.0,0.0,0.0,0.0,0.0,0.0,0.0,0.0,0.0,0.0,0.0,1.2300000190734863,0.0,0.0,0.0,0.0
12.7,0.0,0.0,0.0,datactrl_ref_vx_fallback,datactrl_est_vx_fallback,-0.8399999737739563,states_theta,3.9096977710723877,0.05224054115172475,0.030238308843448032,0.07026640307220164,0.06904170666573103,0.06620245797820182,0.07310565175973086,0.06713070874488442,0.07217740099304826,0.0,0.0,0.0,0.0,0.0,0.0,0.0,0.0,0.0,0.0,0.0,0.8399999737739563,0.0,0.0,0.0,0.0
12.751,0.0,0.0,0.0,datactrl_ref_vx_fallback,datactrl_est_vx_fallback,-0.4399999976158142,states_theta,4.048251152038574,0.05224054115172475,0.030238308843448032,0.07026640307220164,0.06904170666573103,0.06620245797820182,0.07310565175973086,0.06713070874488442,0.07217740099304826,0.0,0.0,0.0,0.0,0.0,0.0,0.0,0.0,0.0,0.0,0.0,0.4399999976158142,0.0,0.0,0.0,0.0
12.946,0.0,0.0,0.0,datactrl_ref_vx_fallback,datactrl_est_vx_fallback,-0.009999999776482582,states_theta,4.313282489776611,0.059740542939864104,0.03475711387220993,0.0796295563962805,0.07967855811002378,0.07391326926843293,0.08539484523787134,0.07327487358600022,0.08603324092030405,0.0,0.0,0.0,0.0,0.0,0.0,0.0,0.0,0.0,0.0,0.0,0.009999999776482582,0.0,0.0,0.0,0.0
13.002,0.0,0.0,0.0,datactrl_ref_vx_fallback,datactrl_est_vx_fallback,0.429999977350235,states_theta,4.684779167175293,0.059740542939864104,0.03475711387220993,0.0796295563962805,0.07967855811002378,0.07391326926843293,0.08539484523787134,0.07327487358600022,0.08603324092030405,0.0,0.0,0.0,0.0,0.0,0.0,0.0,0.0,0.0,0.0,0.0,-0.429999977350235,0.0,0.0,0.0,0.0
13.211,0.0,0.0,0.0,datactrl_ref_vx_fallback,datactrl_est_vx_fallback,0.9300000071525574,states_theta,5.15162467956543,0.06724054472800345,0.03947847609086407,0.08889625968912668,0.09041185958554918,0.0808888622662669,0.09841925700840895,0.07832226608905724,0.10098585318561862,0.0,0.0,0.0,0.0,0.0,0.0,0.0,0.0,0.0,0.0,0.0,-0.9300000071525574,0.0,0.0,0.0,0.0
13.263,0.0,0.0,0.0,datactrl_ref_vx_fallback,datactrl_est_vx_fallback,1.4900000095367432,states_theta,5.696057319641113,0.06724054472800345,0.03947847609086407,0.08889625968912668,0.09041185958554918,0.0808888622662669,0.09841925700840895,0.07832226608905724,0.10098585318561862,0.0,0.0,0.0,0.0,0.0,0.0,0.0,0.0,0.0,0.0,0.0,-1.4900000095367432,0.0,0.0,0.0,0.0
13.45,0.0,0.0,0.0,datactrl_ref_vx_fallback,datactrl_est_vx_fallback,2.0399999618530273,states_theta,6.244644641876221,0.07474053757544608,0.04441818542516179,0.09807225029661126,0.10123584990457826,0.0873973004110401,0.11191079979014942,0.08259610455621424,0.11671199564497528,0.0,0.0,0.0,0.0,0.0,0.0,0.0,0.0,0.0,0.0,0.0,-2.0399999618530273,0.0,0.0,0.0,0.0
13.503,0.0,0.0,0.0,datactrl_ref_vx_fallback,datactrl_est_vx_fallback,2.7100000381469727,states_theta,6.877593994140625,0.07474053757544608,0.04441818542516179,0.09807225029661126,0.10123584990457826,0.0873973004110401,0.11191079979014942,0.08259610455621424,0.11671199564497528,0.0,0.0,0.0,0.0,0.0,0.0,0.0,0.0,0.0,0.0,0.0,-2.7100000381469727,0.0,0.0,0.0,0.0
13.675,0.0,0.0,0.0,datactrl_ref_vx_fallback,datactrl_est_vx_fallback,3.43999981880188,states_theta,7.5155229568481445,0.0822405304228887,0.04967332790732983,0.10695933574283709,0.11234874538486611,0.09328569383422575,0.12602238729347745,0.08564222360139148,0.13366585752631174,0.0,0.0,0.0,0.0,0.0,0.0,0.0,0.0,0.0,0.0,0.0,-3.43999981880188,0.0,0.0,0.0,0.0
13.728,0.0,0.0,0.0,datactrl_ref_vx_fallback,datactrl_est_vx_fallback,4.239999771118164,states_theta,8.12147045135498,0.0822405304228887,0.04967332790732983,0.10695933574283709,0.11234874538486611,0.09328569383422575,0.12602238729347745,0.08564222360139148,0.13366585752631174,0.0,0.0,0.0,0.0,0.0,0.0,0.0,0.0,0.0,0.0,0.0,-4.239999771118164,0.0,0.0,0.0,0.0
13.927,0.0,0.0,0.0,datactrl_ref_vx_fallback,datactrl_est_vx_fallback,5.089999675750732,states_theta,8.632792472839355,0.08974052327033133,0.055127888548353515,0.1156650830902792,0.12364297896393767,0.09908914325357775,0.14021891880063914,0.088353955745395,0.15095410630882186,0.0,0.0,0.0,0.0,0.0,0.0,0.0,0.0,0.0,0.0,0.0,-5.089999675750732,0.0,0.0,0.0,0.0
13.977,0.0,0.0,0.0,datactrl_ref_vx_fallback,datactrl_est_vx_fallback,5.980000019073486,states_theta,9.007096290588379,0.08974052327033133,0.055127888548353515,0.1156650830902792,0.12364297896393767,0.09908914325357775,0.14021891880063914,0.088353955745395,0.15095410630882186,0.0,0.0,0.0,0.0,0.0,0.0,0.0,0.0,0.0,0.0,0.0,-5.980000019073486,0.0,0.0,0.0,0.0
14.229,0.0,0.0,0.0,datactrl_ref_vx_fallback,datactrl_est_vx_fallback,7.809999942779541,states_theta,9.133112907409668,0.09724051611777394,0.06056085950627107,0.12426075282727352,0.13504729015345698,0.10541105304246452,0.153896989938266,0.09162721536564662,0.1676808276150839,0.0,0.0,0.0,0.0,0.0,0.0,0.0,0.0,0.0,0.0,0.0,-7.809999942779541,0.0,0.0,0.0,0.0
14.384,0.0,0.0,0.0,datactrl_ref_vx_fallback,datactrl_est_vx_fallback,8.609999656677246,states_theta,8.821497917175293,0.10099051254149526,0.06310847608765051,0.12861331480058363,0.14069471864340372,0.10916728823288444,0.16014074521110291,0.0940846016027673,0.17522343184122005,0.0,0.0,0.0,0.0,0.0,0.0,0.0,0.0,0.0,0.0,0.0,-8.609999656677246,0.0,0.0,0.0,0.0
14.603,0.0,0.0,0.0,datactrl_ref_vx_fallback,datactrl_est_vx_fallback,10.1899995803833,states_theta,7.175013065338135,0.1122405018126592,0.07000836574266002,0.14190123102337965,0.1574067738103782,0.12233125507881074,0.1769767497549471,0.10492362370275404,0.19438438113100381,0.0,0.0,0.0,0.0,0.0,0.0,0.0,0.0,0.0,0.0,0.0,-10.1899995803833,0.0,0.0,0.0,0.0
14.839,0.0,0.0,0.0,datactrl_ref_vx_fallback,datactrl_est_vx_fallback,11.269999504089355,states_theta,4.065348148345947,0.11974049466010182,0.07354708702165824,0.15161879122378913,0.1676891945364824,0.13398705808706288,0.18532092767320865,0.11727130834709039,0.20203667741318113,0.0,0.0,0.0,0.0,0.0,0.0,0.0,0.0,0.0,0.0,0.0,-11.269999504089355,0.0,0.0,0.0,0.0
14.911,0.0,0.0,0.0,datactrl_ref_vx_fallback,datactrl_est_vx_fallback,11.529999732971191,states_theta,1.9939422607421875,0.12349049108382314,0.07504577009502421,0.15682442980867886,0.1724835464148495,0.1407078183868381,0.18860015783669026,0.12516288078273627,0.20414509544079212,0.0,0.0,0.0,0.0,0.0,0.0,0.0,0.0,0.0,0.0,0.0,-11.529999732971191,0.0,0.0,0.0,0.0
14.981,0.0,0.0,0.0,datactrl_ref_vx_fallback,datactrl_est_vx_fallback,11.569999694824219,states_theta,-0.3318383991718292,0.12349049108382314,0.07504577009502421,0.15682442980867886,0.1724835464148495,0.1407078183868381,0.18860015783669026,0.12516288078273627,0.20414509544079212,0.0,0.0,0.0,0.0,0.0,0.0,0.0,0.0,0.0,0.0,0.0,-11.569999694824219,0.0,0.0,0.0,0.0
15.061,0.0,0.0,0.0,datactrl_ref_vx_fallback,datactrl_est_vx_fallback,11.34999942779541,states_theta,-2.821991443634033,0.13099048393126578,0.07781696703948743,0.1679949319294487,0.18131302522059334,0.15573448573193652,0.19357347141810552,0.14396811617605418,0.20533984097398786,0.0,0.0,0.0,0.0,0.0,0.0,0.0,0.0,0.0,0.0,0.0,-11.34999942779541,0.0,0.0,0.0,0.0
15.17,0.0,0.0,0.0,datactrl_ref_vx_fallback,datactrl_est_vx_fallback,10.889999389648438,states_theta,-5.1733903884887695,0.1347404803549871,0.07925776705165119,0.17389435724826371,0.18541359036503516,0.16377825532887585,0.19552969228442302,0.15444881156595242,0.20485913604734646,0.0,0.0,0.0,0.0,0.0,0.0,0.0,0.0,0.0,0.0,0.0,-10.889999389648438,0.0,0.0,0.0,0.0
15.361,0.0,0.0,0.0,datactrl_ref_vx_fallback,datactrl_est_vx_fallback,9.329999923706055,states_theta,-9.881735801696777,0.14224047320242972,0.08248282134172796,0.18619726649010857,0.19311066204970398,0.18105787719773234,0.1982500513420802,0.1773514372528969,0.20195649128691565,0.0,0.0,0.0,0.0,0.0,0.0,0.0,0.0,0.0,0.0,0.0,-9.329999923706055,0.0,0.0,0.0,0.0
15.678,0.0,0.0,0.0,datactrl_ref_vx_fallback,datactrl_est_vx_fallback,5.529999732971191,states_theta,-14.041838645935059,0.14974047499056906,0.08645733661741244,0.19854305689773713,0.20076487641044702,0.19825167214083814,0.201056261167346,0.19959176550767418,0.19971616780050996,0.0,0.0,0.0,0.0,0.0,0.0,0.0,0.0,0.0,0.0,0.0,-5.529999732971191,0.0,0.0,0.0,0.0
15.815,0.0,0.0,0.0,datactrl_ref_vx_fallback,datactrl_est_vx_fallback,4.110000133514404,states_theta,-14.238853454589844,0.15349047141429034,0.08865819354202388,0.20456119526630748,0.20474672850513345,0.20641328470171427,0.20289463906972666,0.209710069032712,0.19959785473872893,0.0,0.0,0.0,0.0,0.0,0.0,0.0,0.0,0.0,0.0,0.0,-4.110000133514404,0.0,0.0,0.0,0.0
15.88,0.0,0.0,0.0,datactrl_ref_vx_fallback,datactrl_est_vx_fallback,2.7200000286102295,states_theta,-13.800166130065918,0.16099046426173297,0.09319286916396993,0.21592130419033506,0.21338660050761954,0.22094953832392472,0.20835836637402988,0.22653517384829108,0.20277273084966352,0.0,0.0,0.0,0.0,0.0,0.0,0.0,0.0,0.0,0.0,0.0,-2.7200000286102295,0.0,0.0,0.0,0.0
15.938,0.0,0.0,0.0,datactrl_ref_vx_fallback,datactrl_est_vx_fallback,1.5299999713897705,states_theta,-12.825098037719727,0.16099046426173297,0.09319286916396993,0.21592130419033506,0.21338660050761954,0.22094953832392472,0.20835836637402988,0.22653517384829108,0.20277273084966352,0.0,0.0,0.0,0.0,0.0,0.0,0.0,0.0,0.0,0.0,0.0,-1.5299999713897705,0.0,0.0,0.0,0.0
15.991,0.0,0.0,0.0,datactrl_ref_vx_fallback,datactrl_est_vx_fallback,-0.6399999856948853,states_theta,-9.452762603759766,0.1684904571091756,0.09765088843189579,0.22662673239770123,0.22268115322676704,0.23326434577149535,0.21604353985297292,0.23923844117429405,0.21006944445017423,0.0,0.0,0.0,0.0,0.0,0.0,0.0,0.0,0.0,0.0,0.0,0.6399999856948853,0.0,0.0,0.0,0.0
16.043,0.0,0.0,0.0,datactrl_ref_vx_fallback,datactrl_est_vx_fallback,-1.9799998998641968,states_theta,-4.872357368469238,0.17599044995661822,0.10189942662835211,0.23657957391508974,0.2327282926358922,0.24288408479446696,0.22642378175651498,0.24752552220637095,0.221782344344611,0.0,0.0,0.0,0.0,0.0,0.0,0.0,0.0,0.0,0.0,0.0,1.9799998998641968,0.0,0.0,0.0,0.0
16.099,0.0,0.0,0.0,datactrl_ref_vx_fallback,datactrl_est_vx_fallback,-2.3999998569488525,states_theta,-0.4443100392818451,0.18349044280406085,0.10606355178838756,0.24609787049786436,0.24320997697963126,0.25054725214526996,0.23876059533222566,0.25298668854689016,0.23632115893060546,0.0,0.0,0.0,0.0,0.0,0.0,0.0,0.0,0.0,0.0,0.0,2.3999998569488525,0.0,0.0,0.0,0.0
16.162,0.0,0.0,0.0,datactrl_ref_vx_fallback,datactrl_est_vx_fallback,-2.109999895095825,states_theta,2.6328020095825195,0.1909904356515035,0.11029127906115337,0.25553299939789104,0.2537748290061183,0.2575828351991799,0.25172499320482944,0.25794808556822646,0.2513597428357829,0.0,0.0,0.0,0.0,0.0,0.0,0.0,0.0,0.0,0.0,0.0,2.109999895095825,0.0,0.0,0.0,0.0
16.223,0.0,0.0,0.0,datactrl_ref_vx_fallback,datactrl_est_vx_fallback,-1.399999976158142,states_theta,4.041172027587891,0.19849042849894613,0.11459960380906459,0.2648736581844706,0.2644341511460524,0.26494950243930226,0.26435830689122075,0.26371893824978476,0.26558887108073825,0.0,0.0,0.0,0.0,0.0,0.0,0.0,0.0,0.0,0.0,0.0,1.399999976158142,0.0,0.0,0.0,0.0
16.286,0.0,0.0,0.0,datactrl_ref_vx_fallback,datactrl_est_vx_fallback,-0.5899999737739563,states_theta,3.784374713897705,0.20599042134638876,0.11894127527139613,0.27449493430783256,0.2748128559492041,0.27320884707874343,0.27609894317829325,0.27150384141706,0.27780394883997667,0.0,0.0,0.0,0.0,0.0,0.0,0.0,0.0,0.0,0.0,0.0,0.5899999737739563,0.0,0.0,0.0,0.0
16.345,0.0,0.0,0.0,datactrl_ref_vx_fallback,datactrl_est_vx_fallback,0.0,datactrl_est_theta_fallback,2.4200172424316406,0.21349041419383138,0.1232727372588546,0.2842623943527223,0.28504537683082803,0.28284418533858224,0.2864635858449681,0.28143413592850086,0.2878736352550495,0.0,0.0,0.0,0.0,0.0,0.0,0.0,0.0,0.0,0.0,0.0,0.0,0.0,0.0,0.0,0.0
16.409,0.0,0.0,0.0,datactrl_ref_vx_fallback,datactrl_est_vx_fallback,0.28999999165534973,states_theta,0.8151384592056274,0.220990407041274,0.12759459442062962,0.29436111277926647,0.29494663933079757,0.29339555918001836,0.29591219293004567,0.2926110779554527,0.2966966741546113,0.0,0.0,0.0,0.0,0.0,0.0,0.0,0.0,0.0,0.0,0.0,-0.28999999165534973,0.0,0.0,0.0,0.0
16.467,0.0,0.0,0.0,datactrl_ref_vx_fallback,datactrl_est_vx_fallback,0.3199999928474426,states_theta,-0.20057693123817444,0.22849039988871664,0.13191994467681062,0.3043798090338368,0.3049279240027409,0.3040412619354336,0.3052664711011441,0.3039102040653869,0.3053975289711908,0.0,0.0,0.0,0.0,0.0,0.0,0.0,0.0,0.0,0.0,0.0,-0.3199999928474426,0.0,0.0,0.0,0.0
16.528,0.0,0.0,0.0,datactrl_ref_vx_fallback,datactrl_est_vx_fallback,0.20999999344348907,states_theta,-0.6422147750854492,0.23599039273615927,0.13624922157712113,0.3143475913315326,0.31496012263155876,0.31468586792224956,0.3146218460408418,0.31479318793591,0.3145145260271814,0.0,0.0,0.0,0.0,0.0,0.0,0.0,0.0,0.0,0.0,0.0,-0.20999999344348907,0.0,0.0,0.0,0.0
16.586,0.0,0.0,0.0,datactrl_ref_vx_fallback,datactrl_est_vx_fallback,0.07999999821186066,states_theta,-0.6329066753387451,0.2434903855836019,0.1405796849030577,0.32433973287019247,0.3249679620194126,0.3249866390366829,0.32432105585292215,0.32519358444327084,0.3241141104463342,0.0,0.0,0.0,0.0,0.0,0.0,0.0,0.0,0.0,0.0,0.0,-0.07999999821186066,0.0,0.0,0.0,0.0
16.637,0.0,0.0,0.0,datactrl_ref_vx_fallback,datactrl_est_vx_fallback,0.0,datactrl_est_theta_fallback,-0.3609452545642853,0.25099037843104455,0.14490968784401143,0.33436404811137377,0.33494362770474495,0.3349537698476208,0.3343539059684979,0.33510457836049135,0.3342030974556274,0.0,0.0,0.0,0.0,0.0,0.0,0.0,0.0,0.0,0.0,0.0,-0.029999999329447746,0.0,0.0,0.0,0.0
16.698,0.0,0.0,0.0,datactrl_ref_vx_fallback,datactrl_est_vx_fallback,-0.029999999329447746,states_theta,-0.08114921301603317,0.2584903712784872,0.14923959289171876,0.3443881645210683,0.3449194922215641,0.3447944892163993,0.34451316752623307,0.34484857162697946,0.34445908511565293,0.0,0.0,0.0,0.0,0.0,0.0,0.0,0.0,0.0,0.0,0.0,0.019999999552965164,0.0,0.0,0.0,0.0
16.758,0.0,0.0,0.0,datactrl_ref_vx_fallback,datactrl_est_vx_fallback,-0.03999999910593033,states_theta,-0.06898383051156998,0.2659903641259298,0.1535697552903777,0.3543577242260665,0.3549499134430796,0.35481833842723787,0.3544892992419082,0.35491035462697584,0.3543972830421702,0.0,0.0,0.0,0.0,0.0,0.0,0.0,0.0,0.0,0.0,0.0,0.03999999910593033,0.0,0.0,0.0,0.0
16.819,0.0,0.0,0.0,datactrl_ref_vx_fallback,datactrl_est_vx_fallback,-0.04999999701976776,states_theta,-0.06902557611465454,0.27349035697337243,0.1578998938411593,0.3643577144407366,0.3649499041549231,0.3648460413261792,0.36446157726948053,0.3649380597451866,0.3643695588504731,0.0,0.0,0.0,0.0,0.0,0.0,0.0,0.0,0.0,0.0,0.0,0.04999999701976776,0.0,0.0,0.0,0.0
16.87,0.0,0.0,0.0,datactrl_ref_vx_fallback,datactrl_est_vx_fallback,-0.07000000029802322,states_theta,-0.06902557611465454,0.28099034982081506,0.16223005389941125,0.3743277671594067,0.3749798323627667,0.3748438068642744,0.37446379265789903,0.3749957007724553,0.3743118987497181,0.0,0.0,0.0,0.0,0.0,0.0,0.0,0.0,0.0,0.0,0.0,0.07000000029802322,0.0,0.0,0.0,0.0
16.924,0.0,0.0,0.0,datactrl_ref_vx_fallback,datactrl_est_vx_fallback,-0.07999999821186066,states_theta,-0.0670878142118454,0.2884903426682577,0.166560133629339,0.38429526688016863,0.38501231356851845,0.3848983518573381,0.38440922859134896,0.38479647395654226,0.3845111064921448,0.0,0.0,0.0,0.0,0.0,0.0,0.0,0.0,0.0,0.0,0.0,0.07999999821186066,0.0,0.0,0.0,0.0
16.975,0.0,0.0,0.0,datactrl_ref_vx_fallback,datactrl_est_vx_fallback,-0.07999999821186066,states_theta,0.041329383850097656,0.2959903355157003,0.17089016659954787,0.39444022423915587,0.3948673371360449,0.3947928500776909,0.39451471129750987,0.39481582009805877,0.394491741277142,0.0,0.0,0.0,0.0,0.0,0.0,0.0,0.0,0.0,0.0,0.0,0.07999999821186066,0.0,0.0,0.0,0.0
17.093,0.0,0.0,0.0,datactrl_ref_vx_fallback,datactrl_est_vx_fallback,-0.05999999865889549,states_theta,0.04201555252075195,0.3034903462445363,0.17522028063322193,0.4044886123821379,0.4048189776032923,0.40470895326944056,0.4045986367159896,0.404844324531476,0.40446326545395417,0.0,0.0,0.0,0.0,0.0,0.0,0.0,0.0,0.0,0.0,0.0,0.05999999865889549,0.0,0.0,0.0,0.0
17.193,0.0,0.0,0.0,datactrl_ref_vx_fallback,datactrl_est_vx_fallback,-0.05999999865889549,states_theta,0.04201555252075195,0.3072403605496511,0.17738535182157095,0.4094886321783367,0.4098189959540662,0.4097089715530733,0.4095986565793296,0.409844344394816,0.4094632837375869,0.0,0.0,0.0,0.0,0.0,0.0,0.0,0.0,0.0,0.0,0.0,0.05999999865889549,0.0,0.0,0.0,0.0
17.294,0.0,0.0,0.0,datactrl_ref_vx_fallback,datactrl_est_vx_fallback,-0.05999999865889549,states_theta,0.04201555252075195,0.31099037485476577,0.17955042302392896,0.4144886512521718,0.41481901502720364,0.4147089906269084,0.41459867565246705,0.41484436346795345,0.414463302811422,0.0,0.0,0.0,0.0,0.0,0.0,0.0,0.0,0.0,0.0,0.0,0.05999999865889549,0.0,0.0,0.0,0.0
17.394,0.0,0.0,0.0,datactrl_ref_vx_fallback,datactrl_est_vx_fallback,-0.04999999701976776,states_theta,0.04201555252075195,0.31474038915988056,0.18171548708917076,0.4195126703268178,0.41979503409953034,0.4196535840667038,0.4196541203596444,0.4198443825362806,0.4194633218900676,0.0,0.0,0.0,0.0,0.0,0.0,0.0,0.0,0.0,0.0,0.0,0.04999999701976776,0.0,0.0,0.0,0.0
17.494,0.0,0.0,0.0,datactrl_ref_vx_fallback,datactrl_est_vx_fallback,-0.04999999701976776,states_theta,0.04201555252075195,0.31849040346499535,0.1838805584022286,0.4245126894003041,0.42479505317301675,0.4246536031401901,0.4246541394331308,0.424844401609767,0.42446334096355387,0.0,0.0,0.0,0.0,0.0,0.0,0.0,0.0,0.0,0.0,0.0,0.04999999701976776,0.0,0.0,0.0,0.0
17.594,0.0,0.0,0.0,datactrl_ref_vx_fallback,datactrl_est_vx_fallback,-0.03999999910593033,states_theta,0.04201555252075195,0.32224041777011003,0.1860456276437335,0.4295367084749527,0.4297710722453408,0.4295981965903119,0.42970958412998156,0.42984442068841516,0.4294633600318783,0.0,0.0,0.0,0.0,0.0,0.0,0.0,0.0,0.0,0.0,0.0,0.03999999910593033,0.0,0.0,0.0,0.0
17.694,0.0,0.0,0.0,datactrl_ref_vx_fallback,datactrl_est_vx_fallback,-0.03999999910593033,states_theta,0.04201555252075195,0.3259904320752248,0.188210699001579,0.43453672754843903,0.43477109131882713,0.43459821566379825,0.4347096032034679,0.4348444397619015,0.43446337910536464,0.0,0.0,0.0,0.0,0.0,0.0,0.0,0.0,0.0,0.0,0.0,0.03999999910593033,0.0,0.0,0.0,0.0
17.795,0.0,0.0,0.0,datactrl_ref_vx_fallback,datactrl_est_vx_fallback,-0.029999999329447746,states_theta,0.04201555252075195,0.3297404463803395,0.19037577312449555,0.43956074662308764,0.4397471103911511,0.4395428091087581,0.43976504790548065,0.4398444588353878,0.43946339817885094,0.0,0.0,0.0,0.0,0.0,0.0,0.0,0.0,0.0,0.0,0.0,0.029999999329447746,0.0,0.0,0.0,0.0
17.895,0.0,0.0,0.0,datactrl_ref_vx_fallback,datactrl_est_vx_fallback,-0.029999999329447746,states_theta,0.04201555252075195,0.3334904606854543,0.1925408537913756,0.44458476569773625,0.4447231294634752,0.4445151153679813,0.4447927797932302,0.44487219072313733,0.4444357044380741,0.0,0.0,0.0,0.0,0.0,0.0,0.0,0.0,0.0,0.0,0.0,0.029999999329447746,0.0,0.0,0.0,0.0
17.995,0.0,0.0,0.0,datactrl_ref_vx_fallback,datactrl_est_vx_fallback,-0.029999999329447746,states_theta,0.04201555252075195,0.3372404749905691,0.19470592504236034,0.4495847847712226,0.44972314853696155,0.4495151344414676,0.4497927988667165,0.4498722097966237,0.44943572351156047,0.0,0.0,0.0,0.0,0.0,0.0,0.0,0.0,0.0,0.0,0.0,0.029999999329447746,0.0,0.0,0.0,0.0
18.094,0.0,0.0,0.0,datactrl_ref_vx_fallback,datactrl_est_vx_fallback,-0.019999999552965164,states_theta,0.04201555252075195,0.34099048929568376,0.19687099448538925,0.4545848038447089,0.45472316761044784,0.45448744070069075,0.454820530754466,0.4548445160558468,0.45446345539930993,0.0,0.0,0.0,0.0,0.0,0.0,0.0,0.0,0.0,0.0,0.0,0.019999999552965164,0.0,0.0,0.0,0.0
18.195,0.0,0.0,0.0,datactrl_ref_vx_fallback,datactrl_est_vx_fallback,-0.019999999552965164,states_theta,0.04201555252075195,0.34474050360079855,0.19903606577855923,0.45958482291819525,0.4597231866839342,0.4594874597741771,0.45982054982795234,0.45984453512933315,0.4594634744727963,0.0,0.0,0.0,0.0,0.0,0.0,0.0,0.0,0.0,0.0,0.0,0.019999999552965164,0.0,0.0,0.0,0.0
18.295,0.0,0.0,0.0,datactrl_ref_vx_fallback,datactrl_est_vx_fallback,-0.009999999776482582,states_theta,0.04201555252075195,0.34849051790591323,0.20120114875497674,0.46460884199284386,0.46469920575625817,0.46443205321913694,0.4648759945299651,0.46484455420281945,0.4644634935462826,0.0,0.0,0.0,0.0,0.0,0.0,0.0,0.0,0.0,0.0,0.0,0.009999999776482582,0.0,0.0,0.0,0.0
18.396,0.0,0.0,0.0,datactrl_ref_vx_fallback,datactrl_est_vx_fallback,-0.009999999776482582,states_theta,0.04201555252075195,0.352240532211028,0.20336621945695182,0.46960793846675564,0.4697001474293191,0.46943313761884875,0.469874948277226,0.46984350795008034,0.4694645779459944,0.0,0.0,0.0,0.0,0.0,0.0,0.0,0.0,0.0,0.0,0.0,0.009999999776482582,0.0,0.0,0.0,0.0
18.496,0.0,0.0,0.0,datactrl_ref_vx_fallback,datactrl_est_vx_fallback,-0.009999999776482582,states_theta,0.04201555252075195,0.3559905465161428,0.20553130444973783,0.47463198109804466,0.47467614294500277,0.4744054166772066,0.47490270736584084,0.4748712670386952,0.47443685700435223,0.0,0.0,0.0,0.0,0.0,0.0,0.0,0.0,0.0,0.0,0.0,0.009999999776482582,0.0,0.0,0.0,0.0
18.595,0.0,0.0,0.0,datactrl_ref_vx_fallback,datactrl_est_vx_fallback,0.0,datactrl_est_theta_fallback,0.04201555252075195,0.3597405608212575,0.20769637749651043,0.4796319988863058,0.4796761633037142,0.4793777244204799,0.47993043776954014,0.47984357181386816,0.47946459037615186,0.0,0.0,0.0,0.0,0.0,0.0,0.0,0.0,0.0,0.0,0.0,0.0,0.0,0.0,0.0,0.0
18.696,0.0,0.0,0.0,datactrl_ref_vx_fallback,datactrl_est_vx_fallback,0.0,datactrl_est_theta_fallback,0.04201555252075195,0.3634905751263723,0.2098614645706233,0.4846560179609544,0.4846521823760383,0.484350030679703,0.4849581696572897,0.48487130370161774,0.484436896635375,0.0,0.0,0.0,0.0,0.0,0.0,0.0,0.0,0.0,0.0,0.0,0.0,0.0,0.0,0.0,0.0
18.797,0.0,0.0,0.0,datactrl_ref_vx_fallback,datactrl_est_vx_fallback,0.0,datactrl_est_theta_fallback,0.04201555252075195,0.36724058943148696,0.21202653548983444,0.4896560370344407,0.4896522014495246,0.4893500497531893,0.489958188730776,0.48987132277510403,0.4894369157088613,0.0,0.0,0.0,0.0,0.0,0.0,0.0,0.0,0.0,0.0,0.0,0.0,0.0,0.0,0.0,0.0
18.896,0.0,0.0,0.0,datactrl_ref_vx_fallback,datactrl_est_vx_fallback,0.0,datactrl_est_theta_fallback,0.04201555252075195,0.37099060373660175,0.21419162457348223,0.4946800561090894,0.4946282205218486,0.4943223560124125,0.49498592061852553,0.49489905466285355,0.49440922196808446,0.0,0.0,0.0,0.0,0.0,0.0,0.0,0.0,0.0,0.0,0.0,0.0,0.0,0.0,0.0,0.0
18.996,0.0,0.0,0.0,datactrl_ref_vx_fallback,datactrl_est_vx_fallback,0.0,datactrl_est_theta_fallback,0.04201555252075195,0.37474061804171654,0.21635669534491883,0.49968007518257573,0.499628239595335,0.49932237508589883,0.4999859396920119,0.4998990737363399,0.4994092410415708,0.0,0.0,0.0,0.0,0.0,0.0,0.0,0.0,0.0,0.0,0.0,0.0,0.0,0.0,0.0,0.0
19.096,0.0,0.0,0.0,datactrl_ref_vx_fallback,datactrl_est_vx_fallback,0.009999999776482582,states_theta,0.02454116754233837,0.3784906323468313,0.21852175678805924,0.5046779939600711,0.5046303589648123,0.5043289673858682,0.5049793855390152,0.5048734137842115,0.504434939140672,0.0,0.0,0.0,0.0,0.0,0.0,0.0,0.0,0.0,0.0,0.0,-0.009999999776482582,0.0,0.0,0.0,0.0
19.197,0.0,0.0,0.0,datactrl_ref_vx_fallback,datactrl_est_vx_fallback,0.0,datactrl_est_theta_fallback,-0.10155653208494186,0.38224064665194596,0.2206867763336113,0.5096679358109528,0.5096404552609031,0.5096165105542401,0.5096918805176158,0.5099034235483062,0.5094049675235497,0.0,0.0,0.0,0.0,0.0,0.0,0.0,0.0,0.0,0.0,0.0,0.0,0.0,0.0,0.0,0.0
19.297,0.0,0.0,0.0,datactrl_ref_vx_fallback,datactrl_est_vx_fallback,0.0,datactrl_est_theta_fallback,-0.1040237545967102,0.3859906609570607,0.22285184697437932,0.514668424367443,0.5146400048513856,0.5146235122741372,0.5146849169446914,0.5149015879978482,0.5144068412209803,0.0,0.0,0.0,0.0,0.0,0.0,0.0,0.0,0.0,0.0,0.0,0.0,0.0,0.0,0.0,0.0
19.397,0.0,0.0,0.0,datactrl_ref_vx_fallback,datactrl_est_vx_fallback,-0.009999999776482582,states_theta,-0.1040387749671936,0.3897406752621755,0.22501692593609485,0.5196684486384079,0.5196400187273934,0.5196512587357595,0.5196572086300418,0.5199293365413028,0.5193791308244985,0.0,0.0,0.0,0.0,0.0,0.0,0.0,0.0,0.0,0.0,0.0,0.009999999776482582,0.0,0.0,0.0,0.0
19.497,0.0,0.0,0.0,datactrl_ref_vx_fallback,datactrl_est_vx_fallback,-0.019999999552965164,states_theta,-0.10403851419687271,0.3934906895672903,0.22718199875282097,0.5246444662047833,0.5246640393079907,0.5247067042161665,0.5246018012966075,0.5249293542879415,0.5243791512248325,0.0,0.0,0.0,0.0,0.0,0.0,0.0,0.0,0.0,0.0,0.0,0.019999999552965164,0.0,0.0,0.0,0.0
19.597,0.0,0.0,0.0,datactrl_ref_vx_fallback,datactrl_est_vx_fallback,-0.029999999329447746,states_theta,-0.10403850674629211,0.397240703872405,0.22934707472566984,0.5296744230242533,0.5296341206354934,0.5297643738267839,0.5295441698329628,0.5299271484366923,0.5293813952230544,0.0,0.0,0.0,0.0,0.0,0.0,0.0,0.0,0.0,0.0,0.0,0.029999999329447746,0.0,0.0,0.0,0.0
19.697,0.0,0.0,0.0,datactrl_ref_vx_fallback,datactrl_est_vx_fallback,-0.03999999910593033,states_theta,-0.10403851419687271,0.4009907181775197,0.23151215834110586,0.5346744421033275,0.5346341397033917,0.5347921057281867,0.5345164760785325,0.5349548803269192,0.5343537014798,0.0,0.0,0.0,0.0,0.0,0.0,0.0,0.0,0.0,0.0,0.0,0.03999999910593033,0.0,0.0,0.0,0.0
19.797,3.211904186173342e-05,1.605952093086671e-05,1.605952093086671e-05,datactrl_ref_vx_fallback,datactrl_est_vx_fallback,-0.04999999701976776,states_theta,-0.10403850674629211,0.4047407324826344,0.2336772409882448,0.5396627288003616,0.5396458911533303,0.5398332905128498,0.5394753294408421,0.5399689703728514,0.5393396495808405,0.0,0.0,0.0,1.605952093086671e-05,1.605952093086671e-05,0.0,0.0,0.0,0.0,0.0,-3.408503471291624e-05,0.049965910613536835,0.0,0.0,0.0,0.0
19.897,3.211904186173342e-05,1.605952093086671e-05,1.605952093086671e-05,datactrl_ref_vx_fallback,datactrl_est_vx_fallback,-0.05999999865889549,states_theta,-0.10403851419687271,0.4084907467877492,0.23584232742840958,0.5446627478794359,0.5446459102212287,0.5448610224194147,0.5444476356812499,0.5449967022682404,0.5443119558324242,0.0,0.0,0.0,1.605952093086671e-05,1.605952093086671e-05,0.0,0.0,0.0,0.0,0.0,-3.408503471291624e-05,0.059965912252664566,0.0,0.0,0.0,0.0
19.999,3.211904186173342e-05,1.605952093086671e-05,1.605952093086671e-05,datactrl_ref_vx_fallback,datactrl_est_vx_fallback,-0.07000000029802322,states_theta,-0.10092459619045258,0.412240761092864,0.23800741275553478,0.5496625182129793,0.549646178034658,0.5498884851515443,0.549420211096093,0.5500182311694132,0.5492904650782241,0.0,0.0,0.0,1.605952093086671e-05,1.605952093086671e-05,0.0,0.0,0.0,0.0,0.0,-3.408503471291624e-05,0.0699659138917923,0.0,0.0,0.0,0.0
20.098,3.211904186173342e-05,1.605952093086671e-05,1.605952093086671e-05,datactrl_ref_vx_fallback,datactrl_est_vx_fallback,-0.07000000029802322,states_theta,0.04607097804546356,0.41599077539797874,0.24017243011210457,0.5546556357014069,0.5546530986932031,0.5549449706105911,0.5543637637840189,0.5546562592778534,0.5546524751167565,0.0,0.0,0.0,1.605952093086671e-05,1.605952093086671e-05,0.0,0.0,0.0,0.0,0.0,-3.408503471291624e-05,0.0699659138917923,0.0,0.0,0.0,0.0
20.198,3.122696580248885e-05,1.5613482901244424e-05,1.5613482901244424e-05,datactrl_ref_vx_fallback,datactrl_est_vx_fallback,-0.07000000029802322,states_theta,0.059969812631607056,0.4197407897030934,0.24233751122554922,0.559629187125856,0.5596795854157265,0.5599705198168567,0.5593382527247257,0.5596018652755494,0.559706907266033,0.0,0.0,0.0,1.5613482901244424e-05,1.5613482901244424e-05,0.0,0.0,0.0,0.0,0.0,-3.313835622975603e-05,0.0699668601155281,0.0,0.0,0.0,0.0
20.3,3.122696580248885e-05,1.5613482901244424e-05,1.5613482901244424e-05,datactrl_ref_vx_fallback,datactrl_est_vx_fallback,-0.05999999865889549,states_theta,0.06002126634120941,0.42349080400820815,0.24450260088237571,0.5646352769803358,0.5646735337082194,0.5650005531870886,0.5643082575014665,0.5645163374731071,0.564792473215448,0.0,0.0,0.0,1.5613482901244424e-05,1.5613482901244424e-05,0.0,0.0,0.0,0.0,0.0,-3.313835622975603e-05,0.059966858476400375,0.0,0.0,0.0,0.0
20.398,-0.01663097902201116,0.009999999776482582,-0.026630978798493743,datactrl_ref_vx_fallback,states_vx_gs,-0.04999999701976776,states_theta,0.1450779139995575,0.42724081831332295,0.24666764098439284,0.5696195116086213,0.5696893372269065,0.5699051181096869,0.5694037307258409,0.5695364204372496,0.5697724283982782,0.0,0.0,0.0,-0.0033154895063489676,-0.013315489515662193,0.0,0.0,0.0,0.0,0.0,0.02826104871928692,0.07826104760169983,0.0,0.0,0.0,0.0
20.499,-0.01663188054226339,0.009999999776482582,-0.02663188031874597,datactrl_ref_vx_fallback,states_vx_gs,-0.029999999329447746,states_theta,0.2512703239917755,0.43099083261843774,0.24883268914178158,0.5746285116737192,0.5746803753087814,0.5746299277618534,0.5746789592206472,0.5744800862059449,0.5748288007765556,0.0,0.0,0.0,-0.0033159402664750814,-0.013315940275788307,0.0,0.0,0.0,0.0,0.0,0.028262006118893623,0.05826200544834137,0.0,0.0,0.0,0.0
20.599,-0.01663188054226339,0.009999999776482582,-0.02663188031874597,datactrl_ref_vx_fallback,states_vx_gs,0.028262006118893623,datactrl_est_theta_fallback,0.25311294198036194,0.42786122858648534,0.24702583585428398,0.5704566249707881,0.5705066512598396,0.5703714762738751,0.5705917999567526,0.570222820239158,0.5707404559914696,0.0,0.0,0.0,-0.0033159402664750814,-0.013315940275788307,0.0,0.0,0.0,0.0,0.0,0.028262006118893623,0.028262006118893623,0.0,0.0,0.0,0.0
20.699,-0.01663188054226339,0.009999999776482582,-0.02663188031874597,datactrl_ref_vx_fallback,states_vx_gs,0.009999999776482582,states_theta,0.14010566473007202,0.4220469339695756,0.24366892581256883,0.5627653168417629,0.562693173743772,0.5627042504491636,0.5627542401363713,0.5625647160245947,0.5628937745609403,0.0,0.0,0.0,-0.0033159402664750814,-0.013315940275788307,0.0,0.0,0.0,0.0,0.0,0.028262006118893623,0.01826200634241104,0.0,0.0,0.0,0.0
20.798,-0.01663188054226339,0.009999999776482582,-0.02663188031874597,datactrl_ref_vx_fallback,states_vx_gs,0.009999999776482582,states_theta,0.05393450707197189,0.4156820793119844,0.23999416158643022,0.554283662926487,0.5542018819054714,0.5542545097946522,0.5542310350373062,0.5542206143195122,0.5542649305124462,0.0,0.0,0.0,-0.0033159402664750814,-0.013315940275788307,0.0,0.0,0.0,0.0,0.0,0.028262006118893623,0.01826200634241104,0.0,0.0,0.0,0.0
20.898,-0.016632776707410812,0.009999999776482582,-0.026632776483893394,datactrl_ref_vx_fallback,states_vx_gs,0.019999999552965164,states_theta,0.0381145179271698,0.4093642735685422,0.23634657685607285,0.5458863361435341,0.5457517267059119,0.5457787074941238,0.5458593553553222,0.5458295823766881,0.5458084804727579,0.0,0.0,0.0,-0.003316388465464115,-0.013316388241946697,0.0,0.0,0.0,0.0,0.0,0.028768328949809074,0.008768328465521336,0.0,0.0,0.0,0.0
21.0,-0.016632776707410812,0.009999999776482582,-0.026632776483893394,datactrl_ref_vx_fallback,states_vx_gs,0.019999999552965164,states_theta,0.03857673704624176,0.40335065173795503,0.2328746084277526,0.5378392257093048,0.5377625122585754,0.5377783627873708,0.5378233751805094,0.537797148996963,0.5378045889709172,0.0,0.0,0.0,-0.003316388465464115,-0.013316388241946697,0.0,0.0,0.0,0.0,0.0,0.029490286484360695,0.009490287862718105,0.0,0.0,0.0,0.0
21.099,-0.016632776707410812,0.009999999776482582,-0.026632776483893394,datactrl_ref_vx_fallback,states_vx_gs,0.029999999329447746,states_theta,0.0390123650431633,0.3981745697621001,0.22988619761649526,0.53093868655469,0.5308601661442435,0.5308515566725351,0.5309472960263983,0.5308692308716103,0.5309296218273232,0.0,0.0,0.0,-0.003316388465464115,-0.013316388241946697,0.0,0.0,0.0,0.0,0.0,0.030212245881557465,0.00021224646479822695,0.0,0.0,0.0,0.0
21.2,-0.00663277693092823,-0.003316388465464115,-0.003316388465464115,datactrl_ref_vx_fallback,datactrl_est_vx_fallback,0.029999999329447746,states_theta,0.038474518805742264,0.39398139461470116,0.2274652782449485,0.5253727002948858,0.525244352010984,0.5251757018126705,0.5254413504931993,0.5252474454278776,0.5253696068779922,0.0,0.0,0.0,-0.003316388465464115,-0.003316388465464115,0.0,0.0,0.0,0.0,0.0,0.009276287630200386,-0.02072371169924736,0.0,0.0,0.0,0.0
21.3,-0.00663277693092823,-0.003316388465464115,-0.003316388465464115,datactrl_ref_vx_fallback,datactrl_est_vx_fallback,0.029999999329447746,states_theta,0.019610047340393066,0.39058281239273973,0.22550310097903112,0.5208384861992734,0.5207156801813659,0.5206814414177502,0.5208727249628892,0.5207178818776569,0.5208362845029825,0.0,0.0,0.0,-0.003316388465464115,-0.003316388465464115,0.0,0.0,0.0,0.0,0.0,0.009456087835133076,-0.020543910562992096,0.0,0.0,0.0,0.0
21.4,-0.00663277693092823,-0.003316388465464115,-0.003316388465464115,datactrl_ref_vx_fallback,datactrl_est_vx_fallback,0.029999999329447746,states_theta,-0.02784232795238495,0.3882663843362686,0.22416570288247478,0.5177179031538179,0.5176591217428983,0.5176615251156225,0.5177154997810938,0.5176591474901018,0.5177178774066145,0.0,0.0,0.0,-0.003316388465464115,-0.003316388465464115,0.0,0.0,0.0,0.0,0.0,0.00963588897138834,-0.02036411128938198,0.0,0.0,0.0,0.0
21.5,-0.013294996693730354,-0.006647498346865177,-0.006647498346865177,datactrl_ref_vx_fallback,datactrl_est_vx_fallback,0.019999999552965164,states_theta,-0.08952163904905319,0.3866684521169048,0.22324314350792146,0.5155420006616799,0.5155738716500663,0.5156647546854842,0.515451117626262,0.5156185915591964,0.5154972807525497,0.0,0.0,0.0,-0.006647498346865177,-0.006647498346865177,0.0,0.0,0.0,0.0,0.0,0.01701211929321289,-0.0029878795612603426,0.0,0.0,0.0,0.0
21.601,-0.013294996693730354,-0.006647498346865177,-0.006647498346865177,datactrl_ref_vx_fallback,datactrl_est_vx_fallback,0.009999999776482582,states_theta,-0.10836763679981232,0.38578427464679477,0.22273267975243755,0.5143133201071524,0.5144447456176338,0.5145622853360161,0.51419578038877,0.5144598588123448,0.5142982069124413,0.0,0.0,0.0,-0.006647498346865177,-0.006647498346865177,0.0,0.0,0.0,0.0,0.0,0.01737251877784729,0.0073725199326872826,0.0,0.0,0.0,0.0
21.7,-0.013294996693730354,-0.006647498346865177,-0.006647498346865177,datactrl_ref_vx_fallback,datactrl_est_vx_fallback,0.009999999776482582,states_theta,-0.018095068633556366,0.3857421877209788,0.2227083577397481,0.5143121693408323,0.5143336645817778,0.5143627903366024,0.5142830435860077,0.5143621528625517,0.5142836810600584,0.0,0.0,0.0,-0.006647498346865177,-0.006647498346865177,0.0,0.0,0.0,0.0,0.0,0.01776895858347416,0.0077689592726528645,0.0,0.0,0.0,0.0
21.8,-0.013294996693730354,-0.006647498346865177,-0.006647498346865177,datactrl_ref_vx_fallback,datactrl_est_vx_fallback,0.009999999776482582,states_theta,-0.01798596791923046,0.3857666822173748,0.22272249975115269,0.5143441869960197,0.5143669655836465,0.5143961044960607,0.5143150480836055,0.5143963687230914,0.5143147838565748,0.0,0.0,0.0,-0.006647498346865177,-0.006647498346865177,0.0,0.0,0.0,0.0,0.0,0.01812935806810856,0.008129358291625977,0.0,0.0,0.0,0.0
21.901,-0.01326555386185646,-0.00663277693092823,-0.00663277693092823,datactrl_ref_vx_fallback,datactrl_est_vx_fallback,0.018457874655723572,datactrl_est_theta_fallback,-0.01800677925348282,0.38642799954308726,0.22310431525292346,0.5152383117913855,0.5152363536568472,0.5152917890551489,0.5151828763930837,0.5153221676023929,0.5151524978458397,0.0,0.0,0.0,-0.00663277693092823,-0.00663277693092823,0.0,0.0,0.0,0.0,0.0,0.018457874655723572,0.018457874655723572,0.0,0.0,0.0,0.0
22.001,-0.01326555386185646,-0.00663277693092823,-0.00663277693092823,datactrl_ref_vx_fallback,datactrl_est_vx_fallback,0.01881747506558895,datactrl_est_theta_fallback,0.01745246909558773,0.3874290984816214,0.2236822959085895,0.5165732831175964,0.5165709795000606,0.5165902749831109,0.5165539876345461,0.5166226042961307,0.5165216583215263,0.0,0.0,0.0,-0.00663277693092823,-0.00663277693092823,0.0,0.0,0.0,0.0,0.0,0.01881747506558895,0.01881747506558895,0.0,0.0,0.0,0.0
22.1,-0.01326555386185646,-0.00663277693092823,-0.00663277693092823,datactrl_ref_vx_fallback,datactrl_est_vx_fallback,0.009999999776482582,states_theta,0.05642876401543617,0.3881394284844477,0.22409240503783473,0.5175205674041706,0.5175179085543565,0.5174694283076691,0.5175690476508581,0.5175037197670285,0.5175347561914987,0.0,0.0,0.0,-0.00663277693092823,-0.00663277693092823,0.0,0.0,0.0,0.0,0.0,0.01917707733809948,0.009177077561616898,0.0,0.0,0.0,0.0
22.201,-0.01326555386185646,-0.00663277693092823,-0.00663277693092823,datactrl_ref_vx_fallback,datactrl_est_vx_fallback,0.009999999776482582,states_theta,0.057030029594898224,0.3890905208039721,0.22464151843442035,0.5187888730575159,0.5187858490864097,0.5187371956262001,0.5188375265177254,0.5187734606507484,0.5188012614931772,0.0,0.0,0.0,-0.00663277693092823,-0.00663277693092823,0.0,0.0,0.0,0.0,0.0,0.01953667774796486,0.009536678902804852,0.0,0.0,0.0,0.0
22.302,-0.01326555386185646,-0.00663277693092823,-0.00663277693092823,datactrl_ref_vx_fallback,datactrl_est_vx_fallback,0.019999999552965164,states_theta,0.05702120065689087,0.390255830765999,0.22531431318245473,0.5203428071781042,0.5203394081978931,0.5202632348106793,0.5204189805653181,0.5203014848178795,0.5203807305581178,0.0,0.0,0.0,-0.00663277693092823,-0.00663277693092823,0.0,0.0,0.0,0.0,0.0,0.019896280020475388,-0.00010371949610998854,0.0,0.0,0.0,0.0
22.401,-0.01326555386185646,-0.00663277693092823,-0.00663277693092823,datactrl_ref_vx_fallback,datactrl_est_vx_fallback,0.029999999329447746,states_theta,0.056008629500865936,0.3909789143110526,0.22573178978197062,0.5213071110199681,0.5213033271428389,0.5212006030128528,0.5214098351499542,0.521240849420168,0.521369588742639,0.0,0.0,0.0,-0.00663277693092823,-0.00663277693092823,0.0,0.0,0.0,0.0,0.0,0.020255882292985916,-0.009744117967784405,0.0,0.0,0.0,0.0
22.501,-0.01326555386185646,-0.00663277693092823,-0.00663277693092823,datactrl_ref_vx_fallback,datactrl_est_vx_fallback,0.029999999329447746,states_theta,-0.01041850820183754,0.39185105961366695,0.22623531500600605,0.5224679438398522,0.5224682151299264,0.5224571679256875,0.522478991044091,0.5224495345340705,0.522486624435708,0.0,0.0,0.0,-0.00663277693092823,-0.00663277693092823,0.0,0.0,0.0,0.0,0.0,0.020615482702851295,-0.00938451662659645,0.0,0.0,0.0,0.0
22.602,-0.01326555386185646,-0.00663277693092823,-0.00663277693092823,datactrl_ref_vx_fallback,datactrl_est_vx_fallback,0.019999999552965164,states_theta,-0.052628256380558014,0.39170571678234634,0.22615140502829587,0.5222725876892003,0.5222759903970566,0.5223487659898927,0.5221998120963642,0.5223153834483578,0.5222331946378991,0.0,0.0,0.0,-0.00663277693092823,-0.00663277693092823,0.0,0.0,0.0,0.0,0.0,0.020975084975361824,0.000975084665697068,0.0,0.0,0.0,0.0
22.702,-0.01326555386185646,-0.00663277693092823,-0.00663277693092823,datactrl_ref_vx_fallback,datactrl_est_vx_fallback,0.019999999552965164,states_theta,-0.009013913571834564,0.3908004495812195,0.22562874656307327,0.5210432916426045,0.5210912405739808,0.5211147155671575,0.5210198166494279,0.52104679441226,0.5210877378043254,0.0,0.0,0.0,-0.00663277693092823,-0.00663277693092823,0.0,0.0,0.0,0.0,0.0,0.021334685385227203,0.0013346860650926828,0.0,0.0,0.0,0.0
22.803,-0.01326555386185646,-0.00663277693092823,-0.00663277693092823,datactrl_ref_vx_fallback,datactrl_est_vx_fallback,0.019999999552965164,states_theta,3.688711149152368e-05,0.390277213577664,0.2253266553457025,0.5203488270611424,0.5203904091459616,0.5204008975186212,0.5203383386884828,0.5203485817688049,0.520390654438299,0.0,0.0,0.0,-0.00663277693092823,-0.00663277693092823,0.0,0.0,0.0,0.0,0.0,0.021694287657737732,0.0016942874062806368,0.0,0.0,0.0,0.0
22.902,-0.01326555386185646,-0.00663277693092823,-0.00663277693092823,datactrl_ref_vx_fallback,datactrl_est_vx_fallback,0.019999999552965164,states_theta,1.1653538649625261e-06,0.3901445901604252,0.2252500851652549,0.520172297623195,0.5202132761379389,0.5202247721565978,0.520160801604536,0.5201732159170116,0.5202123578441222,0.0,0.0,0.0,-0.00663277693092823,-0.00663277693092823,0.0,0.0,0.0,0.0,0.0,0.02205388806760311,0.0020538887474685907,0.0,0.0,0.0,0.0
23.003,-0.01326555386185646,-0.00663277693092823,-0.00663277693092823,datactrl_ref_vx_fallback,datactrl_est_vx_fallback,0.019999999552965164,states_theta,-4.3765777668625105e-09,0.38972178698268234,0.22500597886394363,0.5196175821632755,0.5196405164572108,0.5196462074595142,0.5196118911609721,0.5196264248216936,0.5196316737987926,0.0,0.0,0.0,-0.00663277693092823,-0.00663277693092823,0.0,0.0,0.0,0.0,0.0,0.02241349034011364,0.0024134903214871883,0.0,0.0,0.0,0.0
23.103,-0.01326555386185646,-0.00663277693092823,-0.00663277693092823,datactrl_ref_vx_fallback,datactrl_est_vx_fallback,0.019999999552965164,states_theta,0.018667005002498627,0.3896882350492303,0.22498661011025028,0.5195974359984054,0.5195711907995421,0.5195260748371789,0.5196425519607685,0.5196204238156773,0.5195482029822701,0.0,0.0,0.0,-0.00663277693092823,-0.00663277693092823,0.0,0.0,0.0,0.0,0.0,0.02277309074997902,0.0027730916626751423,0.0,0.0,0.0,0.0
23.202,-0.01326555386185646,-0.00663277693092823,-0.00663277693092823,datactrl_ref_vx_fallback,datactrl_est_vx_fallback,0.019999999552965164,states_theta,0.018998363986611366,0.389700693243725,0.22499380739288408,0.5196382679957393,0.5195635806541942,0.5195149864280044,0.5196868622219291,0.5196662021398797,0.5195356465100538,0.0,0.0,0.0,-0.00663277693092823,-0.00663277693092823,0.0,0.0,0.0,0.0,0.0,0.023132693022489548,0.0031326930038630962,0.0,0.0,0.0,0.0
23.303,-0.013294996693730354,-0.006647498346865177,-0.006647498346865177,datactrl_ref_vx_fallback,datactrl_est_vx_fallback,0.029999999329447746,states_theta,0.019007086753845215,0.3897556187635941,0.22502551759118988,0.5196989390149271,0.5196493776879905,0.5195748566935672,0.5197734600093504,0.5196996555723659,0.5196486611305517,0.0,0.0,0.0,-0.006647498346865177,-0.006647498346865177,0.0,0.0,0.0,0.0,0.0,0.023524178192019463,-0.006475821603089571,0.0,0.0,0.0,0.0
23.403,-0.013294996693730354,-0.006647498346865177,-0.006647498346865177,datactrl_ref_vx_fallback,datactrl_est_vx_fallback,0.029999999329447746,states_theta,0.019007043913006783,0.3894954141248701,0.22487529418631183,0.5193757740440651,0.5192786636222552,0.5191999956133283,0.519454442052992,0.5193822863029828,0.5192721513633375,0.0,0.0,0.0,-0.006647498346865177,-0.006647498346865177,0.0,0.0,0.0,0.0,0.0,0.023884577676653862,-0.006115422118455172,0.0,0.0,0.0,0.0
23.502,-0.013294996693730354,-0.006647498346865177,-0.006647498346865177,datactrl_ref_vx_fallback,datactrl_est_vx_fallback,0.029999999329447746,states_theta,0.019007043913006783,0.38962236635001996,0.2249485962989432,0.5195148592477059,0.5194781176856806,0.5193388953092788,0.5196540816241078,0.5195835944477241,0.5194093824856625,0.0,0.0,0.0,-0.006647498346865177,-0.006647498346865177,0.0,0.0,0.0,0.0,0.0,0.02424497716128826,-0.005755022633820772,0.0,0.0,0.0,0.0
23.603,-0.013294996693730354,-0.006647498346865177,-0.006647498346865177,datactrl_ref_vx_fallback,datactrl_est_vx_fallback,0.029999999329447746,states_theta,0.019007043913006783,0.3897820874198927,0.2250408118470014,0.5197264987273902,0.5196924010589903,0.5195503538878985,0.519868545898482,0.5197997472710938,0.5196191525152867,0.0,0.0,0.0,-0.006647498346865177,-0.006647498346865177,0.0,0.0,0.0,0.0,0.0,0.02460537664592266,-0.005394623149186373,0.0,0.0,0.0,0.0
23.703,-0.019956305623054504,-0.009978152811527252,-0.009978152811527252,datactrl_ref_vx_fallback,datactrl_est_vx_fallback,0.029999999329447746,states_theta,0.0011514611542224884,0.3881298981662895,0.22408691481570117,0.51751962994916,0.5174934318276121,0.5174016737378433,0.5176113880389288,0.517621708016422,0.5173913537603501,0.0,0.0,0.0,-0.009978152811527252,-0.009978152811527252,0.0,0.0,0.0,0.0,0.0,0.03217928111553192,0.002179280389100313,0.0,0.0,0.0,0.0
23.803,-0.019956305623054504,-0.009978152811527252,-0.009978152811527252,datactrl_ref_vx_fallback,datactrl_est_vx_fallback,0.029999999329447746,states_theta,1.8180706319981255e-05,0.3860370547975235,0.222878601052167,0.5147214402199796,0.5147107059067497,0.5146684270955904,0.5147637190311389,0.5147795286483028,0.5146526174784265,0.0,0.0,0.0,-0.009978152811527252,-0.009978152811527252,0.0,0.0,0.0,0.0,0.0,0.03272025287151337,0.0027202540077269077,0.0,0.0,0.0,0.0
23.904,-0.013294093310832977,-0.006647046655416489,-0.006647046655416489,datactrl_ref_vx_fallback,datactrl_est_vx_fallback,0.029999999329447746,states_theta,-1.5103668715710228e-07,0.3844621794602871,0.22196934476968672,0.5126478039602462,0.5125846746005194,0.5126392570623938,0.5125932214983718,0.5125719299485357,0.5126605486122299,0.0,0.0,0.0,-0.006647046655416489,-0.006647046655416489,0.0,0.0,0.0,0.0,0.0,0.026046745479106903,-0.003953254781663418,0.0,0.0,0.0,0.0
24.004,-0.013294093310832977,-0.006647046655416489,-0.006647046655416489,datactrl_ref_vx_fallback,datactrl_est_vx_fallback,0.029999999329447746,states_theta,-2.7318827200417672e-09,0.38331366747176493,0.22130625565691436,0.5111150423862979,0.5110547375384086,0.5111476340254412,0.5110221458992653,0.5110026423178994,0.5111671376068071,0.0,0.0,0.0,-0.006647046655416489,-0.006647046655416489,0.0,0.0,0.0,0.0,0.0,0.026407118886709213,-0.003592879744246602,0.0,0.0,0.0,0.0
24.104,-0.013294996693730354,-0.006647498346865177,-0.006647498346865177,datactrl_ref_vx_fallback,datactrl_est_vx_fallback,0.029999999329447746,states_theta,1.953637425444743e-11,0.3822485286408072,0.22069129419040903,0.5096759916837105,0.5096534180251088,0.5097083534565906,0.5096210562522286,0.5096033663809362,0.5097260433278831,0.0,0.0,0.0,-0.006647498346865177,-0.006647498346865177,0.0,0.0,0.0,0.0,0.0,0.026768473908305168,-0.0032315263524651527,0.0,0.0,0.0,0.0
24.204,-0.013294996693730354,-0.006647498346865177,-0.006647498346865177,datactrl_ref_vx_fallback,datactrl_est_vx_fallback,0.029999999329447746,states_theta,4.0799736636051853e-13,0.3815953728286757,0.22031419342682432,0.5087827300885259,0.5088049307879428,0.5088285214765281,0.5087591393999406,0.50874327794406,0.5088443829324086,0.0,0.0,0.0,-0.006647498346865177,-0.006647498346865177,0.0,0.0,0.0,0.0,0.0,0.027128873392939568,-0.0028711268678307533,0.0,0.0,0.0,0.0
24.305,-0.013294996693730354,-0.006647498346865177,-0.006647498346865177,datactrl_ref_vx_fallback,datactrl_est_vx_fallback,0.029999999329447746,states_theta,-0.02669648639857769,0.3814248053660067,0.22021571471299178,0.5085579277129396,0.5085748865964116,0.5085978585268682,0.508534955782483,0.508576430325079,0.5085563839842722,0.0,0.0,0.0,-0.006647498346865177,-0.006647498346865177,0.0,0.0,0.0,0.0,0.0,0.027489272877573967,-0.002510727383196354,0.0,0.0,0.0,0.0
24.405,-0.013294996693730354,-0.006647498346865177,-0.006647498346865177,datactrl_ref_vx_fallback,datactrl_est_vx_fallback,0.029999999329447746,states_theta,-0.03611018508672714,0.3810064969069213,0.21997420469881093,0.5080039340532416,0.5080133910318818,0.5080430033020122,0.5079743217831112,0.5080372306956662,0.5079800943894572,0.0,0.0,0.0,-0.006647498346865177,-0.006647498346865177,0.0,0.0,0.0,0.0,0.0,0.027849672362208366,-0.002150327665731311,0.0,0.0,0.0,0.0
24.504,-0.013294996693730354,-0.006647498346865177,-0.006647498346865177,datactrl_ref_vx_fallback,datactrl_est_vx_fallback,0.019999999552965164,states_theta,-0.00769107136875391,0.38102214010682733,0.21998323625151542,0.5080249857917184,0.5080340544931544,0.5080628842485311,0.5079961560363417,0.5080576434537483,0.5080013968311246,0.0,0.0,0.0,-0.006647498346865177,-0.006647498346865177,0.0,0.0,0.0,0.0,0.0,0.028210071846842766,0.008210071362555027,0.0,0.0,0.0,0.0
24.605,-0.013294996693730354,-0.006647498346865177,-0.006647498346865177,datactrl_ref_vx_fallback,datactrl_est_vx_fallback,0.029999999329447746,states_theta,0.014346495270729065,0.3801069525753877,0.21945485194827985,0.5068066967438095,0.5068118434572243,0.506778852612815,0.5068396875882188,0.5068023523009106,0.5068161879001232,0.0,0.0,0.0,-0.006647498346865177,-0.006647498346865177,0.0,0.0,0.0,0.0,0.0,0.028570471331477165,-0.001429528696462512,0.0,0.0,0.0,0.0
24.705,-0.013294996693730354,-0.006647498346865177,-0.006647498346865177,datactrl_ref_vx_fallback,datactrl_est_vx_fallback,0.029999999329447746,states_theta,0.01845656707882881,0.3804255068253234,0.21963877068856655,0.5072324323062337,0.5072355858946286,0.507177400521647,0.5072906176792153,0.5072466680577967,0.5072213501430656,0.0,0.0,0.0,-0.006647498346865177,-0.006647498346865177,0.0,0.0,0.0,0.0,0.0,0.028930870816111565,-0.0010691292118281126,0.0,0.0,0.0,0.0
24.805,-0.013294996693730354,-0.006647498346865177,-0.006647498346865177,datactrl_ref_vx_fallback,datactrl_est_vx_fallback,0.029999999329447746,states_theta,-0.03264099359512329,0.3808601339118975,0.21988970201953892,0.507810439663418,0.507816584101642,0.5078435314995551,0.5077834922655049,0.5078476952002204,0.5077793285648395,0.0,0.0,0.0,-0.006647498346865177,-0.006647498346865177,0.0,0.0,0.0,0.0,0.0,0.029291270300745964,-0.0007087296689860523,0.0,0.0,0.0,0.0
24.905,-0.013294996693730354,-0.006647498346865177,-0.006647498346865177,datactrl_ref_vx_fallback,datactrl_est_vx_fallback,0.019999999552965164,states_theta,-0.0010526590049266815,0.3813831081724361,0.22019164108159409,0.5085063675391712,0.5085152542539917,0.508539459215133,0.5084821625780299,0.5085385476686991,0.5084830741244638,0.0,0.0,0.0,-0.006647498346865177,-0.006647498346865177,0.0,0.0,0.0,0.0,0.0,0.029651669785380363,0.009651669301092625,0.0,0.0,0.0,0.0
25.005,-0.013294996693730354,-0.006647498346865177,-0.006647498346865177,datactrl_ref_vx_fallback,datactrl_est_vx_fallback,0.029999999329447746,states_theta,0.07264616340398788,0.38161927399019835,0.22032799828966695,0.5087975082150771,0.5088538890921186,0.5087785847006812,0.5088728126065145,0.5087227464361228,0.5089286508710729,0.0,0.0,0.0,-0.006647498346865177,-0.006647498346865177,0.0,0.0,0.0,0.0,0.0,0.030012069270014763,1.2069393960700836e-05,0.0,0.0,0.0,0.0
25.105,-0.013294996693730354,-0.006647498346865177,-0.006647498346865177,datactrl_ref_vx_fallback,datactrl_est_vx_fallback,0.03999999910593033,states_theta,0.06173952668905258,0.38194334767463856,0.2205151051524723,0.5092301865297901,0.5092854072692461,0.5091945556874348,0.5093210381116015,0.5091400572411239,0.5093755365579123,0.0,0.0,0.0,-0.006647498346865177,-0.006647498346865177,0.0,0.0,0.0,0.0,0.0,0.030372468754649162,-0.00962753128260374,0.0,0.0,0.0,0.0
25.205,-0.013294996693730354,-0.006647498346865177,-0.006647498346865177,datactrl_ref_vx_fallback,datactrl_est_vx_fallback,0.029999999329447746,states_theta,-0.07082203775644302,0.38236930506638434,0.22076102978746093,0.5098721981221341,0.5097792820548908,0.5098742841650058,0.5097771960120191,0.509928860430822,0.5097226197462029,0.0,0.0,0.0,-0.006647498346865177,-0.006647498346865177,0.0,0.0,0.0,0.0,0.0,0.03073286823928356,0.0007328684441745281,0.0,0.0,0.0,0.0
25.305,-0.013294996693730354,-0.006647498346865177,-0.006647498346865177,datactrl_ref_vx_fallback,datactrl_est_vx_fallback,0.029999999329447746,states_theta,-0.07427532970905304,0.3824804876529153,0.22082522213049177,0.5100238625224646,0.5099241045519763,0.5100263966293048,0.5099215704451361,0.510082460552536,0.5098655065219049,0.0,0.0,0.0,-0.006647498346865177,-0.006647498346865177,0.0,0.0,0.0,0.0,0.0,0.03109326772391796,0.0010932679288089275,0.0,0.0,0.0,0.0
25.406,-0.003294996917247772,-0.009999999776482582,0.00670500285923481,datactrl_ref_vx_fallback,states_vx_gs,0.019999999552965164,states_theta,-0.0033717434853315353,0.38282790204902883,0.22102579372444628,0.5104591858919594,0.5104152195721174,0.5104353495370081,0.5104390559270687,0.5103921504157142,0.5104822550483626,0.0,0.0,0.0,-0.006647498346865177,0.003352501429617405,0.0,0.0,0.0,0.0,0.0,0.01012104470282793,-0.009878954850137234,0.0,0.0,0.0,0.0
25.506,-0.003294996917247772,-0.009999999776482582,0.00670500285923481,datactrl_ref_vx_fallback,states_vx_gs,0.029999999329447746,states_theta,0.05515270307660103,0.38310013175208785,0.2211829870934432,0.510767723305707,0.510832628033194,0.5107708544558913,0.5108294968830096,0.5106036878390898,0.5109966634998111,0.0,0.0,0.0,-0.006647498346865177,0.003352501429617405,0.0,0.0,0.0,0.0,0.0,0.009939285926520824,-0.020060714334249496,0.0,0.0,0.0,0.0
25.608,-0.003324439749121666,-0.009999999776482582,0.006675560027360916,datactrl_ref_vx_fallback,states_vx_gs,0.029999999329447746,states_theta,0.0011379080824553967,0.3834316300695188,0.22137436333970886,0.5112244323546472,0.5112599144974029,0.5112479740283499,0.5112363728237003,0.5111208852209107,0.5113634616311394,0.0,0.0,0.0,-0.006662219762802124,0.003337780013680458,0.0,0.0,0.0,0.0,0.0,0.00978941097855568,-0.020210588350892067,0.0,0.0,0.0,0.0
25.706,-0.003324439749121666,-0.009999999776482582,0.006675560027360916,datactrl_ref_vx_fallback,states_vx_gs,0.019999999552965164,states_theta,-0.11894159018993378,0.38346193700127373,0.2213918735502009,0.5113328371619985,0.5112323281747315,0.5112839570621054,0.5112812082746246,0.511468764956338,0.5110964003803921,0.0,0.0,0.0,-0.006662219762802124,0.003337780013680458,0.0,0.0,0.0,0.0,0.0,0.009608450345695019,-0.010391549207270145,0.0,0.0,0.0,0.0
25.806,0.003337780013680458,-0.009999999776482582,0.01333777979016304,datactrl_ref_vx_fallback,states_vx_gs,0.009999999776482582,states_theta,-0.131461963057518,0.38394057941088366,0.22166823485572115,0.5119934219966072,0.5118481230990825,0.511899897638657,0.5119416474570327,0.51216904258964,0.5116725025060497,0.0,0.0,0.0,-0.003331109881401062,0.00666888989508152,0.0,0.0,0.0,0.0,0.0,0.0022129996214061975,-0.007787000387907028,0.0,0.0,0.0,0.0
25.906,0.003337780013680458,-0.009999999776482582,0.01333777979016304,datactrl_ref_vx_fallback,states_vx_gs,0.0018514402909204364,datactrl_est_theta_fallback,-0.06213399022817612,0.3841177343800603,0.22177048972197108,0.5122221221509232,0.5120918361959043,0.5121605965749582,0.5121533617718693,0.5122900294308727,0.5120239289159548,0.0,0.0,0.0,-0.003331109881401062,0.00666888989508152,0.0,0.0,0.0,0.0,0.0,0.0018514402909204364,0.0018514402909204364,0.0,0.0,0.0,0.0
26.007,0.003337780013680458,-0.009999999776482582,0.01333777979016304,datactrl_ref_vx_fallback,states_vx_gs,0.0014898809604346752,datactrl_est_theta_fallback,0.06639882922172546,0.38435398726799486,0.22190689551204384,0.5124560067136954,0.5124879593342908,0.5125107750257368,0.5124331910222494,0.5123007968599244,0.5126431691880619,0.0,0.0,0.0,-0.003331109881401062,0.00666888989508152,0.0,0.0,0.0,0.0,0.0,0.0014898809604346752,0.0014898809604346752,0.0,0.0,0.0,0.0
26.103,0.003337780013680458,-0.009999999776482582,0.01333777979016304,datactrl_ref_vx_fallback,states_vx_gs,0.009999999776482582,states_theta,0.07074535638093948,0.3846360157914553,0.22206974296531135,0.5127993852708354,0.5128966568397121,0.5128919320608659,0.5128041100496815,0.5126048259299177,0.5130912161806297,0.0,0.0,0.0,-0.003331109881401062,0.00666888989508152,0.0,0.0,0.0,0.0,0.0,0.0011283217463642359,-0.00887167826294899,0.0,0.0,0.0,0.0
26.207,0.003337780013680458,-0.009999999776482582,0.01333777979016304,datactrl_ref_vx_fallback,states_vx_gs,0.009999999776482582,states_theta,0.014648554846644402,0.38507245503897314,0.2223217050178687,0.5133615510758939,0.5134983290280345,0.5135019632318663,0.5133579168720621,0.5132727220640914,0.513587158039837,0.0,0.0,0.0,-0.003331109881401062,0.00666888989508152,0.0,0.0,0.0,0.0,0.0,0.0007667624158784747,-0.009233237244188786,0.0,0.0,0.0,0.0
26.307,0.003337780013680458,-0.009999999776482582,0.01333777979016304,datactrl_ref_vx_fallback,states_vx_gs,0.009999999776482582,states_theta,-0.07482955604791641,0.3850845946953401,0.2223286980585087,0.5134127777575136,0.5134794747633934,0.5134786200275394,0.5134136324933676,0.5135118887067869,0.5133803638141201,0.0,0.0,0.0,-0.003331109881401062,0.00666888989508152,0.0,0.0,0.0,0.0,0.0,0.000405203114496544,-0.009594796225428581,0.0,0.0,0.0,0.0
26.407,0.003337780013680458,-0.009999999776482582,0.01333777979016304,datactrl_ref_vx_fallback,states_vx_gs,4.364384221844375e-05,datactrl_est_theta_fallback,-0.058657389134168625,0.3851548707862494,0.22236927650260924,0.5135409242517035,0.5135387311782948,0.5135371280591882,0.5135425273708102,0.5136603827717195,0.5134192726582788,0.0,0.0,0.0,-0.003331109881401062,0.00666888989508152,0.0,0.0,0.0,0.0,0.0,4.364384221844375e-05,4.364384221844375e-05,0.0,0.0,0.0,0.0
26.504,0.003337780013680458,-0.009999999776482582,0.01333777979016304,datactrl_ref_vx_fallback,states_vx_gs,-0.0003179154300596565,datactrl_est_theta_fallback,-0.059031277894973755,0.3852705352070055,0.2224360607144167,0.5137184434616303,0.5136696504237176,0.5136611682667113,0.5137269256186366,0.5138435465635692,0.5135445473217787,0.0,0.0,0.0,-0.003331109881401062,0.00666888989508152,0.0,0.0,0.0,0.0,0.0,-0.0003179154300596565,-0.0003179154300596565,0.0,0.0,0.0,0.0
26.608,0.003337780013680458,-0.009999999776482582,0.01333777979016304,datactrl_ref_vx_fallback,states_vx_gs,-0.0006794747314415872,datactrl_est_theta_fallback,-0.018196340650320053,0.385445536226245,0.222537092375888,0.5139702128242782,0.5138845504457084,0.5138633065363163,0.5139914567336703,0.5140211722473478,0.5138335910226388,0.0,0.0,0.0,-0.003331109881401062,0.00666888989508152,0.0,0.0,0.0,0.0,0.0,-0.0006794747314415872,-0.0006794747314415872,0.0,0.0,0.0,0.0
26.707,0.00997055695461313,-0.009999999776482582,0.019970556731095712,datactrl_ref_vx_fallback,states_vx_gs,-0.008223640732467175,datactrl_est_theta_fallback,0.04416460171341896,0.3856657568219135,0.22266423641136435,0.5142397439793295,0.5142022742124398,0.5141924921499188,0.5142495260418505,0.5141074497750626,0.5143345684167067,0.0,0.0,0.0,-1.472140593250515e-05,0.009985278360545635,0.0,0.0,0.0,0.0,0.0,-0.008223640732467175,-0.008223640732467175,0.0,0.0,0.0,0.0
26.808,0.00997055695461313,-0.009999999776482582,0.019970556731095712,datactrl_ref_vx_fallback,states_vx_gs,-0.008765000849962234,datactrl_est_theta_fallback,0.03389619290828705,0.3859176129810992,0.2228096686699077,0.5145035344511909,0.5146101001650737,0.5146440130377861,0.5144696215784785,0.5143454164753554,0.5147682181409092,0.0,0.0,0.0,-1.472140593250515e-05,0.009985278360545635,0.0,0.0,0.0,0.0,0.0,-0.008765000849962234,-0.008765000849962234,0.0,0.0,0.0,0.0
26.908,0.00997055695461313,-0.009999999776482582,0.019970556731095712,datactrl_ref_vx_fallback,states_vx_gs,-0.009306360967457294,datactrl_est_theta_fallback,0.024421948939561844,0.3862142657312285,0.22298093768403227,0.5149001340653183,0.515004574551291,0.5150403250482097,0.5148643835683996,0.5147563689848832,0.5151483396317261,0.0,0.0,0.0,-1.472140593250515e-05,0.009985278360545635,0.0,0.0,0.0,0.0,0.0,-0.009306360967457294,-0.009306360967457294,0.0,0.0,0.0,0.0
27.009,0.00997055695461313,-0.009999999776482582,0.019970556731095712,datactrl_ref_vx_fallback,states_vx_gs,-0.009847721084952354,datactrl_est_theta_fallback,-0.014762350358068943,0.3865962082510414,0.2232014253938929,0.5154664688055319,0.5154567531972452,0.5154323704438755,0.5154908515589016,0.5154607486784712,0.5154624733243058,0.0,0.0,0.0,-1.472140593250515e-05,0.009985278360545635,0.0,0.0,0.0,0.0,0.0,-0.009847721084952354,-0.009847721084952354,0.0,0.0,0.0,0.0
27.108,0.00997055695461313,-0.009999999776482582,0.019970556731095712,datactrl_ref_vx_fallback,states_vx_gs,-0.010389081202447414,datactrl_est_theta_fallback,-0.09133242070674896,0.38659468350422066,0.22320058182936336,0.5155319050932173,0.5153872509180378,0.5153589287903574,0.5155602272208978,0.5156857109055554,0.5152334451056998,0.0,0.0,0.0,-1.472140593250515e-05,0.009985278360545635,0.0,0.0,0.0,0.0,0.0,-0.010389081202447414,-0.010389081202447414,0.0,0.0,0.0,0.0
27.208,0.00997055695461313,-0.009999999776482582,0.019970556731095712,datactrl_ref_vx_fallback,states_vx_gs,-0.0109304403886199,datactrl_est_theta_fallback,-0.07892518490552902,0.3866364520316357,0.22322471413856715,0.5156301063220101,0.5154004324290185,0.5153639676778651,0.5156665710731635,0.5157626754593218,0.5152678632917068,0.0,0.0,0.0,-1.472140593250515e-05,0.009985278360545635,0.0,0.0,0.0,0.0,0.0,-0.0109304403886199,-0.0109304403886199,0.0,0.0,0.0,0.0
27.308,0.00997055695461313,-0.009999999776482582,0.019970556731095712,datactrl_ref_vx_fallback,states_vx_gs,-0.009999999776482582,states_theta,-0.0440409854054451,0.38669541249071104,0.22325878870116617,0.5157782265234957,0.5154095401184003,0.5153862265731292,0.5158015400687669,0.5158774975397392,0.5153102691021568,0.0,0.0,0.0,-1.472140593250515e-05,0.009985278360545635,0.0,0.0,0.0,0.0,0.0,-0.01147180050611496,-0.0014718009624630213,0.0,0.0,0.0,0.0
27.409,0.00997055695461313,-0.009999999776482582,0.019970556731095712,datactrl_ref_vx_fallback,states_vx_gs,-0.009999999776482582,states_theta,-0.021842285990715027,0.38679926254185837,0.2233187267889976,0.5159119233990302,0.5155527767125921,0.5155339744353834,0.515930725676239,0.5159574469152438,0.5155072531963786,0.0,0.0,0.0,-1.472140593250515e-05,0.009985278360545635,0.0,0.0,0.0,0.0,0.0,-0.01201316062361002,-0.0020131610799580812,0.0,0.0,0.0,0.0
27.51,0.01660333387553692,-0.009999999776482582,0.0266033336520195,datactrl_ref_vx_fallback,states_vx_gs,-0.009999999776482582,states_theta,-0.004785248544067144,0.38693408476687513,0.22339652534496737,0.5159033330845928,0.5159208929604076,0.5160401408309896,0.5157840852140108,0.5157321016179006,0.5160921244270997,0.0,0.0,0.0,0.0033016670495271683,0.01330166682600975,0.0,0.0,0.0,0.0,0.0,-0.019737128168344498,-0.009737127460539341,0.0,0.0,0.0,0.0
27.608,0.01660333387553692,-0.009999999776482582,0.0266033336520195,datactrl_ref_vx_fallback,states_vx_gs,-0.019999999552965164,states_theta,-0.03255390003323555,0.3870997584305907,0.2234922086429451,0.5160180482381901,0.5162479742433851,0.5163740906493794,0.5158919318321957,0.5159486440218477,0.5163173784597275,0.0,0.0,0.0,0.0033016670495271683,0.01330166682600975,0.0,0.0,0.0,0.0,0.0,-0.020458288490772247,-0.000458288675872609,0.0,0.0,0.0,0.0
27.711,0.01660333387553692,-0.009999999776482582,0.0266033336520195,datactrl_ref_vx_fallback,states_vx_gs,-0.019999999552965164,states_theta,-0.02610316500067711,0.3872962223618751,0.22360558030839592,0.5163484421236115,0.516441484174722,0.5164342268754901,0.5163556994228434,0.5163949615488072,0.5163949647495264,0.0,0.0,0.0,0.0033016670495271683,0.01330166682600975,0.0,0.0,0.0,0.0,0.0,-0.021179448813199997,-0.0011794493766501546,0.0,0.0,0.0,0.0
27.809,0.01660333387553692,-0.009999999776482582,0.0266033336520195,datactrl_ref_vx_fallback,states_vx_gs,-0.019999999552965164,states_theta,-0.023998884484171867,0.3874955121177453,0.22372064293239793,0.5165885725667102,0.5167327930806106,0.5167130999480901,0.5166082656992307,0.5166390717243682,0.5166822939229526,0.0,0.0,0.0,0.0033016670495271683,0.01330166682600975,0.0,0.0,0.0,0.0,0.0,-0.021900609135627747,-0.0019006100483238697,0.0,0.0,0.0,0.0
27.91,0.01660333387553692,-0.009999999776482582,0.0266033336520195,datactrl_ref_vx_fallback,states_vx_gs,-0.019999999552965164,states_theta,-0.025033827871084213,0.38777973865620563,0.22388474118907073,0.5169666575460378,0.5171126455371772,0.517090508194725,0.5169887948884899,0.5170176295976645,0.5170616734855504,0.0,0.0,0.0,0.0033016670495271683,0.01330166682600975,0.0,0.0,0.0,0.0,0.0,-0.022621769458055496,-0.002621770603582263,0.0,0.0,0.0,0.0
28.01,0.01660333387553692,-0.009999999776482582,0.0266033336520195,datactrl_ref_vx_fallback,states_vx_gs,-0.029999999329447746,states_theta,-0.0031746102031320333,0.3876792560495937,0.22382672353402078,0.5168931346438559,0.5169182148217273,0.5169077187820875,0.5169036306834957,0.5169385722404377,0.5168727772251455,0.0,0.0,0.0,0.0033016670495271683,0.01330166682600975,0.0,0.0,0.0,0.0,0.0,-0.023342931643128395,0.006657068617641926,0.0,0.0,0.0,0.0
28.11,0.0066033340990543365,0.0033016670495271683,0.0033016670495271683,datactrl_ref_vx_fallback,datactrl_est_vx_fallback,-0.019999999552965164,states_theta,0.02904442325234413,0.38795656608081874,0.22398683243508982,0.5172867921580792,0.5172640507241041,0.5172267514614495,0.5173240914207338,0.5173509122728761,0.5171999306093071,0.0,0.0,0.0,0.0033016670495271683,0.0033016670495271683,0.0,0.0,0.0,0.0,0.0,-0.002731469227001071,0.017268531024456024,0.0,0.0,0.0,0.0
28.21,0.0066033340990543365,0.0033016670495271683,0.0033016670495271683,datactrl_ref_vx_fallback,datactrl_est_vx_fallback,-0.019999999552965164,states_theta,0.02056807465851307,0.3878680675045129,0.2239357341735993,0.5171814244361853,0.5171334222425158,0.5171899101404338,0.5171249365382673,0.5171693306333103,0.5171455160453908,0.0,0.0,0.0,0.0033016670495271683,0.0033016670495271683,0.0,0.0,0.0,0.0,0.0,-0.0029283720068633556,0.01707162708044052,0.0,0.0,0.0,0.0
28.31,0.0066033340990543365,0.0033016670495271683,0.0033016670495271683,datactrl_ref_vx_fallback,datactrl_est_vx_fallback,-0.019999999552965164,states_theta,0.05016999691724777,0.38784423209567875,0.2239219774564413,0.5171228477415573,0.5171284378469194,0.5171876558943377,0.517063629694139,0.5170464464594248,0.5172048391290519,0.0,0.0,0.0,0.0033016670495271683,0.0033016670495271683,0.0,0.0,0.0,0.0,0.0,-0.003107374766841531,0.016892625018954277,0.0,0.0,0.0,0.0
28.41,0.0066033340990543365,0.0033016670495271683,0.0033016670495271683,datactrl_ref_vx_fallback,datactrl_est_vx_fallback,-0.009999999776482582,states_theta,0.05001676827669144,0.38819834054008423,0.2241264237593486,0.5175953703348801,0.5176002044386778,0.517633841240642,0.5175617335329159,0.5174888280780567,0.5177067466955012,0.0,0.0,0.0,0.0033016670495271683,0.0033016670495271683,0.0,0.0,0.0,0.0,0.0,-0.0032863772939890623,0.0067136227153241634,0.0,0.0,0.0,0.0
28.51,0.0066033340990543365,0.0033016670495271683,0.0033016670495271683,datactrl_ref_vx_fallback,datactrl_est_vx_fallback,-0.009999999776482582,states_theta,0.050018519163131714,0.3882072194504712,0.22413155035504048,0.5176077030893903,0.517611548778533,0.5176473782431318,0.5175718736247915,0.5174983395455067,0.5177209123224166,0.0,0.0,0.0,0.0033016670495271683,0.0033016670495271683,0.0,0.0,0.0,0.0,0.0,-0.003465379821136594,0.006534620188176632,0.0,0.0,0.0,0.0
28.611,0.013265552930533886,0.006632776465266943,0.006632776465266943,datactrl_ref_vx_fallback,datactrl_est_vx_fallback,-0.010876931250095367,datactrl_est_theta_fallback,0.049070194363594055,0.3882190191571583,0.22413836969724563,0.5176238337480066,0.5176268840044156,0.5176176949242034,0.5176330228282188,0.517464401429142,0.5177863163232802,0.0,0.0,0.0,0.006632776465266943,0.006632776465266943,0.0,0.0,0.0,0.0,0.0,-0.010876931250095367,-0.010876931250095367,0.0,0.0,0.0,0.0
28.709,0.013236110098659992,0.006618055049329996,0.006618055049329996,datactrl_ref_vx_fallback,datactrl_est_vx_fallback,-0.011204569600522518,datactrl_est_theta_fallback,0.04625353962182999,0.3882744305366917,0.2241703711669116,0.5177172276109325,0.5176812538202453,0.517737866942117,0.5176606144890609,0.5174954201894569,0.5179030612417209,0.0,0.0,0.0,0.006618055049329996,0.006618055049329996,0.0,0.0,0.0,0.0,0.0,-0.011204569600522518,-0.011204569600522518,0.0,0.0,0.0,0.0
28.812,0.013236110098659992,0.006618055049329996,0.006618055049329996,datactrl_ref_vx_fallback,datactrl_est_vx_fallback,-0.011563372798264027,datactrl_est_theta_fallback,-0.03100781887769699,0.3885703935093339,0.22434122419186497,0.5181208006749386,0.5180669153499519,0.5181374287556875,0.518050287269203,0.5180430580426114,0.518144657982279,0.0,0.0,0.0,0.006618055049329996,0.006618055049329996,0.0,0.0,0.0,0.0,0.0,-0.011563372798264027,-0.011563372798264027,0.0,0.0,0.0,0.0
28.911,0.013238806277513504,0.006619403138756752,0.006619403138756752,datactrl_ref_vx_fallback,datactrl_est_vx_fallback,-0.011925103142857552,datactrl_est_theta_fallback,-0.045117877423763275,0.38865882606873003,0.2243922800078964,0.5182421981998128,0.5181813379834673,0.5182585841570594,0.5181649520262207,0.5181843940988345,0.5182391420844455,0.0,0.0,0.0,0.006619403138756752,0.006619403138756752,0.0,0.0,0.0,0.0,0.0,-0.011925103142857552,-0.011925103142857552,0.0,0.0,0.0,0.0
29.011,0.013238806277513504,0.006619403138756752,0.006619403138756752,datactrl_ref_vx_fallback,datactrl_est_vx_fallback,-0.009999999776482582,states_theta,-0.0450165756046772,0.38873461634747464,0.22443603907747245,0.5183430276230849,0.5182826159701808,0.5183882831193778,0.5182373604738879,0.5183094684802512,0.5183161751130145,0.0,0.0,0.0,0.006619403138756752,0.006619403138756752,0.0,0.0,0.0,0.0,0.0,-0.01228397898375988,-0.0022839796729385853,0.0,0.0,0.0,0.0
29.109,0.013238806277513504,0.006619403138756752,0.006619403138756752,datactrl_ref_vx_fallback,datactrl_est_vx_fallback,-0.009999999776482582,states_theta,-0.007530285976827145,0.38883913816716154,0.22449638320025542,0.5184495456339682,0.518454822811796,0.5184049319102404,0.5184994365355238,0.5184915051151266,0.5184128633306375,0.0,0.0,0.0,0.006619403138756752,0.006619403138756752,0.0,0.0,0.0,0.0,0.0,-0.012642855755984783,-0.002642855979502201,0.0,0.0,0.0,0.0
29.212,0.013238806277513504,0.006619403138756752,0.006619403138756752,datactrl_ref_vx_fallback,datactrl_est_vx_fallback,-0.009999999776482582,states_theta,-0.006999142002314329,0.3885847567573244,0.22434951491285893,0.5181035721860601,0.5181224458334717,0.5181360202638191,0.5180899977557126,0.5180788168513445,0.5181472011681872,0.0,0.0,0.0,0.006619403138756752,0.006619403138756752,0.0,0.0,0.0,0.0,0.0,-0.013001731596887112,-0.003001732286065817,0.0,0.0,0.0,0.0
29.312,0.013236110098659992,0.006618055049329996,0.006618055049329996,datactrl_ref_vx_fallback,datactrl_est_vx_fallback,-0.009999999776482582,states_theta,-0.007002539001405239,0.38870767446891635,0.22442048184377159,0.5182653934197787,0.5182884051639982,0.5183034652221947,0.5182503333615822,0.5182370104719569,0.51831678811182,0.0,0.0,0.0,0.006618055049329996,0.006618055049329996,0.0,0.0,0.0,0.0,0.0,-0.013357681222259998,-0.00335768167860806,0.0,0.0,0.0,0.0
29.412,0.013236110098659992,0.006618055049329996,0.006618055049329996,datactrl_ref_vx_fallback,datactrl_est_vx_fallback,-0.009999999776482582,states_theta,-0.007564160041511059,0.3888592593256625,0.22450799950342334,0.518466625580395,0.5184913992880383,0.5185061700313811,0.5184518548370523,0.5184375145201436,0.5185205103482897,0.0,0.0,0.0,0.006618055049329996,0.006618055049329996,0.0,0.0,0.0,0.0,0.0,-0.013716484420001507,-0.0037164848763495684,0.0,0.0,0.0,0.0
29.512,0.013236110098659992,0.006618055049329996,0.006618055049329996,datactrl_ref_vx_fallback,datactrl_est_vx_fallback,-0.009999999776482582,states_theta,-0.00800088420510292,0.38862404805559336,0.22437220031900923,0.5181521066588709,0.5181786881560447,0.5181929500233924,0.5181378447915232,0.5181222075675973,0.5182085872473183,0.0,0.0,0.0,0.006618055049329996,0.006618055049329996,0.0,0.0,0.0,0.0,0.0,-0.014075287617743015,-0.004075287841260433,0.0,0.0,0.0,0.0
29.612,0.013236110098659992,0.006618055049329996,0.006618055049329996,datactrl_ref_vx_fallback,datactrl_est_vx_fallback,-0.009999999776482582,states_theta,-0.008003028109669685,0.3887942344722631,0.2244704576106148,0.5183781104289821,0.5184065148303861,0.5184198076616332,0.518364817597735,0.5183469603216294,0.5184376649377388,0.0,0.0,0.0,0.006618055049329996,0.006618055049329996,0.0,0.0,0.0,0.0,0.0,-0.014434090815484524,-0.004434091504663229,0.0,0.0,0.0,0.0
29.712,0.013236110098659992,0.006618055049329996,0.006618055049329996,datactrl_ref_vx_fallback,datactrl_est_vx_fallback,-0.009999999776482582,states_theta,-0.00800296664237976,0.3889528138081234,0.2245620175015826,0.5185643906931484,0.5186431127951806,0.5186591754524946,0.5185483280358344,0.5185282262364314,0.5186792772518977,0.0,0.0,0.0,0.006618055049329996,0.006618055049329996,0.0,0.0,0.0,0.0,0.0,-0.014792894013226032,-0.0047928947024047375,0.0,0.0,0.0,0.0
29.813,0.013236110098659992,0.006618055049329996,0.006618055049329996,datactrl_ref_vx_fallback,datactrl_est_vx_fallback,-0.009999999776482582,states_theta,-0.00800296664237976,0.38912663807748343,0.22466237526456279,0.5187949901390244,0.5188760447342647,0.5188911556694817,0.5187798792038074,0.5187575131222522,0.518913521751037,0.0,0.0,0.0,0.006618055049329996,0.006618055049329996,0.0,0.0,0.0,0.0,0.0,-0.01515169721096754,-0.005151697900146246,0.0,0.0,0.0,0.0
29.913,0.013236110098659992,0.006618055049329996,0.006618055049329996,datactrl_ref_vx_fallback,datactrl_est_vx_fallback,-0.009999999776482582,states_theta,-0.00800296664237976,0.38895559303608557,0.22456362265379742,0.5185657564397822,0.5186491583231126,0.5186633087371718,0.518551606025723,0.5185269557751208,0.5186879589877741,0.0,0.0,0.0,0.006618055049329996,0.006618055049329996,0.0,0.0,0.0,0.0,0.0,-0.01551050040870905,-0.0055105010978877544,0.0,0.0,0.0,0.0
30.012,0.01989833079278469,0.009949165396392345,0.009949165396392345,datactrl_ref_vx_fallback,datactrl_est_vx_fallback,-0.009999999776482582,states_theta,-0.00800296664237976,0.3887845479946877,0.22446487113775906,0.5183364207508668,0.5184223739016337,0.518415347829605,0.5183434468228956,0.5182760489176714,0.5184827457348291,0.0,0.0,0.0,0.009949165396392345,0.009949165396392345,0.0,0.0,0.0,0.0,0.0,-0.02310185506939888,-0.013101855292916298,0.0,0.0,0.0,0.0
30.113,0.01989833079278469,0.009949165396392345,0.009949165396392345,datactrl_ref_vx_fallback,datactrl_est_vx_fallback,-0.019999999552965164,states_theta,-0.00800296664237976,0.389017109608483,0.22459913971692022,0.5186453116749369,0.5187336472810179,0.5187529023236533,0.5186260566323014,0.518610852389286,0.5187681065666688,0.0,0.0,0.0,0.009949165396392345,0.009949165396392345,0.0,0.0,0.0,0.0,0.0,-0.023641256615519524,-0.0036412577610462904,0.0,0.0,0.0,0.0
30.213,0.01989833079278469,0.009949165396392345,0.009949165396392345,datactrl_ref_vx_fallback,datactrl_est_vx_fallback,-0.019999999552965164,states_theta,-0.00800296664237976,0.388877109102624,0.22451831070042028,0.5184574456902744,0.5185481785833896,0.5185660158381274,0.5184396084355366,0.5184211977551308,0.5185844265185332,0.0,0.0,0.0,0.009949165396392345,0.009949165396392345,0.0,0.0,0.0,0.0,0.0,-0.024180660024285316,-0.004180660005658865,0.0,0.0,0.0,0.0
30.313,0.019868886098265648,0.009934443049132824,0.009934443049132824,datactrl_ref_vx_fallback,datactrl_est_vx_fallback,-0.019999999552965164,states_theta,-0.011049386113882065,0.3891026910912168,0.22464854395626604,0.5187815722242949,0.51882560401895,0.5188086991143842,0.5187984771288606,0.5187833407253922,0.5188238355178526,0.0,0.0,0.0,0.009934443049132824,0.009934443049132824,0.0,0.0,0.0,0.0,0.0,-0.024688096717000008,-0.004688096698373556,0.0,0.0,0.0,0.0
30.415,0.019868886098265648,0.009934443049132824,0.009934443049132824,datactrl_ref_vx_fallback,datactrl_est_vx_fallback,-0.019999999552965164,states_theta,-0.04642992094159126,0.3893709352632935,0.22480343264403116,0.5191918044869679,0.5191306895484815,0.5190652123167596,0.5192572817186898,0.5193124223657644,0.519010071669685,0.0,0.0,0.0,0.009934443049132824,0.009934443049132824,0.0,0.0,0.0,0.0,0.0,-0.02522669918835163,-0.005226700566709042,0.0,0.0,0.0,0.0
30.515,0.019868886098265648,0.009934443049132824,0.009934443049132824,datactrl_ref_vx_fallback,datactrl_est_vx_fallback,-0.019999999552965164,states_theta,-0.021126773208379745,0.38925304779532405,0.22473536613999426,0.5190520644745147,0.5189560629796828,0.5188958785853357,0.5191122488688618,0.5191115080416622,0.5188966194125353,0.0,0.0,0.0,0.009934443049132824,0.009934443049132824,0.0,0.0,0.0,0.0,0.0,-0.025765303522348404,-0.005765304435044527,0.0,0.0,0.0,0.0
30.614,0.019868886098265648,0.009934443049132824,0.009934443049132824,datactrl_ref_vx_fallback,datactrl_est_vx_fallback,-0.029999999329447746,states_theta,-0.0026964254211634398,0.3895251829704043,0.22489259644159895,0.5192449966190624,0.5194888246353491,0.5197007145985509,0.5190331066558606,0.5190466638115875,0.519687157442824,0.0,0.0,0.0,0.009934443049132824,0.009934443049132824,0.0,0.0,0.0,0.0,0.0,-0.026303907856345177,0.0036960914731025696,0.0,0.0,0.0,0.0
30.728,0.019868886098265648,0.009934443049132824,0.009934443049132824,datactrl_ref_vx_fallback,datactrl_est_vx_fallback,-0.019999999552965164,states_theta,0.02915552258491516,0.38941200286999045,0.22482725631756847,0.5190248373888388,0.519407170264469,0.5194718140099582,0.5189601936433496,0.5188488834161836,0.5195831242371242,0.0,0.0,0.0,0.009934443049132824,0.009934443049132824,0.0,0.0,0.0,0.0,0.0,-0.02684251219034195,-0.006842512171715498,0.0,0.0,0.0,0.0
30.828,0.019868886098265648,0.009934443049132824,0.009934443049132824,datactrl_ref_vx_fallback,datactrl_est_vx_fallback,-0.019999999552965164,states_theta,-0.0014053324703127146,0.38932645714997144,0.22477775057951754,0.5189409260236977,0.5192629597095595,0.5190532190339178,0.5191506666993394,0.5190994965982602,0.519104389134997,0.0,0.0,0.0,0.009934443049132824,0.009934443049132824,0.0,0.0,0.0,0.0,0.0,-0.027381116524338722,-0.007381116040050983,0.0,0.0,0.0,0.0
30.926,0.019868886098265648,0.009934443049132824,0.009934443049132824,datactrl_ref_vx_fallback,datactrl_est_vx_fallback,-0.029999999329447746,states_theta,-0.06562557071447372,0.3896334661954867,0.2249550343460531,0.5195238570958054,0.5194987194254925,0.5193826940554324,0.5196398824658656,0.5197744296886911,0.5192481468326068,0.0,0.0,0.0,0.009934443049132824,0.009934443049132824,0.0,0.0,0.0,0.0,0.0,-0.027919718995690346,0.002080279868096113,0.0,0.0,0.0,0.0
31.026,0.019868886098265648,0.009934443049132824,0.009934443049132824,datactrl_ref_vx_fallback,datactrl_est_vx_fallback,-0.029999999329447746,states_theta,-0.06603002548217773,0.3895530462926417,0.22490863987694082,0.5194795492058758,0.5193285742411687,0.5192093657770416,0.519598757670003,0.519731260655127,0.5190768627919176,0.0,0.0,0.0,0.009934443049132824,0.009934443049132824,0.0,0.0,0.0,0.0,0.0,-0.02845832332968712,0.001541675883345306,0.0,0.0,0.0,0.0
31.136,0.019868886098265648,0.009934443049132824,0.009934443049132824,datactrl_ref_vx_fallback,datactrl_est_vx_fallback,-0.03999999910593033,states_theta,-0.05716487020254135,0.38947339700857464,0.22486271163724833,0.5193858978613106,0.5192098274948884,0.5190408230009366,0.5195549023552625,0.5197219891973613,0.5188737361588377,0.0,0.0,0.0,0.009934443049132824,0.009934443049132824,0.0,0.0,0.0,0.0,0.0,-0.02899692766368389,0.011003071442246437,0.0,0.0,0.0,0.0
31.262,0.019868886098265648,0.009934443049132824,0.009934443049132824,datactrl_ref_vx_fallback,datactrl_est_vx_fallback,-0.03999999910593033,states_theta,0.09940553456544876,0.38979688982737903,0.22504939232670917,0.5198214701710572,0.5196369027019535,0.519456353993341,0.5200020188796697,0.5198412899190059,0.5196170829540048,0.0,0.0,0.0,0.009934443049132824,0.009934443049132824,0.0,0.0,0.0,0.0,0.0,-0.029535531997680664,0.010464468039572239,0.0,0.0,0.0,0.0
31.322,0.019868886098265648,0.009934443049132824,0.009934443049132824,datactrl_ref_vx_fallback,datactrl_est_vx_fallback,-0.03999999910593033,states_theta,0.09940553456544876,0.3897225283941321,0.22500641576328617,0.5197024488228741,0.5195576268948114,0.519615914964838,0.5196441607528475,0.5195255779500287,0.5197344977676568,0.0,0.0,0.0,0.009934443049132824,0.009934443049132824,0.0,0.0,0.0,0.0,0.0,-0.029535531997680664,0.010464468039572239,0.0,0.0,0.0,0.0
31.378,0.019865307956933975,0.009932653978466988,0.009932653978466988,datactrl_ref_vx_fallback,datactrl_est_vx_fallback,-0.029999999329447746,states_theta,0.051040664315223694,0.3897225283941321,0.22500641576328617,0.5197024488228741,0.5195576268948114,0.519615914964838,0.5196441607528475,0.5195255779500287,0.5197344977676568,0.0,0.0,0.0,0.009932653978466988,0.009932653978466988,0.0,0.0,0.0,0.0,0.0,-0.03007025085389614,-7.025140075711533e-05,0.0,0.0,0.0,0.0
31.428,0.019865307956933975,0.009932653978466988,0.009932653978466988,datactrl_ref_vx_fallback,datactrl_est_vx_fallback,-0.029999999329447746,states_theta,0.051040664315223694,0.3896759756345771,0.22497955209499115,0.5196715632876315,0.5194643717379074,0.519605975359285,0.5195299596662539,0.5193987996739415,0.5197371353515974,0.0,0.0,0.0,0.009932653978466988,0.009932653978466988,0.0,0.0,0.0,0.0,0.0,-0.03007025085389614,-7.025140075711533e-05,0.0,0.0,0.0,0.0
31.483,0.019865307956933975,0.009932653978466988,0.009932653978466988,datactrl_ref_vx_fallback,datactrl_est_vx_fallback,-0.019999999552965164,states_theta,0.028953462839126587,0.3896759756345771,0.22497955209499115,0.5196715632876315,0.5194643717379074,0.519605975359285,0.5195299596662539,0.5193987996739415,0.5197371353515974,0.0,0.0,0.0,0.009932653978466988,0.009932653978466988,0.0,0.0,0.0,0.0,0.0,-0.030608758330345154,-0.010608757846057415,0.0,0.0,0.0,0.0
31.534,0.019865307956933975,0.009932653978466988,0.009932653978466988,datactrl_ref_vx_fallback,datactrl_est_vx_fallback,-0.019999999552965164,states_theta,0.028953462839126587,0.38960327472901635,0.22493758505080216,0.5195542435766587,0.5193878223673849,0.519539751483975,0.5194023144600686,0.5192674280990961,0.5196746378449475,0.0,0.0,0.0,0.009932653978466988,0.009932653978466988,0.0,0.0,0.0,0.0,0.0,-0.030608758330345154,-0.010608757846057415,0.0,0.0,0.0,0.0
31.592,0.019868886098265648,0.009934443049132824,0.009934443049132824,datactrl_ref_vx_fallback,datactrl_est_vx_fallback,-0.019999999552965164,states_theta,0.029009763151407242,0.38960327472901635,0.22493758505080216,0.5195542435766587,0.5193878223673849,0.519539751483975,0.5194023144600686,0.5192674280990961,0.5196746378449475,0.0,0.0,0.0,0.009934443049132824,0.009934443049132824,0.0,0.0,0.0,0.0,0.0,-0.031151149421930313,-0.011151149868965149,0.0,0.0,0.0,0.0
31.642,0.019868886098265648,0.009934443049132824,0.009934443049132824,datactrl_ref_vx_fallback,datactrl_est_vx_fallback,-0.019999999552965164,states_theta,0.029009763151407242,0.38955850399786485,0.22491175270718222,0.5195281546273794,0.5192945227002602,0.5195134560506612,0.5193092212769784,0.5191707146194898,0.5196519627081498,0.0,0.0,0.0,0.009934443049132824,0.009934443049132824,0.0,0.0,0.0,0.0,0.0,-0.031151149421930313,-0.011151149868965149,0.0,0.0,0.0,0.0
31.701,0.019868886098265648,0.009934443049132824,0.009934443049132824,datactrl_ref_vx_fallback,datactrl_est_vx_fallback,-0.019999999552965164,states_theta,0.02901075780391693,0.38955850399786485,0.22491175270718222,0.5195281546273794,0.5192945227002602,0.5195134560506612,0.5193092212769784,0.5191707146194898,0.5196519627081498,0.0,0.0,0.0,0.009934443049132824,0.009934443049132824,0.0,0.0,0.0,0.0,0.0,-0.03168975189328194,-0.011689753271639347,0.0,0.0,0.0,0.0
31.755,0.019868886098265648,0.009934443049132824,0.009934443049132824,datactrl_ref_vx_fallback,datactrl_est_vx_fallback,-0.019999999552965164,states_theta,0.02901075780391693,0.38989305332132573,0.22510490653295845,0.5199313450762716,0.519783463780597,0.5199817353855006,0.519733073471368,0.5196041236750552,0.5201106851818135,0.0,0.0,0.0,0.009934443049132824,0.009934443049132824,0.0,0.0,0.0,0.0,0.0,-0.03168975189328194,-0.011689753271639347,0.0,0.0,0.0,0.0
31.811,0.019868886098265648,0.009934443049132824,0.009934443049132824,datactrl_ref_vx_fallback,datactrl_est_vx_fallback,-0.019999999552965164,states_theta,0.022657524794340134,0.38989305332132573,0.22510490653295845,0.5199313450762716,0.519783463780597,0.5199817353855006,0.519733073471368,0.5196041236750552,0.5201106851818135,0.0,0.0,0.0,0.009934443049132824,0.009934443049132824,0.0,0.0,0.0,0.0,0.0,-0.03222835808992386,-0.01222835760563612,0.0,0.0,0.0,0.0
31.865,0.019872482866048813,0.009936241433024406,0.009936241433024406,datactrl_ref_vx_fallback,datactrl_est_vx_fallback,-0.019999999552965164,states_theta,-0.054986122995615005,0.3898809471192135,0.22509787122921765,0.5198276394581053,0.5198548861931308,0.5198237897685397,0.5198587358826964,0.5198874656172922,0.5197950600339439,0.0,0.0,0.0,0.009936241433024406,0.009936241433024406,0.0,0.0,0.0,0.0,0.0,-0.03277086466550827,-0.01277086604386568,0.0,0.0,0.0,0.0
32.055,0.019872482866048813,0.009936241433024406,0.009936241433024406,datactrl_ref_vx_fallback,datactrl_est_vx_fallback,-0.029999999329447746,states_theta,-0.1044200211763382,0.38980568263717336,0.22505443759181024,0.519715366221019,0.5197664541447766,0.5197082841394538,0.5197735362263418,0.5199345949811143,0.5195472253846813,0.0,0.0,0.0,0.009936241433024406,0.009936241433024406,0.0,0.0,0.0,0.0,0.0,-0.03330956771969795,-0.0033095674589276314,0.0,0.0,0.0,0.0
32.314,0.019868886098265648,0.009934443049132824,0.009934443049132824,datactrl_ref_vx_fallback,datactrl_est_vx_fallback,-0.03999999910593033,states_theta,0.009939881041646004,0.39012488858790245,0.22523871150492936,0.5201302811503128,0.5202027550840937,0.5201285345209262,0.5202045017134803,0.5201974713203524,0.5201355649140541,0.0,0.0,0.0,0.009934443049132824,0.009934443049132824,0.0,0.0,0.0,0.0,0.0,-0.03438306599855423,0.005616934038698673,0.0,0.0,0.0,0.0
32.55,0.019868886098265648,0.009934443049132824,0.009934443049132824,datactrl_ref_vx_fallback,datactrl_est_vx_fallback,-0.03999999910593033,states_theta,0.01000148430466652,0.38971254916658393,0.2250006476345066,0.5195515362974842,0.5196819281467396,0.519603013377595,0.5196304510666289,0.5196178207364389,0.5196156437077849,0.0,0.0,0.0,0.009934443049132824,0.009934443049132824,0.0,0.0,0.0,0.0,0.0,-0.03546027094125748,0.004539726302027702,0.0,0.0,0.0,0.0
32.775,0.01989833079278469,0.009949165396392345,0.009949165396392345,datactrl_ref_vx_fallback,datactrl_est_vx_fallback,-0.029999999329447746,states_theta,0.010003709234297276,0.3896809757358919,0.22498242005231153,0.5195256795784533,0.5196235890505918,0.5195215422475848,0.5196277263814603,0.5196152267137096,0.5195340419153355,0.0,0.0,0.0,0.009949165396392345,0.009949165396392345,0.0,0.0,0.0,0.0,0.0,-0.036569446325302124,-0.0065694465301930904,0.0,0.0,0.0,0.0
33.007,0.0132334278896451,0.00661671394482255,0.00661671394482255,datactrl_ref_vx_fallback,datactrl_est_vx_fallback,-0.03999999910593033,states_theta,-0.04572972655296326,0.3896409391831381,0.22495930862240632,0.5195718794158313,0.5194706250725369,0.5195787250986464,0.5194637793897218,0.5194339182828399,0.5196085862055283,0.0,0.0,0.0,0.00661671394482255,0.00661671394482255,0.0,0.0,0.0,0.0,0.0,-0.030412787571549416,0.009587212465703487,0.0,0.0,0.0,0.0
33.245,0.0032334281131625175,0.009999999776482582,-0.0067665716633200645,datactrl_ref_vx_fallback,states_vx_gs,-0.019999999552965164,states_theta,0.1251821219921112,0.38999292466142355,0.22516255920287892,0.5199573672087984,0.5200237652216645,0.5199870250519081,0.5199941073785548,0.5197270556495506,0.5202540767809123,0.0,0.0,0.0,0.00661671394482255,-0.0033832858316600323,0.0,0.0,0.0,0.0,0.0,-0.009309682995080948,0.010690316557884216,0.0,0.0,0.0,0.0
33.295,0.00323611032217741,0.009999999776482582,-0.006763889454305172,datactrl_ref_vx_fallback,states_vx_gs,-0.009999999776482582,states_theta,0.12504710257053375,0.38999292466142355,0.22516255920287892,0.5199573672087984,0.5200237652216645,0.5199870250519081,0.5199941073785548,0.5197270556495506,0.5202540767809123,0.0,0.0,0.0,0.006618055049329996,-0.003381944727152586,0.0,0.0,0.0,0.0,0.0,-0.009129167534410954,0.0008708321256563067,0.0,0.0,0.0,0.0
33.543,0.00323611032217741,0.009999999776482582,-0.006763889454305172,datactrl_ref_vx_fallback,states_vx_gs,-0.009999999776482582,states_theta,-0.1899496167898178,0.3899909886462134,0.22516159459301893,0.520228897504109,0.5197470722191269,0.5198565578645088,0.520119411858727,0.5205086636422062,0.5194673060810296,0.0,0.0,0.0,0.006618055049329996,-0.003381944727152586,0.0,0.0,0.0,0.0,0.0,-0.00876245740801096,0.0012375419028103352,0.0,0.0,0.0,0.0
33.738,0.00323611032217741,0.009999999776482582,-0.006763889454305172,datactrl_ref_vx_fallback,states_vx_gs,-0.029999999329447746,states_theta,-0.15944436192512512,0.3899800983377903,0.2251552147836339,0.5197795552018771,0.520167373698897,0.5201687817450781,0.519778147155696,0.5196503112180829,0.5202966176826912,0.0,0.0,0.0,0.006618055049329996,-0.003381944727152586,0.0,0.0,0.0,0.0,0.0,-0.008579103276133537,0.02142089605331421,0.0,0.0,0.0,0.0
33.968,0.003265553154051304,0.009999999776482582,-0.006734446622431278,datactrl_ref_vx_fallback,states_vx_gs,-0.019999999552965164,states_theta,0.12032762914896011,0.3899734729138728,0.2251513507687984,0.5201014532478929,0.5198278078557679,0.5197893623825758,0.520139898721085,0.5202112152239424,0.5197180458797184,0.0,0.0,0.0,0.006632776465266943,-0.003367223311215639,0.0,0.0,0.0,0.0,0.0,-0.008245154283940792,0.011754845269024372,0.0,0.0,0.0,0.0
34.209,0.003265553154051304,0.009999999776482582,-0.006734446622431278,datactrl_ref_vx_fallback,states_vx_gs,-0.019999999552965164,states_theta,0.0012892938684672117,0.3899576883653772,0.22514220741069757,0.5198243461216113,0.5200628228527279,0.5200559060781202,0.519831262896219,0.5197729676831633,0.5201142012911759,0.0,0.0,0.0,0.006632776465266943,-0.003367223311215639,0.0,0.0,0.0,0.0,0.0,-0.007880041375756264,0.0121199581772089,0.0,0.0,0.0,0.0
34.259,-0.0033966656774282455,0.009999999776482582,-0.013396665453910828,datactrl_ref_vx_fallback,states_vx_gs,-0.009999999776482582,states_theta,0.04982323199510574,0.3899576883653772,0.22514220741069757,0.5198243461216113,0.5200628228527279,0.5200559060781202,0.519831262896219,0.5197729676831633,0.5201142012911759,0.0,0.0,0.0,0.0033016670495271683,-0.006698332726955414,0.0,0.0,0.0,0.0,0.0,-0.00046493520494550467,0.009535064920783043,0.0,0.0,0.0,0.0
34.441,-0.0033966656774282455,0.009999999776482582,-0.013396665453910828,datactrl_ref_vx_fallback,states_vx_gs,-0.009999999776482582,states_theta,0.03921373933553696,0.38995958144854576,0.22514333588189317,0.5201100407777451,0.5197821764183769,0.5197884039822014,0.5201038132139206,0.5202071428917414,0.5196850743043806,0.0,0.0,0.0,0.0033016670495271683,-0.006698332726955414,0.0,0.0,0.0,0.0,0.0,-0.0001017796530504711,0.00989822018891573,0.0,0.0,0.0,0.0
34.491,-0.0033966656774282455,0.009999999776482582,-0.013396665453910828,datactrl_ref_vx_fallback,states_vx_gs,-0.009999999776482582,states_theta,-0.025473840534687042,0.38995958144854576,0.22514333588189317,0.5201100407777451,0.5197821764183769,0.5197884039822014,0.5201038132139206,0.5202071428917414,0.5196850743043806,0.0,0.0,0.0,0.0033016670495271683,-0.006698332726955414,0.0,0.0,0.0,0.0,0.0,0.00026137588429264724,0.010261375457048416,0.0,0.0,0.0,0.0
34.763,-0.003367222845554352,0.009999999776482582,-0.013367222622036934,datactrl_ref_vx_fallback,states_vx_gs,-0.009999999776482582,states_theta,0.032255008816719055,0.38997933992695266,0.2251546935642579,0.5198876388300205,0.5200572676418532,0.5200733616080496,0.5198715448638241,0.5198599057899843,0.5200850006818895,0.0,0.0,0.0,0.003316388465464115,-0.006683611311018467,0.0,0.0,0.0,0.0,0.0,0.0009549255482852459,0.01095492485910654,0.0,0.0,0.0,0.0
34.948,-0.003367222845554352,0.009999999776482582,-0.013367222622036934,datactrl_ref_vx_fallback,states_vx_gs,0.0013172829058021307,datactrl_est_theta_fallback,0.03200880065560341,0.38998999451081895,0.22516083019761318,0.5200211630039828,0.5199521556915343,0.5199638429943805,0.5200094757011366,0.5199456070170494,0.5200277116784677,0.0,0.0,0.0,0.003316388465464115,-0.006683611311018467,0.0,0.0,0.0,0.0,0.0,0.0013172829058021307,0.0013172829058021307,0.0,0.0,0.0,0.0
35.001,-0.003367222845554352,0.009999999776482582,-0.013367222622036934,datactrl_ref_vx_fallback,states_vx_gs,0.0016796403797343373,datactrl_est_theta_fallback,0.03296015411615372,0.38998999451081895,0.22516083019761318,0.5200211630039828,0.5199521556915343,0.5199638429943805,0.5200094757011366,0.5199456070170494,0.5200277116784677,0.0,0.0,0.0,0.003316388465464115,-0.006683611311018467,0.0,0.0,0.0,0.0,0.0,0.0016796403797343373,0.0016796403797343373,0.0,0.0,0.0,0.0
35.253,-0.010029442598352034,0.009999999776482582,-0.020029442374834616,datactrl_ref_vx_fallback,states_vx_gs,0.009636905044317245,datactrl_est_theta_fallback,-0.003996203653514385,0.3900184886110766,0.22517728340184384,0.5200479592194546,0.5200013437434162,0.5200033380215223,0.5200459649413485,0.5201035953329596,0.5199457076299112,0.0,0.0,0.0,-1.472140593250515e-05,-0.010014721192419529,0.0,0.0,0.0,0.0,0.0,0.009636905044317245,0.009636905044317245,0.0,0.0,0.0,0.0
35.458,-0.009999999776482582,0.009999999776482582,-0.019999999552965164,datactrl_ref_vx_fallback,states_vx_gs,0.010147898457944393,datactrl_est_theta_fallback,0.03905727341771126,0.39001064953154985,0.22517275545368415,0.5200596700218811,0.5199687287289185,0.5199852311065557,0.520043167644244,0.519989226394901,0.5200391723558987,0.0,0.0,0.0,0.0,-0.009999999776482582,0.0,0.0,0.0,0.0,0.0,0.010147898457944393,0.010147898457944393,0.0,0.0,0.0,0.0
35.713,-0.009999999776482582,0.009999999776482582,-0.019999999552965164,datactrl_ref_vx_fallback,states_vx_gs,0.011232214979827404,datactrl_est_theta_fallback,0.02756648138165474,0.3900314905991858,0.22518484283306833,0.5198702569098752,0.5202137180212869,0.5202626974604,0.5198212774707621,0.5198870120949522,0.5201969628362099,0.0,0.0,0.0,0.0,-0.009999999776482582,0.0,0.0,0.0,0.0,0.0,0.011232214979827404,0.011232214979827404,0.0,0.0,0.0,0.0
35.96,-0.009999999776482582,0.009999999776482582,-0.019999999552965164,datactrl_ref_vx_fallback,states_vx_gs,0.01231653057038784,datactrl_est_theta_fallback,-0.002061223378404975,0.389686663311086,0.22498579822432707,0.5197627131476356,0.5194017223485937,0.5192695661386579,0.5198948693575713,0.5197979279597778,0.5193665075364515,0.0,0.0,0.0,0.0,-0.009999999776482582,0.0,0.0,0.0,0.0,0.0,0.01231653057038784,0.01231653057038784,0.0,0.0,0.0,0.0
36.01,-0.009999999776482582,0.009999999776482582,-0.019999999552965164,datactrl_ref_vx_fallback,states_vx_gs,0.009999999776482582,states_theta,0.05421977862715721,0.389686663311086,0.22498579822432707,0.5197627131476356,0.5194017223485937,0.5192695661386579,0.5198948693575713,0.5197979279597778,0.5193665075364515,0.0,0.0,0.0,0.0,-0.009999999776482582,0.0,0.0,0.0,0.0,0.0,0.012912904843688011,0.002912905067205429,0.0,0.0,0.0,0.0
36.202,-0.016632776707410812,0.009999999776482582,-0.026632776483893394,datactrl_ref_vx_fallback,states_vx_gs,0.009999999776482582,states_theta,0.0524505116045475,0.3897160393732911,0.22500266357804014,0.5196735985803147,0.5195691730817948,0.5196120045910377,0.5196307670710718,0.519564862096227,0.5196779095658826,0.0,0.0,0.0,-0.003316388465464115,-0.013316388241946697,0.0,0.0,0.0,0.0,0.0,0.020673630759119987,0.01067363005131483,0.0,0.0,0.0,0.0
36.252,-0.016632776707410812,0.009999999776482582,-0.026632776483893394,datactrl_ref_vx_fallback,states_vx_gs,0.019999999552965164,states_theta,0.0357837900519371,0.3897160393732911,0.22500266357804014,0.5196735985803147,0.5195691730817948,0.5196120045910377,0.5196307670710718,0.519564862096227,0.5196779095658826,0.0,0.0,0.0,-0.003316388465464115,-0.013316388241946697,0.0,0.0,0.0,0.0,0.0,0.021395588293671608,0.0013955890899524093,0.0,0.0,0.0,0.0
36.432,-0.016632776707410812,0.009999999776482582,-0.026632776483893394,datactrl_ref_vx_fallback,states_vx_gs,0.019999999552965164,states_theta,0.0360131561756134,0.3897361213321003,0.22501425903744857,0.5196819776968674,0.5196143458554,0.5196701718550417,0.5196261516972257,0.5195680072890522,0.5197283162632153,0.0,0.0,0.0,-0.003316388465464115,-0.013316388241946697,0.0,0.0,0.0,0.0,0.0,0.022117547690868378,0.00211754790507257,0.0,0.0,0.0,0.0
36.732,-0.016632776707410812,0.009999999776482582,-0.026632776483893394,datactrl_ref_vx_fallback,states_vx_gs,0.029999999329447746,states_theta,0.03701374679803848,0.3901466308246617,0.2252512693983352,0.5202344074209841,0.520156608111447,0.5201934590817753,0.5201975564506559,0.520089584435064,0.5203014310973672,0.0,0.0,0.0,-0.003316388465464115,-0.013316388241946697,0.0,0.0,0.0,0.0,0.0,0.024283424019813538,-0.005716575309634209,0.0,0.0,0.0,0.0
36.927,-0.01660333387553692,0.009999999776482582,-0.0266033336520195,datactrl_ref_vx_fallback,states_vx_gs,0.029999999329447746,states_theta,0.0370137095451355,0.3902003819484401,0.22528231501661172,0.520332343816658,0.5202020080458489,0.5202853420532464,0.5202490098092606,0.5200925434518907,0.5204418084106163,0.0,0.0,0.0,-0.0033016670495271683,-0.01330166682600975,0.0,0.0,0.0,0.0,0.0,0.024973340332508087,-0.005026659928262234,0.0,0.0,0.0,0.0
37.173,-0.02326735621318221,-0.006633677985519171,-0.01663367822766304,datactrl_ref_vx_fallback,datactrl_est_vx_fallback,0.03999999910593033,states_theta,0.03801386058330536,0.38987061611263324,0.22509193898327062,0.5198763822009667,0.5197785940993886,0.5198401073798894,0.5198148689204659,0.5195859229865892,0.5200690533137661,0.0,0.0,0.0,-0.006633677985519171,-0.01663367822766304,0.0,0.0,0.0,0.0,0.0,0.03366823121905327,-0.006331766955554485,0.0,0.0,0.0,0.0
37.232,-0.013267355971038342,-0.006633677985519171,-0.006633677985519171,datactrl_ref_vx_fallback,datactrl_est_vx_fallback,0.03999999910593033,states_theta,0.03801386058330536,0.38987061611263324,0.22509193898327062,0.5198763822009667,0.5197785940993886,0.5198401073798894,0.5198148689204659,0.5195859229865892,0.5200690533137661,0.0,0.0,0.0,-0.006633677985519171,-0.006633677985519171,0.0,0.0,0.0,0.0,0.0,0.013183202594518661,-0.026816796511411667,0.0,0.0,0.0,0.0
37.425,-0.013267355971038342,-0.006633677985519171,-0.006633677985519171,datactrl_ref_vx_fallback,datactrl_est_vx_fallback,0.03999999910593033,states_theta,-0.028986172750592232,0.3898930635176764,0.22510486894668524,0.5199224147877526,0.5197924212593845,0.5198742281297227,0.5198406079174144,0.5198096554874768,0.5199051805596603,0.0,0.0,0.0,-0.006633677985519171,-0.006633677985519171,0.0,0.0,0.0,0.0,0.0,0.013542852364480495,-0.02645714581012726,0.0,0.0,0.0,0.0
37.667,-0.013267355971038342,-0.006633677985519171,-0.006633677985519171,datactrl_ref_vx_fallback,datactrl_est_vx_fallback,0.029999999329447746,states_theta,-0.05702041834592819,0.38996175463362104,0.22514453344208668,0.5199683202156606,0.5199296921406622,0.5200523686215126,0.5198456437348102,0.5198720039085427,0.5200260084477801,0.0,0.0,0.0,-0.006633677985519171,-0.006633677985519171,0.0,0.0,0.0,0.0,0.0,0.014262152835726738,-0.01573784649372101,0.0,0.0,0.0,0.0
37.717,-0.013267355971038342,-0.006633677985519171,-0.006633677985519171,datactrl_ref_vx_fallback,datactrl_est_vx_fallback,0.029999999329447746,states_theta,-0.057021137326955795,0.38996175463362104,0.22514453344208668,0.5199683202156606,0.5199296921406622,0.5200523686215126,0.5198456437348102,0.5198720039085427,0.5200260084477801,0.0,0.0,0.0,-0.006633677985519171,-0.006633677985519171,0.0,0.0,0.0,0.0,0.0,0.014621803537011147,-0.0153781957924366,0.0,0.0,0.0,0.0
37.904,-0.013238807208836079,-0.006619403604418039,-0.006619403604418039,datactrl_ref_vx_fallback,datactrl_est_vx_fallback,0.019999999552965164,states_theta,-0.038114484399557114,0.3900163712273936,0.225176078587411,0.519885494326177,0.5201581622802058,0.5199049669920277,0.5201386896143552,0.5201042579750854,0.5199393986312975,0.0,0.0,0.0,-0.006619403604418039,-0.006619403604418039,0.0,0.0,0.0,0.0,0.0,0.014950383454561234,-0.005049616098403931,0.0,0.0,0.0,0.0
38.228,-0.013236111029982567,-0.006618055514991283,-0.006618055514991283,datactrl_ref_vx_fallback,datactrl_est_vx_fallback,0.019999999552965164,states_theta,-0.036590855568647385,0.39006173416995293,0.2252022969729125,0.5201854551471945,0.5199791693060134,0.5199077578576465,0.5202568665955614,0.5203025883843486,0.5198620360688593,0.0,0.0,0.0,-0.006618055514991283,-0.006618055514991283,0.0,0.0,0.0,0.0,0.0,0.01602407917380333,-0.003975921310484409,0.0,0.0,0.0,0.0
38.403,-0.013236111029982567,-0.006618055514991283,-0.006618055514991283,datactrl_ref_vx_fallback,datactrl_est_vx_fallback,0.019999999552965164,states_theta,-7.31904583517462e-06,0.39009773671720227,0.22522310237536022,0.5200134806222021,0.5202471506236706,0.5203519483610531,0.5199086828848195,0.5198819603764399,0.5203786708694328,0.0,0.0,0.0,-0.006618055514991283,-0.006618055514991283,0.0,0.0,0.0,0.0,0.0,0.016382882371544838,-0.003617117879912257,0.0,0.0,0.0,0.0
38.624,-0.013236111029982567,-0.006618055514991283,-0.006618055514991283,datactrl_ref_vx_fallback,datactrl_est_vx_fallback,0.019999999552965164,states_theta,-1.1129626997785635e-08,0.3901647462746284,0.2252617669039588,0.5203116043139889,0.5201277190850201,0.5200184141526094,0.5204209092463996,0.5204019984598729,0.5200373249391361,0.0,0.0,0.0,-0.006618055514991283,-0.006618055514991283,0.0,0.0,0.0,0.0,0.0,0.017100488767027855,-0.0028995114844292402,0.0,0.0,0.0,0.0
38.887,-0.01989833265542984,-0.00994916632771492,-0.00994916632771492,datactrl_ref_vx_fallback,datactrl_est_vx_fallback,0.019999999552965164,states_theta,-0.01804240792989731,0.39020879368548966,0.2252871702162196,0.5204478668586973,0.5201089163026086,0.5203271575087242,0.5202296256525817,0.5203183519187625,0.5202384312425433,0.0,0.0,0.0,-0.00994916632771492,-0.00994916632771492,0.0,0.0,0.0,0.0,0.0,0.025068705901503563,0.005068707279860973,0.0,0.0,0.0,0.0
39.119,-0.01989833265542984,-0.00994916632771492,-0.00994916632771492,datactrl_ref_vx_fallback,datactrl_est_vx_fallback,0.009999999776482582,states_theta,-2.61396180576412e-05,0.3898764936470023,0.2250953222536534,0.519993523761633,0.5196771259637064,0.5199618927576688,0.5197087569676706,0.5197950225973711,0.5198756271279683,0.0,0.0,0.0,-0.00994916632771492,-0.00994916632771492,0.0,0.0,0.0,0.0,0.0,0.02614751085639,0.016147511079907417,0.0,0.0,0.0,0.0
39.361,-0.019868887960910797,-0.009934443980455399,-0.009934443980455399,datactrl_ref_vx_fallback,datactrl_est_vx_fallback,0.009999999776482582,states_theta,4.299596678691842e-09,0.3899244331792926,0.22512302444362167,0.5198573646413105,0.519941123836803,0.520146549067387,0.5196519394107265,0.5197459316881564,0.5200525567899571,0.0,0.0,0.0,-0.009934443980455399,-0.009934443980455399,0.0,0.0,0.0,0.0,0.0,0.027194270864129066,0.017194271087646484,0.0,0.0,0.0,0.0
39.416,-0.019872484728693962,-0.009936242364346981,-0.009936242364346981,datactrl_ref_vx_fallback,datactrl_est_vx_fallback,0.009999999776482582,states_theta,-9.521062410700054e-11,0.3899244331792926,0.22512302444362167,0.5198573646413105,0.519941123836803,0.520146549067387,0.5196519394107265,0.5197459316881564,0.5200525567899571,0.0,0.0,0.0,-0.009936242364346981,-0.009936242364346981,0.0,0.0,0.0,0.0,0.0,0.027736788615584373,0.01773678883910179,0.0,0.0,0.0,0.0
39.611,-0.019872484728693962,-0.009936242364346981,-0.009936242364346981,datactrl_ref_vx_fallback,datactrl_est_vx_fallback,0.009999999776482582,states_theta,0.0030464204028248787,0.3903359031606236,0.22536060899208457,0.5204042587326859,0.520491483028977,0.5201243680889468,0.5207713736727161,0.520589492786495,0.5203062489751679,0.0,0.0,0.0,-0.009936242364346981,-0.009936242364346981,0.0,0.0,0.0,0.0,0.0,0.028275489807128906,0.018275490030646324,0.0,0.0,0.0,0.0
39.851,-0.019868887960910797,-0.009934443980455399,-0.009934443980455399,datactrl_ref_vx_fallback,datactrl_est_vx_fallback,0.029999999329447746,states_theta,0.1145547479391098,0.3900135070029113,0.22517442255436523,0.5201604205081893,0.5198755981662408,0.5199646465414415,0.5200713721329887,0.5201258794341622,0.519910139240268,0.0,0.0,0.0,-0.009934443980455399,-0.009934443980455399,0.0,0.0,0.0,0.0,0.0,0.029348978772759438,-0.0006510208477266133,0.0,0.0,0.0,0.0
39.902,-0.019868887960910797,-0.009934443980455399,-0.009934443980455399,datactrl_ref_vx_fallback,datactrl_est_vx_fallback,0.03999999910593033,states_theta,-0.05480736121535301,0.3900135070029113,0.22517442255436523,0.5201604205081893,0.5198755981662408,0.5199646465414415,0.5200713721329887,0.5201258794341622,0.519910139240268,0.0,0.0,0.0,-0.009934443980455399,-0.009934443980455399,0.0,0.0,0.0,0.0,0.0,0.02988758310675621,-0.010112416930496693,0.0,0.0,0.0,0.0
40.096,-0.019868887960910797,-0.009934443980455399,-0.009934443980455399,datactrl_ref_vx_fallback,datactrl_est_vx_fallback,0.019999999552965164,states_theta,-0.19906875491142273,0.39006875247676176,0.22520639368491469,0.5199221665558197,0.5202611733822117,0.5202373875916013,0.51994595234643,0.5197449959768221,0.5204383439612092,0.0,0.0,0.0,-0.009934443980455399,-0.009934443980455399,0.0,0.0,0.0,0.0,0.0,0.030426185578107834,0.010426186956465244,0.0,0.0,0.0,0.0
40.211,-0.019868887960910797,-0.009934443980455399,-0.009934443980455399,datactrl_ref_vx_fallback,datactrl_est_vx_fallback,0.019999999552965164,states_theta,0.1248912662267685,0.39009770466820715,0.2252231217358774,0.520277957214763,0.5199825885671226,0.519736291315522,0.5205242544663636,0.5202553427480224,0.5200052030338632,0.0,0.0,0.0,-0.009934443980455399,-0.009934443980455399,0.0,0.0,0.0,0.0,0.0,0.030964789912104607,0.010964790359139442,0.0,0.0,0.0,0.0
40.261,-0.019868887960910797,-0.009934443980455399,-0.009934443980455399,datactrl_ref_vx_fallback,datactrl_est_vx_fallback,0.029999999329447746,states_theta,0.1324688196182251,0.39009770466820715,0.2252231217358774,0.520277957214763,0.5199825885671226,0.519736291315522,0.5205242544663636,0.5202553427480224,0.5200052030338632,0.0,0.0,0.0,-0.009934443980455399,-0.009934443980455399,0.0,0.0,0.0,0.0,0.0,0.03150339424610138,0.001503395033068955,0.0,0.0,0.0,0.0
40.452,-0.019868887960910797,-0.009934443980455399,-0.009934443980455399,datactrl_ref_vx_fallback,datactrl_est_vx_fallback,0.029999999329447746,states_theta,-0.0622970312833786,0.39013124459478865,0.2252424627864702,0.5200540878783798,0.5202958977077233,0.5204938344022603,0.5198561511838429,0.5199891298084582,0.5203608557776449,0.0,0.0,0.0,-0.009934443980455399,-0.009934443980455399,0.0,0.0,0.0,0.0,0.0,0.032041996717453,0.0020419990178197622,0.0,0.0,0.0,0.0
40.745,-0.019868887960910797,-0.009934443980455399,-0.009934443980455399,datactrl_ref_vx_fallback,datactrl_est_vx_fallback,0.029999999329447746,states_theta,0.02297169901430607,0.39019526505079016,0.22527936911022045,0.5200535814719839,0.5204671253301233,0.5201872871198651,0.5203334196822421,0.5203051054045321,0.5202156013975751,0.0,0.0,0.0,-0.009934443980455399,-0.009934443980455399,0.0,0.0,0.0,0.0,0.0,0.03365781158208847,0.0036578108556568623,0.0,0.0,0.0,0.0
40.938,-0.019868887960910797,-0.009934443980455399,-0.009934443980455399,datactrl_ref_vx_fallback,datactrl_est_vx_fallback,0.029999999329447746,states_theta,-0.00017928474699147046,0.3898429913761436,0.22507599671983203,0.5195951186479821,0.5199861916884008,0.5196718045730878,0.5199095057632951,0.519935353389945,0.5196459569464379,0.0,0.0,0.0,-0.009934443980455399,-0.009934443980455399,0.0,0.0,0.0,0.0,0.0,0.034196414053440094,0.004196414723992348,0.0,0.0,0.0,0.0
41.164,-0.019865309819579124,-0.009932654909789562,-0.009932654909789562,datactrl_ref_vx_fallback,datactrl_est_vx_fallback,0.029999999329447746,states_theta,0.005531239323318005,0.38988283881487523,0.22509906517917885,0.5198286759443144,0.5198588942286863,0.5195162687906059,0.5201713013823948,0.5201238085783038,0.5195637615946969,0.0,0.0,0.0,-0.009932654909789562,-0.009932654909789562,0.0,0.0,0.0,0.0,0.0,0.03526962921023369,0.005269631743431091,0.0,0.0,0.0,0.0
41.394,-0.01319950446486473,-0.006599752232432365,-0.006599752232432365,datactrl_ref_vx_fallback,datactrl_est_vx_fallback,0.029999999329447746,states_theta,0.019005635753273964,0.3902985677183064,0.22533905424755332,0.5203157744510951,0.5204804061310553,0.5206426811513607,0.5201534994307897,0.5201499125480353,0.5206462680341151,0.0,0.0,0.0,-0.006599752232432365,-0.006599752232432365,0.0,0.0,0.0,0.0,0.0,0.02891153283417225,-0.0010884655639529228,0.0,0.0,0.0,0.0
41.627,-0.01319950446486473,-0.006599752232432365,-0.006599752232432365,datactrl_ref_vx_fallback,datactrl_est_vx_fallback,0.029999999329447746,states_theta,-0.018939951434731483,0.3899685535201054,0.2251484669548788,0.5198891361587236,0.5200270065615574,0.5200921243348892,0.5198240183853918,0.5198632723683544,0.5200528703519266,0.0,0.0,0.0,-0.006599752232432365,-0.006599752232432365,0.0,0.0,0.0,0.0,0.0,0.029627155512571335,-0.0003728437586687505,0.0,0.0,0.0,0.0
41.857,-0.013233428820967674,-0.006616714410483837,-0.006616714410483837,datactrl_ref_vx_fallback,datactrl_est_vx_fallback,0.029999999329447746,states_theta,-0.005991089623421431,0.39001412794092366,0.22517476577310497,0.5200186603187503,0.5200190141903794,0.5199804263422181,0.5200572481669117,0.5199429177642216,0.5200947567449081,0.0,0.0,0.0,-0.006616714410483837,-0.006616714410483837,0.0,0.0,0.0,0.0,0.0,0.030380545184016228,0.00038054509786888957,0.0,0.0,0.0,0.0
42.093,-0.003233429044485092,-0.009999999776482582,0.00676657073199749,datactrl_ref_vx_fallback,states_vx_gs,0.029999999329447746,states_theta,-0.031068190932273865,0.3900493148055336,0.22519507730780716,0.5200884522082253,0.5200430539398643,0.5200799637447514,0.5200515424033382,0.5200698916940022,0.5200616144540874,0.0,0.0,0.0,-0.006616714410483837,0.003383285365998745,0.0,0.0,0.0,0.0,0.0,0.00927744060754776,-0.020722558721899986,0.0,0.0,0.0,0.0
42.143,-0.003233429044485092,-0.009999999776482582,0.00676657073199749,datactrl_ref_vx_fallback,states_vx_gs,0.019999999552965164,states_theta,-0.03903425484895706,0.3900493148055336,0.22519507730780716,0.5200884522082253,0.5200430539398643,0.5200799637447514,0.5200515424033382,0.5200698916940022,0.5200616144540874,0.0,0.0,0.0,-0.006616714410483837,0.003383285365998745,0.0,0.0,0.0,0.0,0.0,0.009094012901186943,-0.010905986651778221,0.0,0.0,0.0,0.0
42.342,-0.0032361112534999847,-0.009999999776482582,0.006763888522982597,datactrl_ref_vx_fallback,states_vx_gs,0.019999999552965164,states_theta,-0.03901468962430954,0.3900740735740214,0.22520937489715018,0.5201096508230557,0.520087878707668,0.5201772031710561,0.5200203263596677,0.5200908698670736,0.5201066596636501,0.0,0.0,0.0,-0.006618055514991283,0.0033819442614912987,0.0,0.0,0.0,0.0,0.0,0.008913504891097546,-0.011086494661867619,0.0,0.0,0.0,0.0
42.392,-0.0032361112534999847,-0.009999999776482582,0.006763888522982597,datactrl_ref_vx_fallback,states_vx_gs,0.009999999776482582,states_theta,-0.03901445493102074,0.3900740735740214,0.22520937489715018,0.5201096508230557,0.520087878707668,0.5201772031710561,0.5200203263596677,0.5200908698670736,0.5201066596636501,0.0,0.0,0.0,-0.006618055514991283,0.0033819442614912987,0.0,0.0,0.0,0.0,0.0,0.008730149827897549,-0.0012698498321697116,0.0,0.0,0.0,0.0
42.581,-0.0032361112534999847,-0.009999999776482582,0.006763888522982597,datactrl_ref_vx_fallback,states_vx_gs,0.009999999776482582,states_theta,-0.006210519000887871,0.3901288144928996,0.22524097729829431,0.5201658428332262,0.5201776624811728,0.5201250218847605,0.5202184834296385,0.5201704779746822,0.5201730273397168,0.0,0.0,0.0,-0.006618055514991283,0.0033819442614912987,0.0,0.0,0.0,0.0,0.0,0.008546794764697552,-0.0014532046625390649,0.0,0.0,0.0,0.0
42.822,0.0033966656774282455,-0.009999999776482582,0.013396665453910828,datactrl_ref_vx_fallback,states_vx_gs,0.009999999776482582,states_theta,-0.006636105943471193,0.39017296535213875,0.22526647043824788,0.5203105315403542,0.5201507093986824,0.5202085008011488,0.5202527401378878,0.5202397959831633,0.5202214449558733,0.0,0.0,0.0,-0.0033016670495271683,0.006698332726955414,0.0,0.0,0.0,0.0,0.0,0.0009615184389986098,-0.009038480930030346,0.0,0.0,0.0,0.0
43.06,0.0033966656774282455,-0.009999999776482582,0.013396665453910828,datactrl_ref_vx_fallback,states_vx_gs,0.00023520732065662742,datactrl_est_theta_fallback,-0.040477853268384933,0.38982841875946284,0.22506760110144444,0.5197457123984236,0.5197967376268106,0.5200356819386831,0.519506768086551,0.5195843813908851,0.519958068634349,0.0,0.0,0.0,-0.0033016670495271683,0.006698332726955414,0.0,0.0,0.0,0.0,0.0,0.00023520732065662742,-0.009764792397618294,0.0,0.0,0.0,0.0
43.31,0.0033966656774282455,-0.009999999776482582,0.013396665453910828,datactrl_ref_vx_fallback,states_vx_gs,0.009999999776482582,states_theta,0.05346725136041641,0.3898472890315385,0.22507848106022463,0.5197906362260692,0.5198021345247,0.519819904485062,0.5197728662657073,0.5195166134614155,0.5200761572893537,0.0,0.0,0.0,-0.0033016670495271683,0.006698332726955414,0.0,0.0,0.0,0.0,0.0,-0.000491103797685355,-0.010491103865206242,0.0,0.0,0.0,0.0
43.525,0.0033663215581327677,-0.009999999776482582,0.01336632133461535,datactrl_ref_vx_fallback,states_vx_gs,0.019999999552965164,states_theta,0.009361116215586662,0.3902561047044214,0.2253144955988308,0.5203703714530994,0.5203125744253576,0.5203582465211155,0.5203246993573415,0.5205656289577146,0.5201173169207424,0.0,0.0,0.0,-0.0033168389927595854,0.006683160550892353,0.0,0.0,0.0,0.0,0.0,-0.0011843910906463861,-0.021184390410780907,0.0,0.0,0.0,0.0
43.758,0.010028548310401675,-0.009999999776482582,0.020028548086884257,datactrl_ref_vx_fallback,states_vx_gs,-0.009159673936665058,datactrl_est_theta_fallback,-0.15783055126667023,0.38993037722145474,0.22512641215687368,0.5199142094142842,0.5199001298429283,0.519894990479997,0.5199193487772156,0.5199898206704643,0.5198245185867483,0.0,0.0,0.0,1.4274152817961294e-05,0.010014274157583714,0.0,0.0,0.0,0.0,0.0,-0.009159673936665058,-0.009159673936665058,0.0,0.0,0.0,0.0
44.055,0.010029442601080518,-0.009999999776482582,0.0200294423775631,datactrl_ref_vx_fallback,states_vx_gs,-0.010789492167532444,datactrl_est_theta_fallback,0.08119561523199081,0.38997077198853636,0.22514975221224198,0.5199565648456342,0.5199654937904626,0.5199158256987484,0.5200062329373485,0.5197670846769109,0.520154973959186,0.0,0.0,0.0,1.4721408660989255e-05,0.010014721192419529,0.0,0.0,0.0,0.0,0.0,-0.010789492167532444,-0.010789492167532444,0.0,0.0,0.0,0.0
44.308,0.009999999776482582,-0.009999999776482582,0.019999999552965164,datactrl_ref_vx_fallback,states_vx_gs,-0.009999999776482582,states_theta,-0.18365070223808289,0.38999991930246486,0.22516661271811605,0.5200217768888356,0.5199780079177374,0.5200521218342415,0.5199476629723314,0.5203075454285169,0.5196922393780561,0.0,0.0,0.0,0.0,0.009999999776482582,0.0,0.0,0.0,0.0,0.0,-0.01184256374835968,-0.0018425637390464544,0.0,0.0,0.0,0.0
44.508,0.009999999776482582,-0.009999999776482582,0.019999999552965164,datactrl_ref_vx_fallback,states_vx_gs,-0.029999999329447746,states_theta,-0.05099187791347504,0.39003715956510715,0.22518817520797238,0.5199595928775422,0.5201394992960768,0.5196999189965645,0.5203991731770545,0.5197686644724626,0.5203304277011565,0.0,0.0,0.0,0.0,0.009999999776482582,0.0,0.0,0.0,0.0,0.0,-0.012438937090337276,0.017561061307787895,0.0,0.0,0.0,0.0
44.56,0.016662219539284706,-0.009999999776482582,0.026662219315767288,datactrl_ref_vx_fallback,states_vx_gs,-0.009999999776482582,states_theta,0.27123990654945374,0.39003715956510715,0.22518817520797238,0.5199595928775422,0.5201394992960768,0.5196999189965645,0.5203991731770545,0.5197686644724626,0.5203304277011565,0.0,0.0,0.0,0.003331109881401062,0.013331109657883644,0.0,0.0,0.0,0.0,0.0,-0.020069167017936707,-0.010069167241454124,0.0,0.0,0.0,0.0
44.746,0.016662219539284706,-0.009999999776482582,0.026662219315767288,datactrl_ref_vx_fallback,states_vx_gs,-0.020791923627257347,datactrl_est_theta_fallback,-0.018402613699436188,0.39006823740207636,0.22520608264839298,0.5201406783783695,0.5200412880271674,0.5203976450958887,0.5197843213096482,0.5203124094778644,0.5198695569276726,0.0,0.0,0.0,0.003331109881401062,0.013331109657883644,0.0,0.0,0.0,0.0,0.0,-0.020791923627257347,-0.020791923627257347,0.0,0.0,0.0,0.0
44.796,0.016632776707410812,-0.009999999776482582,0.026632776483893394,datactrl_ref_vx_fallback,states_vx_gs,-0.019999999552965164,states_theta,-0.2641902565956116,0.39006823740207636,0.22520608264839298,0.5201406783783695,0.5200412880271674,0.5203976450958887,0.5197843213096482,0.5203124094778644,0.5198695569276726,0.0,0.0,0.0,0.003316388465464115,0.013316388241946697,0.0,0.0,0.0,0.0,0.0,-0.02148335613310337,-0.0014833563473075628,0.0,0.0,0.0,0.0
44.973,0.016632776707410812,-0.009999999776482582,0.026632776483893394,datactrl_ref_vx_fallback,states_vx_gs,-0.029999999329447746,states_theta,-0.014631368219852448,0.3901153446381579,0.22523322210986707,0.5201894649927961,0.5201181207089582,0.5199541738264797,0.5203534118752746,0.5201445814829424,0.5201630042188119,0.0,0.0,0.0,0.003316388465464115,0.013316388241946697,0.0,0.0,0.0,0.0,0.0,-0.02220531553030014,0.0077946847304701805,0.0,0.0,0.0,0.0
45.193,0.016632776707410812,-0.009999999776482582,0.026632776483893394,datactrl_ref_vx_fallback,states_vx_gs,-0.019999999552965164,states_theta,-0.03171146661043167,0.39015137698352037,0.22525401367583434,0.5201911877689843,0.52021248418707,0.5203425767404505,0.5200610952156038,0.5202149035937734,0.5201887683622809,0.0,0.0,0.0,0.003316388465464115,0.013316388241946697,0.0,0.0,0.0,0.0,0.0,-0.02364923246204853,-0.0036492326762527227,0.0,0.0,0.0,0.0
45.482,0.023265553172677755,-0.009999999776482582,0.03326555294916034,datactrl_ref_vx_fallback,states_vx_gs,-0.029999999329447746,states_theta,0.028215108439326286,0.3901626381597156,0.2252605160387419,0.5200868273623073,0.5203468743969343,0.5201927680039607,0.5202409337552808,0.5201543710507849,0.5202793307084567,0.0,0.0,0.0,0.006632776465266943,0.016632776707410812,0.0,0.0,0.0,0.0,0.0,-0.032871853560209274,-0.0028718546964228153,0.0,0.0,0.0,0.0
45.672,0.013265552930533886,0.006632776465266943,0.006632776465266943,datactrl_ref_vx_fallback,datactrl_est_vx_fallback,-0.029999999329447746,states_theta,0.009347612038254738,0.3901985309908122,0.22528127092888076,0.520126033968986,0.5204033820065131,0.5201281122787251,0.5204013036967741,0.5204683087543198,0.5200611072211794,0.0,0.0,0.0,0.006632776465266943,0.006632776465266943,0.0,0.0,0.0,0.0,0.0,-0.012278343550860882,0.01772165484726429,0.0,0.0,0.0,0.0
45.722,0.033265553414821625,0.016632776707410812,0.016632776707410812,datactrl_ref_vx_fallback,datactrl_est_vx_fallback,-0.029999999329447746,states_theta,0.009003336541354656,0.3901985309908122,0.22528127092888076,0.520126033968986,0.5204033820065131,0.5201281122787251,0.5204013036967741,0.5204683087543198,0.5200611072211794,0.0,0.0,0.0,0.016632776707410812,0.016632776707410812,0.0,0.0,0.0,0.0,0.0,-0.033916350454092026,-0.003916352987289429,0.0,0.0,0.0,0.0
45.896,1.0,0.11663277447223663,0.8833672255277634,gncbus_cmd,datactrl_est_vx_fallback,-0.019999999552965164,states_theta,0.009003286249935627,0.39022272915055917,0.22529530175804094,0.5201116776131882,0.5204822667883029,0.5199057444346439,0.5206881999668472,0.5202858911255984,0.5203080532758927,0.0,0.0,0.0,0.11663277447223663,0.11663277447223663,0.0,0.0,0.0,0.0,0.0,-0.2500419020652771,-0.23004189133644104,0.0,0.0,0.0,0.0
46.132,1.0,0.31663277745246887,0.6833672225475311,gncbus_cmd,datactrl_est_vx_fallback,-0.03999999910593033,states_theta,-0.18751315772533417,0.389860916889625,0.2250867783002986,0.519635863570008,0.5199932481356586,0.5192339099048311,0.5203952018008355,0.5191198440971705,0.5205092676084961,0.0,0.0,0.0,0.31663277745246887,0.31663277745246887,0.0,0.0,0.0,0.0,0.0,-0.6985577344894409,-0.6585577130317688,0.0,0.0,0.0,0.0
46.19,1.0,0.4166327714920044,0.5833672285079956,gncbus_cmd,datactrl_est_vx_fallback,-0.07000000029802322,states_theta,-0.4226955473423004,0.389860916889625,0.2250867783002986,0.519635863570008,0.5199932481356586,0.5192339099048311,0.5203952018008355,0.5191198440971705,0.5205092676084961,0.0,0.0,0.0,0.4166327714920044,0.4166327714920044,0.0,0.0,0.0,0.0,0.0,-0.93094801902771,-0.8609480261802673,0.0,0.0,0.0,0.0
46.395,1.0,0.5166327953338623,0.4833672046661377,gncbus_cmd,datactrl_est_vx_fallback,-0.14000000059604645,states_theta,-0.8062523007392883,0.3902496566225646,0.2253116275546981,0.5202700803008072,0.5203956706926983,0.5193839346549737,0.5212818163385319,0.5195036461010342,0.5211621048924714,0.0,0.0,0.0,0.5166327953338623,0.5166327953338623,0.0,0.0,0.0,0.0,0.0,-1.168759822845459,-1.0287598371505737,0.0,0.0,0.0,0.0
46.448,1.0,0.6166327595710754,0.38336724042892456,gncbus_cmd,datactrl_est_vx_fallback,-0.25,states_theta,-1.2718045711517334,0.3902496566225646,0.2253116275546981,0.5202700803008072,0.5203956706926983,0.5193839346549737,0.5212818163385319,0.5195036461010342,0.5211621048924714,0.0,0.0,0.0,0.6166327595710754,0.6166327595710754,0.0,0.0,0.0,0.0,0.0,-1.4119932651519775,-1.1619932651519775,0.0,0.0,0.0,0.0
46.696,1.0,0.009999999776482582,0.9900000002235174,gncbus_cmd,states_vx_gs,-0.6800000071525574,states_theta,-2.653621196746826,0.38991906740810056,0.22512008451267987,0.5199041244506654,0.5198800553042694,0.5193680320408369,0.5204161477140978,0.5195819533478387,0.520202226407096,0.0,0.0,0.0,0.8166327476501465,0.8066327571868896,0.0,0.0,0.0,0.0,0.0,-1.8932838439941406,-1.213283896446228,0.0,0.0,0.0,0.0
46.886,1.0,0.019999999552965164,0.9800000004470348,gncbus_cmd,states_vx_gs,-0.9699999690055847,states_theta,-3.0385005474090576,0.3903132116066964,0.22534752496494553,0.5204466211065051,0.5203886098446853,0.5206320494868304,0.52020318146436,0.5207497826878569,0.5200854482633335,0.0,0.0,0.0,0.9166327714920044,0.8966327905654907,0.0,0.0,0.0,0.0,0.0,-2.130690336227417,-1.160690426826477,0.0,0.0,0.0,0.0
46.941,1.0,0.03999999910593033,0.9600000008940697,gncbus_cmd,states_vx_gs,-1.2999999523162842,states_theta,-3.340524435043335,0.3903132116066964,0.22534752496494553,0.5204466211065051,0.5203886098446853,0.5206320494868304,0.52020318146436,0.5207497826878569,0.5200854482633335,0.0,0.0,0.0,1.0,0.9599999785423279,0.0,0.0,0.0,0.0,0.0,-2.3159449100494385,-1.0159449577331543,0.0,0.0,0.0,0.0
47.13,1.0,0.07000000029802322,0.9299999997019768,gncbus_cmd,states_vx_gs,-1.6299999952316284,states_theta,-3.3310706615448,0.39034721675912204,0.22536879256551096,0.5204650011599617,0.520460910197697,0.5217504624504148,0.519175448907244,0.5216657841857457,0.519260127171913,0.0,0.0,0.0,1.0,0.9300000071525574,0.0,0.0,0.0,0.0,0.0,-2.3035061359405518,-0.6735062599182129,0.0,0.0,0.0,0.0
47.371,1.0,0.12999999523162842,0.8700000047683716,gncbus_cmd,states_vx_gs,-2.1399998664855957,states_theta,-2.0840322971343994,0.39002295961829936,0.22518064594990253,0.5200626701933927,0.5199985554554055,0.52094496549641,0.5191162601523882,0.5207905255086145,0.5192707001401837,0.0,0.0,0.0,1.0,0.8700000047683716,0.0,0.0,0.0,0.0,0.0,-2.2738037109375,-0.13380390405654907,0.0,0.0,0.0,0.0
47.421,1.0,0.17000000178813934,0.8299999982118607,gncbus_cmd,states_vx_gs,-2.2899999618530273,states_theta,-1.1885825395584106,0.39002295961829936,0.22518064594990253,0.5200626701933927,0.5199985554554055,0.52094496549641,0.5191162601523882,0.5207905255086145,0.5192707001401837,0.0,0.0,0.0,1.0,0.8299999833106995,0.0,0.0,0.0,0.0,0.0,-2.234936237335205,0.055063746869564056,0.0,0.0,0.0,0.0
47.608,1.0,0.20999999344348907,0.7900000065565109,gncbus_cmd,states_vx_gs,-2.3499999046325684,states_theta,-0.3766321539878845,0.39042196205940854,0.22541026817237858,0.520611355172347,0.5205138769860758,0.5205839606274186,0.5205412715310042,0.5208368689939044,0.5202883631645184,0.0,0.0,0.0,1.0,0.7900000214576721,0.0,0.0,0.0,0.0,0.0,-2.1939542293548584,0.15604563057422638,0.0,0.0,0.0,0.0
47.9,1.0,0.32999998331069946,0.6700000166893005,gncbus_cmd,states_vx_gs,-2.259999990463257,states_theta,0.5612162351608276,0.3900734050009765,0.22520906851074413,0.5201010564609988,0.5200946902082718,0.5199945147375776,0.520201231931693,0.5197249398707345,0.5204708067985361,0.0,0.0,0.0,1.0,0.6700000166893005,0.0,0.0,0.0,0.0,0.0,-2.0580508708953857,0.2019491344690323,0.0,0.0,0.0,0.0
48.088,1.0,0.35999998450279236,0.6400000154972076,gncbus_cmd,states_vx_gs,-2.2100000381469727,states_theta,0.5076333284378052,0.39012753305412945,0.22524033607042515,0.5201581607110677,0.5201819274332775,0.5199726531720623,0.5203674349722829,0.5197948034080113,0.5205452847363339,0.0,0.0,0.0,1.0,0.6399999856948853,0.0,0.0,0.0,0.0,0.0,-2.0297811031341553,0.18021883070468903,0.0,0.0,0.0,0.0
48.138,1.0,0.3999999761581421,0.6000000238418579,gncbus_cmd,states_vx_gs,-2.1599998474121094,states_theta,0.5602896213531494,0.39012753305412945,0.22524033607042515,0.5201581607110677,0.5201819274332775,0.5199726531720623,0.5203674349722829,0.5197948034080113,0.5205452847363339,0.0,0.0,0.0,1.0,0.6000000238418579,0.0,0.0,0.0,0.0,0.0,-1.978227138519287,0.18177266418933868,0.0,0.0,0.0,0.0
48.321,1.0,0.429999977350235,0.570000022649765,gncbus_cmd,states_vx_gs,-2.0999999046325684,states_theta,0.6191270351409912,0.39017015298140717,0.22526507064879994,0.5204050785269261,0.5200486627568264,0.5196306301987464,0.520823111085006,0.5200743795292965,0.520379361754456,0.0,0.0,0.0,1.0,0.5700000524520874,0.0,0.0,0.0,0.0,0.0,-1.9460539817810059,0.1539459079504013,0.0,0.0,0.0,0.0
48.552,1.0,0.5,0.5,gncbus_cmd,states_vx_gs,-1.9799998998641968,states_theta,0.6840665340423584,0.39020129243554674,0.22528343742121598,0.520494378368429,0.5200424014596956,0.519485152352385,0.5210516274757396,0.5196005459291589,0.5209362338989657,0.0,0.0,0.0,1.0,0.5,0.0,0.0,0.0,0.0,0.0,-1.8551160097122192,0.12488388270139694,0.0,0.0,0.0,0.0
48.802,1.0,0.5600000023841858,0.4399999976158142,gncbus_cmd,states_vx_gs,-1.8199999332427979,states_theta,0.7854198813438416,0.39023433540092595,0.2253025354453458,0.5204545585744735,0.5201703358279957,0.5196949021540062,0.520929992248463,0.5194485487846142,0.521176345617855,0.0,0.0,0.0,1.0,0.4399999976158142,0.0,0.0,0.0,0.0,0.0,-1.7782458066940308,0.04175414517521858,0.0,0.0,0.0,0.0
48.852,1.0,0.5899999737739563,0.4100000262260437,gncbus_cmd,states_vx_gs,-1.7599999904632568,states_theta,0.603171169757843,0.39023433540092595,0.2253025354453458,0.5204545585744735,0.5201703358279957,0.5196949021540062,0.520929992248463,0.5194485487846142,0.521176345617855,0.0,0.0,0.0,1.0,0.4100000262260437,0.0,0.0,0.0,0.0,0.0,-1.7372896671295166,0.022710289806127548,0.0,0.0,0.0,0.0
49.046,1.0,0.6200000047683716,0.3799999952316284,gncbus_cmd,states_vx_gs,-1.709999918937683,states_theta,0.5744003057479858,0.3898668010225357,0.2250904172052953,0.5200511312026584,0.5195936715241033,0.5189155801001618,0.5207292226265999,0.5191802883835249,0.5204645143432368,0.0,0.0,0.0,1.0,0.3799999952316284,0.0,0.0,0.0,0.0,0.0,-1.6947612762451172,0.015238691121339798,0.0,0.0,0.0,0.0
49.096,1.0,0.6499999761581421,0.3500000238418579,gncbus_cmd,states_vx_gs,-1.649999976158142,states_theta,0.564285397529602,0.3898668010225357,0.2250904172052953,0.5200511312026584,0.5195936715241033,0.5189155801001618,0.5207292226265999,0.5191802883835249,0.5204645143432368,0.0,0.0,0.0,1.0,0.3500000238418579,0.0,0.0,0.0,0.0,0.0,-1.6507691144943237,-0.0007690794300287962,0.0,0.0,0.0,0.0
49.28,1.0,0.6800000071525574,0.3199999928474426,gncbus_cmd,states_vx_gs,-1.5899999141693115,states_theta,0.6075081825256348,0.39027225946994293,0.22532538807062294,0.5202207453206723,0.5205052799325088,0.519611710999107,0.5211143142540742,0.5188501807722203,0.5218758444809608,0.0,0.0,0.0,1.0,0.3199999928474426,0.0,0.0,0.0,0.0,0.0,-1.6053671836853027,-0.015367232263088226,0.0,0.0,0.0,0.0
49.33,1.0,0.699999988079071,0.30000001192092896,gncbus_cmd,states_vx_gs,-1.5199999809265137,states_theta,0.7575198411941528,0.39027225946994293,0.22532538807062294,0.5202207453206723,0.5205052799325088,0.519611710999107,0.5211143142540742,0.5188501807722203,0.5218758444809608,0.0,0.0,0.0,1.0,0.30000001192092896,0.0,0.0,0.0,0.0,0.0,-1.5798883438110352,-0.05988837406039238,0.0,0.0,0.0,0.0
49.534,1.0,0.7199999690055847,0.2800000309944153,gncbus_cmd,states_vx_gs,-1.4399999380111694,states_theta,0.75465327501297,0.38991843045430785,0.22512124333413616,0.5196772052003248,0.5201052760111627,0.5188205907747683,0.5209618904367193,0.5185026603669742,0.5212798208445133,0.0,0.0,0.0,1.0,0.2800000309944153,0.0,0.0,0.0,0.0,0.0,-1.5531625747680664,-0.11316265910863876,0.0,0.0,0.0,0.0
49.584,1.0,0.7400000095367432,0.25999999046325684,gncbus_cmd,states_vx_gs,-1.3799999952316284,states_theta,0.6109981536865234,0.38991843045430785,0.22512124333413616,0.5196772052003248,0.5201052760111627,0.5188205907747683,0.5209618904367193,0.5185026603669742,0.5212798208445133,0.0,0.0,0.0,1.0,0.25999999046325684,0.0,0.0,0.0,0.0,0.0,-1.525189757347107,-0.14518976211547852,0.0,0.0,0.0,0.0
49.792,1.0,0.7799999713897705,0.2200000286102295,gncbus_cmd,states_vx_gs,-1.2799999713897705,states_theta,0.43079617619514465,0.39030124257513843,0.22534212880370977,0.5205862995046894,0.5202170140290131,0.5190173628206195,0.521785950713083,0.5194339697213884,0.521369343812314,0.0,0.0,0.0,1.0,0.24000000953674316,0.0,0.0,0.0,0.0,0.0,-1.4960784912109375,-0.17607857286930084,0.0,0.0,0.0,0.0
50.01,1.0,0.7999999523162842,0.20000004768371582,gncbus_cmd,states_vx_gs,-1.2200000286102295,states_theta,0.6009050011634827,0.38996114553061034,0.22514668701643778,0.5199033619078803,0.5199930261737473,0.5184416296310541,0.5214547584505735,0.5184456671883324,0.5214507208932952,0.0,0.0,0.0,1.0,0.20000004768371582,0.0,0.0,0.0,0.0,0.0,-1.4344946146011353,-0.21449458599090576,0.0,0.0,0.0,0.0
50.061,1.0,0.8199999928474426,0.18000000715255737,gncbus_cmd,states_vx_gs,-1.159999966621399,states_theta,0.5870810151100159,0.38996114553061034,0.22514668701643778,0.5199033619078803,0.5199930261737473,0.5184416296310541,0.5214547584505735,0.5184456671883324,0.5214507208932952,0.0,0.0,0.0,1.0,0.18000000715255737,0.0,0.0,0.0,0.0,0.0,-1.4021844863891602,-0.24218454957008362,0.0,0.0,0.0,0.0
50.333,1.0,0.8499999642372131,0.15000003576278687,gncbus_cmd,states_vx_gs,-1.059999942779541,states_theta,0.5119860172271729,0.3899693833789964,0.2251517859776495,0.5200535750599988,0.5198647806173249,0.5182196936104768,0.5216986620668469,0.5185058246493808,0.5214125310279429,0.0,0.0,0.0,1.0,0.15000003576278687,0.0,0.0,0.0,0.0,0.0,-1.35613214969635,-0.2961322069168091,0.0,0.0,0.0,0.0
50.513,1.0,0.8700000047683716,0.12999999523162842,gncbus_cmd,states_vx_gs,-1.0099999904632568,states_theta,0.5352693796157837,0.38997916049714687,0.22515848981380737,0.5198040932688489,0.5201403347235428,0.5180838799434418,0.5218605480489499,0.5181119519757874,0.5218324760166043,0.0,0.0,0.0,1.0,0.12999999523162842,0.0,0.0,0.0,0.0,0.0,-1.321273922920227,-0.3112739026546478,0.0,0.0,0.0,0.0
50.569,1.0,0.8799999952316284,0.12000000476837158,gncbus_cmd,states_vx_gs,-0.949999988079071,states_theta,0.59867262840271,0.38997916049714687,0.22515848981380737,0.5198040932688489,0.5201403347235428,0.5180838799434418,0.5218605480489499,0.5181119519757874,0.5218324760166043,0.0,0.0,0.0,1.0,0.12000000476837158,0.0,0.0,0.0,0.0,0.0,-1.3068809509277344,-0.35688093304634094,0.0,0.0,0.0,0.0
50.768,1.0,0.8899999856948853,0.11000001430511475,gncbus_cmd,states_vx_gs,-0.8899999856948853,states_theta,0.6870197057723999,0.39001754195233557,0.22518052235886704,0.520221926947848,0.5198248515917135,0.5180662639684565,0.5219805145711051,0.5183038539047063,0.5217429246348552,0.0,0.0,0.0,1.0,0.11000001430511475,0.0,0.0,0.0,0.0,0.0,-1.291783094406128,-0.40178313851356506,0.0,0.0,0.0,0.0
50.818,1.0,0.8999999761581421,0.10000002384185791,gncbus_cmd,states_vx_gs,-0.8399999737739563,states_theta,0.29749253392219543,0.39001754195233557,0.22518052235886704,0.520221926947848,0.5198248515917135,0.5180662639684565,0.5219805145711051,0.5183038539047063,0.5217429246348552,0.0,0.0,0.0,1.0,0.10000002384185791,0.0,0.0,0.0,0.0,0.0,-1.2760347127914429,-0.43603476881980896,0.0,0.0,0.0,0.0
51.003,1.0,0.9199999570846558,0.08000004291534424,gncbus_cmd,states_vx_gs,-0.8299999833106995,states_theta,0.07060125470161438,0.39003046456968793,0.22518774090630228,0.5198889372377502,0.5201923016147509,0.5185729591033522,0.5215082797491489,0.5179880128645332,0.5220932259879679,0.0,0.0,0.0,1.0,0.08000004291534424,0.0,0.0,0.0,0.0,0.0,-1.2384116649627686,-0.4084116220474243,0.0,0.0,0.0,0.0
51.246,1.0,0.9399999976158142,0.06000000238418579,gncbus_cmd,states_vx_gs,-0.7799999713897705,states_theta,0.29926374554634094,0.39004485903668645,0.22519679123423264,0.520201709169679,0.5199179149281515,0.5178928303511231,0.5222267937467074,0.5183257119820363,0.5217939121157943,0.0,0.0,0.0,1.0,0.06000000238418579,0.0,0.0,0.0,0.0,0.0,-1.20387864112854,-0.4238786995410919,0.0,0.0,0.0,0.0
51.561,1.0,0.9599999785423279,0.04000002145767212,gncbus_cmd,states_vx_gs,-0.6899999976158142,states_theta,0.23347729444503784,0.39007417585314025,0.22521380285309528,0.5199394091905437,0.520258393084497,0.5183932183147351,0.5218045839603056,0.5178756226357815,0.5223221796392592,0.0,0.0,0.0,1.0,0.04000002145767212,0.0,0.0,0.0,0.0,0.0,-1.1694000959396362,-0.47940003871917725,0.0,0.0,0.0,0.0
51.804,1.0,0.9799999594688416,0.020000040531158447,gncbus_cmd,states_vx_gs,-0.6399999856948853,states_theta,0.24393373727798462,0.39009137798756616,0.22522398265208682,0.5202357300663911,0.5200079445671186,0.5179212985872798,0.52232237604623,0.5182590801951571,0.5219845944383527,0.0,0.0,0.0,1.0,0.020000040531158447,0.0,0.0,0.0,0.0,0.0,-1.1300419569015503,-0.4900420308113098,0.0,0.0,0.0,0.0
51.98,1.0,0.9899999499320984,0.010000050067901611,gncbus_cmd,states_vx_gs,-0.6200000047683716,states_theta,0.23123815655708313,0.39010988931996643,0.22523469330636467,0.5201114783143659,0.5201815598722113,0.5181495319991666,0.5221435061874106,0.5180541290030513,0.5222389091835259,0.0,0.0,0.0,1.0,0.010000050067901611,0.0,0.0,0.0,0.0,0.0,-1.109847903251648,-0.48984792828559875,0.0,0.0,0.0,0.0
52.03,1.0,0.9899999499320984,0.010000050067901611,gncbus_cmd,states_vx_gs,-0.5999999642372131,states_theta,0.1754584014415741,0.39010988931996643,0.22523469330636467,0.5201114783143659,0.5201815598722113,0.5181495319991666,0.5221435061874106,0.5180541290030513,0.5222389091835259,0.0,0.0,0.0,1.0,0.010000050067901611,0.0,0.0,0.0,0.0,0.0,-1.110390067100525,-0.5103901624679565,0.0,0.0,0.0,0.0
52.228,1.0,1.0,0.0,gncbus_cmd,states_vx_gs,-0.5799999833106995,states_theta,0.1934591829776764,0.3901137554448162,0.22523756228398367,0.5201204409395002,0.520182906913343,0.5180777273308097,0.5222256205220335,0.5178685383192076,0.5224348095336355,0.0,0.0,0.0,1.0,0.0,0.0,0.0,0.0,0.0,0.0,-1.0893826484680176,-0.5093826651573181,0.0,0.0,0.0,0.0
52.278,1.0,1.0,0.0,gncbus_cmd,states_vx_gs,-0.5600000023841858,states_theta,0.2247806191444397,0.3901137554448162,0.22523756228398367,0.5201204409395002,0.520182906913343,0.5180777273308097,0.5222256205220335,0.5178685383192076,0.5224348095336355,0.0,0.0,0.0,1.0,0.0,0.0,0.0,0.0,0.0,0.0,-1.0893826484680176,-0.5293826460838318,0.0,0.0,0.0,0.0
52.462,1.0,1.0099999904632568,-0.009999990463256836,gncbus_cmd,states_vx_gs,-0.5399999618530273,states_theta,0.1510261595249176,0.39010238120772583,0.22523053417519343,0.5199809727056747,0.5202920438482609,0.5181964840550168,0.5220765324989187,0.5179238668331154,0.5223491497208201,0.0,0.0,0.0,1.0,-0.009999990463256836,0.0,0.0,0.0,0.0,0.0,-1.06761634349823,-0.5276163816452026,0.0,0.0,0.0,0.0
52.513,1.0,1.0099999904632568,-0.009999990463256836,gncbus_cmd,states_vx_gs,-0.5299999713897705,states_theta,0.07788701355457306,0.39010238120772583,0.22523053417519343,0.5199809727056747,0.5202920438482609,0.5181964840550168,0.5220765324989187,0.5179238668331154,0.5223491497208201,0.0,0.0,0.0,1.0,-0.009999990463256836,0.0,0.0,0.0,0.0,0.0,-1.067074179649353,-0.5370742082595825,0.0,0.0,0.0,0.0
52.718,1.0,1.0199999809265137,-0.019999980926513672,gncbus_cmd,states_vx_gs,-0.5199999809265137,states_theta,0.11906695365905762,0.3897471258188716,0.22502574565796596,0.5196571716862513,0.519668497164073,0.5173553816442875,0.5219702872060368,0.517681836394704,0.5216438324556203,0.0,0.0,0.0,1.0,-0.019999980926513672,0.0,0.0,0.0,0.0,0.0,-1.0447657108306885,-0.5247657299041748,0.0,0.0,0.0,0.0
52.77,1.0,1.0199999809265137,-0.019999980926513672,gncbus_cmd,states_vx_gs,-0.5099999904632568,states_theta,0.12430335581302643,0.3897471258188716,0.22502574565796596,0.5196571716862513,0.519668497164073,0.5173553816442875,0.5219702872060368,0.517681836394704,0.5216438324556203,0.0,0.0,0.0,1.0,-0.019999980926513672,0.0,0.0,0.0,0.0,0.0,-1.0436813831329346,-0.5336813926696777,0.0,0.0,0.0,0.0
53.01,1.0,1.0299999713897705,-0.029999971389770508,gncbus_cmd,states_vx_gs,-0.4599999785423279,states_theta,0.27729305624961853,0.3901290156825762,0.22524751144105531,0.5201794480866511,0.5201645937335522,0.5176915992805531,0.5226524425396502,0.5178450933960417,0.5224989484241616,0.0,0.0,0.0,1.0,-0.029999971389770508,0.0,0.0,0.0,0.0,0.0,-1.0192042589187622,-0.5592042803764343,0.0,0.0,0.0,0.0
53.263,1.0,1.0399999618530273,-0.039999961853027344,gncbus_cmd,states_vx_gs,-0.429999977350235,states_theta,0.1355951428413391,0.3901223141417175,0.22524309949670318,0.5201582188161611,0.5201679522284188,0.5179111995551373,0.5224149714894426,0.5178140826740267,0.5225120883705532,0.0,0.0,0.0,1.0,-0.039999961853027344,0.0,0.0,0.0,0.0,0.0,-0.9939138889312744,-0.5639139413833618,0.0,0.0,0.0,0.0
53.455,1.0,1.0399999618530273,-0.039999961853027344,gncbus_cmd,states_vx_gs,-0.429999977350235,states_theta,0.004495549481362104,0.3897548642744874,0.22503005471300047,0.5196097220101438,0.5197365827218227,0.5175961682322218,0.5217501364997447,0.5175178698918795,0.5218284348400869,0.0,0.0,0.0,1.0,-0.039999961853027344,0.0,0.0,0.0,0.0,0.0,-0.9917452931404114,-0.561745285987854,0.0,0.0,0.0,0.0
53.506,1.0,1.0499999523162842,-0.04999995231628418,gncbus_cmd,states_vx_gs,-0.429999977350235,states_theta,-0.0027483711019158363,0.3897548642744874,0.22503005471300047,0.5196097220101438,0.5197365827218227,0.5175961682322218,0.5217501364997447,0.5175178698918795,0.5218284348400869,0.0,0.0,0.0,1.0,-0.04999995231628418,0.0,0.0,0.0,0.0,0.0,-0.9681355953216553,-0.5381356477737427,0.0,0.0,0.0,0.0
53.693,1.0,1.0499999523162842,-0.04999995231628418,gncbus_cmd,states_vx_gs,-0.4099999964237213,states_theta,0.20540936291217804,0.39015532063249303,0.2252625658950259,0.5201168402587901,0.5202973480945245,0.5177905407017457,0.522623647651569,0.5178659674851792,0.5225482208681355,0.0,0.0,0.0,1.0,-0.04999995231628418,0.0,0.0,0.0,0.0,0.0,-0.9654248356819153,-0.5554248094558716,0.0,0.0,0.0,0.0
53.995,1.0,1.059999942779541,-0.059999942779541016,gncbus_cmd,states_vx_gs,-0.38999998569488525,states_theta,0.012839608825743198,0.39015184562372435,0.22525973533039734,0.520095183435245,0.52030973822802,0.518074421020564,0.5223305006427009,0.5178995949777968,0.5225053266854681,0.0,0.0,0.0,1.0,-0.059999942779541016,0.0,0.0,0.0,0.0,0.0,-0.9357972145080566,-0.5457972288131714,0.0,0.0,0.0,0.0
54.185,1.0,1.059999942779541,-0.059999942779541016,gncbus_cmd,states_vx_gs,-0.3799999952316284,states_theta,0.10131633281707764,0.3897861084986883,0.22504942251092902,0.5196489712045943,0.5197806514585744,0.51718489733459,0.5222447253285787,0.517489580514837,0.5219400421483318,0.0,0.0,0.0,1.0,-0.059999942779541016,0.0,0.0,0.0,0.0,0.0,-0.9325442910194397,-0.5525442957878113,0.0,0.0,0.0,0.0
54.238,1.0,1.059999942779541,-0.059999942779541016,gncbus_cmd,states_vx_gs,-0.3700000047683716,states_theta,0.1034659668803215,0.3897861084986883,0.22504942251092902,0.5196489712045943,0.5197806514585744,0.51718489733459,0.5222447253285787,0.517489580514837,0.5219400421483318,0.0,0.0,0.0,1.0,-0.059999942779541016,0.0,0.0,0.0,0.0,0.0,-0.929291307926178,-0.5592913031578064,0.0,0.0,0.0,0.0
54.44,1.0,1.059999942779541,-0.059999942779541016,gncbus_cmd,states_vx_gs,-0.35999998450279236,states_theta,0.06257778406143188,0.38981184563229343,0.22506450048172777,0.5196595320629503,0.5198387229564988,0.5173922987115367,0.5221059563079125,0.5172615224987707,0.5222367325206785,0.0,0.0,0.0,1.0,-0.059999942779541016,0.0,0.0,0.0,0.0,0.0,-0.926038384437561,-0.5660383701324463,0.0,0.0,0.0,0.0
54.492,1.0,1.059999942779541,-0.059999942779541016,gncbus_cmd,states_vx_gs,-0.35999998450279236,states_theta,0.10715876519680023,0.38981184563229343,0.22506450048172777,0.5196595320629503,0.5198387229564988,0.5173922987115367,0.5221059563079125,0.5172615224987707,0.5222367325206785,0.0,0.0,0.0,1.0,-0.059999942779541016,0.0,0.0,0.0,0.0,0.0,-0.9227854013442993,-0.5627854466438293,0.0,0.0,0.0,0.0
54.688,1.0,1.0699999332427979,-0.06999993324279785,gncbus_cmd,states_vx_gs,-0.3499999940395355,states_theta,0.006345984525978565,0.38982433947609846,0.22507095673725494,0.5196617199432582,0.5198698519930044,0.5175023924657622,0.5220291794705003,0.5174735623081994,0.5220580096280631,0.0,0.0,0.0,1.0,-0.06999993324279785,0.0,0.0,0.0,0.0,0.0,-0.8980914354324341,-0.548091471195221,0.0,0.0,0.0,0.0
54.912,1.0,1.0699999332427979,-0.06999993324279785,gncbus_cmd,states_vx_gs,-0.3499999940395355,states_theta,0.03148619458079338,0.3901987114905874,0.22528746056609458,0.5201851598593819,0.5203447374488512,0.517851486126093,0.5226784111821401,0.5179811388766431,0.52254875843159,0.0,0.0,0.0,1.0,-0.06999993324279785,0.0,0.0,0.0,0.0,0.0,-0.8905012607574463,-0.5405012369155884,0.0,0.0,0.0,0.0
55.166,1.0,1.0699999332427979,-0.06999993324279785,gncbus_cmd,states_vx_gs,-0.3400000035762787,states_theta,0.10670842975378036,0.38985033034635613,0.2250865916826182,0.5196604858095998,0.5199403951140166,0.5175444539868429,0.5220564269367735,0.5172681429489848,0.5223327379746315,0.0,0.0,0.0,1.0,-0.06999993324279785,0.0,0.0,0.0,0.0,0.0,-0.8829110264778137,-0.5429110527038574,0.0,0.0,0.0,0.0
55.218,1.0,1.0699999332427979,-0.06999993324279785,gncbus_cmd,states_vx_gs,-0.32999998331069946,states_theta,0.02913847006857395,0.38985033034635613,0.2250865916826182,0.5196604858095998,0.5199403951140166,0.5175444539868429,0.5220564269367735,0.5172681429489848,0.5223327379746315,0.0,0.0,0.0,1.0,-0.06999993324279785,0.0,0.0,0.0,0.0,0.0,-0.8791159391403198,-0.5491159558296204,0.0,0.0,0.0,0.0
55.417,1.0,1.0699999332427979,-0.06999993324279785,gncbus_cmd,states_vx_gs,-0.32999998331069946,states_theta,-0.03246723860502243,0.38983898538759487,0.2250797665608905,0.5196354358333769,0.5199351918668761,0.5174561793947929,0.52211444830546,0.5174234165231857,0.5221472111770673,0.0,0.0,0.0,1.0,-0.06999993324279785,0.0,0.0,0.0,0.0,0.0,-0.8753208518028259,-0.5453208684921265,0.0,0.0,0.0,0.0
55.467,1.0,1.0799999237060547,-0.07999992370605469,gncbus_cmd,states_vx_gs,-0.32999998331069946,states_theta,0.03070671670138836,0.38983898538759487,0.2250797665608905,0.5196354358333769,0.5199351918668761,0.5174561793947929,0.52211444830546,0.5174234165231857,0.5221472111770673,0.0,0.0,0.0,1.0,-0.07999992370605469,0.0,0.0,0.0,0.0,0.0,-0.8501389026641846,-0.5201389193534851,0.0,0.0,0.0,0.0
55.669,1.0,1.0799999237060547,-0.07999992370605469,gncbus_cmd,states_vx_gs,-0.32999998331069946,states_theta,-0.03116733580827713,0.3902434470023278,0.2253124942910593,0.5201975994051893,0.5204515926010183,0.5181110382102534,0.5225381537959541,0.5181565406413886,0.5224926513648189,0.0,0.0,0.0,1.0,-0.07999992370605469,0.0,0.0,0.0,0.0,0.0,-0.8458016514778137,-0.5158016681671143,0.0,0.0,0.0,0.0
55.719,1.0,1.0799999237060547,-0.07999992370605469,gncbus_cmd,states_vx_gs,-0.3400000035762787,states_theta,-0.09563302248716354,0.3902434470023278,0.2253124942910593,0.5201975994051893,0.5204515926010183,0.5181110382102534,0.5225381537959541,0.5181565406413886,0.5224926513648189,0.0,0.0,0.0,1.0,-0.07999992370605469,0.0,0.0,0.0,0.0,0.0,-0.8414644002914429,-0.5014643669128418,0.0,0.0,0.0,0.0
55.903,1.0,1.0799999237060547,-0.07999992370605469,gncbus_cmd,states_vx_gs,-0.3400000035762787,states_theta,0.0928834080696106,0.38988360785914633,0.22510578997069763,0.519711671279618,0.5199779496781055,0.5174381774933373,0.5222514434643862,0.5174600948561628,0.5222295261015607,0.0,0.0,0.0,1.0,-0.07999992370605469,0.0,0.0,0.0,0.0,0.0,-0.837127149105072,-0.49712711572647095,0.0,0.0,0.0,0.0
55.953,1.0,1.0799999237060547,-0.07999992370605469,gncbus_cmd,states_vx_gs,-0.32999998331069946,states_theta,0.0712929219007492,0.38988360785914633,0.22510578997069763,0.519711671279618,0.5199779496781055,0.5174381774933373,0.5222514434643862,0.5174600948561628,0.5222295261015607,0.0,0.0,0.0,1.0,-0.07999992370605469,0.0,0.0,0.0,0.0,0.0,-0.8327898383140564,-0.5027898550033569,0.0,0.0,0.0,0.0
56.194,1.0,1.0799999237060547,-0.07999992370605469,gncbus_cmd,states_vx_gs,-0.32999998331069946,states_theta,0.011632918380200863,0.3898885659045882,0.22510834535686927,0.5197176772798784,0.5199851651323568,0.5175102016055145,0.5221926408067207,0.5175181181698912,0.522184724242344,0.0,0.0,0.0,1.0,-0.07999992370605469,0.0,0.0,0.0,0.0,0.0,-0.8241153359413147,-0.49411535263061523,0.0,0.0,0.0,0.0
56.409,1.0,1.0799999237060547,-0.07999992370605469,gncbus_cmd,states_vx_gs,-0.3100000023841858,states_theta,0.17593225836753845,0.38991896322247854,0.22512707633818962,0.5199706136436626,0.5198132882829469,0.517209807392374,0.5225740945342355,0.517468851079195,0.5223150508474145,0.0,0.0,0.0,1.0,-0.07999992370605469,0.0,0.0,0.0,0.0,0.0,-0.8197780847549438,-0.5097780823707581,0.0,0.0,0.0,0.0
56.462,1.0,1.0799999237060547,-0.07999992370605469,gncbus_cmd,states_vx_gs,-0.29999998211860657,states_theta,0.1349141150712967,0.38991896322247854,0.22512707633818962,0.5199706136436626,0.5198132882829469,0.517209807392374,0.5225740945342355,0.517468851079195,0.5223150508474145,0.0,0.0,0.0,1.0,-0.07999992370605469,0.0,0.0,0.0,0.0,0.0,-0.815440833568573,-0.515440821647644,0.0,0.0,0.0,0.0
56.652,1.0,1.0799999237060547,-0.07999992370605469,gncbus_cmd,states_vx_gs,-0.28999999165534973,states_theta,0.09474345296621323,0.3899368273835769,0.2251372706554682,0.5199824825790174,0.519849057110521,0.5172310824996301,0.5226004571899082,0.5175399003018682,0.5222916393876701,0.0,0.0,0.0,1.0,-0.07999992370605469,0.0,0.0,0.0,0.0,0.0,-0.8111035823822021,-0.52110356092453,0.0,0.0,0.0,0.0
56.703,1.0,1.0799999237060547,-0.07999992370605469,gncbus_cmd,states_vx_gs,-0.2800000011920929,states_theta,0.05528753250837326,0.3899368273835769,0.2251372706554682,0.5199824825790174,0.519849057110521,0.5172310824996301,0.5226004571899082,0.5175399003018682,0.5222916393876701,0.0,0.0,0.0,1.0,-0.07999992370605469,0.0,0.0,0.0,0.0,0.0,-0.8067663311958313,-0.526766300201416,0.0,0.0,0.0,0.0
56.897,1.0,1.0799999237060547,-0.07999992370605469,gncbus_cmd,states_vx_gs,-0.2800000011920929,states_theta,0.016802053898572922,0.3899456942409126,0.22514206651595506,0.5198129616848685,0.5200422229575651,0.5174064658448799,0.5224487187975536,0.5174975102848597,0.5223576743575739,0.0,0.0,0.0,1.0,-0.07999992370605469,0.0,0.0,0.0,0.0,0.0,-0.8024290204048157,-0.5224290490150452,0.0,0.0,0.0,0.0
57.136,1.0,1.090000033378601,-0.09000003337860107,gncbus_cmd,states_vx_gs,-0.26999998092651367,states_theta,0.05611255392432213,0.38996569123639707,0.22515359620581699,0.5201799966456472,0.5197285133180783,0.5174113824229378,0.5224971275407877,0.5175605293938559,0.5223479805698696,0.0,0.0,0.0,1.0,-0.09000003337860107,0.0,0.0,0.0,0.0,0.0,-0.7721505761146545,-0.5021505951881409,0.0,0.0,0.0,0.0
57.375,1.0,1.090000033378601,-0.09000003337860107,gncbus_cmd,states_vx_gs,-0.26999998092651367,states_theta,-0.012236031703650951,0.38997310013436737,0.22515751274702517,0.5197569151222518,0.5201713519027279,0.5177377856063649,0.5221904814186148,0.5173955703536276,0.522532696671352,0.0,0.0,0.0,1.0,-0.09000003337860107,0.0,0.0,0.0,0.0,0.0,-0.7623917460441589,-0.4923917353153229,0.0,0.0,0.0,0.0
57.425,1.0,1.090000033378601,-0.09000003337860107,gncbus_cmd,states_vx_gs,-0.26999998092651367,states_theta,-0.048758383840322495,0.38997310013436737,0.22515751274702517,0.5197569151222518,0.5201713519027279,0.5177377856063649,0.5221904814186148,0.5173955703536276,0.522532696671352,0.0,0.0,0.0,1.0,-0.09000003337860107,0.0,0.0,0.0,0.0,0.0,-0.7575123310089111,-0.4875123202800751,0.0,0.0,0.0,0.0
57.632,1.0,1.090000033378601,-0.09000003337860107,gncbus_cmd,states_vx_gs,-0.2800000011920929,states_theta,-0.08503483235836029,0.3899950681161115,0.22516951331634388,0.5202932767806357,0.5196935715289949,0.5176709188085525,0.5223159295010781,0.5177834258270385,0.5222034224825921,0.0,0.0,0.0,1.0,-0.09000003337860107,0.0,0.0,0.0,0.0,0.0,-0.7526328563690186,-0.47263288497924805,0.0,0.0,0.0,0.0
57.682,1.0,1.090000033378601,-0.09000003337860107,gncbus_cmd,states_vx_gs,-0.28999999165534973,states_theta,-0.12069931626319885,0.3899950681161115,0.22516951331634388,0.5202932767806357,0.5196935715289949,0.5176709188085525,0.5223159295010781,0.5177834258270385,0.5222034224825921,0.0,0.0,0.0,1.0,-0.09000003337860107,0.0,0.0,0.0,0.0,0.0,-0.7477534413337708,-0.457753449678421,0.0,0.0,0.0,0.0
57.888,1.0,1.090000033378601,-0.09000003337860107,gncbus_cmd,states_vx_gs,-0.3100000023841858,states_theta,-0.15447023510932922,0.39000444815289215,0.22517411254345376,0.5197779712455378,0.5202338904955078,0.5181750998200374,0.5218367619210083,0.5176620397440674,0.5223498219969782,0.0,0.0,0.0,1.0,-0.09000003337860107,0.0,0.0,0.0,0.0,0.0,-0.742874026298523,-0.43287402391433716,0.0,0.0,0.0,0.0
57.939,1.0,1.090000033378601,-0.09000003337860107,gncbus_cmd,states_vx_gs,-0.32999998331069946,states_theta,-0.18328671157360077,0.39000444815289215,0.22517411254345376,0.5197779712455378,0.5202338904955078,0.5181750998200374,0.5218367619210083,0.5176620397440674,0.5223498219969782,0.0,0.0,0.0,1.0,-0.09000003337860107,0.0,0.0,0.0,0.0,0.0,-0.7379946112632751,-0.4079946279525757,0.0,0.0,0.0,0.0
58.138,1.0,1.090000033378601,-0.09000003337860107,gncbus_cmd,states_vx_gs,-0.32999998331069946,states_theta,0.07849262654781342,0.39004193311838387,0.2251977998773244,0.5202128055977738,0.5198990160512499,0.517190617196039,0.5229212044529847,0.51797049308024,0.5221413285687837,0.0,0.0,0.0,1.0,-0.09000003337860107,0.0,0.0,0.0,0.0,0.0,-0.7331151962280273,-0.4031151831150055,0.0,0.0,0.0,0.0
58.19,1.0,1.090000033378601,-0.09000003337860107,gncbus_cmd,states_vx_gs,-0.3100000023841858,states_theta,0.1409320831298828,0.39004193311838387,0.2251977998773244,0.5202128055977738,0.5198990160512499,0.517190617196039,0.5229212044529847,0.51797049308024,0.5221413285687837,0.0,0.0,0.0,1.0,-0.09000003337860107,0.0,0.0,0.0,0.0,0.0,-0.7282357811927795,-0.41823574900627136,0.0,0.0,0.0,0.0
58.381,1.0,1.090000033378601,-0.09000003337860107,gncbus_cmd,states_vx_gs,-0.29999998211860657,states_theta,0.11969868838787079,0.39003973804265496,0.22519651671272964,0.5198806702938185,0.5202252978199281,0.5172688071739819,0.5228371609397646,0.5178681372899658,0.5222378308237807,0.0,0.0,0.0,1.0,-0.09000003337860107,0.0,0.0,0.0,0.0,0.0,-0.723356306552887,-0.4233563542366028,0.0,0.0,0.0,0.0
58.433,1.0,1.090000033378601,-0.09000003337860107,gncbus_cmd,states_vx_gs,-0.28999999165534973,states_theta,0.09985382109880447,0.39003973804265496,0.22519651671272964,0.5198806702938185,0.5202252978199281,0.5172688071739819,0.5228371609397646,0.5178681372899658,0.5222378308237807,0.0,0.0,0.0,1.0,-0.09000003337860107,0.0,0.0,0.0,0.0,0.0,-0.7184768915176392,-0.42847689986228943,0.0,0.0,0.0,0.0
58.625,1.0,1.090000033378601,-0.09000003337860107,gncbus_cmd,states_vx_gs,-0.2800000011920929,states_theta,0.07938053458929062,0.39006545901070355,0.2252116183937494,0.5202779601480689,0.5198965972138072,0.517185630354638,0.5229889270072381,0.5179534484655837,0.5222211088962925,0.0,0.0,0.0,1.0,-0.09000003337860107,0.0,0.0,0.0,0.0,0.0,-0.7135974764823914,-0.43359747529029846,0.0,0.0,0.0,0.0
58.687,1.0,1.090000033378601,-0.09000003337860107,gncbus_cmd,states_vx_gs,-0.26999998092651367,states_theta,0.08147197961807251,0.39006545901070355,0.2252116183937494,0.5202779601480689,0.5198965972138072,0.517185630354638,0.5229889270072381,0.5179534484655837,0.5222211088962925,0.0,0.0,0.0,1.0,-0.09000003337860107,0.0,0.0,0.0,0.0,0.0,-0.7087180614471436,-0.4387180805206299,0.0,0.0,0.0,0.0
58.87,1.0,1.090000033378601,-0.09000003337860107,gncbus_cmd,states_vx_gs,-0.25999999046325684,states_theta,0.09647742658853531,0.3900784975594008,0.2252191188575478,0.5199740159217152,0.5202353109033537,0.5177311229009729,0.522478203924096,0.5174010445498316,0.5228082822752373,0.0,0.0,0.0,1.0,-0.09000003337860107,0.0,0.0,0.0,0.0,0.0,-0.7038386464118958,-0.44383862614631653,0.0,0.0,0.0,0.0
58.921,1.0,1.090000033378601,-0.09000003337860107,gncbus_cmd,states_vx_gs,-0.25999999046325684,states_theta,0.07742457836866379,0.3900784975594008,0.2252191188575478,0.5199740159217152,0.5202353109033537,0.5177311229009729,0.522478203924096,0.5174010445498316,0.5228082822752373,0.0,0.0,0.0,1.0,-0.09000003337860107,0.0,0.0,0.0,0.0,0.0,-0.698959231376648,-0.4389592111110687,0.0,0.0,0.0,0.0
59.121,1.0,1.090000033378601,-0.09000003337860107,gncbus_cmd,states_vx_gs,-0.25,states_theta,0.05737387388944626,0.3900786784406114,0.22521926875348544,0.5201442744974231,0.5200655346775406,0.517707114127883,0.5225026950470807,0.517404665639594,0.5228051435353697,0.0,0.0,0.0,1.0,-0.09000003337860107,0.0,0.0,0.0,0.0,0.0,-0.6940797567367554,-0.44407978653907776,0.0,0.0,0.0,0.0
59.173,1.0,1.090000033378601,-0.09000003337860107,gncbus_cmd,states_vx_gs,-0.23999999463558197,states_theta,0.0364183634519577,0.3900786784406114,0.22521926875348544,0.5201442744974231,0.5200655346775406,0.517707114127883,0.5225026950470807,0.517404665639594,0.5228051435353697,0.0,0.0,0.0,1.0,-0.09000003337860107,0.0,0.0,0.0,0.0,0.0,-0.6892003417015076,-0.4492003619670868,0.0,0.0,0.0,0.0
59.369,1.0,1.090000033378601,-0.09000003337860107,gncbus_cmd,states_vx_gs,-0.23999999463558197,states_theta,0.015934579074382782,0.3900929453684126,0.22522729090034213,0.5201330247114063,0.5201148296043606,0.517885598011612,0.5223622563041549,0.5173589021141646,0.5228889522016024,0.0,0.0,0.0,1.0,-0.09000003337860107,0.0,0.0,0.0,0.0,0.0,-0.6843209266662598,-0.444320946931839,0.0,0.0,0.0,0.0
59.421,1.0,1.090000033378601,-0.09000003337860107,gncbus_cmd,states_vx_gs,-0.23999999463558197,states_theta,-0.0068057868629693985,0.3900929453684126,0.22522729090034213,0.5201330247114063,0.5201148296043606,0.517885598011612,0.5223622563041549,0.5173589021141646,0.5228889522016024,0.0,0.0,0.0,1.0,-0.09000003337860107,0.0,0.0,0.0,0.0,0.0,-0.679441511631012,-0.4394415020942688,0.0,0.0,0.0,0.0
59.613,1.0,1.090000033378601,-0.09000003337860107,gncbus_cmd,states_vx_gs,-0.25,states_theta,-0.03217419236898422,0.39009134129104595,0.22522592552718942,0.5201787960783405,0.520064780697782,0.5180093887937107,0.5222341879824117,0.5174017572490874,0.522841819527035,0.0,0.0,0.0,1.0,-0.09000003337860107,0.0,0.0,0.0,0.0,0.0,-0.6745620965957642,-0.4245620667934418,0.0,0.0,0.0,0.0
59.926,1.0,1.090000033378601,-0.09000003337860107,gncbus_cmd,states_vx_gs,-0.26999998092651367,states_theta,-0.09570343047380447,0.3897171793198312,0.22500929460792454,0.5197032619763737,0.519542549543176,0.5173284827986256,0.5219173287209241,0.5172805429990067,0.521965268520543,0.0,0.0,0.0,1.0,-0.09000003337860107,0.0,0.0,0.0,0.0,0.0,-0.659923791885376,-0.3899238109588623,0.0,0.0,0.0,0.0
60.114,1.0,1.090000033378601,-0.09000003337860107,gncbus_cmd,states_vx_gs,-0.26999998092651367,states_theta,0.021346615627408028,0.3900788720615967,0.22521992418134343,0.5201912096284123,0.5200191158691789,0.5174492097688183,0.5227611157287729,0.5174669314777295,0.5227433940198617,0.0,0.0,0.0,1.0,-0.09000003337860107,0.0,0.0,0.0,0.0,0.0,-0.6550443768501282,-0.3850443959236145,0.0,0.0,0.0,0.0
60.165,1.0,1.090000033378601,-0.09000003337860107,gncbus_cmd,states_vx_gs,-0.25,states_theta,0.17252884805202484,0.3900788720615967,0.22521992418134343,0.5201912096284123,0.5200191158691789,0.5174492097688183,0.5227611157287729,0.5174669314777295,0.5227433940198617,0.0,0.0,0.0,1.0,-0.09000003337860107,0.0,0.0,0.0,0.0,0.0,-0.6501649618148804,-0.40016496181488037,0.0,0.0,0.0,0.0
60.373,1.0,1.090000033378601,-0.09000003337860107,gncbus_cmd,states_vx_gs,-0.23999999463558197,states_theta,0.14342591166496277,0.39007819213027944,0.22521918990811257,0.5200703877798829,0.520138124567529,0.5174863091812612,0.5227222031661507,0.5175447151133583,0.5226637972340535,0.0,0.0,0.0,1.0,-0.09000003337860107,0.0,0.0,0.0,0.0,0.0,-0.6452855467796326,-0.4052855372428894,0.0,0.0,0.0,0.0
60.424,1.0,1.090000033378601,-0.09000003337860107,gncbus_cmd,states_vx_gs,-0.22999998927116394,states_theta,0.06740504503250122,0.39007819213027944,0.22521918990811257,0.5200703877798829,0.520138124567529,0.5174863091812612,0.5227222031661507,0.5175447151133583,0.5226637972340535,0.0,0.0,0.0,1.0,-0.09000003337860107,0.0,0.0,0.0,0.0,0.0,-0.6404061317443848,-0.41040611267089844,0.0,0.0,0.0,0.0
60.602,1.0,1.090000033378601,-0.09000003337860107,gncbus_cmd,states_vx_gs,-0.23999999463558197,states_theta,-0.1983763724565506,0.3897041110251532,0.22500092666242752,0.5195975574831585,0.5196134052505833,0.5173419452290474,0.5218690175046944,0.5175678019769946,0.5216431607567472,0.0,0.0,0.0,1.0,-0.09000003337860107,0.0,0.0,0.0,0.0,0.0,-0.6355266571044922,-0.3955266773700714,0.0,0.0,0.0,0.0
60.652,1.0,1.090000033378601,-0.09000003337860107,gncbus_cmd,states_vx_gs,-0.26999998092651367,states_theta,-0.24196282029151917,0.3897041110251532,0.22500092666242752,0.5195975574831585,0.5196134052505833,0.5173419452290474,0.5218690175046944,0.5175678019769946,0.5216431607567472,0.0,0.0,0.0,1.0,-0.09000003337860107,0.0,0.0,0.0,0.0,0.0,-0.630159318447113,-0.36015933752059937,0.0,0.0,0.0,0.0
60.843,1.0,1.090000033378601,-0.09000003337860107,gncbus_cmd,states_vx_gs,-0.2800000011920929,states_theta,-0.03641839325428009,0.39008138600706677,0.22522047694665967,0.5200643994594596,0.5201526298927184,0.5175276370297781,0.5226893923223999,0.5177127288300125,0.5225043005221655,0.0,0.0,0.0,1.0,-0.09000003337860107,0.0,0.0,0.0,0.0,0.0,-0.6252799034118652,-0.34527990221977234,0.0,0.0,0.0,0.0
60.895,1.0,1.090000033378601,-0.09000003337860107,gncbus_cmd,states_vx_gs,-0.26999998092651367,states_theta,0.09048755466938019,0.39008138600706677,0.22522047694665967,0.5200643994594596,0.5201526298927184,0.5175276370297781,0.5226893923223999,0.5177127288300125,0.5225043005221655,0.0,0.0,0.0,1.0,-0.09000003337860107,0.0,0.0,0.0,0.0,0.0,-0.6204004883766174,-0.35040047764778137,0.0,0.0,0.0,0.0
61.148,1.0,1.090000033378601,-0.09000003337860107,gncbus_cmd,states_vx_gs,-0.25,states_theta,0.16961082816123962,0.39009581791028264,0.22522954651562724,0.5200465373532456,0.5202089770741748,0.517588227771094,0.5226672866563263,0.5174303844249536,0.5228251300024668,0.0,0.0,0.0,1.0,-0.09000003337860107,0.0,0.0,0.0,0.0,0.0,-0.610641598701477,-0.36064162850379944,0.0,0.0,0.0,0.0
61.349,1.0,1.090000033378601,-0.09000003337860107,gncbus_cmd,states_vx_gs,-0.23999999463558197,states_theta,0.14040128886699677,0.3900969499488546,0.2252298512770317,0.5200211208629398,0.5202374123340058,0.5175923117081652,0.5226662214887804,0.5175494777930062,0.5227090554039394,0.0,0.0,0.0,1.0,-0.09000003337860107,0.0,0.0,0.0,0.0,0.0,-0.6057621836662292,-0.36576220393180847,0.0,0.0,0.0,0.0
61.401,1.0,1.0799999237060547,-0.07999992370605469,gncbus_cmd,states_vx_gs,-0.22999998927116394,states_theta,0.007014329079538584,0.3900969499488546,0.2252298512770317,0.5200211208629398,0.5202374123340058,0.5175923117081652,0.5226662214887804,0.5175494777930062,0.5227090554039394,0.0,0.0,0.0,1.0,-0.07999992370605469,0.0,0.0,0.0,0.0,0.0,-0.6224324703216553,-0.3924325108528137,0.0,0.0,0.0,0.0
61.634,1.0,1.0799999237060547,-0.07999992370605469,gncbus_cmd,states_vx_gs,-0.25999999046325684,states_theta,-0.1716005504131317,0.38972434481936624,0.22501328890303648,0.5194965762447409,0.519768343273569,0.5172279414386832,0.5220369780796267,0.5174643655153167,0.5218005540029932,0.0,0.0,0.0,1.0,-0.07999992370605469,0.0,0.0,0.0,0.0,0.0,-0.6137579679489136,-0.35375797748565674,0.0,0.0,0.0,0.0
61.827,1.0,1.0799999237060547,-0.07999992370605469,gncbus_cmd,states_vx_gs,-0.26999998092651367,states_theta,-0.045482952147722244,0.3900914662431544,0.22522570131891415,0.5202345286830268,0.5200093812987183,0.5177171799237306,0.5225267300580145,0.517769408544628,0.522474501437117,0.0,0.0,0.0,1.0,-0.07999992370605469,0.0,0.0,0.0,0.0,0.0,-0.6094207167625427,-0.33942073583602905,0.0,0.0,0.0,0.0
62.05,1.0,1.0799999237060547,-0.07999992370605469,gncbus_cmd,states_vx_gs,-0.2800000011920929,states_theta,-0.08855832368135452,0.3900949682940805,0.22522845265221314,0.5202059797182673,0.5200472690659473,0.5176594812795963,0.5225937675046184,0.5175670555047296,0.5226861932794851,0.0,0.0,0.0,1.0,-0.07999992370605469,0.0,0.0,0.0,0.0,0.0,-0.6007461547851562,-0.32074618339538574,0.0,0.0,0.0,0.0
62.1,1.0,1.0799999237060547,-0.07999992370605469,gncbus_cmd,states_vx_gs,-0.2800000011920929,states_theta,0.11105337738990784,0.3900949682940805,0.22522845265221314,0.5202059797182673,0.5200472690659473,0.5176594812795963,0.5225937675046184,0.5175670555047296,0.5226861932794851,0.0,0.0,0.0,1.0,-0.07999992370605469,0.0,0.0,0.0,0.0,0.0,-0.5964089035987854,-0.3164089322090149,0.0,0.0,0.0,0.0
62.369,1.0,1.0799999237060547,-0.07999992370605469,gncbus_cmd,states_vx_gs,-0.25999999046325684,states_theta,0.07826942205429077,0.3897240371714964,0.22501439751968613,0.5197490345345324,0.519515064589458,0.5171833097059126,0.5220807894180777,0.5170231890400552,0.5222409100839351,0.0,0.0,0.0,1.0,-0.07999992370605469,0.0,0.0,0.0,0.0,0.0,-0.5877344012260437,-0.32773441076278687,0.0,0.0,0.0,0.0
62.639,1.0,1.0799999237060547,-0.07999992370605469,gncbus_cmd,states_vx_gs,-0.25,states_theta,-0.03805835172533989,0.3897426211617101,0.22502458007251777,0.5197883139398569,0.51952534249137,0.5172743824722855,0.5220392739589413,0.5171791523484753,0.5221345040827515,0.0,0.0,0.0,1.0,-0.07999992370605469,0.0,0.0,0.0,0.0,0.0,-0.579059898853302,-0.3290598690509796,0.0,0.0,0.0,0.0
62.816,1.0,1.0799999237060547,-0.07999992370605469,gncbus_cmd,states_vx_gs,-0.25999999046325684,states_theta,-0.07688365876674652,0.39012124307594875,0.22524340739558163,0.5203278825394964,0.5199954323297002,0.5175704012092529,0.5227529136599437,0.5178131127265578,0.5225102021426388,0.0,0.0,0.0,1.0,-0.07999992370605469,0.0,0.0,0.0,0.0,0.0,-0.5747225880622864,-0.31472262740135193,0.0,0.0,0.0,0.0
63.053,1.0,1.0799999237060547,-0.07999992370605469,gncbus_cmd,states_vx_gs,-0.25999999046325684,states_theta,0.026569873094558716,0.3897534051070215,0.22503070023453728,0.5195905840259707,0.5197518295927532,0.5172272684866435,0.5221151451320805,0.5172916128099001,0.5220508008088238,0.0,0.0,0.0,1.0,-0.07999992370605469,0.0,0.0,0.0,0.0,0.0,-0.5660480856895447,-0.30604809522628784,0.0,0.0,0.0,0.0
63.104,1.0,1.0799999237060547,-0.07999992370605469,gncbus_cmd,states_vx_gs,-0.25999999046325684,states_theta,-0.01589272730052471,0.3897534051070215,0.22503070023453728,0.5195905840259707,0.5197518295927532,0.5172272684866435,0.5221151451320805,0.5172916128099001,0.5220508008088238,0.0,0.0,0.0,1.0,-0.07999992370605469,0.0,0.0,0.0,0.0,0.0,-0.5617108345031738,-0.301710844039917,0.0,0.0,0.0,0.0
63.298,1.0,1.0799999237060547,-0.07999992370605469,gncbus_cmd,states_vx_gs,-0.25999999046325684,states_theta,-0.05988876149058342,0.3901202700062217,0.22524218189560388,0.5200164921124727,0.5203042279041185,0.5178276195420819,0.5224931004745093,0.5177940228925559,0.5225266971240352,0.0,0.0,0.0,1.0,-0.07999992370605469,0.0,0.0,0.0,0.0,0.0,-0.557373583316803,-0.29737359285354614,0.0,0.0,0.0,0.0
63.348,1.0,1.0799999237060547,-0.07999992370605469,gncbus_cmd,states_vx_gs,-0.26999998092651367,states_theta,-0.041645597666502,0.3901202700062217,0.22524218189560388,0.5200164921124727,0.5203042279041185,0.5178276195420819,0.5224931004745093,0.5177940228925559,0.5225266971240352,0.0,0.0,0.0,1.0,-0.07999992370605469,0.0,0.0,0.0,0.0,0.0,-0.5530363321304321,-0.28303632140159607,0.0,0.0,0.0,0.0
63.523,1.0,1.0799999237060547,-0.07999992370605469,gncbus_cmd,states_vx_gs,-0.26999998092651367,states_theta,-0.06688985973596573,0.39012585994183124,0.22524541558353792,0.5200144900216065,0.5203211364899435,0.5177599631897182,0.5225756633218318,0.5178760333411724,0.5224595931703776,0.0,0.0,0.0,1.0,-0.07999992370605469,0.0,0.0,0.0,0.0,0.0,-0.5486990809440613,-0.2786990702152252,0.0,0.0,0.0,0.0
63.756,1.0,1.0799999237060547,-0.07999992370605469,gncbus_cmd,states_vx_gs,-0.25999999046325684,states_theta,0.17107343673706055,0.39013648997875716,0.2252527542154896,0.5200836027177331,0.5202803705589527,0.517431862854502,0.5229321104221838,0.5178016822097298,0.5225622910669561,0.0,0.0,0.0,1.0,-0.07999992370605469,0.0,0.0,0.0,0.0,0.0,-0.5400245189666748,-0.28002452850341797,0.0,0.0,0.0,0.0
63.808,1.0,1.0799999237060547,-0.07999992370605469,gncbus_cmd,states_vx_gs,-0.25,states_theta,0.12939363718032837,0.39013648997875716,0.2252527542154896,0.5200836027177331,0.5202803705589527,0.517431862854502,0.5229321104221838,0.5178016822097298,0.5225622910669561,0.0,0.0,0.0,1.0,-0.07999992370605469,0.0,0.0,0.0,0.0,0.0,-0.535687267780304,-0.28568726778030396,0.0,0.0,0.0,0.0
64.018,1.0,1.0799999237060547,-0.07999992370605469,gncbus_cmd,states_vx_gs,-0.23999999463558197,states_theta,-0.03489924222230911,0.3901439638319295,0.2252561969094815,0.5202500859407226,0.5201338176110895,0.5177197552130963,0.5226641483387158,0.5178357196680206,0.5225481838837915,0.0,0.0,0.0,1.0,-0.07999992370605469,0.0,0.0,0.0,0.0,0.0,-0.5313500165939331,-0.29135000705718994,0.0,0.0,0.0,0.0
64.256,1.0,1.0799999237060547,-0.07999992370605469,gncbus_cmd,states_vx_gs,-0.25,states_theta,-0.06285025924444199,0.38979158132344005,0.22505204206385832,0.5197953694059766,0.5196488474565303,0.5175602173339392,0.5218839995285677,0.5173336122531403,0.5221106046093665,0.0,0.0,0.0,1.0,-0.07999992370605469,0.0,0.0,0.0,0.0,0.0,-0.5226755142211914,-0.272675484418869,0.0,0.0,0.0,0.0
64.49,1.0,1.0799999237060547,-0.07999992370605469,gncbus_cmd,states_vx_gs,-0.25999999046325684,states_theta,-0.015701767057180405,0.3898016082991179,0.2250583793267446,0.5198557466956967,0.5196152087686178,0.5172315621158035,0.522239393348511,0.5174799838658846,0.5219909715984299,0.0,0.0,0.0,1.0,-0.07999992370605469,0.0,0.0,0.0,0.0,0.0,-0.5140009522438049,-0.2540009617805481,0.0,0.0,0.0,0.0
64.541,1.0,1.0799999237060547,-0.07999992370605469,gncbus_cmd,states_vx_gs,-0.25999999046325684,states_theta,0.003188581671565771,0.3898016082991179,0.2250583793267446,0.5198557466956967,0.5196152087686178,0.5172315621158035,0.522239393348511,0.5174799838658846,0.5219909715984299,0.0,0.0,0.0,1.0,-0.07999992370605469,0.0,0.0,0.0,0.0,0.0,-0.5096637010574341,-0.24966371059417725,0.0,0.0,0.0,0.0
64.799,1.0,1.0799999237060547,-0.07999992370605469,gncbus_cmd,states_vx_gs,-0.25,states_theta,0.09133780747652054,0.39018645222527343,0.22528113925230306,0.5203839084511478,0.5201132974829147,0.5178050957846978,0.5226921101493647,0.5177146121467397,0.5227825937873227,0.0,0.0,0.0,1.0,-0.07999992370605469,0.0,0.0,0.0,0.0,0.0,-0.5009891986846924,-0.25098916888237,0.0,0.0,0.0,0.0
64.985,1.0,1.0799999237060547,-0.07999992370605469,gncbus_cmd,states_vx_gs,-0.23999999463558197,states_theta,0.04079798236489296,0.39018098562108383,0.2252775185560471,0.5203826106445784,0.5201000176783119,0.5179698393591827,0.5225127889637076,0.5177128394657944,0.5227697888570959,0.0,0.0,0.0,1.0,-0.07999992370605469,0.0,0.0,0.0,0.0,0.0,-0.49665191769599915,-0.25665193796157837,0.0,0.0,0.0,0.0
65.224,1.0,1.0799999237060547,-0.07999992370605469,gncbus_cmd,states_vx_gs,-0.25,states_theta,-0.046912163496017456,0.3901915346064718,0.2252836308701882,0.5204408523342811,0.5200699066163105,0.5178025984984176,0.5227081604521739,0.5178970086857706,0.5226137502648209,0.0,0.0,0.0,1.0,-0.07999992370605469,0.0,0.0,0.0,0.0,0.0,-0.48797738552093506,-0.23797740042209625,0.0,0.0,0.0,0.0
65.275,1.0,1.0799999237060547,-0.07999992370605469,gncbus_cmd,states_vx_gs,-0.25,states_theta,0.031348325312137604,0.3901915346064718,0.2252836308701882,0.5204408523342811,0.5200699066163105,0.5178025984984176,0.5227081604521739,0.5178970086857706,0.5226137502648209,0.0,0.0,0.0,1.0,-0.07999992370605469,0.0,0.0,0.0,0.0,0.0,-0.4836401343345642,-0.2336401343345642,0.0,0.0,0.0,0.0
65.486,1.0,1.0799999237060547,-0.07999992370605469,gncbus_cmd,states_vx_gs,-0.25,states_theta,-0.01070275716483593,0.38982456956499606,0.22507118035779786,0.5199888388589965,0.5195433466476597,0.5174447727278815,0.5220874127787747,0.5175048130104796,0.5220273724961766,0.0,0.0,0.0,1.0,-0.07999992370605469,0.0,0.0,0.0,0.0,0.0,-0.47930288314819336,-0.22930288314819336,0.0,0.0,0.0,0.0
65.537,1.0,1.0799999237060547,-0.07999992370605469,gncbus_cmd,states_vx_gs,-0.25,states_theta,-0.0677112340927124,0.38982456956499606,0.22507118035779786,0.5199888388589965,0.5195433466476597,0.5174447727278815,0.5220874127787747,0.5175048130104796,0.5220273724961766,0.0,0.0,0.0,1.0,-0.07999992370605469,0.0,0.0,0.0,0.0,0.0,-0.4749656021595001,-0.22496561706066132,0.0,0.0,0.0,0.0
65.728,1.0,1.0799999237060547,-0.07999992370605469,gncbus_cmd,states_vx_gs,-0.25999999046325684,states_theta,-0.12484121322631836,0.3898489809900068,0.22508514847269254,0.5198942474149792,0.5197030352250389,0.5175915185964944,0.5220057640435237,0.5174651713590931,0.5221321112809251,0.0,0.0,0.0,1.0,-0.07999992370605469,0.0,0.0,0.0,0.0,0.0,-0.4706283509731293,-0.21062836050987244,0.0,0.0,0.0,0.0
65.78,1.0,1.0799999237060547,-0.07999992370605469,gncbus_cmd,states_vx_gs,-0.26999998092651367,states_theta,-0.022530067712068558,0.3898489809900068,0.22508514847269254,0.5198942474149792,0.5197030352250389,0.5175915185964944,0.5220057640435237,0.5174651713590931,0.5221321112809251,0.0,0.0,0.0,1.0,-0.07999992370605469,0.0,0.0,0.0,0.0,0.0,-0.4662910997867584,-0.19629111886024475,0.0,0.0,0.0,0.0
65.99,1.0,1.0799999237060547,-0.07999992370605469,gncbus_cmd,states_vx_gs,-0.25999999046325684,states_theta,0.15692657232284546,0.38985691699492403,0.22509062048958678,0.5198696078340036,0.5197488374857938,0.5173541472848457,0.5222642980349517,0.517380701223678,0.5222377440961194,0.0,0.0,0.0,1.0,-0.07999992370605469,0.0,0.0,0.0,0.0,0.0,-0.4619538486003876,-0.20195384323596954,0.0,0.0,0.0,0.0
66.042,1.0,1.0799999237060547,-0.07999992370605469,gncbus_cmd,states_vx_gs,-0.25,states_theta,0.10139243304729462,0.38985691699492403,0.22509062048958678,0.5198696078340036,0.5197488374857938,0.5173541472848457,0.5222642980349517,0.517380701223678,0.5222377440961194,0.0,0.0,0.0,1.0,-0.07999992370605469,0.0,0.0,0.0,0.0,0.0,-0.45761656761169434,-0.20761656761169434,0.0,0.0,0.0,0.0
66.232,1.0,1.0799999237060547,-0.07999992370605469,gncbus_cmd,states_vx_gs,-0.23999999463558197,states_theta,0.0420738160610199,0.3898687679606294,0.22509689251240728,0.5198864104605122,0.5197636374344995,0.5174762569459371,0.5221737909490746,0.5175051190532126,0.5221449288417991,0.0,0.0,0.0,1.0,-0.07999992370605469,0.0,0.0,0.0,0.0,0.0,-0.4532793164253235,-0.21327932178974152,0.0,0.0,0.0,0.0
66.476,1.0,1.0799999237060547,-0.07999992370605469,gncbus_cmd,states_vx_gs,-0.23999999463558197,states_theta,-0.07389391958713531,0.3898804088871537,0.22510344719139386,0.5199030934613259,0.5197779969044173,0.5175227084051126,0.5221583819606306,0.5175542472669772,0.522126843098766,0.0,0.0,0.0,1.0,-0.07999992370605469,0.0,0.0,0.0,0.0,0.0,-0.4446047842502594,-0.20460478961467743,0.0,0.0,0.0,0.0
66.715,1.0,1.0799999237060547,-0.07999992370605469,gncbus_cmd,states_vx_gs,-0.23999999463558197,states_theta,0.06632715463638306,0.3898765127835608,0.2251013279244433,0.5198989551494908,0.5197717456066713,0.5174910176169707,0.5221796831391914,0.517524990080944,0.5221457106752181,0.0,0.0,0.0,1.0,-0.07999992370605469,0.0,0.0,0.0,0.0,0.0,-0.4359302818775177,-0.19593027234077454,0.0,0.0,0.0,0.0
66.765,1.0,1.0799999237060547,-0.07999992370605469,gncbus_cmd,states_vx_gs,-0.23999999463558197,states_theta,0.0016804613405838609,0.3898765127835608,0.2251013279244433,0.5198989551494908,0.5197717456066713,0.5174910176169707,0.5221796831391914,0.517524990080944,0.5221457106752181,0.0,0.0,0.0,1.0,-0.07999992370605469,0.0,0.0,0.0,0.0,0.0,-0.43159300088882446,-0.1915930062532425,0.0,0.0,0.0,0.0
66.956,1.0,1.0799999237060547,-0.07999992370605469,gncbus_cmd,states_vx_gs,-0.25,states_theta,-0.06385967880487442,0.38988915276681085,0.22510903589809067,0.5199171272356868,0.5197872801424754,0.5174282860279042,0.522276121350258,0.5174652978088743,0.522239109569288,0.0,0.0,0.0,1.0,-0.07999992370605469,0.0,0.0,0.0,0.0,0.0,-0.4272557497024536,-0.1772557497024536,0.0,0.0,0.0,0.0
67.199,1.0,1.0799999237060547,-0.07999992370605469,gncbus_cmd,states_vx_gs,-0.22999998927116394,states_theta,0.0659899190068245,0.3898996537148125,0.2251146622217256,0.5199018106254623,0.5198305992807044,0.517493392240574,0.5222390176655927,0.5175946874794608,0.5221377224267059,0.0,0.0,0.0,1.0,-0.07999992370605469,0.0,0.0,0.0,0.0,0.0,-0.4185812175273895,-0.18858124315738678,0.0,0.0,0.0,0.0
67.251,1.0,1.0799999237060547,-0.07999992370605469,gncbus_cmd,states_vx_gs,-0.22999998927116394,states_theta,-0.0032725813798606396,0.3898996537148125,0.2251146622217256,0.5199018106254623,0.5198305992807044,0.517493392240574,0.5222390176655927,0.5175946874794608,0.5221377224267059,0.0,0.0,0.0,1.0,-0.07999992370605469,0.0,0.0,0.0,0.0,0.0,-0.4142439663410187,-0.18424397706985474,0.0,0.0,0.0,0.0
67.44,1.0,1.0699999332427979,-0.06999993324279785,gncbus_cmd,states_vx_gs,-0.23999999463558197,states_theta,-0.06888170540332794,0.389900080561011,0.22511547231537204,0.5198759289823469,0.519857619180349,0.5174521699594368,0.5222813782032592,0.5174221859966326,0.5223113621660633,0.0,0.0,0.0,1.0,-0.06999993324279785,0.0,0.0,0.0,0.0,0.0,-0.4316188097000122,-0.19161881506443024,0.0,0.0,0.0,0.0
67.681,1.0,1.0699999332427979,-0.06999993324279785,gncbus_cmd,states_vx_gs,-0.22999998927116394,states_theta,0.04999484121799469,0.3899115805643414,0.22512162186652315,0.5198910289321904,0.5198731859060534,0.5175578048592088,0.522206409979035,0.517532244793056,0.5222319700451877,0.0,0.0,0.0,1.0,-0.06999993324279785,0.0,0.0,0.0,0.0,0.0,-0.424028605222702,-0.19402861595153809,0.0,0.0,0.0,0.0
67.888,1.0,1.0699999332427979,-0.06999993324279785,gncbus_cmd,states_vx_gs,-0.23999999463558197,states_theta,-0.10304970294237137,0.3899262186013219,0.22513031982210657,0.519886423928253,0.519916825675272,0.5175563060013393,0.5222469436021857,0.5174791760738622,0.5223240735296628,0.0,0.0,0.0,1.0,-0.06999993324279785,0.0,0.0,0.0,0.0,0.0,-0.41643840074539185,-0.17643840610980988,0.0,0.0,0.0,0.0
67.94,1.0,1.0699999332427979,-0.06999993324279785,gncbus_cmd,states_vx_gs,-0.23999999463558197,states_theta,0.05683663487434387,0.3899262186013219,0.22513031982210657,0.519886423928253,0.519916825675272,0.5175563060013393,0.5222469436021857,0.5174791760738622,0.5223240735296628,0.0,0.0,0.0,1.0,-0.06999993324279785,0.0,0.0,0.0,0.0,0.0,-0.41264331340789795,-0.17264330387115479,0.0,0.0,0.0,0.0
68.125,1.0,1.0699999332427979,-0.06999993324279785,gncbus_cmd,states_vx_gs,-0.23999999463558197,states_theta,0.0008994225645437837,0.3899387445315948,0.22513675500827354,0.5199028548858573,0.5199337971983955,0.517726731052978,0.5221099210312748,0.5176531154927023,0.5221835365915505,0.0,0.0,0.0,1.0,-0.06999993324279785,0.0,0.0,0.0,0.0,0.0,-0.40884819626808167,-0.1688482016324997,0.0,0.0,0.0,0.0
68.177,1.0,1.0699999332427979,-0.06999993324279785,gncbus_cmd,states_vx_gs,-0.23999999463558197,states_theta,-0.08153970539569855,0.3899387445315948,0.22513675500827354,0.5199028548858573,0.5199337971983955,0.517726731052978,0.5221099210312748,0.5176531154927023,0.5221835365915505,0.0,0.0,0.0,1.0,-0.06999993324279785,0.0,0.0,0.0,0.0,0.0,-0.4050530791282654,-0.1650530993938446,0.0,0.0,0.0,0.0
68.397,1.0,1.0699999332427979,-0.06999993324279785,gncbus_cmd,states_vx_gs,-0.25,states_theta,-0.1373721957206726,0.38996776542981704,0.22515391864709325,0.5199167506656119,0.5199972904805668,0.5176940779843239,0.5222199631618548,0.5176015237446027,0.522312517401576,0.0,0.0,0.0,1.0,-0.06999993324279785,0.0,0.0,0.0,0.0,0.0,-0.4012579917907715,-0.15125799179077148,0.0,0.0,0.0,0.0
68.448,1.0,1.0699999332427979,-0.06999993324279785,gncbus_cmd,states_vx_gs,-0.25,states_theta,0.035066571086645126,0.38996776542981704,0.22515391864709325,0.5199167506656119,0.5199972904805668,0.5176940779843239,0.5222199631618548,0.5176015237446027,0.522312517401576,0.0,0.0,0.0,1.0,-0.06999993324279785,0.0,0.0,0.0,0.0,0.0,-0.3974628746509552,-0.1474628895521164,0.0,0.0,0.0,0.0
68.636,1.0,1.0699999332427979,-0.06999993324279785,gncbus_cmd,states_vx_gs,-0.25999999046325684,states_theta,-0.04075212776660919,0.39033001536872414,0.22536190882498874,0.5203985421416466,0.5204814988416178,0.5184086974083202,0.5224713435749442,0.5183256397194058,0.5225544012638585,0.0,0.0,0.0,1.0,-0.06999993324279785,0.0,0.0,0.0,0.0,0.0,-0.3936677873134613,-0.13366779685020447,0.0,0.0,0.0,0.0
68.874,1.0,1.0699999332427979,-0.06999993324279785,gncbus_cmd,states_vx_gs,-0.2800000011920929,states_theta,-0.11900044232606888,0.38997130332546354,0.22515565128875817,0.5200713462196284,0.5198521293149411,0.5175743795865559,0.5223490959480135,0.5178638389416417,0.5220596365929278,0.0,0.0,0.0,1.0,-0.06999993324279785,0.0,0.0,0.0,0.0,0.0,-0.3860775828361511,-0.10607757419347763,0.0,0.0,0.0,0.0
68.924,1.0,1.0699999332427979,-0.06999993324279785,gncbus_cmd,states_vx_gs,-0.2800000011920929,states_theta,0.0783371776342392,0.38997130332546354,0.22515565128875817,0.5200713462196284,0.5198521293149411,0.5175743795865559,0.5223490959480135,0.5178638389416417,0.5220596365929278,0.0,0.0,0.0,1.0,-0.06999993324279785,0.0,0.0,0.0,0.0,0.0,-0.38228246569633484,-0.10228247195482254,0.0,0.0,0.0,0.0
69.121,1.0,1.0699999332427979,-0.06999993324279785,gncbus_cmd,states_vx_gs,-0.26999998092651367,states_theta,0.0023485757410526276,0.3899988467550913,0.2251716076830652,0.5197804855492743,0.5202164391309692,0.5178540175725794,0.522142907107664,0.5176394706075502,0.5223574540726932,0.0,0.0,0.0,1.0,-0.06999993324279785,0.0,0.0,0.0,0.0,0.0,-0.37848737835884094,-0.10848738998174667,0.0,0.0,0.0,0.0
69.175,1.0,1.0699999332427979,-0.06999993324279785,gncbus_cmd,states_vx_gs,-0.26999998092651367,states_theta,0.07563164830207825,0.3899988467550913,0.2251716076830652,0.5197804855492743,0.5202164391309692,0.5178540175725794,0.522142907107664,0.5176394706075502,0.5223574540726932,0.0,0.0,0.0,1.0,-0.06999993324279785,0.0,0.0,0.0,0.0,0.0,-0.37431275844573975,-0.10431277751922607,0.0,0.0,0.0,0.0
69.351,1.0,1.0699999332427979,-0.06999993324279785,gncbus_cmd,states_vx_gs,-0.26999998092651367,states_theta,0.026013527065515518,0.39001385676215056,0.22517957928534882,0.5203018399315985,0.5197351114341363,0.5178168567141337,0.5222200946516011,0.5180102430080695,0.5220267083576653,0.0,0.0,0.0,1.0,-0.06999993324279785,0.0,0.0,0.0,0.0,0.0,-0.37051764130592346,-0.10051767528057098,0.0,0.0,0.0,0.0
69.598,1.0,1.0699999332427979,-0.06999993324279785,gncbus_cmd,states_vx_gs,-0.2800000011920929,states_theta,-0.10168546438217163,0.39002927173982005,0.22518842317990687,0.5198170190914011,0.5202610388814524,0.5181168186251202,0.5219612393477333,0.5177772146515429,0.5223008433213105,0.0,0.0,0.0,1.0,-0.06999993324279785,0.0,0.0,0.0,0.0,0.0,-0.3629274368286133,-0.08292744308710098,0.0,0.0,0.0,0.0
69.648,1.0,1.0699999332427979,-0.06999993324279785,gncbus_cmd,states_vx_gs,-0.2800000011920929,states_theta,-0.020868005231022835,0.39002927173982005,0.22518842317990687,0.5198170190914011,0.5202610388814524,0.5181168186251202,0.5219612393477333,0.5177772146515429,0.5223008433213105,0.0,0.0,0.0,1.0,-0.06999993324279785,0.0,0.0,0.0,0.0,0.0,-0.3591323494911194,-0.07913234084844589,0.0,0.0,0.0,0.0
69.848,1.0,1.0699999332427979,-0.06999993324279785,gncbus_cmd,states_vx_gs,-0.26999998092651367,states_theta,0.22311365604400635,0.39001820163999573,0.22518355162684364,0.5202385918370663,0.519809945869589,0.517184664298752,0.5228638734079033,0.5181565811328505,0.5218919565738048,0.0,0.0,0.0,1.0,-0.06999993324279785,0.0,0.0,0.0,0.0,0.0,-0.3553372323513031,-0.08533725887537003,0.0,0.0,0.0,0.0
69.898,1.0,1.0699999332427979,-0.06999993324279785,gncbus_cmd,states_vx_gs,-0.25,states_theta,0.16633844375610352,0.39001820163999573,0.22518355162684364,0.5202385918370663,0.519809945869589,0.517184664298752,0.5228638734079033,0.5181565811328505,0.5218919565738048,0.0,0.0,0.0,1.0,-0.06999993324279785,0.0,0.0,0.0,0.0,0.0,-0.3515421450138092,-0.10154213756322861,0.0,0.0,0.0,0.0
70.067,1.0,1.0699999332427979,-0.06999993324279785,gncbus_cmd,states_vx_gs,-0.2199999988079071,states_theta,0.3784441351890564,0.3900344805903452,0.2251950212026302,0.519827748867415,0.5202641993735055,0.5174158971558491,0.5226760510850714,0.5171539209505456,0.522938027290375,0.0,0.0,0.0,1.0,-0.06999993324279785,0.0,0.0,0.0,0.0,0.0,-0.3477470278739929,-0.12774702906608582,0.0,0.0,0.0,0.0
70.361,1.0,1.0699999332427979,-0.06999993324279785,gncbus_cmd,states_vx_gs,-0.11999999731779099,states_theta,0.21312227845191956,0.3900376989963281,0.22519671901105953,0.5202161326771377,0.5198843979797372,0.5172310857969425,0.5228694448599324,0.5173922816861701,0.5227082489707048,0.0,0.0,0.0,1.0,-0.06999993324279785,0.0,0.0,0.0,0.0,0.0,-0.33636173605918884,-0.21636173129081726,0.0,0.0,0.0,0.0
70.61,1.0,1.059999942779541,-0.059999942779541016,gncbus_cmd,states_vx_gs,-0.10999999940395355,states_theta,0.008989554829895496,0.39002743896694503,0.22519002951834102,0.5198404089260074,0.5202327616525126,0.5175657553748156,0.5225074152037044,0.517294950235458,0.522778220343062,0.0,0.0,0.0,1.0,-0.059999942779541016,0.0,0.0,0.0,0.0,0.0,-0.35053783655166626,-0.2405378520488739,0.0,0.0,0.0,0.0
70.801,1.0,1.059999942779541,-0.059999942779541016,gncbus_cmd,states_vx_gs,-0.10999999940395355,states_theta,-0.10685542225837708,0.39004471693864146,0.22519828332735056,0.5202051989419718,0.5199140462277387,0.5177510141315097,0.5223682310382008,0.5177774949483168,0.5223417502213937,0.0,0.0,0.0,1.0,-0.059999942779541016,0.0,0.0,0.0,0.0,0.0,-0.3472849130630493,-0.23728489875793457,0.0,0.0,0.0,0.0
71.032,1.0,1.059999942779541,-0.059999942779541016,gncbus_cmd,states_vx_gs,-0.1599999964237213,states_theta,-0.3639436662197113,0.39003499687007176,0.2251914532951965,0.5199372807675857,0.5201560442192723,0.5179776534516682,0.5221156715351898,0.5180288894343463,0.5220644355525117,0.0,0.0,0.0,1.0,-0.059999942779541016,0.0,0.0,0.0,0.0,0.0,-0.34077900648117065,-0.18077901005744934,0.0,0.0,0.0,0.0
71.082,1.0,1.0499999523162842,-0.04999995231628418,gncbus_cmd,states_vx_gs,-0.19999998807907104,states_theta,-0.3366588056087494,0.39003499687007176,0.2251914532951965,0.5199372807675857,0.5201560442192723,0.5179776534516682,0.5221156715351898,0.5180288894343463,0.5220644355525117,0.0,0.0,0.0,1.0,-0.04999995231628418,0.0,0.0,0.0,0.0,0.0,-0.3589128851890564,-0.15891289710998535,0.0,0.0,0.0,0.0
71.324,1.0,1.0499999523162842,-0.04999995231628418,gncbus_cmd,states_vx_gs,-0.2199999988079071,states_theta,0.08172925561666489,0.3900524368300123,0.22520336106891287,0.5201390929611245,0.5200007385855749,0.5176128820175979,0.5225269495291015,0.5176959787046719,0.5224438528420275,0.0,0.0,0.0,1.0,-0.04999995231628418,0.0,0.0,0.0,0.0,0.0,-0.35349130630493164,-0.13349130749702454,0.0,0.0,0.0,0.0
71.505,1.0,1.0499999523162842,-0.04999995231628418,gncbus_cmd,states_vx_gs,-0.19999998807907104,states_theta,0.11722404509782791,0.3900432567222559,0.2251978004459408,0.5200090224943443,0.5201063287650047,0.5180040713071917,0.5221112799521573,0.517414163020789,0.52270118823856,0.0,0.0,0.0,1.0,-0.04999995231628418,0.0,0.0,0.0,0.0,0.0,-0.35078051686286926,-0.15078052878379822,0.0,0.0,0.0,0.0
71.747,1.0,1.0499999523162842,-0.04999995231628418,gncbus_cmd,states_vx_gs,-0.20999999344348907,states_theta,-0.07841496914625168,0.3900340766144994,0.22519143670683314,0.5200352053548588,0.5200556656171397,0.518061708850002,0.5220291621219965,0.5177310973599653,0.5223597736120332,0.0,0.0,0.0,1.0,-0.04999995231628418,0.0,0.0,0.0,0.0,0.0,-0.3453589379787445,-0.13535894453525543,0.0,0.0,0.0,0.0
72.004,1.0,1.0499999523162842,-0.04999995231628418,gncbus_cmd,states_vx_gs,-0.23999999463558197,states_theta,-0.20189650356769562,0.39002489650674305,0.2251865877331063,0.5201823147801988,0.5198840759044493,0.5174083609997907,0.5226580296848574,0.5182465800713246,0.5218198106133235,0.0,0.0,0.0,1.0,-0.04999995231628418,0.0,0.0,0.0,0.0,0.0,-0.33993735909461975,-0.09993737190961838,0.0,0.0,0.0,0.0
72.226,1.0,1.0499999523162842,-0.04999995231628418,gncbus_cmd,states_vx_gs,-0.23999999463558197,states_theta,0.13163608312606812,0.38998869136067954,0.22516723656120743,0.519788140508252,0.5201817031202268,0.5176690447086338,0.5223007989198449,0.5172469504535742,0.5227228931749046,0.0,0.0,0.0,1.0,-0.04999995231628418,0.0,0.0,0.0,0.0,0.0,-0.334515780210495,-0.09451579302549362,0.0,0.0,0.0,0.0
72.277,1.0,1.0499999523162842,-0.04999995231628418,gncbus_cmd,states_vx_gs,-0.2199999988079071,states_theta,0.22166651487350464,0.38998869136067954,0.22516723656120743,0.519788140508252,0.5201817031202268,0.5176690447086338,0.5223007989198449,0.5172469504535742,0.5227228931749046,0.0,0.0,0.0,1.0,-0.04999995231628418,0.0,0.0,0.0,0.0,0.0,-0.3318049907684326,-0.11180499941110611,0.0,0.0,0.0,0.0
72.478,1.0,1.0499999523162842,-0.04999995231628418,gncbus_cmd,states_vx_gs,-0.20999999344348907,states_theta,0.0734635442495346,0.38997897129210984,0.22515986193797052,0.5201625833524729,0.5197813400931534,0.5178008899952736,0.5221430334503526,0.5177419192907081,0.5222020041549181,0.0,0.0,0.0,1.0,-0.04999995231628418,0.0,0.0,0.0,0.0,0.0,-0.32909420132637024,-0.11909422278404236,0.0,0.0,0.0,0.0
72.531,1.0,1.0499999523162842,-0.04999995231628418,gncbus_cmd,states_vx_gs,-0.2199999988079071,states_theta,-0.08411456644535065,0.38997897129210984,0.22515986193797052,0.5201625833524729,0.5197813400931534,0.5178008899952736,0.5221430334503526,0.5177419192907081,0.5222020041549181,0.0,0.0,0.0,1.0,-0.04999995231628418,0.0,0.0,0.0,0.0,0.0,-0.32638341188430786,-0.10638342797756195,0.0,0.0,0.0,0.0
72.769,1.0,1.0499999523162842,-0.04999995231628418,gncbus_cmd,states_vx_gs,-0.25999999046325684,states_theta,-0.24221357703208923,0.3899692512235401,0.22515199996495763,0.5197824018535316,0.5201356014092419,0.5183485129010139,0.5215694903617596,0.5182140207382098,0.5217039825245637,0.0,0.0,0.0,0.9599999785423279,-0.08999995142221451,0.0,0.0,0.0,0.0,0.0,-0.23552292585372925,0.024477064609527588,0.0,0.0,0.0,0.0
72.962,0.6700000613927841,1.0499999523162842,-0.37999989092350006,datactrl_ref_vx_fallback,states_vx_gs,-0.25999999046325684,states_theta,0.16130070388317108,0.3899595311549702,0.22514640529722946,0.5201578876525391,0.5197341954273814,0.5179335470443533,0.5219585360355672,0.5186788890702678,0.5212131940096527,0.0,0.0,0.0,0.8600000143051147,-0.18999995291233063,0.0,0.0,0.0,0.0,0.0,-0.015419724397361279,0.24458026885986328,0.0,0.0,0.0,0.0
73.199,0.27000007033348083,1.0499999523162842,-0.7799998819828033,datactrl_ref_vx_fallback,states_vx_gs,-0.08999999612569809,states_theta,1.2803285121917725,0.3899227050539715,0.22512583423720303,0.5197057772500373,0.5200881028938866,0.5181941272918622,0.5215997528520617,0.5178950341660833,0.5218988459778406,0.0,0.0,0.0,0.6600000262260437,-0.38999995589256287,0.0,0.0,0.0,0.0,0.0,0.4410514235496521,0.5310513973236084,0.0,0.0,0.0,0.0
73.427,-0.1199999749660492,1.0399999618530273,-1.1599999368190765,datactrl_ref_vx_fallback,states_vx_gs,0.2199999988079071,states_theta,1.9660112857818604,0.3899124450245884,0.2251219606181839,0.5200927772772476,0.5196737427883215,0.5174307401453332,0.5223357799202358,0.517743911466131,0.522022608599438,0.0,0.0,0.0,0.46000000834465027,-0.5799999833106995,0.0,0.0,0.0,0.0,0.0,0.8970630764961243,0.6770630478858948,0.0,0.0,0.0,0.0
73.647,-0.49000000953674316,1.0099999904632568,-1.5,datactrl_ref_vx_fallback,states_vx_gs,0.6499999761581421,states_theta,2.0987820625305176,0.38990218499520524,0.22511394492917325,0.519685458605621,0.5200537013815929,0.5181902815296981,0.5215488784575157,0.5178661553666224,0.5218730046205915,0.0,0.0,0.0,0.25999999046325684,-0.75,0.0,0.0,0.0,0.0,0.0,1.3305236101150513,0.6805235743522644,0.0,0.0,0.0,0.0
73.698,-0.679999977350235,1.0,-1.679999977350235,datactrl_ref_vx_fallback,states_vx_gs,0.8399999737739563,states_theta,1.8961756229400635,0.38990218499520524,0.22511394492917325,0.519685458605621,0.5200537013815929,0.5181902815296981,0.5215488784575157,0.5178661553666224,0.5218730046205915,0.0,0.0,0.0,0.1599999964237213,-0.8399999737739563,0.0,0.0,0.0,0.0,0.0,1.5649139881134033,0.7249139547348022,0.0,0.0,0.0,0.0
73.886,-0.8599999584257603,0.9799999594688416,-1.8399999178946018,datactrl_ref_vx_fallback,states_vx_gs,1.0399999618530273,states_theta,1.97871994972229,0.3899190579962917,0.22512557609863873,0.5200082303890102,0.5197759242677676,0.5174259036541349,0.522358251002643,0.5178486734940493,0.5219354811627286,0.0,0.0,0.0,0.05999999865889549,-0.9199999570846558,0.0,0.0,0.0,0.0,0.0,1.7824172973632812,0.7424173355102539,0.0,0.0,0.0,0.0
73.938,-0.949999988079071,0.949999988079071,-1.899999976158142,datactrl_ref_vx_fallback,states_vx_gs,1.25,states_theta,2.1260626316070557,0.3899190579962917,0.22512557609863873,0.5200082303890102,0.5197759242677676,0.5174259036541349,0.522358251002643,0.5178486734940493,0.5219354811627286,0.0,0.0,0.0,0.0,-0.949999988079071,0.0,0.0,0.0,0.0,0.0,1.8975406885147095,0.6475407481193542,0.0,0.0,0.0,0.0
74.128,-0.9300000071525574,0.9300000071525574,-1.8600000143051147,datactrl_ref_vx_fallback,states_vx_gs,1.4499999284744263,states_theta,1.9267065525054932,0.3899093379277219,0.22512110674549324,0.5197926838110986,0.5199655506628266,0.5176683057304458,0.5220899287434794,0.517152719119308,0.5226055153546171,0.0,0.0,0.0,0.0,-0.9300000071525574,0.0,0.0,0.0,0.0,0.0,1.906001091003418,0.4560011327266693,0.0,0.0,0.0,0.0
74.421,-0.8399999737739563,0.8399999737739563,-1.6799999475479126,datactrl_ref_vx_fallback,states_vx_gs,1.71999990940094,states_theta,0.24451637268066406,0.38992664289745915,0.22512738546342664,0.5198492082975161,0.519955172762375,0.5183189064649225,0.5214854745949686,0.5181320610237377,0.5216723200361535,0.0,0.0,0.0,0.0,-0.8399999737739563,0.0,0.0,0.0,0.0,0.0,1.8580045700073242,0.13800466060638428,0.0,0.0,0.0,0.0
74.603,-0.7999999523162842,0.7999999523162842,-1.5999999046325684,datactrl_ref_vx_fallback,states_vx_gs,1.71999990940094,states_theta,-0.06515313684940338,0.3899174627897028,0.22512107165222567,0.5200187971692865,0.5197611036032543,0.5182324061954114,0.5215474945771293,0.5188637103222845,0.5209161904502563,0.0,0.0,0.0,0.0,-0.7999999523162842,0.0,0.0,0.0,0.0,0.0,1.8174562454223633,0.09745638072490692,0.0,0.0,0.0,0.0
74.656,-0.7699999809265137,0.7699999809265137,-1.5399999618530273,datactrl_ref_vx_fallback,states_vx_gs,1.709999918937683,states_theta,-0.2097480297088623,0.3899174627897028,0.22512107165222567,0.5200187971692865,0.5197611036032543,0.5182324061954114,0.5215474945771293,0.5188637103222845,0.5209161904502563,0.0,0.0,0.0,0.0,-0.7699999809265137,0.0,0.0,0.0,0.0,0.0,1.7964515686035156,0.0864517018198967,0.0,0.0,0.0,0.0
74.854,-0.7400000095367432,0.7400000095367432,-1.4800000190734863,datactrl_ref_vx_fallback,states_vx_gs,1.6799999475479126,states_theta,-0.2875097393989563,0.38995350521194855,0.22514144581119494,0.5197205124996065,0.520155501398923,0.5187706532759566,0.5211053606225728,0.5186635789966336,0.5212124349018958,0.0,0.0,0.0,0.0,-0.7400000095367432,0.0,0.0,0.0,0.0,0.0,1.7737120389938354,0.09371209889650345,0.0,0.0,0.0,0.0
75.077,-0.6800000071525574,0.6800000071525574,-1.3600000143051147,datactrl_ref_vx_fallback,states_vx_gs,1.6100000143051147,states_theta,-0.5055854916572571,0.3899722952031436,0.22515114574019512,0.5201769562485168,0.5197491642931995,0.5191064463501206,0.5208196741915957,0.5195316220773402,0.5203944984643761,0.0,0.0,0.0,0.0,-0.6800000071525574,0.0,0.0,0.0,0.0,0.0,1.7232449054718018,0.11324489861726761,0.0,0.0,0.0,0.0
75.312,-0.6200000047683716,0.6200000047683716,-1.2400000095367432,datactrl_ref_vx_fallback,states_vx_gs,1.5,states_theta,-0.42813897132873535,0.38999387515513523,0.22516386899239768,0.5199514025279268,0.5200322645524338,0.5192366320863124,0.5207470349940482,0.5190594048614483,0.5209242622189123,0.0,0.0,0.0,0.0,-0.6200000047683716,0.0,0.0,0.0,0.0,0.0,1.6663802862167358,0.16638031601905823,0.0,0.0,0.0,0.0
75.562,-0.5699999928474426,0.5699999928474426,-1.1399999856948853,datactrl_ref_vx_fallback,states_vx_gs,1.4299999475479126,states_theta,-0.2191055417060852,0.390000131002045,0.22516741237235086,0.5200656863230094,0.5199346630157772,0.5189268044687038,0.5210735448700828,0.5195980300100117,0.5204023193287749,0.0,0.0,0.0,0.0,-0.5699999928474426,0.0,0.0,0.0,0.0,0.0,1.6249929666519165,0.1949930638074875,0.0,0.0,0.0,0.0
75.614,-0.550000011920929,0.550000011920929,-1.100000023841858,datactrl_ref_vx_fallback,states_vx_gs,1.399999976158142,states_theta,-0.422039270401001,0.390000131002045,0.22516741237235086,0.5200656863230094,0.5199346630157772,0.5189268044687038,0.5210735448700828,0.5195980300100117,0.5204023193287749,0.0,0.0,0.0,0.0,-0.550000011920929,0.0,0.0,0.0,0.0,0.0,1.612905502319336,0.21290555596351624,0.0,0.0,0.0,0.0
75.81,-0.5199999809265137,0.5199999809265137,-1.0399999618530273,datactrl_ref_vx_fallback,states_vx_gs,1.3399999141693115,states_theta,-0.5873236656188965,0.39002046001008067,0.22517845146415227,0.5198770626462907,0.520177497380591,0.5199394727687037,0.5201150872581781,0.5198518628779247,0.5202026971489571,0.0,0.0,0.0,0.0,-0.5199999809265137,0.0,0.0,0.0,0.0,0.0,1.5782383680343628,0.23823843896389008,0.0,0.0,0.0,0.0
76.018,-0.47999998927116394,0.47999998927116394,-0.9599999785423279,datactrl_ref_vx_fallback,states_vx_gs,1.1899999380111694,states_theta,-0.7498977184295654,0.3900413290143082,0.22519057838326154,0.5202434261754202,0.5198667845294017,0.5196696920829964,0.5204405186218255,0.5201889332284879,0.519921277476334,0.0,0.0,0.0,0.0,-0.47999998927116394,0.0,0.0,0.0,0.0,0.0,1.547448992729187,0.3574490547180176,0.0,0.0,0.0,0.0
76.069,-0.4599999785423279,0.4599999785423279,-0.9199999570846558,datactrl_ref_vx_fallback,states_vx_gs,1.1299999952316284,states_theta,-0.47922423481941223,0.3900413290143082,0.22519057838326154,0.5202434261754202,0.5198667845294017,0.5196696920829964,0.5204405186218255,0.5201889332284879,0.519921277476334,0.0,0.0,0.0,0.0,-0.4599999785423279,0.0,0.0,0.0,0.0,0.0,1.530319333076477,0.400319367647171,0.0,0.0,0.0,0.0
76.323,-0.41999998688697815,0.41999998688697815,-0.8399999737739563,datactrl_ref_vx_fallback,states_vx_gs,1.090000033378601,states_theta,-0.228083536028862,0.3900626569329102,0.22520314384826837,0.5198523263144288,0.5203147588399983,0.5201418350012532,0.5200252501531739,0.5193097901230428,0.5208572950313843,0.0,0.0,0.0,0.0,-0.41999998688697815,0.0,0.0,0.0,0.0,0.0,1.4928613901138306,0.40286141633987427,0.0,0.0,0.0,0.0
76.394,-0.41999998688697815,0.41999998688697815,-0.8399999737739563,datactrl_ref_vx_fallback,states_vx_gs,1.090000033378601,states_theta,-0.228083536028862,0.3900599568709252,0.22520142003785298,0.520077081929184,0.5200828030599498,0.5198801378521735,0.5202797471369603,0.519515602774217,0.5206442822149168,0.0,0.0,0.0,0.0,-0.41999998688697815,0.0,0.0,0.0,0.0,0.0,1.4928613901138306,0.40286141633987427,0.0,0.0,0.0,0.0
76.45,-0.3999999761581421,0.3999999761581421,-0.7999999523162842,datactrl_ref_vx_fallback,states_vx_gs,1.0699999332427979,states_theta,-0.19465231895446777,0.3900599568709252,0.22520142003785298,0.520077081929184,0.5200828030599498,0.5198801378521735,0.5202797471369603,0.519515602774217,0.5206442822149168,0.0,0.0,0.0,0.0,-0.3999999761581421,0.0,0.0,0.0,0.0,0.0,1.4725873470306396,0.4025873839855194,0.0,0.0,0.0,0.0
76.638,-0.3799999952316284,0.3799999952316284,-0.7599999904632568,datactrl_ref_vx_fallback,states_vx_gs,1.0499999523162842,states_theta,-0.21141062676906586,0.3900950333302077,0.22522150710312916,0.5201366564058078,0.5201167658080793,0.5200525727613171,0.52020084945257,0.5198884956126063,0.5203649266012808,0.0,0.0,0.0,0.0,-0.3799999952316284,0.0,0.0,0.0,0.0,0.0,1.4533432722091675,0.4033433794975281,0.0,0.0,0.0,0.0
76.872,-0.3400000035762787,0.3400000035762787,-0.6800000071525574,datactrl_ref_vx_fallback,states_vx_gs,0.9699999690055847,states_theta,-0.49760347604751587,0.3900904432763294,0.22521888789539654,0.5201397675406616,0.5201014145295502,0.5198266242753821,0.5204145577948297,0.5202971161939608,0.519944065876251,0.0,0.0,0.0,0.0,-0.3400000035762787,0.0,0.0,0.0,0.0,0.0,1.4075361490249634,0.43753620982170105,0.0,0.0,0.0,0.0
76.922,-0.32999998331069946,0.32999998331069946,-0.6599999666213989,datactrl_ref_vx_fallback,states_vx_gs,0.9300000071525574,states_theta,-0.267566442489624,0.3900904432763294,0.22521888789539654,0.5201397675406616,0.5201014145295502,0.5198266242753821,0.5204145577948297,0.5202971161939608,0.519944065876251,0.0,0.0,0.0,0.0,-0.32999998331069946,0.0,0.0,0.0,0.0,0.0,1.4044742584228516,0.4744742512702942,0.0,0.0,0.0,0.0
77.122,-0.3100000023841858,0.3100000023841858,-0.6200000047683716,datactrl_ref_vx_fallback,states_vx_gs,0.9199999570846558,states_theta,-0.0809783786535263,0.39008585322245126,0.22521637300982444,0.5200224727178231,0.5202064692087136,0.5198832406907633,0.5203457012357734,0.5195671350197869,0.5206618069067498,0.0,0.0,0.0,0.0,-0.3100000023841858,0.0,0.0,0.0,0.0,0.0,1.3792665004730225,0.4592665731906891,0.0,0.0,0.0,0.0
77.183,-0.28999999165534973,0.28999999165534973,-0.5799999833106995,datactrl_ref_vx_fallback,states_vx_gs,0.9199999570846558,states_theta,-0.03519013524055481,0.39008585322245126,0.22521637300982444,0.5200224727178231,0.5202064692087136,0.5198832406907633,0.5203457012357734,0.5195671350197869,0.5206618069067498,0.0,0.0,0.0,0.0,-0.28999999165534973,0.0,0.0,0.0,0.0,0.0,1.3531912565231323,0.43319135904312134,0.0,0.0,0.0,0.0
77.393,-0.2800000011920929,0.2800000011920929,-0.5600000023841858,datactrl_ref_vx_fallback,states_vx_gs,0.8999999761581421,states_theta,-0.2537538707256317,0.39010880116965274,0.22522942157053347,0.5201509921533604,0.520139144299047,0.5201299598903304,0.5201601765620769,0.5201550982845673,0.52013503816784,0.0,0.0,0.0,0.0,-0.2800000011920929,0.0,0.0,0.0,0.0,0.0,1.347472906112671,0.44747287034988403,0.0,0.0,0.0,0.0
77.444,-0.25999999046325684,0.25999999046325684,-0.5199999809265137,datactrl_ref_vx_fallback,states_vx_gs,0.8700000047683716,states_theta,-0.3391360640525818,0.39010880116965274,0.22522942157053347,0.5201509921533604,0.520139144299047,0.5201299598903304,0.5201601765620769,0.5201550982845673,0.52013503816784,0.0,0.0,0.0,0.0,-0.25999999046325684,0.0,0.0,0.0,0.0,0.0,1.31977117061615,0.44977113604545593,0.0,0.0,0.0,0.0
77.637,-0.25,0.25,-0.5,datactrl_ref_vx_fallback,states_vx_gs,0.8399999737739563,states_theta,-0.25039368867874146,0.39010475107658793,0.22522714641049013,0.5202400710919631,0.5200392651122713,0.5199566807694165,0.5203226554348179,0.5198739507904948,0.5204053854137396,0.0,0.0,0.0,0.0,-0.25,0.0,0.0,0.0,0.0,0.0,1.312426209449768,0.47242626547813416,0.0,0.0,0.0,0.0
77.695,-0.22999998927116394,0.22999998927116394,-0.4599999785423279,datactrl_ref_vx_fallback,states_vx_gs,0.8299999833106995,states_theta,-0.09197673201560974,0.39010475107658793,0.22522714641049013,0.5202400710919631,0.5200392651122713,0.5199566807694165,0.5203226554348179,0.5198739507904948,0.5204053854137396,0.0,0.0,0.0,0.0,-0.22999998927116394,0.0,0.0,0.0,0.0,0.0,1.2830438613891602,0.4530438482761383,0.0,0.0,0.0,0.0
77.896,-0.2199999988079071,0.2199999988079071,-0.4399999976158142,datactrl_ref_vx_fallback,states_vx_gs,0.8100000023841858,states_theta,-0.2064838856458664,0.39007351395697204,0.22520905822174742,0.5202030941869358,0.5199929430316563,0.5201072589373276,0.5200887782812645,0.5201803184161439,0.5200157188024482,0.0,0.0,0.0,0.0,-0.2199999988079071,0.0,0.0,0.0,0.0,0.0,1.2740724086761475,0.46407243609428406,0.0,0.0,0.0,0.0
78.138,-0.1899999976158142,0.1899999976158142,-0.3799999952316284,datactrl_ref_vx_fallback,states_vx_gs,0.7699999809265137,states_theta,-0.14307068288326263,0.3900689239030939,0.22520651089965324,0.5199063522782816,0.5202774447966354,0.5202870970818383,0.5198966999930787,0.5197306738525846,0.5204531232223324,0.0,0.0,0.0,0.0,-0.1899999976158142,0.0,0.0,0.0,0.0,0.0,1.2327368259429932,0.4627367854118347,0.0,0.0,0.0,0.0
78.193,-0.17999999225139618,0.17999999225139618,-0.35999998450279236,datactrl_ref_vx_fallback,states_vx_gs,0.75,states_theta,-0.12848863005638123,0.3900689239030939,0.22520651089965324,0.5199063522782816,0.5202774447966354,0.5202870970818383,0.5198966999930787,0.5197306738525846,0.5204531232223324,0.0,0.0,0.0,0.0,-0.17999999225139618,0.0,0.0,0.0,0.0,0.0,1.2215967178344727,0.47159671783447266,0.0,0.0,0.0,0.0
78.403,-0.17000000178813934,0.17000000178813934,-0.3400000035762787,datactrl_ref_vx_fallback,states_vx_gs,0.7400000095367432,states_theta,-0.19989344477653503,0.39003706582854264,0.22518824337963875,0.5202637770109297,0.5198350651985173,0.5196217253239849,0.5204771168854622,0.52049737196783,0.5196014702416171,0.0,0.0,0.0,0.0,-0.17000000178813934,0.0,0.0,0.0,0.0,0.0,1.209751844406128,0.46975186467170715,0.0,0.0,0.0,0.0
78.456,-0.1599999964237213,0.1599999964237213,-0.3199999928474426,datactrl_ref_vx_fallback,states_vx_gs,0.7199999690055847,states_theta,-0.17815324664115906,0.39003706582854264,0.22518824337963875,0.5202637770109297,0.5198350651985173,0.5196217253239849,0.5204771168854622,0.52049737196783,0.5196014702416171,0.0,0.0,0.0,0.0,-0.1599999964237213,0.0,0.0,0.0,0.0,0.0,1.1972564458847046,0.4772564470767975,0.0,0.0,0.0,0.0
78.646,-0.14000000059604645,0.14000000059604645,-0.2800000011920929,datactrl_ref_vx_fallback,states_vx_gs,0.699999988079071,states_theta,-0.15648877620697021,0.3900182007572432,0.22517723315463595,0.5198406484045757,0.5202078869480729,0.5203009832888263,0.5197475520638222,0.5196989863842787,0.5203495489683698,0.0,0.0,0.0,0.0,-0.14000000059604645,0.0,0.0,0.0,0.0,0.0,1.1628320217132568,0.4628320038318634,0.0,0.0,0.0,0.0
78.697,-0.12999999523162842,0.12999999523162842,-0.25999999046325684,datactrl_ref_vx_fallback,states_vx_gs,0.6899999976158142,states_theta,-0.16900436580181122,0.3900182007572432,0.22517723315463595,0.5198406484045757,0.5202078869480729,0.5203009832888263,0.5197475520638222,0.5196989863842787,0.5203495489683698,0.0,0.0,0.0,0.0,-0.12999999523162842,0.0,0.0,0.0,0.0,0.0,1.1489810943603516,0.45898112654685974,0.0,0.0,0.0,0.0
78.898,-0.11999999731779099,0.11999999731779099,-0.23999999463558197,datactrl_ref_vx_fallback,states_vx_gs,0.6699999570846558,states_theta,-0.15270929038524628,0.3899854516361674,0.2251582631525933,0.520106044106222,0.519855160256891,0.5198252621791132,0.5201359421839998,0.5202336111861009,0.5197275931770121,0.0,0.0,0.0,0.0,-0.11999999731779099,0.0,0.0,0.0,0.0,0.0,1.1345338821411133,0.4645339548587799,0.0,0.0,0.0,0.0
78.96,-0.10999999940395355,0.10999999940395355,-0.2199999988079071,datactrl_ref_vx_fallback,states_vx_gs,0.6499999761581421,states_theta,-0.18682493269443512,0.3899854516361674,0.2251582631525933,0.520106044106222,0.519855160256891,0.5198252621791132,0.5201359421839998,0.5202336111861009,0.5197275931770121,0.0,0.0,0.0,0.0,-0.10999999940395355,0.0,0.0,0.0,0.0,0.0,1.1194361448287964,0.4694361388683319,0.0,0.0,0.0,0.0
79.166,-0.09999999403953552,0.09999999403953552,-0.19999998807907104,datactrl_ref_vx_fallback,states_vx_gs,0.6399999856948853,states_theta,-0.16800539195537567,0.38995224349578633,0.22513904622970068,0.5198716999347125,0.5200009493873844,0.520064262121538,0.5198083872005589,0.5198752673213848,0.5199973820007121,0.0,0.0,0.0,0.0,-0.09999999403953552,0.0,0.0,0.0,0.0,0.0,1.1037418842315674,0.4637419581413269,0.0,0.0,0.0,0.0
79.218,-0.08999999612569809,0.08999999612569809,-0.17999999225139618,datactrl_ref_vx_fallback,states_vx_gs,0.6200000047683716,states_theta,-0.15270709991455078,0.38995224349578633,0.22513904622970068,0.5198716999347125,0.5200009493873844,0.520064262121538,0.5198083872005589,0.5198752673213848,0.5199973820007121,0.0,0.0,0.0,0.0,-0.08999999612569809,0.0,0.0,0.0,0.0,0.0,1.0874513387680054,0.46745139360427856,0.0,0.0,0.0,0.0
79.394,-0.07999999821186066,0.07999999821186066,-0.1599999964237213,datactrl_ref_vx_fallback,states_vx_gs,0.6100000143051147,states_theta,-0.1384594440460205,0.38991860342133,0.22511963446559466,0.5199995040892763,0.5197834383676038,0.5198198901286778,0.5199630523282023,0.5200530282927979,0.5197299141640822,0.0,0.0,0.0,0.0,-0.07999999821186066,0.0,0.0,0.0,0.0,0.0,1.0705645084381104,0.46056443452835083,0.0,0.0,0.0,0.0
79.447,-0.07000000029802322,0.07000000029802322,-0.14000000059604645,datactrl_ref_vx_fallback,states_vx_gs,0.5899999737739563,states_theta,-0.15115144848823547,0.38991860342133,0.22511963446559466,0.5199995040892763,0.5197834383676038,0.5198198901286778,0.5199630523282023,0.5200530282927979,0.5197299141640822,0.0,0.0,0.0,0.0,-0.07000000029802322,0.0,0.0,0.0,0.0,0.0,1.0531353950500488,0.46313542127609253,0.0,0.0,0.0,0.0
79.645,-0.05999999865889549,0.05999999865889549,-0.11999999731779099,datactrl_ref_vx_fallback,states_vx_gs,0.5799999833106995,states_theta,-0.1307520866394043,0.38989788889206123,0.22510769001630046,0.5197541322052951,0.5199735715068682,0.5200026267299577,0.5197250769822056,0.5196669481985284,0.5200607555136348,0.0,0.0,0.0,0.0,-0.05999999865889549,0.0,0.0,0.0,0.0,0.0,1.0351641178131104,0.4551641643047333,0.0,0.0,0.0,0.0
79.7,-0.04999999701976776,0.04999999701976776,-0.09999999403953552,datactrl_ref_vx_fallback,states_vx_gs,0.5699999928474426,states_theta,-0.10004475712776184,0.38989788889206123,0.22510769001630046,0.5197541322052951,0.5199735715068682,0.5200026267299577,0.5197250769822056,0.5196669481985284,0.5200607555136348,0.0,0.0,0.0,0.0,-0.04999999701976776,0.0,0.0,0.0,0.0,0.0,1.016650676727295,0.44665074348449707,0.0,0.0,0.0,0.0
79.891,-0.03999999910593033,0.03999999910593033,-0.07999999821186066,datactrl_ref_vx_fallback,states_vx_gs,0.5600000023841858,states_theta,-0.11889993399381638,0.38986349274394366,0.22508781047619264,0.5199109344205531,0.5197250462299633,0.5197630981381779,0.5198728825123385,0.5199620346445591,0.5196739460059573,0.0,0.0,0.0,0.0,-0.03999999910593033,0.0,0.0,0.0,0.0,0.0,0.9975951910018921,0.4375951886177063,0.0,0.0,0.0,0.0
79.942,-0.029999999329447746,0.029999999329447746,-0.05999999865889549,datactrl_ref_vx_fallback,states_vx_gs,0.5399999618530273,states_theta,-0.17074620723724365,0.38986349274394366,0.22508781047619264,0.5199109344205531,0.5197250462299633,0.5197630981381779,0.5198728825123385,0.5199620346445591,0.5196739460059573,0.0,0.0,0.0,0.0,-0.029999999329447746,0.0,0.0,0.0,0.0,0.0,0.9780516624450684,0.4380517303943634,0.0,0.0,0.0,0.0
80.136,-0.019999999552965164,0.019999999552965164,-0.03999999910593033,datactrl_ref_vx_fallback,states_vx_gs,0.5299999713897705,states_theta,-0.13337112963199615,0.38985566266744176,0.22508328410081993,0.5197791913539057,0.5198359090926056,0.5199074225839413,0.51970767786257,0.5197007986380064,0.5199143018085048,0.0,0.0,0.0,0.0,-0.019999999552965164,0.0,0.0,0.0,0.0,0.0,0.9579660296440125,0.42796605825424194,0.0,0.0,0.0,0.0
80.188,-0.009999999776482582,0.009999999776482582,-0.019999999552965164,datactrl_ref_vx_fallback,states_vx_gs,0.5099999904632568,states_theta,-0.13027723133563995,0.38985566266744176,0.22508328410081993,0.5197791913539057,0.5198359090926056,0.5199074225839413,0.51970767786257,0.5197007986380064,0.5199143018085048,0.0,0.0,0.0,0.0,-0.009999999776482582,0.0,0.0,0.0,0.0,0.0,0.9373924136161804,0.4273924231529236,0.0,0.0,0.0,0.0
80.407,0.0,0.0,0.0,datactrl_ref_vx_fallback,datactrl_est_vx_fallback,0.5,states_theta,-0.14867523312568665,0.3898478325909397,0.225078782344494,0.519751599647254,0.5198426205952519,0.519709660374094,0.5198845598684119,0.520012888374088,0.5195813318684179,0.0,0.0,0.0,0.0,0.0,0.0,0.0,0.0,0.0,0.0,0.916330873966217,0.41633087396621704,0.0,0.0,0.0,0.0
80.613,0.009999999776482582,-0.009999999776482582,0.019999999552965164,datactrl_ref_vx_fallback,states_vx_gs,0.4699999988079071,states_theta,-0.11853713542222977,0.3898400025144378,0.22507424536570522,0.5197096977767458,0.519863642261755,0.5196954736501963,0.5198778663883045,0.5196738915327214,0.5198994485057794,0.0,0.0,0.0,0.0,0.009999999776482582,0.0,0.0,0.0,0.0,0.0,0.8949982523918152,0.4249982535839081,0.0,0.0,0.0,0.0
80.666,0.009999999776482582,-0.009999999776482582,0.019999999552965164,datactrl_ref_vx_fallback,states_vx_gs,0.4699999988079071,states_theta,0.002128413412719965,0.3898400025144378,0.22507424536570522,0.5197096977767458,0.519863642261755,0.5196954736501963,0.5198778663883045,0.5196738915327214,0.5198994485057794,0.0,0.0,0.0,0.0,0.009999999776482582,0.0,0.0,0.0,0.0,0.0,0.8944560885429382,0.42445608973503113,0.0,0.0,0.0,0.0
80.851,0.019999999552965164,-0.019999999552965164,0.03999999910593033,datactrl_ref_vx_fallback,states_vx_gs,0.4699999988079071,states_theta,0.0019778646528720856,0.38985938646252744,0.22508547222884892,0.5197016657839775,0.5199233647827624,0.519595581413388,0.5200294491533518,0.5196347454814702,0.5199902850852697,0.0,0.0,0.0,0.0,0.019999999552965164,0.0,0.0,0.0,0.0,0.0,0.8722018003463745,0.4022018015384674,0.0,0.0,0.0,0.0
80.905,0.029999999329447746,-0.029999999329447746,0.05999999865889549,datactrl_ref_vx_fallback,states_vx_gs,0.4699999988079071,states_theta,-0.004845744464546442,0.38985938646252744,0.22508547222884892,0.5197016657839775,0.5199233647827624,0.519595581413388,0.5200294491533518,0.5196347454814702,0.5199902850852697,0.0,0.0,0.0,0.0,0.029999999329447746,0.0,0.0,0.0,0.0,0.0,0.8495137691497803,0.37951380014419556,0.0,0.0,0.0,0.0
81.086,0.03999999910593033,-0.03999999910593033,0.07999999821186066,datactrl_ref_vx_fallback,states_vx_gs,0.44999998807907104,states_theta,-0.21659550070762634,0.38986982133119225,0.2250914907785224,0.5196299834155468,0.5200228734676325,0.5200069992218036,0.5196458576613757,0.519732049518039,0.5199208073651403,0.0,0.0,0.0,0.0,0.03999999910593033,0.0,0.0,0.0,0.0,0.0,0.8263920545578003,0.37639206647872925,0.0,0.0,0.0,0.0
81.136,0.04999999701976776,-0.04999999701976776,0.09999999403953552,datactrl_ref_vx_fallback,states_vx_gs,0.429999977350235,states_theta,-0.23371602594852448,0.38986982133119225,0.2250914907785224,0.5196299834155468,0.5200228734676325,0.5200069992218036,0.5196458576613757,0.519732049518039,0.5199208073651403,0.0,0.0,0.0,0.0,0.04999999701976776,0.0,0.0,0.0,0.0,0.0,0.8028907775878906,0.37289080023765564,0.0,0.0,0.0,0.0
81.329,0.04999999701976776,-0.04999999701976776,0.09999999403953552,datactrl_ref_vx_fallback,states_vx_gs,0.4099999964237213,states_theta,-0.1739482581615448,0.3902656063249652,0.22532008846876578,0.520509507627044,0.5201987759061967,0.5198963187622405,0.5208119647710001,0.5204575321861085,0.5202507513471322,0.0,0.0,0.0,0.0,0.04999999701976776,0.0,0.0,0.0,0.0,0.0,0.8001800179481506,0.39017999172210693,0.0,0.0,0.0,0.0
81.625,0.07000000029802322,-0.07000000029802322,0.14000000059604645,datactrl_ref_vx_fallback,states_vx_gs,0.3700000047683716,states_theta,-0.23965774476528168,0.3899156543336952,0.22511799923807127,0.5201895902891478,0.5195854879340394,0.5198297435897623,0.5199453346334248,0.5201516526124106,0.5196234256107766,0.0,0.0,0.0,0.0,0.07000000029802322,0.0,0.0,0.0,0.0,0.0,0.7474306225776672,0.37743058800697327,0.0,0.0,0.0,0.0
81.827,0.07999999821186066,-0.07999999821186066,0.1599999964237213,datactrl_ref_vx_fallback,states_vx_gs,0.3499999940395355,states_theta,-0.17553214728832245,0.38993706324636684,0.22513032819277906,0.5197679301442107,0.5200642385127675,0.5200902843765415,0.5197418842804368,0.5196808486315808,0.5201513200253974,0.0,0.0,0.0,0.0,0.07999999821186066,0.0,0.0,0.0,0.0,0.0,0.7219775915145874,0.3719775974750519,0.0,0.0,0.0,0.0
82.056,0.08999999612569809,-0.08999999612569809,0.17999999225139618,datactrl_ref_vx_fallback,states_vx_gs,0.3199999928474426,states_theta,-0.1604948788881302,0.38997460568997533,0.22515199388151252,0.5201115963386058,0.5198206855013283,0.519795596852091,0.5201366849878432,0.5201670770352876,0.5197652048046465,0.0,0.0,0.0,0.0,0.08999999612569809,0.0,0.0,0.0,0.0,0.0,0.6914824843406677,0.3714824914932251,0.0,0.0,0.0,0.0
82.107,0.09999999403953552,-0.09999999403953552,0.19999998807907104,datactrl_ref_vx_fallback,states_vx_gs,0.3100000023841858,states_theta,-0.1748499870300293,0.38997460568997533,0.22515199388151252,0.5201115963386058,0.5198206855013283,0.519795596852091,0.5201366849878432,0.5201670770352876,0.5197652048046465,0.0,0.0,0.0,0.0,0.09999999403953552,0.0,0.0,0.0,0.0,0.0,0.6652162671089172,0.35521623492240906,0.0,0.0,0.0,0.0
82.281,0.09999999403953552,-0.09999999403953552,0.19999998807907104,datactrl_ref_vx_fallback,states_vx_gs,0.28999999165534973,states_theta,-0.19064857065677643,0.38997001563609707,0.22514954609378834,0.5196801073499492,0.5202399343463097,0.5203532047090222,0.5195668369872366,0.5194888313422859,0.520431210353973,0.0,0.0,0.0,0.0,0.09999999403953552,0.0,0.0,0.0,0.0,0.0,0.6597946286201477,0.36979466676712036,0.0,0.0,0.0,0.0
82.505,0.10999999940395355,-0.10999999940395355,0.2199999988079071,datactrl_ref_vx_fallback,states_vx_gs,0.26999998092651367,states_theta,-0.05645666643977165,0.3899929095872173,0.22516271467735663,0.5202272515353316,0.5197538406972478,0.5196685634690482,0.5203125287635312,0.5204450606797829,0.5195360315527965,0.0,0.0,0.0,0.0,0.10999999940395355,0.0,0.0,0.0,0.0,0.0,0.6270766854286194,0.3570767343044281,0.0,0.0,0.0,0.0
82.555,0.10999999940395355,-0.10999999940395355,0.2199999988079071,datactrl_ref_vx_fallback,states_vx_gs,0.25999999046325684,states_theta,-0.16924110054969788,0.3899929095872173,0.22516271467735663,0.5202272515353316,0.5197538406972478,0.5196685634690482,0.5203125287635312,0.5204450606797829,0.5195360315527965,0.0,0.0,0.0,0.0,0.10999999940395355,0.0,0.0,0.0,0.0,0.0,0.6211129426956177,0.3611129820346832,0.0,0.0,0.0,0.0
82.75,0.11999999731779099,-0.11999999731779099,0.23999999463558197,datactrl_ref_vx_fallback,states_vx_gs,0.23999999463558197,states_theta,-0.21589286625385284,0.3900298084853513,0.22518398446877938,0.519815427153686,0.5202640621405842,0.5204572512285998,0.5196222380656704,0.5197554818015871,0.520324007492683,0.0,0.0,0.0,0.0,0.11999999731779099,0.0,0.0,0.0,0.0,0.0,0.5933828949928284,0.3533828854560852,0.0,0.0,0.0,0.0
82.983,0.12999999523162842,-0.12999999523162842,0.25999999046325684,datactrl_ref_vx_fallback,states_vx_gs,0.19999998807907104,states_theta,-0.15065589547157288,0.3900265684623783,0.22518205694834595,0.5202256442977652,0.5198452049352437,0.5197892921197576,0.5202815571132513,0.5203612760678138,0.5197095731651951,0.0,0.0,0.0,0.0,0.12999999523162842,0.0,0.0,0.0,0.0,0.0,0.5588757991790771,0.3588758409023285,0.0,0.0,0.0,0.0
83.213,0.12999999523162842,-0.12999999523162842,0.25999999046325684,datactrl_ref_vx_fallback,states_vx_gs,0.17999999225139618,states_theta,-0.12910659611225128,0.3900507854552427,0.22519605869896203,0.5199279367462577,0.5202074911343895,0.5203958479980381,0.5197395798826091,0.5197332109868235,0.5204022168938237,0.0,0.0,0.0,0.0,0.12999999523162842,0.0,0.0,0.0,0.0,0.0,0.5447797179222107,0.3647797107696533,0.0,0.0,0.0,0.0
83.263,0.14000000059604645,-0.14000000059604645,0.2800000011920929,datactrl_ref_vx_fallback,states_vx_gs,0.17000000178813934,states_theta,-0.084443099796772,0.3900507854552427,0.22519605869896203,0.5199279367462577,0.5202074911343895,0.5203958479980381,0.5197395798826091,0.5197332109868235,0.5204022168938237,0.0,0.0,0.0,0.0,0.14000000059604645,0.0,0.0,0.0,0.0,0.0,0.5162906050682068,0.34629058837890625,0.0,0.0,0.0,0.0
83.451,0.14000000059604645,-0.14000000059604645,0.2800000011920929,datactrl_ref_vx_fallback,states_vx_gs,0.1599999964237213,states_theta,-0.11501538753509521,0.3900752184325021,0.22521007362008988,0.5201458029247928,0.5200547795618794,0.5199758577461351,0.5202247247405372,0.5203385585398044,0.5198620239468679,0.0,0.0,0.0,0.0,0.14000000059604645,0.0,0.0,0.0,0.0,0.0,0.5087003707885742,0.3487003743648529,0.0,0.0,0.0,0.0
83.501,0.14000000059604645,-0.14000000059604645,0.2800000011920929,datactrl_ref_vx_fallback,states_vx_gs,0.14999999105930328,states_theta,-0.11085274070501328,0.3900752184325021,0.22521007362008988,0.5201458029247928,0.5200547795618794,0.5199758577461351,0.5202247247405372,0.5203385585398044,0.5198620239468679,0.0,0.0,0.0,0.0,0.14000000059604645,0.0,0.0,0.0,0.0,0.0,0.5011101365089417,0.35111016035079956,0.0,0.0,0.0,0.0
83.688,0.14000000059604645,-0.14000000059604645,0.2800000011920929,datactrl_ref_vx_fallback,states_vx_gs,0.14000000059604645,states_theta,-0.11918555945158005,0.390073058331505,0.22520878556034146,0.5200981106809904,0.5200967115363563,0.5200820205289836,0.5201128016883632,0.5201162641676145,0.5200785580497322,0.0,0.0,0.0,0.0,0.14000000059604645,0.0,0.0,0.0,0.0,0.0,0.49351993203163147,0.3535199463367462,0.0,0.0,0.0,0.0
83.746,0.14999999105930328,-0.14999999105930328,0.29999998211860657,datactrl_ref_vx_fallback,states_vx_gs,0.12999999523162842,states_theta,-0.08371783047914505,0.390073058331505,0.22520878556034146,0.5200981106809904,0.5200967115363563,0.5200820205289836,0.5201128016883632,0.5201162641676145,0.5200785580497322,0.0,0.0,0.0,0.0,0.14999999105930328,0.0,0.0,0.0,0.0,0.0,0.46438026428222656,0.33438026905059814,0.0,0.0,0.0,0.0
83.962,0.14999999105930328,-0.14999999105930328,0.29999998211860657,datactrl_ref_vx_fallback,states_vx_gs,0.11999999731779099,states_theta,-0.10674893110990524,0.390070898230508,0.22520756052775057,0.5200480976702083,0.5201409642778131,0.5202884227124134,0.519900639235608,0.5200687709914711,0.5201202909565503,0.0,0.0,0.0,0.0,0.14999999105930328,0.0,0.0,0.0,0.0,0.0,0.45624789595603943,0.33624789118766785,0.0,0.0,0.0,0.0
84.204,0.14999999105930328,-0.14999999105930328,0.29999998211860657,datactrl_ref_vx_fallback,states_vx_gs,0.09999999403953552,states_theta,-0.09808547794818878,0.39006873812951104,0.22520630840502093,0.5201235788114631,0.520059722867233,0.5201973565419296,0.5199859451367665,0.5202303374642363,0.5199529642144598,0.0,0.0,0.0,0.0,0.14999999105930328,0.0,0.0,0.0,0.0,0.0,0.43998315930366516,0.33998316526412964,0.0,0.0,0.0,0.0
84.258,0.14999999105930328,-0.14999999105930328,0.29999998211860657,datactrl_ref_vx_fallback,states_vx_gs,0.07999999821186066,states_theta,-0.11668823659420013,0.39006873812951104,0.22520630840502093,0.5201235788114631,0.520059722867233,0.5201973565419296,0.5199859451367665,0.5202303374642363,0.5199529642144598,0.0,0.0,0.0,0.0,0.14999999105930328,0.0,0.0,0.0,0.0,0.0,0.431850790977478,0.3518507778644562,0.0,0.0,0.0,0.0
84.457,0.14999999105930328,-0.14999999105930328,0.29999998211860657,datactrl_ref_vx_fallback,states_vx_gs,0.07000000029802322,states_theta,-0.06714768707752228,0.39006657802851397,0.2252050590046523,0.5199891661223567,0.5201883752870139,0.520205760714147,0.5199717806952235,0.5200276348927935,0.5201499065165771,0.0,0.0,0.0,0.0,0.14999999105930328,0.0,0.0,0.0,0.0,0.0,0.4237184226512909,0.3537184000015259,0.0,0.0,0.0,0.0
84.507,0.1599999964237213,-0.1599999964237213,0.3199999928474426,datactrl_ref_vx_fallback,states_vx_gs,0.07000000029802322,states_theta,-0.08227068185806274,0.39006657802851397,0.2252050590046523,0.5199891661223567,0.5201883752870139,0.520205760714147,0.5199717806952235,0.5200276348927935,0.5201499065165771,0.0,0.0,0.0,0.0,0.1599999964237213,0.0,0.0,0.0,0.0,0.0,0.3939281105995178,0.3239281177520752,0.0,0.0,0.0,0.0
84.688,0.1599999964237213,-0.1599999964237213,0.3199999928474426,datactrl_ref_vx_fallback,states_vx_gs,0.05999999865889549,states_theta,-0.0903254896402359,0.39006430992246716,0.22520387809777756,0.5202760241914866,0.5198954689350925,0.5198455746715939,0.5203259184549852,0.5204920952812441,0.519679397845335,0.0,0.0,0.0,0.0,0.1599999964237213,0.0,0.0,0.0,0.0,0.0,0.3843861222267151,0.3243861198425293,0.0,0.0,0.0,0.0
84.739,0.1599999964237213,-0.1599999964237213,0.3199999928474426,datactrl_ref_vx_fallback,states_vx_gs,0.04999999701976776,states_theta,-0.11224379390478134,0.39006430992246716,0.22520387809777756,0.5202760241914866,0.5198954689350925,0.5198455746715939,0.5203259184549852,0.5204920952812441,0.519679397845335,0.0,0.0,0.0,0.0,0.1599999964237213,0.0,0.0,0.0,0.0,0.0,0.375711590051651,0.32571160793304443,0.0,0.0,0.0,0.0
84.922,0.1599999964237213,-0.1599999964237213,0.3199999928474426,datactrl_ref_vx_fallback,states_vx_gs,0.03999999910593033,states_theta,-0.05561452358961105,0.3900621498214701,0.22520268734095475,0.5198450171537803,0.5203207157034733,0.5205410345050342,0.5196246983522194,0.5197761293672051,0.5203896034900485,0.0,0.0,0.0,0.0,0.1599999964237213,0.0,0.0,0.0,0.0,0.0,0.3670370578765869,0.3270370662212372,0.0,0.0,0.0,0.0
84.974,0.1599999964237213,-0.1599999964237213,0.3199999928474426,datactrl_ref_vx_fallback,states_vx_gs,0.029999999329447746,states_theta,-0.08058473467826843,0.3900621498214701,0.22520268734095475,0.5198450171537803,0.5203207157034733,0.5205410345050342,0.5196246983522194,0.5197761293672051,0.5203896034900485,0.0,0.0,0.0,0.0,0.1599999964237213,0.0,0.0,0.0,0.0,0.0,0.3583625257015228,0.32836252450942993,0.0,0.0,0.0,0.0
85.178,0.1599999964237213,-0.1599999964237213,0.3199999928474426,datactrl_ref_vx_fallback,states_vx_gs,0.029999999329447746,states_theta,-0.06153826043009758,0.390059989720473,0.22520145952949255,0.5202984287983631,0.519861543789565,0.5197534986584538,0.5204064739294743,0.5205709831406633,0.5195889894472647,0.0,0.0,0.0,0.0,0.1599999964237213,0.0,0.0,0.0,0.0,0.0,0.34968799352645874,0.31968802213668823,0.0,0.0,0.0,0.0
85.231,0.1599999964237213,-0.1599999964237213,0.3199999928474426,datactrl_ref_vx_fallback,states_vx_gs,0.019999999552965164,states_theta,-0.08923777937889099,0.390059989720473,0.22520145952949255,0.5202984287983631,0.519861543789565,0.5197534986584538,0.5204064739294743,0.5205709831406633,0.5195889894472647,0.0,0.0,0.0,0.0,0.1599999964237213,0.0,0.0,0.0,0.0,0.0,0.34101349115371704,0.321013480424881,0.0,0.0,0.0,0.0
85.427,0.1599999964237213,-0.1599999964237213,0.3199999928474426,datactrl_ref_vx_fallback,states_vx_gs,0.009999999776482582,states_theta,-0.09015657007694244,0.39003058858803397,0.22518442204303427,0.5198197140121261,0.5202618555559644,0.5204598831599396,0.5196216864081509,0.5198003090422751,0.5202812605258154,0.0,0.0,0.0,0.0,0.1599999964237213,0.0,0.0,0.0,0.0,0.0,0.33233895897865295,0.32233893871307373,0.0,0.0,0.0,0.0
85.647,0.1599999964237213,-0.1599999964237213,0.3199999928474426,datactrl_ref_vx_fallback,states_vx_gs,0.3149898946285248,datactrl_est_theta_fallback,-0.0043364884331822395,0.39002788852604897,0.22518291663912038,0.520282794655786,0.5197915747470112,0.5196727840913838,0.5204015853114133,0.5204679610150927,0.5196064083877044,0.0,0.0,0.0,0.0,0.1599999964237213,0.0,0.0,0.0,0.0,0.0,0.3149898946285248,0.3149898946285248,0.0,0.0,0.0,0.0
85.876,0.1599999964237213,-0.1599999964237213,0.3199999928474426,datactrl_ref_vx_fallback,states_vx_gs,0.2976408302783966,datactrl_est_theta_fallback,-0.08670517802238464,0.3899977854443254,0.22516559064269476,0.5197028876867765,0.5202912068314246,0.5204825017671205,0.5195115927510806,0.5196049078405921,0.520389186677609,0.0,0.0,0.0,0.0,0.1599999964237213,0.0,0.0,0.0,0.0,0.0,0.2976408302783966,0.2976408302783966,0.0,0.0,0.0,0.0
85.927,0.1599999964237213,-0.1599999964237213,0.3199999928474426,datactrl_ref_vx_fallback,states_vx_gs,-0.009999999776482582,states_theta,-0.0637785941362381,0.3899977854443254,0.22516559064269476,0.5197028876867765,0.5202912068314246,0.5204825017671205,0.5195115927510806,0.5196049078405921,0.520389186677609,0.0,0.0,0.0,0.0,0.1599999964237213,0.0,0.0,0.0,0.0,0.0,0.2889662981033325,0.29896628856658936,0.0,0.0,0.0,0.0
86.115,0.1599999964237213,-0.1599999964237213,0.3199999928474426,datactrl_ref_vx_fallback,states_vx_gs,-0.019999999552965164,states_theta,-0.09596764296293259,0.3899809859533077,0.22515597655671818,0.5202997351527985,0.5196495607226888,0.5194889688468917,0.5204603270285956,0.5205110036739174,0.5194382922015698,0.0,0.0,0.0,0.0,0.1599999964237213,0.0,0.0,0.0,0.0,0.0,0.28029176592826843,0.3002917766571045,0.0,0.0,0.0,0.0
86.166,0.1599999964237213,-0.1599999964237213,0.3199999928474426,datactrl_ref_vx_fallback,states_vx_gs,-0.019999999552965164,states_theta,-0.047059427946805954,0.3899809859533077,0.22515597655671818,0.5202997351527985,0.5196495607226888,0.5194889688468917,0.5204603270285956,0.5205110036739174,0.5194382922015698,0.0,0.0,0.0,0.0,0.1599999964237213,0.0,0.0,0.0,0.0,0.0,0.27161723375320435,0.2916172444820404,0.0,0.0,0.0,0.0
86.378,0.1599999964237213,-0.1599999964237213,0.3199999928474426,datactrl_ref_vx_fallback,states_vx_gs,-0.029999999329447746,states_theta,-0.06635138392448425,0.3899502077830956,0.22513811771797687,0.5196821426129065,0.5201850781420151,0.5204620474928966,0.519405173262025,0.5195782001258081,0.5202890206291134,0.0,0.0,0.0,0.0,0.1599999964237213,0.0,0.0,0.0,0.0,0.0,0.26294270157814026,0.29294270277023315,0.0,0.0,0.0,0.0
86.614,0.1599999964237213,-0.1599999964237213,0.3199999928474426,datactrl_ref_vx_fallback,states_vx_gs,-0.05999999865889549,states_theta,-0.024190085008740425,0.38991913265172373,0.22512008898276478,0.5201118175572843,0.5196725361806456,0.5195818505187935,0.5202025032191364,0.5203003836705109,0.519483970067419,0.0,0.0,0.0,0.0,0.1599999964237213,0.0,0.0,0.0,0.0,0.0,0.24559365212917328,0.29559364914894104,0.0,0.0,0.0,0.0
86.666,0.1599999964237213,-0.1599999964237213,0.3199999928474426,datactrl_ref_vx_fallback,states_vx_gs,-0.05999999865889549,states_theta,-0.024190085008740425,0.38991913265172373,0.22512008898276478,0.5201118175572843,0.5196725361806456,0.5195818505187935,0.5202025032191364,0.5203003836705109,0.519483970067419,0.0,0.0,0.0,0.0,0.1599999964237213,0.0,0.0,0.0,0.0,0.0,0.2369191199541092,0.2969191074371338,0.0,0.0,0.0,0.0
86.871,0.14999999105930328,-0.14999999105930328,0.29999998211860657,datactrl_ref_vx_fallback,states_vx_gs,-0.05999999865889549,states_theta,-0.0023635029792785645,0.38991454259784547,0.2251174513732163,0.5196758015600935,0.5200963120341611,0.520256513628378,0.5195155999658766,0.5194959715350326,0.520276142059222,0.0,0.0,0.0,0.0,0.14999999105930328,0.0,0.0,0.0,0.0,0.0,0.24979408085346222,0.3097940981388092,0.0,0.0,0.0,0.0
86.922,0.14999999105930328,-0.14999999105930328,0.29999998211860657,datactrl_ref_vx_fallback,states_vx_gs,-0.04999999701976776,states_theta,0.03451710194349289,0.38991454259784547,0.2251174513732163,0.5196758015600935,0.5200963120341611,0.520256513628378,0.5195155999658766,0.5194959715350326,0.520276142059222,0.0,0.0,0.0,0.0,0.14999999105930328,0.0,0.0,0.0,0.0,0.0,0.24166171252727509,0.29166170954704285,0.0,0.0,0.0,0.0
87.1,0.14999999105930328,-0.14999999105930328,0.29999998211860657,datactrl_ref_vx_fallback,states_vx_gs,-0.04999999701976776,states_theta,0.03662581741809845,0.38988279251545693,0.22509914328829675,0.520066578565569,0.5196208681423161,0.519483755739193,0.5202036909686921,0.5202858347695244,0.5194016119383608,0.0,0.0,0.0,0.0,0.14999999105930328,0.0,0.0,0.0,0.0,0.0,0.23352934420108795,0.2835293412208557,0.0,0.0,0.0,0.0
87.161,0.14999999105930328,-0.14999999105930328,0.29999998211860657,datactrl_ref_vx_fallback,states_vx_gs,-0.04999999701976776,states_theta,-0.042699165642261505,0.38988279251545693,0.22509914328829675,0.520066578565569,0.5196208681423161,0.519483755739193,0.5202036909686921,0.5202858347695244,0.5194016119383608,0.0,0.0,0.0,0.0,0.14999999105930328,0.0,0.0,0.0,0.0,0.0,0.22539697587490082,0.2753969728946686,0.0,0.0,0.0,0.0
87.348,0.14999999105930328,-0.14999999105930328,0.29999998211860657,datactrl_ref_vx_fallback,states_vx_gs,-0.05999999865889549,states_theta,-0.09741868078708649,0.3898641030151885,0.22508832134425164,0.5196256282181656,0.5200119798223369,0.5202707874344191,0.5193668206060834,0.5195426580228982,0.5200949500176043,0.0,0.0,0.0,0.0,0.14999999105930328,0.0,0.0,0.0,0.0,0.0,0.21726460754871368,0.2772645950317383,0.0,0.0,0.0,0.0
87.4,0.14999999105930328,-0.14999999105930328,0.29999998211860657,datactrl_ref_vx_fallback,states_vx_gs,-0.07000000029802322,states_theta,-0.06302938610315323,0.3898641030151885,0.22508832134425164,0.5196256282181656,0.5200119798223369,0.5202707874344191,0.5193668206060834,0.5195426580228982,0.5200949500176043,0.0,0.0,0.0,0.0,0.14999999105930328,0.0,0.0,0.0,0.0,0.0,0.20913222432136536,0.279132217168808,0.0,0.0,0.0,0.0
87.599,0.14999999105930328,-0.14999999105930328,0.29999998211860657,datactrl_ref_vx_fallback,states_vx_gs,-0.07000000029802322,states_theta,-0.05785113573074341,0.3898587028912184,0.22508510504337925,0.519883180112789,0.5197400275971267,0.5196308876159202,0.5199923200939954,0.5201319807250021,0.5194912269849136,0.0,0.0,0.0,0.0,0.14999999105930328,0.0,0.0,0.0,0.0,0.0,0.20099985599517822,0.27099984884262085,0.0,0.0,0.0,0.0
87.654,0.14999999105930328,-0.14999999105930328,0.29999998211860657,datactrl_ref_vx_fallback,states_vx_gs,-0.07999999821186066,states_theta,-0.04768981784582138,0.3898587028912184,0.22508510504337925,0.519883180112789,0.5197400275971267,0.5196308876159202,0.5199923200939954,0.5201319807250021,0.5194912269849136,0.0,0.0,0.0,0.0,0.14999999105930328,0.0,0.0,0.0,0.0,0.0,0.1928674876689911,0.27286747097969055,0.0,0.0,0.0,0.0
87.853,0.14000000059604645,-0.14000000059604645,0.2800000011920929,datactrl_ref_vx_fallback,states_vx_gs,-0.07000000029802322,states_theta,0.08440804481506348,0.3898533027672484,0.2250819264696345,0.5198748596844055,0.5197339476949235,0.5197153852124194,0.5198934221669096,0.5196701151363794,0.5199386922429496,0.0,0.0,0.0,0.0,0.14000000059604645,0.0,0.0,0.0,0.0,0.0,0.20617614686489105,0.2761761546134949,0.0,0.0,0.0,0.0
87.904,0.14000000059604645,-0.14000000059604645,0.2800000011920929,datactrl_ref_vx_fallback,states_vx_gs,-0.05999999865889549,states_theta,0.10346467792987823,0.3898533027672484,0.2250819264696345,0.5198748596844055,0.5197339476949235,0.5197153852124194,0.5198934221669096,0.5196701151363794,0.5199386922429496,0.0,0.0,0.0,0.0,0.14000000059604645,0.0,0.0,0.0,0.0,0.0,0.19858594238758087,0.25858592987060547,0.0,0.0,0.0,0.0
88.085,0.14000000059604645,-0.14000000059604645,0.2800000011920929,datactrl_ref_vx_fallback,states_vx_gs,-0.05999999865889549,states_theta,0.07065695524215698,0.3898614216124635,0.22508661171512354,0.5199013634245491,0.519729094208687,0.5197286687926257,0.5199017888406103,0.5197052310167152,0.5199252266165209,0.0,0.0,0.0,0.0,0.14000000059604645,0.0,0.0,0.0,0.0,0.0,0.1909957230091095,0.2509957253932953,0.0,0.0,0.0,0.0
88.135,0.14000000059604645,-0.14000000059604645,0.2800000011920929,datactrl_ref_vx_fallback,states_vx_gs,-0.04999999701976776,states_theta,0.03659358620643616,0.3898614216124635,0.22508661171512354,0.5199013634245491,0.519729094208687,0.5197286687926257,0.5199017888406103,0.5197052310167152,0.5199252266165209,0.0,0.0,0.0,0.0,0.14000000059604645,0.0,0.0,0.0,0.0,0.0,0.18340550363063812,0.23340550065040588,0.0,0.0,0.0,0.0
88.329,0.14000000059604645,-0.14000000059604645,0.2800000011920929,datactrl_ref_vx_fallback,states_vx_gs,-0.04999999701976776,states_theta,0.0031870054081082344,0.3902600056139705,0.22531673477304429,0.5204464760464442,0.5202468722574771,0.5203611996679666,0.5203321486359548,0.5202135276848251,0.5204798206190963,0.0,0.0,0.0,0.0,0.14000000059604645,0.0,0.0,0.0,0.0,0.0,0.17581529915332794,0.2258152961730957,0.0,0.0,0.0,0.0
88.381,0.14000000059604645,-0.14000000059604645,0.2800000011920929,datactrl_ref_vx_fallback,states_vx_gs,-0.04999999701976776,states_theta,-0.02934146672487259,0.3902600056139705,0.22531673477304429,0.5204464760464442,0.5202468722574771,0.5203611996679666,0.5203321486359548,0.5202135276848251,0.5204798206190963,0.0,0.0,0.0,0.0,0.14000000059604645,0.0,0.0,0.0,0.0,0.0,0.16822507977485657,0.21822507679462433,0.0,0.0,0.0,0.0
88.57,0.14000000059604645,-0.14000000059604645,0.2800000011920929,datactrl_ref_vx_fallback,states_vx_gs,-0.05999999865889549,states_theta,-0.06211968511343002,0.3899102545930463,0.2251148050926512,0.5199870854557963,0.5197735934589939,0.5199936298802759,0.5197670490345143,0.5198340530770149,0.5199266258377753,0.0,0.0,0.0,0.0,0.14000000059604645,0.0,0.0,0.0,0.0,0.0,0.1606348603963852,0.22063486278057098,0.0,0.0,0.0,0.0
88.62,0.14000000059604645,-0.14000000059604645,0.2800000011920929,datactrl_ref_vx_fallback,states_vx_gs,-0.07000000029802322,states_theta,-0.09411093592643738,0.3899102545930463,0.2251148050926512,0.5199870854557963,0.5197735934589939,0.5199936298802759,0.5197670490345143,0.5198340530770149,0.5199266258377753,0.0,0.0,0.0,0.0,0.14000000059604645,0.0,0.0,0.0,0.0,0.0,0.153044655919075,0.22304464876651764,0.0,0.0,0.0,0.0
88.832,0.14000000059604645,-0.14000000059604645,0.2800000011920929,datactrl_ref_vx_fallback,states_vx_gs,-0.07999999821186066,states_theta,-0.12556162476539612,0.38993794554019984,0.22513082557707634,0.5200341095404531,0.5198004119000798,0.5201637072990839,0.519670814141449,0.5200250306221419,0.519809490818391,0.0,0.0,0.0,0.0,0.14000000059604645,0.0,0.0,0.0,0.0,0.0,0.14545443654060364,0.2254544347524643,0.0,0.0,0.0,0.0
88.886,0.12999999523162842,-0.12999999523162842,0.25999999046325684,datactrl_ref_vx_fallback,states_vx_gs,-0.08999999612569809,states_theta,-0.14905869960784912,0.38993794554019984,0.22513082557707634,0.5200341095404531,0.5198004119000798,0.5201637072990839,0.519670814141449,0.5200250306221419,0.519809490818391,0.0,0.0,0.0,0.0,0.12999999523162842,0.0,0.0,0.0,0.0,0.0,0.15957637131214142,0.2495763599872589,0.0,0.0,0.0,0.0
89.061,0.12999999523162842,-0.12999999523162842,0.25999999046325684,datactrl_ref_vx_fallback,states_vx_gs,-0.08999999612569809,states_theta,0.05971972644329071,0.3899481704471463,0.22513673811802415,0.519901889460908,0.5199598983981488,0.519617922393318,0.5202438654657388,0.5198695548347739,0.5199922330242829,0.0,0.0,0.0,0.0,0.12999999523162842,0.0,0.0,0.0,0.0,0.0,0.152528315782547,0.2425283044576645,0.0,0.0,0.0,0.0
89.117,0.12999999523162842,-0.12999999523162842,0.25999999046325684,datactrl_ref_vx_fallback,states_vx_gs,-0.07999999821186066,states_theta,0.15010593831539154,0.3899481704471463,0.22513673811802415,0.519901889460908,0.5199598983981488,0.519617922393318,0.5202438654657388,0.5198695548347739,0.5199922330242829,0.0,0.0,0.0,0.0,0.12999999523162842,0.0,0.0,0.0,0.0,0.0,0.14548026025295258,0.22548025846481323,0.0,0.0,0.0,0.0
89.318,0.12999999523162842,-0.12999999523162842,0.25999999046325684,datactrl_ref_vx_fallback,states_vx_gs,-0.07999999821186066,states_theta,-0.1427750587463379,0.3899745564458456,0.2251519705836637,0.5200090967968558,0.5199230537253992,0.520218763063608,0.5197133874586469,0.5201509049244454,0.5197812455978096,0.0,0.0,0.0,0.0,0.12999999523162842,0.0,0.0,0.0,0.0,0.0,0.13843220472335815,0.2184322029352188,0.0,0.0,0.0,0.0
89.369,0.12999999523162842,-0.12999999523162842,0.25999999046325684,datactrl_ref_vx_fallback,states_vx_gs,-0.09999999403953552,states_theta,-0.21269160509109497,0.3899745564458456,0.2251519705836637,0.5200090967968558,0.5199230537253992,0.520218763063608,0.5197133874586469,0.5201509049244454,0.5197812455978096,0.0,0.0,0.0,0.0,0.12999999523162842,0.0,0.0,0.0,0.0,0.0,0.13138414919376373,0.23138414323329926,0.0,0.0,0.0,0.0
89.56,0.12999999523162842,-0.12999999523162842,0.25999999046325684,datactrl_ref_vx_fallback,states_vx_gs,-0.10999999940395355,states_theta,-0.00011950451880693436,0.3899992054075004,0.22516619309899485,0.5200010661737308,0.5199968149129369,0.5197083753056092,0.5202895057810585,0.5199977332975946,0.5200001477890731,0.0,0.0,0.0,0.0,0.12999999523162842,0.0,0.0,0.0,0.0,0.0,0.12433609366416931,0.23433609306812286,0.0,0.0,0.0,0.0
89.614,0.11999999731779099,-0.11999999731779099,0.23999999463558197,datactrl_ref_vx_fallback,states_vx_gs,-0.09999999403953552,states_theta,0.17157992720603943,0.3899992054075004,0.22516619309899485,0.5200010661737308,0.5199968149129369,0.5197083753056092,0.5202895057810585,0.5199977332975946,0.5200001477890731,0.0,0.0,0.0,0.0,0.11999999731779099,0.0,0.0,0.0,0.0,0.0,0.13905438780784607,0.2390543818473816,0.0,0.0,0.0,0.0
89.812,0.11999999731779099,-0.11999999731779099,0.23999999463558197,datactrl_ref_vx_fallback,states_vx_gs,-0.10999999940395355,states_theta,-0.10301043093204498,0.39002431332717635,0.22518074014550643,0.5198803514391666,0.5201844840999703,0.5204126923813894,0.5196521431577474,0.5199399595849059,0.520124875954231,0.0,0.0,0.0,0.0,0.11999999731779099,0.0,0.0,0.0,0.0,0.0,0.1325484812259674,0.23254847526550293,0.0,0.0,0.0,0.0
90.029,0.11999999731779099,-0.11999999731779099,0.23999999463558197,datactrl_ref_vx_fallback,states_vx_gs,-0.10999999940395355,states_theta,0.01885116845369339,0.3900364552500799,0.22518778377445195,0.5202372305432924,0.5198599834569207,0.5197450742051836,0.5203521397950296,0.5203786099322761,0.519718604067937,0.0,0.0,0.0,0.0,0.11999999731779099,0.0,0.0,0.0,0.0,0.0,0.11953669041395187,0.22953669726848602,0.0,0.0,0.0,0.0
90.084,0.11999999731779099,-0.11999999731779099,0.23999999463558197,datactrl_ref_vx_fallback,states_vx_gs,-0.10999999940395355,states_theta,0.00027369667077437043,0.3900364552500799,0.22518778377445195,0.5202372305432924,0.5198599834569207,0.5197450742051836,0.5203521397950296,0.5203786099322761,0.519718604067937,0.0,0.0,0.0,0.0,0.11999999731779099,0.0,0.0,0.0,0.0,0.0,0.11303079128265381,0.22303079068660736,0.0,0.0,0.0,0.0
90.288,0.10999999940395355,-0.10999999940395355,0.2199999988079071,datactrl_ref_vx_fallback,states_vx_gs,-0.10999999940395355,states_theta,-0.021992694586515427,0.3900624272402597,0.22520279725168582,0.5198808538544991,0.5202856187861934,0.5204913761833776,0.5196750964573149,0.5198332422373948,0.5203332304032977,0.0,0.0,0.0,0.0,0.10999999940395355,0.0,0.0,0.0,0.0,0.0,0.12812858819961548,0.23812858760356903,0.0,0.0,0.0,0.0
90.338,0.10999999940395355,-0.10999999940395355,0.2199999988079071,datactrl_ref_vx_fallback,states_vx_gs,-0.10999999940395355,states_theta,-0.026190228760242462,0.3900624272402597,0.22520279725168582,0.5198808538544991,0.5202856187861934,0.5204913761833776,0.5196750964573149,0.5198332422373948,0.5203332304032977,0.0,0.0,0.0,0.0,0.10999999940395355,0.0,0.0,0.0,0.0,0.0,0.12216485291719437,0.23216485977172852,0.0,0.0,0.0,0.0
90.529,0.10999999940395355,-0.10999999940395355,0.2199999988079071,datactrl_ref_vx_fallback,states_vx_gs,-0.10999999940395355,states_theta,0.048478011041879654,0.39006161717016796,0.2252023746957125,0.5203029128193563,0.5198613996344249,0.5196681129926185,0.5204961994611627,0.5204443576494929,0.5197199548042882,0.0,0.0,0.0,0.0,0.10999999940395355,0.0,0.0,0.0,0.0,0.0,0.11620111763477325,0.2262011170387268,0.0,0.0,0.0,0.0
90.58,0.10999999940395355,-0.10999999940395355,0.2199999988079071,datactrl_ref_vx_fallback,states_vx_gs,-0.09999999403953552,states_theta,0.028297526761889458,0.39006161717016796,0.2252023746957125,0.5203029128193563,0.5198613996344249,0.5196681129926185,0.5204961994611627,0.5204443576494929,0.5197199548042882,0.0,0.0,0.0,0.0,0.10999999940395355,0.0,0.0,0.0,0.0,0.0,0.11023737490177155,0.21023736894130707,0.0,0.0,0.0,0.0
90.779,0.10999999940395355,-0.10999999940395355,0.2199999988079071,datactrl_ref_vx_fallback,states_vx_gs,-0.09999999403953552,states_theta,0.007909820415079594,0.3900883181075636,0.2252177823919884,0.519895136142695,0.520340378810808,0.5205652897398377,0.5196702252136652,0.5198228932849588,0.5204126216685442,0.0,0.0,0.0,0.0,0.10999999940395355,0.0,0.0,0.0,0.0,0.0,0.10427363216876984,0.20427362620830536,0.0,0.0,0.0,0.0
90.83,0.09999999403953552,-0.09999999403953552,0.19999998807907104,datactrl_ref_vx_fallback,states_vx_gs,-0.09999999403953552,states_theta,-0.033403798937797546,0.3900883181075636,0.2252177823919884,0.519895136142695,0.520340378810808,0.5205652897398377,0.5196702252136652,0.5198228932849588,0.5204126216685442,0.0,0.0,0.0,0.0,0.09999999403953552,0.0,0.0,0.0,0.0,0.0,0.11980517953634262,0.21980516612529755,0.0,0.0,0.0,0.0
91.034,0.09999999403953552,-0.09999999403953552,0.19999998807907104,datactrl_ref_vx_fallback,states_vx_gs,-0.10999999940395355,states_theta,-0.06723755598068237,0.39008804799837243,0.22521757306900134,0.5202942613802828,0.5199405332820437,0.5198010298034428,0.5204337648588837,0.5204479304641543,0.5197868641981722,0.0,0.0,0.0,0.0,0.09999999403953552,0.0,0.0,0.0,0.0,0.0,0.11438360065221786,0.22438359260559082,0.0,0.0,0.0,0.0
91.086,0.09999999403953552,-0.09999999403953552,0.19999998807907104,datactrl_ref_vx_fallback,states_vx_gs,-0.10999999940395355,states_theta,0.04289860278367996,0.39008804799837243,0.22521757306900134,0.5202942613802828,0.5199405332820437,0.5198010298034428,0.5204337648588837,0.5204479304641543,0.5197868641981722,0.0,0.0,0.0,0.0,0.09999999403953552,0.0,0.0,0.0,0.0,0.0,0.10896201431751251,0.21896201372146606,0.0,0.0,0.0,0.0
91.352,0.09999999403953552,-0.09999999403953552,0.19999998807907104,datactrl_ref_vx_fallback,states_vx_gs,-0.09999999403953552,states_theta,-0.005238265264779329,0.39008777788918136,0.22521747324842553,0.5199206156410651,0.5203134587300852,0.5205170177252194,0.5197170566459308,0.5197386435543501,0.5204954308168002,0.0,0.0,0.0,0.0,0.09999999403953552,0.0,0.0,0.0,0.0,0.0,0.098118856549263,0.19811885058879852,0.0,0.0,0.0,0.0
91.548,0.08999999612569809,-0.08999999612569809,0.17999999225139618,datactrl_ref_vx_fallback,states_vx_gs,-0.09999999403953552,states_theta,-0.03802350163459778,0.39008750777999024,0.22521721769881367,0.5202858698110535,0.5199474842689205,0.5198975748567813,0.5203357792231926,0.5204093520820561,0.5198240019979179,0.0,0.0,0.0,0.0,0.08999999612569809,0.0,0.0,0.0,0.0,0.0,0.11408410966396332,0.21408410370349884,0.0,0.0,0.0,0.0
91.602,0.08999999612569809,-0.08999999612569809,0.17999999225139618,datactrl_ref_vx_fallback,states_vx_gs,-0.09999999403953552,states_theta,0.010497374460101128,0.39008750777999024,0.22521721769881367,0.5202858698110535,0.5199474842689205,0.5198975748567813,0.5203357792231926,0.5204093520820561,0.5198240019979179,0.0,0.0,0.0,0.0,0.08999999612569809,0.0,0.0,0.0,0.0,0.0,0.10920468717813492,0.20920467376708984,0.0,0.0,0.0,0.0
91.79,0.08999999612569809,-0.08999999612569809,0.17999999225139618,datactrl_ref_vx_fallback,states_vx_gs,-0.09999999403953552,states_theta,0.01275725569576025,0.39008723767079906,0.2252170299191636,0.5199811380035853,0.5202514957852122,0.5203041518368182,0.5199284819519793,0.5198896402665466,0.5203429935222509,0.0,0.0,0.0,0.0,0.08999999612569809,0.0,0.0,0.0,0.0,0.0,0.10432526469230652,0.20432525873184204,0.0,0.0,0.0,0.0
91.843,0.08999999612569809,-0.08999999612569809,0.17999999225139618,datactrl_ref_vx_fallback,states_vx_gs,-0.09999999403953552,states_theta,0.049456603825092316,0.39008723767079906,0.2252170299191636,0.5199811380035853,0.5202514957852122,0.5203041518368182,0.5199284819519793,0.5198896402665466,0.5203429935222509,0.0,0.0,0.0,0.0,0.08999999612569809,0.0,0.0,0.0,0.0,0.0,0.09944584220647812,0.19944582879543304,0.0,0.0,0.0,0.0
92.056,0.08999999612569809,-0.08999999612569809,0.17999999225139618,datactrl_ref_vx_fallback,states_vx_gs,-0.09999999403953552,states_theta,0.02985413558781147,0.390086967561608,0.2252168486345144,0.5202130846798023,0.5200188288178189,0.5199899749964774,0.5202419385011439,0.5203002979058882,0.5199316155917331,0.0,0.0,0.0,0.0,0.08999999612569809,0.0,0.0,0.0,0.0,0.0,0.09456641227006912,0.19456641376018524,0.0,0.0,0.0,0.0
92.106,0.08999999612569809,-0.08999999612569809,0.17999999225139618,datactrl_ref_vx_fallback,states_vx_gs,-0.09999999403953552,states_theta,-0.012956006452441216,0.390086967561608,0.2252168486345144,0.5202130846798023,0.5200188288178189,0.5199899749964774,0.5202419385011439,0.5203002979058882,0.5199316155917331,0.0,0.0,0.0,0.0,0.08999999612569809,0.0,0.0,0.0,0.0,0.0,0.08968698978424072,0.18968698382377625,0.0,0.0,0.0,0.0
92.361,0.07999999821186066,-0.07999999821186066,0.1599999964237213,datactrl_ref_vx_fallback,states_vx_gs,-0.09999999403953552,states_theta,0.03765677288174629,0.39005924044101925,0.22520082732005078,0.5200145661606053,0.5201434083487795,0.5202250909799505,0.5199328835294342,0.5199776548038441,0.5201803197055407,0.0,0.0,0.0,0.0,0.07999999821186066,0.0,0.0,0.0,0.0,0.0,0.10212821513414383,0.20212821662425995,0.0,0.0,0.0,0.0
92.548,0.07999999821186066,-0.07999999821186066,0.1599999964237213,datactrl_ref_vx_fallback,states_vx_gs,-0.08999999612569809,states_theta,0.026058554649353027,0.39003129733607034,0.22518467552403895,0.5200353322077568,0.5200481273550975,0.5200763926871053,0.520007066875749,0.5200175331557428,0.5200659264071115,0.0,0.0,0.0,0.0,0.07999999821186066,0.0,0.0,0.0,0.0,0.0,0.09779095649719238,0.18779094517230988,0.0,0.0,0.0,0.0
92.602,0.07999999821186066,-0.07999999821186066,0.1599999964237213,datactrl_ref_vx_fallback,states_vx_gs,-0.08999999612569809,states_theta,0.014378545805811882,0.39003129733607034,0.22518467552403895,0.5200353322077568,0.5200481273550975,0.5200763926871053,0.520007066875749,0.5200175331557428,0.5200659264071115,0.0,0.0,0.0,0.0,0.07999999821186066,0.0,0.0,0.0,0.0,0.0,0.09345369040966034,0.18345367908477783,0.0,0.0,0.0,0.0
92.802,0.07999999821186066,-0.07999999821186066,0.1599999964237213,datactrl_ref_vx_fallback,states_vx_gs,-0.08999999612569809,states_theta,0.0022314132656902075,0.390016360838713,0.22517607635877676,0.5200865940269871,0.5199570348762476,0.5198904910112155,0.5201531378920191,0.5201779744049725,0.5198656544982622,0.0,0.0,0.0,0.0,0.07999999821186066,0.0,0.0,0.0,0.0,0.0,0.08868269622325897,0.17868269979953766,0.0,0.0,0.0,0.0
92.853,0.07999999821186066,-0.07999999821186066,0.1599999964237213,datactrl_ref_vx_fallback,states_vx_gs,-0.08999999612569809,states_theta,-0.006805644370615482,0.390016360838713,0.22517607635877676,0.5200865940269871,0.5199570348762476,0.5198904910112155,0.5201531378920191,0.5201779744049725,0.5198656544982622,0.0,0.0,0.0,0.0,0.07999999821186066,0.0,0.0,0.0,0.0,0.0,0.08434543013572693,0.17434543371200562,0.0,0.0,0.0,0.0
93.031,0.07000000029802322,-0.07000000029802322,0.14000000059604645,datactrl_ref_vx_fallback,states_vx_gs,-0.08999999612569809,states_theta,0.0012199105694890022,0.38998752667393777,0.22515943536853886,0.5199140194437232,0.5200527183534441,0.5201945098775798,0.5197722279195875,0.5198939054053495,0.5200728323918178,0.0,0.0,0.0,0.0,0.07000000029802322,0.0,0.0,0.0,0.0,0.0,0.10177451372146606,0.19177450239658356,0.0,0.0,0.0,0.0
93.085,0.07000000029802322,-0.07000000029802322,0.14000000059604645,datactrl_ref_vx_fallback,states_vx_gs,-0.08999999612569809,states_theta,-0.0068130409345030785,0.38998752667393777,0.22515943536853886,0.5199140194437232,0.5200527183534441,0.5201945098775798,0.5197722279195875,0.5198939054053495,0.5200728323918178,0.0,0.0,0.0,0.0,0.07000000029802322,0.0,0.0,0.0,0.0,0.0,0.09797940403223038,0.18797940015792847,0.0,0.0,0.0,0.0
93.268,0.07000000029802322,-0.07000000029802322,0.14000000059604645,datactrl_ref_vx_fallback,states_vx_gs,-0.08999999612569809,states_theta,0.05484519153833389,0.38995820653564683,0.22514248546207277,0.5199580438207442,0.5199305069409806,0.5198203391189885,0.5200682116427363,0.5199929004164362,0.5198956503452886,0.0,0.0,0.0,0.0,0.07000000029802322,0.0,0.0,0.0,0.0,0.0,0.09418430179357529,0.18418429791927338,0.0,0.0,0.0,0.0
93.319,0.07000000029802322,-0.07000000029802322,0.14000000059604645,datactrl_ref_vx_fallback,states_vx_gs,-0.07999999821186066,states_theta,0.05074578896164894,0.38995820653564683,0.22514248546207277,0.5199580438207442,0.5199305069409806,0.5198203391189885,0.5200682116427363,0.5199929004164362,0.5198956503452886,0.0,0.0,0.0,0.0,0.07000000029802322,0.0,0.0,0.0,0.0,0.0,0.0903891921043396,0.17038919031620026,0.0,0.0,0.0,0.0
93.51,0.07000000029802322,-0.07000000029802322,0.14000000059604645,datactrl_ref_vx_fallback,states_vx_gs,-0.07999999821186066,states_theta,-0.008149152621626854,0.3899284004324667,0.2251252824080464,0.5198667630790488,0.5199423047408624,0.5200429715793128,0.5197660962405984,0.5198194428381359,0.5199896249817754,0.0,0.0,0.0,0.0,0.07000000029802322,0.0,0.0,0.0,0.0,0.0,0.08659408241510391,0.16659408807754517,0.0,0.0,0.0,0.0
93.567,0.07000000029802322,-0.07000000029802322,0.14000000059604645,datactrl_ref_vx_fallback,states_vx_gs,-0.07999999821186066,states_theta,-0.022510284557938576,0.3899284004324667,0.2251252824080464,0.5198667630790488,0.5199423047408624,0.5200429715793128,0.5197660962405984,0.5198194428381359,0.5199896249817754,0.0,0.0,0.0,0.0,0.07000000029802322,0.0,0.0,0.0,0.0,0.0,0.08279898017644882,0.16279897093772888,0.0,0.0,0.0,0.0
93.772,0.05999999865889549,-0.05999999865889549,0.11999999731779099,datactrl_ref_vx_fallback,states_vx_gs,-0.07999999821186066,states_theta,-0.015008332207798958,0.3899116414577883,0.22511564448261265,0.5199803732792354,0.5197840039415333,0.5197960363618312,0.5199683408589375,0.5201632137099963,0.5196011635107725,0.0,0.0,0.0,0.0,0.05999999865889549,0.0,0.0,0.0,0.0,0.0,0.10049914568662643,0.1804991364479065,0.0,0.0,0.0,0.0
93.824,0.05999999865889549,-0.05999999865889549,0.11999999731779099,datactrl_ref_vx_fallback,states_vx_gs,-0.08999999612569809,states_theta,-0.01579744927585125,0.3899116414577883,0.22511564448261265,0.5199803732792354,0.5197840039415333,0.5197960363618312,0.5199683408589375,0.5201632137099963,0.5196011635107725,0.0,0.0,0.0,0.0,0.05999999865889549,0.0,0.0,0.0,0.0,0.0,0.0972461923956871,0.1872461885213852,0.0,0.0,0.0,0.0
94.017,0.05999999865889549,-0.05999999865889549,0.11999999731779099,datactrl_ref_vx_fallback,states_vx_gs,-0.07999999821186066,states_theta,0.09994274377822876,0.3898809172836924,0.22509789386170836,0.519760115464294,0.5199223306255524,0.5199195788479004,0.519762867241946,0.51959286200722,0.5200895840826264,0.0,0.0,0.0,0.0,0.05999999865889549,0.0,0.0,0.0,0.0,0.0,0.09399324655532837,0.17399324476718903,0.0,0.0,0.0,0.0
94.22,0.05999999865889549,-0.05999999865889549,0.11999999731779099,datactrl_ref_vx_fallback,states_vx_gs,-0.07000000029802322,states_theta,-0.0002796242479234934,0.38987686719062753,0.22509553057525472,0.5198543861305026,0.5198172597111709,0.5197544108285832,0.5199172350130903,0.5199857344365986,0.5196859114050749,0.0,0.0,0.0,0.0,0.05999999865889549,0.0,0.0,0.0,0.0,0.0,0.0874873474240303,0.15748734772205353,0.0,0.0,0.0,0.0
94.278,0.05999999865889549,-0.05999999865889549,0.11999999731779099,datactrl_ref_vx_fallback,states_vx_gs,-0.07000000029802322,states_theta,-0.025375153869390488,0.38987686719062753,0.22509553057525472,0.5198543861305026,0.5198172597111709,0.5197544108285832,0.5199172350130903,0.5199857344365986,0.5196859114050749,0.0,0.0,0.0,0.0,0.05999999865889549,0.0,0.0,0.0,0.0,0.0,0.08423440158367157,0.1542343944311142,0.0,0.0,0.0,0.0
94.472,0.05999999865889549,-0.05999999865889549,0.11999999731779099,datactrl_ref_vx_fallback,states_vx_gs,-0.07000000029802322,states_theta,0.018508847802877426,0.3898453870886457,0.22507735588364214,0.5199584148000154,0.5196292841030399,0.5198334348570709,0.5197542640459843,0.5198316885913511,0.5197560103117042,0.0,0.0,0.0,0.0,0.05999999865889549,0.0,0.0,0.0,0.0,0.0,0.08098145574331284,0.15098145604133606,0.0,0.0,0.0,0.0
94.777,0.04999999701976776,-0.04999999701976776,0.09999999403953552,datactrl_ref_vx_fallback,states_vx_gs,-0.05999999865889549,states_theta,0.09999455511569977,0.3898407970347676,0.2250747117964433,0.5199401300819207,0.5196353286774594,0.5197566047337131,0.5198188540256671,0.5196586711757417,0.5199167875836385,0.0,0.0,0.0,0.0,0.04999999701976776,0.0,0.0,0.0,0.0,0.0,0.0936395451426506,0.1536395400762558,0.0,0.0,0.0,0.0
94.951,0.04999999701976776,-0.04999999701976776,0.09999999403953552,datactrl_ref_vx_fallback,states_vx_gs,-0.04999999701976776,states_theta,0.11739140003919601,0.38983620698088933,0.2250720937530855,0.5200002165760377,0.5195630020396672,0.519659385295641,0.5199038333200638,0.5195924354505976,0.5199707831651073,0.0,0.0,0.0,0.0,0.04999999701976776,0.0,0.0,0.0,0.0,0.0,0.09092875570058823,0.14092876017093658,0.0,0.0,0.0,0.0
95.182,0.04999999701976776,-0.04999999701976776,0.09999999403953552,datactrl_ref_vx_fallback,states_vx_gs,-0.029999999329447746,states_theta,0.10840095579624176,0.3898588579496435,0.2250851418988165,0.5198313998497062,0.5197922213493431,0.5197704319327893,0.51985318926626,0.5196032693766707,0.5200203518223786,0.0,0.0,0.0,0.0,0.04999999701976776,0.0,0.0,0.0,0.0,0.0,0.08550717681646347,0.11550717800855637,0.0,0.0,0.0,0.0
95.234,0.04999999701976776,-0.04999999701976776,0.09999999403953552,datactrl_ref_vx_fallback,states_vx_gs,-0.019999999552965164,states_theta,0.021184124052524567,0.3898588579496435,0.2250851418988165,0.5198313998497062,0.5197922213493431,0.5197704319327893,0.51985318926626,0.5196032693766707,0.5200203518223786,0.0,0.0,0.0,0.0,0.04999999701976776,0.0,0.0,0.0,0.0,0.0,0.08279638737440109,0.10279638320207596,0.0,0.0,0.0,0.0
95.493,0.04999999701976776,-0.04999999701976776,0.09999999403953552,datactrl_ref_vx_fallback,states_vx_gs,-0.04999999701976776,states_theta,-0.1539381742477417,0.39026034289424905,0.22531694332692653,0.5203803075005448,0.5203139402174527,0.5203859922823328,0.5203082554356646,0.5205711943840574,0.52012305333394,0.0,0.0,0.0,0.0,0.04999999701976776,0.0,0.0,0.0,0.0,0.0,0.07737480849027634,0.1273747980594635,0.0,0.0,0.0,0.0
95.683,0.04999999701976776,-0.04999999701976776,0.09999999403953552,datactrl_ref_vx_fallback,states_vx_gs,-0.05999999865889549,states_theta,-0.149860680103302,0.39027205429573797,0.22532368681652437,0.5203136941913188,0.5204117839306491,0.5204612485731475,0.5202642295488205,0.5202727359822001,0.5204527421397678,0.0,0.0,0.0,0.0,0.04999999701976776,0.0,0.0,0.0,0.0,0.0,0.07466401904821396,0.13466401398181915,0.0,0.0,0.0,0.0
95.735,0.04999999701976776,-0.04999999701976776,0.09999999403953552,datactrl_ref_vx_fallback,states_vx_gs,-0.07000000029802322,states_theta,0.014666926115751266,0.39027205429573797,0.22532368681652437,0.5203136941913188,0.5204117839306491,0.5204612485731475,0.5202642295488205,0.5202727359822001,0.5204527421397678,0.0,0.0,0.0,0.0,0.04999999701976776,0.0,0.0,0.0,0.0,0.0,0.07195322215557098,0.1419532299041748,0.0,0.0,0.0,0.0
95.927,0.03999999910593033,-0.03999999910593033,0.07999999821186066,datactrl_ref_vx_fallback,states_vx_gs,-0.05999999865889549,states_theta,0.062382522970438004,0.3899242173008629,0.2251228843617863,0.5198138790528425,0.5199840337494587,0.5200430028978018,0.5197549099044994,0.5197239830364302,0.520073929765871,0.0,0.0,0.0,0.0,0.03999999910593033,0.0,0.0,0.0,0.0,0.0,0.09073770046234131,0.1507377028465271,0.0,0.0,0.0,0.0
96.176,0.03999999910593033,-0.03999999910593033,0.07999999821186066,datactrl_ref_vx_fallback,states_vx_gs,-0.04999999701976776,states_theta,0.04026240110397339,0.3903268662541134,0.22535542349829701,0.5205629499740116,0.5203086933702907,0.5201858583341656,0.5206857850101367,0.5207607792637763,0.5201108640805261,0.0,0.0,0.0,0.0,0.03999999910593033,0.0,0.0,0.0,0.0,0.0,0.08640043437480927,0.13640043139457703,0.0,0.0,0.0,0.0
96.229,0.03999999910593033,-0.03999999910593033,0.07999999821186066,datactrl_ref_vx_fallback,states_vx_gs,-0.04999999701976776,states_theta,-0.02277299016714096,0.3903268662541134,0.22535542349829701,0.5205629499740116,0.5203086933702907,0.5201858583341656,0.5206857850101367,0.5207607792637763,0.5201108640805261,0.0,0.0,0.0,0.0,0.03999999910593033,0.0,0.0,0.0,0.0,0.0,0.08423180133104324,0.1342318058013916,0.0,0.0,0.0,0.0
96.498,0.03999999910593033,-0.03999999910593033,0.07999999821186066,datactrl_ref_vx_fallback,states_vx_gs,-0.05999999865889549,states_theta,-0.01906982995569706,0.3899770281782527,0.22515347665204277,0.5197783251757133,0.5201604166329605,0.5203418607131015,0.5195968810955723,0.5197106473243281,0.5202280944843457,0.0,0.0,0.0,0.0,0.03999999910593033,0.0,0.0,0.0,0.0,0.0,0.0798945352435112,0.1398945301771164,0.0,0.0,0.0,0.0
96.764,0.03999999910593033,-0.03999999910593033,0.07999999821186066,datactrl_ref_vx_fallback,states_vx_gs,-0.03999999910593033,states_theta,0.02934698387980461,0.38998918360661583,0.22516056880999957,0.5201805710306019,0.5197905852537069,0.5195242571471481,0.5204468991371607,0.5203391898081009,0.5196319664762079,0.0,0.0,0.0,0.0,0.03999999910593033,0.0,0.0,0.0,0.0,0.0,0.07555727660655975,0.11555727571249008,0.0,0.0,0.0,0.0
96.93,0.03999999910593033,-0.03999999910593033,0.07999999821186066,datactrl_ref_vx_fallback,states_vx_gs,-0.04999999701976776,states_theta,-0.05888307839632034,0.39001526358897576,0.22517562407901234,0.5198003476253749,0.5202403552785605,0.5204327718438424,0.519607931060093,0.5196282008987811,0.5204125020051542,0.0,0.0,0.0,0.0,0.03999999910593033,0.0,0.0,0.0,0.0,0.0,0.07338864356279373,0.12338864058256149,0.0,0.0,0.0,0.0
96.983,0.03999999910593033,-0.03999999910593033,0.07999999821186066,datactrl_ref_vx_fallback,states_vx_gs,-0.04999999701976776,states_theta,-0.010599003173410892,0.39001526358897576,0.22517562407901234,0.5198003476253749,0.5202403552785605,0.5204327718438424,0.519607931060093,0.5196282008987811,0.5204125020051542,0.0,0.0,0.0,0.0,0.03999999910593033,0.0,0.0,0.0,0.0,0.0,0.07122001051902771,0.12122000753879547,0.0,0.0,0.0,0.0
97.233,0.029999999329447746,-0.029999999329447746,0.05999999865889549,datactrl_ref_vx_fallback,states_vx_gs,-0.04999999701976776,states_theta,0.06686940789222717,0.39004172154396616,0.22519093584809854,0.5202686982246584,0.519842559225918,0.5195987655299129,0.5205124919206635,0.5204840016210001,0.5196272558295764,0.0,0.0,0.0,0.0,0.029999999329447746,0.0,0.0,0.0,0.0,0.0,0.08881174027919769,0.13881173729896545,0.0,0.0,0.0,0.0
97.433,0.029999999329447746,-0.029999999329447746,0.05999999865889549,datactrl_ref_vx_fallback,states_vx_gs,-0.03999999910593033,states_theta,0.08399343490600586,0.39005497039959025,0.22519845354220536,0.5199461556137126,0.5202004321185281,0.5203739105993872,0.5197726771328535,0.5197664843474017,0.520380103384839,0.0,0.0,0.0,0.0,0.029999999329447746,0.0,0.0,0.0,0.0,0.0,0.08718526363372803,0.12718527019023895,0.0,0.0,0.0,0.0
97.483,0.029999999329447746,-0.029999999329447746,0.05999999865889549,datactrl_ref_vx_fallback,states_vx_gs,-0.029999999329447746,states_theta,0.0006768674356862903,0.39005497039959025,0.22519845354220536,0.5199461556137126,0.5202004321185281,0.5203739105993872,0.5197726771328535,0.5197664843474017,0.520380103384839,0.0,0.0,0.0,0.0,0.029999999329447746,0.0,0.0,0.0,0.0,0.0,0.08555879443883896,0.11555878818035126,0.0,0.0,0.0,0.0
97.674,0.029999999329447746,-0.029999999329447746,0.05999999865889549,datactrl_ref_vx_fallback,states_vx_gs,-0.029999999329447746,states_theta,-0.01504693552851677,0.39008207643640225,0.2252140214156016,0.5201484447416062,0.5200704257554666,0.5199946146173148,0.520224255879758,0.5203058717948482,0.5199129987022245,0.0,0.0,0.0,0.0,0.029999999329447746,0.0,0.0,0.0,0.0,0.0,0.0839323177933693,0.11393231898546219,0.0,0.0,0.0,0.0
97.889,0.029999999329447746,-0.029999999329447746,0.05999999865889549,datactrl_ref_vx_fallback,states_vx_gs,-0.03999999910593033,states_theta,-0.0038357579614967108,0.3900826163973029,0.2252143094055823,0.5200999388043579,0.5201203715884499,0.520123440797865,0.5200968695949428,0.5200091134673228,0.520211196925485,0.0,0.0,0.0,0.0,0.029999999329447746,0.0,0.0,0.0,0.0,0.0,0.08067936450242996,0.12067936360836029,0.0,0.0,0.0,0.0
98.115,0.029999999329447746,-0.029999999329447746,0.05999999865889549,datactrl_ref_vx_fallback,states_vx_gs,-0.029999999329447746,states_theta,-0.0018386465962976217,0.3900831563582037,0.22521462865050748,0.520171075642308,0.5200506746462351,0.520095594329484,0.5201261559590591,0.5202527998977562,0.5199689503907869,0.0,0.0,0.0,0.0,0.029999999329447746,0.0,0.0,0.0,0.0,0.0,0.07742641866207123,0.10742641985416412,0.0,0.0,0.0,0.0
98.166,0.029999999329447746,-0.029999999329447746,0.05999999865889549,datactrl_ref_vx_fallback,states_vx_gs,-0.03999999910593033,states_theta,-0.04416245222091675,0.3900831563582037,0.22521462865050748,0.520171075642308,0.5200506746462351,0.520095594329484,0.5201261559590591,0.5202527998977562,0.5199689503907869,0.0,0.0,0.0,0.0,0.029999999329447746,0.0,0.0,0.0,0.0,0.0,0.07579994201660156,0.11579994112253189,0.0,0.0,0.0,0.0
98.395,0.029999999329447746,-0.029999999329447746,0.05999999865889549,datactrl_ref_vx_fallback,states_vx_gs,-0.03999999910593033,states_theta,0.002279540989547968,0.39008369631910444,0.2252149349132606,0.5201687064139522,0.5200544837703263,0.5200882358066492,0.5201349543776292,0.520010044067915,0.5202131461163635,0.0,0.0,0.0,0.0,0.029999999329447746,0.0,0.0,0.0,0.0,0.0,0.0741734728217125,0.11417347192764282,0.0,0.0,0.0,0.0
98.608,0.029999999329447746,-0.029999999329447746,0.05999999865889549,datactrl_ref_vx_fallback,states_vx_gs,-0.029999999329447746,states_theta,0.0016051181592047215,0.3900842362800051,0.22521524791578515,0.5201842324045958,0.5200403976754178,0.5202150698200319,0.5200095602599817,0.520137853554153,0.5200867765258606,0.0,0.0,0.0,0.0,0.029999999329447746,0.0,0.0,0.0,0.0,0.0,0.07092051953077316,0.10092052072286606,0.0,0.0,0.0,0.0
98.838,0.019999999552965164,-0.019999999552965164,0.03999999910593033,datactrl_ref_vx_fallback,states_vx_gs,-0.03999999910593033,states_theta,0.025798620656132698,0.3900573732255983,0.22519974165409723,0.5201277395558793,0.5200252557123829,0.5199771820371155,0.5201758132311467,0.5201741266661652,0.519978868602097,0.0,0.0,0.0,0.0,0.019999999552965164,0.0,0.0,0.0,0.0,0.0,0.08900019526481628,0.1290002018213272,0.0,0.0,0.0,0.0
99.063,0.019999999552965164,-0.019999999552965164,0.03999999910593033,datactrl_ref_vx_fallback,states_vx_gs,-0.029999999329447746,states_theta,0.03996671736240387,0.39004359765705154,0.2251918633603349,0.5198818610552135,0.5202343993635906,0.5203110152650192,0.5198052451537849,0.5198087801375433,0.5203074802812608,0.0,0.0,0.0,0.0,0.019999999552965164,0.0,0.0,0.0,0.0,0.0,0.08683156222105026,0.11683156341314316,0.0,0.0,0.0,0.0
99.117,0.019999999552965164,-0.019999999552965164,0.03999999910593033,datactrl_ref_vx_fallback,states_vx_gs,-0.029999999329447746,states_theta,0.038982391357421875,0.39004359765705154,0.2251918633603349,0.5198818610552135,0.5202343993635906,0.5203110152650192,0.5198052451537849,0.5198087801375433,0.5203074802812608,0.0,0.0,0.0,0.0,0.019999999552965164,0.0,0.0,0.0,0.0,0.0,0.08574724942445755,0.11574724316596985,0.0,0.0,0.0,0.0
99.308,0.019999999552965164,-0.019999999552965164,0.03999999910593033,datactrl_ref_vx_fallback,states_vx_gs,-0.019999999552965164,states_theta,0.03743427246809006,0.390015951530598,0.22517591087469746,0.5201488757213374,0.5198936616935906,0.5197213683582561,0.5203211690566719,0.5202804947457137,0.5197620426692143,0.0,0.0,0.0,0.0,0.019999999552965164,0.0,0.0,0.0,0.0,0.0,0.08466292917728424,0.1046629324555397,0.0,0.0,0.0,0.0
99.36,0.019999999552965164,-0.019999999552965164,0.03999999910593033,datactrl_ref_vx_fallback,states_vx_gs,-0.019999999552965164,states_theta,0.033384934067726135,0.390015951530598,0.22517591087469746,0.5201488757213374,0.5198936616935906,0.5197213683582561,0.5203211690566719,0.5202804947457137,0.5197620426692143,0.0,0.0,0.0,0.0,0.019999999552965164,0.0,0.0,0.0,0.0,0.0,0.08357861638069153,0.1035786122083664,0.0,0.0,0.0,0.0
99.617,0.019999999552965164,-0.019999999552965164,0.03999999910593033,datactrl_ref_vx_fallback,states_vx_gs,-0.019999999552965164,states_theta,0.010794714093208313,0.3899877924412889,0.22515977900557638,0.5197432391874804,0.5202242073226232,0.5204001403663364,0.5195673061437672,0.5195729265621593,0.5203945199479444,0.0,0.0,0.0,0.0,0.019999999552965164,0.0,0.0,0.0,0.0,0.0,0.0814099833369255,0.10140997916460037,0.0,0.0,0.0,0.0
99.873,0.019999999552965164,-0.019999999552965164,0.03999999910593033,datactrl_ref_vx_fallback,states_vx_gs,-0.009999999776482582,states_theta,-0.018372148275375366,0.38994572284907836,0.2251354768389352,0.5201494012654989,0.5197058596653766,0.5195279953569353,0.5203272655739403,0.5203364634601823,0.5195187974706933,0.0,0.0,0.0,0.0,0.019999999552965164,0.0,0.0,0.0,0.0,0.0,0.07924135029315948,0.08924134820699692,0.0,0.0,0.0,0.0
100.055,0.019999999552965164,-0.019999999552965164,0.03999999910593033,datactrl_ref_vx_fallback,states_vx_gs,-0.019999999552965164,states_theta,-0.04507455602288246,0.38994356274808134,0.22513425995377054,0.5196727191716983,0.5201767814898519,0.5203639329999508,0.5194855676615995,0.5195074809735001,0.5203420196880502,0.0,0.0,0.0,0.0,0.019999999552965164,0.0,0.0,0.0,0.0,0.0,0.07815703004598618,0.09815703332424164,0.0,0.0,0.0,0.0
100.105,0.019999999552965164,-0.019999999552965164,0.03999999910593033,datactrl_ref_vx_fallback,states_vx_gs,-0.019999999552965164,states_theta,0.0015488294884562492,0.38994356274808134,0.22513425995377054,0.5196727191716983,0.5201767814898519,0.5203639329999508,0.5194855676615995,0.5195074809735001,0.5203420196880502,0.0,0.0,0.0,0.0,0.019999999552965164,0.0,0.0,0.0,0.0,0.0,0.07707271724939346,0.09707271307706833,0.0,0.0,0.0,0.0
100.3,0.019999999552965164,-0.019999999552965164,0.03999999910593033,datactrl_ref_vx_fallback,states_vx_gs,-0.019999999552965164,states_theta,0.028170457109808922,0.38991372963399956,0.2251170215352184,0.5201232328682227,0.5196467128224428,0.5194341500629158,0.5203357956277497,0.5202654826849373,0.5195044630057282,0.0,0.0,0.0,0.0,0.019999999552965164,0.0,0.0,0.0,0.0,0.0,0.07598839700222015,0.09598840028047562,0.0,0.0,0.0,0.0
100.518,0.019999999552965164,-0.019999999552965164,0.03999999910593033,datactrl_ref_vx_fallback,states_vx_gs,-0.009999999776482582,states_theta,0.007356771267950535,0.3898835455581278,0.22509950953000377,0.5196566534551481,0.5200328013665261,0.5201737722272095,0.5195156825944647,0.5195166151535142,0.52017283966816,0.0,0.0,0.0,0.0,0.019999999552965164,0.0,0.0,0.0,0.0,0.0,0.0737113356590271,0.08371133357286453,0.0,0.0,0.0,0.0
100.569,0.019999999552965164,-0.019999999552965164,0.03999999910593033,datactrl_ref_vx_fallback,states_vx_gs,-0.009999999776482582,states_theta,-0.01717507466673851,0.3898835455581278,0.22509950953000377,0.5196566534551481,0.5200328013665261,0.5201737722272095,0.5195156825944647,0.5195166151535142,0.52017283966816,0.0,0.0,0.0,0.0,0.019999999552965164,0.0,0.0,0.0,0.0,0.0,0.07262702286243439,0.08262702077627182,0.0,0.0,0.0,0.0
100.84,0.019999999552965164,-0.019999999552965164,0.03999999910593033,datactrl_ref_vx_fallback,states_vx_gs,-0.019999999552965164,states_theta,0.013785701245069504,0.38986663802353844,0.22508971039490008,0.5198869511568212,0.519757416905948,0.5195176696272404,0.5201266984355287,0.5201166674233005,0.5195277006394686,0.0,0.0,0.0,0.0,0.019999999552965164,0.0,0.0,0.0,0.0,0.0,0.07045838981866837,0.09045838564634323,0.0,0.0,0.0,0.0
101.03,0.019999999552965164,-0.019999999552965164,0.03999999910593033,datactrl_ref_vx_fallback,states_vx_gs,-0.009999999776482582,states_theta,0.022537047043442726,0.38983575186109376,0.22507182995962988,0.5198015452984441,0.5197604596644725,0.5199761746343116,0.5195858303286051,0.519539867960323,0.5200221370025936,0.0,0.0,0.0,0.0,0.019999999552965164,0.0,0.0,0.0,0.0,0.0,0.06937406957149506,0.07937407493591309,0.0,0.0,0.0,0.0
101.08,0.019999999552965164,-0.019999999552965164,0.03999999910593033,datactrl_ref_vx_fallback,states_vx_gs,-0.009999999776482582,states_theta,0.003043445758521557,0.38983575186109376,0.22507182995962988,0.5198015452984441,0.5197604596644725,0.5199761746343116,0.5195858303286051,0.519539867960323,0.5200221370025936,0.0,0.0,0.0,0.0,0.019999999552965164,0.0,0.0,0.0,0.0,0.0,0.06828975677490234,0.07828975468873978,0.0,0.0,0.0,0.0
101.278,0.019999999552965164,-0.019999999552965164,0.03999999910593033,datactrl_ref_vx_fallback,states_vx_gs,-0.019999999552965164,states_theta,-0.027514081448316574,0.3898317017680289,0.22506946742145434,0.5198196320695228,0.519731572645221,0.5199411858624429,0.5196100188523008,0.5199295520866275,0.5196216526281162,0.0,0.0,0.0,0.0,0.019999999552965164,0.0,0.0,0.0,0.0,0.0,0.06720543652772903,0.0872054398059845,0.0,0.0,0.0,0.0
101.331,0.019999999552965164,-0.019999999552965164,0.03999999910593033,datactrl_ref_vx_fallback,states_vx_gs,-0.029999999329447746,states_theta,-0.12079109996557236,0.3898317017680289,0.22506946742145434,0.5198196320695228,0.519731572645221,0.5199411858624429,0.5196100188523008,0.5199295520866275,0.5196216526281162,0.0,0.0,0.0,0.0,0.019999999552965164,0.0,0.0,0.0,0.0,0.0,0.06612112373113632,0.09612112492322922,0.0,0.0,0.0,0.0
101.527,0.019999999552965164,-0.019999999552965164,0.03999999910593033,datactrl_ref_vx_fallback,states_vx_gs,-0.029999999329447746,states_theta,-0.01747826486825943,0.38985467673075086,0.2250827278338501,0.5198842057584606,0.5197282655235417,0.51972810224626,0.5198843690357423,0.5199888113529062,0.5196236599290961,0.0,0.0,0.0,0.0,0.019999999552965164,0.0,0.0,0.0,0.0,0.0,0.06503680348396301,0.09503680467605591,0.0,0.0,0.0,0.0
101.765,0.009999999776482582,-0.009999999776482582,0.019999999552965164,datactrl_ref_vx_fallback,states_vx_gs,-0.029999999329447746,states_theta,-0.000981676857918501,0.3898647665832327,0.22508854293282568,0.5199021671207005,0.5197372104345868,0.519743627889838,0.5198957496654493,0.5196996059330099,0.5199397716222773,0.0,0.0,0.0,0.0,0.009999999776482582,0.0,0.0,0.0,0.0,0.0,0.08447187393903732,0.11447187513113022,0.0,0.0,0.0,0.0
101.816,0.009999999776482582,-0.009999999776482582,0.019999999552965164,datactrl_ref_vx_fallback,states_vx_gs,-0.019999999552965164,states_theta,0.15906165540218353,0.3898647665832327,0.22508854293282568,0.5199021671207005,0.5197372104345868,0.519743627889838,0.5198957496654493,0.5196996059330099,0.5199397716222773,0.0,0.0,0.0,0.0,0.009999999776482582,0.0,0.0,0.0,0.0,0.0,0.08392971754074097,0.10392971336841583,0.0,0.0,0.0,0.0
102.027,0.009999999776482582,-0.009999999776482582,0.019999999552965164,datactrl_ref_vx_fallback,states_vx_gs,-0.009999999776482582,states_theta,0.17107738554477692,0.3898931595994707,0.2251049558075749,0.5199415030182463,0.5197735892470089,0.5197332323804721,0.5199818598847831,0.5196555298570323,0.5200595624082228,0.0,0.0,0.0,0.0,0.009999999776482582,0.0,0.0,0.0,0.0,0.0,0.08338756114244461,0.09338755905628204,0.0,0.0,0.0,0.0
102.081,0.009999999776482582,-0.009999999776482582,0.019999999552965164,datactrl_ref_vx_fallback,states_vx_gs,0.08284540474414825,datactrl_est_theta_fallback,0.17026673257350922,0.3898931595994707,0.2251049558075749,0.5199415030182463,0.5197735892470089,0.5197332323804721,0.5199818598847831,0.5196555298570323,0.5200595624082228,0.0,0.0,0.0,0.0,0.009999999776482582,0.0,0.0,0.0,0.0,0.0,0.08284540474414825,0.08284540474414825,0.0,0.0,0.0,0.0
102.323,0.009999999776482582,-0.009999999776482582,0.019999999552965164,datactrl_ref_vx_fallback,states_vx_gs,0.009999999776482582,states_theta,-0.05868997797369957,0.3902948155702821,0.22533687649746673,0.5205116459938227,0.5202745288602629,0.5202304100343774,0.5205557648197082,0.5206520026314007,0.520134172222685,0.0,0.0,0.0,0.0,0.009999999776482582,0.0,0.0,0.0,0.0,0.0,0.08176108449697495,0.07176108658313751,0.0,0.0,0.0,0.0
102.526,0.009999999776482582,-0.009999999776482582,0.019999999552965164,datactrl_ref_vx_fallback,states_vx_gs,0.08121892809867859,datactrl_est_theta_fallback,-0.06002999097108841,0.38994623451204413,0.22513557510096052,0.5199993999626651,0.519857225402786,0.5200534471931714,0.5198031781722797,0.5199439742381499,0.5199126511273012,0.0,0.0,0.0,0.0,0.009999999776482582,0.0,0.0,0.0,0.0,0.0,0.08121892809867859,0.08121892809867859,0.0,0.0,0.0,0.0
102.58,0.009999999776482582,-0.009999999776482582,0.019999999552965164,datactrl_ref_vx_fallback,states_vx_gs,0.08067677170038223,datactrl_est_theta_fallback,-0.052181243896484375,0.38994623451204413,0.22513557510096052,0.5199993999626651,0.519857225402786,0.5200534471931714,0.5198031781722797,0.5199439742381499,0.5199126511273012,0.0,0.0,0.0,0.0,0.009999999776482582,0.0,0.0,0.0,0.0,0.0,0.08067677170038223,0.08067677170038223,0.0,0.0,0.0,0.0
102.784,0.009999999776482582,-0.009999999776482582,0.019999999552965164,datactrl_ref_vx_fallback,states_vx_gs,0.08013460785150528,datactrl_est_theta_fallback,0.09720970690250397,0.3899609204021708,0.22514408188644147,0.5199196673177103,0.5199761204214118,0.5199810681927238,0.5199147195463983,0.5196846788691151,0.5202111088700071,0.0,0.0,0.0,0.0,0.009999999776482582,0.0,0.0,0.0,0.0,0.0,0.08013460785150528,0.08013460785150528,0.0,0.0,0.0,0.0
102.842,0.009999999776482582,-0.009999999776482582,0.019999999552965164,datactrl_ref_vx_fallback,states_vx_gs,0.009999999776482582,states_theta,0.1007399931550026,0.3899609204021708,0.22514408188644147,0.5199196673177103,0.5199761204214118,0.5199810681927238,0.5199147195463983,0.5196846788691151,0.5202111088700071,0.0,0.0,0.0,0.0,0.009999999776482582,0.0,0.0,0.0,0.0,0.0,0.07959245145320892,0.06959245353937149,0.0,0.0,0.0,0.0
103.042,0.019999999552965164,-0.019999999552965164,0.03999999910593033,datactrl_ref_vx_fallback,states_vx_gs,0.05777188763022423,datactrl_est_theta_fallback,-0.15920045971870422,0.38999026739232545,0.22516102697339038,0.5199458793307041,0.5200281670488305,0.5199643075326782,0.5200097388468564,0.5202550674257495,0.5197189789537852,0.0,0.0,0.0,0.0,0.019999999552965164,0.0,0.0,0.0,0.0,0.0,0.05777188763022423,0.047771889716386795,0.0,0.0,0.0,0.0
103.265,0.019999999552965164,-0.019999999552965164,0.03999999910593033,datactrl_ref_vx_fallback,states_vx_gs,-0.009999999776482582,states_theta,-0.16009530425071716,0.39001672534731596,0.22517636466310179,0.5199739932531459,0.52007060767303,0.5204222147263704,0.5196223861998055,0.5198679879078334,0.5201766130183425,0.0,0.0,0.0,0.0,0.019999999552965164,0.0,0.0,0.0,0.0,0.0,0.055603254586458206,0.06560325622558594,0.0,0.0,0.0,0.0
103.316,0.009999999776482582,-0.009999999776482582,0.019999999552965164,datactrl_ref_vx_fallback,states_vx_gs,-0.019999999552965164,states_theta,-0.050326451659202576,0.39001672534731596,0.22517636466310179,0.5199739932531459,0.52007060767303,0.5204222147263704,0.5196223861998055,0.5198679879078334,0.5201766130183425,0.0,0.0,0.0,0.0,0.009999999776482582,0.0,0.0,0.0,0.0,0.0,0.07612264156341553,0.0961226373910904,0.0,0.0,0.0,0.0
103.514,0.009999999776482582,-0.009999999776482582,0.019999999552965164,datactrl_ref_vx_fallback,states_vx_gs,-0.009999999776482582,states_theta,0.163494274020195,0.3900300417302378,0.22518406861123574,0.520192836630403,0.5198872746502311,0.5196464202726954,0.5204336910079388,0.5202301388254842,0.51984997245515,0.0,0.0,0.0,0.0,0.009999999776482582,0.0,0.0,0.0,0.0,0.0,0.07558048516511917,0.0855804830789566,0.0,0.0,0.0,0.0
103.568,0.009999999776482582,-0.009999999776482582,0.019999999552965164,datactrl_ref_vx_fallback,states_vx_gs,0.07503832131624222,datactrl_est_theta_fallback,0.11392559111118317,0.3900300417302378,0.22518406861123574,0.520192836630403,0.5198872746502311,0.5196464202726954,0.5204336910079388,0.5202301388254842,0.51984997245515,0.0,0.0,0.0,0.0,0.009999999776482582,0.0,0.0,0.0,0.0,0.0,0.07503832131624222,0.07503832131624222,0.0,0.0,0.0,0.0
103.753,0.009999999776482582,-0.009999999776482582,0.019999999552965164,datactrl_ref_vx_fallback,states_vx_gs,0.07449616491794586,datactrl_est_theta_fallback,-0.06709231436252594,0.39005741774750013,0.22519993617073825,0.5198587471460709,0.5202943668472628,0.5204887123524458,0.519664401640888,0.5197466495558278,0.5204064644375059,0.0,0.0,0.0,0.0,0.009999999776482582,0.0,0.0,0.0,0.0,0.0,0.07449616491794586,0.07449616491794586,0.0,0.0,0.0,0.0
103.804,0.009999999776482582,-0.009999999776482582,0.019999999552965164,datactrl_ref_vx_fallback,states_vx_gs,0.0739540085196495,datactrl_est_theta_fallback,-0.022498421370983124,0.39005741774750013,0.22519993617073825,0.5198587471460709,0.5202943668472628,0.5204887123524458,0.519664401640888,0.5197466495558278,0.5204064644375059,0.0,0.0,0.0,0.0,0.009999999776482582,0.0,0.0,0.0,0.0,0.0,0.0739540085196495,0.0739540085196495,0.0,0.0,0.0,0.0
103.975,0.009999999776482582,-0.009999999776482582,0.019999999552965164,datactrl_ref_vx_fallback,states_vx_gs,0.07341185212135315,datactrl_est_theta_fallback,0.045939698815345764,0.3900850637452129,0.2252159904153288,0.5203725295606711,0.51985430709323,0.5196491358553168,0.5205777007985843,0.5205724557719238,0.5196543808819774,0.0,0.0,0.0,0.0,0.009999999776482582,0.0,0.0,0.0,0.0,0.0,0.07341185212135315,0.07341185212135315,0.0,0.0,0.0,0.0
104.026,0.009999999776482582,-0.009999999776482582,0.019999999552965164,datactrl_ref_vx_fallback,states_vx_gs,0.0728696882724762,datactrl_est_theta_fallback,0.020620426163077354,0.3900850637452129,0.2252159904153288,0.5203725295606711,0.51985430709323,0.5196491358553168,0.5205777007985843,0.5205724557719238,0.5196543808819774,0.0,0.0,0.0,0.0,0.009999999776482582,0.0,0.0,0.0,0.0,0.0,0.0728696882724762,0.0728696882724762,0.0,0.0,0.0,0.0
104.286,0.009999999776482582,-0.009999999776482582,0.019999999552965164,datactrl_ref_vx_fallback,states_vx_gs,0.07178537547588348,datactrl_est_theta_fallback,-0.011530827730894089,0.3900861436670142,0.2252165169406489,0.5199043667174684,0.5203253497279029,0.5205156881201081,0.5197140283252633,0.5197776161336756,0.5204521003116958,0.0,0.0,0.0,0.0,0.009999999776482582,0.0,0.0,0.0,0.0,0.0,0.07178537547588348,0.07178537547588348,0.0,0.0,0.0,0.0
104.488,0.009999999776482582,-0.009999999776482582,0.019999999552965164,datactrl_ref_vx_fallback,states_vx_gs,0.07124321907758713,datactrl_est_theta_fallback,0.005267786327749491,0.39008722358881565,0.22521711782281745,0.5202976381080031,0.5199349581288386,0.5197641802421831,0.5204684159946587,0.5204642839934823,0.5197683122433594,0.0,0.0,0.0,0.0,0.009999999776482582,0.0,0.0,0.0,0.0,0.0,0.07124321907758713,0.07124321907758713,0.0,0.0,0.0,0.0
104.538,0.009999999776482582,-0.009999999776482582,0.019999999552965164,datactrl_ref_vx_fallback,states_vx_gs,0.07070106267929077,datactrl_est_theta_fallback,0.021959008648991585,0.39008722358881565,0.22521711782281745,0.5202976381080031,0.5199349581288386,0.5197641802421831,0.5204684159946587,0.5204642839934823,0.5197683122433594,0.0,0.0,0.0,0.0,0.009999999776482582,0.0,0.0,0.0,0.0,0.0,0.07070106267929077,0.07070106267929077,0.0,0.0,0.0,0.0
104.72,0.009999999776482582,-0.009999999776482582,0.019999999552965164,datactrl_ref_vx_fallback,states_vx_gs,0.07015889883041382,datactrl_est_theta_fallback,0.022985482588410378,0.39011584151169676,0.22523360329575665,0.5200211760998406,0.5202877345980175,0.520463199900712,0.519845710797146,0.519841304747979,0.5204676059498791,0.0,0.0,0.0,0.0,0.009999999776482582,0.0,0.0,0.0,0.0,0.0,0.07015889883041382,0.07015889883041382,0.0,0.0,0.0,0.0
104.77,0.009999999776482582,-0.009999999776482582,0.019999999552965164,datactrl_ref_vx_fallback,states_vx_gs,0.06961674243211746,datactrl_est_theta_fallback,0.02294115722179413,0.39011584151169676,0.22523360329575665,0.5200211760998406,0.5202877345980175,0.520463199900712,0.519845710797146,0.519841304747979,0.5204676059498791,0.0,0.0,0.0,0.0,0.009999999776482582,0.0,0.0,0.0,0.0,0.0,0.06961674243211746,0.06961674243211746,0.0,0.0,0.0,0.0
105.03,0.009999999776482582,-0.009999999776482582,0.019999999552965164,datactrl_ref_vx_fallback,states_vx_gs,0.06853242963552475,datactrl_est_theta_fallback,0.002332865260541439,0.39011746139431147,0.2252345068042337,0.5200540113516168,0.5202592190332138,0.5199095902061975,0.520403640178633,0.5204437147758681,0.5198695156089624,0.0,0.0,0.0,0.0,0.009999999776482582,0.0,0.0,0.0,0.0,0.0,0.06853242963552475,0.06853242963552475,0.0,0.0,0.0,0.0
105.198,0.009999999776482582,-0.009999999776482582,0.019999999552965164,datactrl_ref_vx_fallback,states_vx_gs,0.0679902657866478,datactrl_est_theta_fallback,0.0012137406738474965,0.39009165126800915,0.22521955981300343,0.5200677188606672,0.5201766845206907,0.5201616420176419,0.5200827613637159,0.5198624963489559,0.520381907032402,0.0,0.0,0.0,0.0,0.009999999776482582,0.0,0.0,0.0,0.0,0.0,0.0679902657866478,0.0679902657866478,0.0,0.0,0.0,0.0
105.493,0.019999999552965164,-0.019999999552965164,0.03999999910593033,datactrl_ref_vx_fallback,states_vx_gs,0.043784208595752716,datactrl_est_theta_fallback,-0.16238409280776978,0.3900656791490886,0.22520454496735684,0.5201374397111876,0.5200377046863819,0.520236916798047,0.5199382275995226,0.5201945232121405,0.519980621185429,0.0,0.0,0.0,0.0,0.019999999552965164,0.0,0.0,0.0,0.0,0.0,0.043784208595752716,0.043784208595752716,0.0,0.0,0.0,0.0
105.754,0.019999999552965164,-0.019999999552965164,0.03999999910593033,datactrl_ref_vx_fallback,states_vx_gs,0.041615575551986694,datactrl_est_theta_fallback,0.05258747190237045,0.389690844118374,0.22498813177465857,0.5195653536696406,0.5196102306460234,0.519410240151777,0.5197653441638871,0.5195675433035875,0.5196080410120766,0.0,0.0,0.0,0.0,0.019999999552965164,0.0,0.0,0.0,0.0,0.0,0.041615575551986694,0.041615575551986694,0.0,0.0,0.0,0.0
105.93,0.019999999552965164,-0.019999999552965164,0.03999999910593033,datactrl_ref_vx_fallback,states_vx_gs,0.040531259030103683,datactrl_est_theta_fallback,-0.09021271020174026,0.39002146905689644,0.2251790934547565,0.5200467306109574,0.5200105202074331,0.5199172380042485,0.520140012814142,0.5204227671841013,0.5196344836342892,0.0,0.0,0.0,0.0,0.019999999552965164,0.0,0.0,0.0,0.0,0.0,0.040531259030103683,0.040531259030103683,0.0,0.0,0.0,0.0
106.164,0.009999999776482582,-0.009999999776482582,0.019999999552965164,datactrl_ref_vx_fallback,states_vx_gs,-0.009999999776482582,states_theta,0.1878001093864441,0.3896156369251652,0.22494478007539473,0.5194568945967979,0.5195181372036426,0.5195660058551379,0.5194090259453026,0.519100408425005,0.5198746233754354,0.0,0.0,0.0,0.0,0.009999999776482582,0.0,0.0,0.0,0.0,0.0,0.0603458397090435,0.08034583926200867,0.0,0.0,0.0,0.0
106.408,0.009999999776482582,-0.009999999776482582,0.019999999552965164,datactrl_ref_vx_fallback,states_vx_gs,0.009999999776482582,states_theta,0.05958045274019241,0.3899626668137894,0.225145114899353,0.5201403729032575,0.5197600719335141,0.5196896160977139,0.5202108287390578,0.5200580862837566,0.5198423585530151,0.0,0.0,0.0,0.0,0.009999999776482582,0.0,0.0,0.0,0.0,0.0,0.05926152318716049,0.05926152318716049,0.0,0.0,0.0,0.0
106.458,0.009999999776482582,-0.009999999776482582,0.019999999552965164,datactrl_ref_vx_fallback,states_vx_gs,0.009999999776482582,states_theta,0.05958045274019241,0.3899626668137894,0.225145114899353,0.5201403729032575,0.5197600719335141,0.5196896160977139,0.5202108287390578,0.5200580862837566,0.5198423585530151,0.0,0.0,0.0,0.0,0.009999999776482582,0.0,0.0,0.0,0.0,0.0,0.058719366788864136,0.048719365149736404,0.0,0.0,0.0,0.0
106.656,0.009999999776482582,-0.009999999776482582,0.019999999552965164,datactrl_ref_vx_fallback,states_vx_gs,0.05817720666527748,datactrl_est_theta_fallback,-0.15457196533679962,0.38994777080706255,0.22513652879464635,0.5197784754713032,0.5200822466808636,0.5201345593710668,0.5197261627811,0.5196540494764926,0.5202066726756741,0.0,0.0,0.0,0.0,0.009999999776482582,0.0,0.0,0.0,0.0,0.0,0.05817720666527748,0.05817720666527748,0.0,0.0,0.0,0.0
106.707,0.009999999776482582,-0.009999999776482582,0.019999999552965164,datactrl_ref_vx_fallback,states_vx_gs,0.057635050266981125,datactrl_est_theta_fallback,0.04747901111841202,0.38994777080706255,0.22513652879464635,0.5197784754713032,0.5200822466808636,0.5201345593710668,0.5197261627811,0.5196540494764926,0.5202066726756741,0.0,0.0,0.0,0.0,0.009999999776482582,0.0,0.0,0.0,0.0,0.0,0.057635050266981125,0.057635050266981125,0.0,0.0,0.0,0.0
106.897,0.009999999776482582,-0.009999999776482582,0.019999999552965164,datactrl_ref_vx_fallback,states_vx_gs,0.009999999776482582,states_theta,0.0663502961397171,0.38991888264620583,0.22511985194191508,0.5200401504500335,0.5197435366065154,0.5196564646371415,0.5201272224194073,0.5201503581560862,0.5196333289004627,0.0,0.0,0.0,0.0,0.009999999776482582,0.0,0.0,0.0,0.0,0.0,0.05709289014339447,0.04709289222955704,0.0,0.0,0.0,0.0
106.947,0.009999999776482582,-0.009999999776482582,0.019999999552965164,datactrl_ref_vx_fallback,states_vx_gs,0.009999999776482582,states_theta,-0.02518092840909958,0.38991888264620583,0.22511985194191508,0.5200401504500335,0.5197435366065154,0.5196564646371415,0.5201272224194073,0.5201503581560862,0.5196333289004627,0.0,0.0,0.0,0.0,0.009999999776482582,0.0,0.0,0.0,0.0,0.0,0.056550733745098114,0.04655073210597038,0.0,0.0,0.0,0.0
107.13,0.019999999552965164,-0.019999999552965164,0.03999999910593033,datactrl_ref_vx_fallback,states_vx_gs,0.03462173789739609,datactrl_est_theta_fallback,-0.02053011953830719,0.38988961650401377,0.22510290847382913,0.5197356063541211,0.5199700376565822,0.5199341968746674,0.519771447136036,0.5196532175607769,0.5200524264499264,0.0,0.0,0.0,0.0,0.019999999552965164,0.0,0.0,0.0,0.0,0.0,0.03462173789739609,0.03462173789739609,0.0,0.0,0.0,0.0
107.18,0.019999999552965164,-0.019999999552965164,0.03999999910593033,datactrl_ref_vx_fallback,states_vx_gs,0.03353742137551308,datactrl_est_theta_fallback,0.010343787260353565,0.38988961650401377,0.22510290847382913,0.5197356063541211,0.5199700376565822,0.5199341968746674,0.519771447136036,0.5196532175607769,0.5200524264499264,0.0,0.0,0.0,0.0,0.019999999552965164,0.0,0.0,0.0,0.0,0.0,0.03353742137551308,0.03353742137551308,0.0,0.0,0.0,0.0
107.37,0.019999999552965164,-0.019999999552965164,0.03999999910593033,datactrl_ref_vx_fallback,states_vx_gs,0.032453104853630066,datactrl_est_theta_fallback,-0.025377757847309113,0.3898869164420288,0.2251013190828927,0.519914098134054,0.519784345711356,0.5198512695657622,0.5198471742796478,0.5198815960803576,0.5198168477650524,0.0,0.0,0.0,0.0,0.019999999552965164,0.0,0.0,0.0,0.0,0.0,0.032453104853630066,0.032453104853630066,0.0,0.0,0.0,0.0
107.42,0.019999999552965164,-0.019999999552965164,0.03999999910593033,datactrl_ref_vx_fallback,states_vx_gs,0.031368788331747055,datactrl_est_theta_fallback,-0.06715282797813416,0.3898869164420288,0.2251013190828927,0.519914098134054,0.519784345711356,0.5198512695657622,0.5198471742796478,0.5198815960803576,0.5198168477650524,0.0,0.0,0.0,0.0,0.019999999552965164,0.0,0.0,0.0,0.0,0.0,0.031368788331747055,0.031368788331747055,0.0,0.0,0.0,0.0
107.609,0.019999999552965164,-0.019999999552965164,0.03999999910593033,datactrl_ref_vx_fallback,states_vx_gs,0.030284471809864044,datactrl_est_theta_fallback,-0.04282049089670181,0.38985686735640407,0.22508397330169105,0.5197117019311241,0.5199066110192867,0.519785510424262,0.5198328025261488,0.5197822124010073,0.5198361005494035,0.0,0.0,0.0,0.0,0.019999999552965164,0.0,0.0,0.0,0.0,0.0,0.030284471809864044,0.030284471809864044,0.0,0.0,0.0,0.0
107.665,0.019999999552965164,-0.019999999552965164,0.03999999910593033,datactrl_ref_vx_fallback,states_vx_gs,0.029200155287981033,datactrl_est_theta_fallback,-0.03041929379105568,0.38985686735640407,0.22508397330169105,0.5197117019311241,0.5199066110192867,0.519785510424262,0.5198328025261488,0.5197822124010073,0.5198361005494035,0.0,0.0,0.0,0.0,0.019999999552965164,0.0,0.0,0.0,0.0,0.0,0.029200155287981033,0.029200155287981033,0.0,0.0,0.0,0.0
107.91,0.009999999776482582,-0.009999999776482582,0.019999999552965164,datactrl_ref_vx_fallback,states_vx_gs,-0.019999999552965164,states_theta,-0.060959286987781525,0.3898534653322824,0.2250820528455577,0.5196540759598118,0.5199551649262746,0.5197829434188559,0.5198262974672305,0.5200621931410592,0.5195470477450272,0.0,0.0,0.0,0.0,0.009999999776482582,0.0,0.0,0.0,0.0,0.0,0.04852679371833801,0.06852678954601288,0.0,0.0,0.0,0.0
108.108,0.009999999776482582,-0.009999999776482582,0.019999999552965164,datactrl_ref_vx_fallback,states_vx_gs,-0.009999999776482582,states_theta,0.10383650660514832,0.3898502253093094,0.2250801971440664,0.519577379005507,0.520023221819318,0.5197726686815617,0.5198279321432634,0.5195435971688561,0.520057003655969,0.0,0.0,0.0,0.0,0.009999999776482582,0.0,0.0,0.0,0.0,0.0,0.04798463359475136,0.05798463523387909,0.0,0.0,0.0,0.0
108.342,0.009999999776482582,-0.009999999776482582,0.019999999552965164,datactrl_ref_vx_fallback,states_vx_gs,0.04690031707286835,datactrl_est_theta_fallback,-0.010908940806984901,0.38987428031387733,0.22509406518054928,0.5198710137369679,0.519793733766705,0.5196394951164348,0.5200252523872381,0.5200358988198089,0.5196288486838639,0.0,0.0,0.0,0.0,0.009999999776482582,0.0,0.0,0.0,0.0,0.0,0.04690031707286835,0.04690031707286835,0.0,0.0,0.0,0.0
108.582,0.009999999776482582,-0.009999999776482582,0.019999999552965164,datactrl_ref_vx_fallback,states_vx_gs,0.045816000550985336,datactrl_est_theta_fallback,0.022211136296391487,0.3902748112846971,0.22532528985760414,0.5203783220258104,0.5203545080667152,0.5204821032319621,0.5202507268605635,0.5202019734266864,0.5205308566658392,0.0,0.0,0.0,0.0,0.009999999776482582,0.0,0.0,0.0,0.0,0.0,0.045816000550985336,0.045816000550985336,0.0,0.0,0.0,0.0
108.812,0.009999999776482582,-0.009999999776482582,0.019999999552965164,datactrl_ref_vx_fallback,states_vx_gs,0.044731684029102325,datactrl_est_theta_fallback,0.0023552379570901394,0.38992773022644794,0.2251248902744269,0.5199389253355648,0.5198683552682963,0.5199933022947149,0.5198139783091463,0.5198077206219863,0.5199995599818749,0.0,0.0,0.0,0.0,0.009999999776482582,0.0,0.0,0.0,0.0,0.0,0.044731684029102325,0.044731684029102325,0.0,0.0,0.0,0.0
108.862,0.009999999776482582,-0.009999999776482582,0.019999999552965164,datactrl_ref_vx_fallback,states_vx_gs,0.04418952763080597,datactrl_est_theta_fallback,0.0009904998587444425,0.38992773022644794,0.2251248902744269,0.5199389253355648,0.5198683552682963,0.5199933022947149,0.5198139783091463,0.5198077206219863,0.5199995599818749,0.0,0.0,0.0,0.0,0.009999999776482582,0.0,0.0,0.0,0.0,0.0,0.04418952763080597,0.04418952763080597,0.0,0.0,0.0,0.0
109.135,0.009999999776482582,-0.009999999776482582,0.019999999552965164,datactrl_ref_vx_fallback,states_vx_gs,0.04310521110892296,datactrl_est_theta_fallback,-3.2788269891170785e-05,0.3899424026111151,0.22513336149522992,0.519971342689212,0.5198750642737616,0.5198301026306855,0.5200163043322881,0.5200110019844051,0.5198354049785685,0.0,0.0,0.0,0.0,0.009999999776482582,0.0,0.0,0.0,0.0,0.0,0.04310521110892296,0.04310521110892296,0.0,0.0,0.0,0.0
109.335,0.009999999776482582,-0.009999999776482582,0.019999999552965164,datactrl_ref_vx_fallback,states_vx_gs,0.0425630547106266,datactrl_est_theta_fallback,-0.009288597851991653,0.39034634759484566,0.22536657215041372,0.5204936658584874,0.5204299277277676,0.5204443758641305,0.5204792177221246,0.5203938899720536,0.5205297036142015,0.0,0.0,0.0,0.0,0.009999999776482582,0.0,0.0,0.0,0.0,0.0,0.0425630547106266,0.0425630547106266,0.0,0.0,0.0,0.0
109.566,0.019999999552965164,-0.019999999552965164,0.03999999910593033,datactrl_ref_vx_fallback,states_vx_gs,0.01960395649075508,datactrl_est_theta_fallback,-0.047754667699337006,0.3899981805582152,0.22516560284956652,0.519994497574366,0.5200006505808745,0.5202825711559771,0.5197125769992634,0.5200737887591751,0.5199213593960654,0.0,0.0,0.0,0.0,0.019999999552965164,0.0,0.0,0.0,0.0,0.0,0.01960395649075508,0.01960395649075508,0.0,0.0,0.0,0.0
109.616,0.009999999776482582,-0.009999999776482582,0.019999999552965164,datactrl_ref_vx_fallback,states_vx_gs,-0.009999999776482582,states_theta,-0.1545543670654297,0.3899981805582152,0.22516560284956652,0.519994497574366,0.5200006505808745,0.5202825711559771,0.5197125769992634,0.5200737887591751,0.5199213593960654,0.0,0.0,0.0,0.0,0.009999999776482582,0.0,0.0,0.0,0.0,0.0,0.03996069356799126,0.04996069520711899,0.0,0.0,0.0,0.0
109.812,0.009999999776482582,-0.009999999776482582,0.019999999552965164,datactrl_ref_vx_fallback,states_vx_gs,0.0394185371696949,datactrl_est_theta_fallback,0.1542806178331375,0.3900115374575157,0.22517340538305358,0.5201485070653683,0.5198822594880069,0.5195328011045512,0.520497965448824,0.5200304301278802,0.520000336425495,0.0,0.0,0.0,0.0,0.009999999776482582,0.0,0.0,0.0,0.0,0.0,0.0394185371696949,0.0394185371696949,0.0,0.0,0.0,0.0
109.863,0.009999999776482582,-0.009999999776482582,0.019999999552965164,datactrl_ref_vx_fallback,states_vx_gs,0.009999999776482582,states_theta,0.19021421670913696,0.3900115374575157,0.22517340538305358,0.5201485070653683,0.5198822594880069,0.5195328011045512,0.520497965448824,0.5200304301278802,0.520000336425495,0.0,0.0,0.0,0.0,0.009999999776482582,0.0,0.0,0.0,0.0,0.0,0.038876377046108246,0.028876379132270813,0.0,0.0,0.0,0.0
110.048,0.019999999552965164,-0.019999999552965164,0.03999999910593033,datactrl_ref_vx_fallback,states_vx_gs,0.01705581322312355,datactrl_est_theta_fallback,-0.11853746324777603,0.3900390214669582,0.22518923545415068,0.5198880821645909,0.5202159750806309,0.5203874570297078,0.519716600215514,0.5198439152578269,0.5202601419873949,0.0,0.0,0.0,0.0,0.019999999552965164,0.0,0.0,0.0,0.0,0.0,0.01705581322312355,0.01705581322312355,0.0,0.0,0.0,0.0
110.098,0.019999999552965164,-0.019999999552965164,0.03999999910593033,datactrl_ref_vx_fallback,states_vx_gs,0.01597149670124054,datactrl_est_theta_fallback,-0.12922313809394836,0.3900390214669582,0.22518923545415068,0.5198880821645909,0.5202159750806309,0.5203874570297078,0.519716600215514,0.5198439152578269,0.5202601419873949,0.0,0.0,0.0,0.0,0.019999999552965164,0.0,0.0,0.0,0.0,0.0,0.01597149670124054,0.01597149670124054,0.0,0.0,0.0,0.0
110.303,0.009999999776482582,-0.009999999776482582,0.019999999552965164,datactrl_ref_vx_fallback,states_vx_gs,-0.009999999776482582,states_theta,-0.02206600084900856,0.39006696444316635,0.22520541797581992,0.5202740834462963,0.5199044884021472,0.5197836827161475,0.520394889132296,0.5204695481164969,0.5197090237319466,0.0,0.0,0.0,0.0,0.009999999776482582,0.0,0.0,0.0,0.0,0.0,0.03649088367819786,0.03649088367819786,0.0,0.0,0.0,0.0
110.529,0.009999999776482582,-0.009999999776482582,0.019999999552965164,datactrl_ref_vx_fallback,states_vx_gs,-0.009999999776482582,states_theta,-0.005772927775979042,0.3900952583895594,0.22522173602333265,0.5199446925359462,0.5203093298362121,0.5204380826817141,0.5198159396904443,0.5197943253484711,0.5204596970236872,0.0,0.0,0.0,0.0,0.009999999776482582,0.0,0.0,0.0,0.0,0.0,0.03540656715631485,0.04540656507015228,0.0,0.0,0.0,0.0
110.77,0.009999999776482582,-0.009999999776482582,0.019999999552965164,datactrl_ref_vx_fallback,states_vx_gs,0.03432225063443184,datactrl_est_theta_fallback,0.030007828027009964,0.3900968782721742,0.2252226975706149,0.5203184335599335,0.5199399084991977,0.5197765933871876,0.5204817486719435,0.5204868800063274,0.5197714620528038,0.0,0.0,0.0,0.0,0.009999999776482582,0.0,0.0,0.0,0.0,0.0,0.03432225063443184,0.03432225063443184,0.0,0.0,0.0,0.0
111.005,0.009999999776482582,-0.009999999776482582,0.019999999552965164,datactrl_ref_vx_fallback,states_vx_gs,-0.009999999776482582,states_theta,-0.027642201632261276,0.3900984981547889,0.22522362513989727,0.5199379595941342,0.5203247021519695,0.5204931567658654,0.5197695049802383,0.5198058199354169,0.5204568418106869,0.0,0.0,0.0,0.0,0.009999999776482582,0.0,0.0,0.0,0.0,0.0,0.03323793411254883,0.04323793202638626,0.0,0.0,0.0,0.0
111.056,0.009999999776482582,-0.009999999776482582,0.019999999552965164,datactrl_ref_vx_fallback,states_vx_gs,-0.009999999776482582,states_theta,-0.0058940257877111435,0.3900984981547889,0.22522362513989727,0.5199379595941342,0.5203247021519695,0.5204931567658654,0.5197695049802383,0.5198058199354169,0.5204568418106869,0.0,0.0,0.0,0.0,0.009999999776482582,0.0,0.0,0.0,0.0,0.0,0.03269577398896217,0.042695775628089905,0.0,0.0,0.0,0.0
111.237,0.009999999776482582,-0.009999999776482582,0.019999999552965164,datactrl_ref_vx_fallback,states_vx_gs,-0.009999999776482582,states_theta,0.008059775456786156,0.3901138801049394,0.22523243339172483,0.5202930348786499,0.5200106454011886,0.5199062379925597,0.5203974422872787,0.5204035327181896,0.5199001475616488,0.0,0.0,0.0,0.0,0.009999999776482582,0.0,0.0,0.0,0.0,0.0,0.03215361759066582,0.04215361550450325,0.0,0.0,0.0,0.0
111.45,0.009999999776482582,-0.009999999776482582,0.019999999552965164,datactrl_ref_vx_fallback,states_vx_gs,0.031069301068782806,datactrl_est_theta_fallback,0.007206589914858341,0.3901021430839361,0.22522562377639804,0.5202496973492589,0.520022684207904,0.5203482283599248,0.5199241531972381,0.5199753804763341,0.5202970010808288,0.0,0.0,0.0,0.0,0.009999999776482582,0.0,0.0,0.0,0.0,0.0,0.031069301068782806,0.031069301068782806,0.0,0.0,0.0,0.0
111.501,0.009999999776482582,-0.009999999776482582,0.019999999552965164,datactrl_ref_vx_fallback,states_vx_gs,-0.009999999776482582,states_theta,-0.01465318538248539,0.3901021430839361,0.22522562377639804,0.5202496973492589,0.520022684207904,0.5203482283599248,0.5199241531972381,0.5199753804763341,0.5202970010808288,0.0,0.0,0.0,0.0,0.009999999776482582,0.0,0.0,0.0,0.0,0.0,0.0305271428078413,0.04052714258432388,0.0,0.0,0.0,0.0
111.706,0.009999999776482582,-0.009999999776482582,0.019999999552965164,datactrl_ref_vx_fallback,states_vx_gs,-0.009999999776482582,states_theta,-0.013544443994760513,0.39010376296655086,0.22522656184765072,0.5201541293811531,0.5201225718629825,0.5199123025760704,0.5203643986680653,0.5203318946282756,0.5199448066158601,0.0,0.0,0.0,0.0,0.009999999776482582,0.0,0.0,0.0,0.0,0.0,0.029984984546899796,0.03998498618602753,0.0,0.0,0.0,0.0
111.757,0.009999999776482582,-0.009999999776482582,0.019999999552965164,datactrl_ref_vx_fallback,states_vx_gs,-0.009999999776482582,states_theta,0.02487308531999588,0.39010376296655086,0.22522656184765072,0.5201541293811531,0.5201225718629825,0.5199123025760704,0.5203643986680653,0.5203318946282756,0.5199448066158601,0.0,0.0,0.0,0.0,0.009999999776482582,0.0,0.0,0.0,0.0,0.0,0.02944282628595829,0.03944282606244087,0.0,0.0,0.0,0.0
111.956,0.009999999776482582,-0.009999999776482582,0.019999999552965164,datactrl_ref_vx_fallback,states_vx_gs,0.028900668025016785,datactrl_est_theta_fallback,0.016214361414313316,0.3897019628388422,0.22499459476713335,0.5195725147508018,0.5196327194861107,0.5198861161683404,0.5193191180685721,0.5194304759537092,0.5197747582832033,0.0,0.0,0.0,0.0,0.009999999776482582,0.0,0.0,0.0,0.0,0.0,0.028900668025016785,0.028900668025016785,0.0,0.0,0.0,0.0
112.008,0.009999999776482582,-0.009999999776482582,0.019999999552965164,datactrl_ref_vx_fallback,states_vx_gs,-0.009999999776482582,states_theta,-0.045559320598840714,0.3897019628388422,0.22499459476713335,0.5195725147508018,0.5196327194861107,0.5198861161683404,0.5193191180685721,0.5194304759537092,0.5197747582832033,0.0,0.0,0.0,0.0,0.009999999776482582,0.0,0.0,0.0,0.0,0.0,0.02835851162672043,0.03835850954055786,0.0,0.0,0.0,0.0
112.201,0.009999999776482582,-0.009999999776482582,0.019999999552965164,datactrl_ref_vx_fallback,states_vx_gs,-0.009999999776482582,states_theta,-0.052057672291994095,0.3900481497271989,0.22519440903683097,0.5200246292861526,0.520103769986378,0.5201074613154156,0.5200209379571149,0.5201363170598451,0.5199920822126854,0.0,0.0,0.0,0.0,0.009999999776482582,0.0,0.0,0.0,0.0,0.0,0.027816353365778923,0.037816353142261505,0.0,0.0,0.0,0.0
112.433,0.009999999776482582,-0.009999999776482582,0.019999999552965164,datactrl_ref_vx_fallback,states_vx_gs,-0.009999999776482582,states_theta,0.13150274753570557,0.3900172966630481,0.22517665972305959,0.5199836209082602,0.5200625035265347,0.5200440786918126,0.5200020457429824,0.5196746223232986,0.5203715021114963,0.0,0.0,0.0,0.0,0.009999999776482582,0.0,0.0,0.0,0.0,0.0,0.026732036843895912,0.036732036620378494,0.0,0.0,0.0,0.0
112.485,0.009999999776482582,-0.009999999776482582,0.019999999552965164,datactrl_ref_vx_fallback,states_vx_gs,0.026189878582954407,datactrl_est_theta_fallback,0.13702231645584106,0.3900172966630481,0.22517665972305959,0.5199836209082602,0.5200625035265347,0.5200440786918126,0.5200020457429824,0.5196746223232986,0.5203715021114963,0.0,0.0,0.0,0.0,0.009999999776482582,0.0,0.0,0.0,0.0,0.0,0.026189878582954407,0.026189878582954407,0.0,0.0,0.0,0.0
112.738,0.009999999776482582,-0.009999999776482582,0.019999999552965164,datactrl_ref_vx_fallback,states_vx_gs,0.025105562061071396,datactrl_est_theta_fallback,-0.12964437901973724,0.3900035345999609,0.2251686677224999,0.5199817067017167,0.520027718898179,0.5200318453202877,0.519977580279608,0.520200747569584,0.5198086780303117,0.0,0.0,0.0,0.0,0.009999999776482582,0.0,0.0,0.0,0.0,0.0,0.025105562061071396,0.025105562061071396,0.0,0.0,0.0,0.0
112.932,0.009999999776482582,-0.009999999776482582,0.019999999552965164,datactrl_ref_vx_fallback,states_vx_gs,0.02456340380012989,datactrl_est_theta_fallback,-0.07031948119401932,0.3899762395124632,0.2251530777436003,0.5197086341656997,0.5202280045342021,0.5203859216322986,0.5195507170676033,0.5196489513923532,0.5202876873075486,0.0,0.0,0.0,0.0,0.009999999776482582,0.0,0.0,0.0,0.0,0.0,0.02456340380012989,0.02456340380012989,0.0,0.0,0.0,0.0
113.033,0.009999999776482582,-0.009999999776482582,0.019999999552965164,datactrl_ref_vx_fallback,states_vx_gs,0.024021245539188385,datactrl_est_theta_fallback,0.02065369486808777,0.38994829640751427,0.2251370572107902,0.5202190871114054,0.519643036641966,0.519409266164893,0.5204528575884784,0.5203681667546234,0.519493956998748,0.0,0.0,0.0,0.0,0.009999999776482582,0.0,0.0,0.0,0.0,0.0,0.024021245539188385,0.024021245539188385,0.0,0.0,0.0,0.0
113.083,0.009999999776482582,-0.009999999776482582,0.019999999552965164,datactrl_ref_vx_fallback,states_vx_gs,0.02347908727824688,datactrl_est_theta_fallback,-0.029367243871092796,0.38994829640751427,0.2251370572107902,0.5202190871114054,0.519643036641966,0.519409266164893,0.5204528575884784,0.5203681667546234,0.519493956998748,0.0,0.0,0.0,0.0,0.009999999776482582,0.0,0.0,0.0,0.0,0.0,0.02347908727824688,0.02347908727824688,0.0,0.0,0.0,0.0
113.323,0.009999999776482582,-0.009999999776482582,0.019999999552965164,datactrl_ref_vx_fallback,states_vx_gs,-0.009999999776482582,states_theta,-0.07356340438127518,0.3899333868953279,0.22512834871783216,0.5196729839603352,0.5201493810938725,0.5202874868964852,0.5195348781577226,0.5195025817597195,0.5203197832944882,0.0,0.0,0.0,0.0,0.009999999776482582,0.0,0.0,0.0,0.0,0.0,0.02239477075636387,0.03239477053284645,0.0,0.0,0.0,0.0
113.505,0.009999999776482582,-0.009999999776482582,0.019999999552965164,datactrl_ref_vx_fallback,states_vx_gs,-0.019999999552965164,states_theta,-0.07605870068073273,0.38990441774034923,0.22511158028334366,0.520101681701385,0.5196434322728796,0.5195448444154728,0.5202002695587918,0.5202300282984978,0.5195150856757668,0.0,0.0,0.0,0.0,0.009999999776482582,0.0,0.0,0.0,0.0,0.0,0.021852612495422363,0.04185261204838753,0.0,0.0,0.0,0.0
113.742,0.016662219539284706,-0.009999999776482582,0.026662219315767288,datactrl_ref_vx_fallback,states_vx_gs,-0.029999999329447746,states_theta,-0.07682454586029053,0.38987498960986067,0.22509451884365442,0.519681773194631,0.5199848657649975,0.5201301926776488,0.5195364462819797,0.5196130405633049,0.5200535983963236,0.0,0.0,0.0,0.003331109881401062,0.013331109657883644,0.0,0.0,0.0,0.0,0.0,0.013355148024857044,0.043355148285627365,0.0,0.0,0.0,0.0
113.987,0.016662219539284706,-0.009999999776482582,0.026662219315767288,datactrl_ref_vx_fallback,states_vx_gs,-0.04999999701976776,states_theta,-0.05526847019791603,0.3898722895478757,0.22509294201160457,0.5197659431678208,0.5198934956265144,0.5196181166300152,0.52004132216432,0.5201098161953251,0.51954962259901,0.0,0.0,0.0,0.003331109881401062,0.013331109657883644,0.0,0.0,0.0,0.0,0.0,0.011909633874893188,0.06190963089466095,0.0,0.0,0.0,0.0
114.038,0.016662219539284706,-0.009999999776482582,0.026662219315767288,datactrl_ref_vx_fallback,states_vx_gs,-0.04999999701976776,states_theta,-0.002742114709690213,0.3898722895478757,0.22509294201160457,0.5197659431678208,0.5198934956265144,0.5196181166300152,0.52004132216432,0.5201098161953251,0.51954962259901,0.0,0.0,0.0,0.003331109881401062,0.013331109657883644,0.0,0.0,0.0,0.0,0.0,0.011186877265572548,0.06118687242269516,0.0,0.0,0.0,0.0
114.23,0.016662219539284706,-0.009999999776482582,0.026662219315767288,datactrl_ref_vx_fallback,states_vx_gs,-0.03999999910593033,states_theta,0.04218030348420143,0.3898420784739547,0.22507545796755743,0.5196332811387332,0.5199455947918126,0.5198925636830767,0.5196863122474691,0.5196581666280911,0.5199207093024547,0.0,0.0,0.0,0.003331109881401062,0.013331109657883644,0.0,0.0,0.0,0.0,0.0,0.010464120656251907,0.050464119762182236,0.0,0.0,0.0,0.0
114.283,0.016662212321534753,-0.009999999776482582,0.026662212098017335,datactrl_ref_vx_fallback,states_vx_gs,-0.03999999910593033,states_theta,0.0551474466919899,0.3898420784739547,0.22507545796755743,0.5196332811387332,0.5199455947918126,0.5198925636830767,0.5196863122474691,0.5196581666280911,0.5199207093024547,0.0,0.0,0.0,0.003331106388941407,0.013331105932593346,0.0,0.0,0.0,0.0,0.0,0.009741370566189289,0.04974136874079704,0.0,0.0,0.0,0.0
114.472,0.006662212777882814,0.003331106388941407,0.003331106388941407,datactrl_ref_vx_fallback,datactrl_est_vx_fallback,-0.029999999329447746,states_theta,0.0550212487578392,0.3893186248789198,0.22477327020068685,0.5188837026193475,0.519299297057772,0.5192622128015761,0.5189207868755433,0.5189161123824803,0.5192668872946392,0.0,0.0,0.0,0.003331106388941407,0.003331106388941407,0.0,0.0,0.0,0.0,0.0,0.030405452474951744,0.06040545180439949,0.0,0.0,0.0,0.0
114.522,0.013324425555765629,0.006662212777882814,0.006662212777882814,datactrl_ref_vx_fallback,datactrl_est_vx_fallback,-0.029999999329447746,states_theta,0.055020373314619064,0.3893186248789198,0.22477327020068685,0.5188837026193475,0.519299297057772,0.5192622128015761,0.5189207868755433,0.5189161123824803,0.5192668872946392,0.0,0.0,0.0,0.006662212777882814,0.006662212777882814,0.0,0.0,0.0,0.0,0.0,0.022992311045527458,0.052992310374975204,0.0,0.0,0.0,0.0
114.703,0.013324425555765629,0.006662212777882814,0.006662212777882814,datactrl_ref_vx_fallback,datactrl_est_vx_fallback,-0.019999999552965164,states_theta,0.05502038821578026,0.3845400836900005,0.22201433297157908,0.5126707391550289,0.5127694840183057,0.5126041694699415,0.5128360537033931,0.5127954771351484,0.5126447460381862,0.0,0.0,0.0,0.006662212777882814,0.006662212777882814,0.0,0.0,0.0,0.0,0.0,0.022631114348769188,0.0426311120390892,0.0,0.0,0.0,0.0
114.755,0.013324425555765629,0.006662212777882814,0.006662212777882814,datactrl_ref_vx_fallback,datactrl_est_vx_fallback,-0.019999999552965164,states_theta,0.05502038821578026,0.3845400836900005,0.22201433297157908,0.5126707391550289,0.5127694840183057,0.5126041694699415,0.5128360537033931,0.5127954771351484,0.5126447460381862,0.0,0.0,0.0,0.006662212777882814,0.006662212777882814,0.0,0.0,0.0,0.0,0.0,0.02226991578936577,0.04226991534233093,0.0,0.0,0.0,0.0
115.016,0.013324425555765629,0.006662212777882814,0.006662212777882814,datactrl_ref_vx_fallback,datactrl_est_vx_fallback,-0.009999999776482582,states_theta,0.030072685331106186,0.3769227475638619,0.21761645811870012,0.5026060544934895,0.5025212723434757,0.5024660697093511,0.502661257127614,0.5026203513549826,0.5025069754819825,0.0,0.0,0.0,0.006662212777882814,0.006662212777882814,0.0,0.0,0.0,0.0,0.0,0.021547522395849228,0.03154752030968666,0.0,0.0,0.0,0.0
115.216,0.013324425555765629,0.006662212777882814,0.006662212777882814,datactrl_ref_vx_fallback,datactrl_est_vx_fallback,-0.009999999776482582,states_theta,0.016874542459845543,0.375675609437788,0.21689641626985995,0.5009531189835913,0.5008485061838434,0.5009108758911088,0.5008907492763258,0.5008745384019954,0.5009270867654393,0.0,0.0,0.0,0.006662212777882814,0.006662212777882814,0.0,0.0,0.0,0.0,0.0,0.02118632383644581,0.03118632361292839,0.0,0.0,0.0,0.0
115.268,0.013324425555765629,0.006662212777882814,0.006662212777882814,datactrl_ref_vx_fallback,datactrl_est_vx_fallback,-0.009999999776482582,states_theta,0.01700649969279766,0.375675609437788,0.21689641626985995,0.5009531189835913,0.5008485061838434,0.5009108758911088,0.5008907492763258,0.5008745384019954,0.5009270867654393,0.0,0.0,0.0,0.006662212777882814,0.006662212777882814,0.0,0.0,0.0,0.0,0.0,0.020825127139687538,0.03082512691617012,0.0,0.0,0.0,0.0
115.464,0.013324439525604248,0.006662219762802124,0.006662219762802124,datactrl_ref_vx_fallback,datactrl_est_vx_fallback,0.020463913679122925,datactrl_est_theta_fallback,0.0030276617035269737,0.37671062196027566,0.21749398607921097,0.5022189982620374,0.5023426602986977,0.5023682793239498,0.5021933792367853,0.5023100693351924,0.5022515892255427,0.0,0.0,0.0,0.006662219762802124,0.006662219762802124,0.0,0.0,0.0,0.0,0.0,0.020463913679122925,0.020463913679122925,0.0,0.0,0.0,0.0
115.702,0.013324439525604248,0.006662219762802124,0.006662219762802124,datactrl_ref_vx_fallback,datactrl_est_vx_fallback,-0.009999999776482582,states_theta,-0.020233789458870888,0.3787573480035802,0.2186756578557047,0.5050003637054649,0.505019230970749,0.5049688775242309,0.5050507171519829,0.5050038417147207,0.5050157529614931,0.0,0.0,0.0,0.006662219762802124,0.006662219762802124,0.0,0.0,0.0,0.0,0.0,0.019741518422961235,0.029741518199443817,0.0,0.0,0.0,0.0
115.755,0.013324439525604248,0.006662219762802124,0.006662219762802124,datactrl_ref_vx_fallback,datactrl_est_vx_fallback,-0.009999999776482582,states_theta,0.03493485227227211,0.3787573480035802,0.2186756578557047,0.5050003637054649,0.505019230970749,0.5049688775242309,0.5050507171519829,0.5050038417147207,0.5050157529614931,0.0,0.0,0.0,0.006662219762802124,0.006662219762802124,0.0,0.0,0.0,0.0,0.0,0.019380321726202965,0.029380321502685547,0.0,0.0,0.0,0.0
115.942,0.013324439525604248,0.006662219762802124,0.006662219762802124,datactrl_ref_vx_fallback,datactrl_est_vx_fallback,-0.009999999776482582,states_theta,0.022631298750638962,0.38107246621045054,0.22001229218443832,0.5080835311138991,0.508109712113969,0.5080643510856632,0.508128892142205,0.5080655630484249,0.5081276801794433,0.0,0.0,0.0,0.006662219762802124,0.006662219762802124,0.0,0.0,0.0,0.0,0.0,0.019019123166799545,0.029019122943282127,0.0,0.0,0.0,0.0
115.994,0.013324439525604248,0.006662219762802124,0.006662219762802124,datactrl_ref_vx_fallback,datactrl_est_vx_fallback,0.018657926470041275,datactrl_est_theta_fallback,0.0169980451464653,0.38107246621045054,0.22001229218443832,0.5080835311138991,0.508109712113969,0.5080643510856632,0.508128892142205,0.5080655630484249,0.5081276801794433,0.0,0.0,0.0,0.006662219762802124,0.006662219762802124,0.0,0.0,0.0,0.0,0.0,0.018657926470041275,0.018657926470041275,0.0,0.0,0.0,0.0
116.233,0.019957218319177628,0.009978609159588814,0.009978609159588814,datactrl_ref_vx_fallback,datactrl_est_vx_fallback,-0.009999999776482582,states_theta,-0.02002914436161518,0.38353024054293927,0.2214312879449314,0.5113718723421552,0.5113754357723495,0.5113710884246755,0.5113762196898292,0.5113974479154338,0.5113498601990708,0.0,0.0,0.0,0.009978609159588814,0.009978609159588814,0.0,0.0,0.0,0.0,0.0,0.010735739953815937,0.020735740661621094,0.0,0.0,0.0,0.0
116.438,0.019957218319177628,0.009978609159588814,0.009978609159588814,datactrl_ref_vx_fallback,datactrl_est_vx_fallback,-0.009999999776482582,states_theta,-0.0025497786700725555,0.385260242098605,0.2224301051618333,0.5136760270167503,0.5136846185795297,0.5136781051605843,0.5136825404356957,0.5136459230265693,0.5137147225697107,0.0,0.0,0.0,0.009978609159588814,0.009978609159588814,0.0,0.0,0.0,0.0,0.0,0.010194742120802402,0.02019474096596241,0.0,0.0,0.0,0.0
116.488,0.019957218319177628,0.009978609159588814,0.009978609159588814,datactrl_ref_vx_fallback,datactrl_est_vx_fallback,-0.009999999776482582,states_theta,0.008422703482210636,0.385260242098605,0.2224301051618333,0.5136760270167503,0.5136846185795297,0.5136781051605843,0.5136825404356957,0.5136459230265693,0.5137147225697107,0.0,0.0,0.0,0.009978609159588814,0.009978609159588814,0.0,0.0,0.0,0.0,0.0,0.009653743356466293,0.019653743132948875,0.0,0.0,0.0,0.0
116.685,0.019957218319177628,0.009978609159588814,0.009978609159588814,datactrl_ref_vx_fallback,datactrl_est_vx_fallback,-0.009999999776482582,states_theta,-0.03645738959312439,0.3866265468128765,0.223218941106384,0.5155009485789824,0.5155031762553549,0.5154985475827747,0.5155055772515627,0.5155219058227243,0.5154822190116131,0.0,0.0,0.0,0.009978609159588814,0.009978609159588814,0.0,0.0,0.0,0.0,0.0,0.009112744592130184,0.01911274529993534,0.0,0.0,0.0,0.0
116.92,0.019957218319177628,0.009978609159588814,0.009978609159588814,datactrl_ref_vx_fallback,datactrl_est_vx_fallback,-0.009999999776482582,states_theta,-0.020007599145174026,0.3874988835600819,0.22372258492385966,0.5166636710796959,0.5166666850805224,0.5166610475212012,0.516669308639017,0.5166830752484239,0.5166472809117943,0.0,0.0,0.0,0.009978609159588814,0.009978609159588814,0.0,0.0,0.0,0.0,0.0,0.007976648397743702,0.01797664724290371,0.0,0.0,0.0,0.0
116.972,0.019957218319177628,0.009978609159588814,0.009978609159588814,datactrl_ref_vx_fallback,datactrl_est_vx_fallback,-0.009999999776482582,states_theta,-0.02000744268298149,0.3874988835600819,0.22372258492385966,0.5166636710796959,0.5166666850805224,0.5166610475212012,0.516669308639017,0.5166830752484239,0.5166472809117943,0.0,0.0,0.0,0.009978609159588814,0.009978609159588814,0.0,0.0,0.0,0.0,0.0,0.007489749696105719,0.017489749938249588,0.0,0.0,0.0,0.0
117.163,0.019957218319177628,0.009978609159588814,0.009978609159588814,datactrl_ref_vx_fallback,datactrl_est_vx_fallback,-0.019999999552965164,states_theta,-0.02000741846859455,0.38812040107278983,0.2240814193358905,0.5174919695378475,0.5174957666562587,0.517516433839059,0.5174713023550472,0.5175364708427426,0.5174512653513637,0.0,0.0,0.0,0.009978609159588814,0.009978609159588814,0.0,0.0,0.0,0.0,0.0,0.006894651334732771,0.026894651353359222,0.0,0.0,0.0,0.0
117.392,0.019957218319177628,0.009978609159588814,0.009978609159588814,datactrl_ref_vx_fallback,datactrl_est_vx_fallback,-0.019999999552965164,states_theta,-0.02000741846859455,0.38879544338980376,0.224471155170454,0.5183790058750913,0.5184088431643853,0.5184310503843244,0.5183567986551523,0.5184199841490458,0.5183678648904309,0.0,0.0,0.0,0.009978609159588814,0.009978609159588814,0.0,0.0,0.0,0.0,0.0,0.005812654737383127,0.025812653824687004,0.0,0.0,0.0,0.0
117.446,0.019927773624658585,0.009963886812329292,0.009963886812329292,datactrl_ref_vx_fallback,datactrl_est_vx_fallback,-0.019999999552965164,states_theta,-0.02000741846859455,0.38879544338980376,0.224471155170454,0.5183790058750913,0.5184088431643853,0.5184310503843244,0.5183567986551523,0.5184199841490458,0.5183678648904309,0.0,0.0,0.0,0.009963886812329292,0.009963886812329292,0.0,0.0,0.0,0.0,0.0,0.005303701385855675,0.02530370093882084,0.0,0.0,0.0,0.0
117.649,0.019927773624658585,0.009963886812329292,0.009963886812329292,datactrl_ref_vx_fallback,datactrl_est_vx_fallback,-0.029999999329447746,states_theta,-0.02000741846859455,0.3891565275645518,0.22467962984011325,0.5188602349307557,0.5188905052413825,0.5189395083654866,0.5188112318066516,0.5189269074806175,0.5188238326915207,0.0,0.0,0.0,0.009963886812329292,0.009963886812329292,0.0,0.0,0.0,0.0,0.0,0.004763501230627298,0.03476350009441376,0.0,0.0,0.0,0.0
117.706,0.019927773624658585,0.009963886812329292,0.009963886812329292,datactrl_ref_vx_fallback,datactrl_est_vx_fallback,-0.029999999329447746,states_theta,-0.02000741846859455,0.3891565275645518,0.22467962984011325,0.5188602349307557,0.5188905052413825,0.5189395083654866,0.5188112318066516,0.5189269074806175,0.5188238326915207,0.0,0.0,0.0,0.009963886812329292,0.009963886812329292,0.0,0.0,0.0,0.0,0.0,0.004223301075398922,0.034223299473524094,0.0,0.0,0.0,0.0
117.887,0.019927773624658585,0.009963886812329292,0.009963886812329292,datactrl_ref_vx_fallback,datactrl_est_vx_fallback,-0.029999999329447746,states_theta,-0.02000741846859455,0.3891829171199361,0.22469486604356936,0.5188942397798096,0.5189268725400199,0.5189776216702768,0.5188434906495527,0.5189612582239773,0.5188598540958522,0.0,0.0,0.0,0.009963886812329292,0.009963886812329292,0.0,0.0,0.0,0.0,0.0,0.003683100687339902,0.03368309885263443,0.0,0.0,0.0,0.0
118.13,0.019927773624658585,0.009963886812329292,0.009963886812329292,datactrl_ref_vx_fallback,datactrl_est_vx_fallback,-0.029999999329447746,states_theta,-0.02000741846859455,0.38957178247952495,0.22491938410985107,0.5194059732466928,0.5194521133653737,0.5194953600944995,0.519362726517567,0.5193099177037471,0.5195481689083193,0.0,0.0,0.0,0.009963886812329292,0.009963886812329292,0.0,0.0,0.0,0.0,0.0,0.002602700376883149,0.0326027013361454,0.0,0.0,0.0,0.0
118.181,0.019927773624658585,0.009963886812329292,0.009963886812329292,datactrl_ref_vx_fallback,datactrl_est_vx_fallback,-0.029999999329447746,states_theta,0.06091892346739769,0.38957178247952495,0.22491938410985107,0.5194059732466928,0.5194521133653737,0.5194953600944995,0.519362726517567,0.5193099177037471,0.5195481689083193,0.0,0.0,0.0,0.009963886812329292,0.009963886812329292,0.0,0.0,0.0,0.0,0.0,0.002062499988824129,0.03206250071525574,0.0,0.0,0.0,0.0
118.373,0.019927773624658585,0.009963886812329292,0.009963886812329292,datactrl_ref_vx_fallback,datactrl_est_vx_fallback,-0.019999999552965164,states_theta,0.13132138550281525,0.40238746611381226,0.23231854431941448,0.5365255161303474,0.5365077268398187,0.5365613888314577,0.5364718541387085,0.5362753577060134,0.5367578852641527,0.0,0.0,0.0,0.009963886812329292,0.009963886812329292,0.0,0.0,0.0,0.0,0.0,0.0015222998335957527,0.02152230031788349,0.0,0.0,0.0,0.0
118.606,0.019927773624658585,0.009963886812329292,0.009963886812329292,datactrl_ref_vx_fallback,datactrl_est_vx_fallback,-0.009999999776482582,states_theta,0.0312122143805027,0.3998643717560457,0.23086180809470688,0.5331374755706922,0.5331675157787631,0.53306947190801,0.5332355194414453,0.5332063040092878,0.5330986873401675,0.0,0.0,0.0,0.009963886812329292,0.009963886812329292,0.0,0.0,0.0,0.0,0.0,0.0004418994067236781,0.010441899299621582,0.0,0.0,0.0,0.0
118.658,0.019901033490896225,0.009950516745448112,0.009950516745448112,datactrl_ref_vx_fallback,datactrl_est_vx_fallback,-0.009999999776482582,states_theta,-0.007824786938726902,0.3998643717560457,0.23086180809470688,0.5331374755706922,0.5331675157787631,0.53306947190801,0.5332355194414453,0.5332063040092878,0.5330986873401675,0.0,0.0,0.0,0.009950516745448112,0.009950516745448112,0.0,0.0,0.0,0.0,0.0,-6.919904990354553e-05,0.009930800646543503,0.0,0.0,0.0,0.0
118.858,0.019901033490896225,0.009950516745448112,0.009950516745448112,datactrl_ref_vx_fallback,datactrl_est_vx_fallback,-0.009999999776482582,states_theta,-0.04425417631864548,0.39572440708014955,0.22847159396020703,0.5276494761837046,0.5276156093633609,0.527631614688812,0.5276334708582535,0.5276719638487528,0.5275931216983127,0.0,0.0,0.0,0.009950516745448112,0.009950516745448112,0.0,0.0,0.0,0.0,0.0,-0.0006086744251661003,0.009391325525939465,0.0,0.0,0.0,0.0
119.09,0.01989833265542984,0.00994916632771492,0.00994916632771492,datactrl_ref_vx_fallback,datactrl_est_vx_fallback,-0.019999999552965164,states_theta,-0.025456085801124573,0.3933034504369853,0.22707385816036546,0.5243687758796853,0.5244404252856087,0.5244890088108515,0.5243201923544426,0.5243730253933959,0.5244361757718982,0.0,0.0,0.0,0.00994916632771492,0.00994916632771492,0.0,0.0,0.0,0.0,0.0,-0.0016846124781295657,0.01831538788974285,0.0,0.0,0.0,0.0
119.141,0.01989833265542984,0.00994916632771492,0.00994916632771492,datactrl_ref_vx_fallback,datactrl_est_vx_fallback,-0.019999999552965164,states_theta,-0.025008780881762505,0.3933034504369853,0.22707385816036546,0.5243687758796853,0.5244404252856087,0.5244890088108515,0.5243201923544426,0.5243730253933959,0.5244361757718982,0.0,0.0,0.0,0.00994916632771492,0.00994916632771492,0.0,0.0,0.0,0.0,0.0,-0.0022240146063268185,0.01777598448097706,0.0,0.0,0.0,0.0
119.337,0.01989833265542984,0.00994916632771492,0.00994916632771492,datactrl_ref_vx_fallback,datactrl_est_vx_fallback,-0.019999999552965164,states_theta,-0.0076130460947752,0.39158548322359804,0.2260819920378721,0.522130026253734,0.5220979290091942,0.5220030317665463,0.5222249234963818,0.5221552098386273,0.5220727454243008,0.0,0.0,0.0,0.00994916632771492,0.00994916632771492,0.0,0.0,0.0,0.0,0.0,-0.002763416850939393,0.017236582934856415,0.0,0.0,0.0,0.0
119.391,0.01989833265542984,0.00994916632771492,0.00994916632771492,datactrl_ref_vx_fallback,datactrl_est_vx_fallback,-0.019999999552965164,states_theta,0.03199399635195732,0.39158548322359804,0.2260819920378721,0.522130026253734,0.5220979290091942,0.5220030317665463,0.5222249234963818,0.5221552098386273,0.5220727454243008,0.0,0.0,0.0,0.00994916632771492,0.00994916632771492,0.0,0.0,0.0,0.0,0.0,-0.003302818862721324,0.01669718138873577,0.0,0.0,0.0,0.0
119.586,0.01989833265542984,0.00994916632771492,0.00994916632771492,datactrl_ref_vx_fallback,datactrl_est_vx_fallback,-0.019999999552965164,states_theta,0.0011067527811974287,0.39089585892687895,0.22568383609273765,0.5212374963888541,0.5211514607494897,0.521221502214113,0.5211674549242308,0.5212921775008749,0.5210967796374689,0.0,0.0,0.0,0.00994916632771492,0.00994916632771492,0.0,0.0,0.0,0.0,0.0,-0.0038422211073338985,0.01615777797996998,0.0,0.0,0.0,0.0
119.639,0.01989833265542984,0.00994916632771492,0.00994916632771492,datactrl_ref_vx_fallback,datactrl_est_vx_fallback,-0.019999999552965164,states_theta,-0.06356924027204514,0.39089585892687895,0.22568383609273765,0.5212374963888541,0.5211514607494897,0.521221502214113,0.5211674549242308,0.5212921775008749,0.5210967796374689,0.0,0.0,0.0,0.00994916632771492,0.00994916632771492,0.0,0.0,0.0,0.0,0.0,-0.0043816231191158295,0.015618376433849335,0.0,0.0,0.0,0.0
119.893,0.01989833265542984,0.00994916632771492,0.00994916632771492,datactrl_ref_vx_fallback,datactrl_est_vx_fallback,-0.029999999329447746,states_theta,-0.06302327662706375,0.39056810928485314,0.22549461823671305,0.5208242460908832,0.5206907120020585,0.5207838197177844,0.5207311383751573,0.5209067308069061,0.5206082272860356,0.0,0.0,0.0,0.00994916632771492,0.00994916632771492,0.0,0.0,0.0,0.0,0.0,-0.005460427608340979,0.02453957125544548,0.0,0.0,0.0,0.0
120.075,0.01989833265542984,0.00994916632771492,0.00994916632771492,datactrl_ref_vx_fallback,datactrl_est_vx_fallback,-0.03999999910593033,states_theta,-0.06302335858345032,0.3902321096505723,0.22530064905673025,0.5204002022114151,0.5202187568567778,0.520364086565075,0.5202548725031179,0.5205392168230788,0.5200797422451141,0.0,0.0,0.0,0.00994916632771492,0.00994916632771492,0.0,0.0,0.0,0.0,0.0,-0.0059998296201229095,0.03400016948580742,0.0,0.0,0.0,0.0
120.126,0.01989833265542984,0.00994916632771492,0.00994916632771492,datactrl_ref_vx_fallback,datactrl_est_vx_fallback,-0.04999999701976776,states_theta,-0.06302335858345032,0.3902321096505723,0.22530064905673025,0.5204002022114151,0.5202187568567778,0.520364086565075,0.5202548725031179,0.5205392168230788,0.5200797422451141,0.0,0.0,0.0,0.00994916632771492,0.00994916632771492,0.0,0.0,0.0,0.0,0.0,-0.0065392316319048405,0.04346076399087906,0.0,0.0,0.0,0.0
120.388,0.01989833265542984,0.00994916632771492,0.00994916632771492,datactrl_ref_vx_fallback,datactrl_est_vx_fallback,-0.05999999865889549,states_theta,-0.03198840096592903,0.3898908577636942,0.22510362122707706,0.5199749792761712,0.5197339747603467,0.5199692606794606,0.5197396933570573,0.5200141803207483,0.5196947737157696,0.0,0.0,0.0,0.00994916632771492,0.00994916632771492,0.0,0.0,0.0,0.0,0.0,-0.00761803612112999,0.0523819625377655,0.0,0.0,0.0,0.0
120.575,0.009901033714413643,0.009999999776482582,-9.896606206893921e-05,datactrl_ref_vx_fallback,states_vx_gs,-0.04999999701976776,states_theta,0.12147161364555359,0.389920857735531,0.22512093220629936,0.5200090932549847,0.5197798607064313,0.5197816466000826,0.5200073073613334,0.5197934529000201,0.5199955010613959,0.0,0.0,0.0,0.009950516745448112,-4.9483031034469604e-05,0.0,0.0,0.0,0.0,0.0,0.013334892690181732,0.0633348897099495,0.0,0.0,0.0,0.0
120.625,0.003210260532796383,0.009999999776482582,-0.006789739243686199,datactrl_ref_vx_fallback,states_vx_gs,-0.029999999329447746,states_theta,0.20144620537757874,0.389920857735531,0.22512093220629936,0.5200090932549847,0.5197798607064313,0.5197816466000826,0.5200073073613334,0.5197934529000201,0.5199955010613959,0.0,0.0,0.0,0.0066051301546394825,-0.0033948696218430996,0.0,0.0,0.0,0.0,0.0,0.020619260147213936,0.05061925947666168,0.0,0.0,0.0,0.0
120.863,0.003210260532796383,0.009999999776482582,-0.006789739243686199,datactrl_ref_vx_fallback,states_vx_gs,-0.019999999552965164,states_theta,-0.016929728910326958,0.3899508577073678,0.22513835386261297,0.519718542626451,0.5201504112598632,0.5203070671086175,0.5195618867776967,0.5197532776267938,0.5201156762595204,0.0,0.0,0.0,0.0066051301546394825,-0.0033948696218430996,0.0,0.0,0.0,0.0,0.0,0.02098737098276615,0.040987372398376465,0.0,0.0,0.0,0.0
121.108,0.003210260532796383,0.009999999776482582,-0.006789739243686199,datactrl_ref_vx_fallback,states_vx_gs,-0.009999999776482582,states_theta,0.06592307984828949,0.38998085767920465,0.22515585895357831,0.5202088425120085,0.5197401112992038,0.519461700162654,0.5204872536485583,0.5204571178953163,0.519491835915896,0.0,0.0,0.0,0.0066051301546394825,-0.0033948696218430996,0.0,0.0,0.0,0.0,0.0,0.021355483680963516,0.03135548159480095,0.0,0.0,0.0,0.0
121.312,0.0032388074323534966,0.009999999776482582,-0.0067611923441290855,datactrl_ref_vx_fallback,states_vx_gs,0.02150847017765045,datactrl_est_theta_fallback,0.05289961397647858,0.39001085765104143,0.22517308806941536,0.5197642630158678,0.5202646907202427,0.5204012031848569,0.5196277505512535,0.5195972426617154,0.5204317110743951,0.0,0.0,0.0,0.006619403604418039,-0.0033805961720645428,0.0,0.0,0.0,0.0,0.0,0.02150847017765045,0.02150847017765045,0.0,0.0,0.0,0.0
121.372,0.0032361112534999847,0.009999999776482582,-0.006763888522982597,datactrl_ref_vx_fallback,states_vx_gs,0.021694686263799667,datactrl_est_theta_fallback,0.04167385771870613,0.39001085765104143,0.22517308806941536,0.5197642630158678,0.5202646907202427,0.5204012031848569,0.5196277505512535,0.5195972426617154,0.5204317110743951,0.0,0.0,0.0,0.006618055514991283,-0.0033819442614912987,0.0,0.0,0.0,0.0,0.0,0.021694686263799667,0.021694686263799667,0.0,0.0,0.0,0.0
121.559,0.0032361112534999847,0.009999999776482582,-0.006763888522982597,datactrl_ref_vx_fallback,states_vx_gs,0.021878041326999664,datactrl_est_theta_fallback,0.01474439911544323,0.3900408576228782,0.22519040686777492,0.5203112573980905,0.5197976962629182,0.519654462028562,0.5204544916324466,0.520451061508984,0.5196578921520246,0.0,0.0,0.0,0.006618055514991283,-0.0033819442614912987,0.0,0.0,0.0,0.0,0.0,0.021878041326999664,0.021878041326999664,0.0,0.0,0.0,0.0
121.611,0.0032361112534999847,0.009999999776482582,-0.006763888522982597,datactrl_ref_vx_fallback,states_vx_gs,0.02206139639019966,datactrl_est_theta_fallback,0.0307907834649086,0.3900408576228782,0.22519040686777492,0.5203112573980905,0.5197976962629182,0.519654462028562,0.5204544916324466,0.520451061508984,0.5196578921520246,0.0,0.0,0.0,0.006618055514991283,-0.0033819442614912987,0.0,0.0,0.0,0.0,0.0,0.02206139639019966,0.02206139639019966,0.0,0.0,0.0,0.0
121.806,0.0032361112534999847,0.009999999776482582,-0.006763888522982597,datactrl_ref_vx_fallback,states_vx_gs,0.022244751453399658,datactrl_est_theta_fallback,0.03399883955717087,0.39006598259929154,0.22520475033185283,0.5199990049460889,0.5201769486520219,0.5203070202839852,0.5198689333141255,0.5199017406889999,0.5202742129091109,0.0,0.0,0.0,0.006618055514991283,-0.0033819442614912987,0.0,0.0,0.0,0.0,0.0,0.022244751453399658,0.022244751453399658,0.0,0.0,0.0,0.0
121.868,-0.0034261082764714956,0.009999999776482582,-0.013426108052954078,datactrl_ref_vx_fallback,states_vx_gs,0.029678715392947197,datactrl_est_theta_fallback,0.03504619002342224,0.39006598259929154,0.22520475033185283,0.5199990049460889,0.5201769486520219,0.5203070202839852,0.5198689333141255,0.5199017406889999,0.5202742129091109,0.0,0.0,0.0,0.003286945866420865,-0.006713054142892361,0.0,0.0,0.0,0.0,0.0,0.029678715392947197,0.029678715392947197,0.0,0.0,0.0,0.0
122.082,-0.0034261082764714956,0.009999999776482582,-0.013426108052954078,datactrl_ref_vx_fallback,states_vx_gs,0.009999999776482582,states_theta,0.03501300513744354,0.3897161079333328,0.22500288849150368,0.519843561025767,0.5193993934631205,0.5192326852634196,0.5200102692254679,0.5199944750946471,0.5192484793942403,0.0,0.0,0.0,0.003286945866420865,-0.006713054142892361,0.0,0.0,0.0,0.0,0.0,0.03004266880452633,0.020042669028043747,0.0,0.0,0.0,0.0
122.333,-0.0034261082764714956,0.009999999776482582,-0.013426108052954078,datactrl_ref_vx_fallback,states_vx_gs,0.009999999776482582,states_theta,0.00693382415920496,0.3897419829090421,0.22501764204660296,0.5197026083065382,0.519609346117574,0.5197169983810269,0.5195949560430854,0.5196624307211767,0.5196495237029356,0.0,0.0,0.0,0.003286945866420865,-0.006713054142892361,0.0,0.0,0.0,0.0,0.0,0.030770575627684593,0.02077057585120201,0.0,0.0,0.0,0.0
122.383,-0.0034261082764714956,0.009999999776482582,-0.013426108052954078,datactrl_ref_vx_fallback,states_vx_gs,0.009999999776482582,states_theta,-0.0020009102299809456,0.3897419829090421,0.22501764204660296,0.5197026083065382,0.519609346117574,0.5197169983810269,0.5195949560430854,0.5196624307211767,0.5196495237029356,0.0,0.0,0.0,0.003286945866420865,-0.006713054142892361,0.0,0.0,0.0,0.0,0.0,0.031134530901908875,0.021134531125426292,0.0,0.0,0.0,0.0
122.578,-0.0034261082764714956,0.009999999776482582,-0.013426108052954078,datactrl_ref_vx_fallback,states_vx_gs,0.009999999776482582,states_theta,-0.0014387182891368866,0.38976710788545543,0.22503217115195517,0.519649903042282,0.5197290513189324,0.5198729480662709,0.5195060062949435,0.51957782332519,0.5198011310360244,0.0,0.0,0.0,0.003286945866420865,-0.006713054142892361,0.0,0.0,0.0,0.0,0.0,0.03149848431348801,0.021498484537005424,0.0,0.0,0.0,0.0
122.63,-0.0034261082764714956,0.009999999776482582,-0.013426108052954078,datactrl_ref_vx_fallback,states_vx_gs,0.009999999776482582,states_theta,-0.0010024531511589885,0.38976710788545543,0.22503217115195517,0.519649903042282,0.5197290513189324,0.5198729480662709,0.5195060062949435,0.51957782332519,0.5198011310360244,0.0,0.0,0.0,0.003286945866420865,-0.006713054142892361,0.0,0.0,0.0,0.0,0.0,0.03186243772506714,0.021862437948584557,0.0,0.0,0.0,0.0
122.834,-0.0034261082764714956,0.009999999776482582,-0.013426108052954078,datactrl_ref_vx_fallback,states_vx_gs,0.009999999776482582,states_theta,-0.0010003094794228673,0.3901668575045929,0.22526301547054364,0.5201589097853608,0.5202860435602202,0.5205313754069645,0.5199135779386166,0.5200322934103088,0.5204126599352723,0.0,0.0,0.0,0.003286945866420865,-0.006713054142892361,0.0,0.0,0.0,0.0,0.0,0.03222639113664627,0.02222639136016369,0.0,0.0,0.0,0.0
122.886,-0.010058885336547974,0.009999999776482582,-0.020058885113030556,datactrl_ref_vx_fallback,states_vx_gs,0.009999999776482582,states_theta,-0.0010003704810515046,0.3901668575045929,0.22526301547054364,0.5201589097853608,0.5202860435602202,0.5205313754069645,0.5199135779386166,0.5200322934103088,0.5204126599352723,0.0,0.0,0.0,-2.9442728191497736e-05,-0.010029442608356476,0.0,0.0,0.0,0.0,0.0,0.039808910340070724,0.02980891242623329,0.0,0.0,0.0,0.0
123.062,-0.010058885336547974,0.009999999776482582,-0.020058885113030556,datactrl_ref_vx_fallback,states_vx_gs,0.019999999552965164,states_theta,0.11895181983709335,0.3898151078403943,0.22505992095604194,0.5196852515693418,0.5198217026717098,0.5196191588538306,0.519887795387221,0.519450735185712,0.5200562190553395,0.0,0.0,0.0,-2.9442728191497736e-05,-0.010029442608356476,0.0,0.0,0.0,0.0,0.0,0.04035266488790512,0.020352667197585106,0.0,0.0,0.0,0.0
123.292,-5.7096436648862436e-05,-2.8548218324431218e-05,-2.8548218324431218e-05,datactrl_ref_vx_fallback,datactrl_est_vx_fallback,0.04999999701976776,states_theta,0.07036284357309341,0.3898398578171597,0.2250741553362362,0.5196913580423569,0.5198815961367357,0.5197496902155687,0.5198232639635239,0.5198563090480159,0.5197166451310766,0.0,0.0,0.0,-2.8548218324431218e-05,-2.8548218324431218e-05,0.0,0.0,0.0,0.0,0.0,0.01988869346678257,-0.03011130355298519,0.0,0.0,0.0,0.0
123.342,-5.7096436648862436e-05,-2.8548218324431218e-05,-2.8548218324431218e-05,datactrl_ref_vx_fallback,datactrl_est_vx_fallback,0.03999999910593033,states_theta,-0.09298058599233627,0.3898398578171597,0.2250741553362362,0.5196913580423569,0.5198815961367357,0.5197496902155687,0.5198232639635239,0.5198563090480159,0.5197166451310766,0.0,0.0,0.0,-2.8548218324431218e-05,-2.8548218324431218e-05,0.0,0.0,0.0,0.0,0.0,0.01989024132490158,-0.020109757781028748,0.0,0.0,0.0,0.0
123.589,-5.888545638299547e-05,-2.9442728191497736e-05,-2.9442728191497736e-05,datactrl_ref_vx_fallback,datactrl_est_vx_fallback,0.019999999552965164,states_theta,-0.115043506026268,0.38986235779603734,0.22508716251699773,0.5196593026558868,0.5199736514668795,0.5198715602177358,0.5197613939050304,0.5199499442293264,0.5196830098934399,0.0,0.0,0.0,-2.9442728191497736e-05,-2.9442728191497736e-05,0.0,0.0,0.0,0.0,0.0,0.019895333796739578,-0.0001046666584443301,0.0,0.0,0.0,0.0
123.784,-2.9442728191497736e-05,-1.4721364095748868e-05,-1.4721364095748868e-05,datactrl_ref_vx_fallback,datactrl_est_vx_fallback,0.009999999776482582,states_theta,-0.11504261195659637,0.38988785777209867,0.22510189073919312,0.5196960438498377,0.520004910209092,0.5199394035402183,0.5197615505187114,0.5200061982086521,0.5196947558502776,0.0,0.0,0.0,-1.4721364095748868e-05,-1.4721364095748868e-05,0.0,0.0,0.0,0.0,0.0,0.01986488699913025,0.009864886291325092,0.0,0.0,0.0,0.0
123.834,-3.033236316696275e-05,-1.5166181583481375e-05,-1.5166181583481375e-05,datactrl_ref_vx_fallback,datactrl_est_vx_fallback,0.01986665278673172,datactrl_est_theta_fallback,-0.0881703570485115,0.38988785777209867,0.22510189073919312,0.5196960438498377,0.520004910209092,0.5199394035402183,0.5197615505187114,0.5200061982086521,0.5196947558502776,0.0,0.0,0.0,-1.5166181583481375e-05,-1.5166181583481375e-05,0.0,0.0,0.0,0.0,0.0,0.01986665278673172,0.01986665278673172,0.0,0.0,0.0,0.0
124.008,-3.033236316696275e-05,-1.5166181583481375e-05,-1.5166181583481375e-05,datactrl_ref_vx_fallback,datactrl_est_vx_fallback,0.01986747421324253,datactrl_est_theta_fallback,0.06273433566093445,0.38991035775097627,0.2251148705759739,0.5200339383534617,0.5197270156491417,0.5197895472520775,0.5199714067505259,0.5199527529882833,0.5198082010143201,0.0,0.0,0.0,-1.5166181583481375e-05,-1.5166181583481375e-05,0.0,0.0,0.0,0.0,0.0,0.01986747421324253,0.01986747421324253,0.0,0.0,0.0,0.0
124.204,-3.033236316696275e-05,-1.5166181583481375e-05,-1.5166181583481375e-05,datactrl_ref_vx_fallback,datactrl_est_vx_fallback,0.019869118928909302,datactrl_est_theta_fallback,-0.01992662623524666,0.38993285772985387,0.22512791539744934,0.5198171214558378,0.5200038324904392,0.5199790664287813,0.5198418875174957,0.5195616285660689,0.5202593253802081,0.0,0.0,0.0,-1.5166181583481375e-05,-1.5166181583481375e-05,0.0,0.0,0.0,0.0,0.0,0.019869118928909302,0.019869118928909302,0.0,0.0,0.0,0.0
124.255,-3.033236316696275e-05,-1.5166181583481375e-05,-1.5166181583481375e-05,datactrl_ref_vx_fallback,datactrl_est_vx_fallback,0.009999999776482582,states_theta,0.1395701915025711,0.38993285772985387,0.22512791539744934,0.5198171214558378,0.5200038324904392,0.5199790664287813,0.5198418875174957,0.5195616285660689,0.5202593253802081,0.0,0.0,0.0,-1.5166181583481375e-05,-1.5166181583481375e-05,0.0,0.0,0.0,0.0,0.0,0.019869942218065262,0.009869941510260105,0.0,0.0,0.0,0.0
124.435,-0.0066916621290147305,-0.0033458310645073652,-0.0033458310645073652,datactrl_ref_vx_fallback,datactrl_est_vx_fallback,0.019999999552965164,states_theta,0.03811175748705864,0.3899553577087315,0.22514100140904153,0.5201510732711315,0.5197298806188192,0.5195962135398492,0.5202847403501015,0.5203206340613163,0.5195603198286344,0.0,0.0,0.0,-0.0033458310645073652,-0.0033458310645073652,0.0,0.0,0.0,0.0,0.0,0.027120405808091164,0.007120405789464712,0.0,0.0,0.0,0.0
124.491,-0.0066916621290147305,-0.0033458310645073652,-0.0033458310645073652,datactrl_ref_vx_fallback,datactrl_est_vx_fallback,0.019999999552965164,states_theta,-0.018954113125801086,0.3899553577087315,0.22514100140904153,0.5201510732711315,0.5197298806188192,0.5195962135398492,0.5202847403501015,0.5203206340613163,0.5195603198286344,0.0,0.0,0.0,-0.0033458310645073652,-0.0033458310645073652,0.0,0.0,0.0,0.0,0.0,0.02730180136859417,0.00730180274695158,0.0,0.0,0.0,0.0
124.696,-0.0066916621290147305,-0.0033458310645073652,-0.0033458310645073652,datactrl_ref_vx_fallback,datactrl_est_vx_fallback,0.019999999552965164,states_theta,-0.038150228559970856,0.3899778576876092,0.22515397331211745,0.5197729721421872,0.5201679816914372,0.5203001170094851,0.5196408368241393,0.5196148459490767,0.5203261078845477,0.0,0.0,0.0,-0.0033458310645073652,-0.0033458310645073652,0.0,0.0,0.0,0.0,0.0,0.027483198791742325,0.007483199704438448,0.0,0.0,0.0,0.0
124.926,-0.006662219297140837,-0.0033311096485704184,-0.0033311096485704184,datactrl_ref_vx_fallback,datactrl_est_vx_fallback,0.019999999552965164,states_theta,0.018265267834067345,0.3900003576664868,0.22516691728166502,0.5201834686037795,0.5198174851735186,0.5197213452616903,0.5202796085156077,0.5202818641004622,0.5197190896768359,0.0,0.0,0.0,-0.0033311096485704184,-0.0033311096485704184,0.0,0.0,0.0,0.0,0.0,0.027813151478767395,0.00781315192580223,0.0,0.0,0.0,0.0
124.977,-0.006662219297140837,-0.0033311096485704184,-0.0033311096485704184,datactrl_ref_vx_fallback,datactrl_est_vx_fallback,0.019999999552965164,states_theta,7.686114986427128e-05,0.3900003576664868,0.22516691728166502,0.5201834686037795,0.5198174851735186,0.5197213452616903,0.5202796085156077,0.5202818641004622,0.5197190896768359,0.0,0.0,0.0,-0.0033311096485704184,-0.0033311096485704184,0.0,0.0,0.0,0.0,0.0,0.02799374982714653,0.00799375120550394,0.0,0.0,0.0,0.0
125.22,-0.006662219297140837,-0.0033311096485704184,-0.0033311096485704184,datactrl_ref_vx_fallback,datactrl_est_vx_fallback,0.019999999552965164,states_theta,3.0219613478266183e-09,0.3900228576453644,0.22517994121223292,0.5198219428328066,0.5202390108881652,0.5203552790414944,0.5197056746794774,0.5197109981085436,0.5203499556124281,0.0,0.0,0.0,-0.0033311096485704184,-0.0033311096485704184,0.0,0.0,0.0,0.0,0.0,0.02835494838654995,0.008354948833584785,0.0,0.0,0.0,0.0
125.411,-0.006662219297140837,-0.0033311096485704184,-0.0033311096485704184,datactrl_ref_vx_fallback,datactrl_est_vx_fallback,0.019999999552965164,states_theta,-2.4532110284164466e-12,0.3900408576284664,0.2251905172085247,0.5203439832233967,0.5197649704525138,0.5195595359689444,0.5205494177069661,0.5205576892791128,0.5195512643967977,0.0,0.0,0.0,-0.0033311096485704184,-0.0033311096485704184,0.0,0.0,0.0,0.0,0.0,0.028535546734929085,0.00853554718196392,0.0,0.0,0.0,0.0
125.462,-0.006662219297140837,-0.0033311096485704184,-0.0033311096485704184,datactrl_ref_vx_fallback,datactrl_est_vx_fallback,0.019999999552965164,states_theta,-2.4532110284164466e-12,0.3900408576284664,0.2251905172085247,0.5203439832233967,0.5197649704525138,0.5195595359689444,0.5205494177069661,0.5205576892791128,0.5195512643967977,0.0,0.0,0.0,-0.0033311096485704184,-0.0033311096485704184,0.0,0.0,0.0,0.0,0.0,0.02871614508330822,0.00871614646166563,0.0,0.0,0.0,0.0
125.651,-0.006662219297140837,-0.0033311096485704184,-0.0033311096485704184,datactrl_ref_vx_fallback,datactrl_est_vx_fallback,0.019999999552965164,states_theta,3.6417413138908894e-13,0.39005885761156855,0.22520059506582216,0.5201777858648287,0.5199791677660208,0.520031138141522,0.5201258154893275,0.5201370752374753,0.5200198783933742,0.0,0.0,0.0,-0.0033311096485704184,-0.0033311096485704184,0.0,0.0,0.0,0.0,0.0,0.028896745294332504,0.008896744810044765,0.0,0.0,0.0,0.0
125.955,-0.006632776465266943,-0.0033163882326334715,-0.0033163882326334715,datactrl_ref_vx_fallback,datactrl_est_vx_fallback,0.019999999552965164,states_theta,-1.3316094380076715e-19,0.38970110795300256,0.2249940757679266,0.5194243003869004,0.5197786541544398,0.5197382303724501,0.51946472416889,0.5194788265553602,0.51972412798598,0.0,0.0,0.0,-0.0033163882326334715,-0.0033163882326334715,0.0,0.0,0.0,0.0,0.0,0.02940570004284382,0.009405700489878654,0.0,0.0,0.0,0.0
126.158,-0.006632776465266943,-0.0033163882326334715,-0.0033163882326334715,datactrl_ref_vx_fallback,datactrl_est_vx_fallback,0.019999999552965164,states_theta,2.494805587147288e-23,0.38972098293434443,0.2250055294169115,0.5194826110433525,0.5197733434482327,0.5195829755416383,0.5196729789499468,0.5196901370144642,0.5195658174771209,0.0,0.0,0.0,-0.0033163882326334715,-0.0033163882326334715,0.0,0.0,0.0,0.0,0.0,0.029585501179099083,0.009585500694811344,0.0,0.0,0.0,0.0
126.208,-0.006632776465266943,-0.0033163882326334715,-0.0033163882326334715,datactrl_ref_vx_fallback,datactrl_est_vx_fallback,0.019999999552965164,states_theta,2.494805587147288e-23,0.38972098293434443,0.2250055294169115,0.5194826110433525,0.5197733434482327,0.5195829755416383,0.5196729789499468,0.5196901370144642,0.5195658174771209,0.0,0.0,0.0,-0.0033163882326334715,-0.0033163882326334715,0.0,0.0,0.0,0.0,0.0,0.029765300452709198,0.009765301831066608,0.0,0.0,0.0,0.0
126.41,-0.006632776465266943,-0.0033163882326334715,-0.0033163882326334715,datactrl_ref_vx_fallback,datactrl_est_vx_fallback,0.019999999552965164,states_theta,-1.034777840016668e-24,0.3897359829202628,0.2250142595612117,0.5197817212143304,0.5195142332397037,0.5193794418643174,0.5199165125897167,0.5198986717192042,0.5193972827348299,0.0,0.0,0.0,-0.0033163882326334715,-0.0033163882326334715,0.0,0.0,0.0,0.0,0.0,0.029945101588964462,0.009945102035999298,0.0,0.0,0.0,0.0
126.46,-0.006631880067288876,-0.003315940033644438,-0.003315940033644438,datactrl_ref_vx_fallback,datactrl_est_vx_fallback,0.019999999552965164,states_theta,0.01832558587193489,0.3897359829202628,0.2250142595612117,0.5197817212143304,0.5195142332397037,0.5193794418643174,0.5199165125897167,0.5198986717192042,0.5193972827348299,0.0,0.0,0.0,-0.003315940033644438,-0.003315940033644438,0.0,0.0,0.0,0.0,0.0,0.03012392669916153,0.010123927146196365,0.0,0.0,0.0,0.0
126.647,-0.006631880067288876,-0.003315940033644438,-0.003315940033644438,datactrl_ref_vx_fallback,datactrl_est_vx_fallback,0.019999999552965164,states_theta,0.01800144836306572,0.3897539829033648,0.22502458185660007,0.5197960571906286,0.5195478972183443,0.5195896371325179,0.5197543172764549,0.5197402743874064,0.5196036800215664,0.0,0.0,0.0,-0.003315940033644438,-0.003315940033644438,0.0,0.0,0.0,0.0,0.0,0.030303703621029854,0.01030370406806469,0.0,0.0,0.0,0.0
126.698,-0.006631880067288876,-0.003315940033644438,-0.003315940033644438,datactrl_ref_vx_fallback,datactrl_est_vx_fallback,0.019999999552965164,states_theta,0.018006619065999985,0.3897539829033648,0.22502458185660007,0.5197960571906286,0.5195478972183443,0.5195896371325179,0.5197543172764549,0.5197402743874064,0.5196036800215664,0.0,0.0,0.0,-0.003315940033644438,-0.003315940033644438,0.0,0.0,0.0,0.0,0.0,0.030483480542898178,0.01048348005861044,0.0,0.0,0.0,0.0
126.894,-0.006601547356694937,-0.0033007736783474684,-0.0033007736783474684,datactrl_ref_vx_fallback,datactrl_est_vx_fallback,0.019999999552965164,states_theta,0.018006673082709312,0.3897697328885791,0.22503368280587052,0.5198703049290296,0.5195156494405146,0.51960037866516,0.5197855757043843,0.519718817052992,0.5196671373165522,0.0,0.0,0.0,-0.0033007736783474684,-0.0033007736783474684,0.0,0.0,0.0,0.0,0.0,0.030648140236735344,0.01064814068377018,0.0,0.0,0.0,0.0
126.95,-0.006603333633393049,-0.0033016668166965246,-0.0033016668166965246,datactrl_ref_vx_fallback,datactrl_est_vx_fallback,0.029999999329447746,states_theta,0.018006673082709312,0.3897697328885791,0.22503368280587052,0.5198703049290296,0.5195156494405146,0.51960037866516,0.5197855757043843,0.519718817052992,0.5196671373165522,0.0,0.0,0.0,-0.0033016668166965246,-0.0033016668166965246,0.0,0.0,0.0,0.0,0.0,0.030828993767499924,0.0008289951947517693,0.0,0.0,0.0,0.0
127.155,-0.006603333633393049,-0.0033016668166965246,-0.0033016668166965246,datactrl_ref_vx_fallback,datactrl_est_vx_fallback,0.029999999329447746,states_theta,0.018006673082709312,0.3897881078713291,0.22504429333256593,0.5199046863974861,0.5195302679260583,0.5196274494730029,0.5198075048505415,0.519742842202773,0.5196921121207714,0.0,0.0,0.0,-0.0033016668166965246,-0.0033016668166965246,0.0,0.0,0.0,0.0,0.0,0.031007997691631317,0.0010079977801069617,0.0,0.0,0.0,0.0
127.376,-0.006603333633393049,-0.0033016668166965246,-0.0033016668166965246,datactrl_ref_vx_fallback,datactrl_est_vx_fallback,0.029999999329447746,states_theta,0.018006673082709312,0.3898031078572475,0.22505296949910716,0.5199921061466728,0.5194828481393206,0.5196529687899869,0.5198219854960064,0.5197594691360683,0.519715485149925,0.0,0.0,0.0,-0.0033016668166965246,-0.0033016668166965246,0.0,0.0,0.0,0.0,0.0,0.031366001814603806,0.0013660028344020247,0.0,0.0,0.0,0.0
127.431,-0.006605129223316908,-0.003302564611658454,-0.003302564611658454,datactrl_ref_vx_fallback,datactrl_est_vx_fallback,0.029999999329447746,states_theta,0.018006673082709312,0.3898031078572475,0.22505296949910716,0.5199921061466728,0.5194828481393206,0.5196529687899869,0.5198219854960064,0.5197594691360683,0.519715485149925,0.0,0.0,0.0,-0.003302564611658454,-0.003302564611658454,0.0,0.0,0.0,0.0,0.0,0.03154691681265831,0.0015469157369807363,0.0,0.0,0.0,0.0
127.637,-0.00657658139243722,-0.00328829069621861,-0.00328829069621861,datactrl_ref_vx_fallback,datactrl_est_vx_fallback,0.03999999910593033,states_theta,0.018006673082709312,0.3898211078403496,0.22506333500331366,0.5197964986137106,0.5197264556272218,0.5197931356481587,0.5197298185927737,0.5196131576977578,0.5199097965431745,0.0,0.0,0.0,-0.00328829069621861,-0.00328829069621861,0.0,0.0,0.0,0.0,0.0,0.031695593148469925,-0.008304405026137829,0.0,0.0,0.0,0.0
127.936,-0.00657658139243722,-0.00328829069621861,-0.00328829069621861,datactrl_ref_vx_fallback,datactrl_est_vx_fallback,0.03999999910593033,states_theta,0.018006673082709312,0.38983910782345166,0.22507373295002556,0.5198056230396866,0.5197653311561845,0.5198445728554475,0.5197263813404236,0.519610815643071,0.5199601385528001,0.0,0.0,0.0,-0.00328829069621861,-0.00328829069621861,0.0,0.0,0.0,0.0,0.0,0.032230425626039505,-0.007769573479890823,0.0,0.0,0.0,0.0
128.13,-0.00657658139243722,-0.00328829069621861,-0.00328829069621861,datactrl_ref_vx_fallback,datactrl_est_vx_fallback,0.03999999910593033,states_theta,0.018006673082709312,0.38985410780937,0.22508239556113147,0.5197666628148859,0.5198442913434341,0.5199500825245554,0.5196608716337646,0.5196780104214832,0.5199329437368369,0.0,0.0,0.0,-0.00328829069621861,-0.00328829069621861,0.0,0.0,0.0,0.0,0.0,0.0324087031185627,-0.00759129598736763,0.0,0.0,0.0,0.0
