time_s,vx_target,vx_actual,vx_error,vx_target_source,vx_actual_source,pitch_actual,pitch_actual_source,pitch_rate_q,pwm_mean,pwm_std,pwm_1,pwm_2,pwm_3,pwm_4,pwm_5,pwm_6,pwm_7,pwm_8,ctrl_vx_dX2Vx,ctrl_vx_var,ctrl_vx_delta,ctrl_vx_p,ctrl_vx_int,ctrl_vx_d,ctrl_ele_ffc,ctrl_theta_trim,ctrl_theta_var,ctrl_delta_theta,ctrl_theta_p,ctrl_theta_d,ctrl_ele_fbc,ctrl_ele_law_out
0.0,0.0,0.0,0.0,datactrl_ref_vx_fallback,datactrl_est_vx_fallback,0.0,datactrl_est_theta_fallback,0.0,0.0,0.0,0.0,0.0,0.0,0.0,0.0,0.0,0.0,0.0,0.0,0.0,0.0,0.0,0.0,0.0,0.0,0.0,0.0,0.0,0.0,0.0,0.0,0.0
0.05,0.0,0.0,0.0,datactrl_ref_vx_fallback,datactrl_est_vx_fallback,0.0,datactrl_est_theta_fallback,0.0,0.0,0.0,0.0,0.0,0.0,0.0,0.0,0.0,0.0,0.0,0.0,0.0,0.0,0.0,0.0,0.0,0.0,0.0,0.0,0.0,0.0,0.0,0.0,0.0
0.104,0.0,0.0,0.0,datactrl_ref_vx_fallback,datactrl_est_vx_fallback,0.0,datactrl_est_theta_fallback,0.0,0.0,0.0,0.0,0.0,0.0,0.0,0.0,0.0,0.0,0.0,0.0,0.0,0.0,0.0,0.0,0.0,0.0,0.0,0.0,0.0,0.0,0.0,0.0,0.0
0.155,0.0,0.0,0.0,datactrl_ref_vx_fallback,datactrl_est_vx_fallback,0.0,datactrl_est_theta_fallback,0.0,0.0,0.0,0.0,0.0,0.0,0.0,0.0,0.0,0.0,0.0,0.0,0.0,0.0,0.0,0.0,0.0,0.0,0.0,0.0,0.0,0.0,0.0,0.0,0.0
0.269,0.0,0.0,0.0,datactrl_ref_vx_fallback,datactrl_est_vx_fallback,0.0,datactrl_est_theta_fallback,0.0,0.0,0.0,0.0,0.0,0.0,0.0,0.0,0.0,0.0,0.0,0.0,0.0,0.0,0.0,0.0,0.0,0.0,0.0,0.0,0.0,0.0,0.0,0.0,0.0
0.371,0.0,0.0,0.0,datactrl_ref_vx_fallback,datactrl_est_vx_fallback,0.0,datactrl_est_theta_fallback,0.0,0.0,0.0,0.0,0.0,0.0,0.0,0.0,0.0,0.0,0.0,0.0,0.0,0.0,0.0,0.0,0.0,0.0,0.0,0.0,0.0,0.0,0.0,0.0,0.0
0.471,0.0,0.0,0.0,datactrl_ref_vx_fallback,datactrl_est_vx_fallback,0.0,datactrl_est_theta_fallback,0.0,0.0,0.0,0.0,0.0,0.0,0.0,0.0,0.0,0.0,0.0,0.0,0.0,0.0,0.0,0.0,0.0,0.0,0.0,0.0,0.0,0.0,0.0,0.0,0.0
0.571,0.0,0.0,0.0,datactrl_ref_vx_fallback,datactrl_est_vx_fallback,0.0,datactrl_est_theta_fallback,0.0,0.0,0.0,0.0,0.0,0.0,0.0,0.0,0.0,0.0,0.0,0.0,0.0,0.0,0.0,0.0,0.0,0.0,0.0,0.0,0.0,0.0,0.0,0.0,0.0
0.672,0.0,0.0,0.0,datactrl_ref_vx_fallback,datactrl_est_vx_fallback,0.0,datactrl_est_theta_fallback,0.0,0.0,0.0,0.0,0.0,0.0,0.0,0.0,0.0,0.0,0.0,0.0,0.0,0.0,0.0,0.0,0.0,0.0,0.0,0.0,0.0,0.0,0.0,0.0,0.0
0.772,0.0,0.0,0.0,datactrl_ref_vx_fallback,datactrl_est_vx_fallback,0.0,datactrl_est_theta_fallback,0.0,0.0,0.0,0.0,0.0,0.0,0.0,0.0,0.0,0.0,0.0,0.0,0.0,0.0,0.0,0.0,0.0,0.0,0.0,0.0,0.0,0.0,0.0,0.0,0.0
0.871,0.0,0.0,0.0,datactrl_ref_vx_fallback,datactrl_est_vx_fallback,0.0,datactrl_est_theta_fallback,0.0,0.0,0.0,0.0,0.0,0.0,0.0,0.0,0.0,0.0,0.0,0.0,0.0,0.0,0.0,0.0,0.0,0.0,0.0,0.0,0.0,0.0,0.0,0.0,0.0
0.972,0.0,0.0,0.0,datactrl_ref_vx_fallback,datactrl_est_vx_fallback,0.0,datactrl_est_theta_fallback,0.0,0.0,0.0,0.0,0.0,0.0,0.0,0.0,0.0,0.0,0.0,0.0,0.0,0.0,0.0,0.0,0.0,0.0,0.0,0.0,0.0,0.0,0.0,0.0,0.0
1.071,0.0,0.0,0.0,datactrl_ref_vx_fallback,datactrl_est_vx_fallback,0.0,datactrl_est_theta_fallback,0.0,0.0,0.0,0.0,0.0,0.0,0.0,0.0,0.0,0.0,0.0,0.0,0.0,0.0,0.0,0.0,0.0,0.0,0.0,0.0,0.0,0.0,0.0,0.0,0.0
1.172,0.0,0.0,0.0,datactrl_ref_vx_fallback,datactrl_est_vx_fallback,0.0,datactrl_est_theta_fallback,0.0,0.0,0.0,0.0,0.0,0.0,0.0,0.0,0.0,0.0,0.0,0.0,0.0,0.0,0.0,0.0,0.0,0.0,0.0,0.0,0.0,0.0,0.0,0.0,0.0
1.273,0.0,0.0,0.0,datactrl_ref_vx_fallback,datactrl_est_vx_fallback,0.0,datactrl_est_theta_fallback,0.0,0.0,0.0,0.0,0.0,0.0,0.0,0.0,0.0,0.0,0.0,0.0,0.0,0.0,0.0,0.0,0.0,0.0,0.0,0.0,0.0,0.0,0.0,0.0,0.0
1.372,0.0,0.0,0.0,datactrl_ref_vx_fallback,datactrl_est_vx_fallback,0.0,datactrl_est_theta_fallback,0.0,0.0,0.0,0.0,0.0,0.0,0.0,0.0,0.0,0.0,0.0,0.0,0.0,0.0,0.0,0.0,0.0,0.0,0.0,0.0,0.0,0.0,0.0,0.0,0.0
1.472,0.0,0.0,0.0,datactrl_ref_vx_fallback,datactrl_est_vx_fallback,0.0,datactrl_est_theta_fallback,0.0,0.0,0.0,0.0,0.0,0.0,0.0,0.0,0.0,0.0,0.0,0.0,0.0,0.0,0.0,0.0,0.0,0.0,0.0,0.0,0.0,0.0,0.0,0.0,0.0
1.571,0.0,0.0,0.0,datactrl_ref_vx_fallback,datactrl_est_vx_fallback,0.0,datactrl_est_theta_fallback,0.0,0.0,0.0,0.0,0.0,0.0,0.0,0.0,0.0,0.0,0.0,0.0,0.0,0.0,0.0,0.0,0.0,0.0,0.0,0.0,0.0,0.0,0.0,0.0,0.0
1.674,0.0,0.0,0.0,datactrl_ref_vx_fallback,datactrl_est_vx_fallback,0.0,datactrl_est_theta_fallback,0.0,0.0,0.0,0.0,0.0,0.0,0.0,0.0,0.0,0.0,0.0,0.0,0.0,0.0,0.0,0.0,0.0,0.0,0.0,0.0,0.0,0.0,0.0,0.0,0.0
1.773,0.0,0.0,0.0,datactrl_ref_vx_fallback,datactrl_est_vx_fallback,0.0,datactrl_est_theta_fallback,0.0,0.0,0.0,0.0,0.0,0.0,0.0,0.0,0.0,0.0,0.0,0.0,0.0,0.0,0.0,0.0,0.0,0.0,0.0,0.0,0.0,0.0,0.0,0.0,0.0
1.873,0.0,0.0,0.0,datactrl_ref_vx_fallback,datactrl_est_vx_fallback,0.0,datactrl_est_theta_fallback,0.0,0.0,0.0,0.0,0.0,0.0,0.0,0.0,0.0,0.0,0.0,0.0,0.0,0.0,0.0,0.0,0.0,0.0,0.0,0.0,0.0,0.0,0.0,0.0,0.0
1.971,0.0,0.0,0.0,datactrl_ref_vx_fallback,datactrl_est_vx_fallback,0.0,datactrl_est_theta_fallback,0.0,0.0,0.0,0.0,0.0,0.0,0.0,0.0,0.0,0.0,0.0,0.0,0.0,0.0,0.0,0.0,0.0,0.0,0.0,0.0,0.0,0.0,0.0,0.0,0.0
2.074,0.0,0.0,0.0,datactrl_ref_vx_fallback,datactrl_est_vx_fallback,0.0,datactrl_est_theta_fallback,0.0,0.0,0.0,0.0,0.0,0.0,0.0,0.0,0.0,0.0,0.0,0.0,0.0,0.0,0.0,0.0,0.0,0.0,0.0,0.0,0.0,0.0,0.0,0.0,0.0
2.174,0.0,0.0,0.0,datactrl_ref_vx_fallback,datactrl_est_vx_fallback,0.0,datactrl_est_theta_fallback,0.0,0.0,0.0,0.0,0.0,0.0,0.0,0.0,0.0,0.0,0.0,0.0,0.0,0.0,0.0,0.0,0.0,0.0,0.0,0.0,0.0,0.0,0.0,0.0,0.0
2.274,0.0,0.0,0.0,datactrl_ref_vx_fallback,datactrl_est_vx_fallback,0.0,datactrl_est_theta_fallback,0.0,0.0,0.0,0.0,0.0,0.0,0.0,0.0,0.0,0.0,0.0,0.0,0.0,0.0,0.0,0.0,0.0,0.0,0.0,0.0,0.0,0.0,0.0,0.0,0.0
2.373,0.0,0.0,0.0,datactrl_ref_vx_fallback,datactrl_est_vx_fallback,0.0,datactrl_est_theta_fallback,0.0,0.0,0.0,0.0,0.0,0.0,0.0,0.0,0.0,0.0,0.0,0.0,0.0,0.0,0.0,0.0,0.0,0.0,0.0,0.0,0.0,0.0,0.0,0.0,0.0
2.474,0.0,0.0,0.0,datactrl_ref_vx_fallback,datactrl_est_vx_fallback,0.0,datactrl_est_theta_fallback,0.0,0.0,0.0,0.0,0.0,0.0,0.0,0.0,0.0,0.0,0.0,0.0,0.0,0.0,0.0,0.0,0.0,0.0,0.0,0.0,0.0,0.0,0.0,0.0,0.0
2.574,0.0,0.0,0.0,datactrl_ref_vx_fallback,datactrl_est_vx_fallback,0.0,datactrl_est_theta_fallback,0.0,0.0,0.0,0.0,0.0,0.0,0.0,0.0,0.0,0.0,0.0,0.0,0.0,0.0,0.0,0.0,0.0,0.0,0.0,0.0,0.0,0.0,0.0,0.0,0.0
2.675,0.0,0.0,0.0,datactrl_ref_vx_fallback,datactrl_est_vx_fallback,0.0,datactrl_est_theta_fallback,0.0,0.0,0.0,0.0,0.0,0.0,0.0,0.0,0.0,0.0,0.0,0.0,0.0,0.0,0.0,0.0,0.0,0.0,0.0,0.0,0.0,0.0,0.0,0.0,0.0
2.776,0.0,0.0,0.0,datactrl_ref_vx_fallback,datactrl_est_vx_fallback,0.0,datactrl_est_theta_fallback,0.0,0.0,0.0,0.0,0.0,0.0,0.0,0.0,0.0,0.0,0.0,0.0,0.0,0.0,0.0,0.0,0.0,0.0,0.0,0.0,0.0,0.0,0.0,0.0,0.0
2.874,0.0,0.0,0.0,datactrl_ref_vx_fallback,datactrl_est_vx_fallback,0.0,datactrl_est_theta_fallback,0.0,0.0,0.0,0.0,0.0,0.0,0.0,0.0,0.0,0.0,0.0,0.0,0.0,0.0,0.0,0.0,0.0,0.0,0.0,0.0,0.0,0.0,0.0,0.0,0.0
2.974,0.0,0.0,0.0,datactrl_ref_vx_fallback,datactrl_est_vx_fallback,0.0,datactrl_est_theta_fallback,0.0,0.0,0.0,0.0,0.0,0.0,0.0,0.0,0.0,0.0,0.0,0.0,0.0,0.0,0.0,0.0,0.0,0.0,0.0,0.0,0.0,0.0,0.0,0.0,0.0
3.075,0.0,0.0,0.0,datactrl_ref_vx_fallback,datactrl_est_vx_fallback,0.0,datactrl_est_theta_fallback,0.0,0.0,0.0,0.0,0.0,0.0,0.0,0.0,0.0,0.0,0.0,0.0,0.0,0.0,0.0,0.0,0.0,0.0,0.0,0.0,0.0,0.0,0.0,0.0,0.0
3.17,0.0,0.0,0.0,datactrl_ref_vx_fallback,datactrl_est_vx_fallback,0.0,datactrl_est_theta_fallback,0.0,0.0,0.0,0.0,0.0,0.0,0.0,0.0,0.0,0.0,0.0,0.0,0.0,0.0,0.0,0.0,0.0,0.0,0.0,0.0,0.0,0.0,0.0,0.0,0.0
3.274,0.0,0.0,0.0,datactrl_ref_vx_fallback,datactrl_est_vx_fallback,0.0,datactrl_est_theta_fallback,0.0,0.0,0.0,0.0,0.0,0.0,0.0,0.0,0.0,0.0,0.0,0.0,0.0,0.0,0.0,0.0,0.0,0.0,0.0,0.0,0.0,0.0,0.0,0.0,0.0
3.375,0.0,0.0,0.0,datactrl_ref_vx_fallback,datactrl_est_vx_fallback,0.0,datactrl_est_theta_fallback,0.0,0.0,0.0,0.0,0.0,0.0,0.0,0.0,0.0,0.0,0.0,0.0,0.0,0.0,0.0,0.0,0.0,0.0,0.0,0.0,0.0,0.0,0.0,0.0,0.0
3.475,0.0,0.0,0.0,datactrl_ref_vx_fallback,datactrl_est_vx_fallback,0.0,datactrl_est_theta_fallback,0.0,0.0,0.0,0.0,0.0,0.0,0.0,0.0,0.0,0.0,0.0,0.0,0.0,0.0,0.0,0.0,0.0,0.0,0.0,0.0,0.0,0.0,0.0,0.0,0.0
3.576,0.0,0.0,0.0,datactrl_ref_vx_fallback,datactrl_est_vx_fallback,0.0,datactrl_est_theta_fallback,0.0,0.0,0.0,0.0,0.0,0.0,0.0,0.0,0.0,0.0,0.0,0.0,0.0,0.0,0.0,0.0,0.0,0.0,0.0,0.0,0.0,0.0,0.0,0.0,0.0
3.676,0.0,0.0,0.0,datactrl_ref_vx_fallback,datactrl_est_vx_fallback,0.0,datactrl_est_theta_fallback,0.0,0.0,0.0,0.0,0.0,0.0,0.0,0.0,0.0,0.0,0.0,0.0,0.0,0.0,0.0,0.0,0.0,0.0,0.0,0.0,0.0,0.0,0.0,0.0,0.0
3.777,0.0,0.0,0.0,datactrl_ref_vx_fallback,datactrl_est_vx_fallback,0.0,datactrl_est_theta_fallback,0.0,0.0,0.0,0.0,0.0,0.0,0.0,0.0,0.0,0.0,0.0,0.0,0.0,0.0,0.0,0.0,0.0,0.0,0.0,0.0,0.0,0.0,0.0,0.0,0.0
3.873,0.0,0.0,0.0,datactrl_ref_vx_fallback,datactrl_est_vx_fallback,0.0,datactrl_est_theta_fallback,0.0,0.0,0.0,0.0,0.0,0.0,0.0,0.0,0.0,0.0,0.0,0.0,0.0,0.0,0.0,0.0,0.0,0.0,0.0,0.0,0.0,0.0,0.0,0.0,0.0
3.977,0.0,0.0,0.0,datactrl_ref_vx_fallback,datactrl_est_vx_fallback,0.0,datactrl_est_theta_fallback,0.0,0.0,0.0,0.0,0.0,0.0,0.0,0.0,0.0,0.0,0.0,0.0,0.0,0.0,0.0,0.0,0.0,0.0,0.0,0.0,0.0,0.0,0.0,0.0,0.0
4.074,0.0,0.0,0.0,datactrl_ref_vx_fallback,datactrl_est_vx_fallback,0.0,datactrl_est_theta_fallback,0.0,0.0,0.0,0.0,0.0,0.0,0.0,0.0,0.0,0.0,0.0,0.0,0.0,0.0,0.0,0.0,0.0,0.0,0.0,0.0,0.0,0.0,0.0,0.0,0.0
4.177,0.0,0.0,0.0,datactrl_ref_vx_fallback,datactrl_est_vx_fallback,0.0,datactrl_est_theta_fallback,0.0,0.0,0.0,0.0,0.0,0.0,0.0,0.0,0.0,0.0,0.0,0.0,0.0,0.0,0.0,0.0,0.0,0.0,0.0,0.0,0.0,0.0,0.0,0.0,0.0
4.274,0.0,0.0,0.0,datactrl_ref_vx_fallback,datactrl_est_vx_fallback,0.0,datactrl_est_theta_fallback,0.0,0.0,0.0,0.0,0.0,0.0,0.0,0.0,0.0,0.0,0.0,0.0,0.0,0.0,0.0,0.0,0.0,0.0,0.0,0.0,0.0,0.0,0.0,0.0,0.0
4.377,0.0,0.0,0.0,datactrl_ref_vx_fallback,datactrl_est_vx_fallback,0.0,datactrl_est_theta_fallback,0.0,0.0,0.0,0.0,0.0,0.0,0.0,0.0,0.0,0.0,0.0,0.0,0.0,0.0,0.0,0.0,0.0,0.0,0.0,0.0,0.0,0.0,0.0,0.0,0.0
4.476,0.0,0.0,0.0,datactrl_ref_vx_fallback,datactrl_est_vx_fallback,0.0,datactrl_est_theta_fallback,0.0,0.0,0.0,0.0,0.0,0.0,0.0,0.0,0.0,0.0,0.0,0.0,0.0,0.0,0.0,0.0,0.0,0.0,0.0,0.0,0.0,0.0,0.0,0.0,0.0
4.577,0.0,0.0,0.0,datactrl_ref_vx_fallback,datactrl_est_vx_fallback,0.0,datactrl_est_theta_fallback,0.0,0.0,0.0,0.0,0.0,0.0,0.0,0.0,0.0,0.0,0.0,0.0,0.0,0.0,0.0,0.0,0.0,0.0,0.0,0.0,0.0,0.0,0.0,0.0,0.0
4.676,0.0,0.0,0.0,datactrl_ref_vx_fallback,datactrl_est_vx_fallback,0.0,datactrl_est_theta_fallback,0.0,0.0,0.0,0.0,0.0,0.0,0.0,0.0,0.0,0.0,0.0,0.0,0.0,0.0,0.0,0.0,0.0,0.0,0.0,0.0,0.0,0.0,0.0,0.0,0.0
4.776,0.0,0.0,0.0,datactrl_ref_vx_fallback,datactrl_est_vx_fallback,0.0,datactrl_est_theta_fallback,0.0,0.0,0.0,0.0,0.0,0.0,0.0,0.0,0.0,0.0,0.0,0.0,0.0,0.0,0.0,0.0,0.0,0.0,0.0,0.0,0.0,0.0,0.0,0.0,0.0
4.877,0.0,0.0,0.0,datactrl_ref_vx_fallback,datactrl_est_vx_fallback,0.0,datactrl_est_theta_fallback,0.0,0.0,0.0,0.0,0.0,0.0,0.0,0.0,0.0,0.0,0.0,0.0,0.0,0.0,0.0,0.0,0.0,0.0,0.0,0.0,0.0,0.0,0.0,0.0,0.0
4.978,0.0,0.0,0.0,datactrl_ref_vx_fallback,datactrl_est_vx_fallback,0.0,datactrl_est_theta_fallback,0.0,0.0,0.0,0.0,0.0,0.0,0.0,0.0,0.0,0.0,0.0,0.0,0.0,0.0,0.0,0.0,0.0,0.0,0.0,0.0,0.0,0.0,0.0,0.0,0.0
5.077,0.0,0.0,0.0,datactrl_ref_vx_fallback,datactrl_est_vx_fallback,0.0,datactrl_est_theta_fallback,0.0,0.0,0.0,0.0,0.0,0.0,0.0,0.0,0.0,0.0,0.0,0.0,0.0,0.0,0.0,0.0,0.0,0.0,0.0,0.0,0.0,0.0,0.0,0.0,0.0
5.178,0.0,0.0,0.0,datactrl_ref_vx_fallback,datactrl_est_vx_fallback,0.0,datactrl_est_theta_fallback,0.0,0.0,0.0,0.0,0.0,0.0,0.0,0.0,0.0,0.0,0.0,0.0,0.0,0.0,0.0,0.0,0.0,0.0,0.0,0.0,0.0,0.0,0.0,0.0,0.0
5.282,0.0,0.0,0.0,datactrl_ref_vx_fallback,datactrl_est_vx_fallback,0.0,datactrl_est_theta_fallback,0.0,0.0,0.0,0.0,0.0,0.0,0.0,0.0,0.0,0.0,0.0,0.0,0.0,0.0,0.0,0.0,0.0,0.0,0.0,0.0,0.0,0.0,0.0,0.0,0.0
5.378,0.0,0.0,0.0,datactrl_ref_vx_fallback,datactrl_est_vx_fallback,0.0,datactrl_est_theta_fallback,0.0,0.0,0.0,0.0,0.0,0.0,0.0,0.0,0.0,0.0,0.0,0.0,0.0,0.0,0.0,0.0,0.0,0.0,0.0,0.0,0.0,0.0,0.0,0.0,0.0
5.479,0.0,0.0,0.0,datactrl_ref_vx_fallback,datactrl_est_vx_fallback,0.0,datactrl_est_theta_fallback,0.0,0.0,0.0,0.0,0.0,0.0,0.0,0.0,0.0,0.0,0.0,0.0,0.0,0.0,0.0,0.0,0.0,0.0,0.0,0.0,0.0,0.0,0.0,0.0,0.0
5.578,0.0,0.0,0.0,datactrl_ref_vx_fallback,datactrl_est_vx_fallback,0.0,datactrl_est_theta_fallback,0.0,0.0,0.0,0.0,0.0,0.0,0.0,0.0,0.0,0.0,0.0,0.0,0.0,0.0,0.0,0.0,0.0,0.0,0.0,0.0,0.0,0.0,0.0,0.0,0.0
5.68,0.0,0.0,0.0,datactrl_ref_vx_fallback,datactrl_est_vx_fallback,0.0,datactrl_est_theta_fallback,0.0,0.0,0.0,0.0,0.0,0.0,0.0,0.0,0.0,0.0,0.0,0.0,0.0,0.0,0.0,0.0,0.0,0.0,0.0,0.0,0.0,0.0,0.0,0.0,0.0
5.779,0.0,0.0,0.0,datactrl_ref_vx_fallback,datactrl_est_vx_fallback,0.0,datactrl_est_theta_fallback,0.0,0.0,0.0,0.0,0.0,0.0,0.0,0.0,0.0,0.0,0.0,0.0,0.0,0.0,0.0,0.0,0.0,0.0,0.0,0.0,0.0,0.0,0.0,0.0,0.0
5.879,0.0,0.0,0.0,datactrl_ref_vx_fallback,datactrl_est_vx_fallback,0.0,datactrl_est_theta_fallback,0.0,0.0,0.0,0.0,0.0,0.0,0.0,0.0,0.0,0.0,0.0,0.0,0.0,0.0,0.0,0.0,0.0,0.0,0.0,0.0,0.0,0.0,0.0,0.0,0.0
5.979,0.0,0.0,0.0,datactrl_ref_vx_fallback,datactrl_est_vx_fallback,0.0,datactrl_est_theta_fallback,0.0,0.0,0.0,0.0,0.0,0.0,0.0,0.0,0.0,0.0,0.0,0.0,0.0,0.0,0.0,0.0,0.0,0.0,0.0,0.0,0.0,0.0,0.0,0.0,0.0
6.079,0.0,0.0,0.0,datactrl_ref_vx_fallback,datactrl_est_vx_fallback,0.0,datactrl_est_theta_fallback,0.0,0.0,0.0,0.0,0.0,0.0,0.0,0.0,0.0,0.0,0.0,0.0,0.0,0.0,0.0,0.0,0.0,0.0,0.0,0.0,0.0,0.0,0.0,0.0,0.0
6.179,0.0,0.0,0.0,datactrl_ref_vx_fallback,datactrl_est_vx_fallback,0.0,datactrl_est_theta_fallback,0.0,0.0,0.0,0.0,0.0,0.0,0.0,0.0,0.0,0.0,0.0,0.0,0.0,0.0,0.0,0.0,0.0,0.0,0.0,0.0,0.0,0.0,0.0,0.0,0.0
6.279,0.0,0.0,0.0,datactrl_ref_vx_fallback,datactrl_est_vx_fallback,0.0,datactrl_est_theta_fallback,0.0,0.0,0.0,0.0,0.0,0.0,0.0,0.0,0.0,0.0,0.0,0.0,0.0,0.0,0.0,0.0,0.0,0.0,0.0,0.0,0.0,0.0,0.0,0.0,0.0
6.379,0.0,0.0,0.0,datactrl_ref_vx_fallback,datactrl_est_vx_fallback,0.0,datactrl_est_theta_fallback,0.0,0.0,0.0,0.0,0.0,0.0,0.0,0.0,0.0,0.0,0.0,0.0,0.0,0.0,0.0,0.0,0.0,0.0,0.0,0.0,0.0,0.0,0.0,0.0,0.0
6.48,0.0,0.0,0.0,datactrl_ref_vx_fallback,datactrl_est_vx_fallback,0.0,datactrl_est_theta_fallback,0.0,0.0,0.0,0.0,0.0,0.0,0.0,0.0,0.0,0.0,0.0,0.0,0.0,0.0,0.0,0.0,0.0,0.0,0.0,0.0,0.0,0.0,0.0,0.0,0.0
6.579,0.0,0.0,0.0,datactrl_ref_vx_fallback,datactrl_est_vx_fallback,0.0,datactrl_est_theta_fallback,0.0,0.0,0.0,0.0,0.0,0.0,0.0,0.0,0.0,0.0,0.0,0.0,0.0,0.0,0.0,0.0,0.0,0.0,0.0,0.0,0.0,0.0,0.0,0.0,0.0
6.68,0.0,0.0,0.0,datactrl_ref_vx_fallback,datactrl_est_vx_fallback,0.0,datactrl_est_theta_fallback,0.0,0.0,0.0,0.0,0.0,0.0,0.0,0.0,0.0,0.0,0.0,0.0,0.0,0.0,0.0,0.0,0.0,0.0,0.0,0.0,0.0,0.0,0.0,0.0,0.0
6.78,0.0,0.0,0.0,datactrl_ref_vx_fallback,datactrl_est_vx_fallback,0.0,datactrl_est_theta_fallback,0.0,0.0,0.0,0.0,0.0,0.0,0.0,0.0,0.0,0.0,0.0,0.0,0.0,0.0,0.0,0.0,0.0,0.0,0.0,0.0,0.0,0.0,0.0,0.0,0.0
6.88,0.0,0.0,0.0,datactrl_ref_vx_fallback,datactrl_est_vx_fallback,0.0,datactrl_est_theta_fallback,0.0,0.0,0.0,0.0,0.0,0.0,0.0,0.0,0.0,0.0,0.0,0.0,0.0,0.0,0.0,0.0,0.0,0.0,0.0,0.0,0.0,0.0,0.0,0.0,0.0
6.981,0.0,0.0,0.0,datactrl_ref_vx_fallback,datactrl_est_vx_fallback,0.0,datactrl_est_theta_fallback,0.0,0.0,0.0,0.0,0.0,0.0,0.0,0.0,0.0,0.0,0.0,0.0,0.0,0.0,0.0,0.0,0.0,0.0,0.0,0.0,0.0,0.0,0.0,0.0,0.0
7.08,0.0,0.0,0.0,datactrl_ref_vx_fallback,datactrl_est_vx_fallback,0.0,datactrl_est_theta_fallback,0.0,0.0,0.0,0.0,0.0,0.0,0.0,0.0,0.0,0.0,0.0,0.0,0.0,0.0,0.0,0.0,0.0,0.0,0.0,0.0,0.0,0.0,0.0,0.0,0.0
7.18,0.0,0.0,0.0,datactrl_ref_vx_fallback,datactrl_est_vx_fallback,0.0,datactrl_est_theta_fallback,0.0,0.0,0.0,0.0,0.0,0.0,0.0,0.0,0.0,0.0,0.0,0.0,0.0,0.0,0.0,0.0,0.0,0.0,0.0,0.0,0.0,0.0,0.0,0.0,0.0
7.28,0.0,0.0,0.0,datactrl_ref_vx_fallback,datactrl_est_vx_fallback,0.0,datactrl_est_theta_fallback,0.0,0.0,0.0,0.0,0.0,0.0,0.0,0.0,0.0,0.0,0.0,0.0,0.0,0.0,0.0,0.0,0.0,0.0,0.0,0.0,0.0,0.0,0.0,0.0,0.0
7.38,0.0,0.0,0.0,datactrl_ref_vx_fallback,datactrl_est_vx_fallback,0.0,datactrl_est_theta_fallback,0.0,0.0,0.0,0.0,0.0,0.0,0.0,0.0,0.0,0.0,0.0,0.0,0.0,0.0,0.0,0.0,0.0,0.0,0.0,0.0,0.0,0.0,0.0,0.0,0.0
7.496,0.0,0.0,0.0,datactrl_ref_vx_fallback,datactrl_est_vx_fallback,0.0,datactrl_est_theta_fallback,0.0,0.0,0.0,0.0,0.0,0.0,0.0,0.0,0.0,0.0,0.0,0.0,0.0,0.0,0.0,0.0,0.0,0.0,0.0,0.0,0.0,0.0,0.0,0.0,0.0
7.581,0.0,0.0,0.0,datactrl_ref_vx_fallback,datactrl_est_vx_fallback,0.0,datactrl_est_theta_fallback,0.0,0.0,0.0,0.0,0.0,0.0,0.0,0.0,0.0,0.0,0.0,0.0,0.0,0.0,0.0,0.0,0.0,0.0,0.0,0.0,0.0,0.0,0.0,0.0,0.0
7.681,0.0,0.0,0.0,datactrl_ref_vx_fallback,datactrl_est_vx_fallback,0.0,datactrl_est_theta_fallback,0.0,0.0,0.0,0.0,0.0,0.0,0.0,0.0,0.0,0.0,0.0,0.0,0.0,0.0,0.0,0.0,0.0,0.0,0.0,0.0,0.0,0.0,0.0,0.0,0.0
7.783,0.0,0.0,0.0,datactrl_ref_vx_fallback,datactrl_est_vx_fallback,0.0,datactrl_est_theta_fallback,0.0,0.0,0.0,0.0,0.0,0.0,0.0,0.0,0.0,0.0,0.0,0.0,0.0,0.0,0.0,0.0,0.0,0.0,0.0,0.0,0.0,0.0,0.0,0.0,0.0
7.881,0.0,0.0,0.0,datactrl_ref_vx_fallback,datactrl_est_vx_fallback,0.0,datactrl_est_theta_fallback,0.0,0.0,0.0,0.0,0.0,0.0,0.0,0.0,0.0,0.0,0.0,0.0,0.0,0.0,0.0,0.0,0.0,0.0,0.0,0.0,0.0,0.0,0.0,0.0,0.0
7.982,0.0,0.0,0.0,datactrl_ref_vx_fallback,datactrl_est_vx_fallback,0.0,datactrl_est_theta_fallback,0.0,0.0,0.0,0.0,0.0,0.0,0.0,0.0,0.0,0.0,0.0,0.0,0.0,0.0,0.0,0.0,0.0,0.0,0.0,0.0,0.0,0.0,0.0,0.0,0.0
8.082,0.0,0.0,0.0,datactrl_ref_vx_fallback,datactrl_est_vx_fallback,0.0,datactrl_est_theta_fallback,0.0,0.0,0.0,0.0,0.0,0.0,0.0,0.0,0.0,0.0,0.0,0.0,0.0,0.0,0.0,0.0,0.0,0.0,0.0,0.0,0.0,0.0,0.0,0.0,0.0
8.182,0.0,0.0,0.0,datactrl_ref_vx_fallback,datactrl_est_vx_fallback,0.0,datactrl_est_theta_fallback,0.0,0.0,0.0,0.0,0.0,0.0,0.0,0.0,0.0,0.0,0.0,0.0,0.0,0.0,0.0,0.0,0.0,0.0,0.0,0.0,0.0,0.0,0.0,0.0,0.0
8.283,0.0,0.0,0.0,datactrl_ref_vx_fallback,datactrl_est_vx_fallback,0.0,datactrl_est_theta_fallback,0.0,0.0,0.0,0.0,0.0,0.0,0.0,0.0,0.0,0.0,0.0,0.0,0.0,0.0,0.0,0.0,0.0,0.0,0.0,0.0,0.0,0.0,0.0,0.0,0.0
8.386,0.0,0.0,0.0,datactrl_ref_vx_fallback,datactrl_est_vx_fallback,0.0,datactrl_est_theta_fallback,0.0,0.0,0.0,0.0,0.0,0.0,0.0,0.0,0.0,0.0,0.0,0.0,0.0,0.0,0.0,0.0,0.0,0.0,0.0,0.0,0.0,0.0,0.0,0.0,0.0
8.482,0.0,0.0,0.0,datactrl_ref_vx_fallback,datactrl_est_vx_fallback,0.0,datactrl_est_theta_fallback,0.0,0.0,0.0,0.0,0.0,0.0,0.0,0.0,0.0,0.0,0.0,0.0,0.0,0.0,0.0,0.0,0.0,0.0,0.0,0.0,0.0,0.0,0.0,0.0,0.0
8.582,0.0,0.0,0.0,datactrl_ref_vx_fallback,datactrl_est_vx_fallback,0.0,datactrl_est_theta_fallback,0.0,0.0,0.0,0.0,0.0,0.0,0.0,0.0,0.0,0.0,0.0,0.0,0.0,0.0,0.0,0.0,0.0,0.0,0.0,0.0,0.0,0.0,0.0,0.0,0.0
8.682,0.0,0.0,0.0,datactrl_ref_vx_fallback,datactrl_est_vx_fallback,0.0,datactrl_est_theta_fallback,0.0,0.0,0.0,0.0,0.0,0.0,0.0,0.0,0.0,0.0,0.0,0.0,0.0,0.0,0.0,0.0,0.0,0.0,0.0,0.0,0.0,0.0,0.0,0.0,0.0
8.782,0.0,0.0,0.0,datactrl_ref_vx_fallback,datactrl_est_vx_fallback,0.0,datactrl_est_theta_fallback,0.0,0.0,0.0,0.0,0.0,0.0,0.0,0.0,0.0,0.0,0.0,0.0,0.0,0.0,0.0,0.0,0.0,0.0,0.0,0.0,0.0,0.0,0.0,0.0,0.0
8.883,0.0,0.0,0.0,datactrl_ref_vx_fallback,datactrl_est_vx_fallback,0.0,datactrl_est_theta_fallback,0.0,0.0,0.0,0.0,0.0,0.0,0.0,0.0,0.0,0.0,0.0,0.0,0.0,0.0,0.0,0.0,0.0,0.0,0.0,0.0,0.0,0.0,0.0,0.0,0.0
8.983,0.0,0.0,0.0,datactrl_ref_vx_fallback,datactrl_est_vx_fallback,0.0,datactrl_est_theta_fallback,0.0,0.0,0.0,0.0,0.0,0.0,0.0,0.0,0.0,0.0,0.0,0.0,0.0,0.0,0.0,0.0,0.0,0.0,0.0,0.0,0.0,0.0,0.0,0.0,0.0
9.083,0.0,0.0,0.0,datactrl_ref_vx_fallback,datactrl_est_vx_fallback,0.0,datactrl_est_theta_fallback,0.0,0.0,0.0,0.0,0.0,0.0,0.0,0.0,0.0,0.0,0.0,0.0,0.0,0.0,0.0,0.0,0.0,0.0,0.0,0.0,0.0,0.0,0.0,0.0,0.0
9.182,0.0,0.0,0.0,datactrl_ref_vx_fallback,datactrl_est_vx_fallback,0.0,datactrl_est_theta_fallback,0.0,0.0,0.0,0.0,0.0,0.0,0.0,0.0,0.0,0.0,0.0,0.0,0.0,0.0,0.0,0.0,0.0,0.0,0.0,0.0,0.0,0.0,0.0,0.0,0.0
9.303,0.0,0.0,0.0,datactrl_ref_vx_fallback,datactrl_est_vx_fallback,0.0,datactrl_est_theta_fallback,0.0,0.0,0.0,0.0,0.0,0.0,0.0,0.0,0.0,0.0,0.0,0.0,0.0,0.0,0.0,0.0,0.0,0.0,0.0,0.0,0.0,0.0,0.0,0.0,0.0
9.383,0.0,0.0,0.0,datactrl_ref_vx_fallback,datactrl_est_vx_fallback,0.0,datactrl_est_theta_fallback,0.0,0.0,0.0,0.0,0.0,0.0,0.0,0.0,0.0,0.0,0.0,0.0,0.0,0.0,0.0,0.0,0.0,0.0,0.0,0.0,0.0,0.0,0.0,0.0,0.0
9.484,0.0,0.0,0.0,datactrl_ref_vx_fallback,datactrl_est_vx_fallback,0.0,datactrl_est_theta_fallback,0.0,0.0,0.0,0.0,0.0,0.0,0.0,0.0,0.0,0.0,0.0,0.0,0.0,0.0,0.0,0.0,0.0,0.0,0.0,0.0,0.0,0.0,0.0,0.0,0.0
9.586,0.0,0.0,0.0,datactrl_ref_vx_fallback,datactrl_est_vx_fallback,0.0,datactrl_est_theta_fallback,0.0,0.0,0.0,0.0,0.0,0.0,0.0,0.0,0.0,0.0,0.0,0.0,0.0,0.0,0.0,0.0,0.0,0.0,0.0,0.0,0.0,0.0,0.0,0.0,0.0
9.684,0.0,0.0,0.0,datactrl_ref_vx_fallback,datactrl_est_vx_fallback,0.0,datactrl_est_theta_fallback,0.0,0.0,0.0,0.0,0.0,0.0,0.0,0.0,0.0,0.0,0.0,0.0,0.0,0.0,0.0,0.0,0.0,0.0,0.0,0.0,0.0,0.0,0.0,0.0,0.0
9.783,0.0,0.0,0.0,datactrl_ref_vx_fallback,datactrl_est_vx_fallback,0.0,datactrl_est_theta_fallback,0.0,0.0,0.0,0.0,0.0,0.0,0.0,0.0,0.0,0.0,0.0,0.0,0.0,0.0,0.0,0.0,0.0,0.0,0.0,0.0,0.0,0.0,0.0,0.0,0.0
9.884,0.0,0.0,0.0,datactrl_ref_vx_fallback,datactrl_est_vx_fallback,0.0,datactrl_est_theta_fallback,0.0,0.0,0.0,0.0,0.0,0.0,0.0,0.0,0.0,0.0,0.0,0.0,0.0,0.0,0.0,0.0,0.0,0.0,0.0,0.0,0.0,0.0,0.0,0.0,0.0
9.983,0.0,0.0,0.0,datactrl_ref_vx_fallback,datactrl_est_vx_fallback,0.0,datactrl_est_theta_fallback,0.0,0.0,0.0,0.0,0.0,0.0,0.0,0.0,0.0,0.0,0.0,0.0,0.0,0.0,0.0,0.0,0.0,0.0,0.0,0.0,0.0,0.0,0.0,0.0,0.0
10.086,0.0,0.0,0.0,datactrl_ref_vx_fallback,datactrl_est_vx_fallback,0.0,datactrl_est_theta_fallback,0.0,0.0,0.0,0.0,0.0,0.0,0.0,0.0,0.0,0.0,0.0,0.0,0.0,0.0,0.0,0.0,0.0,0.0,0.0,0.0,0.0,0.0,0.0,0.0,0.0
10.184,0.0,0.0,0.0,datactrl_ref_vx_fallback,datactrl_est_vx_fallback,0.0,datactrl_est_theta_fallback,0.0,0.0,0.0,0.0,0.0,0.0,0.0,0.0,0.0,0.0,0.0,0.0,0.0,0.0,0.0,0.0,0.0,0.0,0.0,0.0,0.0,0.0,0.0,0.0,0.0
10.284,0.0,0.0,0.0,datactrl_ref_vx_fallback,datactrl_est_vx_fallback,0.0,datactrl_est_theta_fallback,0.0,0.0,0.0,0.0,0.0,0.0,0.0,0.0,0.0,0.0,0.0,0.0,0.0,0.0,0.0,0.0,0.0,0.0,0.0,0.0,0.0,0.0,0.0,0.0,0.0
10.384,0.0,0.0,0.0,datactrl_ref_vx_fallback,datactrl_est_vx_fallback,0.0,datactrl_est_theta_fallback,0.0,0.0,0.0,0.0,0.0,0.0,0.0,0.0,0.0,0.0,0.0,0.0,0.0,0.0,0.0,0.0,0.0,0.0,0.0,0.0,0.0,0.0,0.0,0.0,0.0
10.483,0.0,0.0,0.0,datactrl_ref_vx_fallback,datactrl_est_vx_fallback,0.0,datactrl_est_theta_fallback,0.0,0.0,0.0,0.0,0.0,0.0,0.0,0.0,0.0,0.0,0.0,0.0,0.0,0.0,0.0,0.0,0.0,0.0,0.0,0.0,0.0,0.0,0.0,0.0,0.0
10.585,0.0,0.0,0.0,datactrl_ref_vx_fallback,datactrl_est_vx_fallback,0.0,datactrl_est_theta_fallback,0.0,0.0,0.0,0.0,0.0,0.0,0.0,0.0,0.0,0.0,0.0,0.0,0.0,0.0,0.0,0.0,0.0,0.0,0.0,0.0,0.0,0.0,0.0,0.0,0.0
10.684,0.0,0.0,0.0,datactrl_ref_vx_fallback,datactrl_est_vx_fallback,0.0,datactrl_est_theta_fallback,0.0,0.0,0.0,0.0,0.0,0.0,0.0,0.0,0.0,0.0,0.0,0.0,0.0,0.0,0.0,0.0,0.0,0.0,0.0,0.0,0.0,0.0,0.0,0.0,0.0
10.79,0.0,0.0,0.0,datactrl_ref_vx_fallback,datactrl_est_vx_fallback,0.0,datactrl_est_theta_fallback,0.0,0.0,0.0,0.0,0.0,0.0,0.0,0.0,0.0,0.0,0.0,0.0,0.0,0.0,0.0,0.0,0.0,0.0,0.0,0.0,0.0,0.0,0.0,0.0,0.0
10.885,0.0,0.0,0.0,datactrl_ref_vx_fallback,datactrl_est_vx_fallback,0.0,datactrl_est_theta_fallback,0.0,0.0,0.0,0.0,0.0,0.0,0.0,0.0,0.0,0.0,0.0,0.0,0.0,0.0,0.0,0.0,0.0,0.0,0.0,0.0,0.0,0.0,0.0,0.0,0.0
10.986,0.0,0.0,0.0,datactrl_ref_vx_fallback,datactrl_est_vx_fallback,0.0,datactrl_est_theta_fallback,0.0,0.0,0.0,0.0,0.0,0.0,0.0,0.0,0.0,0.0,0.0,0.0,0.0,0.0,0.0,0.0,0.0,0.0,0.0,0.0,0.0,0.0,0.0,0.0,0.0
11.086,0.0,0.0,0.0,datactrl_ref_vx_fallback,datactrl_est_vx_fallback,0.0,datactrl_est_theta_fallback,0.0,0.0,0.0,0.0,0.0,0.0,0.0,0.0,0.0,0.0,0.0,0.0,0.0,0.0,0.0,0.0,0.0,0.0,0.0,0.0,0.0,0.0,0.0,0.0,0.0
11.186,0.0,0.0,0.0,datactrl_ref_vx_fallback,datactrl_est_vx_fallback,0.0,datactrl_est_theta_fallback,0.0,0.0,0.0,0.0,0.0,0.0,0.0,0.0,0.0,0.0,0.0,0.0,0.0,0.0,0.0,0.0,0.0,0.0,0.0,0.0,0.0,0.0,0.0,0.0,0.0
11.287,0.0,0.0,0.0,datactrl_ref_vx_fallback,datactrl_est_vx_fallback,0.0,datactrl_est_theta_fallback,0.0,0.0,0.0,0.0,0.0,0.0,0.0,0.0,0.0,0.0,0.0,0.0,0.0,0.0,0.0,0.0,0.0,0.0,0.0,0.0,0.0,0.0,0.0,0.0,0.0
11.387,0.0,0.0,0.0,datactrl_ref_vx_fallback,datactrl_est_vx_fallback,0.0,datactrl_est_theta_fallback,0.0,0.0,0.0,0.0,0.0,0.0,0.0,0.0,0.0,0.0,0.0,0.0,0.0,0.0,0.0,0.0,0.0,0.0,0.0,0.0,0.0,0.0,0.0,0.0,0.0
11.486,0.0,0.0,0.0,datactrl_ref_vx_fallback,datactrl_est_vx_fallback,0.0,datactrl_est_theta_fallback,0.0,0.0,0.0,0.0,0.0,0.0,0.0,0.0,0.0,0.0,0.0,0.0,0.0,0.0,0.0,0.0,0.0,0.0,0.0,0.0,0.0,0.0,0.0,0.0,0.0
11.588,0.0,0.0,0.0,datactrl_ref_vx_fallback,datactrl_est_vx_fallback,0.0,datactrl_est_theta_fallback,0.0,0.0,0.0,0.0,0.0,0.0,0.0,0.0,0.0,0.0,0.0,0.0,0.0,0.0,0.0,0.0,0.0,0.0,0.0,0.0,0.0,0.0,0.0,0.0,0.0
11.689,0.0,0.0,0.0,datactrl_ref_vx_fallback,datactrl_est_vx_fallback,0.0,datactrl_est_theta_fallback,0.0,0.0,0.0,0.0,0.0,0.0,0.0,0.0,0.0,0.0,0.0,0.0,0.0,0.0,0.0,0.0,0.0,0.0,0.0,0.0,0.0,0.0,0.0,0.0,0.0
11.787,0.0,0.0,0.0,datactrl_ref_vx_fallback,datactrl_est_vx_fallback,0.0,datactrl_est_theta_fallback,0.0,0.0,0.0,0.0,0.0,0.0,0.0,0.0,0.0,0.0,0.0,0.0,0.0,0.0,0.0,0.0,0.0,0.0,0.0,0.0,0.0,0.0,0.0,0.0,0.0
11.886,0.0,0.0,0.0,datactrl_ref_vx_fallback,datactrl_est_vx_fallback,0.0,datactrl_est_theta_fallback,0.0,0.0,0.0,0.0,0.0,0.0,0.0,0.0,0.0,0.0,0.0,0.0,0.0,0.0,0.0,0.0,0.0,0.0,0.0,0.0,0.0,0.0,0.0,0.0,0.0
11.986,0.0,0.0,0.0,datactrl_ref_vx_fallback,datactrl_est_vx_fallback,0.0,datactrl_est_theta_fallback,0.0,0.0,0.0,0.0,0.0,0.0,0.0,0.0,0.0,0.0,0.0,0.0,0.0,0.0,0.0,0.0,0.0,0.0,0.0,0.0,0.0,0.0,0.0,0.0,0.0
12.087,0.0,0.0,0.0,datactrl_ref_vx_fallback,datactrl_est_vx_fallback,0.0,datactrl_est_theta_fallback,0.0,0.0,0.0,0.0,0.0,0.0,0.0,0.0,0.0,0.0,0.0,0.0,0.0,0.0,0.0,0.0,0.0,0.0,0.0,0.0,0.0,0.0,0.0,0.0,0.0
12.186,0.0,0.0,0.0,datactrl_ref_vx_fallback,datactrl_est_vx_fallback,0.0,datactrl_est_theta_fallback,0.0,0.0,0.0,0.0,0.0,0.0,0.0,0.0,0.0,0.0,0.0,0.0,0.0,0.0,0.0,0.0,0.0,0.0,0.0,0.0,0.0,0.0,0.0,0.0,0.0
12.287,0.0,0.0,0.0,datactrl_ref_vx_fallback,datactrl_est_vx_fallback,0.0,datactrl_est_theta_fallback,0.0,0.0,0.0,0.0,0.0,0.0,0.0,0.0,0.0,0.0,0.0,0.0,0.0,0.0,0.0,0.0,0.0,0.0,0.0,0.0,0.0,0.0,0.0,0.0,0.0
12.387,0.0,0.0,0.0,datactrl_ref_vx_fallback,datactrl_est_vx_fallback,0.0,datactrl_est_theta_fallback,0.0,0.0,0.0,0.0,0.0,0.0,0.0,0.0,0.0,0.0,0.0,0.0,0.0,0.0,0.0,0.0,0.0,0.0,0.0,0.0,0.0,0.0,0.0,0.0,0.0
12.487,0.0,0.0,0.0,datactrl_ref_vx_fallback,datactrl_est_vx_fallback,0.0,datactrl_est_theta_fallback,0.0,0.0,0.0,0.0,0.0,0.0,0.0,0.0,0.0,0.0,0.0,0.0,0.0,0.0,0.0,0.0,0.0,0.0,0.0,0.0,0.0,0.0,0.0,0.0,0.0
12.586,0.0,0.0,0.0,datactrl_ref_vx_fallback,datactrl_est_vx_fallback,0.0,datactrl_est_theta_fallback,0.0,0.0,0.0,0.0,0.0,0.0,0.0,0.0,0.0,0.0,0.0,0.0,0.0,0.0,0.0,0.0,0.0,0.0,0.0,0.0,0.0,0.0,0.0,0.0,0.0
12.688,0.0,0.0,0.0,datactrl_ref_vx_fallback,datactrl_est_vx_fallback,0.0,datactrl_est_theta_fallback,0.0,0.0,0.0,0.0,0.0,0.0,0.0,0.0,0.0,0.0,0.0,0.0,0.0,0.0,0.0,0.0,0.0,0.0,0.0,0.0,0.0,0.0,0.0,0.0,0.0
12.787,0.0,0.0,0.0,datactrl_ref_vx_fallback,datactrl_est_vx_fallback,0.0,datactrl_est_theta_fallback,0.0,0.003750000055879355,0.002165063541723057,0.005000000074505806,0.005000000074505806,0.005000000074505806,0.005000000074505806,0.005000000074505806,0.005000000074505806,0.0,0.0,0.0,0.0,0.0,0.0,0.0,0.0,0.0,0.0,0.0,0.0,0.0,0.0,0.0,0.0
12.891,0.0,0.0,0.0,datactrl_ref_vx_fallback,datactrl_est_vx_fallback,0.0,datactrl_est_theta_fallback,0.0,0.00750000011175871,0.004330127083446114,0.010000000149011612,0.010000000149011612,0.010000000149011612,0.010000000149011612,0.010000000149011612,0.010000000149011612,0.0,0.0,0.0,0.0,0.0,0.0,0.0,0.0,0.0,0.0,0.0,0.0,0.0,0.0,0.0,0.0
12.986,0.0,0.0,0.0,datactrl_ref_vx_fallback,datactrl_est_vx_fallback,0.0,datactrl_est_theta_fallback,0.0,0.011250000447034836,0.006495190786478973,0.015000000596046448,0.015000000596046448,0.015000000596046448,0.015000000596046448,0.015000000596046448,0.015000000596046448,0.0,0.0,0.0,0.0,0.0,0.0,0.0,0.0,0.0,0.0,0.0,0.0,0.0,0.0,0.0,0.0
13.088,0.0,0.0,0.0,datactrl_ref_vx_fallback,datactrl_est_vx_fallback,0.0,datactrl_est_theta_fallback,0.0,0.01500000022351742,0.008660254166892228,0.020000000298023225,0.020000000298023225,0.020000000298023225,0.020000000298023225,0.020000000298023225,0.020000000298023225,0.0,0.0,0.0,0.0,0.0,0.0,0.0,0.0,0.0,0.0,0.0,0.0,0.0,0.0,0.0,0.0
13.189,0.0,0.0,0.0,datactrl_ref_vx_fallback,datactrl_est_vx_fallback,0.0,datactrl_est_theta_fallback,0.0,0.018750000000000003,0.010825317547305483,0.025,0.025,0.025,0.025,0.025,0.025,0.0,0.0,0.0,0.0,0.0,0.0,0.0,0.0,0.0,0.0,0.0,0.0,0.0,0.0,0.0,0.0
13.294,0.0,0.0,0.0,datactrl_ref_vx_fallback,datactrl_est_vx_fallback,0.0,datactrl_est_theta_fallback,0.0,0.02250000089406967,0.012990381572957945,0.030000001192092896,0.030000001192092896,0.030000001192092896,0.030000001192092896,0.030000001192092896,0.030000001192092896,0.0,0.0,0.0,0.0,0.0,0.0,0.0,0.0,0.0,0.0,0.0,0.0,0.0,0.0,0.0,0.0
13.388,0.0,0.0,0.0,datactrl_ref_vx_fallback,datactrl_est_vx_fallback,0.0,datactrl_est_theta_fallback,0.0,0.02625000178813934,0.015155445598610408,0.03500000238418579,0.03500000238418579,0.03500000238418579,0.03500000238418579,0.03500000238418579,0.03500000238418579,0.0,0.0,0.0,0.0,0.0,0.0,0.0,0.0,0.0,0.0,0.0,0.0,0.0,0.0,0.0,0.0
13.489,0.0,0.0,0.0,datactrl_ref_vx_fallback,datactrl_est_vx_fallback,0.0,datactrl_est_theta_fallback,0.0,0.030000002682209013,0.01732050962426287,0.040000003576278684,0.040000003576278684,0.040000003576278684,0.040000003576278684,0.040000003576278684,0.040000003576278684,0.0,0.0,0.0,0.0,0.0,0.0,0.0,0.0,0.0,0.0,0.0,0.0,0.0,0.0,0.0,0.0
13.588,0.0,0.0,0.0,datactrl_ref_vx_fallback,datactrl_est_vx_fallback,0.0,datactrl_est_theta_fallback,0.0,0.03375000357627869,0.019485573649915332,0.045000004768371585,0.045000004768371585,0.045000004768371585,0.045000004768371585,0.045000004768371585,0.045000004768371585,0.0,0.0,0.0,0.0,0.0,0.0,0.0,0.0,0.0,0.0,0.0,0.0,0.0,0.0,0.0,0.0
13.689,0.0,0.0,0.0,datactrl_ref_vx_fallback,datactrl_est_vx_fallback,0.0,datactrl_est_theta_fallback,0.0,0.03750000447034836,0.021650637675567797,0.05000000596046448,0.05000000596046448,0.05000000596046448,0.05000000596046448,0.05000000596046448,0.05000000596046448,0.0,0.0,0.0,0.0,0.0,0.0,0.0,0.0,0.0,0.0,0.0,0.0,0.0,0.0,0.0,0.0
13.79,0.0,0.0,0.0,datactrl_ref_vx_fallback,datactrl_est_vx_fallback,0.0,datactrl_est_theta_fallback,0.0,0.04125000536441803,0.023815701701220257,0.05500000715255737,0.05500000715255737,0.05500000715255737,0.05500000715255737,0.05500000715255737,0.05500000715255737,0.0,0.0,0.0,0.0,0.0,0.0,0.0,0.0,0.0,0.0,0.0,0.0,0.0,0.0,0.0,0.0
13.889,0.0,0.0,0.0,datactrl_ref_vx_fallback,datactrl_est_vx_fallback,0.0,datactrl_est_theta_fallback,0.0,0.0450000062584877,0.025980765726872718,0.06000000834465027,0.06000000834465027,0.06000000834465027,0.06000000834465027,0.06000000834465027,0.06000000834465027,0.0,0.0,0.0,0.0,0.0,0.0,0.0,0.0,0.0,0.0,0.0,0.0,0.0,0.0,0.0,0.0
13.99,0.0,0.0,0.0,datactrl_ref_vx_fallback,datactrl_est_vx_fallback,0.0,datactrl_est_theta_fallback,0.0,0.04875000715255737,0.028145829752525182,0.06500000953674316,0.06500000953674316,0.06500000953674316,0.06500000953674316,0.06500000953674316,0.06500000953674316,0.0,0.0,0.0,0.0,0.0,0.0,0.0,0.0,0.0,0.0,0.0,0.0,0.0,0.0,0.0,0.0
14.092,0.0,0.0,0.0,datactrl_ref_vx_fallback,datactrl_est_vx_fallback,0.0,datactrl_est_theta_fallback,0.0,0.05250000804662705,0.030310893778177646,0.07000001072883606,0.07000001072883606,0.07000001072883606,0.07000001072883606,0.07000001072883606,0.07000001072883606,0.0,0.0,0.0,0.0,0.0,0.0,0.0,0.0,0.0,0.0,0.0,0.0,0.0,0.0,0.0,0.0
14.19,0.0,0.0,0.0,datactrl_ref_vx_fallback,datactrl_est_vx_fallback,0.0,datactrl_est_theta_fallback,0.0,0.05625000894069671,0.0324759578038301,0.07500001192092895,0.07500001192092895,0.07500001192092895,0.07500001192092895,0.07500001192092895,0.07500001192092895,0.0,0.0,0.0,0.0,0.0,0.0,0.0,0.0,0.0,0.0,0.0,0.0,0.0,0.0,0.0,0.0
14.291,0.0,0.0,0.0,datactrl_ref_vx_fallback,datactrl_est_vx_fallback,0.0,datactrl_est_theta_fallback,0.0,0.06000000983476639,0.03464102182948257,0.08000001311302185,0.08000001311302185,0.08000001311302185,0.08000001311302185,0.08000001311302185,0.08000001311302185,0.0,0.0,0.0,0.0,0.0,0.0,0.0,0.0,0.0,0.0,0.0,0.0,0.0,0.0,0.0,0.0
14.389,0.0,0.0,0.0,datactrl_ref_vx_fallback,datactrl_est_vx_fallback,0.0,datactrl_est_theta_fallback,0.0,0.06375001072883607,0.03680608585513503,0.08500001430511475,0.08500001430511475,0.08500001430511475,0.08500001430511475,0.08500001430511475,0.08500001430511475,0.0,0.0,0.0,0.0,0.0,0.0,0.0,0.0,0.0,0.0,0.0,0.0,0.0,0.0,0.0,0.0
14.49,0.0,0.0,0.0,datactrl_ref_vx_fallback,datactrl_est_vx_fallback,0.0,datactrl_est_theta_fallback,0.0,0.06750001162290573,0.03897114988078749,0.09000001549720764,0.09000001549720764,0.09000001549720764,0.09000001549720764,0.09000001549720764,0.09000001549720764,0.0,0.0,0.0,0.0,0.0,0.0,0.0,0.0,0.0,0.0,0.0,0.0,0.0,0.0,0.0,0.0
14.59,0.0,0.0,0.0,datactrl_ref_vx_fallback,datactrl_est_vx_fallback,0.0,datactrl_est_theta_fallback,0.0,0.07125001251697541,0.041136213906439956,0.09500001668930054,0.09500001668930054,0.09500001668930054,0.09500001668930054,0.09500001668930054,0.09500001668930054,0.0,0.0,0.0,0.0,0.0,0.0,0.0,0.0,0.0,0.0,0.0,0.0,0.0,0.0,0.0,0.0
14.69,0.0,0.0,0.0,datactrl_ref_vx_fallback,datactrl_est_vx_fallback,0.0,datactrl_est_theta_fallback,0.0,0.07500000894069672,0.04330127535113559,0.10000001192092896,0.10000001192092896,0.10000001192092896,0.10000001192092896,0.10000001192092896,0.10000001192092896,0.0,0.0,0.0,0.0,0.0,0.0,0.0,0.0,0.0,0.0,0.0,0.0,0.0,0.0,0.0,0.0
14.79,0.0,0.0,0.0,datactrl_ref_vx_fallback,datactrl_est_vx_fallback,0.0,datactrl_est_theta_fallback,0.0,0.07875000536441804,0.04546633679583122,0.10500000715255738,0.10500000715255738,0.10500000715255738,0.10500000715255738,0.10500000715255738,0.10500000715255738,0.0,0.0,0.0,0.0,0.0,0.0,0.0,0.0,0.0,0.0,0.0,0.0,0.0,0.0,0.0,0.0
14.89,0.0,0.0,0.0,datactrl_ref_vx_fallback,datactrl_est_vx_fallback,0.0,datactrl_est_theta_fallback,0.0,0.08250000178813935,0.04763139824052686,0.1100000023841858,0.1100000023841858,0.1100000023841858,0.1100000023841858,0.1100000023841858,0.1100000023841858,0.0,0.0,0.0,0.0,0.0,0.0,0.0,0.0,0.0,0.0,0.0,0.0,0.0,0.0,0.0,0.0
14.991,0.0,0.0,0.0,datactrl_ref_vx_fallback,datactrl_est_vx_fallback,0.0,datactrl_est_theta_fallback,0.0,0.08624999821186066,0.04979645968522249,0.11499999761581421,0.11499999761581421,0.11499999761581421,0.11499999761581421,0.11499999761581421,0.11499999761581421,0.0,0.0,0.0,0.0,0.0,0.0,0.0,0.0,0.0,0.0,0.0,0.0,0.0,0.0,0.0,0.0
15.091,0.0,0.0,0.0,datactrl_ref_vx_fallback,datactrl_est_vx_fallback,0.0,datactrl_est_theta_fallback,0.0,0.08999999463558198,0.05196152112991813,0.11999999284744263,0.11999999284744263,0.11999999284744263,0.11999999284744263,0.11999999284744263,0.11999999284744263,0.0,0.0,0.0,0.0,0.0,0.0,0.0,0.0,0.0,0.0,0.0,0.0,0.0,0.0,0.0,0.0
15.191,0.0,0.0,0.0,datactrl_ref_vx_fallback,datactrl_est_vx_fallback,0.0,datactrl_est_theta_fallback,0.0,0.09374999105930329,0.05412658257461376,0.12499998807907105,0.12499998807907105,0.12499998807907105,0.12499998807907105,0.12499998807907105,0.12499998807907105,0.0,0.0,0.0,0.0,0.0,0.0,0.0,0.0,0.0,0.0,0.0,0.0,0.0,0.0,0.0,0.0
15.309,0.0,0.0,0.0,datactrl_ref_vx_fallback,datactrl_est_vx_fallback,0.0,datactrl_est_theta_fallback,0.0,0.09749998748302459,0.05629164401930939,0.12999998331069945,0.12999998331069945,0.12999998331069945,0.12999998331069945,0.12999998331069945,0.12999998331069945,0.0,0.0,0.0,0.0,0.0,0.0,0.0,0.0,0.0,0.0,0.0,0.0,0.0,0.0,0.0,0.0
15.391,0.0,0.0,0.0,datactrl_ref_vx_fallback,datactrl_est_vx_fallback,0.0,datactrl_est_theta_fallback,0.0,0.1012499839067459,0.05845670546400502,0.13499997854232787,0.13499997854232787,0.13499997854232787,0.13499997854232787,0.13499997854232787,0.13499997854232787,0.0,0.0,0.0,0.0,0.0,0.0,0.0,0.0,0.0,0.0,0.0,0.0,0.0,0.0,0.0,0.0
15.491,0.0,0.0,0.0,datactrl_ref_vx_fallback,datactrl_est_vx_fallback,0.0,datactrl_est_theta_fallback,0.0,0.10499998033046722,0.06062176690870066,0.1399999737739563,0.1399999737739563,0.1399999737739563,0.1399999737739563,0.1399999737739563,0.1399999737739563,0.0,0.0,0.0,0.0,0.0,0.0,0.0,0.0,0.0,0.0,0.0,0.0,0.0,0.0,0.0,0.0
15.592,0.0,0.0,0.0,datactrl_ref_vx_fallback,datactrl_est_vx_fallback,0.0,datactrl_est_theta_fallback,0.0,0.10874997675418853,0.06278682835339629,0.1449999690055847,0.1449999690055847,0.1449999690055847,0.1449999690055847,0.1449999690055847,0.1449999690055847,0.0,0.0,0.0,0.0,0.0,0.0,0.0,0.0,0.0,0.0,0.0,0.0,0.0,0.0,0.0,0.0
15.691,0.0,0.0,0.0,datactrl_ref_vx_fallback,datactrl_est_vx_fallback,0.0,datactrl_est_theta_fallback,0.0,0.11249997317790984,0.06495188979809192,0.14999996423721312,0.14999996423721312,0.14999996423721312,0.14999996423721312,0.14999996423721312,0.14999996423721312,0.0,0.0,0.0,0.0,0.0,0.0,0.0,0.0,0.0,0.0,0.0,0.0,0.0,0.0,0.0,0.0
15.791,0.0,0.0,0.0,datactrl_ref_vx_fallback,datactrl_est_vx_fallback,0.0,datactrl_est_theta_fallback,0.0,0.11624996960163116,0.06711695124278756,0.15499995946884154,0.15499995946884154,0.15499995946884154,0.15499995946884154,0.15499995946884154,0.15499995946884154,0.0,0.0,0.0,0.0,0.0,0.0,0.0,0.0,0.0,0.0,0.0,0.0,0.0,0.0,0.0,0.0
15.892,0.0,0.0,0.0,datactrl_ref_vx_fallback,datactrl_est_vx_fallback,0.0,datactrl_est_theta_fallback,0.0,0.11999996602535247,0.0692820126874832,0.15999995470046996,0.15999995470046996,0.15999995470046996,0.15999995470046996,0.15999995470046996,0.15999995470046996,0.0,0.0,0.0,0.0,0.0,0.0,0.0,0.0,0.0,0.0,0.0,0.0,0.0,0.0,0.0,0.0
15.992,0.0,0.0,0.0,datactrl_ref_vx_fallback,datactrl_est_vx_fallback,0.0,datactrl_est_theta_fallback,0.0,0.12374996244907378,0.07144707413217882,0.16499994993209838,0.16499994993209838,0.16499994993209838,0.16499994993209838,0.16499994993209838,0.16499994993209838,0.0,0.0,0.0,0.0,0.0,0.0,0.0,0.0,0.0,0.0,0.0,0.0,0.0,0.0,0.0,0.0
16.092,0.0,0.0,0.0,datactrl_ref_vx_fallback,datactrl_est_vx_fallback,0.0,datactrl_est_theta_fallback,0.0,0.12749995887279508,0.07361213557687446,0.1699999451637268,0.1699999451637268,0.1699999451637268,0.1699999451637268,0.1699999451637268,0.1699999451637268,0.0,0.0,0.0,0.0,0.0,0.0,0.0,0.0,0.0,0.0,0.0,0.0,0.0,0.0,0.0,0.0
16.192,0.0,0.0,0.0,datactrl_ref_vx_fallback,datactrl_est_vx_fallback,0.0,datactrl_est_theta_fallback,0.0,0.1312499552965164,0.0757771970215701,0.1749999403953552,0.1749999403953552,0.1749999403953552,0.1749999403953552,0.1749999403953552,0.1749999403953552,0.0,0.0,0.0,0.0,0.0,0.0,0.0,0.0,0.0,0.0,0.0,0.0,0.0,0.0,0.0,0.0
16.294,0.0,0.0,0.0,datactrl_ref_vx_fallback,datactrl_est_vx_fallback,0.0,datactrl_est_theta_fallback,0.0,0.1349999517202377,0.07794225846626573,0.17999993562698363,0.17999993562698363,0.17999993562698363,0.17999993562698363,0.17999993562698363,0.17999993562698363,0.0,0.0,0.0,0.0,0.0,0.0,0.0,0.0,0.0,0.0,0.0,0.0,0.0,0.0,0.0,0.0
16.392,0.0,0.0,0.0,datactrl_ref_vx_fallback,datactrl_est_vx_fallback,0.0,datactrl_est_theta_fallback,0.0,0.13874994814395902,0.08010731991096137,0.18499993085861205,0.18499993085861205,0.18499993085861205,0.18499993085861205,0.18499993085861205,0.18499993085861205,0.0,0.0,0.0,0.0,0.0,0.0,0.0,0.0,0.0,0.0,0.0,0.0,0.0,0.0,0.0,0.0
16.493,0.0,0.0,0.0,datactrl_ref_vx_fallback,datactrl_est_vx_fallback,0.0,datactrl_est_theta_fallback,0.0,0.14249994456768034,0.082272381355657,0.18999992609024047,0.18999992609024047,0.18999992609024047,0.18999992609024047,0.18999992609024047,0.18999992609024047,0.0,0.0,0.0,0.0,0.0,0.0,0.0,0.0,0.0,0.0,0.0,0.0,0.0,0.0,0.0,0.0
16.592,0.0,0.0,0.0,datactrl_ref_vx_fallback,datactrl_est_vx_fallback,0.0,datactrl_est_theta_fallback,0.0,0.14624994099140165,0.08443744280035263,0.19499992132186889,0.19499992132186889,0.19499992132186889,0.19499992132186889,0.19499992132186889,0.19499992132186889,0.0,0.0,0.0,0.0,0.0,0.0,0.0,0.0,0.0,0.0,0.0,0.0,0.0,0.0,0.0,0.0
16.693,0.0,0.0,0.0,datactrl_ref_vx_fallback,datactrl_est_vx_fallback,0.0,datactrl_est_theta_fallback,0.0,0.14999993741512296,0.08660250424504827,0.1999999165534973,0.1999999165534973,0.1999999165534973,0.1999999165534973,0.1999999165534973,0.1999999165534973,0.0,0.0,0.0,0.0,0.0,0.0,0.0,0.0,0.0,0.0,0.0,0.0,0.0,0.0,0.0,0.0
16.793,0.0,0.0,0.0,datactrl_ref_vx_fallback,datactrl_est_vx_fallback,0.0,datactrl_est_theta_fallback,0.0,0.15374994277954102,0.08876757085165757,0.2049999237060547,0.2049999237060547,0.2049999237060547,0.2049999237060547,0.2049999237060547,0.2049999237060547,0.0,0.0,0.0,0.0,0.0,0.0,0.0,0.0,0.0,0.0,0.0,0.0,0.0,0.0,0.0,0.0
16.893,0.0,0.0,0.0,datactrl_ref_vx_fallback,datactrl_est_vx_fallback,0.0,datactrl_est_theta_fallback,0.0,0.15749993920326233,0.09093263229635319,0.2099999189376831,0.2099999189376831,0.2099999189376831,0.2099999189376831,0.2099999189376831,0.2099999189376831,0.0,0.0,0.0,0.0,0.0,0.0,0.0,0.0,0.0,0.0,0.0,0.0,0.0,0.0,0.0,0.0
16.993,0.0,0.0,0.0,datactrl_ref_vx_fallback,datactrl_est_vx_fallback,0.0,datactrl_est_theta_fallback,0.0,0.16124993562698364,0.09309769374104883,0.21499991416931152,0.21499991416931152,0.21499991416931152,0.21499991416931152,0.21499991416931152,0.21499991416931152,0.0,0.0,0.0,0.0,0.0,0.0,0.0,0.0,0.0,0.0,0.0,0.0,0.0,0.0,0.0,0.0
17.093,0.0,0.0,0.0,datactrl_ref_vx_fallback,datactrl_est_vx_fallback,0.0,datactrl_est_theta_fallback,0.0,0.16499993205070496,0.09526275518574447,0.21999990940093994,0.21999990940093994,0.21999990940093994,0.21999990940093994,0.21999990940093994,0.21999990940093994,0.0,0.0,0.0,0.0,0.0,0.0,0.0,0.0,0.0,0.0,0.0,0.0,0.0,0.0,0.0,0.0
17.193,0.0,0.0,0.0,datactrl_ref_vx_fallback,datactrl_est_vx_fallback,0.0,datactrl_est_theta_fallback,0.0,0.16874992847442627,0.0974278166304401,0.22499990463256836,0.22499990463256836,0.22499990463256836,0.22499990463256836,0.22499990463256836,0.22499990463256836,0.0,0.0,0.0,0.0,0.0,0.0,0.0,0.0,0.0,0.0,0.0,0.0,0.0,0.0,0.0,0.0
17.294,0.0,0.0,0.0,datactrl_ref_vx_fallback,datactrl_est_vx_fallback,0.0,datactrl_est_theta_fallback,0.0,0.17249992489814758,0.09959287807513574,0.22999989986419678,0.22999989986419678,0.22999989986419678,0.22999989986419678,0.22999989986419678,0.22999989986419678,0.0,0.0,0.0,0.0,0.0,0.0,0.0,0.0,0.0,0.0,0.0,0.0,0.0,0.0,0.0,0.0
17.394,0.0,0.0,0.0,datactrl_ref_vx_fallback,datactrl_est_vx_fallback,0.0,datactrl_est_theta_fallback,0.0,0.1762499213218689,0.10175793951983136,0.2349998950958252,0.2349998950958252,0.2349998950958252,0.2349998950958252,0.2349998950958252,0.2349998950958252,0.0,0.0,0.0,0.0,0.0,0.0,0.0,0.0,0.0,0.0,0.0,0.0,0.0,0.0,0.0,0.0
17.493,0.0,0.0,0.0,datactrl_ref_vx_fallback,datactrl_est_vx_fallback,0.0,datactrl_est_theta_fallback,0.0,0.1799999177455902,0.103923000964527,0.2399998903274536,0.2399998903274536,0.2399998903274536,0.2399998903274536,0.2399998903274536,0.2399998903274536,0.0,0.0,0.0,0.0,0.0,0.0,0.0,0.0,0.0,0.0,0.0,0.0,0.0,0.0,0.0,0.0
17.594,0.0,0.0,0.0,datactrl_ref_vx_fallback,datactrl_est_vx_fallback,0.0,datactrl_est_theta_fallback,0.0,0.18374991416931152,0.10608806240922264,0.24499988555908203,0.24499988555908203,0.24499988555908203,0.24499988555908203,0.24499988555908203,0.24499988555908203,0.0,0.0,0.0,0.0,0.0,0.0,0.0,0.0,0.0,0.0,0.0,0.0,0.0,0.0,0.0,0.0
17.694,0.0,0.0,0.0,datactrl_ref_vx_fallback,datactrl_est_vx_fallback,0.0,datactrl_est_theta_fallback,0.0,0.18749991059303284,0.10825312385391828,0.24999988079071045,0.24999988079071045,0.24999988079071045,0.24999988079071045,0.24999988079071045,0.24999988079071045,0.0,0.0,0.0,0.0,0.0,0.0,0.0,0.0,0.0,0.0,0.0,0.0,0.0,0.0,0.0,0.0
17.795,0.0,0.0,0.0,datactrl_ref_vx_fallback,datactrl_est_vx_fallback,0.0,datactrl_est_theta_fallback,0.0,0.19124990701675415,0.1104181852986139,0.25499987602233887,0.25499987602233887,0.25499987602233887,0.25499987602233887,0.25499987602233887,0.25499987602233887,0.0,0.0,0.0,0.0,0.0,0.0,0.0,0.0,0.0,0.0,0.0,0.0,0.0,0.0,0.0,0.0
17.896,0.0,0.0,0.0,datactrl_ref_vx_fallback,datactrl_est_vx_fallback,0.0,datactrl_est_theta_fallback,0.0,0.19499990344047546,0.11258324674330954,0.2599998712539673,0.2599998712539673,0.2599998712539673,0.2599998712539673,0.2599998712539673,0.2599998712539673,0.0,0.0,0.0,0.0,0.0,0.0,0.0,0.0,0.0,0.0,0.0,0.0,0.0,0.0,0.0,0.0
17.995,0.0,0.0,0.0,datactrl_ref_vx_fallback,datactrl_est_vx_fallback,0.0,datactrl_est_theta_fallback,0.0,0.19874989986419678,0.11474830818800517,0.2649998664855957,0.2649998664855957,0.2649998664855957,0.2649998664855957,0.2649998664855957,0.2649998664855957,0.0,0.0,0.0,0.0,0.0,0.0,0.0,0.0,0.0,0.0,0.0,0.0,0.0,0.0,0.0,0.0
18.095,0.0,0.0,0.0,datactrl_ref_vx_fallback,datactrl_est_vx_fallback,0.0,datactrl_est_theta_fallback,0.0,0.2024998962879181,0.11691336963270081,0.2699998617172241,0.2699998617172241,0.2699998617172241,0.2699998617172241,0.2699998617172241,0.2699998617172241,0.0,0.0,0.0,0.0,0.0,0.0,0.0,0.0,0.0,0.0,0.0,0.0,0.0,0.0,0.0,0.0
18.196,0.0,0.0,0.0,datactrl_ref_vx_fallback,datactrl_est_vx_fallback,0.0,datactrl_est_theta_fallback,0.0,0.2062498927116394,0.11907843107739645,0.27499985694885254,0.27499985694885254,0.27499985694885254,0.27499985694885254,0.27499985694885254,0.27499985694885254,0.0,0.0,0.0,0.0,0.0,0.0,0.0,0.0,0.0,0.0,0.0,0.0,0.0,0.0,0.0,0.0
18.295,0.0,0.0,0.0,datactrl_ref_vx_fallback,datactrl_est_vx_fallback,0.0,datactrl_est_theta_fallback,0.0,0.20999988913536072,0.12124349252209207,0.27999985218048096,0.27999985218048096,0.27999985218048096,0.27999985218048096,0.27999985218048096,0.27999985218048096,0.0,0.0,0.0,0.0,0.0,0.0,0.0,0.0,0.0,0.0,0.0,0.0,0.0,0.0,0.0,0.0
18.395,0.0,0.0,0.0,datactrl_ref_vx_fallback,datactrl_est_vx_fallback,0.0,datactrl_est_theta_fallback,0.0,0.21374988555908203,0.12340855396678771,0.2849998474121094,0.2849998474121094,0.2849998474121094,0.2849998474121094,0.2849998474121094,0.2849998474121094,0.0,0.0,0.0,0.0,0.0,0.0,0.0,0.0,0.0,0.0,0.0,0.0,0.0,0.0,0.0,0.0
18.495,0.0,0.0,0.0,datactrl_ref_vx_fallback,datactrl_est_vx_fallback,0.0,datactrl_est_theta_fallback,0.0,0.21749988198280334,0.12557361541148335,0.2899998426437378,0.2899998426437378,0.2899998426437378,0.2899998426437378,0.2899998426437378,0.2899998426437378,0.0,0.0,0.0,0.0,0.0,0.0,0.0,0.0,0.0,0.0,0.0,0.0,0.0,0.0,0.0,0.0
18.595,0.0,0.0,0.0,datactrl_ref_vx_fallback,datactrl_est_vx_fallback,0.0,datactrl_est_theta_fallback,0.0,0.22124987840652466,0.12773867685617898,0.2949998378753662,0.2949998378753662,0.2949998378753662,0.2949998378753662,0.2949998378753662,0.2949998378753662,0.0,0.0,0.0,0.0,0.0,0.0,0.0,0.0,0.0,0.0,0.0,0.0,0.0,0.0,0.0,0.0
18.696,0.0,0.0,0.0,datactrl_ref_vx_fallback,datactrl_est_vx_fallback,0.0,datactrl_est_theta_fallback,0.0,0.22499987483024597,0.12990373830087462,0.29999983310699463,0.29999983310699463,0.29999983310699463,0.29999983310699463,0.29999983310699463,0.29999983310699463,0.0,0.0,0.0,0.0,0.0,0.0,0.0,0.0,0.0,0.0,0.0,0.0,0.0,0.0,0.0,0.0
18.796,0.0,0.0,0.0,datactrl_ref_vx_fallback,datactrl_est_vx_fallback,0.0,datactrl_est_theta_fallback,0.0,0.22874987125396729,0.13206879974557026,0.30499982833862305,0.30499982833862305,0.30499982833862305,0.30499982833862305,0.30499982833862305,0.30499982833862305,0.0,0.0,0.0,0.0,0.0,0.0,0.0,0.0,0.0,0.0,0.0,0.0,0.0,0.0,0.0,0.0
18.896,0.0,0.0,0.0,datactrl_ref_vx_fallback,datactrl_est_vx_fallback,0.0,datactrl_est_theta_fallback,0.0,0.2324998676776886,0.1342338611902659,0.30999982357025146,0.30999982357025146,0.30999982357025146,0.30999982357025146,0.30999982357025146,0.30999982357025146,0.0,0.0,0.0,0.0,0.0,0.0,0.0,0.0,0.0,0.0,0.0,0.0,0.0,0.0,0.0,0.0
18.996,0.0,0.0,0.0,datactrl_ref_vx_fallback,datactrl_est_vx_fallback,0.0,datactrl_est_theta_fallback,0.0,0.2362498641014099,0.1363989226349615,0.3149998188018799,0.3149998188018799,0.3149998188018799,0.3149998188018799,0.3149998188018799,0.3149998188018799,0.0,0.0,0.0,0.0,0.0,0.0,0.0,0.0,0.0,0.0,0.0,0.0,0.0,0.0,0.0,0.0
19.097,0.0,0.0,0.0,datactrl_ref_vx_fallback,datactrl_est_vx_fallback,0.0,datactrl_est_theta_fallback,0.0,0.23999986052513123,0.13856398407965714,0.3199998140335083,0.3199998140335083,0.3199998140335083,0.3199998140335083,0.3199998140335083,0.3199998140335083,0.0,0.0,0.0,0.0,0.0,0.0,0.0,0.0,0.0,0.0,0.0,0.0,0.0,0.0,0.0,0.0
19.197,0.0,0.0,0.0,datactrl_ref_vx_fallback,datactrl_est_vx_fallback,0.0,datactrl_est_theta_fallback,0.0,0.24374985694885254,0.14072904552435278,0.3249998092651367,0.3249998092651367,0.3249998092651367,0.3249998092651367,0.3249998092651367,0.3249998092651367,0.0,0.0,0.0,0.0,0.0,0.0,0.0,0.0,0.0,0.0,0.0,0.0,0.0,0.0,0.0,0.0
19.297,0.0,0.0,0.0,datactrl_ref_vx_fallback,datactrl_est_vx_fallback,0.0,datactrl_est_theta_fallback,0.0,0.24749985337257385,0.14289410696904842,0.32999980449676514,0.32999980449676514,0.32999980449676514,0.32999980449676514,0.32999980449676514,0.32999980449676514,0.0,0.0,0.0,0.0,0.0,0.0,0.0,0.0,0.0,0.0,0.0,0.0,0.0,0.0,0.0,0.0
19.397,0.0,0.0,0.0,datactrl_ref_vx_fallback,datactrl_est_vx_fallback,0.0,datactrl_est_theta_fallback,0.0,0.25124984979629517,0.14505916841374406,0.33499979972839355,0.33499979972839355,0.33499979972839355,0.33499979972839355,0.33499979972839355,0.33499979972839355,0.0,0.0,0.0,0.0,0.0,0.0,0.0,0.0,0.0,0.0,0.0,0.0,0.0,0.0,0.0,0.0
19.496,0.0,0.0,0.0,datactrl_ref_vx_fallback,datactrl_est_vx_fallback,0.0,datactrl_est_theta_fallback,0.0,0.2549998462200165,0.1472242298584397,0.339999794960022,0.339999794960022,0.339999794960022,0.339999794960022,0.339999794960022,0.339999794960022,0.0,0.0,0.0,0.0,0.0,0.0,0.0,0.0,0.0,0.0,0.0,0.0,0.0,0.0,0.0,0.0
19.597,0.0,0.0,0.0,datactrl_ref_vx_fallback,datactrl_est_vx_fallback,0.0,datactrl_est_theta_fallback,0.0,0.2587498426437378,0.14938929130313533,0.3449997901916504,0.3449997901916504,0.3449997901916504,0.3449997901916504,0.3449997901916504,0.3449997901916504,0.0,0.0,0.0,0.0,0.0,0.0,0.0,0.0,0.0,0.0,0.0,0.0,0.0,0.0,0.0,0.0
19.696,0.0,0.0,0.0,datactrl_ref_vx_fallback,datactrl_est_vx_fallback,0.0,datactrl_est_theta_fallback,0.0,0.2624998390674591,0.15155435274783097,0.3499997854232788,0.3499997854232788,0.3499997854232788,0.3499997854232788,0.3499997854232788,0.3499997854232788,0.0,0.0,0.0,0.0,0.0,0.0,0.0,0.0,0.0,0.0,0.0,0.0,0.0,0.0,0.0,0.0
19.798,0.0,0.0,0.0,datactrl_ref_vx_fallback,datactrl_est_vx_fallback,0.0,datactrl_est_theta_fallback,0.0,0.2662498354911804,0.1537194141925266,0.3549997806549072,0.3549997806549072,0.3549997806549072,0.3549997806549072,0.3549997806549072,0.3549997806549072,0.0,0.0,0.0,0.0,0.0,0.0,0.0,0.0,0.0,0.0,0.0,0.0,0.0,0.0,0.0,0.0
19.897,0.0,0.0,0.0,datactrl_ref_vx_fallback,datactrl_est_vx_fallback,0.0,datactrl_est_theta_fallback,0.0,0.26999983191490173,0.15588447563722221,0.35999977588653564,0.35999977588653564,0.35999977588653564,0.35999977588653564,0.35999977588653564,0.35999977588653564,0.0,0.0,0.0,0.0,0.0,0.0,0.0,0.0,0.0,0.0,0.0,0.0,0.0,0.0,0.0,0.0
19.997,0.0,0.0,0.0,datactrl_ref_vx_fallback,datactrl_est_vx_fallback,0.0,datactrl_est_theta_fallback,0.0,0.27374982833862305,0.15804953708191785,0.36499977111816406,0.36499977111816406,0.36499977111816406,0.36499977111816406,0.36499977111816406,0.36499977111816406,0.0,0.0,0.0,0.0,0.0,0.0,0.0,0.0,0.0,0.0,0.0,0.0,0.0,0.0,0.0,0.0
20.099,0.0,0.0,0.0,datactrl_ref_vx_fallback,datactrl_est_vx_fallback,0.0,datactrl_est_theta_fallback,0.0,0.27749982476234436,0.1602145985266135,0.3699997663497925,0.3699997663497925,0.3699997663497925,0.3699997663497925,0.3699997663497925,0.3699997663497925,0.0,0.0,0.0,0.0,0.0,0.0,0.0,0.0,0.0,0.0,0.0,0.0,0.0,0.0,0.0,0.0
20.198,0.0,0.0,0.0,datactrl_ref_vx_fallback,datactrl_est_vx_fallback,0.0,datactrl_est_theta_fallback,0.0,0.2812498211860657,0.16237965997130913,0.3749997615814209,0.3749997615814209,0.3749997615814209,0.3749997615814209,0.3749997615814209,0.3749997615814209,0.0,0.0,0.0,0.0,0.0,0.0,0.0,0.0,0.0,0.0,0.0,0.0,0.0,0.0,0.0,0.0
20.3,0.0,0.0,0.0,datactrl_ref_vx_fallback,datactrl_est_vx_fallback,0.0,datactrl_est_theta_fallback,0.0,0.284999817609787,0.16454472141600476,0.3799997568130493,0.3799997568130493,0.3799997568130493,0.3799997568130493,0.3799997568130493,0.3799997568130493,0.0,0.0,0.0,0.0,0.0,0.0,0.0,0.0,0.0,0.0,0.0,0.0,0.0,0.0,0.0,0.0
20.398,0.0,0.0,0.0,datactrl_ref_vx_fallback,datactrl_est_vx_fallback,0.0,datactrl_est_theta_fallback,0.0,0.2887498140335083,0.1667097828607004,0.38499975204467773,0.38499975204467773,0.38499975204467773,0.38499975204467773,0.38499975204467773,0.38499975204467773,0.0,0.0,0.0,0.0,0.0,0.0,0.0,0.0,0.0,0.0,0.0,0.0,0.0,0.0,0.0,0.0
20.497,0.0,0.0,0.0,datactrl_ref_vx_fallback,datactrl_est_vx_fallback,0.0,datactrl_est_theta_fallback,0.0,0.2924998104572296,0.16887484430539604,0.38999974727630615,0.38999974727630615,0.38999974727630615,0.38999974727630615,0.38999974727630615,0.38999974727630615,0.0,0.0,0.0,0.0,0.0,0.0,0.0,0.0,0.0,0.0,0.0,0.0,0.0,0.0,0.0,0.0
20.597,0.0,0.0,0.0,datactrl_ref_vx_fallback,datactrl_est_vx_fallback,0.0,datactrl_est_theta_fallback,0.0,0.2962498068809509,0.17103990575009168,0.39499974250793457,0.39499974250793457,0.39499974250793457,0.39499974250793457,0.39499974250793457,0.39499974250793457,0.0,0.0,0.0,0.0,0.0,0.0,0.0,0.0,0.0,0.0,0.0,0.0,0.0,0.0,0.0,0.0
20.697,0.0,0.0,0.0,datactrl_ref_vx_fallback,datactrl_est_vx_fallback,0.0,datactrl_est_theta_fallback,0.0,0.29999980330467224,0.1732049671947873,0.399999737739563,0.399999737739563,0.399999737739563,0.399999737739563,0.399999737739563,0.399999737739563,0.0,0.0,0.0,0.0,0.0,0.0,0.0,0.0,0.0,0.0,0.0,0.0,0.0,0.0,0.0,0.0
20.798,0.0,0.0,0.0,datactrl_ref_vx_fallback,datactrl_est_vx_fallback,0.0,datactrl_est_theta_fallback,0.0,0.30374979972839355,0.17537002863948292,0.4049997329711914,0.4049997329711914,0.4049997329711914,0.4049997329711914,0.4049997329711914,0.4049997329711914,0.0,0.0,0.0,0.0,0.0,0.0,0.0,0.0,0.0,0.0,0.0,0.0,0.0,0.0,0.0,0.0
20.902,0.0,0.0,0.0,datactrl_ref_vx_fallback,datactrl_est_vx_fallback,0.0,datactrl_est_theta_fallback,0.0,0.30749981403350835,0.17753510040800588,0.40999975204467776,0.40999975204467776,0.40999975204467776,0.40999975204467776,0.40999975204467776,0.40999975204467776,0.0,0.0,0.0,0.0,0.0,0.0,0.0,0.0,0.0,0.0,0.0,0.0,0.0,0.0,0.0,0.0
20.999,0.0,0.0,0.0,datactrl_ref_vx_fallback,datactrl_est_vx_fallback,0.0,datactrl_est_theta_fallback,0.0,0.311249828338623,0.1797001721765288,0.41499977111816405,0.41499977111816405,0.41499977111816405,0.41499977111816405,0.41499977111816405,0.41499977111816405,0.0,0.0,0.0,0.0,0.0,0.0,0.0,0.0,0.0,0.0,0.0,0.0,0.0,0.0,0.0,0.0
21.099,0.0,0.0,0.0,datactrl_ref_vx_fallback,datactrl_est_vx_fallback,0.0,datactrl_est_theta_fallback,0.0,0.3149998426437378,0.18186524394505177,0.4199997901916504,0.4199997901916504,0.4199997901916504,0.4199997901916504,0.4199997901916504,0.4199997901916504,0.0,0.0,0.0,0.0,0.0,0.0,0.0,0.0,0.0,0.0,0.0,0.0,0.0,0.0,0.0,0.0
21.199,0.0,0.0,0.0,datactrl_ref_vx_fallback,datactrl_est_vx_fallback,0.0,datactrl_est_theta_fallback,0.0,0.3187498569488525,0.18403031571357473,0.4249998092651367,0.4249998092651367,0.4249998092651367,0.4249998092651367,0.4249998092651367,0.4249998092651367,0.0,0.0,0.0,0.0,0.0,0.0,0.0,0.0,0.0,0.0,0.0,0.0,0.0,0.0,0.0,0.0
21.301,0.0,0.0,0.0,datactrl_ref_vx_fallback,datactrl_est_vx_fallback,0.0,datactrl_est_theta_fallback,0.0,0.3224998712539673,0.18619538748209766,0.42999982833862305,0.42999982833862305,0.42999982833862305,0.42999982833862305,0.42999982833862305,0.42999982833862305,0.0,0.0,0.0,0.0,0.0,0.0,0.0,0.0,0.0,0.0,0.0,0.0,0.0,0.0,0.0,0.0
21.4,0.0,0.0,0.0,datactrl_ref_vx_fallback,datactrl_est_vx_fallback,0.0,datactrl_est_theta_fallback,0.0,0.3262498855590821,0.18836045925062062,0.4349998474121094,0.4349998474121094,0.4349998474121094,0.4349998474121094,0.4349998474121094,0.4349998474121094,0.0,0.0,0.0,0.0,0.0,0.0,0.0,0.0,0.0,0.0,0.0,0.0,0.0,0.0,0.0,0.0
21.498,0.0,0.0,0.0,datactrl_ref_vx_fallback,datactrl_est_vx_fallback,0.0,datactrl_est_theta_fallback,0.0,0.32999989986419676,0.19052553101914357,0.4399998664855957,0.4399998664855957,0.4399998664855957,0.4399998664855957,0.4399998664855957,0.4399998664855957,0.0,0.0,0.0,0.0,0.0,0.0,0.0,0.0,0.0,0.0,0.0,0.0,0.0,0.0,0.0,0.0
21.601,0.0,0.0,0.0,datactrl_ref_vx_fallback,datactrl_est_vx_fallback,0.0,datactrl_est_theta_fallback,0.0,0.33374991416931155,0.1926906027876665,0.44499988555908204,0.44499988555908204,0.44499988555908204,0.44499988555908204,0.44499988555908204,0.44499988555908204,0.0,0.0,0.0,0.0,0.0,0.0,0.0,0.0,0.0,0.0,0.0,0.0,0.0,0.0,0.0,0.0
21.7,0.0,0.0,0.0,datactrl_ref_vx_fallback,datactrl_est_vx_fallback,0.0,datactrl_est_theta_fallback,0.0,0.3374999284744262,0.19485567455618943,0.44999990463256834,0.44999990463256834,0.44999990463256834,0.44999990463256834,0.44999990463256834,0.44999990463256834,0.0,0.0,0.0,0.0,0.0,0.0,0.0,0.0,0.0,0.0,0.0,0.0,0.0,0.0,0.0,0.0
21.801,0.0,0.0,0.0,datactrl_ref_vx_fallback,datactrl_est_vx_fallback,0.0,datactrl_est_theta_fallback,0.0,0.341249942779541,0.1970207463247124,0.4549999237060547,0.4549999237060547,0.4549999237060547,0.4549999237060547,0.4549999237060547,0.4549999237060547,0.0,0.0,0.0,0.0,0.0,0.0,0.0,0.0,0.0,0.0,0.0,0.0,0.0,0.0,0.0,0.0
21.9,0.0,0.0,0.0,datactrl_ref_vx_fallback,datactrl_est_vx_fallback,0.0,datactrl_est_theta_fallback,0.0,0.3449999570846558,0.19918581809323535,0.45999994277954104,0.45999994277954104,0.45999994277954104,0.45999994277954104,0.45999994277954104,0.45999994277954104,0.0,0.0,0.0,0.0,0.0,0.0,0.0,0.0,0.0,0.0,0.0,0.0,0.0,0.0,0.0,0.0
22.0,0.0,0.0,0.0,datactrl_ref_vx_fallback,datactrl_est_vx_fallback,0.0,datactrl_est_theta_fallback,0.0,0.3487499713897705,0.20135088986175828,0.46499996185302733,0.46499996185302733,0.46499996185302733,0.46499996185302733,0.46499996185302733,0.46499996185302733,0.0,0.0,0.0,0.0,0.0,0.0,0.0,0.0,0.0,0.0,0.0,0.0,0.0,0.0,0.0,0.0
22.1,0.0,0.0,0.0,datactrl_ref_vx_fallback,datactrl_est_vx_fallback,0.0,datactrl_est_theta_fallback,0.0,0.3524999856948853,0.20351596163028124,0.4699999809265137,0.4699999809265137,0.4699999809265137,0.4699999809265137,0.4699999809265137,0.4699999809265137,0.0,0.0,0.0,0.0,0.0,0.0,0.0,0.0,0.0,0.0,0.0,0.0,0.0,0.0,0.0,0.0
22.2,0.0,0.0,0.0,datactrl_ref_vx_fallback,datactrl_est_vx_fallback,0.0,datactrl_est_theta_fallback,0.0,0.35624999999999996,0.20568103339880417,0.475,0.475,0.475,0.475,0.475,0.475,0.0,0.0,0.0,0.0,0.0,0.0,0.0,0.0,0.0,0.0,0.0,0.0,0.0,0.0,0.0,0.0
22.3,0.0,0.0,0.0,datactrl_ref_vx_fallback,datactrl_est_vx_fallback,0.0,datactrl_est_theta_fallback,0.0,0.36000001430511475,0.20784610516732713,0.48000001907348633,0.48000001907348633,0.48000001907348633,0.48000001907348633,0.48000001907348633,0.48000001907348633,0.0,0.0,0.0,0.0,0.0,0.0,0.0,0.0,0.0,0.0,0.0,0.0,0.0,0.0,0.0,0.0
22.4,0.0,0.0,0.0,datactrl_ref_vx_fallback,datactrl_est_vx_fallback,0.0,datactrl_est_theta_fallback,0.0,0.36375002861022954,0.21001117693585009,0.4850000381469727,0.4850000381469727,0.4850000381469727,0.4850000381469727,0.4850000381469727,0.4850000381469727,0.0,0.0,0.0,0.0,0.0,0.0,0.0,0.0,0.0,0.0,0.0,0.0,0.0,0.0,0.0,0.0
22.502,0.0,0.0,0.0,datactrl_ref_vx_fallback,datactrl_est_vx_fallback,0.0,datactrl_est_theta_fallback,0.0,0.3675000429153442,0.21217624870437302,0.490000057220459,0.490000057220459,0.490000057220459,0.490000057220459,0.490000057220459,0.490000057220459,0.0,0.0,0.0,0.0,0.0,0.0,0.0,0.0,0.0,0.0,0.0,0.0,0.0,0.0,0.0,0.0
22.601,0.0,0.0,0.0,datactrl_ref_vx_fallback,datactrl_est_vx_fallback,0.0,datactrl_est_theta_fallback,0.0,0.371250057220459,0.21434132047289597,0.4950000762939453,0.4950000762939453,0.4950000762939453,0.4950000762939453,0.4950000762939453,0.4950000762939453,0.0,0.0,0.0,0.0,0.0,0.0,0.0,0.0,0.0,0.0,0.0,0.0,0.0,0.0,0.0,0.0
22.7,0.0,0.0,0.0,datactrl_ref_vx_fallback,datactrl_est_vx_fallback,0.0,datactrl_est_theta_fallback,0.0,0.3750000715255737,0.2165063922414189,0.5000000953674316,0.5000000953674316,0.5000000953674316,0.5000000953674316,0.5000000953674316,0.5000000953674316,0.0,0.0,0.0,0.0,0.0,0.0,0.0,0.0,0.0,0.0,0.0,0.0,0.0,0.0,0.0,0.0
22.801,0.0,0.0,0.0,datactrl_ref_vx_fallback,datactrl_est_vx_fallback,0.0,datactrl_est_theta_fallback,0.0,0.3787500858306885,0.21867146400994186,0.505000114440918,0.505000114440918,0.505000114440918,0.505000114440918,0.505000114440918,0.505000114440918,0.0,0.0,0.0,0.0,0.0,0.0,0.0,0.0,0.0,0.0,0.0,0.0,0.0,0.0,0.0,0.0
22.9,0.0,0.0,0.0,datactrl_ref_vx_fallback,datactrl_est_vx_fallback,0.0,datactrl_est_theta_fallback,0.0,0.38250010013580327,0.22083653577846482,0.5100001335144043,0.5100001335144043,0.5100001335144043,0.5100001335144043,0.5100001335144043,0.5100001335144043,0.0,0.0,0.0,0.0,0.0,0.0,0.0,0.0,0.0,0.0,0.0,0.0,0.0,0.0,0.0,0.0
23.002,0.0,0.0,0.0,datactrl_ref_vx_fallback,datactrl_est_vx_fallback,0.0,datactrl_est_theta_fallback,0.0,0.386250114440918,0.22300160754698778,0.5150001525878907,0.5150001525878907,0.5150001525878907,0.5150001525878907,0.5150001525878907,0.5150001525878907,0.0,0.0,0.0,0.0,0.0,0.0,0.0,0.0,0.0,0.0,0.0,0.0,0.0,0.0,0.0,0.0
23.103,0.0,0.0,0.0,datactrl_ref_vx_fallback,datactrl_est_vx_fallback,0.0,datactrl_est_theta_fallback,0.0,0.3900001287460327,0.22516667931551065,0.5200001716613769,0.5200001716613769,0.5200001716613769,0.5200001716613769,0.5200001716613769,0.5200001716613769,0.0,0.0,0.0,0.0,0.0,0.0,0.0,0.0,0.0,0.0,0.0,0.0,0.0,0.0,0.0,0.0
23.202,0.0,0.0,0.0,datactrl_ref_vx_fallback,datactrl_est_vx_fallback,0.0,datactrl_est_theta_fallback,0.0,0.3937501430511474,0.22733175108403364,0.5250001907348633,0.5250001907348633,0.5250001907348633,0.5250001907348633,0.5250001907348633,0.5250001907348633,0.0,0.0,0.0,0.0,0.0,0.0,0.0,0.0,0.0,0.0,0.0,0.0,0.0,0.0,0.0,0.0
23.302,0.0,0.0,0.0,datactrl_ref_vx_fallback,datactrl_est_vx_fallback,0.0,datactrl_est_theta_fallback,0.0,0.3975001573562622,0.2294968228525566,0.5300002098083496,0.5300002098083496,0.5300002098083496,0.5300002098083496,0.5300002098083496,0.5300002098083496,0.0,0.0,0.0,0.0,0.0,0.0,0.0,0.0,0.0,0.0,0.0,0.0,0.0,0.0,0.0,0.0
23.402,0.0,0.0,0.0,datactrl_ref_vx_fallback,datactrl_est_vx_fallback,0.0,datactrl_est_theta_fallback,0.0,0.401250171661377,0.23166189462107953,0.535000228881836,0.535000228881836,0.535000228881836,0.535000228881836,0.535000228881836,0.535000228881836,0.0,0.0,0.0,0.0,0.0,0.0,0.0,0.0,0.0,0.0,0.0,0.0,0.0,0.0,0.0,0.0
23.503,0.0,0.0,0.0,datactrl_ref_vx_fallback,datactrl_est_vx_fallback,0.0,datactrl_est_theta_fallback,0.0,0.40500018596649173,0.2338269663896025,0.5400002479553223,0.5400002479553223,0.5400002479553223,0.5400002479553223,0.5400002479553223,0.5400002479553223,0.0,0.0,0.0,0.0,0.0,0.0,0.0,0.0,0.0,0.0,0.0,0.0,0.0,0.0,0.0,0.0
23.604,0.0,0.0,0.0,datactrl_ref_vx_fallback,datactrl_est_vx_fallback,0.0,datactrl_est_theta_fallback,0.0,0.4087502002716064,0.2359920381581254,0.5450002670288085,0.5450002670288085,0.5450002670288085,0.5450002670288085,0.5450002670288085,0.5450002670288085,0.0,0.0,0.0,0.0,0.0,0.0,0.0,0.0,0.0,0.0,0.0,0.0,0.0,0.0,0.0,0.0
23.703,0.0,0.0,0.0,datactrl_ref_vx_fallback,datactrl_est_vx_fallback,0.0,datactrl_est_theta_fallback,0.0,0.41250021457672115,0.23815710992664837,0.5500002861022949,0.5500002861022949,0.5500002861022949,0.5500002861022949,0.5500002861022949,0.5500002861022949,0.0,0.0,0.0,0.0,0.0,0.0,0.0,0.0,0.0,0.0,0.0,0.0,0.0,0.0,0.0,0.0
23.802,0.0,0.0,0.0,datactrl_ref_vx_fallback,datactrl_est_vx_fallback,0.0,datactrl_est_theta_fallback,0.0,0.41625022888183594,0.2403221816951713,0.5550003051757812,0.5550003051757812,0.5550003051757812,0.5550003051757812,0.5550003051757812,0.5550003051757812,0.0,0.0,0.0,0.0,0.0,0.0,0.0,0.0,0.0,0.0,0.0,0.0,0.0,0.0,0.0,0.0
23.903,0.0,0.0,0.0,datactrl_ref_vx_fallback,datactrl_est_vx_fallback,0.0,datactrl_est_theta_fallback,0.0,0.42000024318695073,0.24248725346369426,0.5600003242492676,0.5600003242492676,0.5600003242492676,0.5600003242492676,0.5600003242492676,0.5600003242492676,0.0,0.0,0.0,0.0,0.0,0.0,0.0,0.0,0.0,0.0,0.0,0.0,0.0,0.0,0.0,0.0
24.002,0.0,0.0,0.0,datactrl_ref_vx_fallback,datactrl_est_vx_fallback,0.0,datactrl_est_theta_fallback,0.0,0.42375025749206546,0.24465232523221722,0.565000343322754,0.565000343322754,0.565000343322754,0.565000343322754,0.565000343322754,0.565000343322754,0.0,0.0,0.0,0.0,0.0,0.0,0.0,0.0,0.0,0.0,0.0,0.0,0.0,0.0,0.0,0.0
24.102,0.0,0.0,0.0,datactrl_ref_vx_fallback,datactrl_est_vx_fallback,0.0,datactrl_est_theta_fallback,0.0,0.42750027179718014,0.24681739700074012,0.5700003623962402,0.5700003623962402,0.5700003623962402,0.5700003623962402,0.5700003623962402,0.5700003623962402,0.0,0.0,0.0,0.0,0.0,0.0,0.0,0.0,0.0,0.0,0.0,0.0,0.0,0.0,0.0,0.0
24.203,0.0,0.0,0.0,datactrl_ref_vx_fallback,datactrl_est_vx_fallback,0.0,datactrl_est_theta_fallback,0.0,0.4312502861022949,0.24898246876926308,0.5750003814697265,0.5750003814697265,0.5750003814697265,0.5750003814697265,0.5750003814697265,0.5750003814697265,0.0,0.0,0.0,0.0,0.0,0.0,0.0,0.0,0.0,0.0,0.0,0.0,0.0,0.0,0.0,0.0
24.303,0.0,0.0,0.0,datactrl_ref_vx_fallback,datactrl_est_vx_fallback,0.0,datactrl_est_theta_fallback,0.0,0.4295490575763847,0.24800026402187575,0.5727320767685129,0.5727320767685129,0.5727320767685129,0.5727320767685129,0.5727320767685129,0.5727320767685129,0.0,0.0,0.0,0.0,0.0,0.0,0.0,0.0,0.0,0.0,0.0,0.0,0.0,0.0,0.0,0.0
24.403,0.0,0.0,0.0,datactrl_ref_vx_fallback,datactrl_est_vx_fallback,0.0,datactrl_est_theta_fallback,0.0,0.4232274435897975,0.24435047848500674,0.56430325811973,0.56430325811973,0.56430325811973,0.56430325811973,0.56430325811973,0.56430325811973,0.0,0.0,0.0,0.0,0.0,0.0,0.0,0.0,0.0,0.0,0.0,0.0,0.0,0.0,0.0,0.0
24.504,0.0,0.0,0.0,datactrl_ref_vx_fallback,datactrl_est_vx_fallback,0.0,datactrl_est_theta_fallback,0.0,0.4163564675341162,0.24038351860966367,0.5551419567121549,0.5551419567121549,0.5551419567121549,0.5551419567121549,0.5551419567121549,0.5551419567121549,0.0,0.0,0.0,0.0,0.0,0.0,0.0,0.0,0.0,0.0,0.0,0.0,0.0,0.0,0.0,0.0
24.604,0.0,0.0,0.0,datactrl_ref_vx_fallback,datactrl_est_vx_fallback,0.0,datactrl_est_theta_fallback,0.0,0.4093900584111959,0.23636146042726058,0.5458534112149279,0.5458534112149279,0.5458534112149279,0.5458534112149279,0.5458534112149279,0.5458534112149279,0.0,0.0,0.0,0.0,0.0,0.0,0.0,0.0,0.0,0.0,0.0,0.0,0.0,0.0,0.0,0.0
24.704,0.0,0.0,0.0,datactrl_ref_vx_fallback,datactrl_est_vx_fallback,0.0,datactrl_est_theta_fallback,0.0,0.40299709896558006,0.2326704835704159,0.5373294652874401,0.5373294652874401,0.5373294652874401,0.5373294652874401,0.5373294652874401,0.5373294652874401,0.0,0.0,0.0,0.0,0.0,0.0,0.0,0.0,0.0,0.0,0.0,0.0,0.0,0.0,0.0,0.0
24.805,0.0,0.0,0.0,datactrl_ref_vx_fallback,datactrl_est_vx_fallback,0.0,datactrl_est_theta_fallback,0.0,0.3973412878837509,0.22940509951983615,0.5297883838450012,0.5297883838450012,0.5297883838450012,0.5297883838450012,0.5297883838450012,0.5297883838450012,0.0,0.0,0.0,0.0,0.0,0.0,0.0,0.0,0.0,0.0,0.0,0.0,0.0,0.0,0.0,0.0
24.905,0.0,0.0,0.0,datactrl_ref_vx_fallback,datactrl_est_vx_fallback,0.0,datactrl_est_theta_fallback,0.0,0.39268631226188155,0.22671754809147873,0.5235817496825087,0.5235817496825087,0.5235817496825087,0.5235817496825087,0.5235817496825087,0.5235817496825087,0.0,0.0,0.0,0.0,0.0,0.0,0.0,0.0,0.0,0.0,0.0,0.0,0.0,0.0,0.0,0.0
25.005,0.0,0.0,0.0,datactrl_ref_vx_fallback,datactrl_est_vx_fallback,0.0,datactrl_est_theta_fallback,0.0,0.3890530439769148,0.2246198796691151,0.5187373919692198,0.5187373919692198,0.5187373919692198,0.5187373919692198,0.5187373919692198,0.5187373919692198,0.0,0.0,0.0,0.0,0.0,0.0,0.0,0.0,0.0,0.0,0.0,0.0,0.0,0.0,0.0,0.0
25.104,0.0,0.0,0.0,datactrl_ref_vx_fallback,datactrl_est_vx_fallback,0.0,datactrl_est_theta_fallback,0.0,0.3865629804014231,0.22318224079350565,0.5154173072018975,0.5154173072018975,0.5154173072018975,0.5154173072018975,0.5154173072018975,0.5154173072018975,0.0,0.0,0.0,0.0,0.0,0.0,0.0,0.0,0.0,0.0,0.0,0.0,0.0,0.0,0.0,0.0
25.205,0.0,0.0,0.0,datactrl_ref_vx_fallback,datactrl_est_vx_fallback,0.0,datactrl_est_theta_fallback,0.0,0.3848581609237348,0.22219796280914259,0.5131442145649797,0.5131442145649797,0.5131442145649797,0.5131442145649797,0.5131442145649797,0.5131442145649797,0.0,0.0,0.0,0.0,0.0,0.0,0.0,0.0,0.0,0.0,0.0,0.0,0.0,0.0,0.0,0.0
25.309,0.0,0.0,0.0,datactrl_ref_vx_fallback,datactrl_est_vx_fallback,0.0,datactrl_est_theta_fallback,0.0,0.3841692229378809,0.2218002042775549,0.5122256305838412,0.5122256305838412,0.5122256305838412,0.5122256305838412,0.5122256305838412,0.5122256305838412,0.0,0.0,0.0,0.0,0.0,0.0,0.0,0.0,0.0,0.0,0.0,0.0,0.0,0.0,0.0,0.0
25.404,0.0,0.0,0.0,datactrl_ref_vx_fallback,datactrl_est_vx_fallback,0.0,datactrl_est_theta_fallback,0.0,0.38401244689846536,0.2217096895889958,0.5120165958646204,0.5120165958646204,0.5120165958646204,0.5120165958646204,0.5120165958646204,0.5120165958646204,0.0,0.0,0.0,0.0,0.0,0.0,0.0,0.0,0.0,0.0,0.0,0.0,0.0,0.0,0.0,0.0
25.505,0.0,0.0,0.0,datactrl_ref_vx_fallback,datactrl_est_vx_fallback,0.0,datactrl_est_theta_fallback,0.0,0.3843335409073263,0.22189507330144687,0.5124447212097684,0.5124447212097684,0.5124447212097684,0.5124447212097684,0.5124447212097684,0.5124447212097684,0.0,0.0,0.0,0.0,0.0,0.0,0.0,0.0,0.0,0.0,0.0,0.0,0.0,0.0,0.0,0.0
25.606,0.0,0.0,0.0,datactrl_ref_vx_fallback,datactrl_est_vx_fallback,0.0,datactrl_est_theta_fallback,0.0,0.38508295836117534,0.22232774967016203,0.5134439444815672,0.5134439444815672,0.5134439444815672,0.5134439444815672,0.5134439444815672,0.5134439444815672,0.0,0.0,0.0,0.0,0.0,0.0,0.0,0.0,0.0,0.0,0.0,0.0,0.0,0.0,0.0,0.0
25.704,0.0,0.0,0.0,datactrl_ref_vx_fallback,datactrl_est_vx_fallback,0.0,datactrl_est_theta_fallback,0.0,0.38564449435734216,0.2226519526287086,0.5141926591431228,0.5141926591431228,0.5141926591431228,0.5141926591431228,0.5141926591431228,0.5141926591431228,0.0,0.0,0.0,0.0,0.0,0.0,0.0,0.0,0.0,0.0,0.0,0.0,0.0,0.0,0.0,0.0
25.806,0.0,0.0,0.0,datactrl_ref_vx_fallback,datactrl_est_vx_fallback,0.0,datactrl_est_theta_fallback,0.0,0.38680657262570023,0.22332287882976457,0.515742096834267,0.515742096834267,0.515742096834267,0.515742096834267,0.515742096834267,0.515742096834267,0.0,0.0,0.0,0.0,0.0,0.0,0.0,0.0,0.0,0.0,0.0,0.0,0.0,0.0,0.0,0.0
25.906,0.0,0.0,0.0,datactrl_ref_vx_fallback,datactrl_est_vx_fallback,0.0,datactrl_est_theta_fallback,0.0,0.38795743960373813,0.2239873321893362,0.5172765861383175,0.5172765861383175,0.5172765861383175,0.5172765861383175,0.5172765861383175,0.5172765861383175,0.0,0.0,0.0,0.0,0.0,0.0,0.0,0.0,0.0,0.0,0.0,0.0,0.0,0.0,0.0,0.0
26.006,0.0,0.0,0.0,datactrl_ref_vx_fallback,datactrl_est_vx_fallback,0.0,datactrl_est_theta_fallback,0.0,0.38904452688902025,0.22461496232612646,0.518726035852027,0.518726035852027,0.518726035852027,0.518726035852027,0.518726035852027,0.518726035852027,0.0,0.0,0.0,0.0,0.0,0.0,0.0,0.0,0.0,0.0,0.0,0.0,0.0,0.0,0.0,0.0
26.108,0.0,0.0,0.0,datactrl_ref_vx_fallback,datactrl_est_vx_fallback,0.0,datactrl_est_theta_fallback,0.0,0.39002261725592,0.2251796630627478,0.5200301563412267,0.5200301563412267,0.5200301563412267,0.5200301563412267,0.5200301563412267,0.5200301563412267,0.0,0.0,0.0,0.0,0.0,0.0,0.0,0.0,0.0,0.0,0.0,0.0,0.0,0.0,0.0,0.0
26.206,0.0,0.0,0.0,datactrl_ref_vx_fallback,datactrl_est_vx_fallback,0.0,datactrl_est_theta_fallback,0.0,0.3911722283004839,0.22584339130879014,0.5215629710673119,0.5215629710673119,0.5215629710673119,0.5215629710673119,0.5215629710673119,0.5215629710673119,0.0,0.0,0.0,0.0,0.0,0.0,0.0,0.0,0.0,0.0,0.0,0.0,0.0,0.0,0.0,0.0
26.306,0.0,0.0,0.0,datactrl_ref_vx_fallback,datactrl_est_vx_fallback,0.0,datactrl_est_theta_fallback,0.0,0.3916597205920503,0.22612484511455386,0.5222129607894004,0.5222129607894004,0.5222129607894004,0.5222129607894004,0.5222129607894004,0.5222129607894004,0.0,0.0,0.0,0.0,0.0,0.0,0.0,0.0,0.0,0.0,0.0,0.0,0.0,0.0,0.0,0.0
26.406,0.0,0.0,0.0,datactrl_ref_vx_fallback,datactrl_est_vx_fallback,0.0,datactrl_est_theta_fallback,0.0,0.39075966085847735,0.2256051953850888,0.5210128811446365,0.5210128811446365,0.5210128811446365,0.5210128811446365,0.5210128811446365,0.5210128811446365,0.0,0.0,0.0,0.0,0.0,0.0,0.0,0.0,0.0,0.0,0.0,0.0,0.0,0.0,0.0,0.0
26.506,0.0,0.0,0.0,datactrl_ref_vx_fallback,datactrl_est_vx_fallback,0.0,datactrl_est_theta_fallback,0.0,0.39024334962511936,0.22530710295552392,0.5203244661668258,0.5203244661668258,0.5203244661668258,0.5203244661668258,0.5203244661668258,0.5203244661668258,0.0,0.0,0.0,0.0,0.0,0.0,0.0,0.0,0.0,0.0,0.0,0.0,0.0,0.0,0.0,0.0
26.608,0.0,0.0,0.0,datactrl_ref_vx_fallback,datactrl_est_vx_fallback,0.0,datactrl_est_theta_fallback,0.0,0.38977961779113085,0.22503936725633886,0.5197061570548411,0.5197061570548411,0.5197061570548411,0.5197061570548411,0.5197061570548411,0.5197061570548411,0.0,0.0,0.0,0.0,0.0,0.0,0.0,0.0,0.0,0.0,0.0,0.0,0.0,0.0,0.0,0.0
26.708,0.0,0.0,0.0,datactrl_ref_vx_fallback,datactrl_est_vx_fallback,0.0,datactrl_est_theta_fallback,0.0,0.3897075299023979,0.22499774729437355,0.5196100398698639,0.5196100398698639,0.5196100398698639,0.5196100398698639,0.5196100398698639,0.5196100398698639,0.0,0.0,0.0,0.0,0.0,0.0,0.0,0.0,0.0,0.0,0.0,0.0,0.0,0.0,0.0,0.0
26.807,0.0,0.0,0.0,datactrl_ref_vx_fallback,datactrl_est_vx_fallback,0.0,datactrl_est_theta_fallback,0.0,0.3896879330129954,0.22498643302500176,0.5195839106839939,0.5195839106839939,0.5195839106839939,0.5195839106839939,0.5195839106839939,0.5195839106839939,0.0,0.0,0.0,0.0,0.0,0.0,0.0,0.0,0.0,0.0,0.0,0.0,0.0,0.0,0.0,0.0
26.906,0.0,0.0,0.0,datactrl_ref_vx_fallback,datactrl_est_vx_fallback,0.0,datactrl_est_theta_fallback,0.0,0.3896523934518043,0.22496591424978118,0.5195365246024057,0.5195365246024057,0.5195365246024057,0.5195365246024057,0.5195365246024057,0.5195365246024057,0.0,0.0,0.0,0.0,0.0,0.0,0.0,0.0,0.0,0.0,0.0,0.0,0.0,0.0,0.0,0.0
27.007,0.0,0.0,0.0,datactrl_ref_vx_fallback,datactrl_est_vx_fallback,0.0,datactrl_est_theta_fallback,0.0,0.38937801407022415,0.22480750123996582,0.5191706854269655,0.5191706854269655,0.5191706854269655,0.5191706854269655,0.5191706854269655,0.5191706854269655,0.0,0.0,0.0,0.0,0.0,0.0,0.0,0.0,0.0,0.0,0.0,0.0,0.0,0.0,0.0,0.0
27.106,0.0,0.0,0.0,datactrl_ref_vx_fallback,datactrl_est_vx_fallback,0.0,datactrl_est_theta_fallback,0.0,0.3895495138868703,0.22490651670527242,0.5193993518491604,0.5193993518491604,0.5193993518491604,0.5193993518491604,0.5193993518491604,0.5193993518491604,0.0,0.0,0.0,0.0,0.0,0.0,0.0,0.0,0.0,0.0,0.0,0.0,0.0,0.0,0.0,0.0
27.208,0.0,0.0,0.0,datactrl_ref_vx_fallback,datactrl_est_vx_fallback,0.0,datactrl_est_theta_fallback,0.0,0.3896425727481547,0.2249602442638855,0.519523430330873,0.519523430330873,0.519523430330873,0.519523430330873,0.519523430330873,0.519523430330873,0.0,0.0,0.0,0.0,0.0,0.0,0.0,0.0,0.0,0.0,0.0,0.0,0.0,0.0,0.0,0.0
27.308,0.0,0.0,0.0,datactrl_ref_vx_fallback,datactrl_est_vx_fallback,0.0,datactrl_est_theta_fallback,0.0,0.3894694133720152,0.2248602706514586,0.5192925511626869,0.5192925511626869,0.5192925511626869,0.5192925511626869,0.5192925511626869,0.5192925511626869,0.0,0.0,0.0,0.0,0.0,0.0,0.0,0.0,0.0,0.0,0.0,0.0,0.0,0.0,0.0,0.0
27.407,0.0,0.0,0.0,datactrl_ref_vx_fallback,datactrl_est_vx_fallback,0.0,datactrl_est_theta_fallback,0.0,0.38968153859111326,0.2249827412038068,0.519575384788151,0.519575384788151,0.519575384788151,0.519575384788151,0.519575384788151,0.519575384788151,0.0,0.0,0.0,0.0,0.0,0.0,0.0,0.0,0.0,0.0,0.0,0.0,0.0,0.0,0.0,0.0
27.508,0.0,0.0,0.0,datactrl_ref_vx_fallback,datactrl_est_vx_fallback,0.0,datactrl_est_theta_fallback,0.0,0.3874402801028495,0.22368875001228417,0.5165870401371326,0.5165870401371326,0.5165870401371326,0.5165870401371326,0.5165870401371326,0.5165870401371326,0.0,0.0,0.0,0.0,0.0,0.0,0.0,0.0,0.0,0.0,0.0,0.0,0.0,0.0,0.0,0.0
27.608,0.0,0.0,0.0,datactrl_ref_vx_fallback,datactrl_est_vx_fallback,0.0,datactrl_est_theta_fallback,0.0,0.3856699573341529,0.22266665368522462,0.5142266097788705,0.5142266097788705,0.5142266097788705,0.5142266097788705,0.5142266097788705,0.5142266097788705,0.0,0.0,0.0,0.0,0.0,0.0,0.0,0.0,0.0,0.0,0.0,0.0,0.0,0.0,0.0,0.0
27.709,0.0,0.0,0.0,datactrl_ref_vx_fallback,datactrl_est_vx_fallback,0.0,datactrl_est_theta_fallback,0.0,0.3842828438030915,0.2218658033146698,0.5123771250707887,0.5123771250707887,0.5123771250707887,0.5123771250707887,0.5123771250707887,0.5123771250707887,0.0,0.0,0.0,0.0,0.0,0.0,0.0,0.0,0.0,0.0,0.0,0.0,0.0,0.0,0.0,0.0
27.809,0.0,0.0,0.0,datactrl_ref_vx_fallback,datactrl_est_vx_fallback,0.0,datactrl_est_theta_fallback,0.0,0.38331263328146714,0.22130565200883934,0.5110835110419562,0.5110835110419562,0.5110835110419562,0.5110835110419562,0.5110835110419562,0.5110835110419562,0.0,0.0,0.0,0.0,0.0,0.0,0.0,0.0,0.0,0.0,0.0,0.0,0.0,0.0,0.0,0.0
27.909,0.0,0.0,0.0,datactrl_ref_vx_fallback,datactrl_est_vx_fallback,0.0,datactrl_est_theta_fallback,0.0,0.3824403422860224,0.22080203456780764,0.5099204563813632,0.5099204563813632,0.5099204563813632,0.5099204563813632,0.5099204563813632,0.5099204563813632,0.0,0.0,0.0,0.0,0.0,0.0,0.0,0.0,0.0,0.0,0.0,0.0,0.0,0.0,0.0,0.0
28.01,0.0,0.0,0.0,datactrl_ref_vx_fallback,datactrl_est_vx_fallback,0.0,datactrl_est_theta_fallback,0.0,0.3820088256251115,0.22055289830747096,0.5093451008334821,0.5093451008334821,0.5093451008334821,0.5093451008334821,0.5093451008334821,0.5093451008334821,0.0,0.0,0.0,0.0,0.0,0.0,0.0,0.0,0.0,0.0,0.0,0.0,0.0,0.0,0.0,0.0
28.108,0.0,0.0,0.0,datactrl_ref_vx_fallback,datactrl_est_vx_fallback,0.0,datactrl_est_theta_fallback,0.0,0.38165522972140836,0.22034874961728357,0.5088736396285445,0.5088736396285445,0.5088736396285445,0.5088736396285445,0.5088736396285445,0.5088736396285445,0.0,0.0,0.0,0.0,0.0,0.0,0.0,0.0,0.0,0.0,0.0,0.0,0.0,0.0,0.0,0.0
28.21,0.0,0.0,0.0,datactrl_ref_vx_fallback,datactrl_est_vx_fallback,0.0,datactrl_est_theta_fallback,0.0,0.3816041561569294,0.22031926228108317,0.5088055415425725,0.5088055415425725,0.5088055415425725,0.5088055415425725,0.5088055415425725,0.5088055415425725,0.0,0.0,0.0,0.0,0.0,0.0,0.0,0.0,0.0,0.0,0.0,0.0,0.0,0.0,0.0,0.0
28.308,0.0,0.0,0.0,datactrl_ref_vx_fallback,datactrl_est_vx_fallback,0.0,datactrl_est_theta_fallback,0.0,0.38055525269761614,0.21971367758649474,0.5074070035968216,0.5074070035968216,0.5074070035968216,0.5074070035968216,0.5074070035968216,0.5074070035968216,0.0,0.0,0.0,0.0,0.0,0.0,0.0,0.0,0.0,0.0,0.0,0.0,0.0,0.0,0.0,0.0
28.408,0.0,0.0,0.0,datactrl_ref_vx_fallback,datactrl_est_vx_fallback,0.0,datactrl_est_theta_fallback,0.0,0.3809525845288305,0.21994307722620396,0.5079367793717741,0.5079367793717741,0.5079367793717741,0.5079367793717741,0.5079367793717741,0.5079367793717741,0.0,0.0,0.0,0.0,0.0,0.0,0.0,0.0,0.0,0.0,0.0,0.0,0.0,0.0,0.0,0.0
28.51,0.0,0.0,0.0,datactrl_ref_vx_fallback,datactrl_est_vx_fallback,0.0,datactrl_est_theta_fallback,0.0,0.3814513341497561,0.22023103045410358,0.5086017788663415,0.5086017788663415,0.5086017788663415,0.5086017788663415,0.5086017788663415,0.5086017788663415,0.0,0.0,0.0,0.0,0.0,0.0,0.0,0.0,0.0,0.0,0.0,0.0,0.0,0.0,0.0,0.0
28.609,0.0,0.0,0.0,datactrl_ref_vx_fallback,datactrl_est_vx_fallback,0.0,datactrl_est_theta_fallback,0.0,0.3816492062939243,0.22034527198980422,0.5088656083918991,0.5088656083918991,0.5088656083918991,0.5088656083918991,0.5088656083918991,0.5088656083918991,0.0,0.0,0.0,0.0,0.0,0.0,0.0,0.0,0.0,0.0,0.0,0.0,0.0,0.0,0.0,0.0
28.71,0.0,0.0,0.0,datactrl_ref_vx_fallback,datactrl_est_vx_fallback,0.0,datactrl_est_theta_fallback,0.0,0.3819478797410516,0.22051771118490293,0.5092638396547354,0.5092638396547354,0.5092638396547354,0.5092638396547354,0.5092638396547354,0.5092638396547354,0.0,0.0,0.0,0.0,0.0,0.0,0.0,0.0,0.0,0.0,0.0,0.0,0.0,0.0,0.0,0.0
28.811,0.0,0.0,0.0,datactrl_ref_vx_fallback,datactrl_est_vx_fallback,0.0,datactrl_est_theta_fallback,0.0,0.38234792844531884,0.2207486794120006,0.5097972379270918,0.5097972379270918,0.5097972379270918,0.5097972379270918,0.5097972379270918,0.5097972379270918,0.0,0.0,0.0,0.0,0.0,0.0,0.0,0.0,0.0,0.0,0.0,0.0,0.0,0.0,0.0,0.0
28.911,0.0,0.0,0.0,datactrl_ref_vx_fallback,datactrl_est_vx_fallback,0.0,datactrl_est_theta_fallback,0.0,0.38259509166665817,0.22089137916437462,0.5101267888888775,0.5101267888888775,0.5101267888888775,0.5101267888888775,0.5101267888888775,0.5101267888888775,0.0,0.0,0.0,0.0,0.0,0.0,0.0,0.0,0.0,0.0,0.0,0.0,0.0,0.0,0.0,0.0
29.009,0.0,0.0,0.0,datactrl_ref_vx_fallback,datactrl_est_vx_fallback,0.0,datactrl_est_theta_fallback,0.0,0.3827538861498325,0.22098305920198116,0.5103385148664433,0.5103385148664433,0.5103385148664433,0.5103385148664433,0.5103385148664433,0.5103385148664433,0.0,0.0,0.0,0.0,0.0,0.0,0.0,0.0,0.0,0.0,0.0,0.0,0.0,0.0,0.0,0.0
29.111,0.0,0.0,0.0,datactrl_ref_vx_fallback,datactrl_est_vx_fallback,0.0,datactrl_est_theta_fallback,0.0,0.38301102719556146,0.22113151965395247,0.510681369594082,0.510681369594082,0.510681369594082,0.510681369594082,0.510681369594082,0.510681369594082,0.0,0.0,0.0,0.0,0.0,0.0,0.0,0.0,0.0,0.0,0.0,0.0,0.0,0.0,0.0,0.0
29.21,0.0,0.0,0.0,datactrl_ref_vx_fallback,datactrl_est_vx_fallback,0.0,datactrl_est_theta_fallback,0.0,0.38331452875708766,0.2213067463621991,0.5110860383427835,0.5110860383427835,0.5110860383427835,0.5110860383427835,0.5110860383427835,0.5110860383427835,0.0,0.0,0.0,0.0,0.0,0.0,0.0,0.0,0.0,0.0,0.0,0.0,0.0,0.0,0.0,0.0
29.312,0.0,0.0,0.0,datactrl_ref_vx_fallback,datactrl_est_vx_fallback,0.0,datactrl_est_theta_fallback,0.0,0.38369205103078863,0.22152470894854542,0.5115894013743848,0.5115894013743848,0.5115894013743848,0.5115894013743848,0.5115894013743848,0.5115894013743848,0.0,0.0,0.0,0.0,0.0,0.0,0.0,0.0,0.0,0.0,0.0,0.0,0.0,0.0,0.0,0.0
29.409,0.0,0.0,0.0,datactrl_ref_vx_fallback,datactrl_est_vx_fallback,0.0,datactrl_est_theta_fallback,0.0,0.38378085746643964,0.22157598136807433,0.5117078099552529,0.5117078099552529,0.5117078099552529,0.5117078099552529,0.5117078099552529,0.5117078099552529,0.0,0.0,0.0,0.0,0.0,0.0,0.0,0.0,0.0,0.0,0.0,0.0,0.0,0.0,0.0,0.0
29.511,0.0,0.0,0.0,datactrl_ref_vx_fallback,datactrl_est_vx_fallback,0.0,datactrl_est_theta_fallback,0.0,0.3839157212692073,0.22165384502090615,0.5118876283589431,0.5118876283589431,0.5118876283589431,0.5118876283589431,0.5118876283589431,0.5118876283589431,0.0,0.0,0.0,0.0,0.0,0.0,0.0,0.0,0.0,0.0,0.0,0.0,0.0,0.0,0.0,0.0
29.611,0.0,0.0,0.0,datactrl_ref_vx_fallback,datactrl_est_vx_fallback,0.0,datactrl_est_theta_fallback,0.0,0.3841369611561456,0.22178157792918549,0.5121826148748608,0.5121826148748608,0.5121826148748608,0.5121826148748608,0.5121826148748608,0.5121826148748608,0.0,0.0,0.0,0.0,0.0,0.0,0.0,0.0,0.0,0.0,0.0,0.0,0.0,0.0,0.0,0.0
29.711,0.0,0.0,0.0,datactrl_ref_vx_fallback,datactrl_est_vx_fallback,0.0,datactrl_est_theta_fallback,0.0,0.38448531326719615,0.2219826991142733,0.5126470843562615,0.5126470843562615,0.5126470843562615,0.5126470843562615,0.5126470843562615,0.5126470843562615,0.0,0.0,0.0,0.0,0.0,0.0,0.0,0.0,0.0,0.0,0.0,0.0,0.0,0.0,0.0,0.0
29.811,0.0,0.0,0.0,datactrl_ref_vx_fallback,datactrl_est_vx_fallback,0.0,datactrl_est_theta_fallback,0.0,0.38482441773029247,0.22217848116732536,0.51309922364039,0.51309922364039,0.51309922364039,0.51309922364039,0.51309922364039,0.51309922364039,0.0,0.0,0.0,0.0,0.0,0.0,0.0,0.0,0.0,0.0,0.0,0.0,0.0,0.0,0.0,0.0
29.912,0.0,0.0,0.0,datactrl_ref_vx_fallback,datactrl_est_vx_fallback,0.0,datactrl_est_theta_fallback,0.0,0.38482053728012755,0.22217624078837805,0.5130940497068367,0.5130940497068367,0.5130940497068367,0.5130940497068367,0.5130940497068367,0.5130940497068367,0.0,0.0,0.0,0.0,0.0,0.0,0.0,0.0,0.0,0.0,0.0,0.0,0.0,0.0,0.0,0.0
30.012,0.0,0.0,0.0,datactrl_ref_vx_fallback,datactrl_est_vx_fallback,0.0,datactrl_est_theta_fallback,0.0,0.38523655580864885,0.22241642919780769,0.5136487410781985,0.5136487410781985,0.5136487410781985,0.5136487410781985,0.5136487410781985,0.5136487410781985,0.0,0.0,0.0,0.0,0.0,0.0,0.0,0.0,0.0,0.0,0.0,0.0,0.0,0.0,0.0,0.0
30.112,0.0,0.0,0.0,datactrl_ref_vx_fallback,datactrl_est_vx_fallback,0.0,datactrl_est_theta_fallback,0.0,0.38533603266892963,0.22247386218986895,0.5137813768919062,0.5137813768919062,0.5137813768919062,0.5137813768919062,0.5137813768919062,0.5137813768919062,0.0,0.0,0.0,0.0,0.0,0.0,0.0,0.0,0.0,0.0,0.0,0.0,0.0,0.0,0.0,0.0
30.213,0.0,0.0,0.0,datactrl_ref_vx_fallback,datactrl_est_vx_fallback,0.0,datactrl_est_theta_fallback,0.0,0.3854809380835318,0.22255752336999654,0.5139745841113758,0.5139745841113758,0.5139745841113758,0.5139745841113758,0.5139745841113758,0.5139745841113758,0.0,0.0,0.0,0.0,0.0,0.0,0.0,0.0,0.0,0.0,0.0,0.0,0.0,0.0,0.0,0.0
30.312,0.0,0.0,0.0,datactrl_ref_vx_fallback,datactrl_est_vx_fallback,0.0,datactrl_est_theta_fallback,0.0,0.3856848591049251,0.2226752572265914,0.5142464788065668,0.5142464788065668,0.5142464788065668,0.5142464788065668,0.5142464788065668,0.5142464788065668,0.0,0.0,0.0,0.0,0.0,0.0,0.0,0.0,0.0,0.0,0.0,0.0,0.0,0.0,0.0,0.0
30.412,0.0,0.0,0.0,datactrl_ref_vx_fallback,datactrl_est_vx_fallback,0.0,datactrl_est_theta_fallback,0.0,0.3859740743792028,0.22284223574304937,0.5146320991722704,0.5146320991722704,0.5146320991722704,0.5146320991722704,0.5146320991722704,0.5146320991722704,0.0,0.0,0.0,0.0,0.0,0.0,0.0,0.0,0.0,0.0,0.0,0.0,0.0,0.0,0.0,0.0
30.513,0.0,0.0,0.0,datactrl_ref_vx_fallback,datactrl_est_vx_fallback,0.0,datactrl_est_theta_fallback,0.0,0.3862530189627966,0.22300328447347625,0.5150040252837288,0.5150040252837288,0.5150040252837288,0.5150040252837288,0.5150040252837288,0.5150040252837288,0.0,0.0,0.0,0.0,0.0,0.0,0.0,0.0,0.0,0.0,0.0,0.0,0.0,0.0,0.0,0.0
30.61,0.0,0.0,0.0,datactrl_ref_vx_fallback,datactrl_est_vx_fallback,0.0,datactrl_est_theta_fallback,0.0,0.386188226965136,0.22296587679618557,0.5149176359535147,0.5149176359535147,0.5149176359535147,0.5149176359535147,0.5149176359535147,0.5149176359535147,0.0,0.0,0.0,0.0,0.0,0.0,0.0,0.0,0.0,0.0,0.0,0.0,0.0,0.0,0.0,0.0
30.712,0.0,0.0,0.0,datactrl_ref_vx_fallback,datactrl_est_vx_fallback,0.0,datactrl_est_theta_fallback,0.0,0.3865439313199394,0.22317124280118322,0.5153919084265859,0.5153919084265859,0.5153919084265859,0.5153919084265859,0.5153919084265859,0.5153919084265859,0.0,0.0,0.0,0.0,0.0,0.0,0.0,0.0,0.0,0.0,0.0,0.0,0.0,0.0,0.0,0.0
30.813,0.0,0.0,0.0,datactrl_ref_vx_fallback,datactrl_est_vx_fallback,0.0,datactrl_est_theta_fallback,0.0,0.38655464613137946,0.22317742900045245,0.5154061948418392,0.5154061948418392,0.5154061948418392,0.5154061948418392,0.5154061948418392,0.5154061948418392,0.0,0.0,0.0,0.0,0.0,0.0,0.0,0.0,0.0,0.0,0.0,0.0,0.0,0.0,0.0,0.0
30.914,0.0,0.0,0.0,datactrl_ref_vx_fallback,datactrl_est_vx_fallback,0.0,datactrl_est_theta_fallback,0.0,0.38660919998457166,0.2232089256822783,0.5154789333127622,0.5154789333127622,0.5154789333127622,0.5154789333127622,0.5154789333127622,0.5154789333127622,0.0,0.0,0.0,0.0,0.0,0.0,0.0,0.0,0.0,0.0,0.0,0.0,0.0,0.0,0.0,0.0
31.015,0.0,0.0,0.0,datactrl_ref_vx_fallback,datactrl_est_vx_fallback,0.0,datactrl_est_theta_fallback,0.0,0.3870697325936623,0.2234748143081074,0.5160929767915498,0.5160929767915498,0.5160929767915498,0.5160929767915498,0.5160929767915498,0.5160929767915498,0.0,0.0,0.0,0.0,0.0,0.0,0.0,0.0,0.0,0.0,0.0,0.0,0.0,0.0,0.0,0.0
31.113,0.0,0.0,0.0,datactrl_ref_vx_fallback,datactrl_est_vx_fallback,0.0,datactrl_est_theta_fallback,0.0,0.38718620772480117,0.22354206125642428,0.5162482769664015,0.5162482769664015,0.5162482769664015,0.5162482769664015,0.5162482769664015,0.5162482769664015,0.0,0.0,0.0,0.0,0.0,0.0,0.0,0.0,0.0,0.0,0.0,0.0,0.0,0.0,0.0,0.0
31.215,0.0,0.0,0.0,datactrl_ref_vx_fallback,datactrl_est_vx_fallback,0.0,datactrl_est_theta_fallback,0.0,0.38737374200028124,0.223650334220855,0.5164983226670417,0.5164983226670417,0.5164983226670417,0.5164983226670417,0.5164983226670417,0.5164983226670417,0.0,0.0,0.0,0.0,0.0,0.0,0.0,0.0,0.0,0.0,0.0,0.0,0.0,0.0,0.0,0.0
31.312,0.0,0.0,0.0,datactrl_ref_vx_fallback,datactrl_est_vx_fallback,0.0,datactrl_est_theta_fallback,0.0,0.3871891000249881,0.2235437311267158,0.5162521333666508,0.5162521333666508,0.5162521333666508,0.5162521333666508,0.5162521333666508,0.5162521333666508,0.0,0.0,0.0,0.0,0.0,0.0,0.0,0.0,0.0,0.0,0.0,0.0,0.0,0.0,0.0,0.0
31.415,0.0,0.0,0.0,datactrl_ref_vx_fallback,datactrl_est_vx_fallback,0.0,datactrl_est_theta_fallback,0.0,0.3873823648518486,0.2236553126265286,0.5165098198024648,0.5165098198024648,0.5165098198024648,0.5165098198024648,0.5165098198024648,0.5165098198024648,0.0,0.0,0.0,0.0,0.0,0.0,0.0,0.0,0.0,0.0,0.0,0.0,0.0,0.0,0.0,0.0
31.513,0.0,0.0,0.0,datactrl_ref_vx_fallback,datactrl_est_vx_fallback,0.0,datactrl_est_theta_fallback,0.0,0.38759224268907266,0.22377648565234687,0.5167896569187636,0.5167896569187636,0.5167896569187636,0.5167896569187636,0.5167896569187636,0.5167896569187636,0.0,0.0,0.0,0.0,0.0,0.0,0.0,0.0,0.0,0.0,0.0,0.0,0.0,0.0,0.0,0.0
31.613,0.0,0.0,0.0,datactrl_ref_vx_fallback,datactrl_est_vx_fallback,0.0,datactrl_est_theta_fallback,0.0,0.38747090677267504,0.22370643232835233,0.5166278756969,0.5166278756969,0.5166278756969,0.5166278756969,0.5166278756969,0.5166278756969,0.0,0.0,0.0,0.0,0.0,0.0,0.0,0.0,0.0,0.0,0.0,0.0,0.0,0.0,0.0,0.0
31.714,0.0,0.0,0.0,datactrl_ref_vx_fallback,datactrl_est_vx_fallback,0.0,datactrl_est_theta_fallback,0.0,0.3877685883057238,0.22387829884159083,0.5170247844076318,0.5170247844076318,0.5170247844076318,0.5170247844076318,0.5170247844076318,0.5170247844076318,0.0,0.0,0.0,0.0,0.0,0.0,0.0,0.0,0.0,0.0,0.0,0.0,0.0,0.0,0.0,0.0
31.815,0.0,0.0,0.0,datactrl_ref_vx_fallback,datactrl_est_vx_fallback,0.0,datactrl_est_theta_fallback,0.0,0.38806961034351345,0.22405209399614068,0.5174261471246846,0.5174261471246846,0.5174261471246846,0.5174261471246846,0.5174261471246846,0.5174261471246846,0.0,0.0,0.0,0.0,0.0,0.0,0.0,0.0,0.0,0.0,0.0,0.0,0.0,0.0,0.0,0.0
31.914,0.0,0.0,0.0,datactrl_ref_vx_fallback,datactrl_est_vx_fallback,0.0,datactrl_est_theta_fallback,0.0,0.38801237426398827,0.22401904873021947,0.5173498323519844,0.5173498323519844,0.5173498323519844,0.5173498323519844,0.5173498323519844,0.5173498323519844,0.0,0.0,0.0,0.0,0.0,0.0,0.0,0.0,0.0,0.0,0.0,0.0,0.0,0.0,0.0,0.0
32.016,0.0,0.0,0.0,datactrl_ref_vx_fallback,datactrl_est_vx_fallback,0.0,datactrl_est_theta_fallback,0.0,0.38799796837083533,0.2240107314839297,0.5173306244944471,0.5173306244944471,0.5173306244944471,0.5173306244944471,0.5173306244944471,0.5173306244944471,0.0,0.0,0.0,0.0,0.0,0.0,0.0,0.0,0.0,0.0,0.0,0.0,0.0,0.0,0.0,0.0
32.115,0.0,0.0,0.0,datactrl_ref_vx_fallback,datactrl_est_vx_fallback,0.0,datactrl_est_theta_fallback,0.0,0.38799923433162203,0.22401146238673067,0.5173323124421627,0.5173323124421627,0.5173323124421627,0.5173323124421627,0.5173323124421627,0.5173323124421627,0.0,0.0,0.0,0.0,0.0,0.0,0.0,0.0,0.0,0.0,0.0,0.0,0.0,0.0,0.0,0.0
32.215,0.0,0.0,0.0,datactrl_ref_vx_fallback,datactrl_est_vx_fallback,0.0,datactrl_est_theta_fallback,0.0,0.3880030579799083,0.22401366997109803,0.5173374106398777,0.5173374106398777,0.5173374106398777,0.5173374106398777,0.5173374106398777,0.5173374106398777,0.0,0.0,0.0,0.0,0.0,0.0,0.0,0.0,0.0,0.0,0.0,0.0,0.0,0.0,0.0,0.0
32.315,0.0,0.0,0.0,datactrl_ref_vx_fallback,datactrl_est_vx_fallback,0.0,datactrl_est_theta_fallback,0.0,0.3884115833038957,0.2242495321768729,0.5178821110718609,0.5178821110718609,0.5178821110718609,0.5178821110718609,0.5178821110718609,0.5178821110718609,0.0,0.0,0.0,0.0,0.0,0.0,0.0,0.0,0.0,0.0,0.0,0.0,0.0,0.0,0.0,0.0
32.416,0.0,0.0,0.0,datactrl_ref_vx_fallback,datactrl_est_vx_fallback,0.0,datactrl_est_theta_fallback,0.0,0.388461922932448,0.22427859577496853,0.5179492305765974,0.5179492305765974,0.5179492305765974,0.5179492305765974,0.5179492305765974,0.5179492305765974,0.0,0.0,0.0,0.0,0.0,0.0,0.0,0.0,0.0,0.0,0.0,0.0,0.0,0.0,0.0,0.0
32.51,0.0,0.0,0.0,datactrl_ref_vx_fallback,datactrl_est_vx_fallback,0.0,datactrl_est_theta_fallback,0.0,0.38837985698710187,0.2242312149793316,0.5178398093161358,0.5178398093161358,0.5178398093161358,0.5178398093161358,0.5178398093161358,0.5178398093161358,0.0,0.0,0.0,0.0,0.0,0.0,0.0,0.0,0.0,0.0,0.0,0.0,0.0,0.0,0.0,0.0
32.615,0.0,0.0,0.0,datactrl_ref_vx_fallback,datactrl_est_vx_fallback,0.0,datactrl_est_theta_fallback,0.0,0.3896275003369492,0.2249515422032186,0.5195033337825989,0.5195033337825989,0.5195033337825989,0.5195033337825989,0.5195033337825989,0.5195033337825989,0.0,0.0,0.0,0.0,0.0,0.0,0.0,0.0,0.0,0.0,0.0,0.0,0.0,0.0,0.0,0.0
32.715,0.0,0.0,0.0,datactrl_ref_vx_fallback,datactrl_est_vx_fallback,0.0,datactrl_est_theta_fallback,0.0,0.39132735330049107,0.22593295276930234,0.5217698044006548,0.5217698044006548,0.5217698044006548,0.5217698044006548,0.5217698044006548,0.5217698044006548,0.0,0.0,0.0,0.0,0.0,0.0,0.0,0.0,0.0,0.0,0.0,0.0,0.0,0.0,0.0,0.0
32.815,0.0,0.0,0.0,datactrl_ref_vx_fallback,datactrl_est_vx_fallback,0.0,datactrl_est_theta_fallback,0.0,0.3923877746957913,0.2265451873473333,0.5231836995943884,0.5231836995943884,0.5231836995943884,0.5231836995943884,0.5231836995943884,0.5231836995943884,0.0,0.0,0.0,0.0,0.0,0.0,0.0,0.0,0.0,0.0,0.0,0.0,0.0,0.0,0.0,0.0
32.916,0.0,0.0,0.0,datactrl_ref_vx_fallback,datactrl_est_vx_fallback,0.0,datactrl_est_theta_fallback,0.0,0.393073822294384,0.2269412771130577,0.5240984297258453,0.5240984297258453,0.5240984297258453,0.5240984297258453,0.5240984297258453,0.5240984297258453,0.0,0.0,0.0,0.0,0.0,0.0,0.0,0.0,0.0,0.0,0.0,0.0,0.0,0.0,0.0,0.0
33.016,0.0,0.0,0.0,datactrl_ref_vx_fallback,datactrl_est_vx_fallback,0.0,datactrl_est_theta_fallback,0.0,0.39356918814612046,0.22722727672090512,0.5247589175281606,0.5247589175281606,0.5247589175281606,0.5247589175281606,0.5247589175281606,0.5247589175281606,0.0,0.0,0.0,0.0,0.0,0.0,0.0,0.0,0.0,0.0,0.0,0.0,0.0,0.0,0.0,0.0
33.117,0.0,0.0,0.0,datactrl_ref_vx_fallback,datactrl_est_vx_fallback,0.0,datactrl_est_theta_fallback,0.0,0.3938945707784551,0.22741513647127312,0.5251927610379401,0.5251927610379401,0.5251927610379401,0.5251927610379401,0.5251927610379401,0.5251927610379401,0.0,0.0,0.0,0.0,0.0,0.0,0.0,0.0,0.0,0.0,0.0,0.0,0.0,0.0,0.0,0.0
33.216,0.0,0.0,0.0,datactrl_ref_vx_fallback,datactrl_est_vx_fallback,0.0,datactrl_est_theta_fallback,0.0,0.3938719136480594,0.22740205537094013,0.5251625515307459,0.5251625515307459,0.5251625515307459,0.5251625515307459,0.5251625515307459,0.5251625515307459,0.0,0.0,0.0,0.0,0.0,0.0,0.0,0.0,0.0,0.0,0.0,0.0,0.0,0.0,0.0,0.0
33.316,0.0,0.0,0.0,datactrl_ref_vx_fallback,datactrl_est_vx_fallback,0.0,datactrl_est_theta_fallback,0.0,0.3938924602412528,0.22741391795205126,0.5251899469883371,0.5251899469883371,0.5251899469883371,0.5251899469883371,0.5251899469883371,0.5251899469883371,0.0,0.0,0.0,0.0,0.0,0.0,0.0,0.0,0.0,0.0,0.0,0.0,0.0,0.0,0.0,0.0
33.416,0.0,0.0,0.0,datactrl_ref_vx_fallback,datactrl_est_vx_fallback,0.0,datactrl_est_theta_fallback,0.0,0.39356465580525324,0.2272246599726854,0.5247528744070044,0.5247528744070044,0.5247528744070044,0.5247528744070044,0.5247528744070044,0.5247528744070044,0.0,0.0,0.0,0.0,0.0,0.0,0.0,0.0,0.0,0.0,0.0,0.0,0.0,0.0,0.0,0.0
33.516,0.0,0.0,0.0,datactrl_ref_vx_fallback,datactrl_est_vx_fallback,0.0,datactrl_est_theta_fallback,0.0,0.39334562510970983,0.22709820254165258,0.5244608334796131,0.5244608334796131,0.5244608334796131,0.5244608334796131,0.5244608334796131,0.5244608334796131,0.0,0.0,0.0,0.0,0.0,0.0,0.0,0.0,0.0,0.0,0.0,0.0,0.0,0.0,0.0,0.0
33.618,0.0,0.0,0.0,datactrl_ref_vx_fallback,datactrl_est_vx_fallback,0.0,datactrl_est_theta_fallback,0.0,0.39277865134797474,0.2267708600876914,0.5237048684639664,0.5237048684639664,0.5237048684639664,0.5237048684639664,0.5237048684639664,0.5237048684639664,0.0,0.0,0.0,0.0,0.0,0.0,0.0,0.0,0.0,0.0,0.0,0.0,0.0,0.0,0.0,0.0
33.718,0.0,0.0,0.0,datactrl_ref_vx_fallback,datactrl_est_vx_fallback,0.0,datactrl_est_theta_fallback,0.0,0.39238198793292806,0.2265418463582365,0.5231759839105707,0.5231759839105707,0.5231759839105707,0.5231759839105707,0.5231759839105707,0.5231759839105707,0.0,0.0,0.0,0.0,0.0,0.0,0.0,0.0,0.0,0.0,0.0,0.0,0.0,0.0,0.0,0.0
33.817,0.0,0.0,0.0,datactrl_ref_vx_fallback,datactrl_est_vx_fallback,0.0,datactrl_est_theta_fallback,0.0,0.39217900047164705,0.2264246514928238,0.5229053339621961,0.5229053339621961,0.5229053339621961,0.5229053339621961,0.5229053339621961,0.5229053339621961,0.0,0.0,0.0,0.0,0.0,0.0,0.0,0.0,0.0,0.0,0.0,0.0,0.0,0.0,0.0,0.0
33.918,0.0,0.0,0.0,datactrl_ref_vx_fallback,datactrl_est_vx_fallback,0.0,datactrl_est_theta_fallback,0.0,0.39164579391080173,0.22611680454138608,0.522194391881069,0.522194391881069,0.522194391881069,0.522194391881069,0.522194391881069,0.522194391881069,0.0,0.0,0.0,0.0,0.0,0.0,0.0,0.0,0.0,0.0,0.0,0.0,0.0,0.0,0.0,0.0
34.017,0.0,0.0,0.0,datactrl_ref_vx_fallback,datactrl_est_vx_fallback,0.0,datactrl_est_theta_fallback,0.0,0.39135312464427274,0.22594783186157205,0.5218041661923637,0.5218041661923637,0.5218041661923637,0.5218041661923637,0.5218041661923637,0.5218041661923637,0.0,0.0,0.0,0.0,0.0,0.0,0.0,0.0,0.0,0.0,0.0,0.0,0.0,0.0,0.0,0.0
34.117,0.0,0.0,0.0,datactrl_ref_vx_fallback,datactrl_est_vx_fallback,0.0,datactrl_est_theta_fallback,0.0,0.39102804256555035,0.2257601456359129,0.5213707234207338,0.5213707234207338,0.5213707234207338,0.5213707234207338,0.5213707234207338,0.5213707234207338,0.0,0.0,0.0,0.0,0.0,0.0,0.0,0.0,0.0,0.0,0.0,0.0,0.0,0.0,0.0,0.0
34.218,0.0,0.0,0.0,datactrl_ref_vx_fallback,datactrl_est_vx_fallback,0.0,datactrl_est_theta_fallback,0.0,0.3909848575083503,0.2257352127315135,0.5213131433444671,0.5213131433444671,0.5213131433444671,0.5213131433444671,0.5213131433444671,0.5213131433444671,0.0,0.0,0.0,0.0,0.0,0.0,0.0,0.0,0.0,0.0,0.0,0.0,0.0,0.0,0.0,0.0
34.318,0.0,0.0,0.0,datactrl_ref_vx_fallback,datactrl_est_vx_fallback,0.0,datactrl_est_theta_fallback,0.0,0.390612660300918,0.22552032457361085,0.520816880401224,0.520816880401224,0.520816880401224,0.520816880401224,0.520816880401224,0.520816880401224,0.0,0.0,0.0,0.0,0.0,0.0,0.0,0.0,0.0,0.0,0.0,0.0,0.0,0.0,0.0,0.0
34.417,0.0,0.0,0.0,datactrl_ref_vx_fallback,datactrl_est_vx_fallback,0.0,datactrl_est_theta_fallback,0.0,0.39054149782291175,0.22547923889777774,0.5207219970972157,0.5207219970972157,0.5207219970972157,0.5207219970972157,0.5207219970972157,0.5207219970972157,0.0,0.0,0.0,0.0,0.0,0.0,0.0,0.0,0.0,0.0,0.0,0.0,0.0,0.0,0.0,0.0
34.521,0.0,0.0,0.0,datactrl_ref_vx_fallback,datactrl_est_vx_fallback,0.0,datactrl_est_theta_fallback,0.0,0.39046284024539923,0.2254338259242271,0.520617120327199,0.520617120327199,0.520617120327199,0.520617120327199,0.520617120327199,0.520617120327199,0.0,0.0,0.0,0.0,0.0,0.0,0.0,0.0,0.0,0.0,0.0,0.0,0.0,0.0,0.0,0.0
34.619,0.0,0.0,0.0,datactrl_ref_vx_fallback,datactrl_est_vx_fallback,0.0,datactrl_est_theta_fallback,0.0,0.39004426389316904,0.2251921607545906,0.5200590185242254,0.5200590185242254,0.5200590185242254,0.5200590185242254,0.5200590185242254,0.5200590185242254,0.0,0.0,0.0,0.0,0.0,0.0,0.0,0.0,0.0,0.0,0.0,0.0,0.0,0.0,0.0,0.0
34.719,0.0,0.0,0.0,datactrl_ref_vx_fallback,datactrl_est_vx_fallback,0.0,datactrl_est_theta_fallback,0.0,0.3899456265951023,0.2251352124839996,0.519927502126803,0.519927502126803,0.519927502126803,0.519927502126803,0.519927502126803,0.519927502126803,0.0,0.0,0.0,0.0,0.0,0.0,0.0,0.0,0.0,0.0,0.0,0.0,0.0,0.0,0.0,0.0
34.819,0.0,0.0,0.0,datactrl_ref_vx_fallback,datactrl_est_vx_fallback,0.0,datactrl_est_theta_fallback,0.0,0.38988063856517113,0.22509769162742474,0.5198408514202282,0.5198408514202282,0.5198408514202282,0.5198408514202282,0.5198408514202282,0.5198408514202282,0.0,0.0,0.0,0.0,0.0,0.0,0.0,0.0,0.0,0.0,0.0,0.0,0.0,0.0,0.0,0.0
34.919,0.0,0.0,0.0,datactrl_ref_vx_fallback,datactrl_est_vx_fallback,0.0,datactrl_est_theta_fallback,0.0,0.3898004464397277,0.2250513926822131,0.5197339285863036,0.5197339285863036,0.5197339285863036,0.5197339285863036,0.5197339285863036,0.5197339285863036,0.0,0.0,0.0,0.0,0.0,0.0,0.0,0.0,0.0,0.0,0.0,0.0,0.0,0.0,0.0,0.0
35.018,0.0,0.0,0.0,datactrl_ref_vx_fallback,datactrl_est_vx_fallback,0.0,datactrl_est_theta_fallback,0.0,0.38960222107439646,0.2249369472141789,0.5194696280991953,0.5194696280991953,0.5194696280991953,0.5194696280991953,0.5194696280991953,0.5194696280991953,0.0,0.0,0.0,0.0,0.0,0.0,0.0,0.0,0.0,0.0,0.0,0.0,0.0,0.0,0.0,0.0
35.119,0.0,0.0,0.0,datactrl_ref_vx_fallback,datactrl_est_vx_fallback,0.0,datactrl_est_theta_fallback,0.0,0.3893167312339509,0.22477211957794674,0.5190889749786012,0.5190889749786012,0.5190889749786012,0.5190889749786012,0.5190889749786012,0.5190889749786012,0.0,0.0,0.0,0.0,0.0,0.0,0.0,0.0,0.0,0.0,0.0,0.0,0.0,0.0,0.0,0.0
35.22,0.0,0.0,0.0,datactrl_ref_vx_fallback,datactrl_est_vx_fallback,0.0,datactrl_est_theta_fallback,0.0,0.38908677149393706,0.22463935226014697,0.5187823619919161,0.5187823619919161,0.5187823619919161,0.5187823619919161,0.5187823619919161,0.5187823619919161,0.0,0.0,0.0,0.0,0.0,0.0,0.0,0.0,0.0,0.0,0.0,0.0,0.0,0.0,0.0,0.0
35.319,0.0,0.0,0.0,datactrl_ref_vx_fallback,datactrl_est_vx_fallback,0.0,datactrl_est_theta_fallback,0.0,0.3887121875320782,0.22442308610893363,0.5182829167094376,0.5182829167094376,0.5182829167094376,0.5182829167094376,0.5182829167094376,0.5182829167094376,0.0,0.0,0.0,0.0,0.0,0.0,0.0,0.0,0.0,0.0,0.0,0.0,0.0,0.0,0.0,0.0
35.42,0.0,0.0,0.0,datactrl_ref_vx_fallback,datactrl_est_vx_fallback,0.0,datactrl_est_theta_fallback,0.0,0.3884419445285388,0.22426706123809356,0.5179225927047184,0.5179225927047184,0.5179225927047184,0.5179225927047184,0.5179225927047184,0.5179225927047184,0.0,0.0,0.0,0.0,0.0,0.0,0.0,0.0,0.0,0.0,0.0,0.0,0.0,0.0,0.0,0.0
35.52,0.0,0.0,0.0,datactrl_ref_vx_fallback,datactrl_est_vx_fallback,0.0,datactrl_est_theta_fallback,0.0,0.3881683964500307,0.2241091281813306,0.5175578619333743,0.5175578619333743,0.5175578619333743,0.5175578619333743,0.5175578619333743,0.5175578619333743,0.0,0.0,0.0,0.0,0.0,0.0,0.0,0.0,0.0,0.0,0.0,0.0,0.0,0.0,0.0,0.0
35.621,0.0,0.0,0.0,datactrl_ref_vx_fallback,datactrl_est_vx_fallback,0.0,datactrl_est_theta_fallback,0.0,0.38788868027570717,0.22394763397278822,0.5171849070342762,0.5171849070342762,0.5171849070342762,0.5171849070342762,0.5171849070342762,0.5171849070342762,0.0,0.0,0.0,0.0,0.0,0.0,0.0,0.0,0.0,0.0,0.0,0.0,0.0,0.0,0.0,0.0
35.721,0.0,0.0,0.0,datactrl_ref_vx_fallback,datactrl_est_vx_fallback,0.0,datactrl_est_theta_fallback,0.0,0.38785957017864514,0.22393082725041333,0.5171460935715269,0.5171460935715269,0.5171460935715269,0.5171460935715269,0.5171460935715269,0.5171460935715269,0.0,0.0,0.0,0.0,0.0,0.0,0.0,0.0,0.0,0.0,0.0,0.0,0.0,0.0,0.0,0.0
35.819,0.0,0.0,0.0,datactrl_ref_vx_fallback,datactrl_est_vx_fallback,0.0,datactrl_est_theta_fallback,0.0,0.38763234163672744,0.22379963679056955,0.5168431221823032,0.5168431221823032,0.5168431221823032,0.5168431221823032,0.5168431221823032,0.5168431221823032,0.0,0.0,0.0,0.0,0.0,0.0,0.0,0.0,0.0,0.0,0.0,0.0,0.0,0.0,0.0,0.0
35.921,0.0,0.0,0.0,datactrl_ref_vx_fallback,datactrl_est_vx_fallback,0.0,datactrl_est_theta_fallback,0.0,0.3876546177303512,0.22381249789921973,0.5168728236404683,0.5168728236404683,0.5168728236404683,0.5168728236404683,0.5168728236404683,0.5168728236404683,0.0,0.0,0.0,0.0,0.0,0.0,0.0,0.0,0.0,0.0,0.0,0.0,0.0,0.0,0.0,0.0
36.021,0.0,0.0,0.0,datactrl_ref_vx_fallback,datactrl_est_vx_fallback,0.0,datactrl_est_theta_fallback,0.0,0.38773105937303864,0.22385663150220264,0.5169747458307182,0.5169747458307182,0.5169747458307182,0.5169747458307182,0.5169747458307182,0.5169747458307182,0.0,0.0,0.0,0.0,0.0,0.0,0.0,0.0,0.0,0.0,0.0,0.0,0.0,0.0,0.0,0.0
36.121,0.0,0.0,0.0,datactrl_ref_vx_fallback,datactrl_est_vx_fallback,0.0,datactrl_est_theta_fallback,0.0,0.3875851261881903,0.22377237693864674,0.5167801682509204,0.5167801682509204,0.5167801682509204,0.5167801682509204,0.5167801682509204,0.5167801682509204,0.0,0.0,0.0,0.0,0.0,0.0,0.0,0.0,0.0,0.0,0.0,0.0,0.0,0.0,0.0,0.0
36.221,0.0,0.0,0.0,datactrl_ref_vx_fallback,datactrl_est_vx_fallback,0.0,datactrl_est_theta_fallback,0.0,0.38774274551288324,0.2238633784981877,0.516990327350511,0.516990327350511,0.516990327350511,0.516990327350511,0.516990327350511,0.516990327350511,0.0,0.0,0.0,0.0,0.0,0.0,0.0,0.0,0.0,0.0,0.0,0.0,0.0,0.0,0.0,0.0
36.322,0.0,0.0,0.0,datactrl_ref_vx_fallback,datactrl_est_vx_fallback,0.0,datactrl_est_theta_fallback,0.0,0.38763849717227616,0.22380319069067564,0.5168513295630349,0.5168513295630349,0.5168513295630349,0.5168513295630349,0.5168513295630349,0.5168513295630349,0.0,0.0,0.0,0.0,0.0,0.0,0.0,0.0,0.0,0.0,0.0,0.0,0.0,0.0,0.0,0.0
36.422,0.0,0.0,0.0,datactrl_ref_vx_fallback,datactrl_est_vx_fallback,0.0,datactrl_est_theta_fallback,0.0,0.3878444337141152,0.2239220882085424,0.5171259116188203,0.5171259116188203,0.5171259116188203,0.5171259116188203,0.5171259116188203,0.5171259116188203,0.0,0.0,0.0,0.0,0.0,0.0,0.0,0.0,0.0,0.0,0.0,0.0,0.0,0.0,0.0,0.0
36.522,0.0,0.0,0.0,datactrl_ref_vx_fallback,datactrl_est_vx_fallback,0.0,datactrl_est_theta_fallback,0.0,0.3878155589968124,0.22390541738273487,0.5170874119957499,0.5170874119957499,0.5170874119957499,0.5170874119957499,0.5170874119957499,0.5170874119957499,0.0,0.0,0.0,0.0,0.0,0.0,0.0,0.0,0.0,0.0,0.0,0.0,0.0,0.0,0.0,0.0
36.623,0.0,0.0,0.0,datactrl_ref_vx_fallback,datactrl_est_vx_fallback,0.0,datactrl_est_theta_fallback,0.0,0.38780503561313556,0.22389934170433623,0.5170733808175141,0.5170733808175141,0.5170733808175141,0.5170733808175141,0.5170733808175141,0.5170733808175141,0.0,0.0,0.0,0.0,0.0,0.0,0.0,0.0,0.0,0.0,0.0,0.0,0.0,0.0,0.0,0.0
36.723,0.0,0.0,0.0,datactrl_ref_vx_fallback,datactrl_est_vx_fallback,0.0,datactrl_est_theta_fallback,0.0,0.3881120522152602,0.22407659782221856,0.5174827362870136,0.5174827362870136,0.5174827362870136,0.5174827362870136,0.5174827362870136,0.5174827362870136,0.0,0.0,0.0,0.0,0.0,0.0,0.0,0.0,0.0,0.0,0.0,0.0,0.0,0.0,0.0,0.0
36.822,0.0,0.0,0.0,datactrl_ref_vx_fallback,datactrl_est_vx_fallback,0.0,datactrl_est_theta_fallback,0.0,0.38813242902442524,0.22408836237847524,0.5175099053659004,0.5175099053659004,0.5175099053659004,0.5175099053659004,0.5175099053659004,0.5175099053659004,0.0,0.0,0.0,0.0,0.0,0.0,0.0,0.0,0.0,0.0,0.0,0.0,0.0,0.0,0.0,0.0
36.925,0.0,0.0,0.0,datactrl_ref_vx_fallback,datactrl_est_vx_fallback,0.0,datactrl_est_theta_fallback,0.0,0.3881592216084664,0.2241038310840837,0.5175456288112885,0.5175456288112885,0.5175456288112885,0.5175456288112885,0.5175456288112885,0.5175456288112885,0.0,0.0,0.0,0.0,0.0,0.0,0.0,0.0,0.0,0.0,0.0,0.0,0.0,0.0,0.0,0.0
37.021,0.0,0.0,0.0,datactrl_ref_vx_fallback,datactrl_est_vx_fallback,0.0,datactrl_est_theta_fallback,0.0,0.3882163865272635,0.22413683526533937,0.517621848703018,0.517621848703018,0.517621848703018,0.517621848703018,0.517621848703018,0.517621848703018,0.0,0.0,0.0,0.0,0.0,0.0,0.0,0.0,0.0,0.0,0.0,0.0,0.0,0.0,0.0,0.0
37.122,0.0,0.0,0.0,datactrl_ref_vx_fallback,datactrl_est_vx_fallback,0.0,datactrl_est_theta_fallback,0.0,0.3883045239899765,0.2241877214531624,0.5177393653199687,0.5177393653199687,0.5177393653199687,0.5177393653199687,0.5177393653199687,0.5177393653199687,0.0,0.0,0.0,0.0,0.0,0.0,0.0,0.0,0.0,0.0,0.0,0.0,0.0,0.0,0.0,0.0
37.225,0.0,0.0,0.0,datactrl_ref_vx_fallback,datactrl_est_vx_fallback,0.0,datactrl_est_theta_fallback,0.0,0.38841152349414443,0.22424949764569693,0.5178820313255259,0.5178820313255259,0.5178820313255259,0.5178820313255259,0.5178820313255259,0.5178820313255259,0.0,0.0,0.0,0.0,0.0,0.0,0.0,0.0,0.0,0.0,0.0,0.0,0.0,0.0,0.0,0.0
37.322,0.0,0.0,0.0,datactrl_ref_vx_fallback,datactrl_est_vx_fallback,0.0,datactrl_est_theta_fallback,0.0,0.3885246744648102,0.2243148253890699,0.5180328992864136,0.5180328992864136,0.5180328992864136,0.5180328992864136,0.5180328992864136,0.5180328992864136,0.0,0.0,0.0,0.0,0.0,0.0,0.0,0.0,0.0,0.0,0.0,0.0,0.0,0.0,0.0,0.0
37.422,0.0,0.0,0.0,datactrl_ref_vx_fallback,datactrl_est_vx_fallback,0.0,datactrl_est_theta_fallback,0.0,0.38865544028692856,0.2243903230716707,0.5182072537159047,0.5182072537159047,0.5182072537159047,0.5182072537159047,0.5182072537159047,0.5182072537159047,0.0,0.0,0.0,0.0,0.0,0.0,0.0,0.0,0.0,0.0,0.0,0.0,0.0,0.0,0.0,0.0
37.523,0.0,0.0,0.0,datactrl_ref_vx_fallback,datactrl_est_vx_fallback,0.0,datactrl_est_theta_fallback,0.0,0.38880350833533905,0.22447581019927892,0.5184046777804521,0.5184046777804521,0.5184046777804521,0.5184046777804521,0.5184046777804521,0.5184046777804521,0.0,0.0,0.0,0.0,0.0,0.0,0.0,0.0,0.0,0.0,0.0,0.0,0.0,0.0,0.0,0.0
37.623,0.0,0.0,0.0,datactrl_ref_vx_fallback,datactrl_est_vx_fallback,0.0,datactrl_est_theta_fallback,0.0,0.38898116938447314,0.22457838285382098,0.5186415591792976,0.5186415591792976,0.5186415591792976,0.5186415591792976,0.5186415591792976,0.5186415591792976,0.0,0.0,0.0,0.0,0.0,0.0,0.0,0.0,0.0,0.0,0.0,0.0,0.0,0.0,0.0,0.0
37.724,0.0,0.0,0.0,datactrl_ref_vx_fallback,datactrl_est_vx_fallback,0.0,datactrl_est_theta_fallback,0.0,0.3887831063709374,0.22446403111963964,0.5183774751612499,0.5183774751612499,0.5183774751612499,0.5183774751612499,0.5183774751612499,0.5183774751612499,0.0,0.0,0.0,0.0,0.0,0.0,0.0,0.0,0.0,0.0,0.0,0.0,0.0,0.0,0.0,0.0
37.824,0.0,0.0,0.0,datactrl_ref_vx_fallback,datactrl_est_vx_fallback,0.0,datactrl_est_theta_fallback,0.0,0.3889812273315988,0.22457841630960956,0.5186416364421317,0.5186416364421317,0.5186416364421317,0.5186416364421317,0.5186416364421317,0.5186416364421317,0.0,0.0,0.0,0.0,0.0,0.0,0.0,0.0,0.0,0.0,0.0,0.0,0.0,0.0,0.0,0.0
37.923,0.0,0.0,0.0,datactrl_ref_vx_fallback,datactrl_est_vx_fallback,0.0,datactrl_est_theta_fallback,0.0,0.3891704850558252,0.22468768430763789,0.5188939800744335,0.5188939800744335,0.5188939800744335,0.5188939800744335,0.5188939800744335,0.5188939800744335,0.0,0.0,0.0,0.0,0.0,0.0,0.0,0.0,0.0,0.0,0.0,0.0,0.0,0.0,0.0,0.0
38.023,0.0,0.0,0.0,datactrl_ref_vx_fallback,datactrl_est_vx_fallback,0.0,datactrl_est_theta_fallback,0.0,0.389042350979936,0.22461370606443093,0.5187231346399147,0.5187231346399147,0.5187231346399147,0.5187231346399147,0.5187231346399147,0.5187231346399147,0.0,0.0,0.0,0.0,0.0,0.0,0.0,0.0,0.0,0.0,0.0,0.0,0.0,0.0,0.0,0.0
38.124,0.0,0.0,0.0,datactrl_ref_vx_fallback,datactrl_est_vx_fallback,0.0,datactrl_est_theta_fallback,0.0,0.38926483143835355,0.2247421552169877,0.5190197752511381,0.5190197752511381,0.5190197752511381,0.5190197752511381,0.5190197752511381,0.5190197752511381,0.0,0.0,0.0,0.0,0.0,0.0,0.0,0.0,0.0,0.0,0.0,0.0,0.0,0.0,0.0,0.0
38.224,0.0,0.0,0.0,datactrl_ref_vx_fallback,datactrl_est_vx_fallback,0.0,datactrl_est_theta_fallback,0.0,0.38913959642164914,0.22466985074638146,0.5188527952288655,0.5188527952288655,0.5188527952288655,0.5188527952288655,0.5188527952288655,0.5188527952288655,0.0,0.0,0.0,0.0,0.0,0.0,0.0,0.0,0.0,0.0,0.0,0.0,0.0,0.0,0.0,0.0
38.325,0.0,0.0,0.0,datactrl_ref_vx_fallback,datactrl_est_vx_fallback,0.0,datactrl_est_theta_fallback,0.0,0.38938102287123166,0.22480923837203742,0.5191746971616422,0.5191746971616422,0.5191746971616422,0.5191746971616422,0.5191746971616422,0.5191746971616422,0.0,0.0,0.0,0.0,0.0,0.0,0.0,0.0,0.0,0.0,0.0,0.0,0.0,0.0,0.0,0.0
38.425,0.0,0.0,0.0,datactrl_ref_vx_fallback,datactrl_est_vx_fallback,0.0,datactrl_est_theta_fallback,0.0,0.3892721838252983,0.22474640011956945,0.5190295784337311,0.5190295784337311,0.5190295784337311,0.5190295784337311,0.5190295784337311,0.5190295784337311,0.0,0.0,0.0,0.0,0.0,0.0,0.0,0.0,0.0,0.0,0.0,0.0,0.0,0.0,0.0,0.0
38.524,0.0,0.0,0.0,datactrl_ref_vx_fallback,datactrl_est_vx_fallback,0.0,datactrl_est_theta_fallback,0.0,0.38951640082697425,0.22488739887122774,0.5193552011026323,0.5193552011026323,0.5193552011026323,0.5193552011026323,0.5193552011026323,0.5193552011026323,0.0,0.0,0.0,0.0,0.0,0.0,0.0,0.0,0.0,0.0,0.0,0.0,0.0,0.0,0.0,0.0
38.626,0.0,0.0,0.0,datactrl_ref_vx_fallback,datactrl_est_vx_fallback,0.0,datactrl_est_theta_fallback,0.0,0.38942421075482053,0.2248341729082532,0.5192322810064274,0.5192322810064274,0.5192322810064274,0.5192322810064274,0.5192322810064274,0.5192322810064274,0.0,0.0,0.0,0.0,0.0,0.0,0.0,0.0,0.0,0.0,0.0,0.0,0.0,0.0,0.0,0.0
38.725,0.0,0.0,0.0,datactrl_ref_vx_fallback,datactrl_est_vx_fallback,0.0,datactrl_est_theta_fallback,0.0,0.3893051963549203,0.22476545991243332,0.5190735951398937,0.5190735951398937,0.5190735951398937,0.5190735951398937,0.5190735951398937,0.5190735951398937,0.0,0.0,0.0,0.0,0.0,0.0,0.0,0.0,0.0,0.0,0.0,0.0,0.0,0.0,0.0,0.0
38.825,0.0,0.0,0.0,datactrl_ref_vx_fallback,datactrl_est_vx_fallback,0.0,datactrl_est_theta_fallback,0.0,0.3891998697327488,0.22470464955876976,0.518933159643665,0.518933159643665,0.518933159643665,0.518933159643665,0.518933159643665,0.518933159643665,0.0,0.0,0.0,0.0,0.0,0.0,0.0,0.0,0.0,0.0,0.0,0.0,0.0,0.0,0.0,0.0
38.926,1.0,0.05999999865889549,0.9400000013411045,gncbus_cmd,datactrl_est_vx_fallback,-0.12029129266738892,datactrl_est_theta_fallback,0.0,0.3891333398585279,0.22466623881417186,0.5188444531447038,0.5188444531447038,0.5188281381836328,0.5188607681057749,0.5188281381836328,0.5188607681057749,0.0,0.0,0.0,0.05999999865889549,0.05999999865889549,0.0,0.0,0.0,0.0,0.0,-0.12029129266738892,-0.12029129266738892,0.0,0.0,0.0,0.0
39.025,1.0,0.1599999964237213,0.8400000035762787,gncbus_cmd,datactrl_est_vx_fallback,-0.3239852488040924,datactrl_est_theta_fallback,0.0,0.38941692984879017,0.22482998696236603,0.5192225731317203,0.5192225731317203,0.5190964524607837,0.5193486938026568,0.5190964524607837,0.5193486938026568,0.0,0.0,0.0,0.1599999964237213,0.1599999964237213,0.0,0.0,0.0,0.0,0.0,-0.3239852488040924,-0.3239852488040924,0.0,0.0,0.0,0.0
39.125,1.0,0.25999999046325684,0.7400000095367432,gncbus_cmd,datactrl_est_vx_fallback,-0.5316897630691528,datactrl_est_theta_fallback,-0.01709022931754589,0.38935447395186756,0.22479402879998509,0.5191392986024901,0.5191392986024901,0.5188129388316101,0.5194656583733701,0.5188129388316101,0.5194656583733701,0.0,0.0,0.0,0.25999999046325684,0.25999999046325684,0.0,0.0,0.0,0.0,0.0,-0.5316897630691528,-0.5316897630691528,0.0,0.0,0.0,0.0
39.225,1.0,0.36000001430511475,0.6399999856948853,gncbus_cmd,datactrl_est_vx_fallback,-0.019999999552965164,states_theta,-0.35467663407325745,0.38927880895115624,0.22475049685329235,0.519038411934875,0.519038411934875,0.5185441724689392,0.5195326514008107,0.5185441724689392,0.5195326514008107,0.0,0.0,0.0,0.36000001430511475,0.36000001430511475,0.0,0.0,0.0,0.0,0.0,-0.7434049248695374,-0.7234049439430237,0.0,0.0,0.0,0.0
39.327,1.0,0.46000000834465027,0.5399999916553497,gncbus_cmd,datactrl_est_vx_fallback,-0.08999999612569809,states_theta,-0.7991864681243896,0.3895955885139281,0.2249335094276896,0.5194607846852375,0.5194607846852375,0.5188672636350239,0.5200543057354511,0.5188672636350239,0.5200543057354511,0.0,0.0,0.0,0.46000000834465027,0.46000000834465027,0.0,0.0,0.0,0.0,0.0,-0.9591306447982788,-0.8691306114196777,0.0,0.0,0.0,0.0
39.426,1.0,0.5600000023841858,0.4399999976158142,gncbus_cmd,datactrl_est_vx_fallback,-0.19999998807907104,states_theta,-1.490756630897522,0.3895376926189663,0.2249000020322833,0.5193835901586218,0.5193835901586218,0.5188552143739253,0.5199119659433182,0.5188552143739253,0.5199119659433182,0.0,0.0,0.0,0.5600000023841858,0.5600000023841858,0.0,0.0,0.0,0.0,0.0,-1.178866982460022,-0.9788669347763062,0.0,0.0,0.0,0.0
39.526,1.0,0.6600000262260437,0.3399999737739563,gncbus_cmd,datactrl_est_vx_fallback,-0.38999998569488525,states_theta,-1.9967457056045532,0.38949361268988525,0.22487442311880215,0.519324816919847,0.519324816919847,0.5189213380283223,0.5197282958113717,0.5189213380283223,0.5197282958113717,0.0,0.0,0.0,0.6600000262260437,0.6600000262260437,0.0,0.0,0.0,0.0,0.0,-1.402613878250122,-1.0126138925552368,0.0,0.0,0.0,0.0
39.626,1.0,0.009999999776482582,0.9900000002235174,gncbus_cmd,states_vx_gs,-0.6200000047683716,states_theta,-2.3772480487823486,0.38984141691176954,0.22507510002259914,0.5197885558823594,0.5197885558823594,0.5195700598519885,0.5200070519127303,0.5195700598519885,0.5200070519127303,0.0,0.0,0.0,0.7599999904632568,0.75,0.0,0.0,0.0,0.0,0.0,-1.6101422309875488,-0.990142285823822,0.0,0.0,0.0,0.0
39.726,1.0,0.019999999552965164,0.9800000004470348,gncbus_cmd,states_vx_gs,-0.8799999952316284,states_theta,-2.678208827972412,0.38980189697738504,0.22505223287732876,0.5197074283553847,0.519764296917642,0.5196950698711152,0.5197766554019115,0.5197852269665028,0.519686498306524,0.0,0.0,0.0,0.8600000143051147,0.8399999737739563,0.0,0.0,0.0,0.0,0.0,-1.8212802410125732,-0.9412803053855896,0.0,0.0,0.0,0.0
39.826,1.0,0.03999999910593033,0.9600000008940697,gncbus_cmd,states_vx_gs,-1.149999976158142,states_theta,-2.680433988571167,0.3897763422095539,0.22503749499716413,0.5196735916879708,0.5197299875375064,0.5197711659365754,0.5196324132889019,0.5198703576553323,0.5195332215701449,0.0,0.0,0.0,0.9599999785423279,0.9200000166893005,0.0,0.0,0.0,0.0,0.0,-2.015878915786743,-0.8658789992332458,0.0,0.0,0.0,0.0
39.926,1.0,0.05999999865889549,0.9400000013411045,gncbus_cmd,states_vx_gs,-1.4199999570846558,states_theta,-2.6711654663085938,0.38973779372267403,0.22501545093359174,0.5196207127741093,0.5196800704863549,0.5200518155324718,0.5192489677279923,0.5201538519728397,0.5191469312876245,0.0,0.0,0.0,1.0,0.9399999976158142,0.0,0.0,0.0,0.0,0.0,-2.093435049057007,-0.6734349727630615,0.0,0.0,0.0,0.0
40.027,1.0,0.08999999612569809,0.9100000038743019,gncbus_cmd,states_vx_gs,-1.6699999570846558,states_theta,-2.4826650619506836,0.3900897379352125,0.22521921543768725,0.5200813861928953,0.5201579149676713,0.5209586239396607,0.5192806772209059,0.5209778342386259,0.5192614669219408,0.0,0.0,0.0,1.0,0.9100000262260437,0.0,0.0,0.0,0.0,0.0,-2.070647954940796,-0.40064799785614014,0.0,0.0,0.0,0.0
40.126,1.0,0.11999999731779099,0.880000002682209,gncbus_cmd,states_vx_gs,-1.8799999952316284,states_theta,-1.9599933624267578,0.3900560064875048,0.22519995754135616,0.5200646896799017,0.5200846609534444,0.5210837524196731,0.519065598213673,0.5209770282933833,0.5191723223399628,0.0,0.0,0.0,1.0,0.8799999952316284,0.0,0.0,0.0,0.0,0.0,-2.0467379093170166,-0.16673795878887177,0.0,0.0,0.0,0.0
40.224,1.0,0.14999999105930328,0.8500000089406967,gncbus_cmd,states_vx_gs,-2.0199999809265137,states_theta,-1.4047033786773682,0.38967259019574574,0.22497848151429012,0.5195623377966486,0.5195645693920067,0.5204257956649853,0.51870111152367,0.5205059023528796,0.5186210048357757,0.0,0.0,0.0,1.0,0.8500000238418579,0.0,0.0,0.0,0.0,0.0,-2.0215847492218018,-0.001584717072546482,0.0,0.0,0.0,0.0
40.327,1.0,0.1899999976158142,0.8100000023841858,gncbus_cmd,states_vx_gs,-2.109999895095825,states_theta,-0.5800988674163818,0.3900196153624663,0.22517830152065782,0.519999459154165,0.5200528484790785,0.5204553325734325,0.5195969750598111,0.5207222184122675,0.519330089220976,0.0,0.0,0.0,1.0,0.8100000023841858,0.0,0.0,0.0,0.0,0.0,-1.9784482717514038,0.1315515786409378,0.0,0.0,0.0,0.0
40.426,1.0,0.22999998927116394,0.7700000107288361,gncbus_cmd,states_vx_gs,-2.129999876022339,states_theta,-0.024068709462881088,0.39001450204729216,0.2251751171845298,0.5201088099021198,0.5199298622239925,0.5200797318981537,0.5199589402279586,0.5205087576051025,0.5195299145210098,0.0,0.0,0.0,1.0,0.7699999809265137,0.0,0.0,0.0,0.0,0.0,-1.9304993152618408,0.19950060546398163,0.0,0.0,0.0,0.0
40.528,1.0,0.25999999046325684,0.7400000095367432,gncbus_cmd,states_vx_gs,-2.0999999046325684,states_theta,0.403672456741333,0.3899829582741099,0.22515681417736438,0.5200641558868737,0.5198903995107527,0.5197179360345561,0.5202366193630703,0.5200872039509523,0.5198673514466741,0.0,0.0,0.0,1.0,0.7400000095367432,0.0,0.0,0.0,0.0,0.0,-1.9010145664215088,0.19898533821105957,0.0,0.0,0.0,0.0
40.623,1.0,0.29999998211860657,0.7000000178813934,gncbus_cmd,states_vx_gs,-2.049999952316284,states_theta,0.519195556640625,0.3899655133515739,0.22514689856769088,0.5197025468037636,0.5202054888004336,0.5201368027062792,0.519771232897918,0.5194328468058131,0.5204751887983841,0.0,0.0,0.0,1.0,0.7000000476837158,0.0,0.0,0.0,0.0,0.0,-1.8501778841018677,0.1998220682144165,0.0,0.0,0.0,0.0
40.728,1.0,0.32999998331069946,0.6700000166893005,gncbus_cmd,states_vx_gs,-2.0,states_theta,0.5294542908668518,0.38996219551999334,0.2251448452566516,0.5199405906224481,0.5199585974308674,0.5198424635320845,0.520056724521231,0.5196200819668358,0.5202791060864796,0.0,0.0,0.0,1.0,0.6700000166893005,0.0,0.0,0.0,0.0,0.0,-1.8178457021713257,0.1821543276309967,0.0,0.0,0.0,0.0
40.828,1.0,0.3700000047683716,0.6299999952316284,gncbus_cmd,states_vx_gs,-1.9399999380111694,states_theta,0.6107417941093445,0.3899594171644727,0.22514337022521722,0.5201360187333792,0.5197557603718812,0.5193856765312131,0.5205061025740473,0.5198949902873619,0.5199967888178986,0.0,0.0,0.0,1.0,0.6299999952316284,0.0,0.0,0.0,0.0,0.0,-1.7642015218734741,0.1757984161376953,0.0,0.0,0.0,0.0
40.928,1.0,0.3999999761581421,0.6000000238418579,gncbus_cmd,states_vx_gs,-1.8899999856948853,states_theta,0.5053372383117676,0.38994374140076626,0.22513421201613526,0.5199078565221844,0.5199421205465256,0.5195436922203148,0.5203062848483951,0.5198121910044738,0.5200377860642361,0.0,0.0,0.0,1.0,0.6000000238418579,0.0,0.0,0.0,0.0,0.0,-1.729182243347168,0.1608177274465561,0.0,0.0,0.0,0.0
41.029,1.0,0.429999977350235,0.570000022649765,gncbus_cmd,states_vx_gs,-1.8399999141693115,states_theta,0.5270023345947266,0.3899421516097501,0.22513334353746492,0.5196881856691166,0.5201575519568836,0.5196982699267575,0.5201474676992427,0.5195462622012846,0.5202994754247156,0.0,0.0,0.0,1.0,0.5700000524520874,0.0,0.0,0.0,0.0,0.0,-1.6929998397827148,0.1470000296831131,0.0,0.0,0.0,0.0
41.128,1.0,0.4599999785423279,0.5400000214576721,gncbus_cmd,states_vx_gs,-1.7899999618530273,states_theta,0.45326775312423706,0.38991413133502134,0.22511710758079434,0.5198491558646982,0.5199218610286921,0.5195909901804447,0.5201800267129455,0.5196530864310451,0.5201179304623451,0.0,0.0,0.0,1.0,0.5400000214576721,0.0,0.0,0.0,0.0,0.0,-1.6555742025375366,0.13442575931549072,0.0,0.0,0.0,0.0
41.228,1.0,0.4899999797344208,0.5100000202655792,gncbus_cmd,states_vx_gs,-1.75,states_theta,0.4210706055164337,0.3899272479608238,0.2251247041370275,0.5201069739857938,0.5196990205764029,0.5195414239706599,0.5202645705915367,0.5197917633856748,0.5200142311765219,0.0,0.0,0.0,1.0,0.5099999904632568,0.0,0.0,0.0,0.0,0.0,-1.6169854402542114,0.1330145299434662,0.0,0.0,0.0,0.0
41.328,1.0,0.5099999904632568,0.49000000953674316,gncbus_cmd,states_vx_gs,-1.709999918937683,states_theta,0.43343573808670044,0.38990049604128957,0.2251092571183488,0.5198994220283278,0.5198352340817777,0.5195359605679117,0.5201986955421938,0.5196015410351345,0.5201331150749711,0.0,0.0,0.0,1.0,0.49000000953674316,0.0,0.0,0.0,0.0,0.0,-1.5971819162368774,0.11281799525022507,0.0,0.0,0.0,0.0
41.429,1.0,0.5399999618530273,0.46000003814697266,gncbus_cmd,states_vx_gs,-1.659999966621399,states_theta,0.492017924785614,0.38990139085260556,0.22510985078570012,0.519719753588352,0.5200172886852628,0.5195702265297351,0.5201668157438797,0.5194112248912193,0.5203258173823955,0.0,0.0,0.0,1.0,0.46000003814697266,0.0,0.0,0.0,0.0,0.0,-1.5563071966171265,0.10369275510311127,0.0,0.0,0.0,0.0
41.529,1.0,0.5699999928474426,0.4300000071525574,gncbus_cmd,states_vx_gs,-1.5999999046325684,states_theta,0.5978318452835083,0.3899164784801741,0.2251186923021376,0.5198836651894095,0.5198936107577213,0.5193612803627137,0.5204159955844172,0.5193619084291234,0.5204153675180074,0.0,0.0,0.0,1.0,0.4300000071525574,0.0,0.0,0.0,0.0,0.0,-1.5143495798110962,0.08565038442611694,0.0,0.0,0.0,0.0
41.63,1.0,0.5899999737739563,0.4100000262260437,gncbus_cmd,states_vx_gs,-1.5299999713897705,states_theta,0.7509691715240479,0.3899187361979065,0.22512040672703962,0.5199908569559631,0.5197924395717876,0.5190380163362714,0.5207452801914793,0.5191452441764267,0.520638052351324,0.0,0.0,0.0,1.0,0.4100000262260437,0.0,0.0,0.0,0.0,0.0,-1.4912974834442139,0.03870251029729843,0.0,0.0,0.0,0.0
41.729,1.0,0.6200000047683716,0.3799999952316284,gncbus_cmd,states_vx_gs,-1.4399999380111694,states_theta,0.939971923828125,0.3902992668172563,0.22534076653593657,0.520515120874991,0.5202829239710258,0.5192185575450071,0.5215794873010097,0.5193596131109229,0.5214384317350939,0.0,0.0,0.0,1.0,0.3799999952316284,0.0,0.0,0.0,0.0,0.0,-1.4472943544387817,-0.0072944313287734985,0.0,0.0,0.0,0.0
41.83,1.0,0.6399999856948853,0.36000001430511475,gncbus_cmd,states_vx_gs,-1.3600000143051147,states_theta,0.8538832664489746,0.38990111710979153,0.2251110585111298,0.5199629800030178,0.5197733322897596,0.5186658022105455,0.5210705100822319,0.5187169923136135,0.521019319979164,0.0,0.0,0.0,1.0,0.36000001430511475,0.0,0.0,0.0,0.0,0.0,-1.4222770929336548,-0.06227710470557213,0.0,0.0,0.0,0.0
41.929,1.0,0.6599999666213989,0.3400000333786011,gncbus_cmd,states_vx_gs,-1.2999999523162842,states_theta,0.5150991678237915,0.3902956446642257,0.22533828259317354,0.5204591285809937,0.5203292571902748,0.5195267478899604,0.5212616378813081,0.5193828873528378,0.5214054984184308,0.0,0.0,0.0,1.0,0.3400000333786011,0.0,0.0,0.0,0.0,0.0,-1.3963775634765625,-0.09637758880853653,0.0,0.0,0.0,0.0
42.031,1.0,0.6800000071525574,0.3199999928474426,gncbus_cmd,states_vx_gs,-1.2599999904632568,states_theta,0.3965076208114624,0.38992734244181654,0.22512548910030283,0.5199749598050077,0.519831286706503,0.519072591305295,0.5207336552062157,0.5190057668745568,0.520800479636954,0.0,0.0,0.0,1.0,0.3199999928474426,0.0,0.0,0.0,0.0,0.0,-1.3697559833526611,-0.10975594818592072,0.0,0.0,0.0,0.0
42.129,1.0,0.699999988079071,0.30000001192092896,gncbus_cmd,states_vx_gs,-1.209999918937683,states_theta,0.5926912426948547,0.3899328401071547,0.22512924805404894,0.5200168900059804,0.5198040169464321,0.5188158894631598,0.5210050174892527,0.5187510600845304,0.521069846867882,0.0,0.0,0.0,1.0,0.30000001192092896,0.0,0.0,0.0,0.0,0.0,-1.342332363128662,-0.13233241438865662,0.0,0.0,0.0,0.0
42.23,1.0,0.7199999690055847,0.2800000309944153,gncbus_cmd,states_vx_gs,-1.149999976158142,states_theta,0.5667898654937744,0.39031663773648195,0.22535100247250306,0.5204115219839544,0.5204328453133308,0.5192847629788231,0.521559604318462,0.519170585957285,0.5216737813400001,0.0,0.0,0.0,1.0,0.2800000309944153,0.0,0.0,0.0,0.0,0.0,-1.3141467571258545,-0.16414675116539001,0.0,0.0,0.0,0.0
42.33,1.0,0.7400000095367432,0.25999999046325684,gncbus_cmd,states_vx_gs,-1.100000023841858,states_theta,0.475492000579834,0.3899349524843939,0.22513057892665908,0.519849923483322,0.5199766164750617,0.5188440124775177,0.520982527480866,0.5186457047204255,0.5211808352379582,0.0,0.0,0.0,1.0,0.25999999046325684,0.0,0.0,0.0,0.0,0.0,-1.2852791547775269,-0.18527917563915253,0.0,0.0,0.0,0.0
42.43,1.0,0.75,0.25,gncbus_cmd,states_vx_gs,-1.0699999332427979,states_theta,0.23101887106895447,0.38994244818425394,0.22513445553260344,0.5199174235535142,0.5199291049378296,0.5189413342335973,0.5209051942577465,0.5189345664764857,0.5209119620148581,0.0,0.0,0.0,1.0,0.25,0.0,0.0,0.0,0.0,0.0,-1.2755980491638184,-0.20559810101985931,0.0,0.0,0.0,0.0
42.531,1.0,0.7699999809265137,0.23000001907348633,gncbus_cmd,states_vx_gs,-1.0399999618530273,states_theta,0.27380409836769104,0.39032899379654884,0.22535774514728282,0.5204759838590143,0.5204013329317827,0.5193486864275662,0.5215286303632308,0.5194558587779362,0.5214214580128608,0.0,0.0,0.0,1.0,0.23000001907348633,0.0,0.0,0.0,0.0,0.0,-1.2454071044921875,-0.20540717244148254,0.0,0.0,0.0,0.0
42.631,1.0,0.7799999713897705,0.2200000286102295,gncbus_cmd,states_vx_gs,-1.0099999904632568,states_theta,0.41326308250427246,0.3899628261451168,0.2251468444754175,0.5199602597534241,0.5199406099668873,0.5187033785219584,0.521197491198353,0.5187216022989753,0.521179267421336,0.0,0.0,0.0,1.0,0.2200000286102295,0.0,0.0,0.0,0.0,0.0,-1.2344826459884644,-0.2244827002286911,0.0,0.0,0.0,0.0
42.731,1.0,0.7999999523162842,0.20000004768371582,gncbus_cmd,states_vx_gs,-0.9799999594688416,states_theta,0.29382386803627014,0.3899858253349778,0.22515981925796916,0.5199563287379478,0.5200058721553262,0.5188906395533783,0.5210715613398957,0.5188284954594862,0.5211337054337879,0.0,0.0,0.0,1.0,0.20000004768371582,0.0,0.0,0.0,0.0,0.0,-1.2030484676361084,-0.22304853796958923,0.0,0.0,0.0,0.0
42.831,1.0,0.8100000023841858,0.1899999976158142,gncbus_cmd,states_vx_gs,-0.949999988079071,states_theta,0.20550614595413208,0.38999860555468957,0.22516711703083334,0.5199949139774822,0.5200013675016899,0.518927304701295,0.5210689767778771,0.5188909423809596,0.5211053390982125,0.0,0.0,0.0,1.0,0.1899999976158142,0.0,0.0,0.0,0.0,0.0,-1.1910009384155273,-0.2410009801387787,0.0,0.0,0.0,0.0
42.932,1.0,0.8199999928474426,0.18000000715255737,gncbus_cmd,states_vx_gs,-0.9199999570846558,states_theta,0.3648011088371277,0.39000943576622954,0.22517401961308112,0.5200377677369342,0.5199873943063446,0.5186686052476148,0.521356556795664,0.5186949262842926,0.5213302357589862,0.0,0.0,0.0,1.0,0.18000000715255737,0.0,0.0,0.0,0.0,0.0,-1.1784322261810303,-0.2584322392940521,0.0,0.0,0.0,0.0
43.031,1.0,0.8399999737739563,0.1600000262260437,gncbus_cmd,states_vx_gs,-0.8899999856948853,states_theta,0.31423500180244446,0.38999386192946234,0.22516488650945227,0.5198628357995494,0.5201207960123502,0.5187820944479273,0.5212015373639722,0.5186472161480926,0.521336415663807,0.0,0.0,0.0,1.0,0.1600000262260437,0.0,0.0,0.0,0.0,0.0,-1.1454339027404785,-0.2554338872432709,0.0,0.0,0.0,0.0
43.132,1.0,0.8499999642372131,0.15000003576278687,gncbus_cmd,states_vx_gs,-0.85999995470047,states_theta,0.29424840211868286,0.3900194801232394,0.22517975655547842,0.5200642823356325,0.5199876646596726,0.5186939454517037,0.5213580015436015,0.5187393309210602,0.521312616074245,0.0,0.0,0.0,1.0,0.15000003576278687,0.0,0.0,0.0,0.0,0.0,-1.1318223476409912,-0.27182239294052124,0.0,0.0,0.0,0.0
43.231,1.0,0.85999995470047,0.14000004529953003,gncbus_cmd,states_vx_gs,-0.8299999833106995,states_theta,0.30654793977737427,0.39003224081619,0.2251873249504155,0.5201484560601537,0.5199375194496862,0.5186125964987764,0.5214733790110635,0.518725301984676,0.5213606735251639,0.0,0.0,0.0,1.0,0.14000004529953003,0.0,0.0,0.0,0.0,0.0,-1.1177295446395874,-0.28772956132888794,0.0,0.0,0.0,0.0
43.332,1.0,0.8700000047683716,0.12999999523162842,gncbus_cmd,states_vx_gs,-0.7899999618530273,states_theta,0.34981244802474976,0.39004567647475563,0.22519548496190486,0.5199171163343799,0.5202046875983017,0.5186384302115539,0.5214833737211277,0.5184875700954361,0.5216342338372455,0.0,0.0,0.0,1.0,0.12999999523162842,0.0,0.0,0.0,0.0,0.0,-1.1031954288482666,-0.31319546699523926,0.0,0.0,0.0,0.0
43.43,1.0,0.8799999952316284,0.12000000476837158,gncbus_cmd,states_vx_gs,-0.7599999904632568,states_theta,0.41658398509025574,0.39004622713594034,0.22519619972086372,0.5200795081766098,0.5200437641858978,0.5184317774828002,0.5216914948797073,0.5184561314477398,0.5216671409147677,0.0,0.0,0.0,1.0,0.12000000476837158,0.0,0.0,0.0,0.0,0.0,-1.0882203578948975,-0.32822030782699585,0.0,0.0,0.0,0.0
43.531,1.0,0.8899999856948853,0.11000001430511475,gncbus_cmd,states_vx_gs,-0.7099999785423279,states_theta,0.512405514717102,0.39006090485622885,0.2252054745757266,0.5202255801003369,0.5199368328496067,0.5181818826798422,0.5219805302701014,0.5183351123927903,0.5218273005571533,0.0,0.0,0.0,1.0,0.11000001430511475,0.0,0.0,0.0,0.0,0.0,-1.07284414768219,-0.3628441393375397,0.0,0.0,0.0,0.0
43.632,1.0,0.8999999761581421,0.10000002384185791,gncbus_cmd,states_vx_gs,-0.6499999761581421,states_theta,0.6086549758911133,0.3900761900661347,0.2252153019482971,0.5199906656692453,0.5202125078404473,0.5181277244891209,0.5220754490205717,0.5179626425672699,0.5222405309424227,0.0,0.0,0.0,1.0,0.10000002384185791,0.0,0.0,0.0,0.0,0.0,-1.0571871995925903,-0.40718719363212585,0.0,0.0,0.0,0.0
43.733,1.0,0.9099999666213989,0.09000003337860107,gncbus_cmd,states_vx_gs,-0.6100000143051147,states_theta,0.3633871078491211,0.39006507179043853,0.22520810415816034,0.5199969366541425,0.5201765881203603,0.5182471680861257,0.5219263566883771,0.5181662857911528,0.52200723898335,0.0,0.0,0.0,1.0,0.09000003337860107,0.0,0.0,0.0,0.0,0.0,-1.04120934009552,-0.43120938539505005,0.0,0.0,0.0,0.0
43.832,1.0,0.9099999666213989,0.09000003337860107,gncbus_cmd,states_vx_gs,-0.5899999737739563,states_theta,0.19864100217819214,0.3900951174256774,0.22522516312408422,0.5202819268259403,0.5199717196425327,0.5180628535792565,0.5221907928892165,0.5186174513726695,0.5216361950958036,0.0,0.0,0.0,1.0,0.09000003337860107,0.0,0.0,0.0,0.0,0.0,-1.0448188781738281,-0.4548189640045166,0.0,0.0,0.0,0.0
43.932,1.0,0.9199999570846558,0.08000004291534424,gncbus_cmd,states_vx_gs,-0.5600000023841858,states_theta,0.21465903520584106,0.39008521349610253,0.22521961957326825,0.5201181496506132,0.5201090863389936,0.5181996129390435,0.5220276230505633,0.5183211310943915,0.5219061048952153,0.0,0.0,0.0,1.0,0.08000004291534424,0.0,0.0,0.0,0.0,0.0,-1.0282396078109741,-0.46823954582214355,0.0,0.0,0.0,0.0
44.034,1.0,0.9300000071525574,0.06999999284744263,gncbus_cmd,states_vx_gs,-0.5399999618530273,states_theta,0.23002104461193085,0.3901029428176008,0.22523004490974471,0.5200056222585623,0.5202688919217064,0.5183962771466177,0.521878237033651,0.518095316504938,0.5221791976753307,0.0,0.0,0.0,1.0,0.06999999284744263,0.0,0.0,0.0,0.0,0.0,-1.0114996433258057,-0.4714996814727783,0.0,0.0,0.0,0.0
44.134,1.0,0.9300000071525574,0.06999999284744263,gncbus_cmd,states_vx_gs,-0.5199999809265137,states_theta,0.2541741132736206,0.38973159389179923,0.22501606101421068,0.5195496426106888,0.5197346077674424,0.5176110262422599,0.5216732241358714,0.5176868149352921,0.5215974354428391,0.0,0.0,0.0,1.0,0.06999999284744263,0.0,0.0,0.0,0.0,0.0,-1.0143070220947266,-0.4943070709705353,0.0,0.0,0.0,0.0
44.233,1.0,0.9399999976158142,0.06000000238418579,gncbus_cmd,states_vx_gs,-0.5,states_theta,0.13528405129909515,0.3900957654257876,0.22522587402884878,0.5200111178040351,0.520244256664732,0.5182018367370568,0.5220535377317103,0.5182711935436483,0.5219841809251188,0.0,0.0,0.0,1.0,0.06000000238418579,0.0,0.0,0.0,0.0,0.0,-0.9970458745956421,-0.4970458745956421,0.0,0.0,0.0,0.0
44.333,1.0,0.9399999976158142,0.06000000238418579,gncbus_cmd,states_vx_gs,-0.4899999797344208,states_theta,0.056871697306632996,0.38972545665842245,0.2250119412593573,0.5195106795297207,0.5197572048927391,0.5177784016982431,0.5214894827242168,0.5177735149898691,0.5214943694325908,0.0,0.0,0.0,1.0,0.06000000238418579,0.0,0.0,0.0,0.0,0.0,-0.9994522333145142,-0.5094522833824158,0.0,0.0,0.0,0.0
44.433,1.0,0.949999988079071,0.050000011920928955,gncbus_cmd,states_vx_gs,-0.4899999797344208,states_theta,0.04358667880296707,0.3901180683434003,0.22523843399943405,0.5199708081122508,0.5203440408034833,0.5184430975190457,0.5218717513966884,0.5182534298216397,0.5220614190940944,0.0,0.0,0.0,1.0,0.050000011920928955,0.0,0.0,0.0,0.0,0.0,-0.9817900061607361,-0.4917900264263153,0.0,0.0,0.0,0.0
44.533,1.0,0.949999988079071,0.050000011920928955,gncbus_cmd,states_vx_gs,-0.47999998927116394,states_theta,0.047865238040685654,0.39011140506607,0.22523477629300745,0.5201149092555006,0.520182170920686,0.5182011252391449,0.5220959549370418,0.5183747208790025,0.5219223592971841,0.0,0.0,0.0,1.0,0.050000011920928955,0.0,0.0,0.0,0.0,0.0,-0.9837952852249146,-0.503795325756073,0.0,0.0,0.0,0.0
44.634,1.0,0.9599999785423279,0.04000002145767212,gncbus_cmd,states_vx_gs,-0.4699999988079071,states_theta,0.19030135869979858,0.3897411745960191,0.22502167909207385,0.5197764956460865,0.519533303276631,0.5174370207489253,0.5218727781737923,0.5178717636270304,0.5214380352956872,0.0,0.0,0.0,1.0,0.04000002145767212,0.0,0.0,0.0,0.0,0.0,-0.9658122062683105,-0.49581223726272583,0.0,0.0,0.0,0.0
44.732,1.0,0.9599999785423279,0.04000002145767212,gncbus_cmd,states_vx_gs,-0.44999998807907104,states_theta,0.1591612994670868,0.3901368522686258,0.22525028924197363,0.520322815423108,0.5200421239598941,0.5179675244581466,0.5223974149248555,0.5183131906064288,0.5220517487765733,0.0,0.0,0.0,1.0,0.04000002145767212,0.0,0.0,0.0,0.0,0.0,-0.9674164652824402,-0.5174164772033691,0.0,0.0,0.0,0.0
44.834,1.0,0.9599999785423279,0.04000002145767212,gncbus_cmd,states_vx_gs,-0.4399999976158142,states_theta,0.047230251133441925,0.38976846650140323,0.2250372712715663,0.519847525311554,0.5195350520255213,0.5177952973280117,0.5215872800090636,0.5176423831352907,0.5217401942017846,0.0,0.0,0.0,1.0,0.04000002145767212,0.0,0.0,0.0,0.0,0.0,-0.9690207242965698,-0.5290207266807556,0.0,0.0,0.0,0.0
44.934,1.0,0.9699999690055847,0.030000030994415283,gncbus_cmd,states_vx_gs,-0.4399999976158142,states_theta,0.0012350267497822642,0.39013712803784306,0.22524975192831642,0.5203692129903467,0.5199964617772349,0.5183521975878557,0.5220134771797259,0.5182389326395466,0.522126742128035,0.0,0.0,0.0,1.0,0.030000030994415283,0.0,0.0,0.0,0.0,0.0,-0.950395941734314,-0.5103959441184998,0.0,0.0,0.0,0.0
45.035,1.0,0.9699999690055847,0.030000030994415283,gncbus_cmd,states_vx_gs,-0.4399999976158142,states_theta,-0.03119087591767311,0.38978300674956223,0.22504524405659607,0.5198797561633449,0.519541595168821,0.5179564312822503,0.5214649200499156,0.5177227804408694,0.5216985708912966,0.0,0.0,0.0,1.0,0.030000030994415283,0.0,0.0,0.0,0.0,0.0,-0.95159912109375,-0.5115991234779358,0.0,0.0,0.0,0.0
45.133,1.0,0.9799999594688416,0.020000040531158447,gncbus_cmd,states_vx_gs,-0.44999998807907104,states_theta,-0.04330796003341675,0.3901666154180216,0.2252664022244975,0.520371431842795,0.520072875938596,0.5185744193713274,0.5218698884100635,0.5182847528694093,0.5221595549119816,0.0,0.0,0.0,1.0,0.020000040531158447,0.0,0.0,0.0,0.0,0.0,-0.9328138828277588,-0.48281392455101013,0.0,0.0,0.0,0.0
45.234,1.0,0.9799999594688416,0.020000040531158447,gncbus_cmd,states_vx_gs,-0.4399999976158142,states_theta,0.09913503378629684,0.389786508513869,0.22504773976268558,0.5199061816478647,0.5195245077224526,0.5176975889274025,0.5217331004429149,0.5177651379731565,0.5216655513971609,0.0,0.0,0.0,1.0,0.020000040531158447,0.0,0.0,0.0,0.0,0.0,-0.933616042137146,-0.4936160445213318,0.0,0.0,0.0,0.0
45.334,1.0,0.9799999594688416,0.020000040531158447,gncbus_cmd,states_vx_gs,-0.429999977350235,states_theta,0.1564292162656784,0.39017111673379606,0.2252702763817807,0.5204507105854355,0.5200056007046874,0.5180264851839558,0.5224298261061671,0.5182552500269515,0.5222010612631713,0.0,0.0,0.0,1.0,0.020000040531158447,0.0,0.0,0.0,0.0,0.0,-0.9344181418418884,-0.5044181942939758,0.0,0.0,0.0,0.0
45.435,1.0,0.9899999499320984,0.010000050067901611,gncbus_cmd,states_vx_gs,-0.4099999964237213,states_theta,0.1642642617225647,0.3898194089322171,0.22506734375990273,0.5200001324501052,0.5195182913691404,0.5175172494861179,0.5220011743331278,0.5177783795962941,0.5217400442229515,0.0,0.0,0.0,1.0,0.010000050067901611,0.0,0.0,0.0,0.0,0.0,-0.9151116013526917,-0.505111575126648,0.0,0.0,0.0,0.0
45.536,1.0,0.9899999499320984,0.010000050067901611,gncbus_cmd,states_vx_gs,-0.3999999761581421,states_theta,0.15885546803474426,0.3901912295929222,0.22528216521453362,0.5204787786514815,0.5200311669296442,0.518063969433524,0.5224459761476018,0.5181483795128404,0.5223615660682853,0.0,0.0,0.0,1.0,0.010000050067901611,0.0,0.0,0.0,0.0,0.0,-0.9155126214027405,-0.5155126452445984,0.0,0.0,0.0,0.0
45.635,1.0,0.9899999499320984,0.010000050067901611,gncbus_cmd,states_vx_gs,-0.3799999952316284,states_theta,0.1902620494365692,0.38982639967480726,0.22507203622237015,0.5199679554137578,0.5195691103857282,0.517491411791972,0.522045654007514,0.5175402908362348,0.5219967749632513,0.0,0.0,0.0,1.0,0.010000050067901611,0.0,0.0,0.0,0.0,0.0,-0.9159137010574341,-0.5359137058258057,0.0,0.0,0.0,0.0
45.734,1.0,0.9899999499320984,0.010000050067901611,gncbus_cmd,states_vx_gs,-0.3700000047683716,states_theta,0.06395202875137329,0.39022635238247433,0.22530252248520993,0.5204985035355867,0.5201051028176782,0.518224809679557,0.5223787966737079,0.5180481021905583,0.5225555041627066,0.0,0.0,0.0,1.0,0.010000050067901611,0.0,0.0,0.0,0.0,0.0,-0.9163147807121277,-0.5463147759437561,0.0,0.0,0.0,0.0
45.836,1.0,1.0,0.0,gncbus_cmd,states_vx_gs,-0.3700000047683716,states_theta,-0.05897021293640137,0.3898621876155345,0.225091492704173,0.5200195969537275,0.5196129033543645,0.5178419501331114,0.5217905501749805,0.5177961765125222,0.5218363237955698,0.0,0.0,0.0,1.0,0.0,0.0,0.0,0.0,0.0,0.0,-0.8964465856552124,-0.5264465808868408,0.0,0.0,0.0,0.0
45.936,1.0,1.0,0.0,gncbus_cmd,states_vx_gs,-0.3700000047683716,states_theta,-0.0037615166511386633,0.3902369452165042,0.225308174018467,0.5203762980558299,0.520255555854848,0.5183668212311716,0.5222650326795062,0.5181267312572995,0.5225051226533783,0.0,0.0,0.0,1.0,0.0,0.0,0.0,0.0,0.0,0.0,-0.8964465856552124,-0.5264465808868408,0.0,0.0,0.0,0.0
46.036,1.0,1.0,0.0,gncbus_cmd,states_vx_gs,-0.3700000047683716,states_theta,0.03915443271398544,0.3898598713890661,0.22509075378250507,0.5198442046189942,0.5197821190851821,0.5178202936762613,0.521806030027915,0.5175493508425719,0.5220769728616044,0.0,0.0,0.0,1.0,0.0,0.0,0.0,0.0,0.0,0.0,-0.8964465856552124,-0.5264465808868408,0.0,0.0,0.0,0.0
46.136,1.0,1.0,0.0,gncbus_cmd,states_vx_gs,-0.3700000047683716,states_theta,-0.06447014957666397,0.39024841047095016,0.22531462167061053,0.5203533840028977,0.5203090439196362,0.5182747645703281,0.5223876633522058,0.518317185195615,0.5223452427269188,0.0,0.0,0.0,1.0,0.0,0.0,0.0,0.0,0.0,0.0,-0.8964465856552124,-0.5264465808868408,0.0,0.0,0.0,0.0
46.236,1.0,1.0099999904632568,-0.009999990463256836,gncbus_cmd,states_vx_gs,-0.3799999952316284,states_theta,-0.03633565828204155,0.3899005936552618,0.22511365168391917,0.5198852886732573,0.5198496277407741,0.5177376949702357,0.5219972214437958,0.5180079121500927,0.5217270042639388,0.0,0.0,0.0,1.0,-0.009999990463256836,0.0,0.0,0.0,0.0,0.0,-0.8762176036834717,-0.4962175786495209,0.0,0.0,0.0,0.0
46.336,1.0,1.0099999904632568,-0.009999990463256836,gncbus_cmd,states_vx_gs,-0.3700000047683716,states_theta,0.0982183888554573,0.3902890478754742,0.22533873638881424,0.5203660848278596,0.5204047095067382,0.5182411663051261,0.5225296280294718,0.5181796815129791,0.5225911128216187,0.0,0.0,0.0,1.0,-0.009999990463256836,0.0,0.0,0.0,0.0,0.0,-0.8758165240287781,-0.5058165192604065,0.0,0.0,0.0,0.0
46.436,1.0,1.0099999904632568,-0.009999990463256836,gncbus_cmd,states_vx_gs,-0.35999998450279236,states_theta,0.07102789729833603,0.3899157014438309,0.22512326191167245,0.5198747665247007,0.519900437325515,0.5178098125873214,0.5219653912628943,0.5175906767746901,0.5221845270755257,0.0,0.0,0.0,1.0,-0.009999990463256836,0.0,0.0,0.0,0.0,0.0,-0.8754154443740845,-0.5154154896736145,0.0,0.0,0.0,0.0
46.537,1.0,1.0099999904632568,-0.009999990463256836,gncbus_cmd,states_vx_gs,-0.35999998450279236,states_theta,-0.010003041476011276,0.389943044586988,0.22513869740270734,0.5198945801317962,0.5199535387668384,0.517847355181511,0.5220007637171236,0.5177681356537525,0.5220799832448821,0.0,0.0,0.0,1.0,-0.009999990463256836,0.0,0.0,0.0,0.0,0.0,-0.8750144243240356,-0.5150144100189209,0.0,0.0,0.0,0.0
46.636,1.0,1.0199999809265137,-0.019999980926513672,gncbus_cmd,states_vx_gs,-0.3799999952316284,states_theta,-0.21502935886383057,0.39033499381675213,0.22536362731712417,0.5204186619380098,0.5204746549066626,0.5186471849289318,0.5222461319157405,0.518636690401062,0.5222566264436104,0.0,0.0,0.0,1.0,-0.019999980926513672,0.0,0.0,0.0,0.0,0.0,-0.8545046448707581,-0.474504679441452,0.0,0.0,0.0,0.0
46.737,1.0,1.0199999809265137,-0.019999980926513672,gncbus_cmd,states_vx_gs,-0.38999998569488525,states_theta,-0.06035064905881882,0.3899613654222823,0.22514851816568243,0.5198952884018418,0.5200016860575777,0.5179616269432669,0.5219353475161527,0.5180383941561643,0.5218585803032553,0.0,0.0,0.0,1.0,-0.019999980926513672,0.0,0.0,0.0,0.0,0.0,-0.8537025451660156,-0.46370255947113037,0.0,0.0,0.0,0.0
46.837,1.0,1.0199999809265137,-0.019999980926513672,gncbus_cmd,states_vx_gs,-0.35999998450279236,states_theta,0.3304879069328308,0.38997668865479834,0.22515982619552666,0.5200928751470619,0.5198449612657337,0.5174096672723322,0.5225281691404634,0.5176306980748141,0.5223071383379815,0.0,0.0,0.0,1.0,-0.019999980926513672,0.0,0.0,0.0,0.0,0.0,-0.8529004454612732,-0.49290043115615845,0.0,0.0,0.0,0.0
46.937,1.0,1.0199999809265137,-0.019999980926513672,gncbus_cmd,states_vx_gs,-0.3499999940395355,states_theta,0.10003186762332916,0.3900022542968274,0.22517352877069138,0.5199316298041018,0.5200743816541046,0.5177549059616415,0.5222511054965648,0.5177516253485139,0.5222543861096924,0.0,0.0,0.0,1.0,-0.019999980926513672,0.0,0.0,0.0,0.0,0.0,-0.8520181179046631,-0.5020180940628052,0.0,0.0,0.0,0.0
47.038,1.0,1.0199999809265137,-0.019999980926513672,gncbus_cmd,states_vx_gs,-0.3499999940395355,states_theta,-0.14122137427330017,0.39000516552388287,0.2251741107956477,0.5197890148979417,0.5202247598324127,0.5180813637154842,0.5219324110148702,0.5179108434033455,0.5221029313270089,0.0,0.0,0.0,1.0,-0.019999980926513672,0.0,0.0,0.0,0.0,0.0,-0.8512159585952759,-0.5012159943580627,0.0,0.0,0.0,0.0
47.138,1.0,1.0299999713897705,-0.029999971389770508,gncbus_cmd,states_vx_gs,-0.3700000047683716,states_theta,-0.07503141462802887,0.39002217560158486,0.22518385651146566,0.5200918953342588,0.5199672396033008,0.5177510839857795,0.5223080509517801,0.5183507939773229,0.5217083409602368,0.0,0.0,0.0,1.0,-0.029999971389770508,0.0,0.0,0.0,0.0,0.0,-0.830104649066925,-0.46010464429855347,0.0,0.0,0.0,0.0
47.238,1.0,1.0299999713897705,-0.029999971389770508,gncbus_cmd,states_vx_gs,-0.3499999940395355,states_theta,0.2265084981918335,0.39005319125946625,0.22520350334275643,0.5201467737490251,0.5199950696095517,0.5175895338346429,0.5225523095239338,0.5178379975934152,0.5223038457651615,0.0,0.0,0.0,1.0,-0.029999971389770508,0.0,0.0,0.0,0.0,0.0,-0.828901469707489,-0.4789014756679535,0.0,0.0,0.0,0.0
47.336,1.0,1.0299999713897705,-0.029999971389770508,gncbus_cmd,states_vx_gs,-0.32999998331069946,states_theta,0.16506873071193695,0.3900441893820038,0.22519836792419826,0.5198519446639168,0.5202658936880934,0.5179085916955837,0.5222092466564265,0.5174911662122965,0.5226266721397137,0.0,0.0,0.0,1.0,-0.029999971389770508,0.0,0.0,0.0,0.0,0.0,-0.827698290348053,-0.4976983070373535,0.0,0.0,0.0,0.0
47.439,1.0,1.0299999713897705,-0.029999971389770508,gncbus_cmd,states_vx_gs,-0.32999998331069946,states_theta,-0.0522674098610878,0.3900762443198981,0.22521574931488952,0.5201391346993622,0.5200641834870328,0.5181012069471325,0.5221021112392625,0.5178147614049713,0.5223885567814237,0.0,0.0,0.0,1.0,-0.029999971389770508,0.0,0.0,0.0,0.0,0.0,-0.8264951109886169,-0.49649515748023987,0.0,0.0,0.0,0.0
47.538,1.0,1.0299999713897705,-0.029999971389770508,gncbus_cmd,states_vx_gs,-0.3400000035762787,states_theta,-0.14343398809432983,0.39006824115263955,0.22521059628981827,0.5202279655464778,0.519954010860561,0.5180419584213397,0.5221400179856991,0.5180769298289306,0.5221050465781082,0.0,0.0,0.0,1.0,-0.029999971389770508,0.0,0.0,0.0,0.0,0.0,-0.8252919316291809,-0.4852919578552246,0.0,0.0,0.0,0.0
47.639,1.0,1.0399999618530273,-0.039999961853027344,gncbus_cmd,states_vx_gs,-0.3499999940395355,states_theta,-0.060964688658714294,0.3901012278597847,0.22522968870068452,0.520068226207079,0.5202017147523468,0.5180944565884079,0.5221754843710179,0.5180875574433049,0.5221823835161209,0.0,0.0,0.0,1.0,-0.039999961853027344,0.0,0.0,0.0,0.0,0.0,-0.8041003942489624,-0.4541004002094269,0.0,0.0,0.0,0.0
47.739,1.0,1.0399999618530273,-0.039999961853027344,gncbus_cmd,states_vx_gs,-0.3400000035762787,states_theta,0.11406134068965912,0.39009414297110356,0.2252266514263553,0.519979320683919,0.5202717272390237,0.5179149137449705,0.5223361341779723,0.5178126532686257,0.5224383946543171,0.0,0.0,0.0,1.0,-0.039999961853027344,0.0,0.0,0.0,0.0,0.0,-0.8024961948394775,-0.46249616146087646,0.0,0.0,0.0,0.0
47.839,1.0,1.0399999618530273,-0.039999961853027344,gncbus_cmd,states_vx_gs,-0.32999998331069946,states_theta,0.07954046875238419,0.390100995276888,0.22523061678014006,0.5200824156660085,0.5201869050723594,0.5177354091818602,0.5225339115565077,0.5180097799359444,0.5222595408024235,0.0,0.0,0.0,1.0,-0.039999961853027344,0.0,0.0,0.0,0.0,0.0,-0.8008919358253479,-0.47089195251464844,0.0,0.0,0.0,0.0
47.938,1.0,1.0399999618530273,-0.039999961853027344,gncbus_cmd,states_vx_gs,-0.3400000035762787,states_theta,-0.0639413520693779,0.38974604950582425,0.2250249080118228,0.5197552111904945,0.5195675874917035,0.5173643018252374,0.5219584968569606,0.5177709043279113,0.5215518943542867,0.0,0.0,0.0,1.0,-0.039999961853027344,0.0,0.0,0.0,0.0,0.0,-0.7992876768112183,-0.45928770303726196,0.0,0.0,0.0,0.0
48.039,1.0,1.0399999618530273,-0.039999961853027344,gncbus_cmd,states_vx_gs,-0.3400000035762787,states_theta,-0.016260799020528793,0.38974994828718934,0.22502739197425314,0.5197581869063594,0.5195750085261455,0.517438340883775,0.5218948545487299,0.5175916395584934,0.5217415558740115,0.0,0.0,0.0,1.0,-0.039999961853027344,0.0,0.0,0.0,0.0,0.0,-0.7976834774017334,-0.4576834738254547,0.0,0.0,0.0,0.0
48.139,1.0,1.0399999618530273,-0.039999961853027344,gncbus_cmd,states_vx_gs,-0.32999998331069946,states_theta,0.15238942205905914,0.3901195103978025,0.22524181441964497,0.5202731476019417,0.5200455467921984,0.5177254719840085,0.5225932224101315,0.5178673402667344,0.5224513541274056,0.0,0.0,0.0,1.0,-0.039999961853027344,0.0,0.0,0.0,0.0,0.0,-0.7960792183876038,-0.4660792648792267,0.0,0.0,0.0,0.0
48.24,1.0,1.0399999618530273,-0.039999961853027344,gncbus_cmd,states_vx_gs,-0.3199999928474426,states_theta,0.052611857652664185,0.38975152352018055,0.2250290142081488,0.5198125518080862,0.5195248442457286,0.5173991055702766,0.5219382904835382,0.5173469709973865,0.5219904250564283,0.0,0.0,0.0,1.0,-0.039999961853027344,0.0,0.0,0.0,0.0,0.0,-0.7944750189781189,-0.4744749963283539,0.0,0.0,0.0,0.0
48.34,1.0,1.0499999523162842,-0.04999995231628418,gncbus_cmd,states_vx_gs,-0.3199999928474426,states_theta,-0.015577717684209347,0.3901466704663783,0.2252565595280679,0.5203454682192368,0.5200456530244386,0.5179997268206853,0.5223913944229901,0.5180367842747129,0.5223543369689625,0.0,0.0,0.0,1.0,-0.04999995231628418,0.0,0.0,0.0,0.0,0.0,-0.7727220058441162,-0.4527219831943512,0.0,0.0,0.0,0.0
48.44,1.0,1.0499999523162842,-0.04999995231628418,gncbus_cmd,states_vx_gs,-0.3100000023841858,states_theta,0.1462695449590683,0.38978025707331043,0.2250460435552257,0.5198606546298877,0.5195533642322735,0.5173249962687632,0.5220890225933981,0.5173284495639314,0.5220855692982298,0.0,0.0,0.0,1.0,-0.04999995231628418,0.0,0.0,0.0,0.0,0.0,-0.770716667175293,-0.46071669459342957,0.0,0.0,0.0,0.0
48.54,1.0,1.0499999523162842,-0.04999995231628418,gncbus_cmd,states_vx_gs,-0.29999998211860657,states_theta,0.021911121904850006,0.3897726622065825,0.2250411721393561,0.5198530584630306,0.5195407074211894,0.5174405122737571,0.521953253610463,0.5173809755117595,0.5220127903724605,0.0,0.0,0.0,1.0,-0.04999995231628418,0.0,0.0,0.0,0.0,0.0,-0.7687113881111145,-0.46871140599250793,0.0,0.0,0.0,0.0
48.64,1.0,1.0499999523162842,-0.04999995231628418,gncbus_cmd,states_vx_gs,-0.3100000023841858,states_theta,-0.06320864707231522,0.3901558261334798,0.22526185332430088,0.52040284245883,0.5200126938971162,0.5180405500956199,0.5223749862603263,0.5180205759886615,0.5223949603672847,0.0,0.0,0.0,1.0,-0.04999995231628418,0.0,0.0,0.0,0.0,0.0,-0.766706109046936,-0.45670610666275024,0.0,0.0,0.0,0.0
48.74,1.0,1.0499999523162842,-0.04999995231628418,gncbus_cmd,states_vx_gs,-0.29999998211860657,states_theta,0.1040983498096466,0.3898033292275252,0.2250594037969854,0.5199387413770019,0.519536803229732,0.517325343642475,0.5221502009642589,0.5173783698248178,0.5220971747819161,0.0,0.0,0.0,1.0,-0.04999995231628418,0.0,0.0,0.0,0.0,0.0,-0.7647008299827576,-0.4647008180618286,0.0,0.0,0.0,0.0
48.841,1.0,1.0499999523162842,-0.04999995231628418,gncbus_cmd,states_vx_gs,-0.29999998211860657,states_theta,0.041349153965711594,0.38979694933723785,0.22505541731107204,0.5199311277283458,0.5195274038376219,0.5174264137190334,0.5220321178469343,0.5173761221664328,0.5220824093995349,0.0,0.0,0.0,1.0,-0.04999995231628418,0.0,0.0,0.0,0.0,0.0,-0.7626954913139343,-0.46269553899765015,0.0,0.0,0.0,0.0
48.94,1.0,1.0499999523162842,-0.04999995231628418,gncbus_cmd,states_vx_gs,-0.29999998211860657,states_theta,-0.10244286060333252,0.3901802164116275,0.2252759792680881,0.5204472641031533,0.5200333129945199,0.5180727329116773,0.522407844185996,0.5180362394497048,0.5224443376479685,0.0,0.0,0.0,1.0,-0.04999995231628418,0.0,0.0,0.0,0.0,0.0,-0.7606902122497559,-0.4606902301311493,0.0,0.0,0.0,0.0
49.041,1.0,1.0499999523162842,-0.04999995231628418,gncbus_cmd,states_vx_gs,-0.3100000023841858,states_theta,-0.0026408564299345016,0.3898292963635939,0.22507379874085667,0.5199922997296896,0.5195524905732275,0.5174347761948741,0.522110014108043,0.517572479917654,0.5219723103852631,0.0,0.0,0.0,1.0,-0.04999995231628418,0.0,0.0,0.0,0.0,0.0,-0.7586849331855774,-0.4486849308013916,0.0,0.0,0.0,0.0
49.14,1.0,1.0499999523162842,-0.04999995231628418,gncbus_cmd,states_vx_gs,-0.29999998211860657,states_theta,0.1134885624051094,0.38983760991996796,0.22507940290644152,0.5199993177737752,0.5195676420128061,0.5173757501171056,0.5221912096694757,0.5173427372335645,0.5222242225530168,0.0,0.0,0.0,1.0,-0.04999995231628418,0.0,0.0,0.0,0.0,0.0,-0.7566796541213989,-0.45667967200279236,0.0,0.0,0.0,0.0
49.241,1.0,1.0499999523162842,-0.04999995231628418,gncbus_cmd,states_vx_gs,-0.28999999165534973,states_theta,-0.0060661169700324535,0.38983279576530494,0.2250761644981302,0.5200272978380118,0.5195268242028013,0.5175039375073024,0.5220501845335107,0.5173802465661447,0.5221738754746684,0.0,0.0,0.0,1.0,-0.04999995231628418,0.0,0.0,0.0,0.0,0.0,-0.7546743750572205,-0.46467435359954834,0.0,0.0,0.0,0.0
49.341,1.0,1.0499999523162842,-0.04999995231628418,gncbus_cmd,states_vx_gs,-0.29999998211860657,states_theta,-0.13935548067092896,0.38984191936501844,0.22508062323192526,0.5198718398363528,0.5197066118036965,0.517760906024962,0.5218175456150872,0.5174659839717791,0.5221124676682701,0.0,0.0,0.0,1.0,-0.04999995231628418,0.0,0.0,0.0,0.0,0.0,-0.7526690363883972,-0.45266908407211304,0.0,0.0,0.0,0.0
49.441,1.0,1.059999942779541,-0.059999942779541016,gncbus_cmd,states_vx_gs,-0.3199999928474426,states_theta,-0.10595757514238358,0.390243288597361,0.22531199431169435,0.5202389477429359,0.5204098218500268,0.5182619246414968,0.5223868449514659,0.5181751939968247,0.522473575596138,0.0,0.0,0.0,1.0,-0.059999942779541016,0.0,0.0,0.0,0.0,0.0,-0.7305951714515686,-0.410595178604126,0.0,0.0,0.0,0.0
49.542,1.0,1.059999942779541,-0.059999942779541016,gncbus_cmd,states_vx_gs,-0.3100000023841858,states_theta,0.1020435020327568,0.38987895841417974,0.22510288569146722,0.5197298298817038,0.5199473925561088,0.5175139481198685,0.5221632743179441,0.5174544113324124,0.5222228111054001,0.0,0.0,0.0,1.0,-0.059999942779541016,0.0,0.0,0.0,0.0,0.0,-0.7281888127326965,-0.41818884015083313,0.0,0.0,0.0,0.0
49.641,1.0,1.059999942779541,-0.059999942779541016,gncbus_cmd,states_vx_gs,-0.29999998211860657,states_theta,0.09293302893638611,0.38987576454959666,0.22510116773765865,0.5197003291955401,0.519968376270051,0.5174902558183162,0.5221784496472749,0.5174230452174063,0.5222456602481848,0.0,0.0,0.0,1.0,-0.059999942779541016,0.0,0.0,0.0,0.0,0.0,-0.7257824540138245,-0.4257825016975403,0.0,0.0,0.0,0.0
49.741,1.0,1.059999942779541,-0.059999942779541016,gncbus_cmd,states_vx_gs,-0.29999998211860657,states_theta,-0.0366278775036335,0.39026217777362393,0.22532360217975816,0.520158512594443,0.5205406281352207,0.5181273701041174,0.5225717706255464,0.5180754582681006,0.5226236824615631,0.0,0.0,0.0,1.0,-0.059999942779541016,0.0,0.0,0.0,0.0,0.0,-0.7233761548995972,-0.4233761429786682,0.0,0.0,0.0,0.0
49.842,1.0,1.059999942779541,-0.059999942779541016,gncbus_cmd,states_vx_gs,-0.3100000023841858,states_theta,-0.042595379054546356,0.38991290257101474,0.22512179342135247,0.5198014853097108,0.5199662548796617,0.5176257043322008,0.5221420358571718,0.517703823157285,0.5220639170320875,0.0,0.0,0.0,1.0,-0.059999942779541016,0.0,0.0,0.0,0.0,0.0,-0.7209697961807251,-0.4109697937965393,0.0,0.0,0.0,0.0
49.942,1.0,1.059999942779541,-0.059999942779541016,gncbus_cmd,states_vx_gs,-0.3100000023841858,states_theta,-0.09774521738290787,0.38991092368287217,0.2251203947968135,0.5198199505372373,0.5199425126170886,0.5176582840783867,0.5221041790759392,0.5177712189459694,0.5219912442083564,0.0,0.0,0.0,1.0,-0.059999942779541016,0.0,0.0,0.0,0.0,0.0,-0.718563437461853,-0.40856343507766724,0.0,0.0,0.0,0.0
50.045,1.0,1.059999942779541,-0.059999942779541016,gncbus_cmd,states_vx_gs,-0.32999998331069946,states_theta,-0.17526352405548096,0.3902985377374811,0.22534356789932536,0.5203020680879885,0.5204940325452944,0.5183048017539086,0.5224912988793743,0.518421843789837,0.5223742568434458,0.0,0.0,0.0,1.0,-0.059999942779541016,0.0,0.0,0.0,0.0,0.0,-0.716157078742981,-0.3861570954322815,0.0,0.0,0.0,0.0
50.142,1.0,1.059999942779541,-0.059999942779541016,gncbus_cmd,states_vx_gs,-0.3400000035762787,states_theta,-0.04296250641345978,0.3899249128709461,0.22512839706422333,0.5197686928287022,0.5200310748271542,0.5178418739667323,0.521957893689124,0.5176613262701624,0.522138441385694,0.0,0.0,0.0,1.0,-0.059999942779541016,0.0,0.0,0.0,0.0,0.0,-0.7137507200241089,-0.3737507164478302,0.0,0.0,0.0,0.0
50.242,1.0,1.059999942779541,-0.059999942779541016,gncbus_cmd,states_vx_gs,-0.32999998331069946,states_theta,0.15114471316337585,0.3899375872742811,0.22513686991232001,0.5198815527436867,0.5199520133210628,0.5175217137287837,0.5223118523359658,0.5175488264290313,0.5222847396357182,0.0,0.0,0.0,1.0,-0.059999942779541016,0.0,0.0,0.0,0.0,0.0,-0.7113443613052368,-0.38134440779685974,0.0,0.0,0.0,0.0
50.342,1.0,1.059999942779541,-0.059999942779541016,gncbus_cmd,states_vx_gs,-0.3199999928474426,states_theta,0.06592483073472977,0.38996415835368137,0.22515198469058334,0.5201694235805164,0.5197349986959673,0.517424570110719,0.5224798521657648,0.5178303512546869,0.5220740710217968,0.0,0.0,0.0,1.0,-0.059999942779541016,0.0,0.0,0.0,0.0,0.0,-0.7089380025863647,-0.3889380395412445,0.0,0.0,0.0,0.0
50.442,1.0,1.0699999332427979,-0.06999993324279785,gncbus_cmd,states_vx_gs,-0.3199999928474426,states_theta,-0.029078159481287003,0.38997761516410295,0.22515893918828248,0.519990512588919,0.5199497945153555,0.5176923273026033,0.5222479798016713,0.5179007961923792,0.5220395109118954,0.0,0.0,0.0,1.0,-0.06999993324279785,0.0,0.0,0.0,0.0,0.0,-0.686302661895752,-0.3663026690483093,0.0,0.0,0.0,0.0
50.542,1.0,1.0699999332427979,-0.06999993324279785,gncbus_cmd,states_vx_gs,-0.3199999928474426,states_theta,-0.08131662011146545,0.3899779313025504,0.22515890297623475,0.5197374725006774,0.520203677639457,0.5179492786512153,0.521991871488919,0.5177485989669012,0.5221925511732332,0.0,0.0,0.0,1.0,-0.06999993324279785,0.0,0.0,0.0,0.0,0.0,-0.683495283126831,-0.36349526047706604,0.0,0.0,0.0,0.0
50.642,1.0,1.0699999332427979,-0.06999993324279785,gncbus_cmd,states_vx_gs,-0.3400000035762787,states_theta,-0.12400566041469574,0.3900056505227709,0.22517442000104154,0.5200070582312007,0.5200080098295218,0.5179129087421578,0.5221021593185647,0.5180546772397904,0.5219603908209322,0.0,0.0,0.0,1.0,-0.06999993324279785,0.0,0.0,0.0,0.0,0.0,-0.6806878447532654,-0.3406878411769867,0.0,0.0,0.0,0.0
50.743,1.0,1.0699999332427979,-0.06999993324279785,gncbus_cmd,states_vx_gs,-0.3400000035762787,states_theta,0.08516637980937958,0.38999327052152943,0.2251684076021031,0.5202061350266599,0.5197759196974187,0.5174840170010431,0.5224980377230355,0.5180125549113819,0.5219694998126967,0.0,0.0,0.0,1.0,-0.06999993324279785,0.0,0.0,0.0,0.0,0.0,-0.6778804659843445,-0.3378804326057434,0.0,0.0,0.0,0.0
50.844,1.0,1.0699999332427979,-0.06999993324279785,gncbus_cmd,states_vx_gs,-0.3100000023841858,states_theta,0.31412744522094727,0.3900217724690256,0.22518652731808098,0.5199631991414453,0.5200948607759563,0.5176537751710338,0.5224042847463678,0.517272551505321,0.5227855084120806,0.0,0.0,0.0,1.0,-0.06999993324279785,0.0,0.0,0.0,0.0,0.0,-0.6750730276107788,-0.365073025226593,0.0,0.0,0.0,0.0
50.943,1.0,1.0699999332427979,-0.06999993324279785,gncbus_cmd,states_vx_gs,-0.2800000011920929,states_theta,0.25082218647003174,0.3900371060314606,0.22519561425639215,0.5198105215510167,0.5202884278662114,0.5178068877183095,0.5222920616989186,0.5171202567745183,0.5229786926427098,0.0,0.0,0.0,1.0,-0.06999993324279785,0.0,0.0,0.0,0.0,0.0,-0.6722656488418579,-0.3922656178474426,0.0,0.0,0.0,0.0
51.042,1.0,1.0699999332427979,-0.06999993324279785,gncbus_cmd,states_vx_gs,-0.26999998092651367,states_theta,0.16633698344230652,0.3900393391614832,0.22519649547858633,0.5200978534758145,0.5200070509548074,0.517785551100842,0.5223193533297799,0.5172612857849754,0.5228436186456464,0.0,0.0,0.0,1.0,-0.06999993324279785,0.0,0.0,0.0,0.0,0.0,-0.6694582104682922,-0.39945822954177856,0.0,0.0,0.0,0.0
51.144,1.0,1.0699999332427979,-0.06999993324279785,gncbus_cmd,states_vx_gs,-0.25,states_theta,0.08228697627782822,0.39005542910687185,0.22520562431354235,0.5202054817990399,0.5199423291526183,0.5178166809562773,0.5223311299953809,0.5173297940918279,0.5228180168598303,0.0,0.0,0.0,1.0,-0.06999993324279785,0.0,0.0,0.0,0.0,0.0,-0.6666508316993713,-0.41665080189704895,0.0,0.0,0.0,0.0
51.243,1.0,1.0699999332427979,-0.06999993324279785,gncbus_cmd,states_vx_gs,-0.25,states_theta,-0.001335201202891767,0.39005840406104053,0.22520703617891297,0.5199627729923786,0.5201929711703961,0.5181019764052095,0.5220537677575652,0.5172187822070542,0.5229369619557205,0.0,0.0,0.0,1.0,-0.06999993324279785,0.0,0.0,0.0,0.0,0.0,-0.6638433933258057,-0.41384339332580566,0.0,0.0,0.0,0.0
51.344,1.0,1.0699999332427979,-0.06999993324279785,gncbus_cmd,states_vx_gs,-0.25,states_theta,0.014277503825724125,0.39008879628139825,0.2252246066474713,0.5200312244030202,0.5202055656807084,0.5180317343348285,0.5222050557489001,0.517330320309639,0.5229064697740896,0.0,0.0,0.0,1.0,-0.06999993324279785,0.0,0.0,0.0,0.0,0.0,-0.6610360145568848,-0.4110359847545624,0.0,0.0,0.0,0.0
51.444,1.0,1.0699999332427979,-0.06999993324279785,gncbus_cmd,states_vx_gs,-0.25,states_theta,0.08869569003582001,0.39010603312736447,0.225234877749243,0.5202774897645618,0.5200052652417434,0.5176909525984386,0.5225918024078666,0.5175552477796794,0.5227275072266258,0.0,0.0,0.0,1.0,-0.06999993324279785,0.0,0.0,0.0,0.0,0.0,-0.6582285761833191,-0.4082285761833191,0.0,0.0,0.0,0.0
51.545,1.0,1.0699999332427979,-0.06999993324279785,gncbus_cmd,states_vx_gs,-0.23999999463558197,states_theta,0.009168347343802452,0.3901101022518369,0.225236940729656,0.5202271620746265,0.5200664439302719,0.517768033309902,0.5225255726949964,0.5175913443477045,0.5227022616571939,0.0,0.0,0.0,1.0,-0.06999993324279785,0.0,0.0,0.0,0.0,0.0,-0.6554211974143982,-0.41542118787765503,0.0,0.0,0.0,0.0
51.647,1.0,1.0699999332427979,-0.06999993324279785,gncbus_cmd,states_vx_gs,-0.25,states_theta,-0.07442881166934967,0.39011449535363557,0.2252388860860365,0.5201627498304727,0.5201425711125555,0.5179142726725959,0.5223910482704323,0.5176787783633839,0.5226265425796442,0.0,0.0,0.0,1.0,-0.06999993324279785,0.0,0.0,0.0,0.0,0.0,-0.6526137590408325,-0.4026137590408325,0.0,0.0,0.0,0.0
51.744,1.0,1.0699999332427979,-0.06999993324279785,gncbus_cmd,states_vx_gs,-0.25999999046325684,states_theta,-0.1562890112400055,0.39013269098009473,0.22524883230084547,0.5201869953076064,0.5201668473059795,0.518051018072681,0.5223028245409049,0.5178096126300029,0.522544229983583,0.0,0.0,0.0,1.0,-0.06999993324279785,0.0,0.0,0.0,0.0,0.0,-0.6498063802719116,-0.3898063600063324,0.0,0.0,0.0,0.0
51.845,1.0,1.0699999332427979,-0.06999993324279785,gncbus_cmd,states_vx_gs,-0.2800000011920929,states_theta,-0.1808900684118271,0.39013767782463044,0.22525131324174244,0.5202211240434049,0.5201460168222762,0.5180436971793605,0.5223234436863207,0.5179868024637218,0.5223803384019594,0.0,0.0,0.0,1.0,-0.06999993324279785,0.0,0.0,0.0,0.0,0.0,-0.646998941898346,-0.36699894070625305,0.0,0.0,0.0,0.0
51.945,1.0,1.0699999332427979,-0.06999993324279785,gncbus_cmd,states_vx_gs,-0.28999999165534973,states_theta,-0.08398308604955673,0.38975290244367977,0.22502958997068243,0.5197684189419316,0.5195726542412145,0.5172159759421183,0.5221250972410277,0.5176380382453566,0.5217030349377895,0.0,0.0,0.0,1.0,-0.06999993324279785,0.0,0.0,0.0,0.0,0.0,-0.644191563129425,-0.35419154167175293,0.0,0.0,0.0,0.0
52.045,1.0,1.0699999332427979,-0.06999993324279785,gncbus_cmd,states_vx_gs,-0.28999999165534973,states_theta,0.008085169829428196,0.3901300673971868,0.22524780601787003,0.5202510232490236,0.5200958231434745,0.5176993667493589,0.5226474796431392,0.517965067109147,0.522381779283351,0.0,0.0,0.0,1.0,-0.06999993324279785,0.0,0.0,0.0,0.0,0.0,-0.6413841247558594,-0.35138413310050964,0.0,0.0,0.0,0.0
52.144,1.0,1.0699999332427979,-0.06999993324279785,gncbus_cmd,states_vx_gs,-0.28999999165534973,states_theta,0.06976030766963959,0.3901358645264609,0.22525148002964082,0.520229796287989,0.5201325091159067,0.5178015200146867,0.522560785389209,0.5177463458298258,0.5226159595740699,0.0,0.0,0.0,1.0,-0.06999993324279785,0.0,0.0,0.0,0.0,0.0,-0.6385767459869385,-0.34857672452926636,0.0,0.0,0.0,0.0
52.246,1.0,1.0699999332427979,-0.06999993324279785,gncbus_cmd,states_vx_gs,-0.2800000011920929,states_theta,-0.009640528820455074,0.3897643066452417,0.2250366936747037,0.5197628277987247,0.5196086565885865,0.517392071328747,0.5219794130585642,0.5172703431759691,0.5221011412113421,0.0,0.0,0.0,1.0,-0.06999993324279785,0.0,0.0,0.0,0.0,0.0,-0.6357693076133728,-0.3557693064212799,0.0,0.0,0.0,0.0
52.344,1.0,1.0699999332427979,-0.06999993324279785,gncbus_cmd,states_vx_gs,-0.28999999165534973,states_theta,-0.026133175939321518,0.39015685841174785,0.22526309985371396,0.5202657946390746,0.5201524944589196,0.5178677747513079,0.5225505143466864,0.517927512073024,0.5224907770249703,0.0,0.0,0.0,1.0,-0.06999993324279785,0.0,0.0,0.0,0.0,0.0,-0.6329619288444519,-0.3429619073867798,0.0,0.0,0.0,0.0
52.445,1.0,1.0699999332427979,-0.06999993324279785,gncbus_cmd,states_vx_gs,-0.28999999165534973,states_theta,-0.013804404996335506,0.3901634925439153,0.22526703095959336,0.5203041045541322,0.5201318755629752,0.5177418150793502,0.5226941650377572,0.5180421670541617,0.5223938130629457,0.0,0.0,0.0,1.0,-0.06999993324279785,0.0,0.0,0.0,0.0,0.0,-0.6301544904708862,-0.3401544988155365,0.0,0.0,0.0,0.0
52.546,1.0,1.0699999332427979,-0.06999993324279785,gncbus_cmd,states_vx_gs,-0.28999999165534973,states_theta,-0.021367790177464485,0.3897916196674873,0.2250522940702269,0.5198252293688389,0.5196190897444607,0.517290960592991,0.5221533585203086,0.5175138655024909,0.5219304536108087,0.0,0.0,0.0,1.0,-0.06999993324279785,0.0,0.0,0.0,0.0,0.0,-0.6273471117019653,-0.3373470902442932,0.0,0.0,0.0,0.0
52.646,1.0,1.0699999332427979,-0.06999993324279785,gncbus_cmd,states_vx_gs,-0.28999999165534973,states_theta,0.08824706077575684,0.3901591092632349,0.22526506013246506,0.5202840086453475,0.5201402827232788,0.5178675052031849,0.5225567861654414,0.5176864033075739,0.5227378880610525,0.0,0.0,0.0,1.0,-0.06999993324279785,0.0,0.0,0.0,0.0,0.0,-0.6245396733283997,-0.3345396816730499,0.0,0.0,0.0,0.0
52.747,1.0,1.0699999332427979,-0.06999993324279785,gncbus_cmd,states_vx_gs,-0.2800000011920929,states_theta,0.04876961186528206,0.38979116394559554,0.22505258076987347,0.5197939020931349,0.5196492017617865,0.5174298787015827,0.5220132251533387,0.5171660107744336,0.5222770930804879,0.0,0.0,0.0,1.0,-0.06999993324279785,0.0,0.0,0.0,0.0,0.0,-0.6217322945594788,-0.3417322635650635,0.0,0.0,0.0,0.0
52.846,1.0,1.0699999332427979,-0.06999993324279785,gncbus_cmd,states_vx_gs,-0.2800000011920929,states_theta,0.0059055848978459835,0.3901704760571837,0.2252713524066365,0.5203102223955991,0.5201443804235575,0.5180086803962313,0.5224459224229253,0.5176844965704118,0.5227701062487448,0.0,0.0,0.0,1.0,-0.06999993324279785,0.0,0.0,0.0,0.0,0.0,-0.6189248561859131,-0.3389248549938202,0.0,0.0,0.0,0.0
52.946,1.0,1.0699999332427979,-0.06999993324279785,gncbus_cmd,states_vx_gs,-0.26999998092651367,states_theta,0.08738028258085251,0.3901919656503802,0.22528435239055178,0.5203794228521433,0.5201324855488706,0.5177430426914177,0.5227688657095962,0.5177791924940048,0.5227327159070091,0.0,0.0,0.0,1.0,-0.06999993324279785,0.0,0.0,0.0,0.0,0.0,-0.6161174774169922,-0.34611746668815613,0.0,0.0,0.0,0.0
53.045,1.0,1.0699999332427979,-0.06999993324279785,gncbus_cmd,states_vx_gs,-0.26999998092651367,states_theta,0.02061951719224453,0.3898221928052011,0.22507050100113224,0.5198855322574661,0.5196403152230701,0.5173123285048863,0.5222135189756499,0.5173590596690957,0.5221667878114405,0.0,0.0,0.0,1.0,-0.06999993324279785,0.0,0.0,0.0,0.0,0.0,-0.6133100390434265,-0.34331005811691284,0.0,0.0,0.0,0.0
53.146,1.0,1.0699999332427979,-0.06999993324279785,gncbus_cmd,states_vx_gs,-0.26999998092651367,states_theta,-0.051100123673677444,0.3902026896444077,0.22528979058960735,0.5204047334499443,0.5201357722684762,0.5178800530227253,0.5226604526956952,0.5179516697338918,0.5225888359845287,0.0,0.0,0.0,1.0,-0.06999993324279785,0.0,0.0,0.0,0.0,0.0,-0.6105026602745056,-0.34050264954566956,0.0,0.0,0.0,0.0
53.246,1.0,1.0699999332427979,-0.06999993324279785,gncbus_cmd,states_vx_gs,-0.2800000011920929,states_theta,-0.12177445739507675,0.389835331758631,0.22507719193316628,0.519914278828773,0.5196466058609097,0.5174919053390928,0.5220689793505898,0.5175594477259439,0.5220014369637388,0.0,0.0,0.0,1.0,-0.06999993324279785,0.0,0.0,0.0,0.0,0.0,-0.6076952219009399,-0.32769522070884705,0.0,0.0,0.0,0.0
53.346,1.0,1.0799999237060547,-0.07999992370605469,gncbus_cmd,states_vx_gs,-0.28999999165534973,states_theta,-0.15222756564617157,0.3902029167504263,0.22528885559904308,0.5204247520412073,0.5201163592932627,0.5181065813849003,0.5224345299495697,0.5181542034825918,0.5223869078518782,0.0,0.0,0.0,1.0,-0.07999992370605469,0.0,0.0,0.0,0.0,0.0,-0.5846989154815674,-0.29469892382621765,0.0,0.0,0.0,0.0
53.446,1.0,1.0799999237060547,-0.07999992370605469,gncbus_cmd,states_vx_gs,-0.28999999165534973,states_theta,0.07893654704093933,0.38983682189300495,0.2250786967369099,0.5199308729071718,0.5196339854741748,0.5174429312540999,0.5221219271272467,0.5173630611960806,0.522201797185266,0.0,0.0,0.0,1.0,-0.07999992370605469,0.0,0.0,0.0,0.0,0.0,-0.5814904570579529,-0.29149046540260315,0.0,0.0,0.0,0.0
53.549,1.0,1.0799999237060547,-0.07999992370605469,gncbus_cmd,states_vx_gs,-0.26999998092651367,states_theta,0.2635679841041565,0.38984262200833225,0.22508341577594965,0.5199424353958458,0.5196378899597068,0.517169897973503,0.5224104273820497,0.5171581780780824,0.5224221472774703,0.0,0.0,0.0,1.0,-0.07999992370605469,0.0,0.0,0.0,0.0,0.0,-0.5782819986343384,-0.3082820177078247,0.0,0.0,0.0,0.0
53.648,1.0,1.0799999237060547,-0.07999992370605469,gncbus_cmd,states_vx_gs,-0.25,states_theta,0.19888418912887573,0.3898350918172699,0.22507900439041617,0.5199558562984388,0.5196043885476143,0.5171418943633848,0.5224183504826683,0.5171897575332951,0.5223704873127579,0.0,0.0,0.0,1.0,-0.07999992370605469,0.0,0.0,0.0,0.0,0.0,-0.5750735402107239,-0.3250735104084015,0.0,0.0,0.0,0.0
53.747,1.0,1.0799999237060547,-0.07999992370605469,gncbus_cmd,states_vx_gs,-0.22999998927116394,states_theta,0.12331018596887589,0.39024212441333206,0.225313863022354,0.5204867268369423,0.5201589382652766,0.5177245430494058,0.522921122052813,0.5177378847672184,0.5229077803350005,0.0,0.0,0.0,1.0,-0.07999992370605469,0.0,0.0,0.0,0.0,0.0,-0.5715442299842834,-0.3415442109107971,0.0,0.0,0.0,0.0
53.848,1.0,1.0699999332427979,-0.06999993324279785,gncbus_cmd,states_vx_gs,-0.2199999988079071,states_theta,0.05325477570295334,0.3898763595418045,0.22510277223983827,0.5200479341402914,0.5196223579711873,0.5171726713932063,0.5224976207182723,0.517292721218982,0.5223775708924967,0.0,0.0,0.0,1.0,-0.06999993324279785,0.0,0.0,0.0,0.0,0.0,-0.5882840156555176,-0.3682840168476105,0.0,0.0,0.0,0.0
53.948,1.0,1.0699999332427979,-0.06999993324279785,gncbus_cmd,states_vx_gs,-0.2199999988079071,states_theta,-0.01808394491672516,0.3898697206563548,0.2250985067448678,0.519925649763401,0.519726938653545,0.5173023164616234,0.5223502719553227,0.5172888728798718,0.5223637155370743,0.0,0.0,0.0,1.0,-0.06999993324279785,0.0,0.0,0.0,0.0,0.0,-0.5854765772819519,-0.3654766082763672,0.0,0.0,0.0,0.0
54.05,1.0,1.0699999332427979,-0.06999993324279785,gncbus_cmd,states_vx_gs,-0.22999998927116394,states_theta,-0.0926569327712059,0.3898768565928162,0.22510206659053794,0.519778348090305,0.5198932694905382,0.5175104742665882,0.5221611433142549,0.5173059915341104,0.5223656260467328,0.0,0.0,0.0,1.0,-0.06999993324279785,0.0,0.0,0.0,0.0,0.0,-0.582669198513031,-0.35266920924186707,0.0,0.0,0.0,0.0
54.148,1.0,1.0699999332427979,-0.06999993324279785,gncbus_cmd,states_vx_gs,-0.23999999463558197,states_theta,-0.16139918565750122,0.39026112457359974,0.22532341780390197,0.5202107930207773,0.5204855391754886,0.5181436429664747,0.5225526892297911,0.5178923203254804,0.5228040118707855,0.0,0.0,0.0,1.0,-0.06999993324279785,0.0,0.0,0.0,0.0,0.0,-0.5798617601394653,-0.33986178040504456,0.0,0.0,0.0,0.0
54.247,1.0,1.0699999332427979,-0.06999993324279785,gncbus_cmd,states_vx_gs,-0.25999999046325684,states_theta,-0.13837140798568726,0.389895287550858,0.22511203998177998,0.5197017973497311,0.520018969452557,0.5176066490226153,0.5221141177796728,0.5175143146977649,0.5222064521045232,0.0,0.0,0.0,1.0,-0.06999993324279785,0.0,0.0,0.0,0.0,0.0,-0.5770543813705444,-0.3170543909072876,0.0,0.0,0.0,0.0
54.348,1.0,1.0699999332427979,-0.06999993324279785,gncbus_cmd,states_vx_gs,-0.26999998092651367,states_theta,-0.1259821355342865,0.3898896341386312,0.22510870603716832,0.5198433191892221,0.5198623718471277,0.517440608891722,0.5222650821446277,0.517693351685699,0.5220123393506508,0.0,0.0,0.0,1.0,-0.06999993324279785,0.0,0.0,0.0,0.0,0.0,-0.5742469429969788,-0.3042469918727875,0.0,0.0,0.0,0.0
54.448,1.0,1.0699999332427979,-0.06999993324279785,gncbus_cmd,states_vx_gs,-0.28999999165534973,states_theta,-0.18545542657375336,0.3898977959625003,0.2251128802073263,0.5199472818618729,0.5197801740381278,0.5174734019557116,0.5222540539442891,0.5179161723582227,0.521811283541778,0.0,0.0,0.0,1.0,-0.06999993324279785,0.0,0.0,0.0,0.0,0.0,-0.5714395642280579,-0.28143957257270813,0.0,0.0,0.0,0.0
54.549,1.0,1.0699999332427979,-0.06999993324279785,gncbus_cmd,states_vx_gs,-0.29999998211860657,states_theta,-0.08089558780193329,0.3902834650719479,0.22533588826300016,0.5204644885746059,0.5202914182839218,0.5180592510571175,0.5226966558014102,0.5181972478880726,0.5225586589704551,0.0,0.0,0.0,1.0,-0.06999993324279785,0.0,0.0,0.0,0.0,0.0,-0.5686321258544922,-0.268632173538208,0.0,0.0,0.0,0.0
54.648,1.0,1.0699999332427979,-0.06999993324279785,gncbus_cmd,states_vx_gs,-0.28999999165534973,states_theta,0.16777409613132477,0.38993182503608464,0.2251343872965491,0.5199919691383172,0.5198262309579085,0.5173574586357732,0.5224607414604525,0.5173896958014608,0.522428504294765,0.0,0.0,0.0,1.0,-0.06999993324279785,0.0,0.0,0.0,0.0,0.0,-0.5658247470855713,-0.27582475543022156,0.0,0.0,0.0,0.0
54.748,1.0,1.0699999332427979,-0.06999993324279785,gncbus_cmd,states_vx_gs,-0.26999998092651367,states_theta,0.16665250062942505,0.38994075718089505,0.2251398557765618,0.520020911909357,0.5198211072396964,0.5173610505902915,0.5224809685587619,0.5173012542156386,0.5225407649334148,0.0,0.0,0.0,1.0,-0.06999993324279785,0.0,0.0,0.0,0.0,0.0,-0.5630173087120056,-0.29301735758781433,0.0,0.0,0.0,0.0
54.849,1.0,1.0799999237060547,-0.07999992370605469,gncbus_cmd,states_vx_gs,-0.25999999046325684,states_theta,0.09618620574474335,0.3899499591668327,0.22514459986464985,0.519918865718878,0.5199476920593427,0.5175523831692815,0.5223141746089391,0.5173383514529463,0.5225282063252744,0.0,0.0,0.0,1.0,-0.07999992370605469,0.0,0.0,0.0,0.0,0.0,-0.5399007201194763,-0.2799006998538971,0.0,0.0,0.0,0.0
54.948,1.0,1.0699999332427979,-0.06999993324279785,gncbus_cmd,states_vx_gs,-0.25999999046325684,states_theta,0.027952034026384354,0.3899594312724565,0.2251500157665369,0.5198041726467661,0.5200876440797846,0.5176675446053631,0.5222242721211876,0.5172819544453342,0.5226098622812165,0.0,0.0,0.0,1.0,-0.06999993324279785,0.0,0.0,0.0,0.0,0.0,-0.5566405057907104,-0.2966405153274536,0.0,0.0,0.0,0.0
55.049,1.0,1.0699999332427979,-0.06999993324279785,gncbus_cmd,states_vx_gs,-0.25999999046325684,states_theta,-0.03906794637441635,0.3899557077669208,0.22514745379469095,0.5199738854029072,0.5199080019755482,0.5176523155532797,0.5222295718251757,0.5174257491251106,0.5224561382533448,0.0,0.0,0.0,1.0,-0.06999993324279785,0.0,0.0,0.0,0.0,0.0,-0.5538330674171448,-0.2938331067562103,0.0,0.0,0.0,0.0
55.15,1.0,1.0699999332427979,-0.06999993324279785,gncbus_cmd,states_vx_gs,-0.26999998092651367,states_theta,-0.11083116382360458,0.389965692760369,0.22515269453630649,0.5201598544892156,0.5197486595384351,0.5176684994583997,0.5222400145692511,0.5176402929229401,0.5222682211047106,0.0,0.0,0.0,1.0,-0.06999993324279785,0.0,0.0,0.0,0.0,0.0,-0.5510256886482239,-0.2810257077217102,0.0,0.0,0.0,0.0
55.249,1.0,1.0799999237060547,-0.07999992370605469,gncbus_cmd,states_vx_gs,-0.2800000011920929,states_theta,-0.18264564871788025,0.38997592087595156,0.22515781824113906,0.5199280346128498,0.5200077543896878,0.5179713720169883,0.5219644169855493,0.5176817874310777,0.5222540015714598,0.0,0.0,0.0,1.0,-0.07999992370605469,0.0,0.0,0.0,0.0,0.0,-0.528109610080719,-0.2481095790863037,0.0,0.0,0.0,0.0
55.35,1.0,1.0799999237060547,-0.07999992370605469,gncbus_cmd,states_vx_gs,-0.29999998211860657,states_theta,-0.15803638100624084,0.3899728459640488,0.22515589576394515,0.5198157156134318,0.5201118736240318,0.5179802315697238,0.5219473576677397,0.5177294370904991,0.5221981521469644,0.0,0.0,0.0,1.0,-0.07999992370605469,0.0,0.0,0.0,0.0,0.0,-0.5249010920524597,-0.22490113973617554,0.0,0.0,0.0,0.0
55.449,1.0,1.0799999237060547,-0.07999992370605469,gncbus_cmd,states_vx_gs,-0.29999998211860657,states_theta,0.07143186777830124,0.38998362681725923,0.22516345874918392,0.5201408479536058,0.5198154902257521,0.5172220907161209,0.522734247463237,0.5180447928260443,0.5219115453533136,0.0,0.0,0.0,1.0,-0.07999992370605469,0.0,0.0,0.0,0.0,0.0,-0.5216926336288452,-0.22169266641139984,0.0,0.0,0.0,0.0
55.551,1.0,1.0799999237060547,-0.07999992370605469,gncbus_cmd,states_vx_gs,-0.28999999165534973,states_theta,0.1245536357164383,0.3899946649390215,0.2251701566541388,0.5200630607919879,0.5199227123787361,0.5172672083008784,0.5227185648698457,0.5178687468689046,0.5221170263018194,0.0,0.0,0.0,1.0,-0.07999992370605469,0.0,0.0,0.0,0.0,0.0,-0.5184841752052307,-0.22848419845104218,0.0,0.0,0.0,0.0
55.65,1.0,1.0799999237060547,-0.07999992370605469,gncbus_cmd,states_vx_gs,-0.25999999046325684,states_theta,0.3126392364501953,0.39000597290079364,0.22517819428062222,0.5197875435070092,0.5202283842284405,0.5174129304684136,0.5226029972670361,0.5172004614091681,0.5228154663262816,0.0,0.0,0.0,1.0,-0.07999992370605469,0.0,0.0,0.0,0.0,0.0,-0.5152757167816162,-0.2552757263183594,0.0,0.0,0.0,0.0
55.75,1.0,1.0799999237060547,-0.07999992370605469,gncbus_cmd,states_vx_gs,-0.23999999463558197,states_theta,0.2506817579269409,0.39003101596096107,0.225192550596233,0.5200189789489505,0.520063730280279,0.5173653815731454,0.5227173276560841,0.5173357748789336,0.522746934350296,0.0,0.0,0.0,1.0,-0.07999992370605469,0.0,0.0,0.0,0.0,0.0,-0.5120672583580017,-0.27206724882125854,0.0,0.0,0.0,0.0
55.85,1.0,1.0799999237060547,-0.07999992370605469,gncbus_cmd,states_vx_gs,-0.2199999988079071,states_theta,0.1915109008550644,0.3900428099525647,0.22519935511806455,0.5202600782567697,0.5198540816167361,0.517255149349945,0.5228590105235608,0.5174916628594094,0.5226224970140964,0.0,0.0,0.0,1.0,-0.07999992370605469,0.0,0.0,0.0,0.0,0.0,-0.5088587999343872,-0.2888587713241577,0.0,0.0,0.0,0.0
55.951,1.0,1.0799999237060547,-0.07999992370605469,gncbus_cmd,states_vx_gs,-0.19999998807907104,states_theta,0.12387357652187347,0.3900548470658835,0.22520617417161176,0.5200600435903877,0.5200862152519683,0.5174024687885252,0.5227437900538308,0.5174074247956559,0.5227388340467001,0.0,0.0,0.0,1.0,-0.07999992370605469,0.0,0.0,0.0,0.0,0.0,-0.5056503415107727,-0.3056503236293793,0.0,0.0,0.0,0.0
56.049,1.0,1.0699999332427979,-0.06999993324279785,gncbus_cmd,states_vx_gs,-0.19999998807907104,states_theta,0.05292348191142082,0.3900536754981411,0.22520544471003415,0.5198234522233359,0.5203196824383737,0.5175532258910366,0.522589908770673,0.5172895996847443,0.5228535349769653,0.0,0.0,0.0,1.0,-0.06999993324279785,0.0,0.0,0.0,0.0,0.0,-0.5225906372070312,-0.3225906491279602,0.0,0.0,0.0,0.0
56.151,1.0,1.0699999332427979,-0.06999993324279785,gncbus_cmd,states_vx_gs,-0.19999998807907104,states_theta,-0.020998334512114525,0.3900662114283038,0.22521219308483326,0.5200347962862105,0.5201417675225996,0.5175553140549571,0.5226212497538529,0.5174723425365513,0.5227042212722588,0.0,0.0,0.0,1.0,-0.06999993324279785,0.0,0.0,0.0,0.0,0.0,-0.5197832584381104,-0.3197832405567169,0.0,0.0,0.0,0.0
56.251,1.0,1.0699999332427979,-0.06999993324279785,gncbus_cmd,states_vx_gs,-0.19999998807907104,states_theta,-0.09961292147636414,0.3900789775534709,0.22521912658559232,0.5202597456922364,0.5199508611170192,0.5175307640756581,0.5226798427335975,0.5176922467296541,0.5225183600796015,0.0,0.0,0.0,1.0,-0.06999993324279785,0.0,0.0,0.0,0.0,0.0,-0.5169758200645447,-0.31697583198547363,0.0,0.0,0.0,0.0
56.351,1.0,1.0699999332427979,-0.06999993324279785,gncbus_cmd,states_vx_gs,-0.2199999988079071,states_theta,-0.18133415281772614,0.3900919595235442,0.22522585090796166,0.5200770073290116,0.5201682180671062,0.5177941050277293,0.5224511203683886,0.5177430200544069,0.522502205341711,0.0,0.0,0.0,1.0,-0.06999993324279785,0.0,0.0,0.0,0.0,0.0,-0.5141684412956238,-0.2941684126853943,0.0,0.0,0.0,0.0
56.447,1.0,1.0699999332427979,-0.06999993324279785,gncbus_cmd,states_vx_gs,-0.23999999463558197,states_theta,-0.2659059762954712,0.39009174602103885,0.22522501298142264,0.5199989569919721,0.5202456990641315,0.5179782289890169,0.5222664270670867,0.5178449558942051,0.5223997001618985,0.0,0.0,0.0,1.0,-0.06999993324279785,0.0,0.0,0.0,0.0,0.0,-0.5113610029220581,-0.27136102318763733,0.0,0.0,0.0,0.0
56.552,1.0,1.0699999332427979,-0.06999993324279785,gncbus_cmd,states_vx_gs,-0.2800000011920929,states_theta,-0.32340461015701294,0.3901051600236052,0.22523194067210892,0.5200511292178533,0.5202292975117604,0.5181359359180439,0.5221444908115699,0.5180660479329745,0.5222143787966392,0.0,0.0,0.0,1.0,-0.06999993324279785,0.0,0.0,0.0,0.0,0.0,-0.5085536241531372,-0.22855359315872192,0.0,0.0,0.0,0.0
56.651,1.0,1.0699999332427979,-0.06999993324279785,gncbus_cmd,states_vx_gs,-0.29999998211860657,states_theta,-0.16919556260108948,0.39009176504155,0.22522472376980623,0.5202261282744536,0.5200185785030131,0.5177961256073605,0.5224485811701062,0.5181638302593105,0.5220808765181563,0.0,0.0,0.0,1.0,-0.06999993324279785,0.0,0.0,0.0,0.0,0.0,-0.5057461857795715,-0.20574620366096497,0.0,0.0,0.0,0.0
56.751,1.0,1.0699999332427979,-0.06999993324279785,gncbus_cmd,states_vx_gs,-0.29999998211860657,states_theta,-0.011863019317388535,0.3901055841544946,0.22523346814142606,0.5202523719552581,0.5200291857900607,0.5177621888693621,0.5225193688759567,0.5179118428155413,0.5223697149297776,0.0,0.0,0.0,1.0,-0.06999993324279785,0.0,0.0,0.0,0.0,0.0,-0.5029388070106506,-0.20293879508972168,0.0,0.0,0.0,0.0
56.851,1.0,1.0699999332427979,-0.06999993324279785,gncbus_cmd,states_vx_gs,-0.29999998211860657,states_theta,0.03350716829299927,0.3897159591619377,0.22500875314288715,0.5197476461466327,0.5194949116185344,0.5173037126348116,0.5219388451303556,0.5172414089302765,0.5220011488348907,0.0,0.0,0.0,1.0,-0.06999993324279785,0.0,0.0,0.0,0.0,0.0,-0.500131368637085,-0.2001313865184784,0.0,0.0,0.0,0.0
56.951,1.0,1.0699999332427979,-0.06999993324279785,gncbus_cmd,states_vx_gs,-0.28999999165534973,states_theta,0.0727124735713005,0.3901028252457328,0.2252324604995532,0.5203017316932325,0.519972468962055,0.5176994410893154,0.522574759565972,0.5177447350241358,0.5225294656311517,0.0,0.0,0.0,1.0,-0.06999993324279785,0.0,0.0,0.0,0.0,0.0,-0.4973239600658417,-0.20732396841049194,0.0,0.0,0.0,0.0
57.052,1.0,1.0699999332427979,-0.06999993324279785,gncbus_cmd,states_vx_gs,-0.2800000011920929,states_theta,0.14734944701194763,0.39010359711544834,0.2252334597169155,0.5202134064776985,0.5200628524968304,0.5176163425822331,0.5226599163922958,0.5176231506596778,0.5226531083148511,0.0,0.0,0.0,1.0,-0.06999993324279785,0.0,0.0,0.0,0.0,0.0,-0.4945165514945984,-0.2145165503025055,0.0,0.0,0.0,0.0
57.152,1.0,1.0699999332427979,-0.06999993324279785,gncbus_cmd,states_vx_gs,-0.26999998092651367,states_theta,0.07037606835365295,0.38971550215740514,0.22500911198310447,0.5195426254618787,0.519698713624535,0.5172519665583508,0.5219893725280629,0.5170604167053126,0.5221809223811011,0.0,0.0,0.0,1.0,-0.06999993324279785,0.0,0.0,0.0,0.0,0.0,-0.4917091429233551,-0.22170916199684143,0.0,0.0,0.0,0.0
57.247,1.0,1.0699999332427979,-0.06999993324279785,gncbus_cmd,states_vx_gs,-0.26999998092651367,states_theta,0.01838631182909012,0.38972630028222593,0.2250150476363472,0.5195340401792002,0.5197360939067356,0.517326011377335,0.5219441227086008,0.5171265752463088,0.522143558839627,0.0,0.0,0.0,1.0,-0.06999993324279785,0.0,0.0,0.0,0.0,0.0,-0.4889017343521118,-0.21890175342559814,0.0,0.0,0.0,0.0
57.352,1.0,1.0699999332427979,-0.06999993324279785,gncbus_cmd,states_vx_gs,-0.25999999046325684,states_theta,0.08673125505447388,0.39008885028852125,0.22522488845825203,0.51999418416863,0.5202427499340934,0.5175389198855284,0.522698014217195,0.5176859398842345,0.5225509942184888,0.0,0.0,0.0,1.0,-0.06999993324279785,0.0,0.0,0.0,0.0,0.0,-0.48609432578086853,-0.2260943353176117,0.0,0.0,0.0,0.0
57.455,1.0,1.0699999332427979,-0.06999993324279785,gncbus_cmd,states_vx_gs,-0.25,states_theta,0.023141125217080116,0.3897279182617113,0.2250163176960329,0.5196663716508629,0.5196080770470339,0.5169788261607163,0.5222956225371805,0.5173631771581334,0.5219112715397635,0.0,0.0,0.0,1.0,-0.06999993324279785,0.0,0.0,0.0,0.0,0.0,-0.48328691720962524,-0.23328691720962524,0.0,0.0,0.0,0.0
57.553,1.0,1.0699999332427979,-0.06999993324279785,gncbus_cmd,states_vx_gs,-0.25999999046325684,states_theta,-0.05196262151002884,0.3900881132477344,0.2252236769994406,0.520177191488094,0.5200577771725311,0.5176214456978475,0.5226135229627776,0.5178955884677191,0.522339380192906,0.0,0.0,0.0,1.0,-0.06999993324279785,0.0,0.0,0.0,0.0,0.0,-0.48047950863838196,-0.22047951817512512,0.0,0.0,0.0,0.0
57.654,1.0,1.0699999332427979,-0.06999993324279785,gncbus_cmd,states_vx_gs,-0.26999998092651367,states_theta,-0.08991282433271408,0.3900895473047142,0.22522413958000057,0.5201361348537673,0.5201026579588038,0.51793680591742,0.5223019868951512,0.5177218292519598,0.5225169635606114,0.0,0.0,0.0,1.0,-0.06999993324279785,0.0,0.0,0.0,0.0,0.0,-0.47767210006713867,-0.207672119140625,0.0,0.0,0.0,0.0
57.753,1.0,1.0699999332427979,-0.06999993324279785,gncbus_cmd,states_vx_gs,-0.2800000011920929,states_theta,-0.16274631023406982,0.3897282833057787,0.2250150621095528,0.5196615096022222,0.519613912546521,0.5176186119509474,0.5216568101977959,0.517287753827024,0.5219876683217193,0.0,0.0,0.0,1.0,-0.06999993324279785,0.0,0.0,0.0,0.0,0.0,-0.4748646914958954,-0.1948646903038025,0.0,0.0,0.0,0.0
57.853,1.0,1.0699999332427979,-0.06999993324279785,gncbus_cmd,states_vx_gs,-0.28999999165534973,states_theta,0.01869433932006359,0.3900892583277181,0.22522423775964542,0.5201981533998232,0.520039868807425,0.5178332126195039,0.5224048095877444,0.517719286977561,0.5225187352296873,0.0,0.0,0.0,1.0,-0.06999993324279785,0.0,0.0,0.0,0.0,0.0,-0.4720572829246521,-0.18205729126930237,0.0,0.0,0.0,0.0
57.952,1.0,1.0699999332427979,-0.06999993324279785,gncbus_cmd,states_vx_gs,-0.26999998092651367,states_theta,0.1255711317062378,0.3901047513081479,0.22523406604604565,0.5202219692821092,0.5200573675396186,0.5176920933283016,0.5225872434934262,0.5175736126053467,0.5227057242163811,0.0,0.0,0.0,1.0,-0.06999993324279785,0.0,0.0,0.0,0.0,0.0,-0.4692498743534088,-0.19924989342689514,0.0,0.0,0.0,0.0
58.052,1.0,1.0699999332427979,-0.06999993324279785,gncbus_cmd,states_vx_gs,-0.26999998092651367,states_theta,0.054754361510276794,0.3897437984328903,0.22502526309420087,0.5197194488650759,0.5195973469559648,0.5173161605409838,0.5220006352800569,0.5171387887847948,0.522178007036246,0.0,0.0,0.0,1.0,-0.06999993324279785,0.0,0.0,0.0,0.0,0.0,-0.4664424657821655,-0.19644248485565186,0.0,0.0,0.0,0.0
58.153,1.0,1.0699999332427979,-0.06999993324279785,gncbus_cmd,states_vx_gs,-0.25999999046325684,states_theta,0.015783682465553284,0.39010456341564853,0.2252334601070724,0.5202050272965435,0.5200738084785193,0.5177832197477436,0.5224956160273192,0.5176635942542319,0.5226152415208308,0.0,0.0,0.0,1.0,-0.06999993324279785,0.0,0.0,0.0,0.0,0.0,-0.46363505721092224,-0.2036350667476654,0.0,0.0,0.0,0.0
58.254,1.0,1.0699999332427979,-0.06999993324279785,gncbus_cmd,states_vx_gs,-0.25999999046325684,states_theta,0.06346675008535385,0.3901068345283275,0.22523502897237302,0.5202204873770361,0.520064404698504,0.5176185706100245,0.5226663214655156,0.5177395437298307,0.5225453483457094,0.0,0.0,0.0,1.0,-0.06999993324279785,0.0,0.0,0.0,0.0,0.0,-0.46082764863967896,-0.20082765817642212,0.0,0.0,0.0,0.0
58.353,1.0,1.0699999332427979,-0.06999993324279785,gncbus_cmd,states_vx_gs,-0.25999999046325684,states_theta,-0.00409923167899251,0.38971773445414104,0.2250100093381376,0.519738879226294,0.5195084126514153,0.5171305460362965,0.5221167458414129,0.5173349084114711,0.5219123834662382,0.0,0.0,0.0,1.0,-0.06999993324279785,0.0,0.0,0.0,0.0,0.0,-0.45802024006843567,-0.19802024960517883,0.0,0.0,0.0,0.0
58.453,1.0,1.0699999332427979,-0.06999993324279785,gncbus_cmd,states_vx_gs,-0.25,states_theta,0.07756355404853821,0.3901074152940789,0.2252355745707016,0.5202452881063513,0.520041152677859,0.5176954353533654,0.5225910054308449,0.5175884504495158,0.5226979903346944,0.0,0.0,0.0,1.0,-0.06999993324279785,0.0,0.0,0.0,0.0,0.0,-0.4552128314971924,-0.20521283149719238,0.0,0.0,0.0,0.0
58.554,1.0,1.0699999332427979,-0.06999993324279785,gncbus_cmd,states_vx_gs,-0.23999999463558197,states_theta,0.05566747486591339,0.3897482354363295,0.2250282530955155,0.5197715082125384,0.5195571196176737,0.5173279128293746,0.5220007150008374,0.51699239763961,0.522336230190602,0.0,0.0,0.0,1.0,-0.06999993324279785,0.0,0.0,0.0,0.0,0.0,-0.4524054229259491,-0.21240542829036713,0.0,0.0,0.0,0.0
58.654,1.0,1.0699999332427979,-0.06999993324279785,gncbus_cmd,states_vx_gs,-0.23999999463558197,states_theta,-0.016046352684497833,0.39010930043471786,0.2252362729251942,0.5202632032603074,0.5200282645656069,0.5178297086166949,0.5224617592092194,0.5176063615843803,0.522685106241534,0.0,0.0,0.0,1.0,-0.06999993324279785,0.0,0.0,0.0,0.0,0.0,-0.4495980143547058,-0.20959801971912384,0.0,0.0,0.0,0.0
58.753,1.0,1.0699999332427979,-0.06999993324279785,gncbus_cmd,states_vx_gs,-0.23999999463558197,states_theta,0.036489035934209824,0.39012576540985083,0.22524605510441287,0.5203012383055328,0.5200341361207361,0.5176500902137358,0.5226852842125331,0.5177247147697399,0.522610659656529,0.0,0.0,0.0,1.0,-0.06999993324279785,0.0,0.0,0.0,0.0,0.0,-0.4467906057834625,-0.20679061114788055,0.0,0.0,0.0,0.0
58.854,1.0,1.0699999332427979,-0.06999993324279785,gncbus_cmd,states_vx_gs,-0.23999999463558197,states_theta,-0.03605314716696739,0.3897517443913677,0.225029707982992,0.5198293843563127,0.5195086006873346,0.5171996401381834,0.5221383449054638,0.517332728105696,0.5220052569379513,0.0,0.0,0.0,1.0,-0.06999993324279785,0.0,0.0,0.0,0.0,0.0,-0.44398319721221924,-0.20398320257663727,0.0,0.0,0.0,0.0
58.954,1.0,1.0699999332427979,-0.06999993324279785,gncbus_cmd,states_vx_gs,-0.25,states_theta,-0.07505710422992706,0.3901135894242753,0.22523823813958813,0.5203078871503561,0.5199950179810446,0.5177844444478359,0.5225184606835649,0.5178540024491891,0.5224489026822117,0.0,0.0,0.0,1.0,-0.06999993324279785,0.0,0.0,0.0,0.0,0.0,-0.44117578864097595,-0.19117578864097595,0.0,0.0,0.0,0.0
59.054,1.0,1.0699999332427979,-0.06999993324279785,gncbus_cmd,states_vx_gs,-0.25,states_theta,-0.017631635069847107,0.39013045957376846,0.22524829187219217,0.5202435069183972,0.5201043852783188,0.5179397081196829,0.522408184077033,0.5176294112381222,0.5227184809585937,0.0,0.0,0.0,1.0,-0.06999993324279785,0.0,0.0,0.0,0.0,0.0,-0.43836838006973267,-0.18836838006973267,0.0,0.0,0.0,0.0
59.154,1.0,1.0699999332427979,-0.06999993324279785,gncbus_cmd,states_vx_gs,-0.25999999046325684,states_theta,-0.09261123836040497,0.3901205745961408,0.22524209129594633,0.5200284464146021,0.5202930858417734,0.5181610268647705,0.522160505391605,0.5175984750518241,0.5227230572045514,0.0,0.0,0.0,1.0,-0.06999993324279785,0.0,0.0,0.0,0.0,0.0,-0.4355609714984894,-0.17556098103523254,0.0,0.0,0.0,0.0
59.258,1.0,1.0699999332427979,-0.06999993324279785,gncbus_cmd,states_vx_gs,-0.25999999046325684,states_theta,-0.017196347936987877,0.38975896459531095,0.22503366247442894,0.5195099878431799,0.5198472510776493,0.517498729094488,0.5218585098263412,0.5171456400330924,0.5222115988877368,0.0,0.0,0.0,1.0,-0.06999993324279785,0.0,0.0,0.0,0.0,0.0,-0.4327535629272461,-0.17275357246398926,0.0,0.0,0.0,0.0
59.355,1.0,1.0699999332427979,-0.06999993324279785,gncbus_cmd,states_vx_gs,-0.25999999046325684,states_theta,0.09088145941495895,0.3901232245890178,0.22524451915543633,0.5199772680920204,0.5203513308120272,0.5176472074097898,0.5226813914942579,0.5177499492567976,0.52257864964725,0.0,0.0,0.0,1.0,-0.06999993324279785,0.0,0.0,0.0,0.0,0.0,-0.4299461543560028,-0.16994616389274597,0.0,0.0,0.0,0.0
59.455,1.0,1.0699999332427979,-0.06999993324279785,gncbus_cmd,states_vx_gs,-0.25,states_theta,0.04656297713518143,0.3901406346993245,0.22525446019854783,0.5200902674121768,0.5202847584526884,0.5176004698753981,0.5227745559894671,0.5178856330997271,0.5224893927651381,0.0,0.0,0.0,1.0,-0.06999993324279785,0.0,0.0,0.0,0.0,0.0,-0.4271387457847595,-0.17713874578475952,0.0,0.0,0.0,0.0
59.555,1.0,1.0699999332427979,-0.06999993324279785,gncbus_cmd,states_vx_gs,-0.25,states_theta,-0.033124685287475586,0.38976755867757373,0.22503866317303872,0.5197706397328515,0.5196095167406783,0.5170736088404898,0.5223065476330401,0.5175890724595104,0.5217910840140195,0.0,0.0,0.0,1.0,-0.06999993324279785,0.0,0.0,0.0,0.0,0.0,-0.42433133721351624,-0.17433133721351624,0.0,0.0,0.0,0.0
59.656,1.0,1.0699999332427979,-0.06999993324279785,gncbus_cmd,states_vx_gs,-0.25,states_theta,0.020637890323996544,0.3901318487072025,0.22524922897004707,0.52024880790679,0.5201027886457501,0.5175671928830983,0.5227844036694418,0.5179611606911836,0.5223904358613565,0.0,0.0,0.0,1.0,-0.06999993324279785,0.0,0.0,0.0,0.0,0.0,-0.42152392864227295,-0.17152392864227295,0.0,0.0,0.0,0.0
59.756,1.0,1.0699999332427979,-0.06999993324279785,gncbus_cmd,states_vx_gs,-0.25,states_theta,0.07412140816450119,0.38977278872198584,0.2250421767580285,0.5197554809139006,0.5196386223447284,0.5171665296611385,0.5222275735974904,0.5172992984304821,0.5220948048281469,0.0,0.0,0.0,1.0,-0.06999993324279785,0.0,0.0,0.0,0.0,0.0,-0.41871652007102966,-0.16871652007102966,0.0,0.0,0.0,0.0
59.854,1.0,1.0699999332427979,-0.06999993324279785,gncbus_cmd,states_vx_gs,-0.23999999463558197,states_theta,-0.003655996173620224,0.3897600987397215,0.2250345473054715,0.5197384670928022,0.5196217962131218,0.5172051604725346,0.5221551028333894,0.5173388473010373,0.5220214160048867,0.0,0.0,0.0,1.0,-0.06999993324279785,0.0,0.0,0.0,0.0,0.0,-0.4159091114997864,-0.1759091168642044,0.0,0.0,0.0,0.0
59.956,1.0,1.0699999332427979,-0.06999993324279785,gncbus_cmd,states_vx_gs,-0.25,states_theta,-0.08719392120838165,0.39012540874905294,0.2252448395631346,0.5202257258590068,0.520108697471801,0.517808473681629,0.5225259496491789,0.5179450816779309,0.522389341652877,0.0,0.0,0.0,1.0,-0.06999993324279785,0.0,0.0,0.0,0.0,0.0,-0.4131017029285431,-0.1631017029285431,0.0,0.0,0.0,0.0
60.058,1.0,1.0699999332427979,-0.06999993324279785,gncbus_cmd,states_vx_gs,-0.25999999046325684,states_theta,-0.16025640070438385,0.3897661118663829,0.22503687089623778,0.5197770477839063,0.519599250526448,0.5174711159797682,0.521905182330586,0.5175385834402724,0.5218377148700819,0.0,0.0,0.0,1.0,-0.06999993324279785,0.0,0.0,0.0,0.0,0.0,-0.4102942943572998,-0.15029430389404297,0.0,0.0,0.0,0.0
60.156,1.0,1.0699999332427979,-0.06999993324279785,gncbus_cmd,states_vx_gs,-0.26999998092651367,states_theta,0.06963521242141724,0.3901451978385424,0.2252567824213022,0.520284297037378,0.5201028971987351,0.5177887566640074,0.5225984375721058,0.5178173056503397,0.5225698885857735,0.0,0.0,0.0,1.0,-0.06999993324279785,0.0,0.0,0.0,0.0,0.0,-0.4074868857860565,-0.13748690485954285,0.0,0.0,0.0,0.0
60.256,1.0,1.0699999332427979,-0.06999993324279785,gncbus_cmd,states_vx_gs,-0.25999999046325684,states_theta,0.043326009064912796,0.39016370073557954,0.22526744697764808,0.5203114001264477,0.5201251351684311,0.5178307840361724,0.5226057512587063,0.5178313398981933,0.5226051953966855,0.0,0.0,0.0,1.0,-0.06999993324279785,0.0,0.0,0.0,0.0,0.0,-0.40467947721481323,-0.1446794867515564,0.0,0.0,0.0,0.0
60.356,1.0,1.0699999332427979,-0.06999993324279785,gncbus_cmd,states_vx_gs,-0.25999999046325684,states_theta,-0.039708562195301056,0.38977668577732427,0.22504354316606265,0.5198106172570546,0.5195938781491435,0.5173899123315442,0.5220145830746539,0.517420374925901,0.5219841204802971,0.0,0.0,0.0,1.0,-0.06999993324279785,0.0,0.0,0.0,0.0,0.0,-0.40187206864356995,-0.1418720781803131,0.0,0.0,0.0,0.0
60.458,1.0,1.0699999332427979,-0.06999993324279785,gncbus_cmd,states_vx_gs,-0.26999998092651367,states_theta,-0.0428214855492115,0.3901689459105146,0.2252698324397351,0.5203316555909683,0.5201188668370706,0.5179950586410018,0.5224554637870371,0.5179312031221053,0.5225193193059336,0.0,0.0,0.0,1.0,-0.06999993324279785,0.0,0.0,0.0,0.0,0.0,-0.39906466007232666,-0.129064679145813,0.0,0.0,0.0,0.0
60.556,1.0,1.0699999332427979,-0.06999993324279785,gncbus_cmd,states_vx_gs,-0.26999998092651367,states_theta,-0.030245615169405937,0.3901609509249547,0.22526526238481032,0.5203235729227507,0.5201056295437951,0.5179876789282033,0.5224415235383425,0.5178996089680684,0.5225295934984774,0.0,0.0,0.0,1.0,-0.06999993324279785,0.0,0.0,0.0,0.0,0.0,-0.3962572515010834,-0.1262572705745697,0.0,0.0,0.0,0.0
60.657,1.0,1.0699999332427979,-0.06999993324279785,gncbus_cmd,states_vx_gs,-0.2800000011920929,states_theta,-0.0916147530078888,0.3901495809394199,0.22525822445965235,0.5203137371796174,0.5200851453255024,0.5180505909531878,0.522348291551932,0.5179980516719118,0.522400830833208,0.0,0.0,0.0,1.0,-0.06999993324279785,0.0,0.0,0.0,0.0,0.0,-0.3934498429298401,-0.11344984173774719,0.0,0.0,0.0,0.0
60.756,1.0,1.0699999332427979,-0.06999993324279785,gncbus_cmd,states_vx_gs,-0.26999998092651367,states_theta,0.12995819747447968,0.39016885390398537,0.2252706471485953,0.5203465662713151,0.5201037108059792,0.5177692960218833,0.522680981055411,0.5178239129848258,0.5226263640924685,0.0,0.0,0.0,1.0,-0.06999993324279785,0.0,0.0,0.0,0.0,0.0,-0.3906424343585968,-0.12064245343208313,0.0,0.0,0.0,0.0
60.857,1.0,1.0699999332427979,-0.06999993324279785,gncbus_cmd,states_vx_gs,-0.25,states_theta,0.16435641050338745,0.38978312890653793,0.22504843745244482,0.5198655021125796,0.5195561749715215,0.5172117052445722,0.522209971839529,0.5171789543566507,0.5222427227274504,0.0,0.0,0.0,1.0,-0.06999993324279785,0.0,0.0,0.0,0.0,0.0,-0.3878350257873535,-0.13783502578735352,0.0,0.0,0.0,0.0
60.956,1.0,1.0699999332427979,-0.06999993324279785,gncbus_cmd,states_vx_gs,-0.23999999463558197,states_theta,0.08185644447803497,0.3897852813853898,0.22504934126243384,0.5198850076419894,0.5195424093857168,0.5172621712128894,0.5221652458148168,0.5172579969722498,0.5221694200554564,0.0,0.0,0.0,1.0,-0.06999993324279785,0.0,0.0,0.0,0.0,0.0,-0.38502761721611023,-0.14502762258052826,0.0,0.0,0.0,0.0
61.058,1.0,1.0699999332427979,-0.06999993324279785,gncbus_cmd,states_vx_gs,-0.23999999463558197,states_theta,-0.0016017138259485364,0.39017922236874936,0.22527629339998362,0.5204149230820626,0.5200630032346024,0.5178780107879255,0.5225999155287395,0.5178737310113084,0.5226041953053566,0.0,0.0,0.0,1.0,-0.06999993324279785,0.0,0.0,0.0,0.0,0.0,-0.38222020864486694,-0.14222021400928497,0.0,0.0,0.0,0.0
61.16,1.0,1.0699999332427979,-0.06999993324279785,gncbus_cmd,states_vx_gs,-0.25,states_theta,-0.08628419041633606,0.38979352740652534,0.22505300708703224,0.5199044858379881,0.5195449205794128,0.5174843905811976,0.5219650158362034,0.5174780770333999,0.521971329384001,0.0,0.0,0.0,1.0,-0.06999993324279785,0.0,0.0,0.0,0.0,0.0,-0.37941280007362366,-0.12941280007362366,0.0,0.0,0.0,0.0
61.258,1.0,1.0699999332427979,-0.06999993324279785,gncbus_cmd,states_vx_gs,-0.25999999046325684,states_theta,-0.07878009974956512,0.3901866004481993,0.22527981978331235,0.5204090611013441,0.520088540093854,0.5180606634382017,0.5224369377569964,0.5179984036728174,0.5224991975223807,0.0,0.0,0.0,1.0,-0.06999993324279785,0.0,0.0,0.0,0.0,0.0,-0.37660539150238037,-0.11660540103912354,0.0,0.0,0.0,0.0
61.358,1.0,1.0699999332427979,-0.06999993324279785,gncbus_cmd,states_vx_gs,-0.25,states_theta,0.16040068864822388,0.3898289955056552,0.22507478228078243,0.5199398757358212,0.5196041122792593,0.517267520674625,0.5222764673404555,0.5172949820807259,0.5222490059343546,0.0,0.0,0.0,1.0,-0.06999993324279785,0.0,0.0,0.0,0.0,0.0,-0.373517245054245,-0.123517245054245,0.0,0.0,0.0,0.0
61.458,1.0,1.0699999332427979,-0.06999993324279785,gncbus_cmd,states_vx_gs,-0.22999998927116394,states_theta,0.09399216622114182,0.3898184654958654,0.22506861442918488,0.5199545092431656,0.5195613987458089,0.5172312158255157,0.5222846921634587,0.5173385100190195,0.5221773979699549,0.0,0.0,0.0,1.0,-0.06999993324279785,0.0,0.0,0.0,0.0,0.0,-0.3707098364830017,-0.14070984721183777,0.0,0.0,0.0,0.0
61.557,1.0,1.0699999332427979,-0.06999993324279785,gncbus_cmd,states_vx_gs,-0.22999998927116394,states_theta,0.005892786663025618,0.39018518547767694,0.225279820906367,0.5204472153891492,0.5200466125513227,0.5178146497699194,0.5226791781705524,0.517923946265965,0.5225698816745068,0.0,0.0,0.0,1.0,-0.06999993324279785,0.0,0.0,0.0,0.0,0.0,-0.3679024279117584,-0.13790243864059448,0.0,0.0,0.0,0.0
61.658,1.0,1.0699999332427979,-0.06999993324279785,gncbus_cmd,states_vx_gs,-0.23999999463558197,states_theta,-0.08400518447160721,0.38981515796093064,0.22506555351739455,0.519970273492046,0.519536814403769,0.5174308635568008,0.5220762243390142,0.5175713730876963,0.5219357148081187,0.0,0.0,0.0,1.0,-0.06999993324279785,0.0,0.0,0.0,0.0,0.0,-0.36509501934051514,-0.12509502470493317,0.0,0.0,0.0,0.0
61.758,1.0,1.0699999332427979,-0.06999993324279785,gncbus_cmd,states_vx_gs,-0.25,states_theta,-0.07397538423538208,0.38983204394872834,0.22507518150373823,0.519943057986131,0.5196090592104778,0.5175992280335158,0.5219528891630931,0.5174914324432276,0.5220606847533813,0.0,0.0,0.0,1.0,-0.06999993324279785,0.0,0.0,0.0,0.0,0.0,-0.36228761076927185,-0.11228761076927185,0.0,0.0,0.0,0.0
61.858,1.0,1.0699999332427979,-0.06999993324279785,gncbus_cmd,states_vx_gs,-0.25,states_theta,0.00650884909555316,0.3902006689657493,0.22528842362528828,0.5203209809382199,0.5202141363037782,0.5181501515925342,0.5223849656494639,0.5177656400151633,0.5227694772268348,0.0,0.0,0.0,1.0,-0.06999993324279785,0.0,0.0,0.0,0.0,0.0,-0.35948020219802856,-0.10948020219802856,0.0,0.0,0.0,0.0
61.958,1.0,1.0699999332427979,-0.06999993324279785,gncbus_cmd,states_vx_gs,-0.23999999463558197,states_theta,0.09439106285572052,0.3898428120202348,0.22508238212646317,0.5198410370210016,0.5197397950329579,0.5174022026629679,0.5221786293909916,0.5173304558219816,0.5222503762319779,0.0,0.0,0.0,1.0,-0.06999993324279785,0.0,0.0,0.0,0.0,0.0,-0.3566727936267853,-0.11667279899120331,0.0,0.0,0.0,0.0
62.058,1.0,1.0699999332427979,-0.06999993324279785,gncbus_cmd,states_vx_gs,-0.23999999463558197,states_theta,0.021943802013993263,0.38983295702607224,0.2250762682226133,0.5198294575086064,0.5197250945609195,0.5174424623983754,0.5221120896711505,0.5174236662838557,0.5221308857856702,0.0,0.0,0.0,1.0,-0.06999993324279785,0.0,0.0,0.0,0.0,0.0,-0.353865385055542,-0.11386539041996002,0.0,0.0,0.0,0.0
62.158,1.0,1.0699999332427979,-0.06999993324279785,gncbus_cmd,states_vx_gs,-0.23999999463558197,states_theta,-0.06414858996868134,0.3902283430461376,0.22530406045512405,0.5203101640856912,0.5202987507040092,0.5181118407724811,0.5224970740172193,0.5179969172903954,0.522611997499305,0.0,0.0,0.0,1.0,-0.06999993324279785,0.0,0.0,0.0,0.0,0.0,-0.3510579764842987,-0.11105798184871674,0.0,0.0,0.0,0.0
62.259,1.0,1.0699999332427979,-0.06999993324279785,gncbus_cmd,states_vx_gs,-0.23999999463558197,states_theta,0.026426348835229874,0.3898573850008018,0.22509034814368364,0.5198237173692666,0.519795975966205,0.5174184104970929,0.5222012828383786,0.5175223522146366,0.522097341120835,0.0,0.0,0.0,1.0,-0.06999993324279785,0.0,0.0,0.0,0.0,0.0,-0.3482505679130554,-0.10825057327747345,0.0,0.0,0.0,0.0
62.358,1.0,1.0699999332427979,-0.06999993324279785,gncbus_cmd,states_vx_gs,-0.23999999463558197,states_theta,-0.048324842005968094,0.3898479350411613,0.22508448521252392,0.5197919100700449,0.5198025833730519,0.5174160442915636,0.5221784491515331,0.5176645241473516,0.5219299692957451,0.0,0.0,0.0,1.0,-0.06999993324279785,0.0,0.0,0.0,0.0,0.0,-0.34544315934181213,-0.10544316470623016,0.0,0.0,0.0,0.0
62.458,1.0,1.0699999332427979,-0.06999993324279785,gncbus_cmd,states_vx_gs,-0.25,states_theta,-0.06477902829647064,0.39024289517190064,0.2253122478478144,0.520309556225465,0.5203381642329367,0.5180731321742273,0.5225745882841744,0.5181604146682692,0.5224873057901325,0.0,0.0,0.0,1.0,-0.06999993324279785,0.0,0.0,0.0,0.0,0.0,-0.34263575077056885,-0.09263575077056885,0.0,0.0,0.0,0.0
62.559,1.0,1.0699999332427979,-0.06999993324279785,gncbus_cmd,states_vx_gs,-0.23999999463558197,states_theta,0.14551764726638794,0.38986059020173314,0.22509277443578726,0.5197925119080024,0.5198357286299528,0.5173919143734119,0.5222363261645432,0.5173400262487816,0.5222882142891735,0.0,0.0,0.0,1.0,-0.06999993324279785,0.0,0.0,0.0,0.0,0.0,-0.33982834219932556,-0.09982834756374359,0.0,0.0,0.0,0.0
62.66,1.0,1.0699999332427979,-0.06999993324279785,gncbus_cmd,states_vx_gs,-0.2199999988079071,states_theta,0.1866285353899002,0.38987857025170813,0.22510367220863256,0.5198155407763364,0.519860646561552,0.5173194731007468,0.5223567142371416,0.5172736664375733,0.522402520900315,0.0,0.0,0.0,1.0,-0.06999993324279785,0.0,0.0,0.0,0.0,0.0,-0.3370209336280823,-0.11702093482017517,0.0,0.0,0.0,0.0
62.758,1.0,1.0699999332427979,-0.06999993324279785,gncbus_cmd,states_vx_gs,-0.20999999344348907,states_theta,0.08387848734855652,0.3898696602535794,0.22509806762626877,0.5197788060451575,0.519873621297721,0.5174164053611623,0.5222360219817161,0.5173199300168674,0.5223324973260111,0.0,0.0,0.0,1.0,-0.06999993324279785,0.0,0.0,0.0,0.0,0.0,-0.334213525056839,-0.12421353161334991,0.0,0.0,0.0,0.0
62.859,1.0,1.059999942779541,-0.059999942779541016,gncbus_cmd,states_vx_gs,-0.20999999344348907,states_theta,-0.020472794771194458,0.390263231279495,0.22532498444095073,0.5203027247196047,0.5203992253590487,0.5179952610207228,0.5227066890579306,0.5179035645007244,0.522798385577929,0.0,0.0,0.0,1.0,-0.059999942779541016,0.0,0.0,0.0,0.0,0.0,-0.351595014333725,-0.1415950208902359,0.0,0.0,0.0,0.0
62.96,1.0,1.059999942779541,-0.059999942779541016,gncbus_cmd,states_vx_gs,-0.2199999988079071,states_theta,-0.09782563149929047,0.38989577570311584,0.225112263744146,0.519760971835691,0.5199610967059511,0.5175809242497119,0.5221411442919303,0.5175599425710714,0.5221621259705708,0.0,0.0,0.0,1.0,-0.059999942779541016,0.0,0.0,0.0,0.0,0.0,-0.3491886556148529,-0.129188671708107,0.0,0.0,0.0,0.0
63.06,1.0,1.059999942779541,-0.059999942779541016,gncbus_cmd,states_vx_gs,-0.22999998927116394,states_theta,-0.09884893149137497,0.38988727073950913,0.22510720217885477,0.5197537682492598,0.5199456203894312,0.5174936791614093,0.5222057094772816,0.5176883593165893,0.5220110293221016,0.0,0.0,0.0,1.0,-0.059999942779541016,0.0,0.0,0.0,0.0,0.0,-0.3467823266983032,-0.11678232252597809,0.0,0.0,0.0,0.0
63.16,1.0,1.059999942779541,-0.059999942779541016,gncbus_cmd,states_vx_gs,-0.23999999463558197,states_theta,-0.1885811984539032,0.3902819428038598,0.22533445563139007,0.5202974073171653,0.5204544401597941,0.518128081101685,0.5226237663752745,0.5183554999155403,0.5223963475614192,0.0,0.0,0.0,1.0,-0.059999942779541016,0.0,0.0,0.0,0.0,0.0,-0.34437596797943115,-0.10437596589326859,0.0,0.0,0.0,0.0
63.26,1.0,1.059999942779541,-0.059999942779541016,gncbus_cmd,states_vx_gs,-0.25,states_theta,-0.059036269783973694,0.3899013328290222,0.2251152049342662,0.5197541720899052,0.519982715454154,0.5176593315018004,0.5220775560422587,0.51760357890123,0.5221333086428291,0.0,0.0,0.0,1.0,-0.059999942779541016,0.0,0.0,0.0,0.0,0.0,-0.3419696092605591,-0.09196960926055908,0.0,0.0,0.0,0.0
63.361,1.0,1.059999942779541,-0.059999942779541016,gncbus_cmd,states_vx_gs,-0.25,states_theta,0.0796738862991333,0.3899201228841292,0.22512677042901671,0.5197788443234687,0.5200081500342092,0.5175436008497105,0.5222433935079673,0.5174894192829949,0.522297575074683,0.0,0.0,0.0,1.0,-0.059999942779541016,0.0,0.0,0.0,0.0,0.0,-0.339563250541687,-0.0895632654428482,0.0,0.0,0.0,0.0
63.461,1.0,1.059999942779541,-0.059999942779541016,gncbus_cmd,states_vx_gs,-0.25,states_theta,-0.031991370022296906,0.3899121578813359,0.2251215469865356,0.519832061511654,0.519933692838575,0.517614419445024,0.522151334905205,0.5176377262152531,0.5221280281349759,0.0,0.0,0.0,1.0,-0.059999942779541016,0.0,0.0,0.0,0.0,0.0,-0.33715692162513733,-0.08715691417455673,0.0,0.0,0.0,0.0
63.56,1.0,1.059999942779541,-0.059999942779541016,gncbus_cmd,states_vx_gs,-0.25999999046325684,states_theta,-0.14623774588108063,0.38990419287854255,0.2251162505181197,0.5200251348098471,0.519719379532933,0.51762815062016,0.5221163637226202,0.5179043213988649,0.5218401929439153,0.0,0.0,0.0,1.0,-0.059999942779541016,0.0,0.0,0.0,0.0,0.0,-0.33475056290626526,-0.07475057244300842,0.0,0.0,0.0,0.0
63.66,1.0,1.059999942779541,-0.059999942779541016,gncbus_cmd,states_vx_gs,-0.26999998092651367,states_theta,-0.1214345246553421,0.3899098284457144,0.22511944310809998,0.5199305818267319,0.5198289606951731,0.5178335657650925,0.5219259767568125,0.5177274009851616,0.5220321415367435,0.0,0.0,0.0,1.0,-0.059999942779541016,0.0,0.0,0.0,0.0,0.0,-0.3323442041873932,-0.062344230711460114,0.0,0.0,0.0,0.0
63.761,1.0,1.059999942779541,-0.059999942779541016,gncbus_cmd,states_vx_gs,-0.26999998092651367,states_theta,0.02898983284831047,0.3903076003404665,0.2253498840733584,0.5202756868588447,0.5205445807157327,0.5183861717413443,0.5224340958332332,0.5179330391612282,0.5228872284133492,0.0,0.0,0.0,1.0,-0.059999942779541016,0.0,0.0,0.0,0.0,0.0,-0.3299378752708435,-0.05993787944316864,0.0,0.0,0.0,0.0
63.86,1.0,1.059999942779541,-0.059999942779541016,gncbus_cmd,states_vx_gs,-0.25999999046325684,states_theta,0.19549478590488434,0.3899250403812757,0.22513001203651084,0.5197746465040254,0.5200254611793764,0.5176197102941517,0.5221803973892502,0.5172877567509747,0.5225123509324271,0.0,0.0,0.0,1.0,-0.059999942779541016,0.0,0.0,0.0,0.0,0.0,-0.32753151655197144,-0.067531518638134,0.0,0.0,0.0,0.0
63.962,1.0,1.059999942779541,-0.059999942779541016,gncbus_cmd,states_vx_gs,-0.23999999463558197,states_theta,0.13730449974536896,0.3899446404422133,0.22514124591597742,0.5200553243943659,0.5197970501182029,0.5174748926541239,0.5223774818584448,0.5175040430358044,0.5223483314767643,0.0,0.0,0.0,1.0,-0.059999942779541016,0.0,0.0,0.0,0.0,0.0,-0.32512515783309937,-0.0851251631975174,0.0,0.0,0.0,0.0
64.062,1.0,1.059999942779541,-0.059999942779541016,gncbus_cmd,states_vx_gs,-0.23999999463558197,states_theta,0.02373575232923031,0.3899373504550473,0.225136391149377,0.5200409549782932,0.5197919795684995,0.5176223849293249,0.5222105496174678,0.5175818449196594,0.5222510896271333,0.0,0.0,0.0,1.0,-0.059999942779541016,0.0,0.0,0.0,0.0,0.0,-0.3227187991142273,-0.08271881192922592,0.0,0.0,0.0,0.0
64.161,1.0,1.059999942779541,-0.059999942779541016,gncbus_cmd,states_vx_gs,-0.23999999463558197,states_theta,-0.09024859964847565,0.3899571665003102,0.22514724658225943,0.5198058756228457,0.5200799017113148,0.517911038033192,0.5219747393009685,0.5175917659315884,0.5222940114025721,0.0,0.0,0.0,1.0,-0.059999942779541016,0.0,0.0,0.0,0.0,0.0,-0.3203124701976776,-0.08031246811151505,0.0,0.0,0.0,0.0
64.262,1.0,1.059999942779541,-0.059999942779541016,gncbus_cmd,states_vx_gs,-0.25999999046325684,states_theta,-0.13185879588127136,0.3899501464935508,0.22514266660677304,0.5198627398249586,0.5200043174911769,0.5178658570509601,0.5220012002651754,0.5178251256657148,0.5220419316504207,0.0,0.0,0.0,1.0,-0.059999942779541016,0.0,0.0,0.0,0.0,0.0,-0.31790611147880554,-0.05790611729025841,0.0,0.0,0.0,0.0
64.361,1.0,1.059999942779541,-0.059999942779541016,gncbus_cmd,states_vx_gs,-0.25999999046325684,states_theta,-0.07508055120706558,0.39033203458522603,0.2253635192393246,0.5206600556837032,0.5202253698768996,0.5180031512692361,0.5228822742913667,0.5185983828639548,0.522287042696648,0.0,0.0,0.0,1.0,-0.059999942779541016,0.0,0.0,0.0,0.0,0.0,-0.31549975275993347,-0.05549976974725723,0.0,0.0,0.0,0.0
64.461,1.0,1.059999942779541,-0.059999942779541016,gncbus_cmd,states_vx_gs,-0.25999999046325684,states_theta,0.11052974313497543,0.38997874143832545,0.2251603613143944,0.520042115617844,0.5199011948843572,0.5176011801819596,0.5223421303202416,0.5176831155921027,0.5222601949100985,0.0,0.0,0.0,1.0,-0.059999942779541016,0.0,0.0,0.0,0.0,0.0,-0.3130934238433838,-0.05309341847896576,0.0,0.0,0.0,0.0
64.562,1.0,1.059999942779541,-0.059999942779541016,gncbus_cmd,states_vx_gs,-0.25,states_theta,0.11875612288713455,0.3899721264667866,0.2251567297852017,0.5198062189994176,0.5201194515786799,0.5177218178493675,0.5222038527287299,0.5174823875334237,0.5224432830446738,0.0,0.0,0.0,1.0,-0.059999942779541016,0.0,0.0,0.0,0.0,0.0,-0.3106870651245117,-0.06068705767393112,0.0,0.0,0.0,0.0
64.662,1.0,1.059999942779541,-0.059999942779541016,gncbus_cmd,states_vx_gs,-0.23999999463558197,states_theta,0.0035679051652550697,0.3899655114952477,0.22515244326554315,0.5197693153589515,0.5201387152950423,0.5178798909593858,0.522028139694608,0.5175002046570798,0.522407825996914,0.0,0.0,0.0,1.0,-0.059999942779541016,0.0,0.0,0.0,0.0,0.0,-0.30828070640563965,-0.06828071177005768,0.0,0.0,0.0,0.0
64.762,1.0,1.059999942779541,-0.059999942779541016,gncbus_cmd,states_vx_gs,-0.25,states_theta,-0.10008415579795837,0.38998616454438184,0.2251636366027086,0.520100778157163,0.5198623272945219,0.5179217801143207,0.5220413253373642,0.5177941493957995,0.5221689560558854,0.0,0.0,0.0,1.0,-0.059999942779541016,0.0,0.0,0.0,0.0,0.0,-0.3058743476867676,-0.055874358862638474,0.0,0.0,0.0,0.0
64.863,1.0,1.059999942779541,-0.059999942779541016,gncbus_cmd,states_vx_gs,-0.26999998092651367,states_theta,-0.21682141721248627,0.3899798195532497,0.22515915409048826,0.5201318999342822,0.5198142855410502,0.5180647192669929,0.5218814662083395,0.5179985812620305,0.521947604213302,0.0,0.0,0.0,1.0,-0.059999942779541016,0.0,0.0,0.0,0.0,0.0,-0.3034680187702179,-0.03346802666783333,0.0,0.0,0.0,0.0
64.962,1.0,1.059999942779541,-0.059999942779541016,gncbus_cmd,states_vx_gs,-0.2800000011920929,states_theta,-0.06740526109933853,0.3900006075925871,0.22517172843475805,0.5198823061588499,0.520119314088049,0.5181264450643278,0.5218751751825711,0.5177491527697599,0.522252467477139,0.0,0.0,0.0,1.0,-0.059999942779541016,0.0,0.0,0.0,0.0,0.0,-0.3010616600513458,-0.02106165699660778,0.0,0.0,0.0,0.0
65.063,1.0,1.059999942779541,-0.059999942779541016,gncbus_cmd,states_vx_gs,-0.25999999046325684,states_theta,0.28613072633743286,0.3899945325818616,0.22517029133906352,0.5199274794190517,0.5200579407992459,0.5174067158016535,0.5225787044166441,0.5176189240445035,0.5223664961737942,0.0,0.0,0.0,1.0,-0.059999942779541016,0.0,0.0,0.0,0.0,0.0,-0.29865530133247375,-0.038655318319797516,0.0,0.0,0.0,0.0
65.163,1.0,1.059999942779541,-0.059999942779541016,gncbus_cmd,states_vx_gs,-0.23999999463558197,states_theta,0.24326100945472717,0.3900019906779556,0.22517478750303774,0.5202291785280895,0.5197761299464587,0.5171545579890767,0.5228507504854715,0.5178798183270058,0.5221254901475424,0.0,0.0,0.0,1.0,-0.059999942779541016,0.0,0.0,0.0,0.0,0.0,-0.2962489426136017,-0.05624896287918091,0.0,0.0,0.0,0.0
65.263,1.0,1.059999942779541,-0.059999942779541016,gncbus_cmd,states_vx_gs,-0.2199999988079071,states_theta,0.12832686305046082,0.3900230884969322,0.22518654416187567,0.5200405410137545,0.520021028311398,0.5172788310681492,0.5227827382570033,0.5179492960317654,0.522112273293387,0.0,0.0,0.0,1.0,-0.059999942779541016,0.0,0.0,0.0,0.0,0.0,-0.293842613697052,-0.0738426074385643,0.0,0.0,0.0,0.0
65.364,1.0,1.059999942779541,-0.059999942779541016,gncbus_cmd,states_vx_gs,-0.2199999988079071,states_theta,0.011522512882947922,0.39001741852142724,0.22518257382656806,0.5198408213626994,0.5202056280277733,0.5174846912901251,0.5225617581003476,0.5179804004290923,0.5220660489613803,0.0,0.0,0.0,1.0,-0.059999942779541016,0.0,0.0,0.0,0.0,0.0,-0.29143625497817993,-0.07143625617027283,0.0,0.0,0.0,0.0
65.463,1.0,1.059999942779541,-0.059999942779541016,gncbus_cmd,states_vx_gs,-0.2199999988079071,states_theta,-0.0678187906742096,0.3900117485459223,0.22517893762508764,0.5200331799671676,0.5199981494886252,0.5174340260702134,0.5225973033855794,0.5181902981583951,0.5218410312973977,0.0,0.0,0.0,1.0,-0.059999942779541016,0.0,0.0,0.0,0.0,0.0,-0.28902989625930786,-0.06902990490198135,0.0,0.0,0.0,0.0
65.564,1.0,1.059999942779541,-0.059999942779541016,gncbus_cmd,states_vx_gs,-0.20999999344348907,states_theta,0.157579243183136,0.39003323859892775,0.22519256793717873,0.5202321119880928,0.5198565242757145,0.5174171253802384,0.5226715108835689,0.5177500661145542,0.5223385701492531,0.0,0.0,0.0,1.0,-0.059999942779541016,0.0,0.0,0.0,0.0,0.0,-0.2866235673427582,-0.07662355899810791,0.0,0.0,0.0,0.0
65.664,1.0,1.059999942779541,-0.059999942779541016,gncbus_cmd,states_vx_gs,-0.1899999976158142,states_theta,0.21461673080921173,0.3900278386038294,0.22519009876699186,0.5199162158138332,0.5201580204630453,0.5177234569275914,0.5223507793492871,0.5172084251752888,0.5228658111015897,0.0,0.0,0.0,1.0,-0.059999942779541016,0.0,0.0,0.0,0.0,0.0,-0.2842172086238861,-0.0942172110080719,0.0,0.0,0.0,0.0
65.764,1.0,1.059999942779541,-0.059999942779541016,gncbus_cmd,states_vx_gs,-0.17999999225139618,states_theta,0.08737019449472427,0.39002243860873126,0.22518644215837452,0.5198234788246473,0.5202363574653027,0.5179022362054163,0.5221576000845337,0.5172319803763897,0.5228278559135603,0.0,0.0,0.0,1.0,-0.059999942779541016,0.0,0.0,0.0,0.0,0.0,-0.28181084990501404,-0.10181086510419846,0.0,0.0,0.0,0.0
65.864,1.0,1.059999942779541,-0.059999942779541016,gncbus_cmd,states_vx_gs,-0.17999999225139618,states_theta,-0.0429263710975647,0.3900442796362653,0.22519822039961518,0.5201100595186757,0.5200080195113651,0.5179582464638391,0.5221598325662017,0.517512568591218,0.5226055104388229,0.0,0.0,0.0,1.0,-0.059999942779541016,0.0,0.0,0.0,0.0,0.0,-0.27940449118614197,-0.09940451383590698,0.0,0.0,0.0,0.0
65.965,1.0,1.059999942779541,-0.059999942779541016,gncbus_cmd,states_vx_gs,-0.1899999976158142,states_theta,-0.17850585281848907,0.3900527090896185,0.22520223417193877,0.5202691610258626,0.5198713965464533,0.5181078777647457,0.5220326798075703,0.5177307543295997,0.5224098032427162,0.0,0.0,0.0,1.0,-0.059999942779541016,0.0,0.0,0.0,0.0,0.0,-0.2769981622695923,-0.08699815720319748,0.0,0.0,0.0,0.0
66.063,1.0,1.0499999523162842,-0.04999995231628418,gncbus_cmd,states_vx_gs,-0.20999999344348907,states_theta,-0.1903195083141327,0.39004771412939154,0.2251992763844972,0.5199834304414088,0.5201438072369686,0.5181575351064349,0.5219697025719425,0.5176990848587877,0.5224281528195898,0.0,0.0,0.0,1.0,-0.04999995231628418,0.0,0.0,0.0,0.0,0.0,-0.29486092925071716,-0.0848609209060669,0.0,0.0,0.0,0.0
66.164,1.0,1.0499999523162842,-0.04999995231628418,gncbus_cmd,states_vx_gs,-0.2199999988079071,states_theta,-0.003568574320524931,0.3900427191691646,0.22519714625451748,0.5199952519381894,0.5201186658462496,0.5176570313930141,0.5224568863914248,0.5178603943480308,0.5222535234364082,0.0,0.0,0.0,1.0,-0.04999995231628418,0.0,0.0,0.0,0.0,0.0,-0.2928556203842163,-0.0728556215763092,0.0,0.0,0.0,0.0
66.264,1.0,1.0499999523162842,-0.04999995231628418,gncbus_cmd,states_vx_gs,-0.2199999988079071,states_theta,-0.08257395029067993,0.39003772420893756,0.22519395684858204,0.52025184041104,0.5198487574794602,0.517516684505709,0.5225839133847913,0.5181587629000209,0.5219418349904793,0.0,0.0,0.0,1.0,-0.04999995231628418,0.0,0.0,0.0,0.0,0.0,-0.29085034132003784,-0.07085033506155014,0.0,0.0,0.0,0.0
66.364,1.0,1.0499999523162842,-0.04999995231628418,gncbus_cmd,states_vx_gs,-0.22999998927116394,states_theta,-0.03568563982844353,0.39005983528113963,0.22520667446105647,0.5200965075527754,0.5200630531969302,0.5177893791246133,0.5223701816250923,0.5179106322745304,0.5222489284751752,0.0,0.0,0.0,1.0,-0.04999995231628418,0.0,0.0,0.0,0.0,0.0,-0.288845032453537,-0.058845050632953644,0.0,0.0,0.0,0.0
66.464,1.0,1.0499999523162842,-0.04999995231628418,gncbus_cmd,states_vx_gs,-0.2199999988079071,states_theta,0.06788840144872665,0.3900551103013193,0.225204777508522,0.5198338958396566,0.5203130649638615,0.5180580222709337,0.5220889385325844,0.5173662649480244,0.5227806958554937,0.0,0.0,0.0,1.0,-0.04999995231628418,0.0,0.0,0.0,0.0,0.0,-0.2868397533893585,-0.06683974713087082,0.0,0.0,0.0,0.0
66.565,1.0,1.0499999523162842,-0.04999995231628418,gncbus_cmd,states_vx_gs,-0.2199999988079071,states_theta,-0.03131356090307236,0.39005038532149905,0.2252013964647805,0.5200102924020225,0.5201240684553083,0.5180394838793164,0.5220948769780144,0.5175858561977972,0.5225485046595336,0.0,0.0,0.0,1.0,-0.04999995231628418,0.0,0.0,0.0,0.0,0.0,-0.28483444452285767,-0.06483446061611176,0.0,0.0,0.0,0.0
66.665,1.0,1.0499999523162842,-0.04999995231628418,gncbus_cmd,states_vx_gs,-0.2199999988079071,states_theta,-0.0027839073445647955,0.3900456603416788,0.2251987697669772,0.5202560605685741,0.5198657003425694,0.5176916164502317,0.5224301444609118,0.5178694024456068,0.5222523584655367,0.0,0.0,0.0,1.0,-0.04999995231628418,0.0,0.0,0.0,0.0,0.0,-0.2828291654586792,-0.0628291666507721,0.0,0.0,0.0,0.0
66.766,1.0,1.0499999523162842,-0.04999995231628418,gncbus_cmd,states_vx_gs,-0.22999998927116394,states_theta,-0.13315169513225555,0.39004093536185847,0.2251951965776825,0.5200656891318954,0.5200434718330605,0.5179235710057855,0.5221855899591705,0.5179593689781676,0.5221497919867883,0.0,0.0,0.0,1.0,-0.04999995231628418,0.0,0.0,0.0,0.0,0.0,-0.28082388639450073,-0.0508238822221756,0.0,0.0,0.0,0.0
66.864,1.0,1.0499999523162842,-0.04999995231628418,gncbus_cmd,states_vx_gs,-0.25999999046325684,states_theta,-0.26888176798820496,0.3900362103820383,0.22519147072660292,0.5198852634842411,0.5202112975345276,0.518216255706825,0.5218803053119437,0.5181116553420583,0.5219849056767104,0.0,0.0,0.0,1.0,-0.04999995231628418,0.0,0.0,0.0,0.0,0.0,-0.2788185775279999,-0.01881859079003334,0.0,0.0,0.0,0.0
66.966,1.0,1.0499999523162842,-0.04999995231628418,gncbus_cmd,states_vx_gs,-0.26999998092651367,states_theta,0.04207742586731911,0.39003148540221794,0.22519010368987566,0.5201556121040908,0.5199283489684904,0.5176275365589167,0.5224564245136645,0.5181073985416498,0.5219765625309314,0.0,0.0,0.0,1.0,-0.04999995231628418,0.0,0.0,0.0,0.0,0.0,-0.2768132984638214,-0.006813307758420706,0.0,0.0,0.0,0.0
67.067,1.0,1.0499999523162842,-0.04999995231628418,gncbus_cmd,states_vx_gs,-0.23999999463558197,states_theta,0.3457680642604828,0.3900267604223977,0.22518938915892303,0.5201545463816625,0.5199168147447314,0.51741680383038,0.5226545572960138,0.5175178401134221,0.5225535210129718,0.0,0.0,0.0,1.0,-0.04999995231628418,0.0,0.0,0.0,0.0,0.0,-0.27480798959732056,-0.03480800241231918,0.0,0.0,0.0,0.0
67.166,1.0,1.0499999523162842,-0.04999995231628418,gncbus_cmd,states_vx_gs,-0.20999999344348907,states_theta,0.22477224469184875,0.3900220354425774,0.22518641400695388,0.5198836675712851,0.5201750936089212,0.5176252694253693,0.522433491754837,0.5173901150153786,0.5226686461648278,0.0,0.0,0.0,1.0,-0.04999995231628418,0.0,0.0,0.0,0.0,0.0,-0.2728027105331421,-0.06280270963907242,0.0,0.0,0.0,0.0
67.266,1.0,1.0499999523162842,-0.04999995231628418,gncbus_cmd,states_vx_gs,-0.19999998807907104,states_theta,0.06978657096624374,0.39001731046275706,0.2251829362490681,0.5199096581911444,0.5201365030428744,0.5177604623193394,0.5222856989146795,0.5175163847845737,0.5225297764494451,0.0,0.0,0.0,1.0,-0.04999995231628418,0.0,0.0,0.0,0.0,0.0,-0.27079740166664124,-0.07079742848873138,0.0,0.0,0.0,0.0
67.366,1.0,1.0499999523162842,-0.04999995231628418,gncbus_cmd,states_vx_gs,-0.20999999344348907,states_theta,-0.08710988610982895,0.3900125854829368,0.2251792183019941,0.5201998993108476,0.5198336619769839,0.5177793410810553,0.5222542202067763,0.5178737363844513,0.5221598249033802,0.0,0.0,0.0,1.0,-0.04999995231628418,0.0,0.0,0.0,0.0,0.0,-0.26879212260246277,-0.058792129158973694,0.0,0.0,0.0,0.0
67.466,1.0,1.0499999523162842,-0.04999995231628418,gncbus_cmd,states_vx_gs,-0.22999998927116394,states_theta,-0.24733707308769226,0.3900078605031166,0.22517542912581387,0.5200713654672346,0.5199495958744096,0.5180662854908685,0.5219546758507757,0.5180263132139454,0.5219946481276988,0.0,0.0,0.0,1.0,-0.04999995231628418,0.0,0.0,0.0,0.0,0.0,-0.2667868435382843,-0.03678683936595917,0.0,0.0,0.0,0.0
67.565,1.0,1.0499999523162842,-0.04999995231628418,gncbus_cmd,states_vx_gs,-0.25,states_theta,-0.21178728342056274,0.38997592149870464,0.22515692293938333,0.5197834841502799,0.5201523065129324,0.5181555395872415,0.5217802510759708,0.517898591677576,0.5220371989856363,0.0,0.0,0.0,1.0,-0.04999995231628418,0.0,0.0,0.0,0.0,0.0,-0.26478153467178345,-0.014781537465751171,0.0,0.0,0.0,0.0
67.666,1.0,1.0499999523162842,-0.04999995231628418,gncbus_cmd,states_vx_gs,-0.23999999463558197,states_theta,0.2288878858089447,0.3899709265384776,0.22515634108011875,0.5199820460732247,0.5199404246960488,0.5174396500758605,0.5224828206934131,0.5176399939593064,0.5222824768099672,0.0,0.0,0.0,1.0,-0.04999995231628418,0.0,0.0,0.0,0.0,0.0,-0.262776255607605,-0.022776251658797264,0.0,0.0,0.0,0.0
67.766,1.0,1.0499999523162842,-0.04999995231628418,gncbus_cmd,states_vx_gs,-0.2199999988079071,states_theta,0.1270662248134613,0.38996593157825066,0.22515326924617662,0.5201666665684019,0.5197424843069332,0.5173022326003885,0.5226069182749465,0.5178741151839693,0.5220350356913658,0.0,0.0,0.0,1.0,-0.04999995231628418,0.0,0.0,0.0,0.0,0.0,-0.2607709467411041,-0.04077095538377762,0.0,0.0,0.0,0.0
67.867,1.0,1.0499999523162842,-0.04999995231628418,gncbus_cmd,states_vx_gs,-0.2199999988079071,states_theta,-0.01728075183928013,0.3899609366180237,0.22514951235143624,0.519910235327113,0.5199855956542836,0.5175797995517702,0.5223160314296263,0.5178921581797568,0.5220036728016398,0.0,0.0,0.0,1.0,-0.04999995231628418,0.0,0.0,0.0,0.0,0.0,-0.25876566767692566,-0.03876566141843796,0.0,0.0,0.0,0.0
67.967,1.0,1.0499999523162842,-0.04999995231628418,gncbus_cmd,states_vx_gs,-0.2199999988079071,states_theta,-0.02745879627764225,0.3899559416577966,0.22514655338760162,0.5197272486620272,0.5201552624254304,0.5177761137416812,0.5221063973457765,0.517712700181093,0.5221698109063646,0.0,0.0,0.0,1.0,-0.04999995231628418,0.0,0.0,0.0,0.0,0.0,-0.2567603588104248,-0.036760371178388596,0.0,0.0,0.0,0.0
68.067,1.0,1.0499999523162842,-0.04999995231628418,gncbus_cmd,states_vx_gs,-0.23999999463558197,states_theta,-0.17818574607372284,0.3899509466975697,0.22514264668608047,0.5199735574533021,0.5198956337402171,0.5178669205104042,0.522002270683115,0.5180422808265362,0.5218269103669829,0.0,0.0,0.0,1.0,-0.04999995231628418,0.0,0.0,0.0,0.0,0.0,-0.25475507974624634,-0.014755083248019218,0.0,0.0,0.0,0.0
68.167,1.0,1.0499999523162842,-0.04999995231628418,gncbus_cmd,states_vx_gs,-0.25999999046325684,states_theta,-0.2131299376487732,0.38994595173734276,0.22513936620274552,0.5201542392688242,0.5197016320307565,0.5180146636814826,0.521841207618098,0.5180755501732544,0.5217803211263263,0.0,0.0,0.0,1.0,-0.04999995231628418,0.0,0.0,0.0,0.0,0.0,-0.25274980068206787,0.007250204682350159,0.0,0.0,0.0,0.0
68.268,1.0,1.0499999523162842,-0.04999995231628418,gncbus_cmd,states_vx_gs,-0.25999999046325684,states_theta,0.1547558605670929,0.3899409567771157,0.22513833936724467,0.5198275968309767,0.5200149545746653,0.518029009047219,0.5218135423584229,0.51729482048732,0.522547730918322,0.0,0.0,0.0,1.0,-0.04999995231628418,0.0,0.0,0.0,0.0,0.0,-0.250744491815567,0.00925549678504467,0.0,0.0,0.0,0.0
68.366,1.0,1.0499999523162842,-0.04999995231628418,gncbus_cmd,states_vx_gs,-0.2199999988079071,states_theta,0.3888389468193054,0.38993596181688883,0.22513720673158524,0.5198140219652153,0.5200152095464882,0.5174189311243416,0.5224103003873619,0.5171937516843987,0.5226354798273047,0.0,0.0,0.0,1.0,-0.04999995231628418,0.0,0.0,0.0,0.0,0.0,-0.24873919785022736,-0.02873920276761055,0.0,0.0,0.0,0.0
68.467,1.0,1.0499999523162842,-0.04999995231628418,gncbus_cmd,states_vx_gs,-0.1899999976158142,states_theta,0.24516621232032776,0.3899304673606391,0.22513363079052592,0.5200655816857754,0.5197489979425954,0.5172904557780602,0.5225241238503107,0.5174493488951228,0.522365230733248,0.0,0.0,0.0,1.0,-0.04999995231628418,0.0,0.0,0.0,0.0,0.0,-0.2465333789587021,-0.05653338506817818,0.0,0.0,0.0,0.0
68.567,1.0,1.0399999618530273,-0.039999961853027344,gncbus_cmd,states_vx_gs,-0.17999999225139618,states_theta,0.07379968464374542,0.38991185891058155,0.22512232423163125,0.5198829551152646,0.5198820019796195,0.5174437486815682,0.522321208413316,0.5174427161107871,0.5223222409840971,0.0,0.0,0.0,1.0,-0.039999961853027344,0.0,0.0,0.0,0.0,0.0,-0.2646367847919464,-0.08463678508996964,0.0,0.0,0.0,0.0
68.668,1.0,1.0399999618530273,-0.039999961853027344,gncbus_cmd,states_vx_gs,-0.17999999225139618,states_theta,-0.1009359359741211,0.38990672889589,0.22511842916711017,0.519717560952941,0.5200337161027657,0.5177178402958921,0.5220334367598146,0.5175223706124273,0.5222289064432794,0.0,0.0,0.0,1.0,-0.039999961853027344,0.0,0.0,0.0,0.0,0.0,-0.26303255558013916,-0.08303254842758179,0.0,0.0,0.0,0.0
68.767,1.0,1.0399999618530273,-0.039999961853027344,gncbus_cmd,states_vx_gs,-0.19999998807907104,states_theta,-0.2565348148345947,0.38990159888119835,0.22511439639424188,0.5198654161092996,0.5198721809072294,0.5178380938009305,0.5218995032155985,0.5178276380769048,0.5219099589396242,0.0,0.0,0.0,1.0,-0.039999961853027344,0.0,0.0,0.0,0.0,0.0,-0.2614282965660095,-0.06142832338809967,0.0,0.0,0.0,0.0
68.867,1.0,1.0399999618530273,-0.039999961853027344,gncbus_cmd,states_vx_gs,-0.2199999988079071,states_theta,-0.1968141347169876,0.38989646886650686,0.22511150724404524,0.5200083937870276,0.519715523190324,0.5176210713989715,0.52210284557838,0.5180240673774652,0.5216998495998864,0.0,0.0,0.0,1.0,-0.039999961853027344,0.0,0.0,0.0,0.0,0.0,-0.25982406735420227,-0.03982407599687576,0.0,0.0,0.0,0.0
68.969,1.0,1.0399999618530273,-0.039999961853027344,gncbus_cmd,states_vx_gs,-0.22999998927116394,states_theta,0.03277774527668953,0.38990489831985997,0.22511730929858087,0.5199767819937811,0.5197696135258456,0.5176237486832409,0.5221226468363858,0.5176293794227851,0.5221170160968416,0.0,0.0,0.0,1.0,-0.039999961853027344,0.0,0.0,0.0,0.0,0.0,-0.258219838142395,-0.028219854459166527,0.0,0.0,0.0,0.0
69.069,1.0,1.0399999618530273,-0.039999961853027344,gncbus_cmd,states_vx_gs,-0.2199999988079071,states_theta,0.029703207314014435,0.3898999033596331,0.22511464422889688,0.5197611265929869,0.5199719490327013,0.5179177638312008,0.5218153117944874,0.5172799376273626,0.5224531379983256,0.0,0.0,0.0,1.0,-0.039999961853027344,0.0,0.0,0.0,0.0,0.0,-0.25661560893058777,-0.036615610122680664,0.0,0.0,0.0,0.0
69.169,1.0,1.0399999618530273,-0.039999961853027344,gncbus_cmd,states_vx_gs,-0.2199999988079071,states_theta,-0.03161759674549103,0.38989490839940605,0.22511139514651582,0.5197135782864771,0.5200061774452723,0.5179197255779333,0.5218000301538162,0.5173990154694454,0.522320740262304,0.0,0.0,0.0,1.0,-0.039999961853027344,0.0,0.0,0.0,0.0,0.0,-0.2550113797187805,-0.035011377185583115,0.0,0.0,0.0,0.0
69.268,1.0,1.0399999618530273,-0.039999961853027344,gncbus_cmd,states_vx_gs,-0.22999998927116394,states_theta,-0.02634669467806816,0.3898899134391791,0.2251083054176029,0.5197658735675382,0.5199405622702727,0.5177336290651332,0.5219728067726778,0.5176238120532936,0.5220826237845174,0.0,0.0,0.0,1.0,-0.039999961853027344,0.0,0.0,0.0,0.0,0.0,-0.25340715050697327,-0.02340715378522873,0.0,0.0,0.0,0.0
69.369,1.0,1.0399999618530273,-0.039999961853027344,gncbus_cmd,states_vx_gs,-0.22999998927116394,states_theta,-0.0374748520553112,0.3898849184789522,0.2251053700703466,0.519820415041349,0.5198727009025235,0.5175239858324051,0.5221691301114674,0.5178509034972504,0.5218422124466221,0.0,0.0,0.0,1.0,-0.039999961853027344,0.0,0.0,0.0,0.0,0.0,-0.251802921295166,-0.02180291898548603,0.0,0.0,0.0,0.0
69.468,1.0,1.0399999618530273,-0.039999961853027344,gncbus_cmd,states_vx_gs,-0.23999999463558197,states_theta,-0.05760403349995613,0.3899071375433169,0.2251179301367722,0.5199049191044599,0.5198474476777185,0.5176708287164579,0.5220815380657206,0.5178684686921301,0.5218838980900483,0.0,0.0,0.0,1.0,-0.039999961853027344,0.0,0.0,0.0,0.0,0.0,-0.2501986622810364,-0.010198680683970451,0.0,0.0,0.0,0.0
69.569,1.0,1.0399999618530273,-0.039999961853027344,gncbus_cmd,states_vx_gs,-0.23999999463558197,states_theta,-0.05468723177909851,0.3899024125634965,0.22511519564372823,0.5198801763767299,0.5198595904592608,0.5178596730140504,0.5218800938219402,0.51766933274533,0.5220704340906607,0.0,0.0,0.0,1.0,-0.039999961853027344,0.0,0.0,0.0,0.0,0.0,-0.24859444797039032,-0.008594446815550327,0.0,0.0,0.0,0.0
69.669,1.0,1.0399999618530273,-0.039999961853027344,gncbus_cmd,states_vx_gs,-0.23999999463558197,states_theta,-0.005815924145281315,0.3903031686427626,0.2253467834871937,0.5204163178031014,0.5203921319109321,0.5183282590764599,0.5224801906375737,0.5181763121206523,0.5226321375933812,0.0,0.0,0.0,1.0,-0.039999961853027344,0.0,0.0,0.0,0.0,0.0,-0.24699020385742188,-0.006990213878452778,0.0,0.0,0.0,0.0
69.769,1.0,1.0399999618530273,-0.039999961853027344,gncbus_cmd,states_vx_gs,-0.22999998927116394,states_theta,0.1454869657754898,0.3899240886520772,0.2251288239005655,0.5199130192064977,0.5198845505323749,0.517623574979609,0.5221739947592636,0.517508651147049,0.5222889185918236,0.0,0.0,0.0,1.0,-0.039999961853027344,0.0,0.0,0.0,0.0,0.0,-0.24538597464561462,-0.015385985374450684,0.0,0.0,0.0,0.0
69.869,1.0,1.0399999618530273,-0.039999961853027344,gncbus_cmd,states_vx_gs,-0.22999998927116394,states_theta,-0.0009708520956337452,0.38994671268740133,0.22514110811018115,0.5199188275524279,0.5199390729473089,0.5178405409861934,0.5220173595135434,0.5176645060240467,0.5221933944756901,0.0,0.0,0.0,1.0,-0.039999961853027344,0.0,0.0,0.0,0.0,0.0,-0.24378174543380737,-0.013781752437353134,0.0,0.0,0.0,0.0
69.97,1.0,1.0399999618530273,-0.039999961853027344,gncbus_cmd,states_vx_gs,-0.23999999463558197,states_theta,-0.17357237637043,0.38995606012589545,0.22514553023876524,0.5199324258711233,0.5199504011312646,0.5180482987927737,0.5218345282096142,0.5179042398002958,0.5219785872020921,0.0,0.0,0.0,1.0,-0.039999961853027344,0.0,0.0,0.0,0.0,0.0,-0.24217750132083893,-0.0021775132045149803,0.0,0.0,0.0,0.0
70.07,1.0,1.0399999618530273,-0.039999961853027344,gncbus_cmd,states_vx_gs,-0.25,states_theta,-0.03959158807992935,0.38995501016168005,0.22514542452598016,0.5199724033806684,0.519907623717145,0.5177134864279702,0.5221665406698432,0.5180224627970813,0.5218575643007322,0.0,0.0,0.0,1.0,-0.039999961853027344,0.0,0.0,0.0,0.0,0.0,-0.24057327210903168,0.009426726028323174,0.0,0.0,0.0,0.0
70.171,1.0,1.0399999618530273,-0.039999961853027344,gncbus_cmd,states_vx_gs,-0.23999999463558197,states_theta,0.14345918595790863,0.3899779852357939,0.22515970689135348,0.5200059563722499,0.5199353375898672,0.5175795845021807,0.5223617094599364,0.5177910342529872,0.5221502597091299,0.0,0.0,0.0,1.0,-0.039999961853027344,0.0,0.0,0.0,0.0,0.0,-0.23896904289722443,0.0010309539502486587,0.0,0.0,0.0,0.0
70.269,1.0,1.0399999618530273,-0.039999961853027344,gncbus_cmd,states_vx_gs,-0.22999998927116394,states_theta,0.07409451901912689,0.3899742052520076,0.22515726943035333,0.5199328654846299,0.5199983485207237,0.5177703404905051,0.5221608735148485,0.5176876050233571,0.5222436089819965,0.0,0.0,0.0,1.0,-0.039999961853027344,0.0,0.0,0.0,0.0,0.0,-0.23736481368541718,-0.0073648178949952126,0.0,0.0,0.0,0.0
70.37,1.0,1.0399999618530273,-0.039999961853027344,gncbus_cmd,states_vx_gs,-0.23999999463558197,states_theta,-0.11334817111492157,0.38999932530651427,0.22517070585677842,0.519953026731781,0.5200451740855904,0.5180526282591245,0.5219455725582469,0.5179259607209641,0.5220722400964073,0.0,0.0,0.0,1.0,-0.039999961853027344,0.0,0.0,0.0,0.0,0.0,-0.23576056957244873,0.004239420872181654,0.0,0.0,0.0,0.0
70.47,1.0,1.0399999618530273,-0.039999961853027344,gncbus_cmd,states_vx_gs,-0.23999999463558197,states_theta,-0.05120507627725601,0.38999581530313454,0.22516895832169928,0.5200886160294939,0.519900224778865,0.5178403591245124,0.5221484816838464,0.5180088788419468,0.521979961966412,0.0,0.0,0.0,1.0,-0.039999961853027344,0.0,0.0,0.0,0.0,0.0,-0.23415634036064148,0.005843654274940491,0.0,0.0,0.0,0.0
70.57,1.0,1.0399999618530273,-0.039999961853027344,gncbus_cmd,states_vx_gs,-0.23999999463558197,states_theta,0.0873732641339302,0.38999230529975487,0.22516763021771843,0.5199850943619015,0.5199943864374448,0.5175705887445329,0.5224088920548134,0.5179905194396827,0.5219889613596637,0.0,0.0,0.0,1.0,-0.039999961853027344,0.0,0.0,0.0,0.0,0.0,-0.23255211114883423,0.007447888143360615,0.0,0.0,0.0,0.0
70.67,1.0,1.0399999618530273,-0.039999961853027344,gncbus_cmd,states_vx_gs,-0.2199999988079071,states_theta,0.22106564044952393,0.390002382338542,0.2251745079055952,0.5197118760499135,0.5202944768528652,0.5178880932803481,0.5221182596224306,0.5173199005221535,0.5226864523806253,0.0,0.0,0.0,1.0,-0.039999961853027344,0.0,0.0,0.0,0.0,0.0,-0.23094786703586578,-0.010947874747216702,0.0,0.0,0.0,0.0
70.771,1.0,1.0399999618530273,-0.039999961853027344,gncbus_cmd,states_vx_gs,-0.20999999344348907,states_theta,0.04519560933113098,0.3900261532431861,0.22518732285966012,0.5199663488760925,0.5201033931057372,0.5179943333370629,0.5220754086447668,0.5175950487221561,0.5224746932596736,0.0,0.0,0.0,1.0,-0.039999961853027344,0.0,0.0,0.0,0.0,0.0,-0.22934363782405853,-0.019343646243214607,0.0,0.0,0.0,0.0
70.87,1.0,1.0399999618530273,-0.039999961853027344,gncbus_cmd,states_vx_gs,-0.2199999988079071,states_theta,-0.11964377015829086,0.390023048275027,0.22518454384270611,0.520239494217224,0.5198219678495145,0.5180125466397,0.5220489154270386,0.5179746235577182,0.5220868385090204,0.0,0.0,0.0,1.0,-0.039999961853027344,0.0,0.0,0.0,0.0,0.0,-0.22773940861225128,-0.007739407476037741,0.0,0.0,0.0,0.0
70.971,1.0,1.0399999618530273,-0.039999961853027344,gncbus_cmd,states_vx_gs,-0.22999998927116394,states_theta,-0.13353510200977325,0.3900199433068678,0.22518252173280318,0.5200651778949562,0.5199880042566912,0.5179896030120821,0.5220635791395654,0.5180823696361259,0.5219708125155216,0.0,0.0,0.0,1.0,-0.039999961853027344,0.0,0.0,0.0,0.0,0.0,-0.22613517940044403,0.0038648166228085756,0.0,0.0,0.0,0.0
71.076,1.0,1.0399999618530273,-0.039999961853027344,gncbus_cmd,states_vx_gs,-0.23999999463558197,states_theta,-0.02113489992916584,0.39004410635938164,0.22519700955161662,0.519805177631566,0.5203124393267851,0.5183187025210999,0.5217989144372511,0.5176490493570586,0.5224685676012925,0.0,0.0,0.0,1.0,-0.039999961853027344,0.0,0.0,0.0,0.0,0.0,-0.22453093528747559,0.015469055622816086,0.0,0.0,0.0,0.0
71.171,1.0,1.0399999618530273,-0.039999961853027344,gncbus_cmd,states_vx_gs,-0.22999998927116394,states_theta,0.14262253046035767,0.39004127137162914,0.22519614878976196,0.5200376099860456,0.5200724470049655,0.5177221514736469,0.5223879055173642,0.5178517121852565,0.5222583448057546,0.0,0.0,0.0,1.0,-0.039999961853027344,0.0,0.0,0.0,0.0,0.0,-0.22292670607566833,0.007073283661156893,0.0,0.0,0.0,0.0
71.272,1.0,1.0399999618530273,-0.039999961853027344,gncbus_cmd,states_vx_gs,-0.2199999988079071,states_theta,0.08561832457780838,0.3900384363838767,0.2251945384028475,0.5203108452812655,0.5197916517424057,0.5174239483439426,0.5226785486797286,0.5182142400218887,0.5218882570017825,0.0,0.0,0.0,1.0,-0.039999961853027344,0.0,0.0,0.0,0.0,0.0,-0.22132247686386108,-0.0013224731665104628,0.0,0.0,0.0,0.0
71.371,1.0,1.0399999618530273,-0.039999961853027344,gncbus_cmd,states_vx_gs,-0.20999999344348907,states_theta,0.10468225926160812,0.39006265343247193,0.22520853167790353,0.5201024999981393,0.5200645758217858,0.5177372407473773,0.5224298350725478,0.5178788410088957,0.5222882348110294,0.0,0.0,0.0,1.0,-0.039999961853027344,0.0,0.0,0.0,0.0,0.0,-0.21971823275089264,-0.009718244895339012,0.0,0.0,0.0,0.0
71.472,1.0,1.0399999618530273,-0.039999961853027344,gncbus_cmd,states_vx_gs,-0.1899999976158142,states_theta,0.13807253539562225,0.39006008842512613,0.22520765323410155,0.5198173551564065,0.5203428806439299,0.5180552513217991,0.5221049844785373,0.5173815264831467,0.5227787093171896,0.0,0.0,0.0,1.0,-0.039999961853027344,0.0,0.0,0.0,0.0,0.0,-0.2181140035390854,-0.02811400778591633,0.0,0.0,0.0,0.0
71.571,1.0,1.0299999713897705,-0.029999971389770508,gncbus_cmd,states_vx_gs,-0.1899999976158142,states_theta,-0.0031913286074995995,0.39005752341778027,0.2252055903271856,0.5199688575217959,0.5201845382589515,0.5180354951149597,0.5221179006657877,0.5175817522531183,0.5225716435276291,0.0,0.0,0.0,1.0,-0.029999971389770508,0.0,0.0,0.0,0.0,0.0,-0.23681898415088654,-0.046818990260362625,0.0,0.0,0.0,0.0
71.673,1.0,1.0299999713897705,-0.029999971389770508,gncbus_cmd,states_vx_gs,-0.1899999976158142,states_theta,-0.04028838127851486,0.39005495841043447,0.22520387364651565,0.5202568980252685,0.5198896577358901,0.5177430936453602,0.5224034621157985,0.5179485255261114,0.5221980302350473,0.0,0.0,0.0,1.0,-0.029999971389770508,0.0,0.0,0.0,0.0,0.0,-0.2356158196926117,-0.04561581462621689,0.0,0.0,0.0,0.0
71.772,1.0,1.0299999713897705,-0.029999971389770508,gncbus_cmd,states_vx_gs,-0.20999999344348907,states_theta,-0.20945237576961517,0.3900523934030887,0.22520127849173208,0.5201697914567694,0.5199699242848005,0.5180064698218165,0.5221332459197534,0.5181455447526604,0.5219941709889095,0.0,0.0,0.0,1.0,-0.029999971389770508,0.0,0.0,0.0,0.0,0.0,-0.23441264033317566,-0.024412645027041435,0.0,0.0,0.0,0.0
71.872,1.0,1.0299999713897705,-0.029999971389770508,gncbus_cmd,states_vx_gs,-0.22999998927116394,states_theta,-0.11409075558185577,0.390049828395743,0.22520011170929644,0.5198488686145792,0.520284007107402,0.5183559585991537,0.5217769171228275,0.5177077649774537,0.5224251107445275,0.0,0.0,0.0,1.0,-0.029999971389770508,0.0,0.0,0.0,0.0,0.0,-0.23320946097373962,-0.00320947403088212,0.0,0.0,0.0,0.0
71.972,1.0,1.0299999713897705,-0.029999971389770508,gncbus_cmd,states_vx_gs,-0.2199999988079071,states_theta,0.08576899766921997,0.3900472633883972,0.22519960297901195,0.5200550314643235,0.520071004238069,0.517722371201072,0.5224036645013205,0.5178700439058203,0.5222559917965722,0.0,0.0,0.0,1.0,-0.029999971389770508,0.0,0.0,0.0,0.0,0.0,-0.2320062816143036,-0.012006289325654507,0.0,0.0,0.0,0.0
72.073,1.0,1.0299999713897705,-0.029999971389770508,gncbus_cmd,states_vx_gs,-0.2199999988079071,states_theta,0.029706349596381187,0.3900446983810513,0.22519800528697173,0.5202962582639136,0.51982293741889,0.5174715581110123,0.5226476375717912,0.5182365775722448,0.5218826181105587,0.0,0.0,0.0,1.0,-0.029999971389770508,0.0,0.0,0.0,0.0,0.0,-0.23080311715602875,-0.01080311369150877,0.0,0.0,0.0,0.0
72.175,1.0,1.0299999713897705,-0.029999971389770508,gncbus_cmd,states_vx_gs,-0.20999999344348907,states_theta,0.07600975781679153,0.39004213337370547,0.2251966942299958,0.5200441126161438,0.5200682430470708,0.5177622141267796,0.522350141536435,0.5177932421698713,0.5223191134933433,0.0,0.0,0.0,1.0,-0.029999971389770508,0.0,0.0,0.0,0.0,0.0,-0.2295999377965927,-0.019599944353103638,0.0,0.0,0.0,0.0
72.274,1.0,1.0299999713897705,-0.029999971389770508,gncbus_cmd,states_vx_gs,-0.19999998807907104,states_theta,0.07493416965007782,0.39003956836635967,0.22519552843397833,0.5197715643356765,0.5203339513079493,0.5181175927084228,0.521987922935203,0.5173831165936064,0.5227223990500195,0.0,0.0,0.0,1.0,-0.029999971389770508,0.0,0.0,0.0,0.0,0.0,-0.22839675843715668,-0.02839677408337593,0.0,0.0,0.0,0.0
72.373,1.0,1.0299999713897705,-0.029999971389770508,gncbus_cmd,states_vx_gs,-0.19999998807907104,states_theta,-0.03165796771645546,0.3900370033590139,0.22519332957931984,0.5199723378582088,0.5201263377658283,0.5180439654251514,0.5220547101988857,0.5176765795777083,0.5224220960463288,0.0,0.0,0.0,1.0,-0.029999971389770508,0.0,0.0,0.0,0.0,0.0,-0.22719359397888184,-0.027193600311875343,0.0,0.0,0.0,0.0
72.473,1.0,1.0299999713897705,-0.029999971389770508,gncbus_cmd,states_vx_gs,-0.19999998807907104,states_theta,0.0429910384118557,0.3900344383516682,0.22519235535969875,0.5203218239108144,0.519770011693634,0.5174338385742544,0.522657997030194,0.5181299061495545,0.521961929454894,0.0,0.0,0.0,1.0,-0.029999971389770508,0.0,0.0,0.0,0.0,0.0,-0.2259904146194458,-0.025990424677729607,0.0,0.0,0.0,0.0
72.572,1.0,1.0299999713897705,-0.029999971389770508,gncbus_cmd,states_vx_gs,-0.19999998807907104,states_theta,-0.008053837344050407,0.3900318733443224,0.22519044518551748,0.520133590874337,0.5199514047105227,0.5177023949471364,0.5223826006377232,0.5179658660272737,0.522119129557586,0.0,0.0,0.0,1.0,-0.029999971389770508,0.0,0.0,0.0,0.0,0.0,-0.22478723526000977,-0.02478724904358387,0.0,0.0,0.0,0.0
72.673,1.0,1.0299999713897705,-0.029999971389770508,gncbus_cmd,states_vx_gs,-0.19999998807907104,states_theta,0.035091351717710495,0.3900293083369765,0.22518932702723102,0.5197845112879264,0.5202936442773444,0.5181459848661301,0.5219321706991407,0.5174310886611708,0.5226470669040999,0.0,0.0,0.0,1.0,-0.029999971389770508,0.0,0.0,0.0,0.0,0.0,-0.22358405590057373,-0.023584073409438133,0.0,0.0,0.0,0.0
72.774,1.0,1.0299999713897705,-0.029999971389770508,gncbus_cmd,states_vx_gs,-0.19999998807907104,states_theta,-0.025948258116841316,0.3899996372972017,0.22517170925071703,0.519944749366196,0.520054283426342,0.5179280457746284,0.5220709870179095,0.5177021682884063,0.5222968645041316,0.0,0.0,0.0,1.0,-0.029999971389770508,0.0,0.0,0.0,0.0,0.0,-0.2223808914422989,-0.022380899637937546,0.0,0.0,0.0,0.0
72.873,1.0,1.0299999713897705,-0.029999971389770508,gncbus_cmd,states_vx_gs,-0.19999998807907104,states_theta,0.0010593985207378864,0.3899968023094492,0.22517032701395515,0.520242281981493,0.519749190843705,0.5174669943003932,0.5225244785248048,0.5181049869745352,0.5218864858506628,0.0,0.0,0.0,1.0,-0.029999971389770508,0.0,0.0,0.0,0.0,0.0,-0.22117771208286285,-0.02117772400379181,0.0,0.0,0.0,0.0
72.974,1.0,1.0299999713897705,-0.029999971389770508,gncbus_cmd,states_vx_gs,-0.20999999344348907,states_theta,-0.08387242257595062,0.3899939673216969,0.22516798844994512,0.5200295894241778,0.5199543234336805,0.5177987547448745,0.5221851581129838,0.5180033696392133,0.521980543218645,0.0,0.0,0.0,1.0,-0.029999971389770508,0.0,0.0,0.0,0.0,0.0,-0.21997453272342682,-0.009974543005228043,0.0,0.0,0.0,0.0
73.074,1.0,1.0299999713897705,-0.029999971389770508,gncbus_cmd,states_vx_gs,-0.20999999344348907,states_theta,0.022805774584412575,0.3899911323339444,0.22516710385925762,0.5197089336597924,0.520267419230726,0.5182222289633354,0.521754123927183,0.5173567581449505,0.5226195947455679,0.0,0.0,0.0,1.0,-0.029999971389770508,0.0,0.0,0.0,0.0,0.0,-0.21877136826515198,-0.00877136830240488,0.0,0.0,0.0,0.0
73.174,1.0,1.0199999809265137,-0.019999980926513672,gncbus_cmd,states_vx_gs,-0.19999998807907104,states_theta,0.05026010796427727,0.38998829734619184,0.22516578705170748,0.5199197588157244,0.5200490341074538,0.5178191667069154,0.5221496262162628,0.517533924282314,0.5224348686408642,0.0,0.0,0.0,1.0,-0.019999980926513672,0.0,0.0,0.0,0.0,0.0,-0.23767687380313873,-0.03767688572406769,0.0,0.0,0.0,0.0
73.273,1.0,1.0199999809265137,-0.019999980926513672,gncbus_cmd,states_vx_gs,-0.1899999976158142,states_theta,0.08391289412975311,0.3899583293279697,0.22514894138662028,0.5202037406477238,0.5196851375601954,0.5172409205003828,0.5226479577075364,0.517909208506644,0.5219796697012752,0.0,0.0,0.0,1.0,-0.019999980926513672,0.0,0.0,0.0,0.0,0.0,-0.2368747591972351,-0.0468747615814209,0.0,0.0,0.0,0.0
73.375,1.0,1.0199999809265137,-0.019999980926513672,gncbus_cmd,states_vx_gs,-0.19999998807907104,states_theta,-0.10683896392583847,0.3899552243598106,0.2251458918351576,0.519974048620969,0.5199065496718593,0.5176051079409428,0.5222754903518855,0.5179908949672235,0.5218897033256048,0.0,0.0,0.0,1.0,-0.019999980926513672,0.0,0.0,0.0,0.0,0.0,-0.23607264459133148,-0.03607265278697014,0.0,0.0,0.0,0.0
73.475,1.0,1.0199999809265137,-0.019999980926513672,gncbus_cmd,states_vx_gs,-0.20999999344348907,states_theta,-0.07800458371639252,0.38995211939165136,0.2251441630574634,0.5196898009561524,0.5201825174215846,0.5180405337139382,0.5218317846637988,0.5175454850144232,0.5223268333633138,0.0,0.0,0.0,1.0,-0.019999980926513672,0.0,0.0,0.0,0.0,0.0,-0.23527052998542786,-0.025270530954003334,0.0,0.0,0.0,0.0
73.574,1.0,1.0199999809265137,-0.019999980926513672,gncbus_cmd,states_vx_gs,-0.2199999988079071,states_theta,-0.1318109631538391,0.38994901442349217,0.22514187083587078,0.5199089785663045,0.5199550598963414,0.5178744095911396,0.5219896288715062,0.5178740447102215,0.5219899937524244,0.0,0.0,0.0,1.0,-0.019999980926513672,0.0,0.0,0.0,0.0,0.0,-0.23446840047836304,-0.014468408189713955,0.0,0.0,0.0,0.0
73.674,1.0,1.0199999809265137,-0.019999980926513672,gncbus_cmd,states_vx_gs,-0.22999998927116394,states_theta,-0.037603575736284256,0.38994590945533303,0.22514061457933893,0.5201675325895305,0.5196882259580242,0.5173902314553582,0.5224655270921965,0.5182136716165839,0.5216420869309708,0.0,0.0,0.0,1.0,-0.019999980926513672,0.0,0.0,0.0,0.0,0.0,-0.2336662858724594,-0.0036663012579083443,0.0,0.0,0.0,0.0
73.774,1.0,1.0199999809265137,-0.019999980926513672,gncbus_cmd,states_vx_gs,-0.2199999988079071,states_theta,0.07486140727996826,0.3899156044832365,0.22512359780989816,0.5198563491283273,0.5199185961603033,0.5176766856239564,0.5220982596646743,0.5175614339089959,0.5222135113796348,0.0,0.0,0.0,1.0,-0.019999980926513672,0.0,0.0,0.0,0.0,0.0,-0.2328641712665558,-0.012864175252616405,0.0,0.0,0.0,0.0
73.874,1.0,1.0199999809265137,-0.019999980926513672,gncbus_cmd,states_vx_gs,-0.2199999988079071,states_theta,0.0008601951412856579,0.3899122294057989,0.22512139377587387,0.5196834018082583,0.520082543273872,0.5180174494507362,0.5217484956313941,0.5173692335152623,0.5223967115668681,0.0,0.0,0.0,1.0,-0.019999980926513672,0.0,0.0,0.0,0.0,0.0,-0.23206205666065216,-0.012062057852745056,0.0,0.0,0.0,0.0
73.975,1.0,1.0199999809265137,-0.019999980926513672,gncbus_cmd,states_vx_gs,-0.22999998927116394,states_theta,-0.0595257431268692,0.3899088543283613,0.22511886984795323,0.5198738434809581,0.519883101394672,0.51783853557099,0.5219184093046401,0.5177241037544345,0.5220328411211956,0.0,0.0,0.0,1.0,-0.019999980926513672,0.0,0.0,0.0,0.0,0.0,-0.23125994205474854,-0.0012599510373547673,0.0,0.0,0.0,0.0
74.074,1.0,1.0199999809265137,-0.019999980926513672,gncbus_cmd,states_vx_gs,-0.22999998927116394,states_theta,-0.023112576454877853,0.38990547925092367,0.22511725088702608,0.5201121962636839,0.5196357484054459,0.5173934185818928,0.522354526087237,0.5180889353661154,0.5216590093030143,0.0,0.0,0.0,1.0,-0.019999980926513672,0.0,0.0,0.0,0.0,0.0,-0.2304578274488449,-0.0004578343068715185,0.0,0.0,0.0,0.0
74.174,1.0,1.0199999809265137,-0.019999980926513672,gncbus_cmd,states_vx_gs,-0.22999998927116394,states_theta,0.009823063388466835,0.3898884901461308,0.22510744710459551,0.5199636905849978,0.5197389498046843,0.5175883449077162,0.5221142954819659,0.5177846919508103,0.5219179484388717,0.0,0.0,0.0,1.0,-0.019999980926513672,0.0,0.0,0.0,0.0,0.0,-0.22965571284294128,0.0003442824527155608,0.0,0.0,0.0,0.0
74.275,1.0,1.0199999809265137,-0.019999980926513672,gncbus_cmd,states_vx_gs,-0.22999998927116394,states_theta,0.013112460263073444,0.3898849801427511,0.22510552528263858,0.5197104763696322,0.5199828040110374,0.5179901896430101,0.5217030907376594,0.5173711374160896,0.5223221429645799,0.0,0.0,0.0,1.0,-0.019999980926513672,0.0,0.0,0.0,0.0,0.0,-0.22885358333587646,0.0011463991831988096,0.0,0.0,0.0,0.0
74.379,1.0,1.0199999809265137,-0.019999980926513672,gncbus_cmd,states_vx_gs,-0.22999998927116394,states_theta,-0.05191214382648468,0.38988147013937136,0.22510309670652962,0.5196986394501616,0.5199852809214954,0.5179201845432316,0.5217637358284254,0.5175714651649618,0.5221124552066952,0.0,0.0,0.0,1.0,-0.019999980926513672,0.0,0.0,0.0,0.0,0.0,-0.22805146872997284,0.0019485160009935498,0.0,0.0,0.0,0.0
74.476,1.0,1.0199999809265137,-0.019999980926513672,gncbus_cmd,states_vx_gs,-0.23999999463558197,states_theta,-0.09417092055082321,0.3898914932077817,0.22510851204272428,0.5197065793990784,0.5200040691550062,0.5178189735528005,0.5218916750012841,0.5178475163542238,0.5218631321998608,0.0,0.0,0.0,1.0,-0.019999980926513672,0.0,0.0,0.0,0.0,0.0,-0.2272493541240692,0.012750637717545033,0.0,0.0,0.0,0.0
74.576,1.0,1.0199999809265137,-0.019999980926513672,gncbus_cmd,states_vx_gs,-0.25,states_theta,-0.03197970241308212,0.3898881181303441,0.22510674873515285,0.5197934220084722,0.519908226339112,0.5176027912546863,0.5220988570928979,0.517986203085532,0.5217154452620523,0.0,0.0,0.0,1.0,-0.019999980926513672,0.0,0.0,0.0,0.0,0.0,-0.2264472395181656,0.02355276048183441,0.0,0.0,0.0,0.0
74.677,1.0,1.0199999809265137,-0.019999980926513672,gncbus_cmd,states_vx_gs,-0.23999999463558197,states_theta,0.005075959488749504,0.3898847430529065,0.22510507938052335,0.519836183387711,0.519856464753373,0.5175694425362359,0.522123205604848,0.5178836034967095,0.5218090446443745,0.0,0.0,0.0,1.0,-0.019999980926513672,0.0,0.0,0.0,0.0,0.0,-0.22564512491226196,0.014354871585965157,0.0,0.0,0.0,0.0
74.776,1.0,1.0199999809265137,-0.019999980926513672,gncbus_cmd,states_vx_gs,-0.25,states_theta,-0.0518512949347496,0.38990859499033403,0.22511842975557464,0.5197771408887509,0.5199791124188066,0.517965036120842,0.5217912171867155,0.5177311242856825,0.522025129021875,0.0,0.0,0.0,1.0,-0.019999980926513672,0.0,0.0,0.0,0.0,0.0,-0.22484301030635834,0.02515699341893196,0.0,0.0,0.0,0.0
74.877,1.0,1.0199999809265137,-0.019999980926513672,gncbus_cmd,states_vx_gs,-0.25,states_theta,-0.0299583338201046,0.389905490022175,0.22511677014048903,0.5197772665953843,0.5199707067970823,0.5180543328463056,0.521693640546161,0.5175939063346893,0.5221540670577773,0.0,0.0,0.0,1.0,-0.019999980926513672,0.0,0.0,0.0,0.0,0.0,-0.2240408957004547,0.025959109887480736,0.0,0.0,0.0,0.0
74.976,1.0,1.0199999809265137,-0.019999980926513672,gncbus_cmd,states_vx_gs,-0.25,states_theta,0.06941013038158417,0.3899294640884041,0.2251310646622585,0.5198968956541643,0.51991500858158,0.5175446031987497,0.5222673010369946,0.51796694014852,0.5218449640872244,0.0,0.0,0.0,1.0,-0.019999980926513672,0.0,0.0,0.0,0.0,0.0,-0.2232387661933899,0.02676122635602951,0.0,0.0,0.0,0.0
75.077,1.0,1.0199999809265137,-0.019999980926513672,gncbus_cmd,states_vx_gs,-0.23999999463558197,states_theta,0.0353085957467556,0.39030462909224733,0.22534762482557869,0.5204188698979275,0.5203934743480654,0.5180271596555156,0.5227851845904773,0.5185061171809461,0.5223062270650468,0.0,0.0,0.0,1.0,-0.019999980926513672,0.0,0.0,0.0,0.0,0.0,-0.22243665158748627,0.017563339322805405,0.0,0.0,0.0,0.0
75.176,1.0,1.0199999809265137,-0.019999980926513672,gncbus_cmd,states_vx_gs,-0.23999999463558197,states_theta,0.06134989857673645,0.38995462314725954,0.22514561963496615,0.5199399280648627,0.5199390669944961,0.5176646558851055,0.5222143391742533,0.5178865874009648,0.5219924076583939,0.0,0.0,0.0,1.0,-0.019999980926513672,0.0,0.0,0.0,0.0,0.0,-0.22163453698158264,0.01836545579135418,0.0,0.0,0.0,0.0
75.276,1.0,1.0199999809265137,-0.019999980926513672,gncbus_cmd,states_vx_gs,-0.23999999463558197,states_theta,-0.0026772920973598957,0.38995205813991374,0.22514379842076349,0.5199239452731453,0.5199482097666247,0.5178692751725227,0.5220028798672474,0.5178136920435583,0.5220584629962117,0.0,0.0,0.0,1.0,-0.019999980926513672,0.0,0.0,0.0,0.0,0.0,-0.22083242237567902,0.019167572259902954,0.0,0.0,0.0,0.0
75.377,1.0,1.0199999809265137,-0.019999980926513672,gncbus_cmd,states_vx_gs,-0.25,states_theta,-0.2040289044380188,0.3903410126858623,0.22536730491273696,0.520458343231249,0.5204510239310506,0.5185979272267457,0.5223114399355538,0.5186019313571611,0.5223074358051384,0.0,0.0,0.0,1.0,-0.019999980926513672,0.0,0.0,0.0,0.0,0.0,-0.2200303077697754,0.02996969409286976,0.0,0.0,0.0,0.0
75.477,1.0,1.0199999809265137,-0.019999980926513672,gncbus_cmd,states_vx_gs,-0.25999999046325684,states_theta,-0.02096719667315483,0.38999043156473406,0.225165583435138,0.5200227923239168,0.5199516918487074,0.5179832487781071,0.5219912353945171,0.5179639644610419,0.5220105197115823,0.0,0.0,0.0,1.0,-0.019999980926513672,0.0,0.0,0.0,0.0,0.0,-0.21914798021316528,0.04085201397538185,0.0,0.0,0.0,0.0
75.576,1.0,1.0199999809265137,-0.019999980926513672,gncbus_cmd,states_vx_gs,-0.23999999463558197,states_theta,0.34495607018470764,0.3899882715924342,0.22516647919493293,0.5199767870512173,0.5199919371952739,0.517574891052603,0.5223938331938882,0.5175013872124332,0.522467337034058,0.0,0.0,0.0,1.0,-0.019999980926513672,0.0,0.0,0.0,0.0,0.0,-0.21834586560726166,0.02165413461625576,0.0,0.0,0.0,0.0
75.677,1.0,1.0199999809265137,-0.019999980926513672,gncbus_cmd,states_vx_gs,-0.2199999988079071,states_theta,0.1270790994167328,0.38998611162013436,0.22516438839791308,0.5197531607274872,0.5202098035928711,0.5178919423942335,0.5220710219261248,0.5175253548848958,0.5224376094354625,0.0,0.0,0.0,1.0,-0.019999980926513672,0.0,0.0,0.0,0.0,0.0,-0.21754375100135803,0.0024562550242990255,0.0,0.0,0.0,0.0
75.777,1.0,1.0199999809265137,-0.019999980926513672,gncbus_cmd,states_vx_gs,-0.2199999988079071,states_theta,-0.11796090006828308,0.3900111926704668,0.2251775816188196,0.5200413828225409,0.5199884642987039,0.5180452997605559,0.5219845473606889,0.517952790569188,0.5220770565520568,0.0,0.0,0.0,1.0,-0.019999980926513672,0.0,0.0,0.0,0.0,0.0,-0.2167416214942932,0.0032583719585090876,0.0,0.0,0.0,0.0
75.877,1.0,1.0199999809265137,-0.019999980926513672,gncbus_cmd,states_vx_gs,-0.23999999463558197,states_theta,-0.14506541192531586,0.39000930267857364,0.22517617899937636,0.520209014843645,0.519815792299218,0.5178753390942153,0.5221494680486477,0.5182902672929729,0.5217345398498902,0.0,0.0,0.0,1.0,-0.019999980926513672,0.0,0.0,0.0,0.0,0.0,-0.2159395068883896,0.024060484021902084,0.0,0.0,0.0,0.0
75.978,1.0,1.0199999809265137,-0.019999980926513672,gncbus_cmd,states_vx_gs,-0.22999998927116394,states_theta,0.14381742477416992,0.3900345727151908,0.2251922287310423,0.5199546524335276,0.5201375414736479,0.5179064871757045,0.5221857067314709,0.5176762839189463,0.5224159099882292,0.0,0.0,0.0,1.0,-0.019999980926513672,0.0,0.0,0.0,0.0,0.0,-0.21513739228248596,0.014862596057355404,0.0,0.0,0.0,0.0
76.078,1.0,1.0199999809265137,-0.019999980926513672,gncbus_cmd,states_vx_gs,-0.2199999988079071,states_theta,0.02897482179105282,0.3900465121892812,0.22519876581217338,0.5198765056182586,0.5202475268864912,0.5182097716621881,0.5219142608425618,0.5175930675443092,0.5225309649604406,0.0,0.0,0.0,1.0,-0.019999980926513672,0.0,0.0,0.0,0.0,0.0,-0.21433527767658234,0.005664722062647343,0.0,0.0,0.0,0.0
76.178,1.0,1.0199999809265137,-0.019999980926513672,gncbus_cmd,states_vx_gs,-0.2199999988079071,states_theta,0.08564158529043198,0.39004502723243384,0.22519809043196953,0.520180192766808,0.5199398798530156,0.517695887401423,0.5224241852184006,0.5179899942363322,0.5221300783834915,0.0,0.0,0.0,1.0,-0.019999980926513672,0.0,0.0,0.0,0.0,0.0,-0.2135331630706787,0.006466838996857405,0.0,0.0,0.0,0.0
76.278,1.0,1.0199999809265137,-0.019999980926513672,gncbus_cmd,states_vx_gs,-0.20999999344348907,states_theta,-0.013281071558594704,0.39004354227558663,0.22519696935840058,0.520268730129423,0.5198473826054747,0.5175928558456301,0.5225232568892676,0.5182436856031319,0.5218724271317657,0.0,0.0,0.0,1.0,-0.019999980926513672,0.0,0.0,0.0,0.0,0.0,-0.21273104846477509,-0.0027310496661812067,0.0,0.0,0.0,0.0
76.378,1.0,1.0199999809265137,-0.019999980926513672,gncbus_cmd,states_vx_gs,-0.20999999344348907,states_theta,0.035009872168302536,0.3900691633599344,0.2252118741474214,0.5199892856406967,0.5201951499857951,0.5180365249243061,0.5221479107021857,0.51777267318886,0.5224117624376318,0.0,0.0,0.0,1.0,-0.019999980926513672,0.0,0.0,0.0,0.0,0.0,-0.21192891895771027,-0.0019289329648017883,0.0,0.0,0.0,0.0
76.478,1.0,1.0199999809265137,-0.019999980926513672,gncbus_cmd,states_vx_gs,-0.20999999344348907,states_theta,0.013138128444552422,0.39006794838358116,0.2252112762357331,0.5198181207318419,0.5203630749577078,0.5183605791473394,0.5218206165422103,0.5174951996983148,0.5226859959912349,0.0,0.0,0.0,1.0,-0.019999980926513672,0.0,0.0,0.0,0.0,0.0,-0.21112680435180664,-0.0011268161470070481,0.0,0.0,0.0,0.0
76.578,1.0,1.0199999809265137,-0.019999980926513672,gncbus_cmd,states_vx_gs,-0.19999998807907104,states_theta,0.0842827558517456,0.39006673340722786,0.2252108144775269,0.5200925336870916,0.520085422065516,0.5178167196552391,0.5223612360973685,0.5178368723851411,0.5223410833674665,0.0,0.0,0.0,1.0,-0.019999980926513672,0.0,0.0,0.0,0.0,0.0,-0.21032468974590302,-0.010324704460799694,0.0,0.0,0.0,0.0
76.677,1.0,1.0199999809265137,-0.019999980926513672,gncbus_cmd,states_vx_gs,-0.19999998807907104,states_theta,-0.005563576705753803,0.39006551843087456,0.22520978957868928,0.5203126140659156,0.51986210174975,0.5175956362089622,0.5225790796067034,0.5182453537585225,0.521929362057143,0.0,0.0,0.0,1.0,-0.019999980926513672,0.0,0.0,0.0,0.0,0.0,-0.2095225751399994,-0.00952258799225092,0.0,0.0,0.0,0.0
76.779,1.0,1.0199999809265137,-0.019999980926513672,gncbus_cmd,states_vx_gs,-0.19999998807907104,states_theta,-0.02408289536833763,0.39009132849282835,0.2252244482915893,0.5200649498509998,0.5201785927965424,0.5180253620624657,0.5222181805850765,0.5179268866344255,0.5223166560131167,0.0,0.0,0.0,1.0,-0.019999980926513672,0.0,0.0,0.0,0.0,0.0,-0.20872046053409576,-0.008720471523702145,0.0,0.0,0.0,0.0
76.876,1.0,1.0199999809265137,-0.019999980926513672,gncbus_cmd,states_vx_gs,-0.20999999344348907,states_theta,-0.037228889763355255,0.3900903834968817,0.2252238250736114,0.5198968365583806,0.5203441860999706,0.5183243370162532,0.5219166856420979,0.5177122917384701,0.5225287309198811,0.0,0.0,0.0,1.0,-0.019999980926513672,0.0,0.0,0.0,0.0,0.0,-0.20791834592819214,0.002081650774925947,0.0,0.0,0.0,0.0
76.978,1.0,1.0199999809265137,-0.019999980926513672,gncbus_cmd,states_vx_gs,-0.20999999344348907,states_theta,0.02686789631843567,0.39008943850093514,0.22522348007861573,0.5201740311152663,0.520064471553894,0.5178000600352602,0.5224384426339,0.5181054094465106,0.5221330932226497,0.0,0.0,0.0,1.0,-0.019999980926513672,0.0,0.0,0.0,0.0,0.0,-0.2071162313222885,0.002883767709136009,0.0,0.0,0.0,0.0
77.078,1.0,1.0199999809265137,-0.019999980926513672,gncbus_cmd,states_vx_gs,-0.20999999344348907,states_theta,-0.01687776669859886,0.39008849350498853,0.22522284978584617,0.52032799969831,0.5199079829816594,0.5176370717066472,0.5225989109733222,0.5183614292891634,0.521874553390806,0.0,0.0,0.0,1.0,-0.019999980926513672,0.0,0.0,0.0,0.0,0.0,-0.2063141018152237,0.0036858844105154276,0.0,0.0,0.0,0.0
77.178,1.0,1.0199999809265137,-0.019999980926513672,gncbus_cmd,states_vx_gs,-0.19999998807907104,states_theta,0.047408342361450195,0.39008754850904187,0.22522258624117283,0.5200715621742549,0.5201619005165234,0.5179889040799973,0.522244558610781,0.5178225965485673,0.522410866142211,0.0,0.0,0.0,1.0,-0.019999980926513672,0.0,0.0,0.0,0.0,0.0,-0.20551198720932007,-0.005512004252523184,0.0,0.0,0.0,0.0
77.279,1.0,1.0199999809265137,-0.019999980926513672,gncbus_cmd,states_vx_gs,-0.19999998807907104,states_theta,-0.0003554588183760643,0.3900866035130954,0.2252220119131112,0.5198592447304575,0.5203716979711301,0.5183748190822689,0.5218561236193188,0.5175375992605417,0.522693343441046,0.0,0.0,0.0,1.0,-0.019999980926513672,0.0,0.0,0.0,0.0,0.0,-0.20470987260341644,-0.004709887318313122,0.0,0.0,0.0,0.0
77.378,1.0,1.0199999809265137,-0.019999980926513672,gncbus_cmd,states_vx_gs,-0.19999998807907104,states_theta,0.013102281838655472,0.3900856585171487,0.22522130617948788,0.5200392003221953,0.5201892223902013,0.518040599427822,0.5221878232845746,0.5178455344987088,0.5223828882136877,0.0,0.0,0.0,1.0,-0.019999980926513672,0.0,0.0,0.0,0.0,0.0,-0.20390775799751282,-0.003907770849764347,0.0,0.0,0.0,0.0
77.478,1.0,1.0199999809265137,-0.019999980926513672,gncbus_cmd,states_vx_gs,-0.19999998807907104,states_theta,0.017290448769927025,0.3900847135212021,0.22522092105183364,0.5203207793721927,0.519905123351013,0.5175851719952033,0.5226407307280024,0.5182939884207635,0.5219319143024422,0.0,0.0,0.0,1.0,-0.019999980926513672,0.0,0.0,0.0,0.0,0.0,-0.2031056433916092,-0.003105653915554285,0.0,0.0,0.0,0.0
77.579,1.0,1.0099999904632568,-0.009999990463256836,gncbus_cmd,states_vx_gs,-0.19999998807907104,states_theta,-0.027229521423578262,0.3900567164889079,0.22520464549898875,0.5201381777349224,0.5200130662354986,0.5177909799339739,0.5223602640364471,0.5179980086191134,0.5221532353513076,0.0,0.0,0.0,1.0,-0.009999990463256836,0.0,0.0,0.0,0.0,0.0,-0.222452312707901,-0.022452330216765404,0.0,0.0,0.0,0.0
77.678,1.0,1.0099999904632568,-0.009999990463256836,gncbus_cmd,states_vx_gs,-0.20999999344348907,states_theta,-0.0841672495007515,0.39005550151255464,0.22520361325852226,0.5198740678954347,0.5202739361380443,0.5182417289234088,0.5219062751100702,0.5177188332002444,0.5224291708332346,0.0,0.0,0.0,1.0,-0.009999990463256836,0.0,0.0,0.0,0.0,0.0,-0.22205126285552979,-0.012051267549395561,0.0,0.0,0.0,0.0
77.779,1.0,1.0099999904632568,-0.009999990463256836,gncbus_cmd,states_vx_gs,-0.2199999988079071,states_theta,-0.13474193215370178,0.39005428653620133,0.22520245125832625,0.5201179728023294,0.5200267912942075,0.5179841752022569,0.52216058889428,0.5181354779033558,0.5220092861931811,0.0,0.0,0.0,1.0,-0.009999990463256836,0.0,0.0,0.0,0.0,0.0,-0.22165019810199738,-0.0016502036014571786,0.0,0.0,0.0,0.0
77.879,1.0,1.0099999904632568,-0.009999990463256836,gncbus_cmd,states_vx_gs,-0.22999998927116394,states_theta,-0.04835396260023117,0.390053071559848,0.2252021940743921,0.5203044747688476,0.519837049390747,0.517635407945784,0.5225061162138106,0.5183592964489113,0.5217822277106833,0.0,0.0,0.0,1.0,-0.009999990463256836,0.0,0.0,0.0,0.0,0.0,-0.22124914824962616,0.008750845678150654,0.0,0.0,0.0,0.0
77.979,1.0,1.0099999904632568,-0.009999990463256836,gncbus_cmd,states_vx_gs,-0.2199999988079071,states_theta,0.049778424203395844,0.3900518565834948,0.2252019455141396,0.5200184568335909,0.5201198273890618,0.5179947327843794,0.5221435514382734,0.5177400053500681,0.5223982788725846,0.0,0.0,0.0,1.0,-0.009999990463256836,0.0,0.0,0.0,0.0,0.0,-0.22084808349609375,-0.0008480867836624384,0.0,0.0,0.0,0.0
78.076,1.0,1.0099999904632568,-0.009999990463256836,gncbus_cmd,states_vx_gs,-0.2199999988079071,states_theta,-0.023959722369909286,0.3900234545717982,0.22518541466081268,0.5197654264721663,0.5202971190526289,0.5183525198035391,0.521710025721256,0.5174619284992944,0.5226006170255008,0.0,0.0,0.0,1.0,-0.009999990463256836,0.0,0.0,0.0,0.0,0.0,-0.22044703364372253,-0.0004470284329727292,0.0,0.0,0.0,0.0
78.18,1.0,1.0099999904632568,-0.009999990463256836,gncbus_cmd,states_vx_gs,-0.2199999988079071,states_theta,0.03379672393202782,0.39002196961495095,0.22518457972044842,0.5200312768135216,0.5200273088263476,0.5178415784170864,0.5222170072227827,0.5178510747054266,0.5222075109344426,0.0,0.0,0.0,1.0,-0.009999990463256836,0.0,0.0,0.0,0.0,0.0,-0.22004596889019012,-4.5970049541210756e-05,0.0,0.0,0.0,0.0
78.28,1.0,1.0099999904632568,-0.009999990463256836,gncbus_cmd,states_vx_gs,-0.2199999988079071,states_theta,-0.03424663469195366,0.39002048465810363,0.2251835686491934,0.5202872255559489,0.5197674001989941,0.5175471261326763,0.5225074996222667,0.5182852240359517,0.5217694017189913,0.0,0.0,0.0,1.0,-0.009999990463256836,0.0,0.0,0.0,0.0,0.0,-0.21964490413665771,0.0003550883266143501,0.0,0.0,0.0,0.0
78.38,1.0,1.0099999904632568,-0.009999990463256836,gncbus_cmd,states_vx_gs,-0.2199999988079071,states_theta,-0.0033516008406877518,0.3900054132047516,0.2251748279306476,0.5199965921930577,0.5200178430196133,0.517916627827185,0.5220978073854861,0.5178135713607297,0.5222008638519413,0.0,0.0,0.0,1.0,-0.009999990463256836,0.0,0.0,0.0,0.0,0.0,-0.2192438542842865,0.0007561467355117202,0.0,0.0,0.0,0.0
78.48,1.0,1.0099999904632568,-0.009999990463256836,gncbus_cmd,states_vx_gs,-0.2199999988079071,states_theta,-0.04780934378504753,0.38997668716083606,0.22515817599824497,0.5197535514440758,0.5201842809848204,0.5182197751196378,0.5217180573092584,0.5175285008907791,0.5224093315381171,0.0,0.0,0.0,1.0,-0.009999990463256836,0.0,0.0,0.0,0.0,0.0,-0.2188427895307541,0.0011572050862014294,0.0,0.0,0.0,0.0
78.581,1.0,1.0099999904632568,-0.009999990463256836,gncbus_cmd,states_vx_gs,-0.2199999988079071,states_theta,0.031202683225274086,0.3899747971689429,0.22515732889756832,0.5200316605234147,0.5199011319270997,0.5176675614209059,0.5222652310296085,0.5179140264598698,0.5220187659906446,0.0,0.0,0.0,1.0,-0.009999990463256836,0.0,0.0,0.0,0.0,0.0,-0.21844173967838287,0.0015582634368911386,0.0,0.0,0.0,0.0
78.681,1.0,1.0099999904632568,-0.009999990463256836,gncbus_cmd,states_vx_gs,-0.2199999988079071,states_theta,-0.03512907773256302,0.38997290717704974,0.22515607205687982,0.5201884236416303,0.5197393288305023,0.5174802522781917,0.5224475001939409,0.5182364839808214,0.5216912684913112,0.0,0.0,0.0,1.0,-0.009999990463256836,0.0,0.0,0.0,0.0,0.0,-0.21804067492485046,0.0019593217875808477,0.0,0.0,0.0,0.0
78.78,1.0,1.0099999904632568,-0.009999990463256836,gncbus_cmd,states_vx_gs,-0.2199999988079071,states_theta,0.037458669394254684,0.3899438571566462,0.22513948781187298,0.5198380750736733,0.5200122106773832,0.5178675357143893,0.5219827500366673,0.5176232056186801,0.5222270801323764,0.0,0.0,0.0,1.0,-0.009999990463256836,0.0,0.0,0.0,0.0,0.0,-0.21763962507247925,0.0023603802546858788,0.0,0.0,0.0,0.0
78.88,1.0,1.0099999904632568,-0.009999990463256836,gncbus_cmd,states_vx_gs,-0.2199999988079071,states_theta,-0.029515907168388367,0.38994169718434624,0.2251380692231755,0.5196892516092801,0.5201552742156432,0.5181883065117673,0.5216562193131561,0.5174382437741777,0.5224062820507457,0.0,0.0,0.0,1.0,-0.009999990463256836,0.0,0.0,0.0,0.0,0.0,-0.21723856031894684,0.0027614387217909098,0.0,0.0,0.0,0.0
78.981,1.0,1.0099999904632568,-0.009999990463256836,gncbus_cmd,states_vx_gs,-0.2199999988079071,states_theta,0.013139162212610245,0.38993953721204644,0.22513684462003902,0.5199950464643042,0.5198437194344863,0.5177308054569524,0.522107960441838,0.5178037150636968,0.5220350508350936,0.0,0.0,0.0,1.0,-0.009999990463256836,0.0,0.0,0.0,0.0,0.0,-0.21683749556541443,0.003162496956065297,0.0,0.0,0.0,0.0
79.081,1.0,1.0099999904632568,-0.009999990463256836,gncbus_cmd,states_vx_gs,-0.2199999988079071,states_theta,-0.015465892851352692,0.38991012321395346,0.22511990423219141,0.5201002715665091,0.5196600570040335,0.5173724084416366,0.522387920128906,0.5181455385339554,0.5216147900365872,0.0,0.0,0.0,1.0,-0.009999990463256836,0.0,0.0,0.0,0.0,0.0,-0.2164364457130432,0.003563555423170328,0.0,0.0,0.0,0.0
79.181,1.0,1.0099999904632568,-0.009999990463256836,gncbus_cmd,states_vx_gs,-0.2199999988079071,states_theta,0.043508753180503845,0.38989413309294635,0.22511078065291548,0.5197801333415825,0.5199375549062745,0.517774765637395,0.5219429226104619,0.5175803960260728,0.5221372922217842,0.0,0.0,0.0,1.0,-0.009999990463256836,0.0,0.0,0.0,0.0,0.0,-0.2160353809595108,0.0039646136574447155,0.0,0.0,0.0,0.0
79.281,1.0,1.0099999904632568,-0.009999990463256836,gncbus_cmd,states_vx_gs,-0.2199999988079071,states_theta,-0.011462902650237083,0.3898915680856005,0.2251091452851514,0.5196560811090722,0.5200547671191957,0.5180561378771504,0.5216547103511175,0.5174088939621166,0.5223019542661513,0.0,0.0,0.0,1.0,-0.009999990463256836,0.0,0.0,0.0,0.0,0.0,-0.2156343311071396,0.00436567235738039,0.0,0.0,0.0,0.0
79.381,1.0,1.0099999904632568,-0.009999990463256836,gncbus_cmd,states_vx_gs,-0.2199999988079071,states_theta,0.011837608180940151,0.3898890030782547,0.2251076523433016,0.519924023201584,0.5197799850070952,0.5175918485651714,0.5221121596435079,0.5178203900254343,0.5218836181832449,0.0,0.0,0.0,1.0,-0.009999990463256836,0.0,0.0,0.0,0.0,0.0,-0.21523326635360718,0.0047667305916547775,0.0,0.0,0.0,0.0
79.481,1.0,1.0099999904632568,-0.009999990463256836,gncbus_cmd,states_vx_gs,-0.2199999988079071,states_theta,-0.02489561401307583,0.3898593860345613,0.22509045402767397,0.5199873612425147,0.5196376681829821,0.5174256894248588,0.522199340000638,0.5179864171577617,0.521638612267735,0.0,0.0,0.0,1.0,-0.009999990463256836,0.0,0.0,0.0,0.0,0.0,-0.21483221650123596,0.005167788825929165,0.0,0.0,0.0,0.0
79.581,1.0,1.0099999904632568,-0.009999990463256836,gncbus_cmd,states_vx_gs,-0.2199999988079071,states_theta,-0.03483346477150917,0.38985655104680883,0.22508866062644498,0.5198303966180948,0.519787072840062,0.5177498186096819,0.5218676508484749,0.5176779038771572,0.5219395655809996,0.0,0.0,0.0,1.0,-0.009999990463256836,0.0,0.0,0.0,0.0,0.0,-0.21443115174770355,0.005568847060203552,0.0,0.0,0.0,0.0
79.681,1.0,1.0099999904632568,-0.009999990463256836,gncbus_cmd,states_vx_gs,-0.22999998927116394,states_theta,-0.023368921130895615,0.38985371605905633,0.22508698337281122,0.5198257869872149,0.519784122503602,0.5179187100115561,0.5216911994792608,0.5175358692680863,0.5220740402227306,0.0,0.0,0.0,1.0,-0.009999990463256836,0.0,0.0,0.0,0.0,0.0,-0.21403008699417114,0.01596989668905735,0.0,0.0,0.0,0.0
79.782,1.0,1.0099999904632568,-0.009999990463256836,gncbus_cmd,states_vx_gs,-0.22999998927116394,states_theta,-0.007249616086483002,0.38985088107130383,0.22508538979423223,0.5198338808277205,0.5197684686957564,0.517817083962914,0.5217852655605629,0.517599551147541,0.522002798375936,0.0,0.0,0.0,1.0,-0.009999990463256836,0.0,0.0,0.0,0.0,0.0,-0.21362903714179993,0.016370953992009163,0.0,0.0,0.0,0.0
79.881,1.0,1.0099999904632568,-0.009999990463256836,gncbus_cmd,states_vx_gs,-0.22999998927116394,states_theta,-0.09216558188199997,0.3898480460835514,0.2250833387702949,0.5198496125089006,0.5197451770472364,0.5177175598046685,0.5218772297514686,0.5178711512381798,0.5217236383179572,0.0,0.0,0.0,1.0,-0.009999990463256836,0.0,0.0,0.0,0.0,0.0,-0.21322797238826752,0.016772013157606125,0.0,0.0,0.0,0.0
79.982,1.0,1.0099999904632568,-0.009999990463256836,gncbus_cmd,states_vx_gs,-0.23999999463558197,states_theta,-0.015878625214099884,0.38984521109579895,0.2250819311916986,0.5198492204376741,0.519738009151123,0.5176397658355972,0.5219474637531999,0.5178418584462411,0.521745371142556,0.0,0.0,0.0,1.0,-0.009999990463256836,0.0,0.0,0.0,0.0,0.0,-0.2128269225358963,0.027173075824975967,0.0,0.0,0.0,0.0
80.081,1.0,1.0099999904632568,-0.009999990463256836,gncbus_cmd,states_vx_gs,-0.22999998927116394,states_theta,0.05076022818684578,0.38984237610804645,0.22508074626339458,0.5198360228986304,0.5197436467228268,0.5175098618478964,0.5220698077735608,0.5177737335056491,0.5218059361158081,0.0,0.0,0.0,1.0,-0.009999990463256836,0.0,0.0,0.0,0.0,0.0,-0.2124258577823639,0.0175741296261549,0.0,0.0,0.0,0.0
80.182,1.0,1.0099999904632568,-0.009999990463256836,gncbus_cmd,states_vx_gs,-0.22999998927116394,states_theta,-0.03477145731449127,0.389866809140967,0.2250944127296576,0.5198520847892995,0.5197927395866125,0.517817485272024,0.521827339103888,0.5177122471808177,0.5219325771950943,0.0,0.0,0.0,1.0,-0.009999990463256836,0.0,0.0,0.0,0.0,0.0,-0.21202480792999268,0.01797518879175186,0.0,0.0,0.0,0.0
80.282,1.0,1.0099999904632568,-0.009999990463256836,gncbus_cmd,states_vx_gs,-0.23999999463558197,states_theta,0.010777171701192856,0.38986424413362114,0.22509304083100654,0.5198536994232669,0.5197842849330562,0.5179086475239918,0.5217293368323312,0.5175786732128183,0.5220593111435048,0.0,0.0,0.0,1.0,-0.009999990463256836,0.0,0.0,0.0,0.0,0.0,-0.21162374317646027,0.028376251459121704,0.0,0.0,0.0,0.0
80.383,1.0,1.0099999904632568,-0.009999990463256836,gncbus_cmd,states_vx_gs,-0.22999998927116394,states_theta,0.0015357336960732937,0.3902532256647232,0.2253176699214198,0.5203623660038942,0.5203129024353678,0.518339580138371,0.5223356883008909,0.5181521149365056,0.5225231535027564,0.0,0.0,0.0,1.0,-0.009999990463256836,0.0,0.0,0.0,0.0,0.0,-0.21122267842292786,0.018777305260300636,0.0,0.0,0.0,0.0
80.483,1.0,1.0099999904632568,-0.009999990463256836,gncbus_cmd,states_vx_gs,-0.22999998927116394,states_theta,0.06145629286766052,0.38990331657360566,0.22511593392031243,0.5199008401481733,0.5198413373814419,0.5177752599344487,0.5219669175951664,0.5176620764296056,0.5220801011000096,0.0,0.0,0.0,1.0,-0.009999990463256836,0.0,0.0,0.0,0.0,0.0,-0.21082162857055664,0.01917836256325245,0.0,0.0,0.0,0.0
80.583,1.0,1.0099999904632568,-0.009999990463256836,gncbus_cmd,states_vx_gs,-0.2199999988079071,states_theta,0.04862033575773239,0.3902776565929127,0.22533212242471787,0.5204381075008427,0.5203023100802578,0.5181200162034743,0.5226204013776263,0.5182898335220778,0.5224505840590228,0.0,0.0,0.0,1.0,-0.009999990463256836,0.0,0.0,0.0,0.0,0.0,-0.21042056381702423,0.009579431265592575,0.0,0.0,0.0,0.0
80.682,1.0,1.0099999904632568,-0.009999990463256836,gncbus_cmd,states_vx_gs,-0.2199999988079071,states_theta,-0.002487184014171362,0.38992912965945326,0.225130664637573,0.5199472105192324,0.5198638019059763,0.5176358168129978,0.5221751956122109,0.5179536177005901,0.5218573947246186,0.0,0.0,0.0,1.0,-0.009999990463256836,0.0,0.0,0.0,0.0,0.0,-0.21001951396465302,0.009980489499866962,0.0,0.0,0.0,0.0
80.783,1.0,1.0099999904632568,-0.009999990463256836,gncbus_cmd,states_vx_gs,-0.22999998927116394,states_theta,-0.03489905595779419,0.3899272396675601,0.22512926111980586,0.5199576695129047,0.5198483029339223,0.5177872949316719,0.5220186775151551,0.5179227346036276,0.5218832378431993,0.0,0.0,0.0,1.0,-0.009999990463256836,0.0,0.0,0.0,0.0,0.0,-0.2096184492111206,0.020381538197398186,0.0,0.0,0.0,0.0
80.883,1.0,1.0099999904632568,-0.009999990463256836,gncbus_cmd,states_vx_gs,-0.22999998927116394,states_theta,-0.09886179864406586,0.3903308037016482,0.2253619976859142,0.520428878340932,0.5204532648634631,0.518683449913842,0.5221986932905531,0.5182390581062757,0.5226430850981194,0.0,0.0,0.0,1.0,-0.009999990463256836,0.0,0.0,0.0,0.0,0.0,-0.2092173993587494,0.020782597362995148,0.0,0.0,0.0,0.0
80.983,1.0,1.0099999904632568,-0.009999990463256836,gncbus_cmd,states_vx_gs,-0.23999999463558197,states_theta,-0.01020406186580658,0.38996772967865656,0.22515264849692085,0.5199283997500727,0.5199855460596782,0.5181114815800251,0.5218024642297258,0.5177178677810123,0.5221960780287386,0.0,0.0,0.0,1.0,-0.009999990463256836,0.0,0.0,0.0,0.0,0.0,-0.20881633460521698,0.03118366003036499,0.0,0.0,0.0,0.0
81.083,1.0,1.0099999904632568,-0.009999990463256836,gncbus_cmd,states_vx_gs,-0.22999998927116394,states_theta,0.06470520794391632,0.38996624472180924,0.22515228203198565,0.5199512996044239,0.5199586863204008,0.5175923961238857,0.5223175898009389,0.5180256123690004,0.5218843735558243,0.0,0.0,0.0,1.0,-0.009999990463256836,0.0,0.0,0.0,0.0,0.0,-0.20841526985168457,0.021584713831543922,0.0,0.0,0.0,0.0
81.184,1.0,1.0099999904632568,-0.009999990463256836,gncbus_cmd,states_vx_gs,-0.23999999463558197,states_theta,-0.04867664352059364,0.39036865980361307,0.2253839389803417,0.5205257595938362,0.5204573332157987,0.5182672443783971,0.5227158484312378,0.5187184976260519,0.5222645951835829,0.0,0.0,0.0,1.0,-0.009999990463256836,0.0,0.0,0.0,0.0,0.0,-0.20801421999931335,0.031985778361558914,0.0,0.0,0.0,0.0
81.284,1.0,1.0099999904632568,-0.009999990463256836,gncbus_cmd,states_vx_gs,-0.22999998927116394,states_theta,0.0386609323322773,0.3899931948356361,0.225167645901733,0.5200061885611207,0.5199756643339088,0.5178313203202238,0.5221505325748057,0.5179201243451435,0.5220617285498861,0.0,0.0,0.0,1.0,-0.009999990463256836,0.0,0.0,0.0,0.0,0.0,-0.20761315524578094,0.022386830300092697,0.0,0.0,0.0,0.0
81.384,1.0,1.0099999904632568,-0.009999990463256836,gncbus_cmd,states_vx_gs,-0.22999998927116394,states_theta,-0.010263005271553993,0.3899919798592828,0.22516681919986356,0.5197452934499353,0.5202333195081522,0.5182080737534528,0.5217705392046347,0.5176452922859506,0.5223333206721369,0.0,0.0,0.0,1.0,-0.009999990463256836,0.0,0.0,0.0,0.0,0.0,-0.20721210539340973,0.02278788946568966,0.0,0.0,0.0,0.0
81.484,1.0,1.0099999904632568,-0.009999990463256836,gncbus_cmd,states_vx_gs,-0.23999999463558197,states_theta,-0.09264753758907318,0.3900179789075212,0.22518119666387898,0.5200065149298972,0.5200414288234926,0.5180436972080033,0.5220042465453866,0.5181095433490396,0.5219384004043502,0.0,0.0,0.0,1.0,-0.009999990463256836,0.0,0.0,0.0,0.0,0.0,-0.20681104063987732,0.03318895399570465,0.0,0.0,0.0,0.0
81.584,1.0,1.0099999904632568,-0.009999990463256836,gncbus_cmd,states_vx_gs,-0.23999999463558197,states_theta,0.07215234637260437,0.3900170339115746,0.22518157882132667,0.5202501124623632,0.5197953113018358,0.5175550088197324,0.5224904149444666,0.5182572551356034,0.5217881686285956,0.0,0.0,0.0,1.0,-0.009999990463256836,0.0,0.0,0.0,0.0,0.0,-0.2064099907875061,0.033590011298656464,0.0,0.0,0.0,0.0
81.684,1.0,1.0099999904632568,-0.009999990463256836,gncbus_cmd,states_vx_gs,-0.2199999988079071,states_theta,0.1746496558189392,0.39004319495244005,0.2251973337379254,0.5199817420921684,0.5201334444476717,0.5179523515353476,0.5221628350044926,0.5176094396301628,0.5225057469096773,0.0,0.0,0.0,1.0,-0.009999990463256836,0.0,0.0,0.0,0.0,0.0,-0.2060089260339737,0.013991073705255985,0.0,0.0,0.0,0.0
81.783,1.0,1.0099999904632568,-0.009999990463256836,gncbus_cmd,states_vx_gs,-0.2199999988079071,states_theta,-0.0013273146469146013,0.39004251993694383,0.2251961562316618,0.5198648111923518,0.520248575306165,0.5182957573977337,0.5218176291007831,0.5176330044804117,0.5224803820181051,0.0,0.0,0.0,1.0,-0.009999990463256836,0.0,0.0,0.0,0.0,0.0,-0.20560786128044128,0.014392131939530373,0.0,0.0,0.0,0.0
81.884,1.0,1.0099999904632568,-0.009999990463256836,gncbus_cmd,states_vx_gs,-0.2199999988079071,states_theta,0.04642397537827492,0.39005548543539875,0.2252037709921305,0.5202116383226377,0.5199363228384256,0.5177558457562456,0.5223921154048178,0.5181112732852634,0.5220366878757999,0.0,0.0,0.0,1.0,-0.009999990463256836,0.0,0.0,0.0,0.0,0.0,-0.20520681142807007,0.01479319017380476,0.0,0.0,0.0,0.0
81.984,1.0,1.0099999904632568,-0.009999990463256836,gncbus_cmd,states_vx_gs,-0.20999999344348907,states_theta,-0.0030441784765571356,0.3900549454744981,0.22520342165348625,0.5202661676853138,0.5198803535800145,0.5176498120188551,0.5224967092464732,0.5182658141967469,0.5218807070685814,0.0,0.0,0.0,1.0,-0.009999990463256836,0.0,0.0,0.0,0.0,0.0,-0.20480574667453766,0.0051942430436611176,0.0,0.0,0.0,0.0
82.084,1.0,1.0099999904632568,-0.009999990463256836,gncbus_cmd,states_vx_gs,-0.20999999344348907,states_theta,0.07221181690692902,0.39005440551359744,0.22520340035710382,0.5199635041685464,0.5201815772010467,0.518074270849265,0.5220708105203281,0.5176860207171677,0.5224590606524254,0.0,0.0,0.0,1.0,-0.009999990463256836,0.0,0.0,0.0,0.0,0.0,-0.20440469682216644,0.005595301277935505,0.0,0.0,0.0,0.0
82.183,1.0,1.0099999904632568,-0.009999990463256836,gncbus_cmd,states_vx_gs,-0.20999999344348907,states_theta,-0.045173726975917816,0.3900810525836439,0.2252183096822796,0.5198894007589155,0.5203267394641348,0.5183811263286073,0.521835013894443,0.5176967494969502,0.5225193907261001,0.0,0.0,0.0,1.0,-0.009999990463256836,0.0,0.0,0.0,0.0,0.0,-0.20400363206863403,0.00599635997787118,0.0,0.0,0.0,0.0
82.284,1.0,1.0099999904632568,-0.009999990463256836,gncbus_cmd,states_vx_gs,-0.20999999344348907,states_theta,0.031210577115416527,0.39008078260319357,0.22521840751196218,0.520208714223694,0.5200067060514888,0.5177729622376906,0.5224424580374921,0.5181479981972884,0.5220674220778944,0.0,0.0,0.0,1.0,-0.009999990463256836,0.0,0.0,0.0,0.0,0.0,-0.20360258221626282,0.006397418212145567,0.0,0.0,0.0,0.0
82.384,1.0,1.0099999904632568,-0.009999990463256836,gncbus_cmd,states_vx_gs,-0.20999999344348907,states_theta,0.0017343176295980811,0.39008051262274324,0.22521816465820058,0.5202872607675185,0.5199274395597967,0.5177060262136577,0.5225086741136575,0.5182780681189654,0.5219366322083498,0.0,0.0,0.0,1.0,-0.009999990463256836,0.0,0.0,0.0,0.0,0.0,-0.2032015174627304,0.006798476446419954,0.0,0.0,0.0,0.0
82.485,1.0,1.0099999904632568,-0.009999990463256836,gncbus_cmd,states_vx_gs,-0.19999998807907104,states_theta,0.06051747128367424,0.3900802426422928,0.22521837388346727,0.5199972794700995,0.5202167009093479,0.518110404363265,0.5221035760161824,0.517697754981502,0.5225162253979455,0.0,0.0,0.0,1.0,-0.009999990463256836,0.0,0.0,0.0,0.0,0.0,-0.202800452709198,-0.0028004704508930445,0.0,0.0,0.0,0.0
82.586,1.0,1.0099999904632568,-0.009999990463256836,gncbus_cmd,states_vx_gs,-0.20999999344348907,states_theta,-0.07832834869623184,0.39007994566379744,0.22521737339584752,0.5200146051663799,0.5201985832704132,0.5182529112002361,0.521960277236557,0.517901032501719,0.5223121559350741,0.0,0.0,0.0,1.0,-0.009999990463256836,0.0,0.0,0.0,0.0,0.0,-0.20235928893089294,0.00764069939032197,0.0,0.0,0.0,0.0
82.686,1.0,1.0099999904632568,-0.009999990463256836,gncbus_cmd,states_vx_gs,-0.20999999344348907,states_theta,-0.026134464889764786,0.3900796756833471,0.22521755793677373,0.5203031250084241,0.5199093434805014,0.5176998425184783,0.5225126259704472,0.518347555781152,0.5218649127077736,0.0,0.0,0.0,1.0,-0.009999990463256836,0.0,0.0,0.0,0.0,0.0,-0.20195823907852173,0.00804175715893507,0.0,0.0,0.0,0.0
82.786,1.0,1.0099999904632568,-0.009999990463256836,gncbus_cmd,states_vx_gs,-0.20999999344348907,states_theta,0.0012303672265261412,0.3900794057028968,0.22521739337957317,0.5201282142671145,0.5200835342739435,0.517945359474402,0.522266389066656,0.5180471218656958,0.5221646266753622,0.0,0.0,0.0,1.0,-0.009999990463256836,0.0,0.0,0.0,0.0,0.0,-0.20155717432498932,0.008442816324532032,0.0,0.0,0.0,0.0
82.886,1.0,1.0099999904632568,-0.009999990463256836,gncbus_cmd,states_vx_gs,-0.20999999344348907,states_theta,0.009140227921307087,0.39007913572244646,0.22521743891429377,0.519893323087991,0.5203177055051995,0.5183533395905839,0.5218576890026065,0.5176246834174671,0.5225863451757233,0.0,0.0,0.0,1.0,-0.009999990463256836,0.0,0.0,0.0,0.0,0.0,-0.2011561244726181,0.00884387455880642,0.0,0.0,0.0,0.0
82.986,1.0,1.0099999904632568,-0.009999990463256836,gncbus_cmd,states_vx_gs,-0.20999999344348907,states_theta,-0.02398568019270897,0.390078865741996,0.2252169489317112,0.5200637949956416,0.5201465136496811,0.5180845108110594,0.5221257978342633,0.5179643673431573,0.5222459413021654,0.0,0.0,0.0,1.0,-0.009999990463256836,0.0,0.0,0.0,0.0,0.0,-0.2007550597190857,0.009244932793080807,0.0,0.0,0.0,0.0
83.086,1.0,1.0099999904632568,-0.009999990463256836,gncbus_cmd,states_vx_gs,-0.20999999344348907,states_theta,0.004145890474319458,0.3900785957615457,0.2252171130380594,0.5203214097285422,0.5198881789689129,0.5176056570570786,0.5226039316403766,0.518386777187094,0.5218228115103611,0.0,0.0,0.0,1.0,-0.009999990463256836,0.0,0.0,0.0,0.0,0.0,-0.20035399496555328,0.009645991027355194,0.0,0.0,0.0,0.0
83.186,1.0,1.0099999904632568,-0.009999990463256836,gncbus_cmd,states_vx_gs,-0.20999999344348907,states_theta,0.02595273219048977,0.39007832578109536,0.22521686312970995,0.520117929626615,0.5200909391229727,0.517942870486838,0.5222659982627497,0.5180062877785484,0.5222025809710392,0.0,0.0,0.0,1.0,-0.009999990463256836,0.0,0.0,0.0,0.0,0.0,-0.19995294511318207,0.010047049261629581,0.0,0.0,0.0,0.0
83.286,1.0,1.0099999904632568,-0.009999990463256836,gncbus_cmd,states_vx_gs,-0.20999999344348907,states_theta,-0.00579784344881773,0.3900780558006449,0.2252166689551406,0.5199253518125805,0.5202827969891394,0.5183183422791253,0.5218898065225945,0.5176988792441357,0.5225092695575841,0.0,0.0,0.0,1.0,-0.009999990463256836,0.0,0.0,0.0,0.0,0.0,-0.19955188035964966,0.010448107495903969,0.0,0.0,0.0,0.0
83.387,1.0,1.0099999904632568,-0.009999990463256836,gncbus_cmd,states_vx_gs,-0.20999999344348907,states_theta,-0.0022870530374348164,0.3900777858201946,0.22521641423570382,0.5201851160775645,0.5200223127762879,0.5179053103747874,0.5223021184790649,0.5181067072578934,0.5221007215959589,0.0,0.0,0.0,1.0,-0.009999990463256836,0.0,0.0,0.0,0.0,0.0,-0.19915083050727844,0.01084916666150093,0.0,0.0,0.0,0.0
83.487,1.0,1.0,0.0,gncbus_cmd,states_vx_gs,-0.20999999344348907,states_theta,-0.034494418650865555,0.39007751583974426,0.22521643902941196,0.520250299497492,0.5199564094084927,0.5177104094915849,0.5224962994143999,0.5182579891830218,0.521948719722963,0.0,0.0,0.0,1.0,0.0,0.0,0.0,0.0,0.0,0.0,-0.2189386636018753,-0.008938674814999104,0.0,0.0,0.0,0.0
83.588,1.0,1.0,0.0,gncbus_cmd,states_vx_gs,-0.20999999344348907,states_theta,0.012227462604641914,0.39005000483225677,0.22520077439672911,0.5198983227284546,0.5202350234908968,0.5181419987999097,0.5219913474194416,0.5176554321487369,0.5224779140706145,0.0,0.0,0.0,1.0,0.0,0.0,0.0,0.0,0.0,0.0,-0.2189386636018753,-0.008938674814999104,0.0,0.0,0.0,0.0
83.687,1.0,1.0,0.0,gncbus_cmd,states_vx_gs,-0.2199999988079071,states_theta,-0.08957283943891525,0.3900494648713561,0.22519979046501284,0.5199825804309035,0.5201493258927128,0.5181905837664725,0.5219413225571438,0.5178723688833909,0.5222595374402254,0.0,0.0,0.0,1.0,0.0,0.0,0.0,0.0,0.0,0.0,-0.2189386636018753,0.0010613302001729608,0.0,0.0,0.0,0.0
83.786,1.0,1.0,0.0,gncbus_cmd,states_vx_gs,-0.22999998927116394,states_theta,-0.029515020549297333,0.3900489249104554,0.2251997521728481,0.520268074774132,0.519862391653749,0.5176608888478962,0.5224695775799848,0.5183313358937398,0.5217991305341412,0.0,0.0,0.0,1.0,0.0,0.0,0.0,0.0,0.0,0.0,-0.2189386636018753,0.011061321012675762,0.0,0.0,0.0,0.0
83.888,1.0,1.0,0.0,gncbus_cmd,states_vx_gs,-0.22999998927116394,states_theta,-0.03944149240851402,0.3900347714465226,0.22519141856840535,0.5201410705342033,0.5199516533231903,0.5178262005417789,0.5222665233156147,0.5181495264998259,0.5219431973575677,0.0,0.0,0.0,1.0,0.0,0.0,0.0,0.0,0.0,0.0,-0.2189386636018753,0.011061321012675762,0.0,0.0,0.0,0.0
83.987,1.0,1.0,0.0,gncbus_cmd,states_vx_gs,-0.22999998927116394,states_theta,0.011303357779979706,0.3900069633961692,0.22517577149320084,0.5197702013181644,0.5202483677382868,0.5182863539981207,0.5217322150583305,0.5175103601251937,0.5225082089312575,0.0,0.0,0.0,1.0,0.0,0.0,0.0,0.0,0.0,0.0,-0.2189386636018753,0.011061321012675762,0.0,0.0,0.0,0.0
84.089,1.0,1.0,0.0,gncbus_cmd,states_vx_gs,-0.22999998927116394,states_theta,-0.01866530254483223,0.3900060184002227,0.22517489669887128,0.5199478115674221,0.5200682374998384,0.518040703138276,0.5219753459289845,0.5178163927696192,0.5221996562976413,0.0,0.0,0.0,1.0,0.0,0.0,0.0,0.0,0.0,0.0,-0.2189386636018753,0.011061321012675762,0.0,0.0,0.0,0.0
84.188,1.0,1.0,0.0,gncbus_cmd,states_vx_gs,-0.22999998927116394,states_theta,-0.0016459347680211067,0.38997802136792836,0.22515897548828379,0.5202025999537864,0.5197387903606893,0.5175086628409736,0.522432727473502,0.5182390133020772,0.5217023770123984,0.0,0.0,0.0,1.0,0.0,0.0,0.0,0.0,0.0,0.0,-0.2189386636018753,0.011061321012675762,0.0,0.0,0.0,0.0
84.288,1.0,1.0,0.0,gncbus_cmd,states_vx_gs,-0.22999998927116394,states_theta,-0.015674598515033722,0.38997680639157506,0.22515802851008146,0.5199941191239495,0.519944031253584,0.5178554209203664,0.5220827294571672,0.5179187863979932,0.5220193639795404,0.0,0.0,0.0,1.0,0.0,0.0,0.0,0.0,0.0,0.0,-0.2189386636018753,0.011061321012675762,0.0,0.0,0.0,0.0
84.388,1.0,1.0,0.0,gncbus_cmd,states_vx_gs,-0.22999998927116394,states_theta,-0.020790306851267815,0.38994856636817493,0.225141928349461,0.5196656212034914,0.5201972224449751,0.5182709798537105,0.521591863794756,0.5174391666163397,0.5224236770321268,0.0,0.0,0.0,1.0,0.0,0.0,0.0,0.0,0.0,0.0,-0.2189386636018753,0.011061321012675762,0.0,0.0,0.0,0.0
84.488,1.0,1.0,0.0,gncbus_cmd,states_vx_gs,-0.22999998927116394,states_theta,0.021274803206324577,0.3899470814113277,0.22514104233577595,0.5199342192087875,0.5199246645547531,0.5177730316176106,0.52208585214593,0.5178468361841897,0.5220120475793508,0.0,0.0,0.0,1.0,0.0,0.0,0.0,0.0,0.0,0.0,-0.2189386636018753,0.011061321012675762,0.0,0.0,0.0,0.0
84.589,1.0,1.0,0.0,gncbus_cmd,states_vx_gs,-0.22999998927116394,states_theta,-0.009990680031478405,0.38994559645448035,0.22514027222717573,0.5201889600632139,0.5196659638154004,0.5174121725324812,0.5224427513461332,0.5182693325562313,0.521585591322383,0.0,0.0,0.0,1.0,0.0,0.0,0.0,0.0,0.0,0.0,-0.2189386636018753,0.011061321012675762,0.0,0.0,0.0,0.0
84.689,1.0,1.0,0.0,gncbus_cmd,states_vx_gs,-0.22999998927116394,states_theta,0.023113831877708435,0.38993049799020046,0.22513147309616888,0.5199341273511019,0.5198805339560993,0.5177844733589871,0.5220301879482141,0.5177885757991081,0.5220260855080932,0.0,0.0,0.0,1.0,0.0,0.0,0.0,0.0,0.0,0.0,-0.2189386636018753,0.011061321012675762,0.0,0.0,0.0,0.0
84.788,1.0,1.0,0.0,gncbus_cmd,states_vx_gs,-0.22999998927116394,states_theta,0.007787890732288361,0.389901690952163,0.2251150148956202,0.5196168227817118,0.5201210197573894,0.518203806635618,0.5215340359034832,0.517324891207853,0.5224129513312483,0.0,0.0,0.0,1.0,0.0,0.0,0.0,0.0,0.0,0.0,-0.2189386636018753,0.011061321012675762,0.0,0.0,0.0,0.0
84.889,1.0,1.0,0.0,gncbus_cmd,states_vx_gs,-0.22999998927116394,states_theta,0.01018534041941166,0.3898998009602698,0.2251136946486538,0.5197908000461613,0.5199420025145582,0.5178406379594572,0.5218921646012623,0.517678649981329,0.5220541525793906,0.0,0.0,0.0,1.0,0.0,0.0,0.0,0.0,0.0,0.0,-0.2189386636018753,0.011061321012675762,0.0,0.0,0.0,0.0
84.989,1.0,1.0,0.0,gncbus_cmd,states_vx_gs,-0.22999998927116394,states_theta,0.007922294549643993,0.38987080493594756,0.22509709184566715,0.5200182714165918,0.5196372084126016,0.5173680611733522,0.5222874186558413,0.5180792207682243,0.5215762590609692,0.0,0.0,0.0,1.0,0.0,0.0,0.0,0.0,0.0,0.0,-0.2189386636018753,0.011061321012675762,0.0,0.0,0.0,0.0
85.089,1.0,1.0,0.0,gncbus_cmd,states_vx_gs,-0.22999998927116394,states_theta,-0.020872812718153,0.3898686449636477,0.2250955559194531,0.5199196725667201,0.5197300473363404,0.5176717220549389,0.5219779978481216,0.5178302625496083,0.5218194573534523,0.0,0.0,0.0,1.0,0.0,0.0,0.0,0.0,0.0,0.0,-0.2189386636018753,0.011061321012675762,0.0,0.0,0.0,0.0
85.189,1.0,1.0,0.0,gncbus_cmd,states_vx_gs,-0.22999998927116394,states_theta,0.0009867839980870485,0.38986648499134785,0.22509447619908304,0.5197451684670583,0.5198987915098693,0.5179806888205931,0.5216632711563345,0.5174707146188295,0.5221732453580981,0.0,0.0,0.0,1.0,0.0,0.0,0.0,0.0,0.0,0.0,-0.2189386636018753,0.011061321012675762,0.0,0.0,0.0,0.0
85.289,1.0,1.0,0.0,gncbus_cmd,states_vx_gs,-0.23999999463558197,states_theta,-0.0768844485282898,0.38983723305882195,0.2250770410404585,0.5196958234254025,0.5198701313981227,0.517925191674672,0.5216407631488532,0.5176661530985488,0.5218998017249764,0.0,0.0,0.0,1.0,0.0,0.0,0.0,0.0,0.0,0.0,-0.2189386636018753,0.021061325445771217,0.0,0.0,0.0,0.0
85.39,1.0,1.0099999904632568,-0.009999990463256836,gncbus_cmd,states_vx_gs,-0.25,states_theta,-0.11200638115406036,0.38983480297724366,0.22507510396569402,0.5197018628927268,0.5198576117132563,0.5179345142764069,0.5216249603295762,0.5178910062064344,0.5216684683995487,0.0,0.0,0.0,1.0,-0.009999990463256836,0.0,0.0,0.0,0.0,0.0,-0.19895029067993164,0.05104970186948776,0.0,0.0,0.0,0.0
85.489,1.0,1.0099999904632568,-0.009999990463256836,gncbus_cmd,states_vx_gs,-0.25,states_theta,-0.030797971412539482,0.38983237289566536,0.22507404820510943,0.5196948237460606,0.5198581706423804,0.517847696271867,0.521705298116574,0.5178076189416716,0.5217453754467694,0.0,0.0,0.0,1.0,-0.009999990463256836,0.0,0.0,0.0,0.0,0.0,-0.19854924082756042,0.051450759172439575,0.0,0.0,0.0,0.0
85.59,1.0,1.0099999904632568,-0.009999990463256836,gncbus_cmd,states_vx_gs,-0.25,states_theta,0.05171559751033783,0.38982994281408706,0.22507301111032083,0.5197365877166965,0.5198099264542023,0.5177061557470862,0.5218403584238126,0.5177762637033231,0.5217702504675757,0.0,0.0,0.0,1.0,-0.009999990463256836,0.0,0.0,0.0,0.0,0.0,-0.19814817607402802,0.051851820200681686,0.0,0.0,0.0,0.0
85.69,1.0,1.0099999904632568,-0.009999990463256836,gncbus_cmd,states_vx_gs,-0.23999999463558197,states_theta,0.13629595935344696,0.3898275127325087,0.22507213347030725,0.5197188622089425,0.519821171744414,0.5176032870666022,0.5219367468867543,0.5176461494578751,0.5218938844954814,0.0,0.0,0.0,1.0,-0.009999990463256836,0.0,0.0,0.0,0.0,0.0,-0.1977471262216568,0.04225287213921547,0.0,0.0,0.0,0.0
85.79,1.0,1.0099999904632568,-0.009999990463256836,gncbus_cmd,states_vx_gs,-0.2199999988079071,states_theta,0.2033286839723587,0.3898522826548677,0.2250870412524034,0.5197171752286253,0.519888911851022,0.5175005447603324,0.5221055423193149,0.5175686241296983,0.522037462949949,0.0,0.0,0.0,1.0,-0.009999990463256836,0.0,0.0,0.0,0.0,0.0,-0.1973460614681244,0.022653933614492416,0.0,0.0,0.0,0.0
85.89,1.0,1.0099999904632568,-0.009999990463256836,gncbus_cmd,states_vx_gs,-0.20999999344348907,states_theta,0.006211292929947376,0.3898501226825679,0.2250849379281887,0.5196791025824029,0.5199212245711115,0.5177817008920895,0.5218186262614248,0.5176389740073561,0.5219613531461582,0.0,0.0,0.0,1.0,-0.009999990463256836,0.0,0.0,0.0,0.0,0.0,-0.19694501161575317,0.013054987415671349,0.0,0.0,0.0,0.0
85.991,1.0,1.0099999904632568,-0.009999990463256836,gncbus_cmd,states_vx_gs,-0.2199999988079071,states_theta,-0.10932046175003052,0.38984796271026795,0.22508301612290452,0.5196809721999703,0.5199135950274109,0.5178721689309433,0.5217223982964379,0.517841534672884,0.5217530325544972,0.0,0.0,0.0,1.0,-0.009999990463256836,0.0,0.0,0.0,0.0,0.0,-0.19654394686222076,0.02345605194568634,0.0,0.0,0.0,0.0
86.091,1.0,1.0099999904632568,-0.009999990463256836,gncbus_cmd,states_vx_gs,-0.22999998927116394,states_theta,-0.027161110192537308,0.39025029375220177,0.22531554176334814,0.5202155883695869,0.5204518616362845,0.5183518550052767,0.5223155950005948,0.5183230922867322,0.5223443577191392,0.0,0.0,0.0,1.0,-0.009999990463256836,0.0,0.0,0.0,0.0,0.0,-0.19614288210868835,0.03385709971189499,0.0,0.0,0.0,0.0
86.191,1.0,1.0099999904632568,-0.009999990463256836,gncbus_cmd,states_vx_gs,-0.2199999988079071,states_theta,0.0434248149394989,0.3898752787686765,0.22509948729687693,0.5196882541482586,0.5199791559015454,0.5177800534655024,0.5218873565843016,0.5176965516272909,0.5219708584225131,0.0,0.0,0.0,1.0,-0.009999990463256836,0.0,0.0,0.0,0.0,0.0,-0.19574183225631714,0.024258168414235115,0.0,0.0,0.0,0.0
86.291,1.0,1.0,0.0,gncbus_cmd,states_vx_gs,-0.20999999344348907,states_theta,0.12182973325252533,0.389900602801375,0.22511489597234813,0.519723012910168,0.5200119278934987,0.5176454011286146,0.5220895396750521,0.5175724740528583,0.5221624667508084,0.0,0.0,0.0,1.0,0.0,0.0,0.0,0.0,0.0,0.0,-0.21536925435066223,-0.005369255319237709,0.0,0.0,0.0,0.0
86.391,1.0,1.0,0.0,gncbus_cmd,states_vx_gs,-0.20999999344348907,states_theta,0.018583649769425392,0.3899155962972988,0.22512307436937976,0.519993729897351,0.5197811935621125,0.5175163069773193,0.5222586164821442,0.517955846223383,0.5218190772360806,0.0,0.0,0.0,1.0,0.0,0.0,0.0,0.0,0.0,0.0,-0.21536925435066223,-0.005369255319237709,0.0,0.0,0.0,0.0
86.492,1.0,1.0,0.0,gncbus_cmd,states_vx_gs,-0.19999998807907104,states_theta,0.02523055672645569,0.3899141113404515,0.22512237613530167,0.5200006057641482,0.5197703578103892,0.5175013128928391,0.5222696506816983,0.5178970647071751,0.5218738988673622,0.0,0.0,0.0,1.0,0.0,0.0,0.0,0.0,0.0,0.0,-0.21536925435066223,-0.015369260683655739,0.0,0.0,0.0,0.0
86.592,1.0,1.0,0.0,gncbus_cmd,states_vx_gs,-0.20999999344348907,states_theta,-0.08477409183979034,0.3899397864208981,0.22513650343401356,0.5198025661086385,0.5200368643470898,0.5179850981879801,0.5218543322677482,0.5177652930316106,0.5220741374241178,0.0,0.0,0.0,1.0,0.0,0.0,0.0,0.0,0.0,0.0,-0.21536925435066223,-0.005369255319237709,0.0,0.0,0.0,0.0
86.692,1.0,1.0,0.0,gncbus_cmd,states_vx_gs,-0.22999998927116394,states_theta,-0.18778419494628906,0.39031544643614896,0.2253526580920612,0.5203949617789143,0.5204462287174829,0.5185584953978424,0.5222826950985548,0.5185187553928874,0.5223224351035098,0.0,0.0,0.0,1.0,0.0,0.0,0.0,0.0,0.0,0.0,-0.21536925435066223,0.014630740508437157,0.0,0.0,0.0,0.0
86.793,1.0,1.0,0.0,gncbus_cmd,states_vx_gs,-0.23999999463558197,states_theta,-0.07545873522758484,0.3899663644986473,0.2251515459166658,0.5200727128470334,0.5198375924826927,0.5177913170360733,0.5221189882936528,0.5181780981982762,0.5217322071314499,0.0,0.0,0.0,1.0,0.0,0.0,0.0,0.0,0.0,0.0,-0.21536925435066223,0.024630745872855186,0.0,0.0,0.0,0.0
86.892,1.0,1.0,0.0,gncbus_cmd,states_vx_gs,-0.23999999463558197,states_theta,0.04358648136258125,0.3899654195027007,0.22515161641033035,0.5198250036210821,0.5200827817194531,0.5181618280142767,0.5217459573262585,0.5175590015669426,0.5223487837735926,0.0,0.0,0.0,1.0,0.0,0.0,0.0,0.0,0.0,0.0,-0.21536925435066223,0.024630745872855186,0.0,0.0,0.0,0.0
86.992,1.0,1.0,0.0,gncbus_cmd,states_vx_gs,-0.22999998927116394,states_theta,0.04520411789417267,0.38999152654747604,0.22516679278237003,0.519813620078399,0.5201637840482037,0.5181015277600638,0.521875876366539,0.5176310545206886,0.5223463496059142,0.0,0.0,0.0,1.0,0.0,0.0,0.0,0.0,0.0,0.0,-0.21536925435066223,0.014630740508437157,0.0,0.0,0.0,0.0
87.092,1.0,1.0,0.0,gncbus_cmd,states_vx_gs,-0.2199999988079071,states_theta,0.11037026345729828,0.390004370496795,0.2251747346801751,0.5201886461290605,0.5198230085290595,0.5174483248442562,0.5225633298138638,0.518128337158516,0.5218833174996039,0.0,0.0,0.0,1.0,0.0,0.0,0.0,0.0,0.0,0.0,-0.21536925435066223,0.004630750045180321,0.0,0.0,0.0,0.0
87.192,1.0,1.0,0.0,gncbus_cmd,states_vx_gs,-0.2199999988079071,states_theta,-0.00988796167075634,0.3900038305358943,0.22517385752420163,0.5202627748332114,0.5197474399291735,0.5175534999065404,0.5224567148558444,0.5182719309048579,0.521738283857527,0.0,0.0,0.0,1.0,0.0,0.0,0.0,0.0,0.0,0.0,-0.21536925435066223,0.004630750045180321,0.0,0.0,0.0,0.0
87.293,1.0,1.0,0.0,gncbus_cmd,states_vx_gs,-0.2199999988079071,states_theta,0.06266923993825912,0.39000329057499367,0.2251737709130676,0.5199244750584677,0.520084299808182,0.5180395345025955,0.5219692403640542,0.5176339057554901,0.5223748691111597,0.0,0.0,0.0,1.0,0.0,0.0,0.0,0.0,0.0,0.0,-0.21536925435066223,0.004630750045180321,0.0,0.0,0.0,0.0
87.392,1.0,1.0,0.0,gncbus_cmd,states_vx_gs,-0.2199999988079071,states_theta,-0.04585185647010803,0.3900299916411301,0.22518877755619188,0.5197942124967754,0.5202857652129049,0.5183353391323801,0.5217446385773002,0.5176351175054542,0.5224448602042261,0.0,0.0,0.0,1.0,0.0,0.0,0.0,0.0,0.0,0.0,-0.21536925435066223,0.004630750045180321,0.0,0.0,0.0,0.0
87.493,1.0,1.0,0.0,gncbus_cmd,states_vx_gs,-0.2199999988079071,states_theta,0.02248700149357319,0.3900297216606798,0.22518883099935058,0.5201286234375534,0.5199506343242594,0.517711480783851,0.5223677769779618,0.518116472912127,0.5219627848496857,0.0,0.0,0.0,1.0,0.0,0.0,0.0,0.0,0.0,0.0,-0.21536925435066223,0.004630750045180321,0.0,0.0,0.0,0.0
87.593,1.0,1.0,0.0,gncbus_cmd,states_vx_gs,-0.2199999988079071,states_theta,-0.05122959613800049,0.39005658471508664,0.2252040464329546,0.5202497851223822,0.5199011074511821,0.5177339173920006,0.5224169751815637,0.5183191448564808,0.5218317477170835,0.0,0.0,0.0,1.0,0.0,0.0,0.0,0.0,0.0,0.0,-0.21536925435066223,0.004630750045180321,0.0,0.0,0.0,0.0
87.693,1.0,1.0,0.0,gncbus_cmd,states_vx_gs,-0.2199999988079071,states_theta,0.016058804467320442,0.39005658471508664,0.2252043271578142,0.5199407607822876,0.5202101317912767,0.5181885318601422,0.5219623607134221,0.5177249307305827,0.5224259618429816,0.0,0.0,0.0,1.0,0.0,0.0,0.0,0.0,0.0,0.0,-0.21536925435066223,0.004630750045180321,0.0,0.0,0.0,0.0
87.793,1.0,1.0,0.0,gncbus_cmd,states_vx_gs,-0.2199999988079071,states_theta,-0.02299688756465912,0.39005658471508664,0.2252041610229034,0.5199179883577311,0.5202329042158332,0.518265070691971,0.5218858218815933,0.5177298242949021,0.5224210682786622,0.0,0.0,0.0,1.0,0.0,0.0,0.0,0.0,0.0,0.0,-0.21536925435066223,0.004630750045180321,0.0,0.0,0.0,0.0
87.893,1.0,1.0,0.0,gncbus_cmd,states_vx_gs,-0.2199999988079071,states_theta,0.034373532980680466,0.3900837717460337,0.22522015952676563,0.5203033199992204,0.5199200713235361,0.5176787417026767,0.5225446496200798,0.5182696665141118,0.5219537248086448,0.0,0.0,0.0,1.0,0.0,0.0,0.0,0.0,0.0,0.0,-0.21536925435066223,0.004630750045180321,0.0,0.0,0.0,0.0
87.994,1.0,1.0,0.0,gncbus_cmd,states_vx_gs,-0.2199999988079071,states_theta,-0.030257105827331543,0.39008404172648414,0.2252199999136392,0.5203281588978951,0.5198959523727292,0.517756815657311,0.5224672956133133,0.5183269014313471,0.5218972098392772,0.0,0.0,0.0,1.0,0.0,0.0,0.0,0.0,0.0,0.0,-0.21536925435066223,0.004630750045180321,0.0,0.0,0.0,0.0
88.093,1.0,1.0,0.0,gncbus_cmd,states_vx_gs,-0.2199999988079071,states_theta,0.03329530730843544,0.3900979522208856,0.22522830962260512,0.5200151111358907,0.520246094786471,0.5182622680748958,0.5219989378474659,0.5177267091107505,0.5225344968116112,0.0,0.0,0.0,1.0,0.0,0.0,0.0,0.0,0.0,0.0,-0.21536925435066223,0.004630750045180321,0.0,0.0,0.0,0.0
88.194,1.0,1.0,0.0,gncbus_cmd,states_vx_gs,-0.2199999988079071,states_theta,0.014509439468383789,0.39009835725593156,0.22522846001495325,0.5199436491249855,0.520318636890832,0.5182777111661192,0.5219845748496983,0.517751648472069,0.5225106375437485,0.0,0.0,0.0,1.0,0.0,0.0,0.0,0.0,0.0,0.0,-0.21536925435066223,0.004630750045180321,0.0,0.0,0.0,0.0
88.294,1.0,1.0,0.0,gncbus_cmd,states_vx_gs,-0.20999999344348907,states_theta,0.052435263991355896,0.3900987622909775,0.2252289965739435,0.5202554489925363,0.520007917116737,0.5176959680850814,0.5225673980241918,0.5182004198761023,0.522062946233171,0.0,0.0,0.0,1.0,0.0,0.0,0.0,0.0,0.0,0.0,-0.21536925435066223,-0.005369255319237709,0.0,0.0,0.0,0.0
88.394,1.0,1.0,0.0,gncbus_cmd,states_vx_gs,-0.2199999988079071,states_theta,-0.061685867607593536,0.3900991673260234,0.22522853158730102,0.5202832226322293,0.5199812235704998,0.5178759886952266,0.5223884575075025,0.5183141917325781,0.521950254470151,0.0,0.0,0.0,1.0,0.0,0.0,0.0,0.0,0.0,0.0,-0.21536925435066223,0.004630750045180321,0.0,0.0,0.0,0.0
88.495,1.0,1.0,0.0,gncbus_cmd,states_vx_gs,-0.2199999988079071,states_theta,-0.012822355143725872,0.3900995723610693,0.22522904765398472,0.5199792877138593,0.5202862385823256,0.5183498602604644,0.5219156660357205,0.5177400960137402,0.5225254302824447,0.0,0.0,0.0,1.0,0.0,0.0,0.0,0.0,0.0,0.0,-0.21536925435066223,0.004630750045180321,0.0,0.0,0.0,0.0
88.595,1.0,1.0,0.0,gncbus_cmd,states_vx_gs,-0.2199999988079071,states_theta,-0.011085521429777145,0.39009997739611524,0.22522921073045146,0.5200183244867603,0.5202482819028803,0.5182092587409303,0.5220573476487104,0.517878424346978,0.5223881820426627,0.0,0.0,0.0,1.0,0.0,0.0,0.0,0.0,0.0,0.0,-0.21536925435066223,0.004630750045180321,0.0,0.0,0.0,0.0
88.695,1.0,1.0,0.0,gncbus_cmd,states_vx_gs,-0.2199999988079071,states_theta,0.006262402515858412,0.3901003824311612,0.2252296007263589,0.5202919741804348,0.5199757123026616,0.5177314759239745,0.5225362105591219,0.5183214869354628,0.5219461995476337,0.0,0.0,0.0,1.0,0.0,0.0,0.0,0.0,0.0,0.0,-0.21536925435066223,0.004630750045180321,0.0,0.0,0.0,0.0
88.796,1.0,1.0,0.0,gncbus_cmd,states_vx_gs,-0.22999998927116394,states_theta,-0.047553788870573044,0.3901007874662071,0.2252293970122696,0.5202697119047238,0.5199990546718284,0.5179050798729073,0.5223636867036449,0.518316555605692,0.5219522109708602,0.0,0.0,0.0,1.0,0.0,0.0,0.0,0.0,0.0,0.0,-0.21536925435066223,0.014630740508437157,0.0,0.0,0.0,0.0
88.895,1.0,1.0,0.0,gncbus_cmd,states_vx_gs,-0.22999998927116394,states_theta,0.0034345665480941534,0.39010119250125297,0.22522991779580587,0.5199895328377983,0.5202803138322097,0.5183483441396216,0.5219215025303864,0.5177692050358492,0.5225006416341588,0.0,0.0,0.0,1.0,0.0,0.0,0.0,0.0,0.0,0.0,-0.21536925435066223,0.014630740508437157,0.0,0.0,0.0,0.0
88.996,1.0,1.0,0.0,gncbus_cmd,states_vx_gs,-0.22999998927116394,states_theta,0.01152019388973713,0.3901015975362989,0.22523013825299176,0.520004180680716,0.5202667460827478,0.518252493941452,0.5220184328220118,0.5178501405840051,0.5224207861794586,0.0,0.0,0.0,1.0,0.0,0.0,0.0,0.0,0.0,0.0,-0.21536925435066223,0.014630740508437157,0.0,0.0,0.0,0.0
89.095,1.0,1.0,0.0,gncbus_cmd,states_vx_gs,-0.2199999988079071,states_theta,0.033496469259262085,0.39010200257134486,0.22523064337048715,0.5202662221201954,0.5200057847367242,0.5177323752005034,0.5225396316564161,0.5182705490949859,0.5220014577619336,0.0,0.0,0.0,1.0,0.0,0.0,0.0,0.0,0.0,0.0,-0.21536925435066223,0.004630750045180321,0.0,0.0,0.0,0.0
89.196,1.0,1.0,0.0,gncbus_cmd,states_vx_gs,-0.22999998927116394,states_theta,-0.05498715117573738,0.3900888481251969,0.2252224422056785,0.5202569649939712,0.5199799633398872,0.5179554890274669,0.5222814393063915,0.5182520041743683,0.52198492415949,0.0,0.0,0.0,1.0,0.0,0.0,0.0,0.0,0.0,0.0,-0.21536925435066223,0.014630740508437157,0.0,0.0,0.0,0.0
89.296,1.0,1.0,0.0,gncbus_cmd,states_vx_gs,-0.22999998927116394,states_theta,-0.0057025812566280365,0.3900891181056472,0.2252229329575224,0.5200368615665135,0.5202007867152124,0.5184034035048715,0.5218342447768545,0.517703184499464,0.522534463782262,0.0,0.0,0.0,1.0,0.0,0.0,0.0,0.0,0.0,0.0,-0.21536925435066223,0.014630740508437157,0.0,0.0,0.0,0.0
89.396,1.0,1.0,0.0,gncbus_cmd,states_vx_gs,-0.22999998927116394,states_theta,0.018846653401851654,0.3900621470590604,0.22520737489738973,0.5199860663932188,0.5201796590976089,0.5181628315934557,0.522002893897372,0.51782170100047,0.5223440244903577,0.0,0.0,0.0,1.0,0.0,0.0,0.0,0.0,0.0,0.0,-0.21536925435066223,0.014630740508437157,0.0,0.0,0.0,0.0
89.496,1.0,1.0,0.0,gncbus_cmd,states_vx_gs,-0.2199999988079071,states_theta,0.05239936709403992,0.3900621470590604,0.22520780031566803,0.5202543562810404,0.5199113692097872,0.5175589113982836,0.5226068140925441,0.5183008805476711,0.5218648449431565,0.0,0.0,0.0,1.0,0.0,0.0,0.0,0.0,0.0,0.0,-0.21536925435066223,0.004630750045180321,0.0,0.0,0.0,0.0
89.596,1.0,1.0,0.0,gncbus_cmd,states_vx_gs,-0.2199999988079071,states_theta,-0.03508016839623451,0.39003498702615824,0.2251915902081232,0.5201499188462222,0.5199433798901998,0.5177530849660168,0.5223402137704052,0.518216359698831,0.521876939037591,0.0,0.0,0.0,1.0,0.0,0.0,0.0,0.0,0.0,0.0,-0.21536925435066223,0.004630750045180321,0.0,0.0,0.0,0.0
89.696,1.0,1.0,0.0,gncbus_cmd,states_vx_gs,-0.2199999988079071,states_theta,0.029207009822130203,0.3896574670541066,0.2249740457475354,0.5192974640714523,0.5197891147394986,0.5177614465905575,0.5213251322203935,0.5170679164136857,0.5220186623972652,0.0,0.0,0.0,1.0,0.0,0.0,0.0,0.0,0.0,0.0,-0.21536925435066223,0.004630750045180321,0.0,0.0,0.0,0.0
89.796,1.0,1.0,0.0,gncbus_cmd,states_vx_gs,-0.2199999988079071,states_theta,0.0536852590739727,0.390004662032375,0.22517470409197204,0.5197056939386916,0.5203067381476417,0.5182834991361124,0.5217289329502209,0.5174210967224909,0.5225913353638424,0.0,0.0,0.0,1.0,0.0,0.0,0.0,0.0,0.0,0.0,-0.21536925435066223,0.004630750045180321,0.0,0.0,0.0,0.0
89.897,1.0,1.0,0.0,gncbus_cmd,states_vx_gs,-0.20999999344348907,states_theta,0.11174410581588745,0.39000412207147434,0.2251745689754772,0.5199756187585254,0.5200353734320728,0.5177134559880803,0.522297536202518,0.5178135253676639,0.5221974668229343,0.0,0.0,0.0,1.0,0.0,0.0,0.0,0.0,0.0,0.0,-0.21536925435066223,-0.005369255319237709,0.0,0.0,0.0,0.0
89.996,1.0,1.0,0.0,gncbus_cmd,states_vx_gs,-0.20999999344348907,states_theta,-0.05541867017745972,0.38999002262937976,0.22516576595679538,0.5202225646083066,0.5197508290700393,0.5175633477015125,0.5224100459768335,0.5182730125892554,0.5217003810890906,0.0,0.0,0.0,1.0,0.0,0.0,0.0,0.0,0.0,0.0,-0.21536925435066223,-0.005369255319237709,0.0,0.0,0.0,0.0
90.096,1.0,1.0,0.0,gncbus_cmd,states_vx_gs,-0.20999999344348907,states_theta,-0.061060093343257904,0.3899622415770715,0.22514953735076537,0.5199164061873413,0.5199829046848493,0.5179646989427031,0.5219346119294874,0.5178090064279879,0.5220903044442027,0.0,0.0,0.0,1.0,0.0,0.0,0.0,0.0,0.0,0.0,-0.21536925435066223,-0.005369255319237709,0.0,0.0,0.0,0.0
90.196,1.0,1.0,0.0,gncbus_cmd,states_vx_gs,-0.2199999988079071,states_theta,-0.06368769705295563,0.3899612965811249,0.22514901059928719,0.519734725724028,0.5201620651589717,0.5182710406102484,0.5216257502727513,0.517561288462141,0.5223355024208587,0.0,0.0,0.0,1.0,0.0,0.0,0.0,0.0,0.0,0.0,-0.21536925435066223,0.004630750045180321,0.0,0.0,0.0,0.0
90.296,1.0,1.0,0.0,gncbus_cmd,states_vx_gs,-0.2199999988079071,states_theta,-0.013529567047953606,0.3899332725507899,0.22513292389327,0.519976492449594,0.5198455676858458,0.5177003268816298,0.52212173325381,0.5179532763873407,0.5218687837480991,0.0,0.0,0.0,1.0,0.0,0.0,0.0,0.0,0.0,0.0,-0.21536925435066223,0.004630750045180321,0.0,0.0,0.0,0.0
90.398,1.0,1.0,0.0,gncbus_cmd,states_vx_gs,-0.2199999988079071,states_theta,-0.03238741308450699,0.3899320575744366,0.2251323126056933,0.5201623570124214,0.5196564631860763,0.5174586683818033,0.5223601518166944,0.5182311469100377,0.52158767328846,0.0,0.0,0.0,1.0,0.0,0.0,0.0,0.0,0.0,0.0,-0.21536925435066223,0.004630750045180321,0.0,0.0,0.0,0.0
90.498,1.0,1.0,0.0,gncbus_cmd,states_vx_gs,-0.2199999988079071,states_theta,0.01819668710231781,0.3899038175510365,0.2251160687915196,0.5198308141684137,0.5199126993010169,0.517878418287364,0.5218650951820666,0.5176312098586059,0.5221123036108247,0.0,0.0,0.0,1.0,0.0,0.0,0.0,0.0,0.0,0.0,-0.21536925435066223,0.004630750045180321,0.0,0.0,0.0,0.0
90.597,1.0,1.0,0.0,gncbus_cmd,states_vx_gs,-0.2199999988079071,states_theta,-0.027949852868914604,0.38990233259418927,0.2251151696189955,0.5196836208835254,0.5200559327009793,0.5182038818895958,0.5215356716949089,0.5173979568174691,0.5223415967670355,0.0,0.0,0.0,1.0,0.0,0.0,0.0,0.0,0.0,0.0,-0.21536925435066223,0.004630750045180321,0.0,0.0,0.0,0.0
90.697,1.0,1.0,0.0,gncbus_cmd,states_vx_gs,-0.2199999988079071,states_theta,0.012320701032876968,0.3899008476373419,0.22511432092358155,0.5199629334012191,0.5197726602983593,0.5176610779315262,0.5220745157680523,0.5178536893295392,0.5218819043700392,0.0,0.0,0.0,1.0,0.0,0.0,0.0,0.0,0.0,0.0,-0.21536925435066223,0.004630750045180321,0.0,0.0,0.0,0.0
90.798,1.0,1.0,0.0,gncbus_cmd,states_vx_gs,-0.22999998927116394,states_theta,-0.023389684036374092,0.389885749173062,0.22510536880673787,0.5199746800644749,0.5197206510636905,0.5175492575776228,0.5221460735505425,0.5180552074210314,0.521640123707134,0.0,0.0,0.0,1.0,0.0,0.0,0.0,0.0,0.0,0.0,-0.21536925435066223,0.014630740508437157,0.0,0.0,0.0,0.0
90.898,1.0,1.0,0.0,gncbus_cmd,states_vx_gs,-0.22999998927116394,states_theta,-0.01956881396472454,0.38985705012718724,0.22508874677047563,0.5199081712232322,0.5197106291159338,0.517830287213867,0.521788513125299,0.5176905163821933,0.5219282839569727,0.0,0.0,0.0,1.0,0.0,0.0,0.0,0.0,0.0,0.0,-0.21536925435066223,0.014630740508437157,0.0,0.0,0.0,0.0
90.998,1.0,1.0,0.0,gncbus_cmd,states_vx_gs,-0.22999998927116394,states_theta,-0.008607747033238411,0.389855160135294,0.22508773061511858,0.5199388865184517,0.5196748738423324,0.517900010480022,0.521713749880762,0.5175937819053515,0.5220199784554325,0.0,0.0,0.0,1.0,0.0,0.0,0.0,0.0,0.0,0.0,-0.21536925435066223,0.014630740508437157,0.0,0.0,0.0,0.0
91.098,1.0,1.0,0.0,gncbus_cmd,states_vx_gs,-0.22999998927116394,states_theta,-0.08483191579580307,0.38985327014340077,0.22508625885846187,0.5199504180783224,0.5196583023040796,0.5178467543831617,0.5217619659992403,0.5178012379158359,0.5218074824665662,0.0,0.0,0.0,1.0,0.0,0.0,0.0,0.0,0.0,0.0,-0.21536925435066223,0.014630740508437157,0.0,0.0,0.0,0.0
91.197,1.0,1.0,0.0,gncbus_cmd,states_vx_gs,-0.23999999463558197,states_theta,-0.03163134306669235,0.3898513801515076,0.2250852892657846,0.5199655829600303,0.51963809744399,0.517794352212218,0.5218093281918023,0.517794815618018,0.5218088647860023,0.0,0.0,0.0,1.0,0.0,0.0,0.0,0.0,0.0,0.0,-0.21536925435066223,0.024630745872855186,0.0,0.0,0.0,0.0
91.298,1.0,1.0,0.0,gncbus_cmd,states_vx_gs,-0.23999999463558197,states_theta,0.034102972596883774,0.38984949015961434,0.22508451117345213,0.5199915873849914,0.5196070530406469,0.5176976630178681,0.5219009774077702,0.5177512037963653,0.521847436629273,0.0,0.0,0.0,1.0,0.0,0.0,0.0,0.0,0.0,0.0,-0.21536925435066223,0.024630745872855186,0.0,0.0,0.0,0.0
91.399,1.0,1.0,0.0,gncbus_cmd,states_vx_gs,-0.22999998927116394,states_theta,0.10175730288028717,0.38984760016772124,0.22508388063784388,0.5199931769611292,0.5196004234861273,0.5175993872395229,0.5219942132077336,0.5176494850914392,0.5219441153558174,0.0,0.0,0.0,1.0,0.0,0.0,0.0,0.0,0.0,0.0,-0.21536925435066223,0.014630740508437157,0.0,0.0,0.0,0.0
91.499,1.0,1.0,0.0,gncbus_cmd,states_vx_gs,-0.2199999988079071,states_theta,0.16368021070957184,0.389845710175828,0.22508324023321352,0.5199802982310371,0.5196082622378375,0.5175604534246856,0.522028107044189,0.517499671925497,0.5220888885433776,0.0,0.0,0.0,1.0,0.0,0.0,0.0,0.0,0.0,0.0,-0.21536925435066223,0.004630750045180321,0.0,0.0,0.0,0.0
91.599,1.0,1.0,0.0,gncbus_cmd,states_vx_gs,-0.20999999344348907,states_theta,-0.07309110462665558,0.3898709802124452,0.22509679286620743,0.5197943274523878,0.5198616197807994,0.5179392719303794,0.5217166753028079,0.5176246368890728,0.5220313103441144,0.0,0.0,0.0,1.0,0.0,0.0,0.0,0.0,0.0,0.0,-0.21536925435066223,-0.005369255319237709,0.0,0.0,0.0,0.0
91.699,1.0,1.0,0.0,gncbus_cmd,states_vx_gs,-0.22999998927116394,states_theta,-0.19039064645767212,0.38988287917014375,0.22510286507363444,0.5197761472201731,0.519911530566877,0.5179727128020115,0.5217149649850386,0.5179780586935534,0.5217096190934967,0.0,0.0,0.0,1.0,0.0,0.0,0.0,0.0,0.0,0.0,-0.21536925435066223,0.014630740508437157,0.0,0.0,0.0,0.0
91.799,1.0,1.0,0.0,gncbus_cmd,states_vx_gs,-0.25,states_theta,-0.12060070037841797,0.3902571442049091,0.22531901169064142,0.5202743744186018,0.5204113434611557,0.5184560027610922,0.5222297151186653,0.5184600250848533,0.5222256927949042,0.0,0.0,0.0,1.0,0.0,0.0,0.0,0.0,0.0,0.0,-0.21536925435066223,0.03463074937462807,0.0,0.0,0.0,0.0
91.899,1.0,1.0,0.0,gncbus_cmd,states_vx_gs,-0.25,states_theta,-0.049933288246393204,0.3899110593034655,0.22511951234579317,0.5198117929002675,0.5199510319089737,0.5179287182656485,0.5218341065435927,0.5179194564704359,0.5218433683388053,0.0,0.0,0.0,1.0,0.0,0.0,0.0,0.0,0.0,0.0,-0.21536925435066223,0.03463074937462807,0.0,0.0,0.0,0.0
91.997,1.0,1.0,0.0,gncbus_cmd,states_vx_gs,-0.25,states_theta,0.013187131844460964,0.3899098443271122,0.22511910252629516,0.519754532109314,0.5200050527629851,0.517857252973978,0.5219023318983211,0.5178584079199375,0.5219011769523616,0.0,0.0,0.0,1.0,0.0,0.0,0.0,0.0,0.0,0.0,-0.21536925435066223,0.03463074937462807,0.0,0.0,0.0,0.0
92.1,1.0,1.0,0.0,gncbus_cmd,states_vx_gs,-0.25,states_theta,0.08280125260353088,0.3902866293423546,0.22533695713657514,0.5203287787770767,0.5204355661358688,0.5182345531990501,0.5225297917138955,0.5183430969222232,0.5224212479907223,0.0,0.0,0.0,1.0,0.0,0.0,0.0,0.0,0.0,0.0,-0.21536925435066223,0.03463074937462807,0.0,0.0,0.0,0.0
92.2,1.0,1.0,0.0,gncbus_cmd,states_vx_gs,-0.22999998927116394,states_theta,0.15043818950653076,0.3899387803970072,0.22513673189862574,0.5199129874132661,0.5199237603120864,0.5176196908393909,0.5222170568859617,0.5177802397901268,0.5220565079352257,0.0,0.0,0.0,1.0,0.0,0.0,0.0,0.0,0.0,0.0,-0.21536925435066223,0.014630740508437157,0.0,0.0,0.0,0.0
92.3,1.0,1.0,0.0,gncbus_cmd,states_vx_gs,-0.22999998927116394,states_theta,-0.019994063302874565,0.38993783540106064,0.2251353418884283,0.5199084186768046,0.519925809059357,0.5178303872745724,0.5220038404615892,0.5179220710842303,0.5219121566519314,0.0,0.0,0.0,1.0,0.0,0.0,0.0,0.0,0.0,0.0,-0.21536925435066223,0.014630740508437157,0.0,0.0,0.0,0.0
92.397,1.0,1.0,0.0,gncbus_cmd,states_vx_gs,-0.25,states_theta,-0.21390657126903534,0.39033982742767365,0.22536633431921496,0.520415830968524,0.5204903755052724,0.5187020542943378,0.5222041521794586,0.5186374725995163,0.5222687338742801,0.0,0.0,0.0,1.0,0.0,0.0,0.0,0.0,0.0,0.0,-0.21536925435066223,0.03463074937462807,0.0,0.0,0.0,0.0
92.5,1.0,1.0,0.0,gncbus_cmd,states_vx_gs,-0.25,states_theta,0.03327463939785957,0.38997962741811787,0.2251594625395324,0.51993427685042,0.5200113962645609,0.5179694963674311,0.5219761767475499,0.5178976600916976,0.5220480130232834,0.0,0.0,0.0,1.0,0.0,0.0,0.0,0.0,0.0,0.0,-0.21536925435066223,0.03463074937462807,0.0,0.0,0.0,0.0
92.6,1.0,1.0,0.0,gncbus_cmd,states_vx_gs,-0.23999999463558197,states_theta,0.025073792785406113,0.3899790874572172,0.2251592835071614,0.5201204299296108,0.5198238032896351,0.5177268808647116,0.5222173523545343,0.5181020420593595,0.5218421911598864,0.0,0.0,0.0,1.0,0.0,0.0,0.0,0.0,0.0,0.0,-0.21536925435066223,0.024630745872855186,0.0,0.0,0.0,0.0
92.701,1.0,1.0,0.0,gncbus_cmd,states_vx_gs,-0.25,states_theta,-0.08919580280780792,0.3900056805311736,0.22517393705082428,0.520024079810442,0.5199910682726877,0.5181223685145456,0.521892779568584,0.5180722084147055,0.5219429396684242,0.0,0.0,0.0,1.0,0.0,0.0,0.0,0.0,0.0,0.0,-0.21536925435066223,0.03463074937462807,0.0,0.0,0.0,0.0
92.801,1.0,1.0,0.0,gncbus_cmd,states_vx_gs,-0.25,states_theta,0.09661595523357391,0.3900054105507233,0.2251748748363063,0.5197327128236097,0.5202817153116525,0.5183256598071897,0.5216887683280724,0.5174839140980005,0.5225305140372616,0.0,0.0,0.0,1.0,0.0,0.0,0.0,0.0,0.0,0.0,-0.21536925435066223,0.03463074937462807,0.0,0.0,0.0,0.0
92.9,1.0,1.0,0.0,gncbus_cmd,states_vx_gs,-0.22999998927116394,states_theta,0.20449206233024597,0.39003216561294984,0.22519089342843449,0.5200234226075197,0.5200623523603466,0.5177519587501995,0.5223338162176667,0.5177953149997514,0.5222904599681149,0.0,0.0,0.0,1.0,0.0,0.0,0.0,0.0,0.0,0.0,-0.21536925435066223,0.014630740508437157,0.0,0.0,0.0,0.0
93.001,1.0,1.0,0.0,gncbus_cmd,states_vx_gs,-0.2199999988079071,states_theta,0.07700791954994202,0.39003216561294984,0.22519060847135003,0.5203315613695201,0.5197542135983462,0.5174690320977547,0.5226167428701115,0.5182882098336977,0.5217975651341685,0.0,0.0,0.0,1.0,0.0,0.0,0.0,0.0,0.0,0.0,-0.21536925435066223,0.004630750045180321,0.0,0.0,0.0,0.0
93.101,1.0,1.0,0.0,gncbus_cmd,states_vx_gs,-0.2199999988079071,states_theta,-0.009220287203788757,0.39003216561294984,0.22518996840728886,0.5201113023287133,0.519974472639153,0.5178638105405448,0.5222219644273215,0.5180729100178797,0.5220128649499866,0.0,0.0,0.0,1.0,0.0,0.0,0.0,0.0,0.0,0.0,-0.21536925435066223,0.004630750045180321,0.0,0.0,0.0,0.0
93.201,1.0,1.0,0.0,gncbus_cmd,states_vx_gs,-0.2199999988079071,states_theta,0.002779152011498809,0.390059352643897,0.22520590851841235,0.519839528745047,0.5203187449720117,0.5183834345229376,0.5217748391941212,0.517601101079851,0.5225571726372077,0.0,0.0,0.0,1.0,0.0,0.0,0.0,0.0,0.0,0.0,-0.21536925435066223,0.004630750045180321,0.0,0.0,0.0,0.0
93.3,1.0,1.0,0.0,gncbus_cmd,states_vx_gs,-0.2199999988079071,states_theta,-0.015194805338978767,0.3900731821055412,0.22521361385911634,0.5200309226061983,0.5201642296752449,0.5181093228666667,0.5220858294147765,0.5179497061337368,0.5222454461477064,0.0,0.0,0.0,1.0,0.0,0.0,0.0,0.0,0.0,0.0,-0.21536925435066223,0.004630750045180321,0.0,0.0,0.0,0.0
93.401,1.0,1.0,0.0,gncbus_cmd,states_vx_gs,-0.2199999988079071,states_theta,-0.006143189501017332,0.3900735871405872,0.22521406498066765,0.520315470305377,0.5198807620695223,0.5176436235448543,0.522552608830045,0.518397928780111,0.5217983035947882,0.0,0.0,0.0,1.0,0.0,0.0,0.0,0.0,0.0,0.0,-0.21536925435066223,0.004630750045180321,0.0,0.0,0.0,0.0
93.501,1.0,1.0,0.0,gncbus_cmd,states_vx_gs,-0.2199999988079071,states_theta,0.014218583703041077,0.39007399217563304,0.2252142131031288,0.5200828786473009,0.5201144338210539,0.5179739126107966,0.5222233998575582,0.5180266553169616,0.5221706571513932,0.0,0.0,0.0,1.0,0.0,0.0,0.0,0.0,0.0,0.0,-0.21536925435066223,0.004630750045180321,0.0,0.0,0.0,0.0
93.602,1.0,1.0,0.0,gncbus_cmd,states_vx_gs,-0.2199999988079071,states_theta,0.014293478801846504,0.39007439721067894,0.22521464247829248,0.5199052985614238,0.5202930940003868,0.5183988460045043,0.5217995465573063,0.5176029030129542,0.5225954895488564,0.0,0.0,0.0,1.0,0.0,0.0,0.0,0.0,0.0,0.0,-0.21536925435066223,0.004630750045180321,0.0,0.0,0.0,0.0
93.702,1.0,1.0,0.0,gncbus_cmd,states_vx_gs,-0.2199999988079071,states_theta,0.03532863035798073,0.39010204327276216,0.22523051379888598,0.5202134433713682,0.5200586720226642,0.5179756794793657,0.5222964359146667,0.5180563282892714,0.522215787104761,0.0,0.0,0.0,1.0,0.0,0.0,0.0,0.0,0.0,0.0,-0.21536925435066223,0.004630750045180321,0.0,0.0,0.0,0.0
93.802,1.0,1.0,0.0,gncbus_cmd,states_vx_gs,-0.20999999344348907,states_theta,0.020231349393725395,0.3901027182882583,0.2252310622177504,0.5202942884633842,0.5199796269719713,0.5177156470685387,0.5225582683668168,0.5182938720250239,0.5219800434103317,0.0,0.0,0.0,1.0,0.0,0.0,0.0,0.0,0.0,0.0,-0.21536925435066223,-0.005369255319237709,0.0,0.0,0.0,0.0
93.901,1.0,1.0,0.0,gncbus_cmd,states_vx_gs,-0.20999999344348907,states_theta,-0.015194224193692207,0.39010339330375454,0.22523117740060064,0.5200968500727934,0.5201788654038855,0.5180953181237825,0.5221803973528963,0.5179893340903626,0.5222863813863162,0.0,0.0,0.0,1.0,0.0,0.0,0.0,0.0,0.0,0.0,-0.21536925435066223,-0.005369255319237709,0.0,0.0,0.0,0.0
94.003,1.0,1.0,0.0,gncbus_cmd,states_vx_gs,-0.2199999988079071,states_theta,-0.04732093960046768,0.39010406831925093,0.22523137342460084,0.5199684458641712,0.5203090696538312,0.5183633007702034,0.521914214747799,0.5178453862322591,0.5224321292857433,0.0,0.0,0.0,1.0,0.0,0.0,0.0,0.0,0.0,0.0,-0.21536925435066223,0.004630750045180321,0.0,0.0,0.0,0.0
94.103,1.0,1.0,0.0,gncbus_cmd,states_vx_gs,-0.2199999988079071,states_theta,-0.01396847702562809,0.39010474333474715,0.22523188033345967,0.5202241494239858,0.52005516613534,0.5178660685121349,0.5224132470471908,0.5182753533974273,0.5220039621618985,0.0,0.0,0.0,1.0,0.0,0.0,0.0,0.0,0.0,0.0,-0.21536925435066223,0.004630750045180321,0.0,0.0,0.0,0.0
94.203,1.0,1.0,0.0,gncbus_cmd,states_vx_gs,-0.2199999988079071,states_theta,-0.014687495306134224,0.3901054183502433,0.22523232587074135,0.5202904009359016,0.5199907146647472,0.5177756057117594,0.5225055098888894,0.5183693673519708,0.521911748248678,0.0,0.0,0.0,1.0,0.0,0.0,0.0,0.0,0.0,0.0,-0.21536925435066223,0.004630750045180321,0.0,0.0,0.0,0.0
94.303,1.0,1.0,0.0,gncbus_cmd,states_vx_gs,-0.2199999988079071,states_theta,0.03780264034867287,0.39010609336573965,0.22523290064254742,0.5201189183948689,0.5201639972471035,0.5182133417799445,0.5220695738620279,0.5178245892827368,0.5224583263592356,0.0,0.0,0.0,1.0,0.0,0.0,0.0,0.0,0.0,0.0,-0.21536925435066223,0.004630750045180321,0.0,0.0,0.0,0.0
94.403,1.0,1.0,0.0,gncbus_cmd,states_vx_gs,-0.2199999988079071,states_theta,-0.027114320546388626,0.3901067683812359,0.22523303883596163,0.5200225087920928,0.520262206891203,0.5183817561410857,0.52190295954221,0.5177931590031395,0.5224915566801562,0.0,0.0,0.0,1.0,0.0,0.0,0.0,0.0,0.0,0.0,-0.21536925435066223,0.004630750045180321,0.0,0.0,0.0,0.0
94.503,1.0,1.0,0.0,gncbus_cmd,states_vx_gs,-0.2199999988079071,states_theta,0.01737832836806774,0.39008041835405516,0.22521794195149605,0.5199938914200704,0.5202205575240768,0.517990957835428,0.5222234911087191,0.518021470992204,0.5221929779519432,0.0,0.0,0.0,1.0,0.0,0.0,0.0,0.0,0.0,0.0,-0.21536925435066223,0.004630750045180321,0.0,0.0,0.0,0.0
94.604,1.0,1.0,0.0,gncbus_cmd,states_vx_gs,-0.2199999988079071,states_theta,-0.05585952475667,0.3900808233891011,0.2252178942693162,0.520036713671699,0.5201788153659039,0.5178279244639273,0.5223876045736756,0.5183380631422693,0.5218774658953337,0.0,0.0,0.0,1.0,0.0,0.0,0.0,0.0,0.0,0.0,-0.21536925435066223,0.004630750045180321,0.0,0.0,0.0,0.0
94.704,1.0,1.0,0.0,gncbus_cmd,states_vx_gs,-0.22999998927116394,states_theta,-0.05715201050043106,0.39008122842414705,0.22521792316174988,0.5201312562762124,0.5200853528548464,0.5180828791166852,0.5221337300143736,0.5181430006156131,0.5220736085154456,0.0,0.0,0.0,1.0,0.0,0.0,0.0,0.0,0.0,0.0,-0.21536925435066223,0.014630740508437157,0.0,0.0,0.0,0.0
94.803,1.0,1.0,0.0,gncbus_cmd,states_vx_gs,-0.22999998927116394,states_theta,0.025437872856855392,0.39006808748345856,0.22521082736635328,0.5201028304099966,0.5200787362125596,0.5183185195685241,0.5218630470540321,0.5177014687152149,0.5224800979073413,0.0,0.0,0.0,1.0,0.0,0.0,0.0,0.0,0.0,0.0,-0.21536925435066223,0.014630740508437157,0.0,0.0,0.0,0.0
94.905,1.0,1.0,0.0,gncbus_cmd,states_vx_gs,-0.2199999988079071,states_theta,0.09371832758188248,0.38966368043158844,0.22497771071892314,0.5195782494285842,0.519524898388985,0.5174215006187413,0.5216816471988279,0.5173233696578028,0.5217797781597664,0.0,0.0,0.0,1.0,0.0,0.0,0.0,0.0,0.0,0.0,-0.21536925435066223,0.004630750045180321,0.0,0.0,0.0,0.0
95.003,1.0,1.0,0.0,gncbus_cmd,states_vx_gs,-0.20999999344348907,states_theta,0.1448664665222168,0.39003793042321216,0.22519417932338287,0.5201079096960586,0.5199932380991739,0.5177385514350857,0.5223625963601467,0.5178425632915115,0.522258584503721,0.0,0.0,0.0,1.0,0.0,0.0,0.0,0.0,0.0,0.0,-0.21536925435066223,-0.005369255319237709,0.0,0.0,0.0,0.0
95.105,1.0,1.0,0.0,gncbus_cmd,states_vx_gs,-0.20999999344348907,states_theta,-0.12669003009796143,0.3900109053805351,0.22517726058181334,0.5198748049080659,0.5201542761066944,0.51810305284911,0.5219260281656504,0.5179701170953284,0.522058963919432,0.0,0.0,0.0,1.0,0.0,0.0,0.0,0.0,0.0,0.0,-0.21536925435066223,-0.005369255319237709,0.0,0.0,0.0,0.0
95.204,1.0,1.0,0.0,gncbus_cmd,states_vx_gs,-0.23999999463558197,states_theta,-0.2502283751964569,0.3900106354000848,0.22517621317428108,0.5200085905540283,0.5200197705128645,0.5181816642803186,0.5218466967865741,0.5183145323147148,0.521713828752178,0.0,0.0,0.0,1.0,0.0,0.0,0.0,0.0,0.0,0.0,-0.21536925435066223,0.024630745872855186,0.0,0.0,0.0,0.0
95.304,1.0,1.0,0.0,gncbus_cmd,states_vx_gs,-0.22999998927116394,states_theta,0.16034187376499176,0.38963311542803314,0.22496033440077084,0.5197190898517793,0.5193025512896424,0.5170787024499074,0.5219429386915143,0.5175033040353904,0.5215183371060313,0.0,0.0,0.0,1.0,0.0,0.0,0.0,0.0,0.0,0.0,-0.21536925435066223,0.014630740508437157,0.0,0.0,0.0,0.0
95.404,1.0,1.0,0.0,gncbus_cmd,states_vx_gs,-0.20999999344348907,states_theta,0.22729340195655823,0.3899805774141186,0.22516152492294678,0.5201123256094711,0.5198358808281787,0.5174972803629345,0.5224509260747152,0.5177617623878112,0.5221864440498385,0.0,0.0,0.0,1.0,0.0,0.0,0.0,0.0,0.0,0.0,-0.21536925435066223,-0.005369255319237709,0.0,0.0,0.0,0.0
95.505,1.0,1.0,0.0,gncbus_cmd,states_vx_gs,-0.20999999344348907,states_theta,-0.06258891522884369,0.3899800374532179,0.22515972823174635,0.5198320006194115,0.5201147659225029,0.517959980860526,0.5219867856813885,0.5178998335197655,0.5220469330221489,0.0,0.0,0.0,1.0,0.0,0.0,0.0,0.0,0.0,0.0,-0.21536925435066223,-0.005369255319237709,0.0,0.0,0.0,0.0
95.605,1.0,1.0,0.0,gncbus_cmd,states_vx_gs,-0.23999999463558197,states_theta,-0.3282577395439148,0.3899658839892851,0.22515007585560376,0.5197770291157158,0.5201319948557113,0.5182366957900839,0.5216723281813431,0.5183042581387862,0.5216047658326408,0.0,0.0,0.0,1.0,0.0,0.0,0.0,0.0,0.0,0.0,-0.21536925435066223,0.024630745872855186,0.0,0.0,0.0,0.0
95.705,1.0,1.0,0.0,gncbus_cmd,states_vx_gs,-0.25,states_theta,0.011440970934927464,0.3899380219428417,0.22513539700163693,0.5200418852171821,0.5197928399637292,0.5176289227035206,0.5222058024773907,0.5181889161560794,0.5216458090248318,0.0,0.0,0.0,1.0,0.0,0.0,0.0,0.0,0.0,0.0,-0.21536925435066223,0.03463074937462807,0.0,0.0,0.0,0.0
95.804,1.0,1.0,0.0,gncbus_cmd,states_vx_gs,-0.22999998927116394,states_theta,0.23862458765506744,0.3899370769468952,0.22513615625120373,0.5200046098599463,0.5198275953317743,0.5175511609575661,0.5222810442341544,0.517682424032253,0.5221497811594676,0.0,0.0,0.0,1.0,0.0,0.0,0.0,0.0,0.0,0.0,-0.21536925435066223,0.014630740508437157,0.0,0.0,0.0,0.0
95.905,1.0,1.0,0.0,gncbus_cmd,states_vx_gs,-0.20999999344348907,states_theta,0.08369383215904236,0.3899090259185195,0.22511954476216106,0.5196631971650566,0.5200942052843288,0.5179755570061518,0.5217818454432336,0.5173944819370101,0.5223629205123753,0.0,0.0,0.0,1.0,0.0,0.0,0.0,0.0,0.0,0.0,-0.21536925435066223,-0.005369255319237709,0.0,0.0,0.0,0.0
96.006,1.0,1.0,0.0,gncbus_cmd,states_vx_gs,-0.2199999988079071,states_theta,-0.0779784694314003,0.38990768944453097,0.22511775055726524,0.5198561371152254,0.5198977014035239,0.5179627155315106,0.5217911229872386,0.5177952199344652,0.521958618584284,0.0,0.0,0.0,1.0,0.0,0.0,0.0,0.0,0.0,0.0,-0.21536925435066223,0.004630750045180321,0.0,0.0,0.0,0.0
96.106,1.0,1.0,0.0,gncbus_cmd,states_vx_gs,-0.2199999988079071,states_theta,-0.01538676954805851,0.3899064744681777,0.2251174716862203,0.52006082030289,0.5196897782789172,0.5174854446871462,0.522265153894661,0.5181394130887487,0.5216111854930585,0.0,0.0,0.0,1.0,0.0,0.0,0.0,0.0,0.0,0.0,-0.21536925435066223,0.004630750045180321,0.0,0.0,0.0,0.0
96.206,1.0,1.0,0.0,gncbus_cmd,states_vx_gs,-0.2199999988079071,states_theta,0.04193883016705513,0.3898779914623329,0.22510116595743213,0.519846975198284,0.5198276687012703,0.5177234928038721,0.5219511510956822,0.5177065179228706,0.5219681259766837,0.0,0.0,0.0,1.0,0.0,0.0,0.0,0.0,0.0,0.0,-0.21536925435066223,0.004630750045180321,0.0,0.0,0.0,0.0
96.306,1.0,1.0,0.0,gncbus_cmd,states_vx_gs,-0.2199999988079071,states_theta,-0.0028381606098264456,0.38987650650548566,0.22510018924842765,0.5197100271529219,0.5199606568617064,0.5180436861785702,0.5216269978360581,0.5174756885593796,0.5221949954552487,0.0,0.0,0.0,1.0,0.0,0.0,0.0,0.0,0.0,0.0,-0.21536925435066223,0.004630750045180321,0.0,0.0,0.0,0.0
96.406,1.0,1.0,0.0,gncbus_cmd,states_vx_gs,-0.2199999988079071,states_theta,-0.055813178420066833,0.3898750215486384,0.22509899620203197,0.5197088479967837,0.5199578761329187,0.5178799764666909,0.5217867476630115,0.5177458015588153,0.5219209225708871,0.0,0.0,0.0,1.0,0.0,0.0,0.0,0.0,0.0,0.0,-0.21536925435066223,0.004630750045180321,0.0,0.0,0.0,0.0
96.507,1.0,1.0,0.0,gncbus_cmd,states_vx_gs,-0.22999998927116394,states_theta,-0.010648854076862335,0.38985999061167814,0.2250904601173376,0.5196977394337723,0.5199289021973694,0.5175359155894512,0.5220907260416905,0.518012033293948,0.5216146083371938,0.0,0.0,0.0,1.0,0.0,0.0,0.0,0.0,0.0,0.0,-0.21536925435066223,0.014630740508437157,0.0,0.0,0.0,0.0
96.607,1.0,1.0,0.0,gncbus_cmd,states_vx_gs,-0.2199999988079071,states_theta,0.01619001105427742,0.3898583706001916,0.22508972971714,0.5196321425940906,0.5199901790064203,0.5176583628096646,0.5219639587908463,0.5177747569964072,0.5218475646041038,0.0,0.0,0.0,1.0,0.0,0.0,0.0,0.0,0.0,0.0,-0.21536925435066223,0.004630750045180321,0.0,0.0,0.0,0.0
96.706,1.0,1.0,0.0,gncbus_cmd,states_vx_gs,-0.22999998927116394,states_theta,-0.01561461016535759,0.38985675058870517,0.22508852760163686,0.5195934738811742,0.5200245276887062,0.5178669313507396,0.5217510702191408,0.5176841541600281,0.5219338474098523,0.0,0.0,0.0,1.0,0.0,0.0,0.0,0.0,0.0,0.0,-0.21536925435066223,0.014630740508437157,0.0,0.0,0.0,0.0
96.806,1.0,1.0,0.0,gncbus_cmd,states_vx_gs,-0.2199999988079071,states_theta,0.049059733748435974,0.3898551305772186,0.2250879957734242,0.5197807640707902,0.5198329174684594,0.5176502951239017,0.5219633864153479,0.5177072663131468,0.5219064152261028,0.0,0.0,0.0,1.0,0.0,0.0,0.0,0.0,0.0,0.0,-0.21536925435066223,0.004630750045180321,0.0,0.0,0.0,0.0
96.907,1.0,1.0,0.0,gncbus_cmd,states_vx_gs,-0.20999999344348907,states_theta,0.10548385977745056,0.3898670565458451,0.225095303198535,0.5198733484918614,0.5197721356303922,0.5175348888151,0.5221105953071535,0.5176819754428666,0.5219635086793869,0.0,0.0,0.0,1.0,0.0,0.0,0.0,0.0,0.0,0.0,-0.21536925435066223,-0.005369255319237709,0.0,0.0,0.0,0.0
97.007,1.0,1.0,0.0,gncbus_cmd,states_vx_gs,-0.20999999344348907,states_theta,0.0012858961708843708,0.38986557158899776,0.22509393492378696,0.5198462900449964,0.519795234192331,0.5178308417316219,0.5218106825057055,0.51759833644991,0.5220431877874173,0.0,0.0,0.0,1.0,0.0,0.0,0.0,0.0,0.0,0.0,-0.21536925435066223,-0.005369255319237709,0.0,0.0,0.0,0.0
97.106,1.0,1.0,0.0,gncbus_cmd,states_vx_gs,-0.2199999988079071,states_theta,-0.09877865016460419,0.38986408663215055,0.22509247783094483,0.5198830417082358,0.5197545226441656,0.5179381498969745,0.5216994144554269,0.5177502875837215,0.5218872767686799,0.0,0.0,0.0,1.0,0.0,0.0,0.0,0.0,0.0,0.0,-0.21536925435066223,0.004630750045180321,0.0,0.0,0.0,0.0
97.207,1.0,1.0,0.0,gncbus_cmd,states_vx_gs,-0.22999998927116394,states_theta,-0.14129769802093506,0.3898626016753033,0.22509130476308922,0.5199161743638281,0.5197174301036473,0.5178762909735851,0.5217573134938903,0.5179525201609231,0.5216810843065524,0.0,0.0,0.0,1.0,0.0,0.0,0.0,0.0,0.0,0.0,-0.21536925435066223,0.014630740508437157,0.0,0.0,0.0,0.0
97.306,1.0,1.0,0.0,gncbus_cmd,states_vx_gs,-0.23999999463558197,states_theta,-0.0777992457151413,0.39026600973954595,0.2253243751407731,0.520480968266569,0.520228391038887,0.5183508148908442,0.5223585444146117,0.5184784520141856,0.5222309072912703,0.0,0.0,0.0,1.0,0.0,0.0,0.0,0.0,0.0,0.0,-0.21536925435066223,0.024630745872855186,0.0,0.0,0.0,0.0
97.408,1.0,1.0,0.0,gncbus_cmd,states_vx_gs,-0.23999999463558197,states_theta,-0.01604125276207924,0.3899190698098648,0.22512435955072935,0.5200443178838271,0.5197398682758124,0.5177986471818864,0.5219855389777531,0.517978450166744,0.5218057359928955,0.0,0.0,0.0,1.0,0.0,0.0,0.0,0.0,0.0,0.0,-0.21536925435066223,0.024630745872855186,0.0,0.0,0.0,0.0
97.507,1.0,1.0,0.0,gncbus_cmd,states_vx_gs,-0.23999999463558197,states_theta,0.043764110654592514,0.38991812481391824,0.22512407010891672,0.5198702895312076,0.519911376639241,0.5178304317769922,0.5219512343934565,0.517821207637756,0.5219604585326927,0.0,0.0,0.0,1.0,0.0,0.0,0.0,0.0,0.0,0.0,-0.21536925435066223,0.024630745872855186,0.0,0.0,0.0,0.0
97.607,1.0,1.0,0.0,gncbus_cmd,states_vx_gs,-0.23999999463558197,states_theta,-0.004243738483637571,0.39029517980956735,0.2253415888807613,0.5201999931516241,0.5205871530072221,0.5185663949790056,0.5222207511798407,0.5181918720442211,0.5225952741146251,0.0,0.0,0.0,1.0,0.0,0.0,0.0,0.0,0.0,0.0,-0.21536925435066223,0.024630745872855186,0.0,0.0,0.0,0.0
97.708,1.0,1.0,0.0,gncbus_cmd,states_vx_gs,-0.23999999463558197,states_theta,0.04149649664759636,0.38994687784708215,0.2251407123370894,0.5197178150988231,0.5201405258267293,0.5180441819551004,0.521814158970452,0.5176915757136545,0.5221667652118979,0.0,0.0,0.0,1.0,0.0,0.0,0.0,0.0,0.0,0.0,-0.21536925435066223,0.024630745872855186,0.0,0.0,0.0,0.0
97.808,1.0,1.0,0.0,gncbus_cmd,states_vx_gs,-0.22999998927116394,states_theta,0.08595144748687744,0.3899598433455372,0.22514863550789121,0.5200692814131678,0.5198236341749314,0.5174483210900782,0.5224445944980209,0.5181752203189058,0.5217176952691933,0.0,0.0,0.0,1.0,0.0,0.0,0.0,0.0,0.0,0.0,-0.21536925435066223,0.014630740508437157,0.0,0.0,0.0,0.0
97.908,1.0,1.0,0.0,gncbus_cmd,states_vx_gs,-0.22999998927116394,states_theta,0.03500557690858841,0.3899593033846365,0.22514802299593223,0.5201271274844279,0.5197643482079362,0.51758648264088,0.522304993051484,0.5181423187948455,0.5217491568975186,0.0,0.0,0.0,1.0,0.0,0.0,0.0,0.0,0.0,0.0,-0.21536925435066223,0.014630740508437157,0.0,0.0,0.0,0.0
98.007,1.0,1.0,0.0,gncbus_cmd,states_vx_gs,-0.2199999988079071,states_theta,0.09527159482240677,0.38998589645859283,0.22516378207991564,0.5198400403355325,0.5201223502207151,0.518066614022085,0.5218957765341626,0.5175528390700185,0.5224095514862291,0.0,0.0,0.0,1.0,0.0,0.0,0.0,0.0,0.0,0.0,-0.21536925435066223,0.004630750045180321,0.0,0.0,0.0,0.0
98.108,1.0,1.0,0.0,gncbus_cmd,states_vx_gs,-0.2199999988079071,states_theta,-0.03674696385860443,0.3899856264781425,0.22516305573336734,0.5197966963831312,0.5201649742252489,0.5182970324229969,0.5216646381853832,0.5175963528168085,0.5223653177915716,0.0,0.0,0.0,1.0,0.0,0.0,0.0,0.0,0.0,0.0,-0.21536925435066223,0.004630750045180321,0.0,0.0,0.0,0.0
98.209,1.0,1.0,0.0,gncbus_cmd,states_vx_gs,-0.2199999988079071,states_theta,0.018258240073919296,0.3900124085384141,0.22517868253943135,0.5201694207758192,0.5198636686599518,0.517723156671928,0.522309932763843,0.51812757788092,0.521905511554851,0.0,0.0,0.0,1.0,0.0,0.0,0.0,0.0,0.0,0.0,-0.21536925435066223,0.004630750045180321,0.0,0.0,0.0,0.0
98.308,1.0,1.0,0.0,gncbus_cmd,states_vx_gs,-0.2199999988079071,states_theta,-0.010493578389286995,0.3900124085384141,0.2251785266595998,0.5201251507368282,0.5199079386989428,0.5177796543945924,0.5222534350411786,0.518131096357377,0.521901993078394,0.0,0.0,0.0,1.0,0.0,0.0,0.0,0.0,0.0,0.0,-0.21536925435066223,0.004630750045180321,0.0,0.0,0.0,0.0
98.408,1.0,1.0,0.0,gncbus_cmd,states_vx_gs,-0.2199999988079071,states_theta,0.025768622756004333,0.3900124085384141,0.22517882173341142,0.5198058745281234,0.5202272149076476,0.5182701411166503,0.5217629483191207,0.5175654967224014,0.5224675927133696,0.0,0.0,0.0,1.0,0.0,0.0,0.0,0.0,0.0,0.0,-0.21536925435066223,0.004630750045180321,0.0,0.0,0.0,0.0
98.51,1.0,1.0,0.0,gncbus_cmd,states_vx_gs,-0.2199999988079071,states_theta,0.0006360859842970967,0.3900396225674063,0.2251942549291693,0.5200192931312627,0.5200863670484875,0.5180466315269634,0.5220590286527869,0.5179140707188974,0.5221915894608529,0.0,0.0,0.0,1.0,0.0,0.0,0.0,0.0,0.0,0.0,-0.21536925435066223,0.004630750045180321,0.0,0.0,0.0,0.0
98.609,1.0,1.0,0.0,gncbus_cmd,states_vx_gs,-0.2199999988079071,states_theta,0.008091759867966175,0.3900534655345102,0.22520245938672848,0.5202959531349999,0.519846621623694,0.5176178313244777,0.5225247434342162,0.5183645458344885,0.5217780289242053,0.0,0.0,0.0,1.0,0.0,0.0,0.0,0.0,0.0,0.0,-0.21536925435066223,0.004630750045180321,0.0,0.0,0.0,0.0
98.709,1.0,1.0,0.0,gncbus_cmd,states_vx_gs,-0.2199999988079071,states_theta,0.030790163204073906,0.39005387056955604,0.22520262504713923,0.5200307515763837,0.5201129032757658,0.5180332285598966,0.5221104262922528,0.5179033076073337,0.5222403472448157,0.0,0.0,0.0,1.0,0.0,0.0,0.0,0.0,0.0,0.0,-0.21536925435066223,0.004630750045180321,0.0,0.0,0.0,0.0
98.809,1.0,1.0,0.0,gncbus_cmd,states_vx_gs,-0.20999999344348907,states_theta,-0.028424754738807678,0.39005427560460193,0.2252028436353541,0.5198626650080498,0.5202820699375554,0.5183339680012577,0.5218107669443475,0.5176710009080747,0.5224737340375305,0.0,0.0,0.0,1.0,0.0,0.0,0.0,0.0,0.0,0.0,-0.21536925435066223,-0.005369255319237709,0.0,0.0,0.0,0.0
98.909,1.0,1.0,0.0,gncbus_cmd,states_vx_gs,-0.2199999988079071,states_theta,-0.02341242879629135,0.3900817866764599,0.22521849784618617,0.5201861290498951,0.5200319687539979,0.5179360743609639,0.5222820234429292,0.5181875218009891,0.5220305760029039,0.0,0.0,0.0,1.0,0.0,0.0,0.0,0.0,0.0,0.0,-0.21536925435066223,0.004630750045180321,0.0,0.0,0.0,0.0
99.01,1.0,1.0,0.0,gncbus_cmd,states_vx_gs,-0.2199999988079071,states_theta,-0.010304070077836514,0.39008246169195626,0.22521920902113376,0.5204232274917654,0.5197966703534512,0.5175976852492234,0.5226222125959932,0.5185007224048721,0.5217191754403445,0.0,0.0,0.0,1.0,0.0,0.0,0.0,0.0,0.0,0.0,-0.21536925435066223,0.004630750045180321,0.0,0.0,0.0,0.0
99.11,1.0,1.0,0.0,gncbus_cmd,states_vx_gs,-0.2199999988079071,states_theta,0.03972598537802696,0.3900831367074525,0.225219560651284,0.5201679624748536,0.5200537354116863,0.518021781832814,0.522199916053726,0.5179746970021971,0.5222470008843428,0.0,0.0,0.0,1.0,0.0,0.0,0.0,0.0,0.0,0.0,-0.21536925435066223,0.004630750045180321,0.0,0.0,0.0,0.0
99.21,1.0,1.0,0.0,gncbus_cmd,states_vx_gs,-0.2199999988079071,states_theta,-0.017456557601690292,0.39008381172294865,0.22521985574839617,0.5198998399357424,0.5203236579921207,0.5184362896973245,0.5217872082305386,0.5176810975320232,0.5225424003958399,0.0,0.0,0.0,1.0,0.0,0.0,0.0,0.0,0.0,0.0,-0.21536925435066223,0.004630750045180321,0.0,0.0,0.0,0.0
99.31,1.0,1.0,0.0,gncbus_cmd,states_vx_gs,-0.2199999988079071,states_theta,0.005880816373974085,0.39008448673844487,0.2252201752618763,0.5201098715519171,0.5201154264172693,0.5179891333548963,0.5222361646142901,0.5180818047538791,0.5221434932153073,0.0,0.0,0.0,1.0,0.0,0.0,0.0,0.0,0.0,0.0,-0.21536925435066223,0.004630750045180321,0.0,0.0,0.0,0.0
99.41,1.0,1.0,0.0,gncbus_cmd,states_vx_gs,-0.2199999988079071,states_theta,-0.029326237738132477,0.39011224079270823,0.22523617005885835,0.5203447940877366,0.5199545146928186,0.5177798519379523,0.5225194568426029,0.5184385301331472,0.521860778647408,0.0,0.0,0.0,1.0,0.0,0.0,0.0,0.0,0.0,0.0,-0.21536925435066223,0.004630750045180321,0.0,0.0,0.0,0.0
99.511,1.0,1.0,0.0,gncbus_cmd,states_vx_gs,-0.2199999988079071,states_theta,0.005066258832812309,0.3901131857886548,0.22523677208843507,0.5200734051561741,0.520228423613572,0.5182444027209901,0.5220574260487559,0.5179052725387999,0.5223965562309462,0.0,0.0,0.0,1.0,0.0,0.0,0.0,0.0,0.0,0.0,-0.21536925435066223,0.004630750045180321,0.0,0.0,0.0,0.0
99.612,1.0,1.0,0.0,gncbus_cmd,states_vx_gs,-0.2199999988079071,states_theta,-0.017945218831300735,0.39011413078460133,0.22523726200067185,0.5200165268559327,0.5202878219030043,0.5183678168180809,0.5219365319408561,0.517832463554189,0.522471885204748,0.0,0.0,0.0,1.0,0.0,0.0,0.0,0.0,0.0,0.0,-0.21536925435066223,0.004630750045180321,0.0,0.0,0.0,0.0
99.71,1.0,1.0,0.0,gncbus_cmd,states_vx_gs,-0.2199999988079071,states_theta,0.01911519095301628,0.39011507578054805,0.22523790725621687,0.5200454754561664,0.5202613932919616,0.5179867771751209,0.5223200915730072,0.5181392512283239,0.5221676175198041,0.0,0.0,0.0,1.0,0.0,0.0,0.0,0.0,0.0,0.0,-0.21536925435066223,0.004630750045180321,0.0,0.0,0.0,0.0
99.81,1.0,1.0,0.0,gncbus_cmd,states_vx_gs,-0.2199999988079071,states_theta,-0.027974896132946014,0.39008877974945744,0.22522255255358725,0.5200701594169703,0.5201665865815828,0.5178375541595367,0.5223991918390164,0.5183164830683017,0.5219202629302514,0.0,0.0,0.0,1.0,0.0,0.0,0.0,0.0,0.0,0.0,-0.21536925435066223,0.004630750045180321,0.0,0.0,0.0,0.0
99.911,1.0,1.0,0.0,gncbus_cmd,states_vx_gs,-0.2199999988079071,states_theta,-0.017344892024993896,0.39008945476495366,0.22522294351477035,0.5200280811990703,0.5202104648408061,0.5181708055739377,0.5220677404659387,0.5179631943104172,0.5222753517294593,0.0,0.0,0.0,1.0,0.0,0.0,0.0,0.0,0.0,0.0,-0.21536925435066223,0.004630750045180321,0.0,0.0,0.0,0.0
100.011,1.0,1.0,0.0,gncbus_cmd,states_vx_gs,-0.2199999988079071,states_theta,0.0009250519215129316,0.3900901297804498,0.22522346701527407,0.519996937139189,0.5202434089420105,0.518272890652906,0.5219674554282935,0.5178251925665819,0.5224151535146176,0.0,0.0,0.0,1.0,0.0,0.0,0.0,0.0,0.0,0.0,-0.21536925435066223,0.004630750045180321,0.0,0.0,0.0,0.0
100.111,1.0,1.0,0.0,gncbus_cmd,states_vx_gs,-0.2199999988079071,states_theta,0.01966715231537819,0.39009080479594604,0.2252239415755379,0.5201998922064887,0.5200422539160342,0.5178058439690671,0.5224363021534557,0.5182553412263733,0.5219868048961496,0.0,0.0,0.0,1.0,0.0,0.0,0.0,0.0,0.0,0.0,-0.21536925435066223,0.004630750045180321,0.0,0.0,0.0,0.0
100.211,1.0,1.0,0.0,gncbus_cmd,states_vx_gs,-0.2199999988079071,states_theta,-0.017908267676830292,0.3900642117863602,0.22520838996901466,0.5201755218738108,0.519995709556483,0.5178524800926119,0.5223187513376819,0.5182161461207024,0.5219550853095913,0.0,0.0,0.0,1.0,0.0,0.0,0.0,0.0,0.0,0.0,-0.21536925435066223,0.004630750045180321,0.0,0.0,0.0,0.0
100.312,1.0,1.0,0.0,gncbus_cmd,states_vx_gs,-0.2199999988079071,states_theta,0.004050448536872864,0.3900646168214061,0.22520884137440264,0.5198709391073759,0.5203013724163736,0.5183532238510341,0.5218190876727155,0.5176710987825072,0.5225012127412424,0.0,0.0,0.0,1.0,0.0,0.0,0.0,0.0,0.0,0.0,-0.21536925435066223,0.004630750045180321,0.0,0.0,0.0,0.0
100.411,1.0,1.0,0.0,gncbus_cmd,states_vx_gs,-0.2199999988079071,states_theta,-0.023631006479263306,0.3900491583534367,0.22519964548822655,0.5199833252593933,0.5201477636831044,0.5181248130522991,0.5220062758901987,0.5179160784864114,0.5222150104560863,0.0,0.0,0.0,1.0,0.0,0.0,0.0,0.0,0.0,0.0,-0.21536925435066223,0.004630750045180321,0.0,0.0,0.0,0.0
100.511,1.0,1.0,0.0,gncbus_cmd,states_vx_gs,-0.22999998927116394,states_theta,-0.006197359412908554,0.39002221430489475,0.22518403836491818,0.520081994220728,0.519977243925658,0.5179097788023348,0.5221494593440512,0.5180790970035649,0.5219801411428211,0.0,0.0,0.0,1.0,0.0,0.0,0.0,0.0,0.0,0.0,-0.21536925435066223,0.014630740508437157,0.0,0.0,0.0,0.0
100.612,1.0,1.0,0.0,gncbus_cmd,states_vx_gs,-0.23999999463558197,states_theta,-0.15832462906837463,0.39002221430489475,0.2251832615323544,0.5201836673572883,0.5198755707890977,0.5180377398492463,0.5220214982971397,0.5183236739918297,0.5217355641545564,0.0,0.0,0.0,1.0,0.0,0.0,0.0,0.0,0.0,0.0,-0.21536925435066223,0.024630745872855186,0.0,0.0,0.0,0.0
100.713,1.0,1.0,0.0,gncbus_cmd,states_vx_gs,-0.25,states_theta,-0.0650763064622879,0.3899924292720123,0.22516647916278518,0.5198237661120803,0.5201560452799524,0.5184381832768465,0.5215416281151861,0.5177070587632524,0.5222727526287803,0.0,0.0,0.0,1.0,0.0,0.0,0.0,0.0,0.0,0.0,-0.21536925435066223,0.03463074937462807,0.0,0.0,0.0,0.0
100.814,1.0,1.0,0.0,gncbus_cmd,states_vx_gs,-0.25,states_theta,0.04530996456742287,0.38999215929156184,0.2251668495184372,0.5197730567230451,0.5202060347211198,0.5183442593769442,0.5216348320672207,0.5175727485860523,0.5224063428581126,0.0,0.0,0.0,1.0,0.0,0.0,0.0,0.0,0.0,0.0,-0.21536925435066223,0.03463074937462807,0.0,0.0,0.0,0.0
100.914,1.0,1.0,0.0,gncbus_cmd,states_vx_gs,-0.23999999463558197,states_theta,0.1039036437869072,0.3899647832742995,0.22515128046770486,0.5200374807817698,0.5198686079496955,0.5177056725431219,0.5222004161883433,0.5179624875401672,0.5219436011912981,0.0,0.0,0.0,1.0,0.0,0.0,0.0,0.0,0.0,0.0,-0.21536925435066223,0.024630745872855186,0.0,0.0,0.0,0.0
101.014,1.0,1.0,0.0,gncbus_cmd,states_vx_gs,-0.22999998927116394,states_theta,-0.0192677304148674,0.38996424331339885,0.22515055831619243,0.5201343521772711,0.5197702966584591,0.5177091773163257,0.5221954715194045,0.5181589904577003,0.5217456583780299,0.0,0.0,0.0,1.0,0.0,0.0,0.0,0.0,0.0,0.0,-0.21536925435066223,0.014630740508437157,0.0,0.0,0.0,0.0
101.113,1.0,1.0,0.0,gncbus_cmd,states_vx_gs,-0.22999998927116394,states_theta,0.024070357903838158,0.3899501708822233,0.22514270853017332,0.5198099331682027,0.5200571891843928,0.5182239670737191,0.5216431552788764,0.517517408608651,0.5223497137439445,0.0,0.0,0.0,1.0,0.0,0.0,0.0,0.0,0.0,0.0,-0.21536925435066223,0.014630740508437157,0.0,0.0,0.0,0.0
101.214,1.0,1.0,0.0,gncbus_cmd,states_vx_gs,-0.22999998927116394,states_theta,0.035515978932380676,0.38994949586672706,0.22514226297522832,0.5198457925503341,0.520019529760938,0.5180339436059829,0.5218313787052893,0.51768265367711,0.5221826686341622,0.0,0.0,0.0,1.0,0.0,0.0,0.0,0.0,0.0,0.0,-0.21536925435066223,0.014630740508437157,0.0,0.0,0.0,0.0
101.316,1.0,1.0,0.0,gncbus_cmd,states_vx_gs,-0.22999998927116394,states_theta,0.05024702847003937,0.3899215528261486,0.22512631631853106,0.5200635454007669,0.5197272621356293,0.5174513733405888,0.5223394341958074,0.5181609021705573,0.5216299053658389,0.0,0.0,0.0,1.0,0.0,0.0,0.0,0.0,0.0,0.0,-0.21536925435066223,0.014630740508437157,0.0,0.0,0.0,0.0
101.415,1.0,1.0,0.0,gncbus_cmd,states_vx_gs,-0.22999998927116394,states_theta,0.0003003215533681214,0.389920607830202,0.22512540275659654,0.5199206889839635,0.5198675985632418,0.5177018727269747,0.5220864148202307,0.51801250599667,0.5217757815505353,0.0,0.0,0.0,1.0,0.0,0.0,0.0,0.0,0.0,0.0,-0.21536925435066223,0.014630740508437157,0.0,0.0,0.0,0.0
101.514,1.0,1.0,0.0,gncbus_cmd,states_vx_gs,-0.2199999988079071,states_theta,0.028673816472291946,0.38989252980378564,0.22510957481812882,0.5196455335415467,0.5200678792685484,0.5180957155735663,0.5216176972365288,0.5174296462944884,0.5222837665156067,0.0,0.0,0.0,1.0,0.0,0.0,0.0,0.0,0.0,0.0,-0.21536925435066223,0.004630750045180321,0.0,0.0,0.0,0.0
101.614,1.0,1.0,0.0,gncbus_cmd,states_vx_gs,-0.2199999988079071,states_theta,-0.03072914481163025,0.3898913148274324,0.2251084467519576,0.5198609900975173,0.5198491827756357,0.5178885420303591,0.521821630842794,0.5177573033029984,0.5219528695701546,0.0,0.0,0.0,1.0,0.0,0.0,0.0,0.0,0.0,0.0,-0.21536925435066223,0.004630750045180321,0.0,0.0,0.0,0.0
101.715,1.0,1.0,0.0,gncbus_cmd,states_vx_gs,-0.2199999988079071,states_theta,0.022463520988821983,0.3898900998510792,0.22510814801862392,0.5200647620945305,0.5196421708416807,0.5174226291309318,0.5222843038052793,0.5181100065982231,0.521596926337988,0.0,0.0,0.0,1.0,0.0,0.0,0.0,0.0,0.0,0.0,-0.21536925435066223,0.004630750045180321,0.0,0.0,0.0,0.0
101.815,1.0,1.0,0.0,gncbus_cmd,states_vx_gs,-0.2199999988079071,states_theta,0.0667986050248146,0.38986175183548133,0.22509184553494718,0.5198499829984194,0.5197813552295308,0.5177415237611597,0.5218898144667906,0.5176236251774818,0.5220077130504684,0.0,0.0,0.0,1.0,0.0,0.0,0.0,0.0,0.0,0.0,-0.21536925435066223,0.004630750045180321,0.0,0.0,0.0,0.0
101.914,1.0,1.0,0.0,gncbus_cmd,states_vx_gs,-0.20999999344348907,states_theta,0.026682861149311066,0.3898602668786341,0.22509100097099227,0.5197493096519394,0.5198780686910849,0.5179649877511147,0.5216623905919097,0.5174242450404328,0.5222031333025915,0.0,0.0,0.0,1.0,0.0,0.0,0.0,0.0,0.0,0.0,-0.21536925435066223,-0.005369255319237709,0.0,0.0,0.0,0.0
102.015,1.0,1.0,0.0,gncbus_cmd,states_vx_gs,-0.2199999988079071,states_theta,-0.10029616951942444,0.3898587819217869,0.22508934510543646,0.5197667567996062,0.5198566616584922,0.517934203987189,0.5216892144709093,0.5177705613647787,0.5218528570933196,0.0,0.0,0.0,1.0,0.0,0.0,0.0,0.0,0.0,0.0,-0.21536925435066223,0.004630750045180321,0.0,0.0,0.0,0.0
102.116,1.0,1.0,0.0,gncbus_cmd,states_vx_gs,-0.22999998927116394,states_theta,-0.09285113215446472,0.38985729696493954,0.22508839733919664,0.5197122002551505,0.5199072583180216,0.517896154366648,0.5217233042065241,0.5178452470951018,0.5217742114780703,0.0,0.0,0.0,1.0,0.0,0.0,0.0,0.0,0.0,0.0,-0.21536925435066223,0.014630740508437157,0.0,0.0,0.0,0.0
102.216,1.0,1.0,0.0,gncbus_cmd,states_vx_gs,-0.23999999463558197,states_theta,-0.037170857191085815,0.38985581200809233,0.22508766900594482,0.5197068617387198,0.5199086369495264,0.5178644899335814,0.5217510087546648,0.5178136806337981,0.5218018180544481,0.0,0.0,0.0,1.0,0.0,0.0,0.0,0.0,0.0,0.0,-0.21536925435066223,0.024630745872855186,0.0,0.0,0.0,0.0
102.316,1.0,1.0,0.0,gncbus_cmd,states_vx_gs,-0.23999999463558197,states_theta,0.023018259555101395,0.389854327051245,0.22508708686695456,0.5197015431997085,0.5199099956036115,0.5178006085045986,0.5218109302987214,0.5177498666207175,0.5218616721826025,0.0,0.0,0.0,1.0,0.0,0.0,0.0,0.0,0.0,0.0,-0.21536925435066223,0.024630745872855186,0.0,0.0,0.0,0.0
102.416,1.0,1.0,0.0,gncbus_cmd,states_vx_gs,-0.22999998927116394,states_theta,0.0852845162153244,0.3898528420943977,0.22508665425602745,0.5196962154817248,0.519911363436669,0.5177066256682521,0.5219009532501417,0.5176559122613069,0.5219516666570869,0.0,0.0,0.0,1.0,0.0,0.0,0.0,0.0,0.0,0.0,-0.21536925435066223,0.014630740508437157,0.0,0.0,0.0,0.0
102.516,1.0,1.0,0.0,gncbus_cmd,states_vx_gs,-0.2199999988079071,states_theta,0.14455723762512207,0.3898784631787455,0.22510187538071338,0.5197271990938841,0.519948702716104,0.5176487851593409,0.5220271166506473,0.517603877002001,0.5220720248079872,0.0,0.0,0.0,1.0,0.0,0.0,0.0,0.0,0.0,0.0,-0.21536925435066223,0.004630750045180321,0.0,0.0,0.0,0.0
102.616,1.0,1.0,0.0,gncbus_cmd,states_vx_gs,-0.20999999344348907,states_theta,-0.050830040127038956,0.3898772482023923,0.22510034799573198,0.5197259274136844,0.5199467344593617,0.5177669272006741,0.521905734672372,0.5178328765998831,0.521839785273163,0.0,0.0,0.0,1.0,0.0,0.0,0.0,0.0,0.0,0.0,-0.21536925435066223,-0.005369255319237709,0.0,0.0,0.0,0.0
102.716,1.0,1.0,0.0,gncbus_cmd,states_vx_gs,-0.22999998927116394,states_theta,-0.13280774652957916,0.390280335253988,0.2253324562550873,0.5202268524532798,0.5205207082240215,0.5184523722984048,0.5222951883788965,0.5185038810929726,0.5222436795843287,0.0,0.0,0.0,1.0,0.0,0.0,0.0,0.0,0.0,0.0,-0.21536925435066223,0.014630740508437157,0.0,0.0,0.0,0.0
102.819,1.0,1.0,0.0,gncbus_cmd,states_vx_gs,-0.23999999463558197,states_theta,-0.07494671642780304,0.3899055152664149,0.22511619773016017,0.5196991797171624,0.5200488609932774,0.5179565359847549,0.5217915047256849,0.5179362829752083,0.5218117577352315,0.0,0.0,0.0,1.0,0.0,0.0,0.0,0.0,0.0,0.0,-0.21536925435066223,0.024630745872855186,0.0,0.0,0.0,0.0
102.917,1.0,1.0,0.0,gncbus_cmd,states_vx_gs,-0.23999999463558197,states_theta,-0.013898126780986786,0.3903080953047522,0.22534890712079675,0.5204776757861566,0.5203439116931826,0.5182680272971646,0.5225535601821746,0.518572816495538,0.5222487709838012,0.0,0.0,0.0,1.0,0.0,0.0,0.0,0.0,0.0,0.0,-0.21536925435066223,0.024630745872855186,0.0,0.0,0.0,0.0
103.017,1.0,1.0,0.0,gncbus_cmd,states_vx_gs,-0.23999999463558197,states_theta,0.044988423585891724,0.38994782776789866,0.22514119606328878,0.520029230501239,0.5198316435464908,0.5176977203886366,0.5221631536590932,0.5180613817442625,0.5217994923034672,0.0,0.0,0.0,1.0,0.0,0.0,0.0,0.0,0.0,0.0,-0.21536925435066223,0.024630745872855186,0.0,0.0,0.0,0.0
103.117,1.0,1.0,0.0,gncbus_cmd,states_vx_gs,-0.22999998927116394,states_theta,0.08617892861366272,0.389947287806998,0.2251412055670178,0.5198171151449705,0.5200423190070241,0.5179779822381899,0.5218814519138048,0.5176395632462866,0.5222198709057081,0.0,0.0,0.0,1.0,0.0,0.0,0.0,0.0,0.0,0.0,-0.21536925435066223,0.014630740508437157,0.0,0.0,0.0,0.0
103.216,0.899999987334013,1.0,-0.10000001266598701,datactrl_ref_vx_fallback,states_vx_gs,-0.22999998927116394,states_theta,-0.022440707311034203,0.3899467478460973,0.225139218943618,0.5198573419612204,0.520000652295039,0.5183785267084089,0.5214794675478505,0.5180208587193493,0.52183713553691,0.0,0.0,0.0,0.949999988079071,-0.05000000074505806,0.0,0.0,0.0,0.0,0.0,-0.11522676795721054,0.1147732213139534,0.0,0.0,0.0,0.0
103.317,0.7000000178813934,1.0,-0.29999998211860657,datactrl_ref_vx_fallback,states_vx_gs,-0.2199999988079071,states_theta,0.14126616716384888,0.3899734219141887,0.2251534120633848,0.520191841137319,0.5197372839671843,0.5183438034547337,0.5215853216497696,0.5188702102716117,0.5210589148328916,0.0,0.0,0.0,0.8500000238418579,-0.15000000596046448,0.0,0.0,0.0,0.0,0.0,0.08806612342596054,0.30806612968444824,0.0,0.0,0.0,0.0
103.417,0.5,1.0,-0.5,datactrl_ref_vx_fallback,states_vx_gs,-0.17999999225139618,states_theta,0.5821111798286438,0.3899731519337384,0.22515313674221898,0.5199967000940726,0.5199317050625631,0.5184447590410591,0.5214836461155766,0.5188017902115133,0.5211266149451225,0.0,0.0,0.0,0.75,-0.25,0.0,0.0,0.0,0.0,0.0,0.29536959528923035,0.4753696024417877,0.0,0.0,0.0,0.0
103.518,0.2799999713897705,1.0,-0.7200000286102295,datactrl_ref_vx_fallback,states_vx_gs,-0.07000000029802322,states_theta,1.067647933959961,0.3900000419861902,0.2251691240293844,0.5198537282742035,0.5201463836889704,0.5183713943272913,0.5216287176358826,0.5186509642801481,0.5213491476830258,0.0,0.0,0.0,0.6399999856948853,-0.36000001430511475,0.0,0.0,0.0,0.0,0.0,0.5280356407165527,0.5980356931686401,0.0,0.0,0.0,0.0
103.618,0.09000006318092346,0.9899999499320984,-0.8999998867511749,datactrl_ref_vx_fallback,states_vx_gs,0.04999999701976776,states_theta,1.5014655590057373,0.3900000419861902,0.22517000164853157,0.5201430802396556,0.5198570317235183,0.5179794860302659,0.522020625932908,0.5185958675711212,0.5214042443920527,0.0,0.0,0.0,0.5400000214576721,-0.44999995827674866,0.0,0.0,0.0,0.0,0.0,0.7236526012420654,0.6736525893211365,0.0,0.0,0.0,0.0
103.718,-0.10999995470046997,0.9899999499320984,-1.0999999046325684,datactrl_ref_vx_fallback,states_vx_gs,0.22999998927116394,states_theta,1.7926428318023682,0.3900271480230022,0.22518625367127254,0.5200635482028817,0.5200088465251242,0.5180074748232136,0.5220649199047923,0.5182914967634148,0.5217808979645912,0.0,0.0,0.0,0.4399999976158142,-0.5499999523162842,0.0,0.0,0.0,0.0,0.0,0.9429877996444702,0.7129878401756287,0.0,0.0,0.0,0.0
103.818,-0.29999998211860657,0.9799999594688416,-1.2799999415874481,datactrl_ref_vx_fallback,states_vx_gs,0.4099999964237213,states_theta,1.892519474029541,0.3900409639791869,0.22519439104794117,0.5198678449923345,0.5202413922854973,0.518418559886587,0.5216906773912448,0.5178777655375691,0.5222314717402626,0.0,0.0,0.0,0.3400000035762787,-0.6399999856948853,0.0,0.0,0.0,0.0,0.0,1.1461046934127808,0.7361046671867371,0.0,0.0,0.0,0.0
103.918,-0.47999997437000275,0.9599999785423279,-1.4399999529123306,datactrl_ref_vx_fallback,states_vx_gs,0.6100000143051147,states_theta,1.9417635202407837,0.3900413690142328,0.22519483839405957,0.520175987794915,0.5199343295763725,0.5179643728629378,0.5221459445083497,0.5181980330534487,0.5219122843178389,0.0,0.0,0.0,0.23999999463558197,-0.7199999690055847,0.0,0.0,0.0,0.0,0.0,1.3328827619552612,0.7228827476501465,0.0,0.0,0.0,0.0
104.018,-0.6700000017881393,0.949999988079071,-1.6199999898672104,datactrl_ref_vx_fallback,states_vx_gs,0.7799999713897705,states_theta,1.959345817565918,0.39004177404927876,0.22519462350353966,0.5201991028584981,0.5199122946062452,0.5179901842810087,0.5221212131837346,0.5184005350243855,0.5217108624403578,0.0,0.0,0.0,0.14000000059604645,-0.8100000023841858,0.0,0.0,0.0,0.0,0.0,1.5429779291152954,0.7629780173301697,0.0,0.0,0.0,0.0
104.118,-0.8499999865889549,0.9300000071525574,-1.7799999937415123,datactrl_ref_vx_fallback,states_vx_gs,0.9699999690055847,states_theta,1.9049566984176636,0.3900693391172268,0.22521023785661,0.5199219182696135,0.5202629860429913,0.5186117422366985,0.5215731620759063,0.5180274423296707,0.5221574619829341,0.0,0.0,0.0,0.03999999910593033,-0.8899999856948853,0.0,0.0,0.0,0.0,0.0,1.7365339994430542,0.7665340304374695,0.0,0.0,0.0,0.0
104.219,-0.9099999666213989,0.9099999666213989,-1.8199999332427979,datactrl_ref_vx_fallback,states_vx_gs,1.1699999570846558,states_theta,1.984626293182373,0.39007001413272296,0.2252123394560251,0.5199847591652969,0.520201945188631,0.5181042808804354,0.5220824234734925,0.517726509986404,0.5224601943675239,0.0,0.0,0.0,0.0,-0.9099999666213989,0.0,0.0,0.0,0.0,0.0,1.8130069971084595,0.6430070400238037,0.0,0.0,0.0,0.0
104.318,-0.8899999856948853,0.8899999856948853,-1.7799999713897705,datactrl_ref_vx_fallback,states_vx_gs,1.350000023841858,states_theta,1.6520190238952637,0.3900706891482193,0.22521352564344702,0.5202916475081711,0.5198968568870803,0.517505076861035,0.5226834275342165,0.5180297037195349,0.5221588006757165,0.0,0.0,0.0,0.0,-0.8899999856948853,0.0,0.0,0.0,0.0,0.0,1.8092057704925537,0.4592057466506958,0.0,0.0,0.0,0.0
104.419,-0.85999995470047,0.85999995470047,-1.71999990940094,datactrl_ref_vx_fallback,states_vx_gs,1.46999990940094,states_theta,1.0536365509033203,0.3900984971985726,0.2252283739800675,0.52020246397032,0.5200601952258737,0.5178963258370829,0.5223663333591108,0.5181739183493018,0.5220887408468918,0.0,0.0,0.0,0.0,-0.85999995470047,0.0,0.0,0.0,0.0,0.0,1.7843732833862305,0.3143733739852905,0.0,0.0,0.0,0.0
104.519,-0.8299999833106995,0.8299999833106995,-1.659999966621399,datactrl_ref_vx_fallback,states_vx_gs,1.5399999618530273,states_theta,0.5003982782363892,0.3900994421945192,0.22522757173710098,0.5200079695903297,0.5202572095950548,0.5185121932148398,0.5217529859705448,0.5181930018794207,0.5220721773059638,0.0,0.0,0.0,0.0,-0.8299999833106995,0.0,0.0,0.0,0.0,0.0,1.7584580183029175,0.21845810115337372,0.0,0.0,0.0,0.0
104.62,-0.7999999523162842,0.7999999523162842,-1.5999999046325684,datactrl_ref_vx_fallback,states_vx_gs,1.559999942779541,states_theta,0.17018353939056396,0.39010038719046586,0.22522729355776933,0.5199954976241644,0.5202722015504112,0.5186693823052488,0.5215983168693268,0.518473990293232,0.5217937088813436,0.0,0.0,0.0,0.0,-0.7999999523162842,0.0,0.0,0.0,0.0,0.0,1.7313395738601685,0.17133960127830505,0.0,0.0,0.0,0.0
104.72,-0.7699999809265137,0.7699999809265137,-1.5399999618530273,datactrl_ref_vx_fallback,states_vx_gs,1.5699999332427979,states_theta,0.013139269314706326,0.39010133218641235,0.22522761253057297,0.5200994640024896,0.5201707551612766,0.518677341944336,0.5215928772194303,0.5185910036991717,0.5216792154645946,0.0,0.0,0.0,0.0,-0.7699999809265137,0.0,0.0,0.0,0.0,0.0,1.703058123588562,0.13305814564228058,0.0,0.0,0.0,0.0
104.819,-0.7400000095367432,0.7400000095367432,-1.4800000190734863,datactrl_ref_vx_fallback,states_vx_gs,1.559999942779541,states_theta,-0.18345195055007935,0.390102277182359,0.22522767123646975,0.5201112414552099,0.5201614976977474,0.518827349111306,0.5214453900416514,0.5187510251200018,0.5215217140329556,0.0,0.0,0.0,0.0,-0.7400000095367432,0.0,0.0,0.0,0.0,0.0,1.67357337474823,0.11357349157333374,0.0,0.0,0.0,0.0
104.92,-0.7199999690055847,0.7199999690055847,-1.4399999380111694,datactrl_ref_vx_fallback,states_vx_gs,1.5199999809265137,states_theta,-0.4641697108745575,0.3901032221783056,0.2252272474644303,0.5201129068024203,0.520162352339728,0.519206186922869,0.5210690722192792,0.5191284055469987,0.5211468535951496,0.0,0.0,0.0,0.0,-0.7199999690055847,0.0,0.0,0.0,0.0,0.0,1.662994146347046,0.14299419522285461,0.0,0.0,0.0,0.0
105.019,-0.6899999976158142,0.6899999976158142,-1.3799999952316284,datactrl_ref_vx_fallback,states_vx_gs,1.459999918937683,states_theta,-0.5800139307975769,0.39010416717425217,0.22522740078573664,0.5201342132222873,0.5201435659090519,0.5193345711651587,0.5209432079661804,0.5194088348540695,0.5208689442772696,0.0,0.0,0.0,0.0,-0.6899999976158142,0.0,0.0,0.0,0.0,0.0,1.6313438415527344,0.17134389281272888,0.0,0.0,0.0,0.0
105.12,-0.6599999666213989,0.6599999666213989,-1.3199999332427979,datactrl_ref_vx_fallback,states_vx_gs,1.4199999570846558,states_theta,-0.32554399967193604,0.39010511217019883,0.22522842089252015,0.5201571636849527,0.5201231354355775,0.5190676226304264,0.5212126764901038,0.5191997671774148,0.5210805319431154,0.0,0.0,0.0,0.0,-0.6599999666213989,0.0,0.0,0.0,0.0,0.0,1.598650574684143,0.1786506175994873,0.0,0.0,0.0,0.0
105.222,-0.6399999856948853,0.6399999856948853,-1.2799999713897705,datactrl_ref_vx_fallback,states_vx_gs,1.3899999856948853,states_theta,-0.28967487812042236,0.39010605716614544,0.22522893509078057,0.5201494657825407,0.5201333533271804,0.519185950962351,0.5210968681473701,0.5191092311809776,0.5211735879287435,0.0,0.0,0.0,0.0,-0.6399999856948853,0.0,0.0,0.0,0.0,0.0,1.5848228931427002,0.19482287764549255,0.0,0.0,0.0,0.0
105.32,-0.6100000143051147,0.6100000143051147,-1.2200000286102295,datactrl_ref_vx_fallback,states_vx_gs,1.350000023841858,states_theta,-0.4216327667236328,0.390107002162092,0.22522916568455403,0.5201288519133399,0.5201564871855721,0.5193753019374425,0.5209100371614694,0.5192361700534724,0.5210491690454395,0.0,0.0,0.0,0.0,-0.6100000143051147,0.0,0.0,0.0,0.0,0.0,1.550044298171997,0.20004422962665558,0.0,0.0,0.0,0.0
105.42,-0.5899999737739563,0.5899999737739563,-1.1799999475479126,datactrl_ref_vx_fallback,states_vx_gs,1.309999942779541,states_theta,-0.46039941906929016,0.39010794715803854,0.22522951082537943,0.5201394229639151,0.5201484361241877,0.5193904682548282,0.5208973908332747,0.5194497529167595,0.5208381061713433,0.0,0.0,0.0,0.0,-0.5899999737739563,0.0,0.0,0.0,0.0,0.0,1.5342111587524414,0.224211186170578,0.0,0.0,0.0,0.0
105.519,-0.5600000023841858,0.5600000023841858,-1.1200000047683716,datactrl_ref_vx_fallback,states_vx_gs,1.2699999809265137,states_theta,-0.318683922290802,0.3900817051230381,0.2252145995825389,0.5201421658976453,0.5200757144304562,0.5191653996535197,0.5210524806745818,0.5193409174301231,0.5208769628979784,0.0,0.0,0.0,0.0,-0.5600000023841858,0.0,0.0,0.0,0.0,0.0,1.497467279434204,0.22746732831001282,0.0,0.0,0.0,0.0
105.619,-0.5399999618530273,0.5399999618530273,-1.0799999237060547,datactrl_ref_vx_fallback,states_vx_gs,1.25,states_theta,-0.26136618852615356,0.3900823801385343,0.22521507388310005,0.5201359362183897,0.5200837441510351,0.519168020938157,0.5210516594312679,0.5192461738953368,0.520973506474088,0.0,0.0,0.0,0.0,-0.5399999618530273,0.0,0.0,0.0,0.0,0.0,1.4797091484069824,0.22970910370349884,0.0,0.0,0.0,0.0
105.72,-0.5199999809265137,0.5199999809265137,-1.0399999618530273,datactrl_ref_vx_fallback,states_vx_gs,1.209999918937683,states_theta,-0.3403818905353546,0.3896794761236566,0.22498220707490876,0.5195647899116532,0.5195804797514311,0.5189640515185273,0.520181218144557,0.5186718481455855,0.5204734215174988,0.0,0.0,0.0,0.0,-0.5199999809265137,0.0,0.0,0.0,0.0,0.0,1.4611088037490845,0.25110888481140137,0.0,0.0,0.0,0.0
105.82,-0.5,0.5,-1.0,datactrl_ref_vx_fallback,states_vx_gs,1.1699999570846558,states_theta,-0.5596479773521423,0.39005338115033183,0.22519768926323716,0.520075594295836,0.5200667554383821,0.5197643163881205,0.5203780333460977,0.519452611525747,0.5206897382084712,0.0,0.0,0.0,0.0,-0.5,0.0,0.0,0.0,0.0,0.0,1.4416662454605103,0.2716663181781769,0.0,0.0,0.0,0.0
105.921,-0.47999998927116394,0.47999998927116394,-0.9599999785423279,datactrl_ref_vx_fallback,states_vx_gs,1.100000023841858,states_theta,-0.6555969715118408,0.390040253715103,0.22518992618296713,0.5200612353266079,0.5200461079136667,0.5199964023420915,0.520110940898183,0.5196767684605779,0.5204305747796967,0.0,0.0,0.0,0.0,-0.47999998927116394,0.0,0.0,0.0,0.0,0.0,1.4213814735412598,0.32138141989707947,0.0,0.0,0.0,0.0
106.021,-0.4599999785423279,0.4599999785423279,-0.9199999570846558,datactrl_ref_vx_fallback,states_vx_gs,1.0399999618530273,states_theta,-0.6435117721557617,0.3896369716632244,0.22495704709630526,0.5195178808513057,0.5195140435839594,0.5195460239560241,0.5194859004792409,0.5192610179423198,0.5197709064929452,0.0,0.0,0.0,0.0,-0.4599999785423279,0.0,0.0,0.0,0.0,0.0,1.400294542312622,0.36029455065727234,0.0,0.0,0.0,0.0
106.121,-0.4399999976158142,0.4399999976158142,-0.8799999952316284,datactrl_ref_vx_fallback,states_vx_gs,0.9899999499320984,states_theta,-0.3886968791484833,0.3900108466548508,0.2251729642513236,0.5200241585507271,0.5200047658622083,0.5197886088498088,0.5202403155631267,0.5196629835552867,0.5203659408576488,0.0,0.0,0.0,0.0,-0.4399999976158142,0.0,0.0,0.0,0.0,0.0,1.3784856796264648,0.38848578929901123,0.0,0.0,0.0,0.0
106.22,-0.41999998688697815,0.41999998688697815,-0.8399999737739563,datactrl_ref_vx_fallback,states_vx_gs,0.949999988079071,states_theta,-0.41992706060409546,0.38998382161217393,0.22515731210952838,0.5199897451732743,0.5199671124591895,0.5198467069874331,0.5201101506450307,0.5197167396832441,0.5202401179492198,0.0,0.0,0.0,0.0,-0.41999998688697815,0.0,0.0,0.0,0.0,0.0,1.3559550046920776,0.4059550166130066,0.0,0.0,0.0,0.0
106.321,-0.4099999964237213,0.4099999964237213,-0.8199999928474426,datactrl_ref_vx_fallback,states_vx_gs,0.9099999666213989,states_theta,-0.42682990431785583,0.3899816766317375,0.2251560373832292,0.5199877053530784,0.519963432331555,0.5199659914187433,0.51998514626589,0.5198331020658837,0.5201180356187496,0.0,0.0,0.0,0.0,-0.4099999964237213,0.0,0.0,0.0,0.0,0.0,1.3526506423950195,0.442650705575943,0.0,0.0,0.0,0.0
106.421,-0.38999998569488525,0.38999998569488525,-0.7799999713897705,datactrl_ref_vx_fallback,states_vx_gs,0.8700000047683716,states_theta,-0.3461344838142395,0.38998140665128717,0.225155883602154,0.5199949596184934,0.5199554581182724,0.5198352568147213,0.5201151609220445,0.5199094235463102,0.5200409941904556,0.0,0.0,0.0,0.0,-0.38999998569488525,0.0,0.0,0.0,0.0,0.0,1.328756332397461,0.45875632762908936,0.0,0.0,0.0,0.0
106.521,-0.3799999952316284,0.3799999952316284,-0.7599999904632568,datactrl_ref_vx_fallback,states_vx_gs,0.8299999833106995,states_theta,-0.4613797962665558,0.3899539226418447,0.22514004367900725,0.5197562016173884,0.5201209254275307,0.5201320349200503,0.5197450921248689,0.5200018544855637,0.5198752725593555,0.0,0.0,0.0,0.0,-0.3799999952316284,0.0,0.0,0.0,0.0,0.0,1.3242487907409668,0.4942488372325897,0.0,0.0,0.0,0.0
106.621,-0.35999998450279236,0.35999998450279236,-0.7199999690055847,datactrl_ref_vx_fallback,states_vx_gs,0.7999999523162842,states_theta,-0.15005117654800415,0.3899533826809439,0.22513974863845335,0.5199532499298521,0.5199224372193317,0.5196147346430032,0.5202609525061807,0.5199257829465579,0.519949904202626,0.0,0.0,0.0,0.0,-0.35999998450279236,0.0,0.0,0.0,0.0,0.0,1.2992315292358398,0.4992315471172333,0.0,0.0,0.0,0.0
106.722,-0.3499999940395355,0.3499999940395355,-0.699999988079071,datactrl_ref_vx_fallback,states_vx_gs,0.8100000023841858,states_theta,0.056161873042583466,0.38995284272004327,0.22513962173688773,0.5201204136615747,0.5197538335918741,0.5193449741153021,0.5205292731381467,0.5197058810894507,0.5201683661639981,0.0,0.0,0.0,0.0,-0.3499999940395355,0.0,0.0,0.0,0.0,0.0,1.2935609817504883,0.4835609495639801,0.0,0.0,0.0,0.0
106.822,-0.32999998331069946,0.32999998331069946,-0.6599999666213989,datactrl_ref_vx_fallback,states_vx_gs,0.7999999523162842,states_theta,-0.08055363595485687,0.38993867575065094,0.22513130683328317,0.5198213668115461,0.5200151018568564,0.5196531820271431,0.5201832866412595,0.519580840039537,0.5202556286288655,0.0,0.0,0.0,0.0,-0.32999998331069946,0.0,0.0,0.0,0.0,0.0,1.2674206495285034,0.46742069721221924,0.0,0.0,0.0,0.0
106.922,-0.3199999928474426,0.3199999928474426,-0.6399999856948853,datactrl_ref_vx_fallback,states_vx_gs,0.7799999713897705,states_theta,-0.2861352860927582,0.38991094869443277,0.22511519427264404,0.519833158295144,0.5199293715566767,0.5198566039162439,0.5199059259355768,0.5198299667362413,0.5199325631155794,0.0,0.0,0.0,0.0,-0.3199999928474426,0.0,0.0,0.0,0.0,0.0,1.2605869770050049,0.48058703541755676,0.0,0.0,0.0,0.0
107.022,-0.3100000023841858,0.3100000023841858,-0.6200000047683716,datactrl_ref_vx_fallback,states_vx_gs,0.75,states_theta,-0.3018760085105896,0.3899100036984861,0.22511466897771948,0.5199908660837345,0.5197691437788952,0.5198255961604179,0.5199344137022117,0.5200438943620471,0.5197161155005825,0.0,0.0,0.0,0.0,-0.3100000023841858,0.0,0.0,0.0,0.0,0.0,1.2532320022583008,0.5032320022583008,0.0,0.0,0.0,0.0
107.122,-0.28999999165534973,0.28999999165534973,-0.5799999833106995,datactrl_ref_vx_fallback,states_vx_gs,0.7400000095367432,states_theta,-0.08061603456735611,0.38990905870253956,0.22511415667590448,0.5199837392118418,0.5197737506615969,0.5196990900219837,0.5200583998514551,0.5196363275391974,0.5201211623342413,0.0,0.0,0.0,0.0,-0.28999999165534973,0.0,0.0,0.0,0.0,0.0,1.2253671884536743,0.48536717891693115,0.0,0.0,0.0,0.0
107.222,-0.2800000011920929,0.2800000011920929,-0.5600000023841858,datactrl_ref_vx_fallback,states_vx_gs,0.7199999690055847,states_theta,-0.2060014009475708,0.38990811370659295,0.22511358419448332,0.520010144016744,0.5197448258675039,0.5199720614923762,0.5197829083918717,0.5197128639174378,0.5200421059668101,0.0,0.0,0.0,0.0,-0.2800000011920929,0.0,0.0,0.0,0.0,0.0,1.216929316520691,0.4969293177127838,0.0,0.0,0.0,0.0
107.322,-0.26999998092651367,0.26999998092651367,-0.5399999618530273,datactrl_ref_vx_fallback,states_vx_gs,0.699999988079071,states_theta,-0.26675114035606384,0.3899071687106463,0.22511302484679077,0.519816049180071,0.5199364007149858,0.5200346354192881,0.5197178144757687,0.5198636385679513,0.5198888113271055,0.0,0.0,0.0,0.0,-0.26999998092651367,0.0,0.0,0.0,0.0,0.0,1.20805025100708,0.5080502033233643,0.0,0.0,0.0,0.0
107.423,-0.25999999046325684,0.25999999046325684,-0.5199999809265137,datactrl_ref_vx_fallback,states_vx_gs,0.6899999976158142,states_theta,-0.02258811891078949,0.3899062237146998,0.2251125065845533,0.519756133994493,0.5199937959113731,0.5196408742582732,0.5201090556475929,0.5197791773639393,0.5199707525419268,0.0,0.0,0.0,0.0,-0.25999999046325684,0.0,0.0,0.0,0.0,0.0,1.1986899375915527,0.5086898803710938,0.0,0.0,0.0,0.0
107.523,-0.23999999463558197,0.23999999463558197,-0.47999998927116394,datactrl_ref_vx_fallback,states_vx_gs,0.6899999976158142,states_theta,-0.02677932195365429,0.38990527871875313,0.22511199384012467,0.5196999120856907,0.5200474978309844,0.519673830700452,0.520073579216223,0.5196146708054581,0.5201327391112169,0.0,0.0,0.0,0.0,-0.23999999463558197,0.0,0.0,0.0,0.0,0.0,1.1689000129699707,0.4789000153541565,0.0,0.0,0.0,0.0
107.622,-0.22999998927116394,0.22999998927116394,-0.4599999785423279,datactrl_ref_vx_fallback,states_vx_gs,0.6599999666213989,states_theta,-0.27373847365379333,0.38990433372280653,0.22511138656767204,0.5197938830372636,0.5199510068902206,0.519937517289168,0.5198073726383161,0.5199980190908167,0.5197468708366675,0.0,0.0,0.0,0.0,-0.22999998927116394,0.0,0.0,0.0,0.0,0.0,1.1585370302200317,0.4985370337963104,0.0,0.0,0.0,0.0
107.723,-0.2199999988079071,0.2199999988079071,-0.4399999976158142,datactrl_ref_vx_fallback,states_vx_gs,0.6399999856948853,states_theta,-0.19802352786064148,0.38990338872686,0.22511087801868496,0.5200109358366622,0.519731434101631,0.519744050771483,0.5199983191668103,0.5201103398255174,0.5196320301127759,0.0,0.0,0.0,0.0,-0.2199999988079071,0.0,0.0,0.0,0.0,0.0,1.1476927995681763,0.507692813873291,0.0,0.0,0.0,0.0
107.823,-0.20999999344348907,0.20999999344348907,-0.41999998688697815,datactrl_ref_vx_fallback,states_vx_gs,0.6399999856948853,states_theta,0.01024378277361393,0.3899296847579506,0.22512605311411843,0.5199342365757142,0.519878256112154,0.5198190726300832,0.519993420057785,0.5196378442679469,0.5201746484199213,0.0,0.0,0.0,0.0,-0.20999999344348907,0.0,0.0,0.0,0.0,0.0,1.1364073753356934,0.4964073598384857,0.0,0.0,0.0,0.0
107.923,-0.19999998807907104,0.19999998807907104,-0.3999999761581421,datactrl_ref_vx_fallback,states_vx_gs,0.6299999952316284,states_theta,-0.12080737203359604,0.3899425557181886,0.22513355935371326,0.5197491327467393,0.5200976825017637,0.520193439414465,0.5196533758340379,0.519587917718446,0.5202588975300569,0.0,0.0,0.0,0.0,-0.19999998807907104,0.0,0.0,0.0,0.0,0.0,1.124680757522583,0.4946807622909546,0.0,0.0,0.0,0.0
108.023,-0.1899999976158142,0.1899999976158142,-0.3799999952316284,datactrl_ref_vx_fallback,states_vx_gs,0.6200000047683716,states_theta,-0.0982183963060379,0.38994201575728793,0.22513316241785833,0.5200057667724689,0.519839608580299,0.519714844534092,0.5201305308186759,0.5200336366695335,0.5198117386832344,0.0,0.0,0.0,0.0,-0.1899999976158142,0.0,0.0,0.0,0.0,0.0,1.1125531196594238,0.49255314469337463,0.0,0.0,0.0,0.0
108.124,-0.17999999225139618,0.17999999225139618,-0.35999998450279236,datactrl_ref_vx_fallback,states_vx_gs,0.6100000143051147,states_theta,-0.11144503206014633,0.38994147579638727,0.22513299183615346,0.5201424664651941,0.5197014689918387,0.5195286889122827,0.5203152465447501,0.5202586715310743,0.5195852639259585,0.0,0.0,0.0,0.0,-0.17999999225139618,0.0,0.0,0.0,0.0,0.0,1.0999842882156372,0.48998430371284485,0.0,0.0,0.0,0.0
108.224,-0.17000000178813934,0.17000000178813934,-0.3400000035762787,datactrl_ref_vx_fallback,states_vx_gs,0.5999999642372131,states_theta,-0.0684896931052208,0.3899680148742536,0.22514817889968097,0.5198622888324542,0.5200524174988888,0.5200551954476551,0.5198595108836879,0.5197241070654117,0.5201905992659313,0.0,0.0,0.0,0.0,-0.17000000178813934,0.0,0.0,0.0,0.0,0.0,1.0870144367218018,0.4870145320892334,0.0,0.0,0.0,0.0
108.323,-0.1599999964237213,0.1599999964237213,-0.3199999928474426,datactrl_ref_vx_fallback,states_vx_gs,0.5899999737739563,states_theta,-0.13212230801582336,0.38996774489380326,0.22514807282794058,0.519779973655105,0.5201340127283705,0.5202155424566172,0.5196984439268583,0.5197029613842471,0.5202110249992283,0.0,0.0,0.0,0.0,-0.1599999964237213,0.0,0.0,0.0,0.0,0.0,1.0736035108566284,0.48360347747802734,0.0,0.0,0.0,0.0
108.423,-0.14999999105930328,0.14999999105930328,-0.29999998211860657,datactrl_ref_vx_fallback,states_vx_gs,0.5799999833106995,states_theta,-0.09519345313310623,0.3899674749133529,0.22514793731751925,0.5201095674012264,0.5198036990343813,0.5196284297217539,0.5202848367138537,0.5202179501512163,0.5196953162843914,0.0,0.0,0.0,0.0,-0.14999999105930328,0.0,0.0,0.0,0.0,0.0,1.0597913265228271,0.4797913730144501,0.0,0.0,0.0,0.0
108.524,-0.14000000059604645,0.14000000059604645,-0.2800000011920929,datactrl_ref_vx_fallback,states_vx_gs,0.5699999928474426,states_theta,-0.09766975045204163,0.3899944189618948,0.22516340412364386,0.5200868767421013,0.5198982404896181,0.5198451636532263,0.5201399535784931,0.5200811199182592,0.5199039973134602,0.0,0.0,0.0,0.0,-0.14000000059604645,0.0,0.0,0.0,0.0,0.0,1.0455782413482666,0.475578248500824,0.0,0.0,0.0,0.0
108.624,-0.12999999523162842,0.12999999523162842,-0.25999999046325684,datactrl_ref_vx_fallback,states_vx_gs,0.5600000023841858,states_theta,-0.11102815717458725,0.3899944189618948,0.2251635741228297,0.5197592996176982,0.5202258176140212,0.5203579048802174,0.519627212351502,0.5195965819577348,0.5203885352739845,0.0,0.0,0.0,0.0,-0.12999999523162842,0.0,0.0,0.0,0.0,0.0,1.0309640169143677,0.4709640145301819,0.0,0.0,0.0,0.0
108.724,-0.11999999731779099,0.11999999731779099,-0.23999999463558197,datactrl_ref_vx_fallback,states_vx_gs,0.550000011920929,states_theta,-0.11906035244464874,0.3900215249987068,0.2251790328787412,0.5200035129775119,0.5200538870190395,0.5200180401513728,0.5200393598451787,0.520023372709963,0.5200340272865884,0.0,0.0,0.0,0.0,-0.11999999731779099,0.0,0.0,0.0,0.0,0.0,1.01594877243042,0.46594876050949097,0.0,0.0,0.0,0.0
108.824,-0.10999999940395355,0.10999999940395355,-0.2199999988079071,datactrl_ref_vx_fallback,states_vx_gs,0.5399999618530273,states_theta,-0.09633125364780426,0.390035327449432,0.22518723229231574,0.5202877411606541,0.5198064653711645,0.5195915253353502,0.5205026811964684,0.5204352792553659,0.5196589272764527,0.0,0.0,0.0,0.0,-0.10999999940395355,0.0,0.0,0.0,0.0,0.0,1.0005725622177124,0.46057260036468506,0.0,0.0,0.0,0.0
108.924,-0.09999999403953552,0.09999999403953552,-0.19999998807907104,datactrl_ref_vx_fallback,states_vx_gs,0.5299999713897705,states_theta,-0.07639634609222412,0.3900357324844778,0.2251872400639486,0.5200380800478421,0.520057206577432,0.5200222594630848,0.5200730271621894,0.5199574856344245,0.5201378009908497,0.0,0.0,0.0,0.0,-0.09999999403953552,0.0,0.0,0.0,0.0,0.0,0.9847952723503113,0.45479530096054077,0.0,0.0,0.0,0.0
109.025,-0.08999999612569809,0.08999999612569809,-0.17999999225139618,datactrl_ref_vx_fallback,states_vx_gs,0.5199999809265137,states_theta,-0.12410855293273926,0.3900361375195237,0.225187761623711,0.5197418133404583,0.5203545533782716,0.5205009133584918,0.5195954533602382,0.5195703216462803,0.5205260450724497,0.0,0.0,0.0,0.0,-0.08999999612569809,0.0,0.0,0.0,0.0,0.0,0.9686971306800842,0.44869717955589294,0.0,0.0,0.0,0.0
109.125,-0.07999999821186066,0.07999999821186066,-0.1599999964237213,datactrl_ref_vx_fallback,states_vx_gs,0.5099999904632568,states_theta,-0.12259136140346527,0.39006364859138176,0.22520335378680448,0.52004657754198,0.520123152035038,0.5200599105861724,0.5201098189908456,0.5200706481856713,0.5200990813913468,0.0,0.0,0.0,0.0,-0.07999999821186066,0.0,0.0,0.0,0.0,0.0,0.9522380828857422,0.44223809242248535,0.0,0.0,0.0,0.0
109.225,-0.07000000029802322,0.07000000029802322,-0.14000000059604645,datactrl_ref_vx_fallback,states_vx_gs,0.4899999797344208,states_theta,-0.142464742064476,0.39006432360687804,0.22520393338997285,0.5203169680492965,0.5198545615690449,0.5197275123514761,0.5204440172668653,0.5204889888717589,0.5196825407465825,0.0,0.0,0.0,0.0,-0.07000000029802322,0.0,0.0,0.0,0.0,0.0,0.9354581832885742,0.44545820355415344,0.0,0.0,0.0,0.0
109.325,-0.07000000029802322,0.07000000029802322,-0.14000000059604645,datactrl_ref_vx_fallback,states_vx_gs,0.47999998927116394,states_theta,-0.14032864570617676,0.39006499862237426,0.22520414613887582,0.5200731635943183,0.5201001660653464,0.5202445151904561,0.5199288144692086,0.5200653768726277,0.520107952787037,0.0,0.0,0.0,0.0,-0.07000000029802322,0.0,0.0,0.0,0.0,0.0,0.9382655620574951,0.45826560258865356,0.0,0.0,0.0,0.0
109.424,-0.05999999865889549,0.05999999865889549,-0.11999999731779099,datactrl_ref_vx_fallback,states_vx_gs,0.4699999988079071,states_theta,-0.08133655041456223,0.3900656736378704,0.22520469383973377,0.5198508156055538,0.520324314095434,0.5204426089430512,0.5197325207579366,0.5197296972873884,0.5204454324135994,0.0,0.0,0.0,0.0,-0.05999999865889549,0.0,0.0,0.0,0.0,0.0,0.9207637310028076,0.4507637619972229,0.0,0.0,0.0,0.0
109.526,-0.04999999701976776,0.04999999701976776,-0.09999999403953552,datactrl_ref_vx_fallback,states_vx_gs,0.4599999785423279,states_theta,-0.07014740258455276,0.390093589680404,0.22522065655846182,0.5201432020845738,0.5201063703965034,0.5199792958540236,0.5202702766270536,0.5202253326384155,0.5200242398426617,0.0,0.0,0.0,0.0,-0.04999999701976776,0.0,0.0,0.0,0.0,0.0,0.9029410481452942,0.4429410994052887,0.0,0.0,0.0,0.0
109.626,-0.03999999910593033,0.03999999910593033,-0.07999999821186066,datactrl_ref_vx_fallback,states_vx_gs,0.44999998807907104,states_theta,-0.09883932024240494,0.3900945346763505,0.22522136082626376,0.5203332563227747,0.5199188361474933,0.5197523398945794,0.5204997525756887,0.520493358285536,0.5197587341847321,0.0,0.0,0.0,0.0,-0.03999999910593033,0.0,0.0,0.0,0.0,0.0,0.8847975730895996,0.43479758501052856,0.0,0.0,0.0,0.0
109.726,-0.029999999329447746,0.029999999329447746,-0.05999999865889549,datactrl_ref_vx_fallback,states_vx_gs,0.4399999976158142,states_theta,-0.10143464803695679,0.3900954796722971,0.22522173502186713,0.5201518804577254,0.5201027320017335,0.5201781194571639,0.5200764930022951,0.5200531117715478,0.5202015006879112,0.0,0.0,0.0,0.0,-0.029999999329447746,0.0,0.0,0.0,0.0,0.0,0.866413414478302,0.4264134168624878,0.0,0.0,0.0,0.0
109.826,-0.029999999329447746,0.029999999329447746,-0.05999999865889549,datactrl_ref_vx_fallback,states_vx_gs,0.429999977350235,states_theta,-0.0992107093334198,0.3900964246682438,0.2252225160328238,0.5199089002358418,0.5203482322128082,0.5205950956514788,0.5196620367971713,0.519719961475977,0.520537170972673,0.0,0.0,0.0,0.0,-0.029999999329447746,0.0,0.0,0.0,0.0,0.0,0.867616593837738,0.43761661648750305,0.0,0.0,0.0,0.0
109.926,-0.019999999552965164,0.019999999552965164,-0.03999999910593033,datactrl_ref_vx_fallback,states_vx_gs,0.41999998688697815,states_theta,-0.0980142280459404,0.39009736966419034,0.22522282170361838,0.5201174995356087,0.5201421529022322,0.5201464428442794,0.5201132095935616,0.5201418514777937,0.5201178009600472,0.0,0.0,0.0,0.0,-0.019999999552965164,0.0,0.0,0.0,0.0,0.0,0.8485506176948547,0.4285506308078766,0.0,0.0,0.0,0.0
110.026,-0.009999999776482582,0.009999999776482582,-0.019999999552965164,datactrl_ref_vx_fallback,states_vx_gs,0.4099999964237213,states_theta,-0.0790385901927948,0.3900983146601369,0.22522353741998383,0.5203408511814342,0.5199213212455975,0.5197493655415713,0.5205128068854605,0.5204737020790788,0.519788470347953,0.0,0.0,0.0,0.0,-0.009999999776482582,0.0,0.0,0.0,0.0,0.0,0.8292440176010132,0.41924405097961426,0.0,0.0,0.0,0.0
110.126,0.0,0.0,0.0,datactrl_ref_vx_fallback,datactrl_est_vx_fallback,0.4099999964237213,states_theta,-0.0780392736196518,0.3900992596560836,0.22522392269065986,0.5201084007309811,0.5201562916852418,0.5201386859306015,0.5201260064856214,0.5199996204407881,0.5202650719754348,0.0,0.0,0.0,0.0,0.0,0.0,0.0,0.0,0.0,0.0,0.8096967935562134,0.39969682693481445,0.0,0.0,0.0,0.0
110.227,0.0,0.0,0.0,datactrl_ref_vx_fallback,datactrl_est_vx_fallback,0.3999999761581421,states_theta,-0.12542632222175598,0.39010020465203016,0.22522455716572676,0.5199659052396748,0.520301307165739,0.5204316388024814,0.5198355736029323,0.5198857577147826,0.5203814546906311,0.0,0.0,0.0,0.0,0.0,0.0,0.0,0.0,0.0,0.0,0.8096967935562134,0.4096968472003937,0.0,0.0,0.0,0.0
110.326,0.0,0.0,0.0,datactrl_ref_vx_fallback,datactrl_est_vx_fallback,0.3799999952316284,states_theta,-0.11740592122077942,0.3901011496479767,0.22522505961147285,0.5202200743807314,0.5200496580138733,0.5200196071503285,0.5202501252442762,0.5204178632280447,0.5198518691665599,0.0,0.0,0.0,0.0,0.0,0.0,0.0,0.0,0.0,0.0,0.8096967935562134,0.42969682812690735,0.0,0.0,0.0,0.0
110.427,0.009999999776482582,-0.009999999776482582,0.019999999552965164,datactrl_ref_vx_fallback,states_vx_gs,0.3799999952316284,states_theta,-0.005800754763185978,0.3901020946439233,0.22522563612351792,0.5202957155783184,0.5199765368054771,0.5198161860737881,0.5204560663100074,0.5203049784540478,0.5199672739297477,0.0,0.0,0.0,0.0,0.009999999776482582,0.0,0.0,0.0,0.0,0.0,0.7897485494613647,0.40974852442741394,0.0,0.0,0.0,0.0
110.526,0.009999999776482582,-0.009999999776482582,0.019999999552965164,datactrl_ref_vx_fallback,states_vx_gs,0.3799999952316284,states_theta,-0.03198122978210449,0.39010303963987,0.22522615568413315,0.5200543190063588,0.5202204533666278,0.5203224833386052,0.5199522890343814,0.5198760928389666,0.52039867953402,0.0,0.0,0.0,0.0,0.009999999776482582,0.0,0.0,0.0,0.0,0.0,0.7893474698066711,0.4093474745750427,0.0,0.0,0.0,0.0
110.627,0.019999999552965164,-0.019999999552965164,0.03999999910593033,datactrl_ref_vx_fallback,states_vx_gs,0.3700000047683716,states_theta,-0.1336127370595932,0.3900768785990044,0.22521104882253679,0.5199633592357905,0.5202416503615547,0.5203522989277176,0.5198527106696276,0.519951955791107,0.5202530538062382,0.0,0.0,0.0,0.0,0.019999999552965164,0.0,0.0,0.0,0.0,0.0,0.7688376903533936,0.39883771538734436,0.0,0.0,0.0,0.0
110.726,0.019999999552965164,-0.019999999552965164,0.03999999910593033,datactrl_ref_vx_fallback,states_vx_gs,0.3499999940395355,states_theta,-0.12119743973016739,0.3900775536145008,0.22521153353869944,0.520265316130671,0.5199414935079978,0.5198663703667026,0.5203404392719662,0.5205429230876328,0.5196638865510359,0.0,0.0,0.0,0.0,0.019999999552965164,0.0,0.0,0.0,0.0,0.0,0.7680355906486511,0.4180355966091156,0.0,0.0,0.0,0.0
110.828,0.029999999329447746,-0.029999999329447746,0.05999999865889549,datactrl_ref_vx_fallback,states_vx_gs,0.3499999940395355,states_theta,-0.043089527636766434,0.390078228629997,0.22521179549676232,0.5201732258043247,0.5200353838756674,0.5199371365350108,0.5202714731449812,0.5202169695585775,0.5199916401214145,0.0,0.0,0.0,0.0,0.029999999329447746,0.0,0.0,0.0,0.0,0.0,0.7469643354415894,0.39696434140205383,0.0,0.0,0.0,0.0
110.927,0.03999999910593033,-0.03999999910593033,0.07999999821186066,datactrl_ref_vx_fallback,states_vx_gs,0.3400000035762787,states_theta,-0.07799624651670456,0.3900518381121858,0.2251966407630432,0.5199105778469094,0.5202276571189194,0.5203479075960621,0.5197903273697667,0.5197691749883112,0.5203690599775176,0.0,0.0,0.0,0.0,0.03999999910593033,0.0,0.0,0.0,0.0,0.0,0.7255722284317017,0.38557225465774536,0.0,0.0,0.0,0.0
111.028,0.03999999910593033,-0.03999999910593033,0.07999999821186066,datactrl_ref_vx_fallback,states_vx_gs,0.32999998331069946,states_theta,-0.10530897974967957,0.39005224314723175,0.22519680682882517,0.5201704823629947,0.5199688326962899,0.5199553842970307,0.5201839307622539,0.5202875734045643,0.5198517416547203,0.0,0.0,0.0,0.0,0.03999999910593033,0.0,0.0,0.0,0.0,0.0,0.7239680290222168,0.39396801590919495,0.0,0.0,0.0,0.0
111.126,0.04999999701976776,-0.04999999701976776,0.09999999403953552,datactrl_ref_vx_fallback,states_vx_gs,0.32999998331069946,states_theta,-0.035671256482601166,0.39003910220654325,0.22518923630045395,0.5201827531547161,0.519921519396066,0.5197903029478728,0.5203139696029093,0.5201730966729552,0.5199311758778269,0.0,0.0,0.0,0.0,0.04999999701976776,0.0,0.0,0.0,0.0,0.0,0.7021748423576355,0.3721748888492584,0.0,0.0,0.0,0.0
111.228,0.04999999701976776,-0.04999999701976776,0.09999999403953552,datactrl_ref_vx_fallback,states_vx_gs,0.3199999928474426,states_theta,-0.045827265828847885,0.38963619515466197,0.22495670535538634,0.5193213849705107,0.5197084687752545,0.5198184081566942,0.519211445589071,0.5191569530743944,0.5198729006713708,0.0,0.0,0.0,0.0,0.04999999701976776,0.0,0.0,0.0,0.0,0.0,0.700169563293457,0.3801695704460144,0.0,0.0,0.0,0.0
111.328,0.05999999865889549,-0.05999999865889549,0.11999999731779099,datactrl_ref_vx_fallback,states_vx_gs,0.3100000023841858,states_theta,-0.10051360726356506,0.39000932014629397,0.22517215874714985,0.5197584239403523,0.5202664297830983,0.5203692627979245,0.5196555909255262,0.5196669097546477,0.520357943968803,0.0,0.0,0.0,0.0,0.05999999865889549,0.0,0.0,0.0,0.0,0.0,0.6778951287269592,0.36789512634277344,0.0,0.0,0.0,0.0
111.427,0.05999999865889549,-0.05999999865889549,0.11999999731779099,datactrl_ref_vx_fallback,states_vx_gs,0.29999998211860657,states_theta,-0.1075427457690239,0.39000932014629397,0.22517200467141946,0.5199048974595938,0.5201199562638569,0.5201520840903752,0.5198727696330755,0.5199612770501282,0.5200635766733225,0.0,0.0,0.0,0.0,0.05999999865889549,0.0,0.0,0.0,0.0,0.0,0.6754887700080872,0.375488817691803,0.0,0.0,0.0,0.0
111.527,0.07000000029802322,-0.07000000029802322,0.14000000059604645,datactrl_ref_vx_fallback,states_vx_gs,0.28999999165534973,states_theta,-0.10573532432317734,0.38998205212121173,0.22515653369096902,0.5202342480096508,0.5197178909802472,0.5195154036747541,0.5204367353151439,0.5204711959681901,0.5194809430217079,0.0,0.0,0.0,0.0,0.07000000029802322,0.0,0.0,0.0,0.0,0.0,0.6528133153915405,0.3628133237361908,0.0,0.0,0.0,0.0
111.628,0.07000000029802322,-0.07000000029802322,0.14000000059604645,datactrl_ref_vx_fallback,states_vx_gs,0.2800000011920929,states_theta,-0.1058022528886795,0.38998178214076135,0.22515611680375472,0.5200850671820614,0.5198663518599689,0.5198862789559155,0.5200651400861147,0.5201598582322637,0.5197915608097665,0.0,0.0,0.0,0.0,0.07000000029802322,0.0,0.0,0.0,0.0,0.0,0.6500058770179749,0.37000590562820435,0.0,0.0,0.0,0.0
111.728,0.07999999821186066,-0.07999999821186066,0.1599999964237213,datactrl_ref_vx_fallback,states_vx_gs,0.26999998092651367,states_theta,-0.11586549878120422,0.3899542981313189,0.2251404672873323,0.5196929523949826,0.5201851759552011,0.5204088902328222,0.5194692381173615,0.5195317652088735,0.5203463631413102,0.0,0.0,0.0,0.0,0.07999999821186066,0.0,0.0,0.0,0.0,0.0,0.6268892288208008,0.3568892776966095,0.0,0.0,0.0,0.0
111.827,0.07999999821186066,-0.07999999821186066,0.1599999964237213,datactrl_ref_vx_fallback,states_vx_gs,0.25999999046325684,states_theta,-0.12747879326343536,0.3899537581704182,0.22513994546864546,0.5198136895191269,0.5200629989353217,0.5201569474533959,0.5197197410010527,0.519864128183242,0.5200125602712066,0.0,0.0,0.0,0.0,0.07999999821186066,0.0,0.0,0.0,0.0,0.0,0.6236807703971863,0.36368077993392944,0.0,0.0,0.0,0.0
111.928,0.08999999612569809,-0.08999999612569809,0.17999999225139618,datactrl_ref_vx_fallback,states_vx_gs,0.25,states_theta,-0.10034491121768951,0.3899396452228641,0.2251319686248608,0.5201474777891488,0.5196915761384888,0.5195331412577511,0.5203059126698866,0.5203391022463983,0.5194999516812393,0.0,0.0,0.0,0.0,0.08999999612569809,0.0,0.0,0.0,0.0,0.0,0.6002432703971863,0.35024330019950867,0.0,0.0,0.0,0.0
112.028,0.08999999612569809,-0.08999999612569809,0.17999999225139618,datactrl_ref_vx_fallback,states_vx_gs,0.23999999463558197,states_theta,-0.05803680047392845,0.3899118911686008,0.22511574595489187,0.5199654450818927,0.5197995980343761,0.5198044825474971,0.5199605605687717,0.5199611006813337,0.5198039424349351,0.0,0.0,0.0,0.0,0.08999999612569809,0.0,0.0,0.0,0.0,0.0,0.5966337323188782,0.3566337525844574,0.0,0.0,0.0,0.0
112.129,0.09999999403953552,-0.09999999403953552,0.19999998807907104,datactrl_ref_vx_fallback,states_vx_gs,0.22999998927116394,states_theta,-0.07232384383678436,0.3899109461726542,0.22511542917555402,0.519649218618136,0.520113304508942,0.5203025235802424,0.5194599995468355,0.5194341460441282,0.5203283770829498,0.0,0.0,0.0,0.0,0.09999999403953552,0.0,0.0,0.0,0.0,0.0,0.5729957222938538,0.3429957628250122,0.0,0.0,0.0,0.0
112.228,0.09999999403953552,-0.09999999403953552,0.19999998807907104,datactrl_ref_vx_fallback,states_vx_gs,0.2199999988079071,states_theta,-0.08881793916225433,0.38991000117670765,0.225114652589998,0.5198226755390354,0.5199373275988517,0.5199813484761576,0.5197786546617295,0.5198392351719813,0.5199207679659058,0.0,0.0,0.0,0.0,0.09999999403953552,0.0,0.0,0.0,0.0,0.0,0.5689851641654968,0.3489851653575897,0.0,0.0,0.0,0.0
112.329,0.09999999403953552,-0.09999999403953552,0.19999998807907104,datactrl_ref_vx_fallback,states_vx_gs,0.20999999344348907,states_theta,-0.10360050946474075,0.3898818691542101,0.22509866793462927,0.5200953803770584,0.5195896040341684,0.5194647165180307,0.5202202678931961,0.5203640571327138,0.519320927278513,0.0,0.0,0.0,0.0,0.09999999403953552,0.0,0.0,0.0,0.0,0.0,0.5649745464324951,0.35497456789016724,0.0,0.0,0.0,0.0
112.429,0.10999999940395355,-0.10999999940395355,0.2199999988079071,datactrl_ref_vx_fallback,states_vx_gs,0.20999999344348907,states_theta,-0.08733705431222916,0.38988065417785667,0.22509775442748645,0.5199981139810087,0.5196836304932758,0.5196483028992063,0.5200334415750782,0.5200280861986517,0.5196536582756328,0.0,0.0,0.0,0.0,0.10999999940395355,0.0,0.0,0.0,0.0,0.0,0.5407750606536865,0.33077505230903625,0.0,0.0,0.0,0.0
112.529,0.10999999940395355,-0.10999999940395355,0.2199999988079071,datactrl_ref_vx_fallback,states_vx_gs,0.19999998807907104,states_theta,-0.10769126564264297,0.3898794392015034,0.2250971124836175,0.5197105595871345,0.5199679449502079,0.520185661510395,0.5194928430269474,0.519579476900407,0.5200990276369355,0.0,0.0,0.0,0.0,0.10999999940395355,0.0,0.0,0.0,0.0,0.0,0.536363422870636,0.33636340498924255,0.0,0.0,0.0,0.0
112.629,0.10999999940395355,-0.10999999940395355,0.2199999988079071,datactrl_ref_vx_fallback,states_vx_gs,0.1899999976158142,states_theta,-0.11026708781719208,0.38985101019175744,0.22508062373731808,0.5196542337187708,0.5199484601259157,0.5200080149691864,0.5195946788755001,0.5197367154075738,0.5198659784371127,0.0,0.0,0.0,0.0,0.10999999940395355,0.0,0.0,0.0,0.0,0.0,0.5319517254829407,0.34195175766944885,0.0,0.0,0.0,0.0
112.729,0.11999999731779099,-0.11999999731779099,0.23999999463558197,datactrl_ref_vx_fallback,states_vx_gs,0.17999999225139618,states_theta,-0.05012569576501846,0.3898495252349103,0.22507975915191863,0.5196698133445106,0.5199289206152502,0.5196393353470943,0.5199593986126665,0.519913781845964,0.5196849521137967,0.0,0.0,0.0,0.0,0.11999999731779099,0.0,0.0,0.0,0.0,0.0,0.5073111057281494,0.32731109857559204,0.0,0.0,0.0,0.0
112.829,0.11999999731779099,-0.11999999731779099,0.23999999463558197,datactrl_ref_vx_fallback,states_vx_gs,0.17000000178813934,states_theta,-0.06161392480134964,0.38984804027806297,0.2250789238872714,0.5196339200097151,0.5199608540651195,0.5196254123208265,0.5199693617540081,0.5199947142813813,0.5196000597934533,0.0,0.0,0.0,0.0,0.11999999731779099,0.0,0.0,0.0,0.0,0.0,0.5024983882904053,0.33249837160110474,0.0,0.0,0.0,0.0
112.929,0.11999999731779099,-0.11999999731779099,0.23999999463558197,datactrl_ref_vx_fallback,states_vx_gs,0.1599999964237213,states_theta,-0.07915743440389633,0.38984655532121565,0.22507807150600595,0.5196257153179433,0.5199650988719651,0.5196635730959688,0.5199272410939396,0.520036214469355,0.5195545997205534,0.0,0.0,0.0,0.0,0.11999999731779099,0.0,0.0,0.0,0.0,0.0,0.49768567085266113,0.3376856744289398,0.0,0.0,0.0,0.0
113.03,0.12999999523162842,-0.12999999523162842,0.25999999046325684,datactrl_ref_vx_fallback,states_vx_gs,0.1599999964237213,states_theta,0.0468420684337616,0.38984507036436844,0.22507719799912423,0.5196055484718473,0.5199813058331352,0.519620722869029,0.5199661314359534,0.5196937868966789,0.5198930674083035,0.0,0.0,0.0,0.0,0.12999999523162842,0.0,0.0,0.0,0.0,0.0,0.4728444814682007,0.31284448504447937,0.0,0.0,0.0,0.0
113.131,0.12999999523162842,-0.12999999523162842,0.25999999046325684,datactrl_ref_vx_fallback,states_vx_gs,0.17000000178813934,states_theta,0.07147924602031708,0.38984358540752106,0.22507636287804694,0.5195961211018143,0.519986773318242,0.5196095534918532,0.519973340928203,0.5195821065636919,0.5200007878563644,0.0,0.0,0.0,0.0,0.12999999523162842,0.0,0.0,0.0,0.0,0.0,0.4676307141780853,0.2976307272911072,0.0,0.0,0.0,0.0
113.229,0.12999999523162842,-0.12999999523162842,0.25999999046325684,datactrl_ref_vx_fallback,states_vx_gs,0.17000000178813934,states_theta,-0.08657695353031158,0.38984210045067386,0.22507548569091304,0.5195578468300409,0.5200210877050894,0.519644960916956,0.5199339736181743,0.519858707175161,0.5197202273599693,0.0,0.0,0.0,0.0,0.12999999523162842,0.0,0.0,0.0,0.0,0.0,0.46241694688796997,0.2924169600009918,0.0,0.0,0.0,0.0
113.33,0.12999999523162842,-0.12999999523162842,0.25999999046325684,datactrl_ref_vx_fallback,states_vx_gs,0.1599999964237213,states_theta,-0.14209431409835815,0.3898678295272192,0.22509038031642062,0.5198520906601225,0.5197954547457955,0.5195942259301555,0.5200533194757625,0.5201364226393544,0.5195111227665635,0.0,0.0,0.0,0.0,0.12999999523162842,0.0,0.0,0.0,0.0,0.0,0.4572031795978546,0.2972031831741333,0.0,0.0,0.0,0.0
113.431,0.14000000059604645,-0.14000000059604645,0.2800000011920929,datactrl_ref_vx_fallback,states_vx_gs,0.14000000059604645,states_theta,-0.15766243636608124,0.38986661455086596,0.22508959830814756,0.5198542496335603,0.5197900558354156,0.5198687306247314,0.5197755748442445,0.5198770275387739,0.519767277930202,0.0,0.0,0.0,0.0,0.14000000059604645,0.0,0.0,0.0,0.0,0.0,0.43176040053367615,0.2917603850364685,0.0,0.0,0.0,0.0
113.531,0.14000000059604645,-0.14000000059604645,0.2800000011920929,datactrl_ref_vx_fallback,states_vx_gs,0.12999999523162842,states_theta,-0.1443343609571457,0.39026860360051074,0.22532171460159478,0.5203934922887968,0.5203227839792318,0.5205711416332434,0.5201451346347853,0.5202595385411385,0.5204567377268902,0.0,0.0,0.0,0.0,0.14000000059604645,0.0,0.0,0.0,0.0,0.0,0.4261455535888672,0.29614555835723877,0.0,0.0,0.0,0.0
113.629,0.14000000059604645,-0.14000000059604645,0.2800000011920929,datactrl_ref_vx_fallback,states_vx_gs,0.10999999940395355,states_theta,-0.11992792785167694,0.38989528361292647,0.22510616659848315,0.5199044268426711,0.5198163294584661,0.5200419991954779,0.5196787571056594,0.5198389766126517,0.5198817796884856,0.0,0.0,0.0,0.0,0.14000000059604645,0.0,0.0,0.0,0.0,0.0,0.4205307364463806,0.31053075194358826,0.0,0.0,0.0,0.0
113.731,0.14000000059604645,-0.14000000059604645,0.2800000011920929,datactrl_ref_vx_fallback,states_vx_gs,0.09999999403953552,states_theta,-0.08708305656909943,0.38992136365965685,0.22512122029562545,0.5199664725028693,0.519823830589549,0.5200480865620098,0.5197422165304084,0.5198755855973649,0.5199147174950534,0.0,0.0,0.0,0.0,0.14000000059604645,0.0,0.0,0.0,0.0,0.0,0.41491591930389404,0.3149159252643585,0.0,0.0,0.0,0.0
113.831,0.14000000059604645,-0.14000000059604645,0.2800000011920929,datactrl_ref_vx_fallback,states_vx_gs,0.10999999940395355,states_theta,0.05902720242738724,0.39031108260058,0.22534624939611478,0.5205271110546179,0.5203024425469287,0.520168067603825,0.5206614859977217,0.5204217569441012,0.5204077966574454,0.0,0.0,0.0,0.0,0.14000000059604645,0.0,0.0,0.0,0.0,0.0,0.40930110216140747,0.2993010878562927,0.0,0.0,0.0,0.0
113.931,0.14999999105930328,-0.14999999105930328,0.29999998211860657,datactrl_ref_vx_fallback,states_vx_gs,0.10999999940395355,states_theta,0.045445188879966736,0.3899381676480416,0.2251309838704366,0.5200548742830887,0.5197802394450223,0.5195693940304726,0.5202657196976384,0.519925853523467,0.519909260204644,0.0,0.0,0.0,0.0,0.14999999105930328,0.0,0.0,0.0,0.0,0.0,0.3833770453929901,0.27337706089019775,0.0,0.0,0.0,0.0
114.031,0.14999999105930328,-0.14999999105930328,0.29999998211860657,datactrl_ref_vx_fallback,states_vx_gs,0.10999999940395355,states_theta,-0.05377202481031418,0.38993762768714096,0.22513061244824217,0.519980514551513,0.519853159280863,0.5197484872899784,0.5200851865423975,0.5199331814587044,0.5199004923736715,0.0,0.0,0.0,0.0,0.14999999105930328,0.0,0.0,0.0,0.0,0.0,0.3773611783981323,0.2673611640930176,0.0,0.0,0.0,0.0
114.131,0.14999999105930328,-0.14999999105930328,0.29999998211860657,datactrl_ref_vx_fallback,states_vx_gs,0.08999999612569809,states_theta,-0.2706960439682007,0.3899643557513225,0.2251461434133724,0.519772646753442,0.5201323019167512,0.5203750806016836,0.5195298680685096,0.5199213897443535,0.5199835589258397,0.0,0.0,0.0,0.0,0.14999999105930328,0.0,0.0,0.0,0.0,0.0,0.37134531140327454,0.28134530782699585,0.0,0.0,0.0,0.0
114.233,0.14999999105930328,-0.14999999105930328,0.29999998211860657,datactrl_ref_vx_fallback,states_vx_gs,0.05999999865889549,states_theta,-0.22889918088912964,0.38996408577087216,0.22514593308315295,0.5200010611720396,0.5199031675502861,0.5201141011588984,0.5197901275634272,0.5202439679864909,0.5196602607358348,0.0,0.0,0.0,0.0,0.14999999105930328,0.0,0.0,0.0,0.0,0.0,0.36532941460609436,0.30532941222190857,0.0,0.0,0.0,0.0
114.332,0.14999999105930328,-0.14999999105930328,0.29999998211860657,datactrl_ref_vx_fallback,states_vx_gs,0.05999999865889549,states_theta,0.04119458422064781,0.38999330681744226,0.22516278068592635,0.520134198861172,0.5198479526520073,0.5197808791244372,0.5202012723887421,0.5200771463991432,0.5199050051140361,0.0,0.0,0.0,0.0,0.14999999105930328,0.0,0.0,0.0,0.0,0.0,0.3593135476112366,0.2993135452270508,0.0,0.0,0.0,0.0
114.431,0.14999999105930328,-0.14999999105930328,0.29999998211860657,datactrl_ref_vx_fallback,states_vx_gs,0.05999999865889549,states_theta,0.027017096057534218,0.38999330681744226,0.22516274831281344,0.5200133452392204,0.5199688062739589,0.51999461733795,0.5199875341752292,0.5198759550664435,0.5201061964467358,0.0,0.0,0.0,0.0,0.14999999105930328,0.0,0.0,0.0,0.0,0.0,0.3532976508140564,0.2932976484298706,0.0,0.0,0.0,0.0
114.529,0.14999999105930328,-0.14999999105930328,0.29999998211860657,datactrl_ref_vx_fallback,states_vx_gs,0.05999999865889549,states_theta,-0.08670882135629654,0.39002049384838944,0.22517865707441276,0.5197761902716102,0.5202784599907616,0.5204856907266072,0.5195689595357645,0.519676501407566,0.5203781488548057,0.0,0.0,0.0,0.0,0.14999999105930328,0.0,0.0,0.0,0.0,0.0,0.3472817838191986,0.2872817814350128,0.0,0.0,0.0,0.0
114.631,0.1599999964237213,-0.1599999964237213,0.3199999928474426,datactrl_ref_vx_fallback,states_vx_gs,0.04999999701976776,states_theta,-0.1442873477935791,0.3900343503209528,0.22518644872289953,0.5200432478372602,0.5200483530186139,0.5200540521373825,0.5200375487184915,0.5201899256079549,0.5199016752479192,0.0,0.0,0.0,0.0,0.1599999964237213,0.0,0.0,0.0,0.0,0.0,0.32103684544563293,0.27103686332702637,0.0,0.0,0.0,0.0
114.731,0.1599999964237213,-0.1599999964237213,0.3199999928474426,datactrl_ref_vx_fallback,states_vx_gs,0.029999999329447746,states_theta,-0.09597843140363693,0.3900347553559987,0.22518693797617997,0.52030607098076,0.5197866099685698,0.5196685983653547,0.5204240825839751,0.520566735033111,0.5195259459162188,0.0,0.0,0.0,0.0,0.1599999964237213,0.0,0.0,0.0,0.0,0.0,0.31461992859840393,0.28461992740631104,0.0,0.0,0.0,0.0
114.831,0.1599999964237213,-0.1599999964237213,0.3199999928474426,datactrl_ref_vx_fallback,states_vx_gs,0.019999999552965164,states_theta,-0.11135745048522949,0.3900351603910445,0.22518691719106484,0.5200543191158478,0.5200394419269376,0.5201593120379108,0.5199344490048746,0.5201445783186435,0.5199491827241419,0.0,0.0,0.0,0.0,0.1599999964237213,0.0,0.0,0.0,0.0,0.0,0.30820298194885254,0.2882029712200165,0.0,0.0,0.0,0.0
114.932,0.1599999964237213,-0.1599999964237213,0.3199999928474426,datactrl_ref_vx_fallback,states_vx_gs,0.019999999552965164,states_theta,-0.04520644247531891,0.39006280645312774,0.22520307037516007,0.5198517999745137,0.5203156839004935,0.520505434891194,0.5196620489838132,0.5197149157061488,0.5204525681688584,0.0,0.0,0.0,0.0,0.1599999964237213,0.0,0.0,0.0,0.0,0.0,0.30178603529930115,0.2817860245704651,0.0,0.0,0.0,0.0
115.033,0.1599999964237213,-0.1599999964237213,0.3199999928474426,datactrl_ref_vx_fallback,states_vx_gs,0.009999999776482582,states_theta,-0.041115451604127884,0.39006348146862396,0.22520326241041425,0.5201588684506068,0.5200104154657238,0.5200873385558785,0.520081945360452,0.5201619967706675,0.520007287145663,0.0,0.0,0.0,0.0,0.1599999964237213,0.0,0.0,0.0,0.0,0.0,0.29536908864974976,0.2853690981864929,0.0,0.0,0.0,0.0
115.133,0.1599999964237213,-0.1599999964237213,0.3199999928474426,datactrl_ref_vx_fallback,states_vx_gs,0.009999999776482582,states_theta,-0.05152524262666702,0.3900641564841202,0.22520374737525536,0.5201869623022954,0.5199841216553585,0.5198353316253824,0.5203357523322715,0.5204175127165852,0.5197535712410687,0.0,0.0,0.0,0.0,0.1599999964237213,0.0,0.0,0.0,0.0,0.0,0.28895214200019836,0.27895215153694153,0.0,0.0,0.0,0.0
115.232,0.1599999964237213,-0.1599999964237213,0.3199999928474426,datactrl_ref_vx_fallback,states_vx_gs,0.28253522515296936,datactrl_est_theta_fallback,-0.0824672132730484,0.39009201853056363,0.22521979125502067,0.5199677644949217,0.520277618253248,0.5203957535768449,0.5198496291713248,0.520031231821581,0.5202141509265887,0.0,0.0,0.0,0.0,0.1599999964237213,0.0,0.0,0.0,0.0,0.0,0.28253522515296936,0.28253522515296936,0.0,0.0,0.0,0.0
115.333,0.1599999964237213,-0.1599999964237213,0.3199999928474426,datactrl_ref_vx_fallback,states_vx_gs,0.27611827850341797,datactrl_est_theta_fallback,-0.021740248426795006,0.39009296352651024,0.2252203153249384,0.5200341892639927,0.5202137134733679,0.5203140387810986,0.519933863956262,0.5199691635396692,0.5202787391976914,0.0,0.0,0.0,0.0,0.1599999964237213,0.0,0.0,0.0,0.0,0.0,0.27611827850341797,0.27611827850341797,0.0,0.0,0.0,0.0
115.433,0.1599999964237213,-0.1599999964237213,0.3199999928474426,datactrl_ref_vx_fallback,states_vx_gs,0.2697013318538666,datactrl_est_theta_fallback,-0.041034676134586334,0.3900939085224568,0.2252209381600587,0.5202920089904078,0.5199584137361436,0.5198543728813138,0.5203960498452377,0.5204510120493312,0.5197994106772202,0.0,0.0,0.0,0.0,0.1599999964237213,0.0,0.0,0.0,0.0,0.0,0.2697013318538666,0.2697013318538666,0.0,0.0,0.0,0.0
115.533,0.1599999964237213,-0.1599999964237213,0.3199999928474426,datactrl_ref_vx_fallback,states_vx_gs,0.2632843852043152,datactrl_est_theta_fallback,-0.053901154547929764,0.39009485351840334,0.22522140475294705,0.5202499854844982,0.5200029572312441,0.5200022172460355,0.5202507254697069,0.5203116343851526,0.5199413083305897,0.0,0.0,0.0,0.0,0.1599999964237213,0.0,0.0,0.0,0.0,0.0,0.2632843852043152,0.2632843852043152,0.0,0.0,0.0,0.0
115.632,0.1599999964237213,-0.1599999964237213,0.3199999928474426,datactrl_ref_vx_fallback,states_vx_gs,-0.009999999776482582,states_theta,-0.07252046465873718,0.39009579851435006,0.22522211244068657,0.5199730487698424,0.520282413935091,0.5205974188808682,0.5196580438240652,0.5197923144365058,0.5204631482684277,0.0,0.0,0.0,0.0,0.1599999964237213,0.0,0.0,0.0,0.0,0.0,0.2568674683570862,0.266867458820343,0.0,0.0,0.0,0.0
115.733,0.1599999964237213,-0.1599999964237213,0.3199999928474426,datactrl_ref_vx_fallback,states_vx_gs,-0.009999999776482582,states_theta,-0.041405290365219116,0.3900967435102966,0.22522249802279817,0.5200803138666087,0.5201776688275156,0.5203338414279468,0.5199241412661775,0.5199727873767026,0.5202851953174217,0.0,0.0,0.0,0.0,0.1599999964237213,0.0,0.0,0.0,0.0,0.0,0.2504505217075348,0.2604505121707916,0.0,0.0,0.0,0.0
115.834,0.1599999964237213,-0.1599999964237213,0.3199999928474426,datactrl_ref_vx_fallback,states_vx_gs,-0.019999999552965164,states_theta,-0.059210412204265594,0.39009768850624316,0.22522313204061362,0.5203194647606066,0.5199410379227085,0.5198862313501273,0.5203742713331878,0.5204945406615593,0.5197659620217558,0.0,0.0,0.0,0.0,0.1599999964237213,0.0,0.0,0.0,0.0,0.0,0.2440335750579834,0.26403358578681946,0.0,0.0,0.0,0.0
115.933,0.1599999964237213,-0.1599999964237213,0.3199999928474426,datactrl_ref_vx_fallback,states_vx_gs,-0.019999999552965164,states_theta,-0.02739507146179676,0.39009863350218976,0.22522355741319525,0.5201199588798328,0.5201430637926733,0.5200746699362188,0.5201883527362873,0.520221385216603,0.520041637455903,0.0,0.0,0.0,0.0,0.1599999964237213,0.0,0.0,0.0,0.0,0.0,0.237616628408432,0.25761663913726807,0.0,0.0,0.0,0.0
116.034,0.14999999105930328,-0.14999999105930328,0.29999998211860657,datactrl_ref_vx_fallback,states_vx_gs,-0.029999999329447746,states_theta,-0.0503690168261528,0.3900995784981364,0.22522426294774608,0.5199657714690944,0.5202997711926027,0.5205967652552821,0.519668777406415,0.5198951942391399,0.5203703484225572,0.0,0.0,0.0,0.0,0.14999999105930328,0.0,0.0,0.0,0.0,0.0,0.2512282133102417,0.2812282145023346,0.0,0.0,0.0,0.0
116.134,0.14999999105930328,-0.14999999105930328,0.29999998211860657,datactrl_ref_vx_fallback,states_vx_gs,-0.03999999910593033,states_theta,-0.08630397915840149,0.390100523494083,0.22522468226134354,0.5202106041151497,0.5200574585357383,0.5202367243741004,0.5200313382767876,0.5203700027110001,0.5198980599398879,0.0,0.0,0.0,0.0,0.14999999105930328,0.0,0.0,0.0,0.0,0.0,0.24521231651306152,0.28521230816841125,0.0,0.0,0.0,0.0
116.234,0.14999999105930328,-0.14999999105930328,0.29999998211860657,datactrl_ref_vx_fallback,states_vx_gs,-0.03999999910593033,states_theta,0.013891042210161686,0.3901014684900296,0.22522529041961364,0.5202651509889363,0.5200054316511425,0.5199073885062323,0.5203631941338466,0.5204759050812829,0.5197946775587959,0.0,0.0,0.0,0.0,0.14999999105930328,0.0,0.0,0.0,0.0,0.0,0.23919643461704254,0.27919644117355347,0.0,0.0,0.0,0.0
116.334,0.14999999105930328,-0.14999999105930328,0.29999998211860657,datactrl_ref_vx_fallback,states_vx_gs,-0.029999999329447746,states_theta,0.0644267350435257,0.39007522645502907,0.22521003979102472,0.5201407854855539,0.5200598183945236,0.520091746789992,0.5201088570900855,0.5200426824807557,0.5201579213993218,0.0,0.0,0.0,0.0,0.14999999105930328,0.0,0.0,0.0,0.0,0.0,0.23318055272102356,0.26318055391311646,0.0,0.0,0.0,0.0
116.434,0.14999999105930328,-0.14999999105930328,0.29999998211860657,datactrl_ref_vx_fallback,states_vx_gs,-0.029999999329447746,states_theta,-0.015221923589706421,0.39007590147052523,0.22521061452625551,0.5200274930617222,0.5201749108596784,0.520547444516938,0.5196549594044626,0.5197354082620731,0.5204669956593275,0.0,0.0,0.0,0.0,0.14999999105930328,0.0,0.0,0.0,0.0,0.0,0.22716467082500458,0.25716468691825867,0.0,0.0,0.0,0.0
116.535,0.14999999105930328,-0.14999999105930328,0.29999998211860657,datactrl_ref_vx_fallback,states_vx_gs,-0.029999999329447746,states_theta,-0.07036498188972473,0.39007657648602145,0.22521084582324793,0.5200228824022997,0.5201813215604243,0.5203149288049582,0.5198892751577657,0.520065080107412,0.5201391238553119,0.0,0.0,0.0,0.0,0.14999999105930328,0.0,0.0,0.0,0.0,0.0,0.2211487889289856,0.2511487901210785,0.0,0.0,0.0,0.0
116.634,0.14999999105930328,-0.14999999105930328,0.29999998211860657,datactrl_ref_vx_fallback,states_vx_gs,-0.03999999910593033,states_theta,-0.027604777365922928,0.3900500104744805,0.2251955559295121,0.5200264813072332,0.5201068799580483,0.5198731995792454,0.5202601616860361,0.5203834810657433,0.5197498801995382,0.0,0.0,0.0,0.0,0.14999999105930328,0.0,0.0,0.0,0.0,0.0,0.2151329219341278,0.25513291358947754,0.0,0.0,0.0,0.0
116.734,0.14999999105930328,-0.14999999105930328,0.29999998211860657,datactrl_ref_vx_fallback,states_vx_gs,-0.029999999329447746,states_theta,0.0824253112077713,0.3896720405179336,0.2249772981075181,0.5196096378220257,0.5195158035591304,0.5193072581282723,0.5198181832528839,0.5196378482592372,0.519487593121919,0.0,0.0,0.0,0.0,0.14999999105930328,0.0,0.0,0.0,0.0,0.0,0.20911704003810883,0.23911702632904053,0.0,0.0,0.0,0.0
116.834,0.14999999105930328,-0.14999999105930328,0.29999998211860657,datactrl_ref_vx_fallback,states_vx_gs,-0.029999999329447746,states_theta,0.04455412179231644,0.39003381853610586,0.22518614824303396,0.5201053508656907,0.5199848318972583,0.5198802742315726,0.5202099085313764,0.5200880304282623,0.5200021523346866,0.0,0.0,0.0,0.0,0.14999999105930328,0.0,0.0,0.0,0.0,0.0,0.20310115814208984,0.23310114443302155,0.0,0.0,0.0,0.0
116.936,0.14999999105930328,-0.14999999105930328,0.29999998211860657,datactrl_ref_vx_fallback,states_vx_gs,-0.029999999329447746,states_theta,-0.022375429049134254,0.39000687448756405,0.22517067659803816,0.5198967648030569,0.5201215671637806,0.5203009394876441,0.5197173924791934,0.5197140345008966,0.5203042974659409,0.0,0.0,0.0,0.0,0.14999999105930328,0.0,0.0,0.0,0.0,0.0,0.19708527624607086,0.22708527743816376,0.0,0.0,0.0,0.0
117.034,0.14999999105930328,-0.14999999105930328,0.29999998211860657,datactrl_ref_vx_fallback,states_vx_gs,-0.03999999910593033,states_theta,-0.1402919441461563,0.39000687448756405,0.22517061307550013,0.5199140964932754,0.5201042354735621,0.5202550723906296,0.5197632595762078,0.5200397100378142,0.5199786219290232,0.0,0.0,0.0,0.0,0.14999999105930328,0.0,0.0,0.0,0.0,0.0,0.19106939435005188,0.2310693860054016,0.0,0.0,0.0,0.0
117.134,0.14999999105930328,-0.14999999105930328,0.29999998211860657,datactrl_ref_vx_fallback,states_vx_gs,-0.04999999701976776,states_theta,-0.12085939943790436,0.38997708945468146,0.22515366101801837,0.5202467604049813,0.5196921448075026,0.5196595722327991,0.5202793329796848,0.520550504307597,0.5193884009048869,0.0,0.0,0.0,0.0,0.14999999105930328,0.0,0.0,0.0,0.0,0.0,0.1850535124540329,0.23505350947380066,0.0,0.0,0.0,0.0
117.235,0.14999999105930328,-0.14999999105930328,0.29999998211860657,datactrl_ref_vx_fallback,states_vx_gs,-0.05999999865889549,states_theta,-0.0314837247133255,0.38997681947423113,0.22515353729622584,0.520349335922316,0.5195888493423003,0.5195731344365844,0.520365050828032,0.5204859006334417,0.5194522846311747,0.0,0.0,0.0,0.0,0.14999999105930328,0.0,0.0,0.0,0.0,0.0,0.17903763055801392,0.2390376329421997,0.0,0.0,0.0,0.0
117.336,0.14000000059604645,-0.14000000059604645,0.2800000011920929,datactrl_ref_vx_fallback,states_vx_gs,-0.05999999865889549,states_theta,-0.05722856894135475,0.3899494434569688,0.22513744510901307,0.5200103527459291,0.5198548298059876,0.5201385268663656,0.5197266556855511,0.5199934299338942,0.5198717526180225,0.0,0.0,0.0,0.0,0.14000000059604645,0.0,0.0,0.0,0.0,0.0,0.1932106465101242,0.2532106339931488,0.0,0.0,0.0,0.0
117.435,0.14000000059604645,-0.14000000059604645,0.2800000011920929,datactrl_ref_vx_fallback,states_vx_gs,-0.07000000029802322,states_theta,0.01686037890613079,0.38994890349606803,0.22513738843688433,0.5197273893015353,0.5201363533546461,0.5204862940907357,0.5193774485654458,0.5195289145369569,0.5203348281192245,0.0,0.0,0.0,0.0,0.14000000059604645,0.0,0.0,0.0,0.0,0.0,0.18759582936763763,0.25759583711624146,0.0,0.0,0.0,0.0
117.535,0.14000000059604645,-0.14000000059604645,0.2800000011920929,datactrl_ref_vx_fallback,states_vx_gs,-0.05999999865889549,states_theta,0.005991640500724316,0.3899483635351674,0.22513680198497854,0.519903448457078,0.5199588543033683,0.5200556412739153,0.519806661486531,0.5199080162385251,0.5199542865219212,0.0,0.0,0.0,0.0,0.14000000059604645,0.0,0.0,0.0,0.0,0.0,0.18198099732398987,0.24198099970817566,0.0,0.0,0.0,0.0
117.636,0.14000000059604645,-0.14000000059604645,0.2800000011920929,datactrl_ref_vx_fallback,states_vx_gs,-0.05999999865889549,states_theta,0.006164057180285454,0.3899341830603155,0.2251288056688219,0.5201070902302485,0.5197173979305929,0.5195546265500046,0.5202698616108368,0.5203533263928266,0.5194711617680148,0.0,0.0,0.0,0.0,0.14000000059604645,0.0,0.0,0.0,0.0,0.0,0.1763661801815033,0.2363661825656891,0.0,0.0,0.0,0.0
117.736,0.14000000059604645,-0.14000000059604645,0.2800000011920929,datactrl_ref_vx_fallback,states_vx_gs,-0.05999999865889549,states_theta,0.01757659763097763,0.38990629401582705,0.22511250535540614,0.5198314664038372,0.5199186509717016,0.5198990887934092,0.5198510285821296,0.5198925974753756,0.5198575199001632,0.0,0.0,0.0,0.0,0.14000000059604645,0.0,0.0,0.0,0.0,0.0,0.17075136303901672,0.23075135052204132,0.0,0.0,0.0,0.0
117.836,0.14000000059604645,-0.14000000059604645,0.2800000011920929,datactrl_ref_vx_fallback,states_vx_gs,-0.05999999865889549,states_theta,0.007391849998384714,0.3899053490198805,0.2251121002077735,0.5196703439775867,0.5200772534087612,0.5202225287871846,0.5195250685991634,0.5195693195218515,0.5201782778644964,0.0,0.0,0.0,0.0,0.14000000059604645,0.0,0.0,0.0,0.0,0.0,0.16513653099536896,0.22513653337955475,0.0,0.0,0.0,0.0
117.936,0.14000000059604645,-0.14000000059604645,0.2800000011920929,datactrl_ref_vx_fallback,states_vx_gs,-0.05999999865889549,states_theta,-0.006333453580737114,0.3899044040239338,0.22511141595449644,0.5198743607358525,0.5198707166613044,0.5198518729708081,0.5198932044263487,0.5199471850811885,0.5197978923159683,0.0,0.0,0.0,0.0,0.14000000059604645,0.0,0.0,0.0,0.0,0.0,0.15952171385288239,0.21952171623706818,0.0,0.0,0.0,0.0
118.036,0.14000000059604645,-0.14000000059604645,0.2800000011920929,datactrl_ref_vx_fallback,states_vx_gs,-0.05999999865889549,states_theta,-0.009954818524420261,0.3898762720014362,0.22509539096534142,0.520055107584721,0.5196149510857756,0.5194393898333647,0.5202306688371319,0.5202730673752243,0.5193969912952723,0.0,0.0,0.0,0.0,0.14000000059604645,0.0,0.0,0.0,0.0,0.0,0.15390688180923462,0.2139068841934204,0.0,0.0,0.0,0.0
118.136,0.12999999523162842,-0.12999999523162842,0.25999999046325684,datactrl_ref_vx_fallback,states_vx_gs,-0.07000000029802322,states_theta,-0.030510857701301575,0.389875057025083,0.22509448674878318,0.5198963282981452,0.5197704904354095,0.5199358547766967,0.519730963956858,0.5199648799828632,0.5197019387506915,0.0,0.0,0.0,0.0,0.12999999523162842,0.0,0.0,0.0,0.0,0.0,0.1684809923171997,0.23848100006580353,0.0,0.0,0.0,0.0
118.236,0.12999999523162842,-0.12999999523162842,0.25999999046325684,datactrl_ref_vx_fallback,states_vx_gs,-0.05999999865889549,states_theta,0.042566824704408646,0.38987384204872966,0.22509390291684797,0.5196775789098744,0.519985999886738,0.5201686100655446,0.5194949687310678,0.5195056904299448,0.5201578883666677,0.0,0.0,0.0,0.0,0.12999999523162842,0.0,0.0,0.0,0.0,0.0,0.16326722502708435,0.22326722741127014,0.0,0.0,0.0,0.0
118.337,0.12999999523162842,-0.12999999523162842,0.25999999046325684,datactrl_ref_vx_fallback,states_vx_gs,-0.05999999865889549,states_theta,0.08010141551494598,0.38987262707237635,0.22509308391784277,0.5196792197393155,0.5199811191203548,0.5198411661665749,0.5198191726930954,0.5197352128378467,0.5199251260218236,0.0,0.0,0.0,0.0,0.12999999523162842,0.0,0.0,0.0,0.0,0.0,0.1580534726381302,0.21805346012115479,0.0,0.0,0.0,0.0
118.438,0.12999999523162842,-0.12999999523162842,0.25999999046325684,datactrl_ref_vx_fallback,states_vx_gs,-0.04999999701976776,states_theta,-0.005096674431115389,0.3898714120960231,0.2250924024116881,0.5196861182384117,0.5199709806843166,0.5196847604397461,0.5199723384829822,0.5199925787144715,0.5196645202082568,0.0,0.0,0.0,0.0,0.12999999523162842,0.0,0.0,0.0,0.0,0.0,0.15283970534801483,0.2028397023677826,0.0,0.0,0.0,0.0
118.536,0.12999999523162842,-0.12999999523162842,0.25999999046325684,datactrl_ref_vx_fallback,states_vx_gs,-0.05999999865889549,states_theta,-0.02929859235882759,0.3898701971196699,0.2250917306255158,0.5196716069484746,0.5199822520373119,0.5196675180954115,0.519986340890375,0.520094842474265,0.5195590165115215,0.0,0.0,0.0,0.0,0.12999999523162842,0.0,0.0,0.0,0.0,0.0,0.14762593805789948,0.20762594044208527,0.0,0.0,0.0,0.0
118.636,0.12999999523162842,-0.12999999523162842,0.25999999046325684,datactrl_ref_vx_fallback,states_vx_gs,-0.04999999701976776,states_theta,0.09732896834611893,0.38986898214331656,0.2250909969654417,0.5196508745018502,0.5199997445469939,0.5196524646332835,0.5199981544155606,0.5197701730437071,0.519880446005137,0.0,0.0,0.0,0.0,0.12999999523162842,0.0,0.0,0.0,0.0,0.0,0.14241217076778412,0.19241216778755188,0.0,0.0,0.0,0.0
118.738,0.12999999523162842,-0.12999999523162842,0.25999999046325684,datactrl_ref_vx_fallback,states_vx_gs,-0.03999999910593033,states_theta,0.06371907889842987,0.38986776716696325,0.2250903060350261,0.5196358906858276,0.5200114884260745,0.519807807277646,0.5198395718342561,0.5196073670348587,0.5200400120770434,0.0,0.0,0.0,0.0,0.12999999523162842,0.0,0.0,0.0,0.0,0.0,0.13719841837882996,0.1771984100341797,0.0,0.0,0.0,0.0
118.837,0.12999999523162842,-0.12999999523162842,0.25999999046325684,datactrl_ref_vx_fallback,states_vx_gs,-0.04999999701976776,states_theta,-0.1256035566329956,0.3898664306929747,0.22508955336555575,0.5199107362280441,0.5197330789532218,0.5197083673044831,0.5199354478767828,0.5201311759605587,0.5195126392207072,0.0,0.0,0.0,0.0,0.12999999523162842,0.0,0.0,0.0,0.0,0.0,0.13146327435970306,0.18146327137947083,0.0,0.0,0.0,0.0
118.938,0.12999999523162842,-0.12999999523162842,0.25999999046325684,datactrl_ref_vx_fallback,states_vx_gs,-0.05999999865889549,states_theta,-0.08323093503713608,0.38986521571662147,0.2250888337424983,0.5199317626564269,0.5197088125878969,0.5197180365268649,0.519922538717459,0.5200669707631095,0.5195736044812144,0.0,0.0,0.0,0.0,0.12999999523162842,0.0,0.0,0.0,0.0,0.0,0.1262495070695877,0.1862495094537735,0.0,0.0,0.0,0.0
119.038,0.11999999731779099,-0.11999999731779099,0.23999999463558197,datactrl_ref_vx_fallback,states_vx_gs,-0.05999999865889549,states_theta,0.06221924349665642,0.3898911337707378,0.22510376100282262,0.5199773711806855,0.5197323188746154,0.5198018686115007,0.5199078214438002,0.5198435639424706,0.5198661261128303,0.0,0.0,0.0,0.0,0.11999999731779099,0.0,0.0,0.0,0.0,0.0,0.14118455350399017,0.20118455588817596,0.0,0.0,0.0,0.0
119.138,0.11999999731779099,-0.11999999731779099,0.23999999463558197,datactrl_ref_vx_fallback,states_vx_gs,-0.04999999701976776,states_theta,0.04849671199917793,0.39026668876639814,0.2253205931833186,0.5204963415293373,0.520214828514391,0.5203347909042534,0.520376379139475,0.5202692278819242,0.5204419421618042,0.0,0.0,0.0,0.0,0.11999999731779099,0.0,0.0,0.0,0.0,0.0,0.13637185096740723,0.186371847987175,0.0,0.0,0.0,0.0
119.236,0.11999999731779099,-0.11999999731779099,0.23999999463558197,datactrl_ref_vx_fallback,states_vx_gs,-0.04999999701976776,states_theta,0.023301051929593086,0.38992009981562875,0.22512048614508157,0.5199396433246728,0.5198472895170039,0.5199476608031868,0.5198392720384899,0.519768010661972,0.5200189221797047,0.0,0.0,0.0,0.0,0.11999999731779099,0.0,0.0,0.0,0.0,0.0,0.13155914843082428,0.18155914545059204,0.0,0.0,0.0,0.0
119.338,0.11999999731779099,-0.11999999731779099,0.23999999463558197,datactrl_ref_vx_fallback,states_vx_gs,-0.04999999701976776,states_theta,-0.08210273087024689,0.38993298428132644,0.22512791988749933,0.5199643898877384,0.5198569015291321,0.519984320686547,0.5198369707303235,0.5199680419494902,0.5198532494673803,0.0,0.0,0.0,0.0,0.11999999731779099,0.0,0.0,0.0,0.0,0.0,0.12674644589424133,0.1767464429140091,0.0,0.0,0.0,0.0
119.439,0.11999999731779099,-0.11999999731779099,0.23999999463558197,datactrl_ref_vx_fallback,states_vx_gs,-0.07000000029802322,states_theta,-0.1493576467037201,0.3903108193120187,0.22534609652423074,0.5204701408595535,0.5203587106391631,0.5205642921595593,0.5202645593391572,0.520629866440839,0.5201989850578775,0.0,0.0,0.0,0.0,0.11999999731779099,0.0,0.0,0.0,0.0,0.0,0.12193373590707779,0.191933736205101,0.0,0.0,0.0,0.0
119.538,0.11999999731779099,-0.11999999731779099,0.23999999463558197,datactrl_ref_vx_fallback,states_vx_gs,-0.07999999821186066,states_theta,-0.16321375966072083,0.3899634833982584,0.22514557653366063,0.520007571132586,0.5198950512627698,0.5201477358274912,0.5197548865678646,0.520188525750155,0.5197140966452009,0.0,0.0,0.0,0.0,0.11999999731779099,0.0,0.0,0.0,0.0,0.0,0.11712102591991425,0.1971210241317749,0.0,0.0,0.0,0.0
119.638,0.11999999731779099,-0.11999999731779099,0.23999999463558197,datactrl_ref_vx_fallback,states_vx_gs,-0.07999999821186066,states_theta,0.09012018889188766,0.3899632134178081,0.22514537123654663,0.5199157925317538,0.5199861099157345,0.5199274650495423,0.5199744373979459,0.5198660372770542,0.5200358651704341,0.0,0.0,0.0,0.0,0.11999999731779099,0.0,0.0,0.0,0.0,0.0,0.1123083233833313,0.19230832159519196,0.0,0.0,0.0,0.0
119.739,0.11999999731779099,-0.11999999731779099,0.23999999463558197,datactrl_ref_vx_fallback,states_vx_gs,-0.05999999865889549,states_theta,0.24892809987068176,0.38996294343735777,0.22514530225277843,0.5198861571647002,0.5200150253349205,0.5196435661022162,0.5202576163974045,0.5196915854260901,0.5202095970735306,0.0,0.0,0.0,0.0,0.11999999731779099,0.0,0.0,0.0,0.0,0.0,0.10749562084674835,0.16749562323093414,0.0,0.0,0.0,0.0
119.839,0.10999999940395355,-0.10999999940395355,0.2199999988079071,datactrl_ref_vx_fallback,states_vx_gs,-0.05999999865889549,states_theta,-0.13058792054653168,0.3899899144839446,0.2251608574417155,0.5201554704481531,0.5198176348423659,0.5199758534049949,0.5199972518855241,0.5203137359735756,0.5196593693169435,0.0,0.0,0.0,0.0,0.10999999940395355,0.0,0.0,0.0,0.0,0.0,0.12271140515804291,0.1827114075422287,0.0,0.0,0.0,0.0
119.939,0.10999999940395355,-0.10999999940395355,0.2199999988079071,datactrl_ref_vx_fallback,states_vx_gs,-0.07999999821186066,states_theta,-0.2181595265865326,0.3899899144839446,0.22516089030650427,0.519951143015092,0.520021962275427,0.5203744622975952,0.5195986429929238,0.5201943212771252,0.5197787840133938,0.0,0.0,0.0,0.0,0.10999999940395355,0.0,0.0,0.0,0.0,0.0,0.11829975992441177,0.19829975068569183,0.0,0.0,0.0,0.0
120.039,0.10999999940395355,-0.10999999940395355,0.2199999988079071,datactrl_ref_vx_fallback,states_vx_gs,-0.07999999821186066,states_theta,0.12996478378772736,0.39001707451684675,0.22517654171171614,0.5198215090046672,0.5202240230402575,0.5201660094630035,0.5198795225819212,0.5197384428207458,0.5203070892241789,0.0,0.0,0.0,0.0,0.10999999940395355,0.0,0.0,0.0,0.0,0.0,0.11388811469078064,0.1938881129026413,0.0,0.0,0.0,0.0
120.139,0.10999999940395355,-0.10999999940395355,0.2199999988079071,datactrl_ref_vx_fallback,states_vx_gs,-0.05999999865889549,states_theta,0.1863674372434616,0.3900309174839505,0.2251845675063395,0.5201510096346782,0.5199314369891899,0.5196078911227915,0.5204745555010766,0.520091067230884,0.519991379392984,0.0,0.0,0.0,0.0,0.10999999940395355,0.0,0.0,0.0,0.0,0.0,0.10947646200656891,0.1694764643907547,0.0,0.0,0.0,0.0
120.239,0.10999999940395355,-0.10999999940395355,0.2199999988079071,datactrl_ref_vx_fallback,states_vx_gs,-0.05999999865889549,states_theta,-0.005303792655467987,0.3900313225189965,0.2251848081481375,0.520233737636462,0.5198497890808621,0.5197435415981145,0.5203399851192095,0.5203396972811732,0.5197438294361508,0.0,0.0,0.0,0.0,0.10999999940395355,0.0,0.0,0.0,0.0,0.0,0.10506481677293777,0.16506481170654297,0.0,0.0,0.0,0.0
120.339,0.10999999940395355,-0.10999999940395355,0.2199999988079071,datactrl_ref_vx_fallback,states_vx_gs,-0.05999999865889549,states_theta,-0.0330992192029953,0.3900317275540425,0.22518498642990648,0.5199196605157601,0.5201649462950197,0.5202852894829251,0.5197993173278548,0.5198413759342708,0.520243230876509,0.0,0.0,0.0,0.0,0.10999999940395355,0.0,0.0,0.0,0.0,0.0,0.10065317153930664,0.16065317392349243,0.0,0.0,0.0,0.0
120.439,0.10999999940395355,-0.10999999940395355,0.2199999988079071,datactrl_ref_vx_fallback,states_vx_gs,-0.05999999865889549,states_theta,-0.03504111245274544,0.3900594006141706,0.22520109717598877,0.5198186984181309,0.5203397032196574,0.5204732334607288,0.5196851681770595,0.5197155931481697,0.5204428084896185,0.0,0.0,0.0,0.0,0.10999999940395355,0.0,0.0,0.0,0.0,0.0,0.0962415263056755,0.1562415212392807,0.0,0.0,0.0,0.0
120.54,0.10999999940395355,-0.10999999940395355,0.2199999988079071,datactrl_ref_vx_fallback,states_vx_gs,-0.07000000029802322,states_theta,-0.053414080291986465,0.39006007562966677,0.22520131972828408,0.520129737527741,0.5200304641513703,0.5199830859505832,0.5201771157285282,0.5202857383654436,0.5198744633136678,0.0,0.0,0.0,0.0,0.10999999940395355,0.0,0.0,0.0,0.0,0.0,0.09182988107204437,0.161829873919487,0.0,0.0,0.0,0.0
120.639,0.09999999403953552,-0.09999999403953552,0.19999998807907104,datactrl_ref_vx_fallback,states_vx_gs,-0.07000000029802322,states_theta,0.0008043728303164244,0.3900878026858851,0.22521740522320563,0.5203034446208092,0.5199306958748844,0.5198853970453512,0.5203487434503424,0.5204410789083609,0.5197930615873327,0.0,0.0,0.0,0.0,0.09999999403953552,0.0,0.0,0.0,0.0,0.0,0.10752695053815842,0.17752695083618164,0.0,0.0,0.0,0.0
120.739,0.09999999403953552,-0.09999999403953552,0.19999998807907104,datactrl_ref_vx_fallback,states_vx_gs,-0.07000000029802322,states_theta,-0.00751925352960825,0.3900887476818316,0.22521793053869488,0.5199906977044487,0.5202459627804356,0.5204275184725521,0.5198091420123322,0.519906277268953,0.5203303832159313,0.0,0.0,0.0,0.0,0.09999999403953552,0.0,0.0,0.0,0.0,0.0,0.1035163626074791,0.17351636290550232,0.0,0.0,0.0,0.0
120.84,0.09999999403953552,-0.09999999403953552,0.19999998807907104,datactrl_ref_vx_fallback,states_vx_gs,-0.07000000029802322,states_theta,0.0408673956990242,0.39008969267777827,0.2252184483090749,0.5200243850460601,0.5202147954280153,0.520332338622394,0.5199068418516813,0.5198906845186034,0.520348495955472,0.0,0.0,0.0,0.0,0.09999999403953552,0.0,0.0,0.0,0.0,0.0,0.09950577467679977,0.169505774974823,0.0,0.0,0.0,0.0
120.939,0.09999999403953552,-0.09999999403953552,0.19999998807907104,datactrl_ref_vx_fallback,states_vx_gs,-0.07000000029802322,states_theta,0.02556254342198372,0.39009063767372487,0.22521903610330496,0.5202544401610644,0.5199872603022019,0.519835055350055,0.5204066451132112,0.5204093532054048,0.5198323472578614,0.0,0.0,0.0,0.0,0.09999999403953552,0.0,0.0,0.0,0.0,0.0,0.09549518674612045,0.16549518704414368,0.0,0.0,0.0,0.0
121.039,0.09999999403953552,-0.09999999403953552,0.19999998807907104,datactrl_ref_vx_fallback,states_vx_gs,-0.05999999865889549,states_theta,0.008194489404559135,0.3900915826696714,0.2252195321915517,0.5202310732671194,0.5200131471853378,0.5199054603142423,0.5203387601382148,0.5203085306063684,0.5199356898460887,0.0,0.0,0.0,0.0,0.09999999403953552,0.0,0.0,0.0,0.0,0.0,0.09148459881544113,0.15148459374904633,0.0,0.0,0.0,0.0
121.14,0.09999999403953552,-0.09999999403953552,0.19999998807907104,datactrl_ref_vx_fallback,states_vx_gs,-0.05999999865889549,states_theta,-0.007674687076359987,0.3901061012064072,0.22522797733487532,0.519981798856478,0.5203011376939412,0.5204369346293876,0.5198460019210316,0.5198348119063481,0.5204481246440711,0.0,0.0,0.0,0.0,0.09999999403953552,0.0,0.0,0.0,0.0,0.0,0.08747401833534241,0.1474740207195282,0.0,0.0,0.0,0.0
121.243,0.09999999403953552,-0.09999999403953552,0.19999998807907104,datactrl_ref_vx_fallback,states_vx_gs,-0.07000000029802322,states_theta,-0.024742353707551956,0.3901071811282085,0.22522853922269637,0.5200618718609668,0.5202239444809226,0.5203845494109686,0.5199012669309208,0.519967198778918,0.5203186175629714,0.0,0.0,0.0,0.0,0.09999999403953552,0.0,0.0,0.0,0.0,0.0,0.08346343040466309,0.1534634232521057,0.0,0.0,0.0,0.0
121.34,0.09999999403953552,-0.09999999403953552,0.19999998807907104,datactrl_ref_vx_fallback,states_vx_gs,-0.07000000029802322,states_theta,-0.027720728889107704,0.3901082610500099,0.2252291785163375,0.5202181170679697,0.52007057906539,0.5199314583119711,0.5203572378213887,0.5204155258314654,0.5198731703018943,0.0,0.0,0.0,0.0,0.09999999403953552,0.0,0.0,0.0,0.0,0.0,0.07945284247398376,0.1494528353214264,0.0,0.0,0.0,0.0
121.44,0.08999999612569809,-0.08999999612569809,0.17999999225139618,datactrl_ref_vx_fallback,states_vx_gs,-0.07000000029802322,states_theta,-0.01861819252371788,0.3901093409718112,0.22522975402854548,0.5202266323184764,0.5200649436063535,0.5201103993087919,0.520181176616038,0.5203191649751762,0.5199724109496537,0.0,0.0,0.0,0.0,0.08999999612569809,0.0,0.0,0.0,0.0,0.0,0.09563116729259491,0.16563117504119873,0.0,0.0,0.0,0.0
121.539,0.08999999612569809,-0.08999999612569809,0.17999999225139618,datactrl_ref_vx_fallback,states_vx_gs,-0.07000000029802322,states_theta,0.03557250276207924,0.39009688783057994,0.22522258583302657,0.5202228473881622,0.520035520160051,0.5203207081189268,0.5199376594292863,0.5199520886751813,0.5203062788730318,0.0,0.0,0.0,0.0,0.08999999612569809,0.0,0.0,0.0,0.0,0.0,0.0920216366648674,0.16202163696289062,0.0,0.0,0.0,0.0
121.639,0.08999999612569809,-0.08999999612569809,0.17999999225139618,datactrl_ref_vx_fallback,states_vx_gs,-0.07000000029802322,states_theta,0.045970819890499115,0.3900978328265265,0.2252230960866061,0.5202414902898803,0.5200193972475237,0.5201392214662135,0.5201216660711905,0.520103356900899,0.5201575306365049,0.0,0.0,0.0,0.0,0.08999999612569809,0.0,0.0,0.0,0.0,0.0,0.08841211348772049,0.1584121137857437,0.0,0.0,0.0,0.0
121.74,0.08999999612569809,-0.08999999612569809,0.17999999225139618,datactrl_ref_vx_fallback,states_vx_gs,-0.05999999865889549,states_theta,0.03218350186944008,0.39009877782247304,0.22522372151938988,0.5202978052432753,0.5199656022833196,0.5198505054108377,0.5204129021157572,0.520356054329893,0.5199073531967019,0.0,0.0,0.0,0.0,0.08999999612569809,0.0,0.0,0.0,0.0,0.0,0.08480258285999298,0.14480258524417877,0.0,0.0,0.0,0.0
121.84,0.08999999612569809,-0.08999999612569809,0.17999999225139618,datactrl_ref_vx_fallback,states_vx_gs,-0.05999999865889549,states_theta,-0.00030443634022958577,0.39009972281841976,0.22522421185324257,0.5200298484513396,0.5202360790644464,0.5202852249614306,0.5199807025543554,0.5199792993853917,0.5202866281303943,0.0,0.0,0.0,0.0,0.08999999612569809,0.0,0.0,0.0,0.0,0.0,0.08119305223226547,0.14119304716587067,0.0,0.0,0.0,0.0
121.94,0.08999999612569809,-0.08999999612569809,0.17999999225139618,datactrl_ref_vx_fallback,states_vx_gs,-0.05999999865889549,states_theta,-0.032785993069410324,0.39007345378537406,0.22520913366055625,0.5199234361925856,0.5202724405684119,0.5204285842904032,0.5197672924705944,0.519821120592041,0.5203747561689566,0.0,0.0,0.0,0.0,0.08999999612569809,0.0,0.0,0.0,0.0,0.0,0.07758352160453796,0.13758352398872375,0.0,0.0,0.0,0.0
122.04,0.08999999612569809,-0.08999999612569809,0.17999999225139618,datactrl_ref_vx_fallback,states_vx_gs,-0.07000000029802322,states_theta,-0.043478719890117645,0.39007412880087033,0.22520946882893525,0.5201733530915823,0.5200243237107386,0.5199289903003885,0.5202686865019324,0.5203881830933643,0.5198094937089566,0.0,0.0,0.0,0.0,0.08999999612569809,0.0,0.0,0.0,0.0,0.0,0.07397399842739105,0.14397399127483368,0.0,0.0,0.0,0.0
122.14,0.08999999612569809,-0.08999999612569809,0.17999999225139618,datactrl_ref_vx_fallback,states_vx_gs,-0.07000000029802322,states_theta,0.01511889137327671,0.38967039379186313,0.2249763902630648,0.5196857472792423,0.5194353028323927,0.5192939671572327,0.5198270829544023,0.5198126604742084,0.5193083896374266,0.0,0.0,0.0,0.0,0.08999999612569809,0.0,0.0,0.0,0.0,0.0,0.07036446779966354,0.14036446809768677,0.0,0.0,0.0,0.0
122.241,0.07999999821186066,-0.07999999821186066,0.1599999964237213,datactrl_ref_vx_fallback,states_vx_gs,-0.07000000029802322,states_theta,0.0031302147544920444,0.39004542381853,0.22519284212410806,0.5200923731847319,0.5200287569980148,0.5200326263605596,0.5200885038221871,0.520199349231054,0.5199217809516926,0.0,0.0,0.0,0.0,0.07999999821186066,0.0,0.0,0.0,0.0,0.0,0.0869438499212265,0.15694385766983032,0.0,0.0,0.0,0.0
122.34,0.07999999821186066,-0.07999999821186066,0.1599999964237213,datactrl_ref_vx_fallback,states_vx_gs,-0.05999999865889549,states_theta,0.053924985229969025,0.3900322558669225,0.22518533912474015,0.5198896073404587,0.5201964083046678,0.5203091562646931,0.5197768593804335,0.5197174754250966,0.52036854022003,0.0,0.0,0.0,0.0,0.07999999821186066,0.0,0.0,0.0,0.0,0.0,0.0837353840470314,0.1437353789806366,0.0,0.0,0.0,0.0
122.441,0.07999999821186066,-0.07999999821186066,0.1599999964237213,datactrl_ref_vx_fallback,states_vx_gs,-0.05999999865889549,states_theta,0.09362604469060898,0.39000314281253246,0.22516844304063383,0.5201014937281365,0.5199068871052834,0.5198247578766394,0.5201836229567806,0.520031816460763,0.5199765643726569,0.0,0.0,0.0,0.0,0.07999999821186066,0.0,0.0,0.0,0.0,0.0,0.0805269107222557,0.1405269056558609,0.0,0.0,0.0,0.0
122.541,0.07999999821186066,-0.07999999821186066,0.1599999964237213,datactrl_ref_vx_fallback,states_vx_gs,-0.04999999701976776,states_theta,0.08189505338668823,0.39000314281253246,0.2251684430369391,0.520090440696763,0.5199179401366569,0.5198172726694075,0.5201911081640125,0.5199976208981121,0.5200107599353079,0.0,0.0,0.0,0.0,0.07999999821186066,0.0,0.0,0.0,0.0,0.0,0.07731844484806061,0.12731844186782837,0.0,0.0,0.0,0.0
122.641,0.07999999821186066,-0.07999999821186066,0.1599999964237213,datactrl_ref_vx_fallback,states_vx_gs,-0.03999999910593033,states_theta,0.009620362892746925,0.3899760637737654,0.22515296160392692,0.5197554950687087,0.5201806749946658,0.5202779344453786,0.5196582356179958,0.5195483395301056,0.5203878305332689,0.0,0.0,0.0,0.0,0.07999999821186066,0.0,0.0,0.0,0.0,0.0,0.07410997152328491,0.11410997062921524,0.0,0.0,0.0,0.0
122.741,0.07999999821186066,-0.07999999821186066,0.1599999964237213,datactrl_ref_vx_fallback,states_vx_gs,-0.04999999701976776,states_theta,-0.13103505969047546,0.3899757937933151,0.22515266213083454,0.5198689120170183,0.5200665380984886,0.5201889426737576,0.5197465074417493,0.5199732797558025,0.5199621703597044,0.0,0.0,0.0,0.0,0.07999999821186066,0.0,0.0,0.0,0.0,0.0,0.07090150564908981,0.12090150266885757,0.0,0.0,0.0,0.0
122.841,0.07999999821186066,-0.07999999821186066,0.1599999964237213,datactrl_ref_vx_fallback,states_vx_gs,-0.07000000029802322,states_theta,-0.09321579337120056,0.38997552381286477,0.22515273567047933,0.5202195061987244,0.519715223968915,0.5196572022258479,0.5202775279417915,0.5205260951662094,0.51940863500143,0.0,0.0,0.0,0.0,0.07999999821186066,0.0,0.0,0.0,0.0,0.0,0.06769303232431412,0.13769303262233734,0.0,0.0,0.0,0.0
122.941,0.07999999821186066,-0.07999999821186066,0.1599999964237213,datactrl_ref_vx_fallback,states_vx_gs,-0.07000000029802322,states_theta,0.01871580258011818,0.3899479858073322,0.22513661783785133,0.5200631291720601,0.5197981663141591,0.5197597768077916,0.5201015186784276,0.5201072000983912,0.519754095387828,0.0,0.0,0.0,0.0,0.07999999821186066,0.0,0.0,0.0,0.0,0.0,0.06448455899953842,0.13448455929756165,0.0,0.0,0.0,0.0
123.041,0.07999999821186066,-0.07999999821186066,0.1599999964237213,datactrl_ref_vx_fallback,states_vx_gs,-0.05999999865889549,states_theta,0.017229007557034492,0.38994744584643154,0.22513641470143317,0.5197556121886575,0.5201042434018266,0.5202486578909709,0.5196111976995132,0.5195536821521316,0.5203061734383525,0.0,0.0,0.0,0.0,0.07999999821186066,0.0,0.0,0.0,0.0,0.0,0.06127609312534332,0.12127608805894852,0.0,0.0,0.0,0.0
123.141,0.07000000029802322,-0.07000000029802322,0.14000000059604645,datactrl_ref_vx_fallback,states_vx_gs,-0.05999999865889549,states_theta,-0.0013589200098067522,0.3899332923824987,0.22512810137479136,0.5198646362317795,0.519957476788217,0.5200315418156917,0.5197905712043048,0.5198732158538207,0.5199488971661758,0.0,0.0,0.0,0.0,0.07000000029802322,0.0,0.0,0.0,0.0,0.0,0.07825654000043869,0.13825653493404388,0.0,0.0,0.0,0.0
123.242,0.07000000029802322,-0.07000000029802322,0.14000000059604645,datactrl_ref_vx_fallback,states_vx_gs,-0.05999999865889549,states_theta,0.01175789162516594,0.38990543033605535,0.2251122051659975,0.5201007840387212,0.5196470301907598,0.5195054447846806,0.5202423694448003,0.5202897762118636,0.5194580380176174,0.0,0.0,0.0,0.0,0.07000000029802322,0.0,0.0,0.0,0.0,0.0,0.07544912397861481,0.1354491263628006,0.0,0.0,0.0,0.0
123.341,0.07000000029802322,-0.07000000029802322,0.14000000059604645,datactrl_ref_vx_fallback,states_vx_gs,-0.05999999865889549,states_theta,0.03613125532865524,0.3899044853401087,0.22511145999277501,0.5198990616949184,0.5198462325453714,0.5198670520371961,0.5198782422030938,0.5198668591803292,0.5198784350599607,0.0,0.0,0.0,0.0,0.07000000029802322,0.0,0.0,0.0,0.0,0.0,0.07264171540737152,0.1326417177915573,0.0,0.0,0.0,0.0
123.442,0.07000000029802322,-0.07000000029802322,0.14000000059604645,datactrl_ref_vx_fallback,states_vx_gs,-0.05999999865889549,states_theta,0.027514968067407608,0.38987651530585515,0.22509545316040067,0.5196678023001944,0.520002905182086,0.5201719711838739,0.5194987362984065,0.5194969755886574,0.520173731893623,0.0,0.0,0.0,0.0,0.07000000029802322,0.0,0.0,0.0,0.0,0.0,0.06983429938554764,0.12983429431915283,0.0,0.0,0.0,0.0
123.539,0.07000000029802322,-0.07000000029802322,0.14000000059604645,datactrl_ref_vx_fallback,states_vx_gs,-0.04999999701976776,states_theta,0.018183261156082153,0.3898753003295018,0.22509461094530606,0.5198190742465265,0.5198483932988116,0.5197866696862065,0.5198807978591317,0.5198344543396173,0.5198330132057208,0.0,0.0,0.0,0.0,0.07000000029802322,0.0,0.0,0.0,0.0,0.0,0.06702689081430435,0.11702688783407211,0.0,0.0,0.0,0.0
123.641,0.07000000029802322,-0.07000000029802322,0.14000000059604645,datactrl_ref_vx_fallback,states_vx_gs,-0.04999999701976776,states_theta,0.007320791017264128,0.3898740853531485,0.22509406362646212,0.5199869022202459,0.5196773253881501,0.5194582253132461,0.5202060022951499,0.5201730842312834,0.5194911433771127,0.0,0.0,0.0,0.0,0.07000000029802322,0.0,0.0,0.0,0.0,0.0,0.06421948224306107,0.11421947926282883,0.0,0.0,0.0,0.0
123.742,0.07000000029802322,-0.07000000029802322,0.14000000059604645,datactrl_ref_vx_fallback,states_vx_gs,-0.04999999701976776,states_theta,-0.017030101269483566,0.38987287037679524,0.2250932332844606,0.5199936064051742,0.5196673812662798,0.5197314889385227,0.5199294987329313,0.5199378856817882,0.5197231019896658,0.0,0.0,0.0,0.0,0.07000000029802322,0.0,0.0,0.0,0.0,0.0,0.06141206994652748,0.11141206324100494,0.0,0.0,0.0,0.0
123.842,0.07000000029802322,-0.07000000029802322,0.14000000059604645,datactrl_ref_vx_fallback,states_vx_gs,-0.05999999865889549,states_theta,-0.025032280012965202,0.38984454935924684,0.22507695867349697,0.5198132030914314,0.5197722618665602,0.5201308013713347,0.5194546635866569,0.5195261996730908,0.5200592652849009,0.0,0.0,0.0,0.0,0.07000000029802322,0.0,0.0,0.0,0.0,0.0,0.058604657649993896,0.11860465258359909,0.0,0.0,0.0,0.0
123.943,0.07000000029802322,-0.07000000029802322,0.14000000059604645,datactrl_ref_vx_fallback,states_vx_gs,-0.04999999701976776,states_theta,0.058427609503269196,0.38984306440239963,0.22507602901623888,0.5198070685616316,0.5197744365114341,0.5198513193805834,0.5197301856924823,0.5195635974164405,0.5200179076566251,0.0,0.0,0.0,0.0,0.07000000029802322,0.0,0.0,0.0,0.0,0.0,0.05579724535346031,0.10579724609851837,0.0,0.0,0.0,0.0
124.043,0.05999999865889549,-0.05999999865889549,0.11999999731779099,datactrl_ref_vx_fallback,states_vx_gs,-0.04999999701976776,states_theta,-0.016152262687683105,0.3898415794455524,0.2250751570245237,0.5198301061485141,0.5197474390396256,0.5197258494923108,0.5198516956958289,0.5199420192554954,0.5196355259326443,0.0,0.0,0.0,0.0,0.05999999865889549,0.0,0.0,0.0,0.0,0.0,0.07305844128131866,0.12305843830108643,0.0,0.0,0.0,0.0
124.142,0.05999999865889549,-0.05999999865889549,0.11999999731779099,datactrl_ref_vx_fallback,states_vx_gs,-0.05999999865889549,states_theta,-0.02693968079984188,0.38984009448870505,0.22507432499248178,0.519822267241312,0.5197513180619016,0.5196938332070916,0.5198797520961219,0.5200413944918979,0.5195321908113156,0.0,0.0,0.0,0.0,0.05999999865889549,0.0,0.0,0.0,0.0,0.0,0.07065209001302719,0.13065208494663239,0.0,0.0,0.0,0.0
124.243,0.05999999865889549,-0.05999999865889549,0.11999999731779099,datactrl_ref_vx_fallback,states_vx_gs,-0.04999999701976776,states_theta,0.10579073429107666,0.38983860953185784,0.22507343637809363,0.5198091603095893,0.5197604651086982,0.5196628980450615,0.5199067273732261,0.5197304631526694,0.5198391622656182,0.0,0.0,0.0,0.0,0.05999999865889549,0.0,0.0,0.0,0.0,0.0,0.06824573129415512,0.11824572831392288,0.0,0.0,0.0,0.0
124.343,0.05999999865889549,-0.05999999865889549,0.11999999731779099,datactrl_ref_vx_fallback,states_vx_gs,-0.03999999910593033,states_theta,0.12754985690116882,0.389864257614255,0.22508825778524202,0.519853363076635,0.519784657228045,0.5196532743572121,0.5199847459474679,0.5197005370070092,0.5199374832976708,0.0,0.0,0.0,0.0,0.05999999865889549,0.0,0.0,0.0,0.0,0.0,0.06583938002586365,0.10583937913179398,0.0,0.0,0.0,0.0
124.443,0.05999999865889549,-0.05999999865889549,0.11999999731779099,datactrl_ref_vx_fallback,states_vx_gs,-0.019999999552965164,states_theta,0.1120467409491539,0.3898630426379017,0.2250875710098735,0.5198287284990204,0.5198060518687175,0.5196423263540906,0.5199924540136474,0.5196215243598679,0.5200132560078701,0.0,0.0,0.0,0.0,0.05999999865889549,0.0,0.0,0.0,0.0,0.0,0.06343302875757217,0.08343303203582764,0.0,0.0,0.0,0.0
124.543,0.05999999865889549,-0.05999999865889549,0.11999999731779099,datactrl_ref_vx_fallback,states_vx_gs,-0.019999999552965164,states_theta,-0.012335177510976791,0.3898618276615484,0.22508684006399649,0.5198252211531349,0.519806319277661,0.5198208432827719,0.519810697148024,0.5196895107453633,0.5199420296854326,0.0,0.0,0.0,0.0,0.05999999865889549,0.0,0.0,0.0,0.0,0.0,0.0610266774892807,0.08102667331695557,0.0,0.0,0.0,0.0
124.644,0.05999999865889549,-0.05999999865889549,0.11999999731779099,datactrl_ref_vx_fallback,states_vx_gs,-0.029999999329447746,states_theta,-0.12205299735069275,0.3902654517013854,0.22531987031066808,0.520352544878873,0.5203553263248214,0.5204191432033016,0.5202887280003927,0.5204425417597465,0.5202653294439479,0.0,0.0,0.0,0.0,0.05999999865889549,0.0,0.0,0.0,0.0,0.0,0.05862032249569893,0.08862031996250153,0.0,0.0,0.0,0.0
124.743,0.05999999865889549,-0.05999999865889549,0.11999999731779099,datactrl_ref_vx_fallback,states_vx_gs,-0.04999999701976776,states_theta,-0.128471240401268,0.3898910067138095,0.22510370120326795,0.519805819577718,0.5199035316591074,0.520031571215967,0.5196777800208584,0.519947847135621,0.5197615041012044,0.0,0.0,0.0,0.0,0.05999999865889549,0.0,0.0,0.0,0.0,0.0,0.056213971227407455,0.10621397197246552,0.0,0.0,0.0,0.0
124.843,0.05999999865889549,-0.05999999865889549,0.11999999731779099,datactrl_ref_vx_fallback,states_vx_gs,-0.04999999701976776,states_theta,0.0032511388417333364,0.3899172757468552,0.22511885645073298,0.5198504484005392,0.5199289535910746,0.519782563219381,0.5199968387722328,0.5199856089799176,0.5197937930116961,0.0,0.0,0.0,0.0,0.05999999865889549,0.0,0.0,0.0,0.0,0.0,0.05380761995911598,0.10380761325359344,0.0,0.0,0.0,0.0
124.944,0.05999999865889549,-0.05999999865889549,0.11999999731779099,datactrl_ref_vx_fallback,states_vx_gs,-0.04999999701976776,states_theta,0.049249403178691864,0.3903089507205216,0.2253450198190603,0.5203995979506476,0.5204242706374099,0.5201688062191805,0.520655062368877,0.5205405765312934,0.5202832920567642,0.0,0.0,0.0,0.0,0.05999999865889549,0.0,0.0,0.0,0.0,0.0,0.05140126496553421,0.10140126198530197,0.0,0.0,0.0,0.0
125.044,0.05999999865889549,-0.05999999865889549,0.11999999731779099,datactrl_ref_vx_fallback,states_vx_gs,-0.03999999910593033,states_theta,0.043321166187524796,0.389933785768,0.2251284266838409,0.5199163808734796,0.519907047841187,0.5196323488888481,0.5201910798258185,0.5200252627555233,0.5197981659591433,0.0,0.0,0.0,0.0,0.05999999865889549,0.0,0.0,0.0,0.0,0.0,0.04899491369724274,0.08899491280317307,0.0,0.0,0.0,0.0
125.144,0.05999999865889549,-0.05999999865889549,0.11999999731779099,datactrl_ref_vx_fallback,states_vx_gs,-0.03999999910593033,states_theta,0.028972215950489044,0.3899603788419564,0.22514375056485814,0.5199368244513539,0.5199575191271965,0.5199912209314116,0.5199031226471388,0.5197586578630874,0.520135685715463,0.0,0.0,0.0,0.0,0.05999999865889549,0.0,0.0,0.0,0.0,0.0,0.04658856242895126,0.08658856153488159,0.0,0.0,0.0,0.0
125.244,0.05999999865889549,-0.05999999865889549,0.11999999731779099,datactrl_ref_vx_fallback,states_vx_gs,-0.04999999701976776,states_theta,-0.14564403891563416,0.39033698385311016,0.22536124058476886,0.5203924427322579,0.5205061808760358,0.5208078002947208,0.5200908233135729,0.5203562232576032,0.5205424003506905,0.0,0.0,0.0,0.0,0.05999999865889549,0.0,0.0,0.0,0.0,0.0,0.04418220743536949,0.09418220818042755,0.0,0.0,0.0,0.0
125.344,0.04999999701976776,-0.04999999701976776,0.09999999403953552,datactrl_ref_vx_fallback,states_vx_gs,-0.05999999865889549,states_theta,-0.15877501666545868,0.3899899719158904,0.22516088292616646,0.5199408069549735,0.520032451487401,0.5203053381459196,0.5196679202964548,0.520121531760939,0.5198517266814354,0.0,0.0,0.0,0.0,0.04999999701976776,0.0,0.0,0.0,0.0,0.0,0.06204498931765556,0.12204498797655106,0.0,0.0,0.0,0.0
125.444,0.04999999701976776,-0.04999999701976776,0.09999999403953552,datactrl_ref_vx_fallback,states_vx_gs,-0.05999999865889549,states_theta,0.14652954041957855,0.3899899719158904,0.22516083455258226,0.5201192633957444,0.51985399504663,0.5198972356019463,0.5200760228404281,0.5198909421868761,0.5200823162554983,0.0,0.0,0.0,0.0,0.04999999701976776,0.0,0.0,0.0,0.0,0.0,0.0600396953523159,0.1200396940112114,0.0,0.0,0.0,0.0
125.544,0.04999999701976776,-0.04999999701976776,0.09999999403953552,datactrl_ref_vx_fallback,states_vx_gs,-0.03999999910593033,states_theta,0.17545215785503387,0.3900169969585674,0.2251764735661892,0.5201465617986837,0.5198987634241626,0.5197441801828665,0.5203011450399798,0.5199398058576575,0.5201055193651888,0.0,0.0,0.0,0.0,0.04999999701976776,0.0,0.0,0.0,0.0,0.0,0.05803440138697624,0.09803440421819687,0.0,0.0,0.0,0.0
125.644,0.04999999701976776,-0.04999999701976776,0.09999999403953552,datactrl_ref_vx_fallback,states_vx_gs,-0.04999999701976776,states_theta,-0.1952211707830429,0.3900172669390178,0.22517665459803932,0.5198541631464313,0.5201918820242828,0.5203276441261832,0.5197184010445309,0.5201772365842191,0.519868808586495,0.0,0.0,0.0,0.0,0.04999999701976776,0.0,0.0,0.0,0.0,0.0,0.05602911114692688,0.10602910816669464,0.0,0.0,0.0,0.0
125.745,0.04999999701976776,-0.04999999701976776,0.09999999403953552,datactrl_ref_vx_fallback,states_vx_gs,-0.05999999865889549,states_theta,-0.048469334840774536,0.39003115042250025,0.22518461802700943,0.5199433571916062,0.5201397106017277,0.5202450320175244,0.5198380357758096,0.5200422627874152,0.5200408050059188,0.0,0.0,0.0,0.0,0.04999999701976776,0.0,0.0,0.0,0.0,0.0,0.05402381718158722,0.11402381211519241,0.0,0.0,0.0,0.0
125.846,0.04999999701976776,-0.04999999701976776,0.09999999403953552,datactrl_ref_vx_fallback,states_vx_gs,-0.03999999910593033,states_theta,0.2631155252456665,0.39003155545754614,0.22518494897194546,0.5202391020507252,0.5198450458360645,0.5196386265475464,0.5204455213392433,0.5198859310474272,0.5201982168393625,0.0,0.0,0.0,0.0,0.04999999701976776,0.0,0.0,0.0,0.0,0.0,0.05201852321624756,0.09201852232217789,0.0,0.0,0.0,0.0
125.943,0.04999999701976776,-0.04999999701976776,0.09999999403953552,datactrl_ref_vx_fallback,states_vx_gs,-0.029999999329447746,states_theta,0.024535587057471275,0.390058985535269,0.22520073746324598,0.520241460408243,0.5199158343524743,0.5197870904600417,0.5203702043006757,0.5202444988256278,0.5199127959350895,0.0,0.0,0.0,0.0,0.04999999701976776,0.0,0.0,0.0,0.0,0.0,0.0500132292509079,0.0800132304430008,0.0,0.0,0.0,0.0
126.045,0.04999999701976776,-0.04999999701976776,0.09999999403953552,datactrl_ref_vx_fallback,states_vx_gs,-0.03999999910593033,states_theta,-0.11913210898637772,0.3900596605507652,0.2252011106002775,0.5199306738597457,0.5202284209422948,0.5203670506294822,0.5197920441725583,0.5200138030593922,0.5201452917426483,0.0,0.0,0.0,0.0,0.04999999701976776,0.0,0.0,0.0,0.0,0.0,0.04800793528556824,0.08800793439149857,0.0,0.0,0.0,0.0
126.145,0.04999999701976776,-0.04999999701976776,0.09999999403953552,datactrl_ref_vx_fallback,states_vx_gs,-0.03999999910593033,states_theta,0.019533755257725716,0.3900603355662614,0.22520150181856308,0.5199444499941677,0.5202164448491962,0.5202570320148615,0.5199038628285023,0.5198311179737402,0.5203297768696237,0.0,0.0,0.0,0.0,0.04999999701976776,0.0,0.0,0.0,0.0,0.0,0.04600264132022858,0.0860026404261589,0.0,0.0,0.0,0.0
126.246,0.04999999701976776,-0.04999999701976776,0.09999999403953552,datactrl_ref_vx_fallback,states_vx_gs,-0.03999999910593033,states_theta,-0.003035272005945444,0.39006107808330737,0.2252020362505415,0.5202880126016294,0.5198748622871903,0.5197050425999896,0.52045783228883,0.5204249465471698,0.5197379283416499,0.0,0.0,0.0,0.0,0.04999999701976776,0.0,0.0,0.0,0.0,0.0,0.04379681870341301,0.08379681408405304,0.0,0.0,0.0,0.0
126.346,0.04999999701976776,-0.04999999701976776,0.09999999403953552,datactrl_ref_vx_fallback,states_vx_gs,-0.03999999910593033,states_theta,-0.0393967479467392,0.39008888613366066,0.2252179258437479,0.5201592536797681,0.5200777760099937,0.5201045151231919,0.52013251456657,0.5201686791882681,0.5200683505014937,0.0,0.0,0.0,0.0,0.04999999701976776,0.0,0.0,0.0,0.0,0.0,0.04179152473807335,0.08179152011871338,0.0,0.0,0.0,0.0
126.446,0.03999999910593033,-0.03999999910593033,0.07999999821186066,datactrl_ref_vx_fallback,states_vx_gs,-0.04999999701976776,states_theta,-0.04330858588218689,0.39008983112960727,0.22521863676777953,0.5199345232030624,0.5203050264758903,0.5205734041050897,0.519666145573863,0.5198704594409346,0.5203690902380181,0.0,0.0,0.0,0.0,0.03999999910593033,0.0,0.0,0.0,0.0,0.0,0.05977461487054825,0.10977461189031601,0.0,0.0,0.0,0.0
126.546,0.03999999910593033,-0.03999999910593033,0.07999999821186066,datactrl_ref_vx_fallback,states_vx_gs,-0.04999999701976776,states_theta,-0.04694386571645737,0.39009077612555393,0.2252190276356181,0.5201229979349756,0.5201190717331682,0.5201969887979618,0.520045080870182,0.5202540988241324,0.5199879708440114,0.0,0.0,0.0,0.0,0.03999999910593033,0.0,0.0,0.0,0.0,0.0,0.0581703819334507,0.10817037522792816,0.0,0.0,0.0,0.0
126.646,0.03999999910593033,-0.03999999910593033,0.07999999821186066,datactrl_ref_vx_fallback,states_vx_gs,-0.04999999701976776,states_theta,0.06823866069316864,0.3900917211215004,0.22521971670060062,0.5203135528309112,0.5199310368264233,0.5197557433750022,0.5204888462823323,0.5204555212147151,0.5197890684426194,0.0,0.0,0.0,0.0,0.03999999910593033,0.0,0.0,0.0,0.0,0.0,0.05656614527106285,0.10656614601612091,0.0,0.0,0.0,0.0
126.746,0.03999999910593033,-0.03999999910593033,0.07999999821186066,datactrl_ref_vx_fallback,states_vx_gs,-0.03999999910593033,states_theta,0.1173306256532669,0.3900926661174471,0.22522012358720772,0.5200838022637719,0.5201633073827536,0.5201026932819376,0.520144416364588,0.5199502124226113,0.5202968972239143,0.0,0.0,0.0,0.0,0.03999999910593033,0.0,0.0,0.0,0.0,0.0,0.0549619123339653,0.09496191143989563,0.0,0.0,0.0,0.0
126.847,0.03999999910593033,-0.03999999910593033,0.07999999821186066,datactrl_ref_vx_fallback,states_vx_gs,-0.029999999329447746,states_theta,0.012054105289280415,0.3900936111133937,0.2252208697499367,0.519880731076536,0.5203688985591804,0.5205155197722475,0.5197341098634689,0.5196991219072811,0.5205505077284354,0.0,0.0,0.0,0.0,0.03999999910593033,0.0,0.0,0.0,0.0,0.0,0.053357675671577454,0.08335767686367035,0.0,0.0,0.0,0.0
126.946,0.03999999910593033,-0.03999999910593033,0.07999999821186066,datactrl_ref_vx_fallback,states_vx_gs,-0.029999999329447746,states_theta,-0.022809071466326714,0.39009455610934024,0.22522120244999683,0.5201613395158576,0.5200908101090497,0.5200791560977572,0.5201729935271501,0.5202061514452637,0.5200459981796436,0.0,0.0,0.0,0.0,0.03999999910593033,0.0,0.0,0.0,0.0,0.0,0.051753442734479904,0.0817534402012825,0.0,0.0,0.0,0.0
127.046,0.03999999910593033,-0.03999999910593033,0.07999999821186066,datactrl_ref_vx_fallback,states_vx_gs,-0.03999999910593033,states_theta,-0.013204535469412804,0.3900955011052869,0.2252218557389088,0.5202927504133358,0.5199619192007626,0.5198642667799577,0.5203904028341407,0.5204549514863196,0.5197997181277788,0.0,0.0,0.0,0.0,0.03999999910593033,0.0,0.0,0.0,0.0,0.0,0.050149206072092056,0.09014920145273209,0.0,0.0,0.0,0.0
127.147,0.03999999910593033,-0.03999999910593033,0.07999999821186066,datactrl_ref_vx_fallback,states_vx_gs,-0.03999999910593033,states_theta,-0.0073537323623895645,0.3900964461012335,0.22522233182031634,0.5200395263880231,0.5202176632152662,0.5203392966264363,0.519917892976853,0.5199663415078389,0.5202908480954503,0.0,0.0,0.0,0.0,0.03999999910593033,0.0,0.0,0.0,0.0,0.0,0.04854496940970421,0.08854497224092484,0.0,0.0,0.0,0.0
127.247,0.03999999910593033,-0.03999999910593033,0.07999999821186066,datactrl_ref_vx_fallback,states_vx_gs,-0.029999999329447746,states_theta,0.04102364182472229,0.39009739109718006,0.2252229371478051,0.5199500039458321,0.520309705646648,0.5203457091539196,0.5199140004385605,0.5198022227828001,0.5204574868096801,0.0,0.0,0.0,0.0,0.03999999910593033,0.0,0.0,0.0,0.0,0.0,0.04694073647260666,0.07694073766469955,0.0,0.0,0.0,0.0
127.347,0.03999999910593033,-0.03999999910593033,0.07999999821186066,datactrl_ref_vx_fallback,states_vx_gs,-0.029999999329447746,states_theta,0.03711888939142227,0.39007114906217955,0.22520775655360262,0.520202821702235,0.5199869091302438,0.5198007500509635,0.5203889807815153,0.5202806474580827,0.5199090833743961,0.0,0.0,0.0,0.0,0.03999999910593033,0.0,0.0,0.0,0.0,0.0,0.04533649981021881,0.0753365010023117,0.0,0.0,0.0,0.0
127.447,0.03999999910593033,-0.03999999910593033,0.07999999821186066,datactrl_ref_vx_fallback,states_vx_gs,-0.029999999329447746,states_theta,-0.05482262745499611,0.3900718240776758,0.22520820784498866,0.5203021183465679,0.5198894125272342,0.5198201400562075,0.5203713908175946,0.5204493938939492,0.5197421369798529,0.0,0.0,0.0,0.0,0.03999999910593033,0.0,0.0,0.0,0.0,0.0,0.04373226687312126,0.07373226433992386,0.0,0.0,0.0,0.0
127.547,0.03999999910593033,-0.03999999910593033,0.07999999821186066,datactrl_ref_vx_fallback,states_vx_gs,-0.03999999910593033,states_theta,-0.05730322003364563,0.39007249909317204,0.22520856185912058,0.5199509975293246,0.5202423333858008,0.5204367496685645,0.519756581246561,0.5198907597982607,0.5203025711168647,0.0,0.0,0.0,0.0,0.03999999910593033,0.0,0.0,0.0,0.0,0.0,0.042128030210733414,0.08212803304195404,0.0,0.0,0.0,0.0
127.648,0.03999999910593033,-0.03999999910593033,0.07999999821186066,datactrl_ref_vx_fallback,states_vx_gs,-0.03999999910593033,states_theta,0.011805366724729538,0.39004614906599133,0.22519332232738254,0.5199359506967465,0.5201871134792304,0.5202953880919865,0.5198276760839904,0.519813831095226,0.5203092330807508,0.0,0.0,0.0,0.0,0.03999999910593033,0.0,0.0,0.0,0.0,0.0,0.040523797273635864,0.08052379637956619,0.0,0.0,0.0,0.0
127.748,0.03999999910593033,-0.03999999910593033,0.07999999821186066,datactrl_ref_vx_fallback,states_vx_gs,-0.03999999910593033,states_theta,0.009961250238120556,0.3900465541010373,0.22519363552134508,0.5202832146200962,0.5198409296493365,0.5197188582125001,0.5204052860569326,0.520390801043171,0.5197333432262616,0.0,0.0,0.0,0.0,0.03999999910593033,0.0,0.0,0.0,0.0,0.0,0.038919560611248016,0.07891955971717834,0.0,0.0,0.0,0.0
127.848,0.029999999329447746,-0.029999999329447746,0.05999999865889549,datactrl_ref_vx_fallback,states_vx_gs,-0.03999999910593033,states_theta,0.007386465556919575,0.39004695913608317,0.2251937495133791,0.5201725138378651,0.5199527105250233,0.5199672050442739,0.5201580193186146,0.5202566661475916,0.5198685582152969,0.0,0.0,0.0,0.0,0.029999999329447746,0.0,0.0,0.0,0.0,0.0,0.05746413767337799,0.09746413677930832,0.0,0.0,0.0,0.0
127.948,0.029999999329447746,-0.029999999329447746,0.05999999865889549,datactrl_ref_vx_fallback,states_vx_gs,-0.03999999910593033,states_theta,0.03545617684721947,0.39003380468993515,0.2251863119387254,0.5198261450152228,0.5202640008246042,0.520447489859963,0.519642655979864,0.5196816609910891,0.5204084848487379,0.0,0.0,0.0,0.0,0.029999999329447746,0.0,0.0,0.0,0.0,0.0,0.056260962039232254,0.09626096487045288,0.0,0.0,0.0,0.0
128.048,0.029999999329447746,-0.029999999329447746,0.05999999865889549,datactrl_ref_vx_fallback,states_vx_gs,-0.029999999329447746,states_theta,0.07942848652601242,0.3900069956316185,0.22517064925817704,0.5199757817787172,0.5200428732389322,0.5199896794990498,0.5200289755185995,0.5199192392156585,0.5200994158019908,0.0,0.0,0.0,0.0,0.029999999329447746,0.0,0.0,0.0,0.0,0.0,0.05505778640508652,0.08505778759717941,0.0,0.0,0.0,0.0
128.148,0.029999999329447746,-0.029999999329447746,0.05999999865889549,datactrl_ref_vx_fallback,states_vx_gs,-0.019999999552965164,states_theta,0.02014230564236641,0.3900069956316185,0.22517087936787636,0.5202626818753042,0.5197559731423451,0.519563514750548,0.5204551402671014,0.5204108267310028,0.5196078282866465,0.0,0.0,0.0,0.0,0.029999999329447746,0.0,0.0,0.0,0.0,0.0,0.05385461077094078,0.07385461032390594,0.0,0.0,0.0,0.0
128.249,0.029999999329447746,-0.029999999329447746,0.05999999865889549,datactrl_ref_vx_fallback,states_vx_gs,-0.029999999329447746,states_theta,-0.03927828371524811,0.3900069956316185,0.22517064965815642,0.5200285155722326,0.5199901394454167,0.520050669744115,0.5199679852735344,0.5201002692901651,0.5199183857274843,0.0,0.0,0.0,0.0,0.029999999329447746,0.0,0.0,0.0,0.0,0.0,0.052651435136795044,0.08265143632888794,0.0,0.0,0.0,0.0
128.348,0.029999999329447746,-0.029999999329447746,0.05999999865889549,datactrl_ref_vx_fallback,states_vx_gs,-0.029999999329447746,states_theta,0.0027704525273293257,0.38997975460458134,0.22515521325865212,0.5196786971722482,0.5202673151066353,0.5204673389277747,0.5194786733511088,0.5195214396916876,0.5204245725871959,0.0,0.0,0.0,0.0,0.029999999329447746,0.0,0.0,0.0,0.0,0.0,0.05144825577735901,0.0814482569694519,0.0,0.0,0.0,0.0
128.449,0.029999999329447746,-0.029999999329447746,0.05999999865889549,datactrl_ref_vx_fallback,states_vx_gs,-0.029999999329447746,states_theta,0.03211858496069908,0.389979484624131,0.2251547639005085,0.5199283582135749,0.5200169341174411,0.5200076476634485,0.5199376446675674,0.519917224356168,0.5200280679748479,0.0,0.0,0.0,0.0,0.029999999329447746,0.0,0.0,0.0,0.0,0.0,0.05024508014321327,0.08024507761001587,0.0,0.0,0.0,0.0
128.549,0.029999999329447746,-0.029999999329447746,0.05999999865889549,datactrl_ref_vx_fallback,states_vx_gs,-0.019999999552965164,states_theta,0.03019966557621956,0.38995200061468843,0.22513916329559777,0.520216280461596,0.5196557211775732,0.5194479734180335,0.5204240282211356,0.5203494728835292,0.51952252875564,0.0,0.0,0.0,0.0,0.029999999329447746,0.0,0.0,0.0,0.0,0.0,0.049041904509067535,0.069041907787323,0.0,0.0,0.0,0.0
128.648,0.029999999329447746,-0.029999999329447746,0.05999999865889549,datactrl_ref_vx_fallback,states_vx_gs,-0.019999999552965164,states_theta,0.028046760708093643,0.3899514606537878,0.22513858408021695,0.5199886996576633,0.5198818620857708,0.519884133803115,0.519986427940319,0.5199134719998979,0.5199570897435362,0.0,0.0,0.0,0.0,0.029999999329447746,0.0,0.0,0.0,0.0,0.0,0.0478387288749218,0.06783872842788696,0.0,0.0,0.0,0.0
128.748,0.029999999329447746,-0.029999999329447746,0.05999999865889549,datactrl_ref_vx_fallback,states_vx_gs,-0.019999999552965164,states_theta,-0.00314100319519639,0.3899373206953145,0.22513063366294953,0.5196739015239201,0.5201589536635852,0.5203178372518161,0.5195150179356892,0.519503942528312,0.5203289126591933,0.0,0.0,0.0,0.0,0.029999999329447746,0.0,0.0,0.0,0.0,0.0,0.04663555324077606,0.06663554906845093,0.0,0.0,0.0,0.0
128.849,0.029999999329447746,-0.029999999329447746,0.05999999865889549,datactrl_ref_vx_fallback,states_vx_gs,-0.019999999552965164,states_theta,-0.013120929710566998,0.38990948564691613,0.2251143505480908,0.5198812197880353,0.5198774086037411,0.5198223594078841,0.5199362689838922,0.5199429277591376,0.5198157006326387,0.0,0.0,0.0,0.0,0.029999999329447746,0.0,0.0,0.0,0.0,0.0,0.045432377606630325,0.06543237715959549,0.0,0.0,0.0,0.0
128.949,0.029999999329447746,-0.029999999329447746,0.05999999865889549,datactrl_ref_vx_fallback,states_vx_gs,-0.019999999552965164,states_theta,-0.015104501508176327,0.3899085406509696,0.2251139694800834,0.5200892025709772,0.5196669058316082,0.5195220622432603,0.5202340461593252,0.5202417523175634,0.519514356085022,0.0,0.0,0.0,0.0,0.029999999329447746,0.0,0.0,0.0,0.0,0.0,0.04422919824719429,0.06422919780015945,0.0,0.0,0.0,0.0
129.049,0.029999999329447746,-0.029999999329447746,0.05999999865889549,datactrl_ref_vx_fallback,states_vx_gs,-0.019999999552965164,states_theta,-0.016808276996016502,0.38988051662063467,0.22509762636116257,0.5198227049295128,0.519858672725513,0.5199114383791615,0.5197699392758642,0.5197780445842631,0.5199033330707626,0.0,0.0,0.0,0.0,0.029999999329447746,0.0,0.0,0.0,0.0,0.0,0.04302602261304855,0.06302602589130402,0.0,0.0,0.0,0.0
129.15,0.029999999329447746,-0.029999999329447746,0.05999999865889549,datactrl_ref_vx_fallback,states_vx_gs,-0.019999999552965164,states_theta,-0.018598444759845734,0.3898793016442813,0.22509707192957326,0.5196562864456241,0.5200218512724594,0.5201902091537869,0.5194879285642966,0.5194965459020942,0.5201815918159893,0.0,0.0,0.0,0.0,0.029999999329447746,0.0,0.0,0.0,0.0,0.0,0.04182284697890282,0.06182284653186798,0.0,0.0,0.0,0.0
129.25,0.029999999329447746,-0.029999999329447746,0.05999999865889549,datactrl_ref_vx_fallback,states_vx_gs,-0.029999999329447746,states_theta,-0.020331602543592453,0.389878086667928,0.22509622218534142,0.5198096368937158,0.5198652608874256,0.5198243904661495,0.5198505073149919,0.5199153759604114,0.51975952182073,0.0,0.0,0.0,0.0,0.029999999329447746,0.0,0.0,0.0,0.0,0.0,0.04061967134475708,0.07061967253684998,0.0,0.0,0.0,0.0
129.35,0.029999999329447746,-0.029999999329447746,0.05999999865889549,datactrl_ref_vx_fallback,states_vx_gs,-0.029999999329447746,states_theta,-0.0028696388471871614,0.3898497926484291,0.22508005408235426,0.5199763508268977,0.5196230962355799,0.5194404503981497,0.520158996664328,0.5201847834124605,0.5194146636500171,0.0,0.0,0.0,0.0,0.029999999329447746,0.0,0.0,0.0,0.0,0.0,0.03941649571061134,0.06941649317741394,0.0,0.0,0.0,0.0
129.45,0.029999999329447746,-0.029999999329447746,0.05999999865889549,datactrl_ref_vx_fallback,states_vx_gs,-0.029999999329447746,states_theta,-0.004604530520737171,0.3898483076915818,0.22507903786793043,0.519940943750954,0.5196545434265974,0.519782624210022,0.5198128629675295,0.5198394010495376,0.5197560861280138,0.0,0.0,0.0,0.0,0.029999999329447746,0.0,0.0,0.0,0.0,0.0,0.03821331635117531,0.0682133138179779,0.0,0.0,0.0,0.0
129.55,0.029999999329447746,-0.029999999329447746,0.05999999865889549,datactrl_ref_vx_fallback,states_vx_gs,-0.029999999329447746,states_theta,-0.006049953866750002,0.3898468227347346,0.2250781957437225,0.5199329680080041,0.5196585592846213,0.5199329473675715,0.519658579925054,0.5196852010053753,0.5199063262872502,0.0,0.0,0.0,0.0,0.029999999329447746,0.0,0.0,0.0,0.0,0.0,0.03701014071702957,0.06701014190912247,0.0,0.0,0.0,0.0
129.65,0.029999999329447746,-0.029999999329447746,0.05999999865889549,datactrl_ref_vx_fallback,states_vx_gs,-0.029999999329447746,states_theta,-0.007581711746752262,0.3898453377778872,0.22507735563321646,0.5199662111750925,0.5196213562326069,0.5199665685443176,0.5196209988633818,0.5196478156992634,0.5199397517084359,0.0,0.0,0.0,0.0,0.029999999329447746,0.0,0.0,0.0,0.0,0.0,0.035806965082883835,0.06580696254968643,0.0,0.0,0.0,0.0
129.75,0.019999999552965164,-0.019999999552965164,0.03999999910593033,datactrl_ref_vx_fallback,states_vx_gs,-0.029999999329447746,states_theta,-0.0010075881145894527,0.38984385282104,0.2250765027872732,0.5199707568438521,0.5196128506789213,0.5200104927146045,0.5195731148081688,0.5196962234460123,0.519887384076761,0.0,0.0,0.0,0.0,0.019999999552965164,0.0,0.0,0.0,0.0,0.0,0.054832812398672104,0.0848328098654747,0.0,0.0,0.0,0.0
129.85,0.019999999552965164,-0.019999999552965164,0.03999999910593033,datactrl_ref_vx_fallback,states_vx_gs,-0.019999999552965164,states_theta,0.12911728024482727,0.3898423678641927,0.2250756310875482,0.5199953786255872,0.51958426901226,0.5197010729418708,0.5198785746959763,0.5196758104209352,0.5199038372169119,0.0,0.0,0.0,0.0,0.019999999552965164,0.0,0.0,0.0,0.0,0.0,0.05403069779276848,0.07403069734573364,0.0,0.0,0.0,0.0
129.951,0.019999999552965164,-0.019999999552965164,0.03999999910593033,datactrl_ref_vx_fallback,states_vx_gs,-0.009999999776482582,states_theta,0.14099080860614777,0.3898408829073454,0.22507479908285638,0.5200492601669825,0.5195264275859387,0.5196561641712906,0.5199195235816306,0.5196359576488839,0.5199397301040373,0.0,0.0,0.0,0.0,0.019999999552965164,0.0,0.0,0.0,0.0,0.0,0.053228579461574554,0.06322857737541199,0.0,0.0,0.0,0.0
130.051,0.019999999552965164,-0.019999999552965164,0.03999999910593033,datactrl_ref_vx_fallback,states_vx_gs,0.05242646113038063,datactrl_est_theta_fallback,0.1390116661787033,0.3898665309897426,0.22508960663740096,0.5198388416363882,0.5198052410029255,0.5198139316704833,0.5198301509688303,0.5194938106061324,0.5201502720331812,0.0,0.0,0.0,0.0,0.019999999552965164,0.0,0.0,0.0,0.0,0.0,0.05242646113038063,0.05242646113038063,0.0,0.0,0.0,0.0
130.151,0.019999999552965164,-0.019999999552965164,0.03999999910593033,datactrl_ref_vx_fallback,states_vx_gs,0.05162434279918671,datactrl_est_theta_fallback,-0.0007649031467735767,0.3898653160133894,0.22508885510109414,0.5197179950454105,0.5199228476569613,0.5198528946004427,0.5197879481019291,0.5197405656562059,0.5199002770461659,0.0,0.0,0.0,0.0,0.019999999552965164,0.0,0.0,0.0,0.0,0.0,0.05162434279918671,0.05162434279918671,0.0,0.0,0.0,0.0
130.251,0.019999999552965164,-0.019999999552965164,0.03999999910593033,datactrl_ref_vx_fallback,states_vx_gs,0.05082222446799278,datactrl_est_theta_fallback,-0.12946464121341705,0.39026725106695276,0.22532092672634108,0.5202469902063411,0.5204656793055329,0.5204026856363378,0.5203099838755362,0.5205284921241508,0.5201841773877233,0.0,0.0,0.0,0.0,0.019999999552965164,0.0,0.0,0.0,0.0,0.0,0.05082222446799278,0.05082222446799278,0.0,0.0,0.0,0.0
130.351,0.019999999552965164,-0.019999999552965164,0.03999999910593033,datactrl_ref_vx_fallback,states_vx_gs,-0.009999999776482582,states_theta,-0.132003054022789,0.3898943060793658,0.2251056163347065,0.5197436157783754,0.5199745337666001,0.5199314558367182,0.5197866937082573,0.5200645849530711,0.5196535645919044,0.0,0.0,0.0,0.0,0.019999999552965164,0.0,0.0,0.0,0.0,0.0,0.05002010986208916,0.06002010777592659,0.0,0.0,0.0,0.0
130.452,0.019999999552965164,-0.019999999552965164,0.03999999910593033,datactrl_ref_vx_fallback,states_vx_gs,-0.019999999552965164,states_theta,-0.06906948983669281,0.3899203861260961,0.22512066197488584,0.5197826807412632,0.520005015594993,0.5199353956023316,0.5198523007339246,0.5200541146919746,0.5197335816442816,0.0,0.0,0.0,0.0,0.019999999552965164,0.0,0.0,0.0,0.0,0.0,0.04921799153089523,0.0692179873585701,0.0,0.0,0.0,0.0
130.552,0.019999999552965164,-0.019999999552965164,0.03999999910593033,datactrl_ref_vx_fallback,states_vx_gs,-0.019999999552965164,states_theta,0.1166376918554306,0.3903089800670275,0.2253450067289089,0.5204773016450603,0.5203466452003465,0.5203323297675363,0.5204916170778705,0.5203068143284483,0.5205171325169585,0.0,0.0,0.0,0.0,0.019999999552965164,0.0,0.0,0.0,0.0,0.0,0.04841587319970131,0.06841587275266647,0.0,0.0,0.0,0.0
130.652,0.019999999552965164,-0.019999999552965164,0.03999999910593033,datactrl_ref_vx_fallback,states_vx_gs,0.047613754868507385,datactrl_est_theta_fallback,0.15100930631160736,0.38993681511448364,0.22513016799926458,0.5199831049874312,0.5198484019845252,0.519779997574397,0.5200515093975594,0.5196830187726488,0.5201484881993076,0.0,0.0,0.0,0.0,0.019999999552965164,0.0,0.0,0.0,0.0,0.0,0.047613754868507385,0.047613754868507385,0.0,0.0,0.0,0.0
130.752,0.019999999552965164,-0.019999999552965164,0.03999999910593033,datactrl_ref_vx_fallback,states_vx_gs,0.04681164026260376,datactrl_est_theta_fallback,0.08431000262498856,0.389936275153583,0.22512983486625626,0.5199701972593123,0.519859869816909,0.5198652608353396,0.5199648062408817,0.5197331185245544,0.5200969485516669,0.0,0.0,0.0,0.0,0.019999999552965164,0.0,0.0,0.0,0.0,0.0,0.04681164026260376,0.04681164026260376,0.0,0.0,0.0,0.0
130.852,0.019999999552965164,-0.019999999552965164,0.03999999910593033,datactrl_ref_vx_fallback,states_vx_gs,-0.009999999776482582,states_theta,-0.23330947756767273,0.38996297621971954,0.22514529591788748,0.5199992004203685,0.5199020694988835,0.5202185136054093,0.5196827563138428,0.5201648359188368,0.5197364340004152,0.0,0.0,0.0,0.0,0.019999999552965164,0.0,0.0,0.0,0.0,0.0,0.046009521931409836,0.05600951984524727,0.0,0.0,0.0,0.0
130.953,0.019999999552965164,-0.019999999552965164,0.03999999910593033,datactrl_ref_vx_fallback,states_vx_gs,-0.019999999552965164,states_theta,-0.05138521268963814,0.3899627062392692,0.22514509421966572,0.5197934678156412,0.5201070821557433,0.5200423996660118,0.5198581503053726,0.5200165019485211,0.5198840480228634,0.0,0.0,0.0,0.0,0.019999999552965164,0.0,0.0,0.0,0.0,0.0,0.04520740360021591,0.06520740687847137,0.0,0.0,0.0,0.0
131.052,0.019999999552965164,-0.019999999552965164,0.03999999910593033,datactrl_ref_vx_fallback,states_vx_gs,0.04440528526902199,datactrl_est_theta_fallback,0.2916763424873352,0.38998965028781096,0.22516075748489803,0.5199484903906785,0.5200239103768175,0.5195952747167146,0.5203771260507813,0.5197102336719494,0.5202621670955466,0.0,0.0,0.0,0.0,0.019999999552965164,0.0,0.0,0.0,0.0,0.0,0.04440528526902199,0.04440528526902199,0.0,0.0,0.0,0.0
131.153,0.019999999552965164,-0.019999999552965164,0.03999999910593033,datactrl_ref_vx_fallback,states_vx_gs,0.043603166937828064,datactrl_est_theta_fallback,0.0003557950258255005,0.38998965028781096,0.22516070907170788,0.5202021354873366,0.5197702652801593,0.5197370617748478,0.5202353389926482,0.5201719381995311,0.5198004625679649,0.0,0.0,0.0,0.0,0.019999999552965164,0.0,0.0,0.0,0.0,0.0,0.043603166937828064,0.043603166937828064,0.0,0.0,0.0,0.0
131.25,0.019999999552965164,-0.019999999552965164,0.03999999910593033,datactrl_ref_vx_fallback,states_vx_gs,0.04280105233192444,datactrl_est_theta_fallback,-0.1799953281879425,0.3900168373187581,0.22517637500967688,0.5199542495802001,0.5200906499364881,0.5203108378627566,0.5197340616539317,0.5200434623575279,0.5200014371591604,0.0,0.0,0.0,0.0,0.019999999552965164,0.0,0.0,0.0,0.0,0.0,0.04280105233192444,0.04280105233192444,0.0,0.0,0.0,0.0
131.353,0.019999999552965164,-0.019999999552965164,0.03999999910593033,datactrl_ref_vx_fallback,states_vx_gs,-0.009999999776482582,states_theta,0.03187839686870575,0.390030707296781,0.22518443433956772,0.5198541122106157,0.5202277739141337,0.5202699372232111,0.5198119489015383,0.5197348624709661,0.5203470236537833,0.0,0.0,0.0,0.0,0.019999999552965164,0.0,0.0,0.0,0.0,0.0,0.041998934000730515,0.05199893191456795,0.0,0.0,0.0,0.0
131.452,0.019999999552965164,-0.019999999552965164,0.03999999910593033,datactrl_ref_vx_fallback,states_vx_gs,0.04119681566953659,datactrl_est_theta_fallback,0.04547296091914177,0.390031112331827,0.2251846430974739,0.5201536897799864,0.519929276438219,0.5197256646800554,0.52035730153815,0.5201947814890657,0.5198881847291397,0.0,0.0,0.0,0.0,0.019999999552965164,0.0,0.0,0.0,0.0,0.0,0.04119681566953659,0.04119681566953659,0.0,0.0,0.0,0.0
131.554,0.019999999552965164,-0.019999999552965164,0.03999999910593033,datactrl_ref_vx_fallback,states_vx_gs,-0.009999999776482582,states_theta,-0.029707491397857666,0.39005862340368497,0.22520054341857595,0.5202450636093683,0.519911265467125,0.5198398535254042,0.5203164755510891,0.520363566964963,0.5197927621115302,0.0,0.0,0.0,0.0,0.019999999552965164,0.0,0.0,0.0,0.0,0.0,0.04039469733834267,0.0503946989774704,0.0,0.0,0.0,0.0
131.655,0.019999999552965164,-0.019999999552965164,0.03999999910593033,datactrl_ref_vx_fallback,states_vx_gs,-0.009999999776482582,states_theta,-0.029732760041952133,0.39005929841918113,0.22520095336545234,0.5199121231534187,0.5202460059643976,0.5203964508665276,0.5197616782512887,0.519807147325695,0.5203509817921214,0.0,0.0,0.0,0.0,0.019999999552965164,0.0,0.0,0.0,0.0,0.0,0.03959258273243904,0.049592580646276474,0.0,0.0,0.0,0.0
131.754,0.019999999552965164,-0.019999999552965164,0.03999999910593033,datactrl_ref_vx_fallback,states_vx_gs,-0.009999999776482582,states_theta,0.004259072244167328,0.39005997343467735,0.22520130775991773,0.5199147691549525,0.5202451600041872,0.5203023614495346,0.5198575677096051,0.5198306667703942,0.5203292623887454,0.0,0.0,0.0,0.0,0.019999999552965164,0.0,0.0,0.0,0.0,0.0,0.03879046440124512,0.04879046231508255,0.0,0.0,0.0,0.0
131.854,0.019999999552965164,-0.019999999552965164,0.03999999910593033,datactrl_ref_vx_fallback,states_vx_gs,-0.009999999776482582,states_theta,-0.0020024729892611504,0.3900878624791658,0.22521743896567614,0.5202591551425292,0.5199751448019131,0.5198163250796465,0.5204179748647958,0.5204023245299635,0.5198319754144788,0.0,0.0,0.0,0.0,0.019999999552965164,0.0,0.0,0.0,0.0,0.0,0.03798834607005119,0.047988347709178925,0.0,0.0,0.0,0.0
131.955,0.019999999552965164,-0.019999999552965164,0.03999999910593033,datactrl_ref_vx_fallback,states_vx_gs,-0.009999999776482582,states_theta,-0.05373533070087433,0.39008880747511243,0.22521796559537063,0.520226741160916,0.5200100787727171,0.5198969601619409,0.5203398597716923,0.5204299259366115,0.5198068939970216,0.0,0.0,0.0,0.0,0.019999999552965164,0.0,0.0,0.0,0.0,0.0,0.03718622773885727,0.047186229377985,0.0,0.0,0.0,0.0
132.054,0.019999999552965164,-0.019999999552965164,0.03999999910593033,datactrl_ref_vx_fallback,states_vx_gs,-0.019999999552965164,states_theta,-0.04020579159259796,0.3900897524710591,0.22521850594821405,0.5200136683284741,0.5202256715943502,0.5204329663169827,0.5198063736058416,0.5199222246421291,0.5203171152806951,0.0,0.0,0.0,0.0,0.019999999552965164,0.0,0.0,0.0,0.0,0.0,0.036384109407663345,0.05638410896062851,0.0,0.0,0.0,0.0
132.155,0.019999999552965164,-0.019999999552965164,0.03999999910593033,datactrl_ref_vx_fallback,states_vx_gs,-0.019999999552965164,states_theta,0.019048534333705902,0.39010420354486736,0.22522679250283964,0.5200430151708232,0.5202348609488231,0.5202703360333428,0.5200075400863035,0.5199988904240632,0.5202789856955831,0.0,0.0,0.0,0.0,0.019999999552965164,0.0,0.0,0.0,0.0,0.0,0.03558199480175972,0.055581994354724884,0.0,0.0,0.0,0.0
132.254,0.019999999552965164,-0.019999999552965164,0.03999999910593033,datactrl_ref_vx_fallback,states_vx_gs,-0.019999999552965164,states_theta,0.002996251452714205,0.39010528346666873,0.22522759151012334,0.5203118155117021,0.5199689403994145,0.5197442044459213,0.5205365514651954,0.5205598784981569,0.5197208774129598,0.0,0.0,0.0,0.0,0.019999999552965164,0.0,0.0,0.0,0.0,0.0,0.034779876470565796,0.05477987602353096,0.0,0.0,0.0,0.0
132.354,0.019999999552965164,-0.019999999552965164,0.03999999910593033,datactrl_ref_vx_fallback,states_vx_gs,-0.019999999552965164,states_theta,-0.000924083695281297,0.39010636338847005,0.22522803012989517,0.5201641791431808,0.5201194565594061,0.5200379589780997,0.5202456767244872,0.520275720214437,0.5200079154881498,0.0,0.0,0.0,0.0,0.019999999552965164,0.0,0.0,0.0,0.0,0.0,0.03397775813937187,0.053977757692337036,0.0,0.0,0.0,0.0
132.456,0.019999999552965164,-0.019999999552965164,0.03999999910593033,datactrl_ref_vx_fallback,states_vx_gs,-0.019999999552965164,states_theta,-0.001560102915391326,0.3901074433102715,0.2252288183290031,0.5199647309694819,0.5203217845245753,0.5205413930504289,0.5197451224436284,0.5197750116101428,0.5205115038839144,0.0,0.0,0.0,0.0,0.019999999552965164,0.0,0.0,0.0,0.0,0.0,0.03317563980817795,0.05317563936114311,0.0,0.0,0.0,0.0
132.556,0.019999999552965164,-0.019999999552965164,0.03999999910593033,datactrl_ref_vx_fallback,states_vx_gs,-0.009999999776482582,states_theta,0.015428759157657623,0.3901085232320728,0.22522927980490245,0.520110185919993,0.5201792093655344,0.520237689405176,0.5200517058803514,0.5199890608806449,0.5203003344048825,0.0,0.0,0.0,0.0,0.019999999552965164,0.0,0.0,0.0,0.0,0.0,0.03237352520227432,0.042373523116111755,0.0,0.0,0.0,0.0
132.656,0.019999999552965164,-0.019999999552965164,0.03999999910593033,datactrl_ref_vx_fallback,states_vx_gs,-0.009999999776482582,states_theta,0.0018770280294120312,0.3901096031538742,0.22523003167139086,0.5203358055471535,0.5199564695298443,0.5197896627252958,0.520502612351702,0.5204660146597233,0.5198262604172745,0.0,0.0,0.0,0.0,0.019999999552965164,0.0,0.0,0.0,0.0,0.0,0.0315714068710804,0.04157140478491783,0.0,0.0,0.0,0.0
132.756,0.019999999552965164,-0.019999999552965164,0.03999999910593033,datactrl_ref_vx_fallback,states_vx_gs,-0.019999999552965164,states_theta,-0.023203684017062187,0.3901106830756756,0.22523051235209682,0.5201900424999927,0.5201051123684756,0.5201381053859243,0.5201570494825439,0.5202260090841174,0.5200691457843508,0.0,0.0,0.0,0.0,0.019999999552965164,0.0,0.0,0.0,0.0,0.0,0.030769288539886475,0.05076928809285164,0.0,0.0,0.0,0.0
132.856,0.019999999552965164,-0.019999999552965164,0.03999999910593033,datactrl_ref_vx_fallback,states_vx_gs,-0.019999999552965164,states_theta,-0.005626254715025425,0.3901117629974769,0.2252312572068863,0.5199898499957101,0.5203081846642283,0.5204813512605642,0.5198166833993743,0.5198474549034828,0.5204505797564556,0.0,0.0,0.0,0.0,0.019999999552965164,0.0,0.0,0.0,0.0,0.0,0.02996717020869255,0.049967169761657715,0.0,0.0,0.0,0.0
132.958,0.019999999552965164,-0.019999999552965164,0.03999999910593033,datactrl_ref_vx_fallback,states_vx_gs,-0.019999999552965164,states_theta,-0.006060972344130278,0.39009925588590366,0.22522391311623294,0.5200702172132721,0.5201944651491377,0.5201301263714403,0.5201345559909695,0.5201645324847571,0.5201001498776526,0.0,0.0,0.0,0.0,0.019999999552965164,0.0,0.0,0.0,0.0,0.0,0.029165053740143776,0.04916505143046379,0.0,0.0,0.0,0.0
133.057,0.019999999552965164,-0.019999999552965164,0.03999999910593033,datactrl_ref_vx_fallback,states_vx_gs,-0.019999999552965164,states_theta,0.011352874338626862,0.3901002008818503,0.2252246303767776,0.5202812950777911,0.5199859072738098,0.5197472832571088,0.520519919094492,0.520511958574807,0.5197552437767938,0.0,0.0,0.0,0.0,0.019999999552965164,0.0,0.0,0.0,0.0,0.0,0.028362935408949852,0.048362936824560165,0.0,0.0,0.0,0.0
133.156,0.019999999552965164,-0.019999999552965164,0.03999999910593033,datactrl_ref_vx_fallback,states_vx_gs,-0.019999999552965164,states_theta,0.010994559153914452,0.3901011458777968,0.2252250024537157,0.5201731818724454,0.5200965404683461,0.5201249493994033,0.5201447729413882,0.520135769695222,0.5201339526455695,0.0,0.0,0.0,0.0,0.019999999552965164,0.0,0.0,0.0,0.0,0.0,0.027560818940401077,0.04756081849336624,0.0,0.0,0.0,0.0
133.257,0.019999999552965164,-0.019999999552965164,0.03999999910593033,datactrl_ref_vx_fallback,states_vx_gs,-0.019999999552965164,states_theta,-0.008553814142942429,0.3901020908737435,0.22522570026800995,0.5200696904960636,0.5202025518339191,0.5205191102223755,0.5197531321076071,0.5197829274673414,0.5204893148626412,0.0,0.0,0.0,0.0,0.019999999552965164,0.0,0.0,0.0,0.0,0.0,0.026758700609207153,0.04675870016217232,0.0,0.0,0.0,0.0
133.357,0.019999999552965164,-0.019999999552965164,0.03999999910593033,datactrl_ref_vx_fallback,states_vx_gs,-0.019999999552965164,states_theta,-0.028043672442436218,0.39007576784460785,0.22521037380320047,0.5200139298529702,0.5201881177326506,0.5202651127131415,0.5199369348724794,0.5200053627566894,0.5201966848289314,0.0,0.0,0.0,0.0,0.019999999552965164,0.0,0.0,0.0,0.0,0.0,0.02595658414065838,0.045956581830978394,0.0,0.0,0.0,0.0
133.456,0.019999999552965164,-0.019999999552965164,0.03999999910593033,datactrl_ref_vx_fallback,states_vx_gs,-0.019999999552965164,states_theta,-0.00608990341424942,0.3897006928684915,0.22499386918663672,0.5195629465309026,0.5196389011184082,0.519363373893853,0.5198384737554578,0.5198593507439748,0.519342496905336,0.0,0.0,0.0,0.0,0.019999999552965164,0.0,0.0,0.0,0.0,0.0,0.025154465809464455,0.04515446722507477,0.0,0.0,0.0,0.0
133.557,0.009999999776482582,-0.009999999776482582,0.019999999552965164,datactrl_ref_vx_fallback,states_vx_gs,-0.009999999776482582,states_theta,0.06537685543298721,0.39004577884663894,0.22519310439219023,0.5200045279366742,0.5201175489876962,0.5197818855527165,0.5203401913716539,0.5202687608883154,0.519853316036055,0.0,0.0,0.0,0.0,0.009999999776482582,0.0,0.0,0.0,0.0,0.0,0.04466158524155617,0.0546615831553936,0.0,0.0,0.0,0.0
133.657,0.009999999776482582,-0.009999999776482582,0.019999999552965164,datactrl_ref_vx_fallback,states_vx_gs,-0.009999999776482582,states_theta,0.06501700729131699,0.3900462243851894,0.22519331803123135,0.5200117746383164,0.5201114903888553,0.5198838791600098,0.5202393858671619,0.5201695772995398,0.5199536877276318,0.0,0.0,0.0,0.0,0.009999999776482582,0.0,0.0,0.0,0.0,0.0,0.044220421463251114,0.05422041937708855,0.0,0.0,0.0,0.0
133.757,0.009999999776482582,-0.009999999776482582,0.019999999552965164,datactrl_ref_vx_fallback,states_vx_gs,0.043819360435009,datactrl_est_theta_fallback,0.04642153158783913,0.3896572659255907,0.22496879945969536,0.5194476963866657,0.5196383460815761,0.519741753302446,0.5193442891657958,0.5192581435825356,0.5198278988857061,0.0,0.0,0.0,0.0,0.009999999776482582,0.0,0.0,0.0,0.0,0.0,0.043819360435009,0.043819360435009,0.0,0.0,0.0,0.0
133.857,0.009999999776482582,-0.009999999776482582,0.019999999552965164,datactrl_ref_vx_fallback,states_vx_gs,0.04341830313205719,datactrl_est_theta_fallback,-0.03129973262548447,0.39000307186868366,0.22516839081348183,0.5200732705246162,0.519934921125207,0.5201270026084429,0.5198811890413803,0.5199567787858307,0.5200514128639925,0.0,0.0,0.0,0.0,0.009999999776482582,0.0,0.0,0.0,0.0,0.0,0.04341830313205719,0.04341830313205719,0.0,0.0,0.0,0.0
133.957,0.009999999776482582,-0.009999999776482582,0.019999999552965164,datactrl_ref_vx_fallback,states_vx_gs,-0.009999999776482582,states_theta,-0.03180146962404251,0.39000307186868366,0.2251683835354998,0.5199895154306237,0.5200186762191995,0.5200721865923852,0.519936005057438,0.5200686791539066,0.5199395124959165,0.0,0.0,0.0,0.0,0.009999999776482582,0.0,0.0,0.0,0.0,0.0,0.04301724210381508,0.05301724374294281,0.0,0.0,0.0,0.0
134.058,0.009999999776482582,-0.009999999776482582,0.019999999552965164,datactrl_ref_vx_fallback,states_vx_gs,0.042616184800863266,datactrl_est_theta_fallback,0.13037671148777008,0.38997593883382664,0.22515277899068842,0.519780400532023,0.5201554363581813,0.519680780029658,0.5202550568605463,0.5199958179521543,0.51994001893805,0.0,0.0,0.0,0.0,0.009999999776482582,0.0,0.0,0.0,0.0,0.0,0.042616184800863266,0.042616184800863266,0.0,0.0,0.0,0.0
134.158,0.009999999776482582,-0.009999999776482582,0.019999999552965164,datactrl_ref_vx_fallback,states_vx_gs,0.009999999776482582,states_theta,0.20107358694076538,0.3899756688533763,0.22515262080828474,0.5200198691297379,0.5199152478125989,0.5196870540334962,0.5202480629088405,0.5197864194042573,0.5201486975380795,0.0,0.0,0.0,0.0,0.009999999776482582,0.0,0.0,0.0,0.0,0.0,0.04221512749791145,0.03221512585878372,0.0,0.0,0.0,0.0
134.258,0.009999999776482582,-0.009999999776482582,0.019999999552965164,datactrl_ref_vx_fallback,states_vx_gs,0.009999999776482582,states_theta,-0.13746002316474915,0.3899483198341589,0.22513681163331234,0.5201184608682519,0.5197437253561719,0.5199642708410602,0.5198979153833635,0.520139452349874,0.5197227338745497,0.0,0.0,0.0,0.0,0.009999999776482582,0.0,0.0,0.0,0.0,0.0,0.04181406646966934,0.03181406855583191,0.0,0.0,0.0,0.0
134.359,0.009999999776482582,-0.009999999776482582,0.019999999552965164,datactrl_ref_vx_fallback,states_vx_gs,0.04141300916671753,datactrl_est_theta_fallback,-0.13163936138153076,0.38994777987325824,0.22513655277695926,0.5198673603889978,0.5199933859396908,0.5203281046832228,0.5195326416454659,0.5198175897943061,0.5200431565343825,0.0,0.0,0.0,0.0,0.009999999776482582,0.0,0.0,0.0,0.0,0.0,0.04141300916671753,0.04141300916671753,0.0,0.0,0.0,0.0
134.457,0.009999999776482582,-0.009999999776482582,0.019999999552965164,datactrl_ref_vx_fallback,states_vx_gs,0.04101194813847542,datactrl_est_theta_fallback,0.09624302387237549,0.38994723991235747,0.22513621172809606,0.5197715405977305,0.5200877658352229,0.5200344756936601,0.5198248307392932,0.5196361955428757,0.5202231108900777,0.0,0.0,0.0,0.0,0.009999999776482582,0.0,0.0,0.0,0.0,0.0,0.04101194813847542,0.04101194813847542,0.0,0.0,0.0,0.0
134.559,0.009999999776482582,-0.009999999776482582,0.019999999552965164,datactrl_ref_vx_fallback,states_vx_gs,0.040610890835523605,datactrl_est_theta_fallback,0.0644037127494812,0.38993305943750567,0.2251280833032088,0.5200629602673726,0.5197585315659757,0.5195355976265569,0.5202858942067915,0.5201634748891245,0.5196580169442239,0.0,0.0,0.0,0.0,0.009999999776482582,0.0,0.0,0.0,0.0,0.0,0.040610890835523605,0.040610890835523605,0.0,0.0,0.0,0.0
134.659,0.009999999776482582,-0.009999999776482582,0.019999999552965164,datactrl_ref_vx_fallback,states_vx_gs,0.04020983353257179,datactrl_est_theta_fallback,-0.05476396530866623,0.3899051973910622,0.22511190180221233,0.5199684125881394,0.5197787804546932,0.5197961952141436,0.519950997828689,0.520076280764621,0.5196709122782116,0.0,0.0,0.0,0.0,0.009999999776482582,0.0,0.0,0.0,0.0,0.0,0.04020983353257179,0.04020983353257179,0.0,0.0,0.0,0.0
134.759,0.009999999776482582,-0.009999999776482582,0.019999999552965164,datactrl_ref_vx_fallback,states_vx_gs,0.03980877250432968,datactrl_est_theta_fallback,-0.033003922551870346,0.3899042523951156,0.22511143336956668,0.5197328529421605,0.5200118201114812,0.5202059265367661,0.5195387465168756,0.5196187966951341,0.5201258763585076,0.0,0.0,0.0,0.0,0.009999999776482582,0.0,0.0,0.0,0.0,0.0,0.03980877250432968,0.03980877250432968,0.0,0.0,0.0,0.0
134.859,0.009999999776482582,-0.009999999776482582,0.019999999552965164,datactrl_ref_vx_fallback,states_vx_gs,0.03940771520137787,datactrl_est_theta_fallback,0.01942424662411213,0.38990330739916906,0.22511080900803296,0.519761599279806,0.5199805537846448,0.51999936786163,0.5197427852028208,0.519713837894748,0.5200283151697028,0.0,0.0,0.0,0.0,0.009999999776482582,0.0,0.0,0.0,0.0,0.0,0.03940771520137787,0.03940771520137787,0.0,0.0,0.0,0.0
134.958,0.009999999776482582,-0.009999999776482582,0.019999999552965164,datactrl_ref_vx_fallback,states_vx_gs,0.039006657898426056,datactrl_est_theta_fallback,0.006060500163584948,0.3898751753766715,0.2250947125276207,0.5200302949062634,0.5196368394315272,0.5194610948433853,0.5202060394944052,0.5202048184033481,0.5194623159344425,0.0,0.0,0.0,0.0,0.009999999776482582,0.0,0.0,0.0,0.0,0.0,0.039006657898426056,0.039006657898426056,0.0,0.0,0.0,0.0
135.059,0.009999999776482582,-0.009999999776482582,0.019999999552965164,datactrl_ref_vx_fallback,states_vx_gs,0.038605596870183945,datactrl_est_theta_fallback,-6.244881205930142e-06,0.3898739604003181,0.22509389997594637,0.5199998160487106,0.5196640783521377,0.5196290581366405,0.5200348362642078,0.5200461526265023,0.5196177417743459,0.0,0.0,0.0,0.0,0.009999999776482582,0.0,0.0,0.0,0.0,0.0,0.038605596870183945,0.038605596870183945,0.0,0.0,0.0,0.0
135.16,0.009999999776482582,-0.009999999776482582,0.019999999552965164,datactrl_ref_vx_fallback,states_vx_gs,0.03820453956723213,datactrl_est_theta_fallback,-7.402212531815167e-07,0.38987274542396483,0.22509321226612317,0.5197376427187865,0.5199230117451197,0.5200922012746797,0.5195684531892265,0.5195796638419324,0.5200809906219738,0.0,0.0,0.0,0.0,0.009999999776482582,0.0,0.0,0.0,0.0,0.0,0.03820453956723213,0.03820453956723213,0.0,0.0,0.0,0.0
135.259,0.009999999776482582,-0.009999999776482582,0.019999999552965164,datactrl_ref_vx_fallback,states_vx_gs,0.03780347853899002,datactrl_est_theta_fallback,-0.0010185904102399945,0.38987153044761164,0.22509245902357597,0.5197022906892043,0.5199551238377601,0.5199592018009459,0.5196982127260185,0.5197114224433136,0.5199459920836508,0.0,0.0,0.0,0.0,0.009999999776482582,0.0,0.0,0.0,0.0,0.0,0.03780347853899002,0.03780347853899002,0.0,0.0,0.0,0.0
135.359,0.009999999776482582,-0.009999999776482582,0.019999999552965164,datactrl_ref_vx_fallback,states_vx_gs,0.03740242123603821,datactrl_est_theta_fallback,0.01583710126578808,0.3898703154712584,0.22509176753811808,0.5197643793269643,0.519889795263058,0.5196420856538583,0.520012088936164,0.5199901260293239,0.5196640485606984,0.0,0.0,0.0,0.0,0.009999999776482582,0.0,0.0,0.0,0.0,0.0,0.03740242123603821,0.03740242123603821,0.0,0.0,0.0,0.0
135.459,0.009999999776482582,-0.009999999776482582,0.019999999552965164,datactrl_ref_vx_fallback,states_vx_gs,0.037001363933086395,datactrl_est_theta_fallback,0.0008411001763306558,0.3898418864615124,0.22507534998759332,0.5197088061343413,0.519869557763025,0.5196341207765343,0.5199442431208321,0.5199532878623456,0.5196250760350207,0.0,0.0,0.0,0.0,0.009999999776482582,0.0,0.0,0.0,0.0,0.0,0.037001363933086395,0.037001363933086395,0.0,0.0,0.0,0.0
135.56,0.009999999776482582,-0.009999999776482582,0.019999999552965164,datactrl_ref_vx_fallback,states_vx_gs,0.036600302904844284,datactrl_est_theta_fallback,-0.01984526589512825,0.3898675615419589,0.22509015653421477,0.5197093227035069,0.5199375080750502,0.5199284718935246,0.5197183588850325,0.5197702162503843,0.5198766145281728,0.0,0.0,0.0,0.0,0.009999999776482582,0.0,0.0,0.0,0.0,0.0,0.036600302904844284,0.036600302904844284,0.0,0.0,0.0,0.0
135.659,0.009999999776482582,-0.009999999776482582,0.019999999552965164,datactrl_ref_vx_fallback,states_vx_gs,0.03619924560189247,datactrl_est_theta_fallback,-0.02256411872804165,0.38986634656560565,0.2250894775201633,0.5196575789056701,0.519986011935945,0.5199895627568992,0.5196540280847158,0.5197113310662042,0.5199322597754109,0.0,0.0,0.0,0.0,0.009999999776482582,0.0,0.0,0.0,0.0,0.0,0.03619924560189247,0.03619924560189247,0.0,0.0,0.0,0.0
135.76,0.009999999776482582,-0.009999999776482582,0.019999999552965164,datactrl_ref_vx_fallback,states_vx_gs,0.03579818457365036,datactrl_est_theta_fallback,-0.023006729781627655,0.38986513158925246,0.2250887904435303,0.5196309946264789,0.5200093562781943,0.5200161412688804,0.5196242096357928,0.519682204925112,0.5199581459795612,0.0,0.0,0.0,0.0,0.009999999776482582,0.0,0.0,0.0,0.0,0.0,0.03579818457365036,0.03579818457365036,0.0,0.0,0.0,0.0
135.86,0.009999999776482582,-0.009999999776482582,0.019999999552965164,datactrl_ref_vx_fallback,states_vx_gs,0.03539712727069855,datactrl_est_theta_fallback,0.08706194162368774,0.3898639166128992,0.22508804661530984,0.5198004134840359,0.5198366974836952,0.5197014744061553,0.5199356365615758,0.5197646085356221,0.519872502432109,0.0,0.0,0.0,0.0,0.009999999776482582,0.0,0.0,0.0,0.0,0.0,0.03539712727069855,0.03539712727069855,0.0,0.0,0.0,0.0
135.96,0.009999999776482582,-0.009999999776482582,0.019999999552965164,datactrl_ref_vx_fallback,states_vx_gs,0.009999999776482582,states_theta,0.10909504443407059,0.3898898346670155,0.22510302462067153,0.5198994784366655,0.5198067473420425,0.5196767127118693,0.5200295130668386,0.5197568260862602,0.5199493996924478,0.0,0.0,0.0,0.0,0.009999999776482582,0.0,0.0,0.0,0.0,0.0,0.034996069967746735,0.024996068328619003,0.0,0.0,0.0,0.0
136.061,0.009999999776482582,-0.009999999776482582,0.019999999552965164,datactrl_ref_vx_fallback,states_vx_gs,0.009999999776482582,states_theta,0.006109221838414669,0.39026726466266193,0.22532091524211123,0.5204197675557122,0.5202929382113862,0.5203659932296387,0.5203467125374597,0.520287228993346,0.5204254767737524,0.0,0.0,0.0,0.0,0.009999999776482582,0.0,0.0,0.0,0.0,0.0,0.03459500893950462,0.02459501102566719,0.0,0.0,0.0,0.0
136.16,0.009999999776482582,-0.009999999776482582,0.019999999552965164,datactrl_ref_vx_fallback,states_vx_gs,0.009999999776482582,states_theta,-0.006082714069634676,0.38991842571190927,0.22511951435811264,0.5199570876810433,0.5198253808840481,0.519930370083078,0.5198520984820134,0.5198170845871699,0.5199653839779215,0.0,0.0,0.0,0.0,0.009999999776482582,0.0,0.0,0.0,0.0,0.0,0.03419395163655281,0.02419395186007023,0.0,0.0,0.0,0.0
136.262,0.019999999552965164,-0.019999999552965164,0.03999999910593033,datactrl_ref_vx_fallback,states_vx_gs,0.009999999776482582,states_theta,-0.029465408995747566,0.3903093101692027,0.22534519225151792,0.5204818147194197,0.520343012398454,0.5203981703294704,0.5204266567884033,0.5203256701144894,0.5204991570033843,0.0,0.0,0.0,0.0,0.019999999552965164,0.0,0.0,0.0,0.0,0.0,0.013483656570315361,0.0034836565610021353,0.0,0.0,0.0,0.0
136.36,0.019999999552965164,-0.019999999552965164,0.03999999910593033,datactrl_ref_vx_fallback,states_vx_gs,0.009999999776482582,states_theta,-0.04611087590456009,0.3899345202166783,0.22512880796676144,0.5200164539582869,0.5198089332861885,0.5198586391450827,0.5199667480993927,0.5198960834496135,0.5199293037948619,0.0,0.0,0.0,0.0,0.019999999552965164,0.0,0.0,0.0,0.0,0.0,0.012681539170444012,0.0026815389283001423,0.0,0.0,0.0,0.0
136.46,0.019999999552965164,-0.019999999552965164,0.03999999910593033,datactrl_ref_vx_fallback,states_vx_gs,0.011879420839250088,datactrl_est_theta_fallback,-0.046965643763542175,0.3903364072881148,0.22536085617228455,0.5203189009108429,0.5205781851907967,0.5205635224597129,0.5203335636419266,0.5203163360888219,0.5205807500128177,0.0,0.0,0.0,0.0,0.019999999552965164,0.0,0.0,0.0,0.0,0.0,0.011879420839250088,0.011879420839250088,0.0,0.0,0.0,0.0
136.561,0.019999999552965164,-0.019999999552965164,0.03999999910593033,datactrl_ref_vx_fallback,states_vx_gs,0.011077303439378738,datactrl_est_theta_fallback,-0.06592179089784622,0.39033988730763663,0.2253628582588989,0.5202949992540459,0.5206113668996518,0.5205313159294851,0.5203750502242126,0.5203934126842791,0.5205129534694186,0.0,0.0,0.0,0.0,0.019999999552965164,0.0,0.0,0.0,0.0,0.0,0.011077303439378738,0.011077303439378738,0.0,0.0,0.0,0.0
136.661,0.019999999552965164,-0.019999999552965164,0.03999999910593033,datactrl_ref_vx_fallback,states_vx_gs,0.010275186039507389,datactrl_est_theta_fallback,-0.06425784528255463,0.38999166937629004,0.22516180420946802,0.5198625223452724,0.5201152626581678,0.5199979607772851,0.5199798242261551,0.5199908741951811,0.5199869108082591,0.0,0.0,0.0,0.0,0.019999999552965164,0.0,0.0,0.0,0.0,0.0,0.010275186039507389,0.010275186039507389,0.0,0.0,0.0,0.0
136.761,0.019999999552965164,-0.019999999552965164,0.03999999910593033,datactrl_ref_vx_fallback,states_vx_gs,0.00947306863963604,datactrl_est_theta_fallback,0.02594897896051407,0.38999166937629004,0.22516190254469506,0.5201546097026329,0.5198231753008072,0.5196253520300792,0.520352432973361,0.5201720930687411,0.519805691934699,0.0,0.0,0.0,0.0,0.019999999552965164,0.0,0.0,0.0,0.0,0.0,0.00947306863963604,0.00947306863963604,0.0,0.0,0.0,0.0
136.861,0.019999999552965164,-0.019999999552965164,0.03999999910593033,datactrl_ref_vx_fallback,states_vx_gs,0.00867095123976469,datactrl_est_theta_fallback,0.025983039289712906,0.38999166937629004,0.22516183082636457,0.5200237145948913,0.5199540704085489,0.5200480344269197,0.5199297505765205,0.519745396912109,0.5202323880913312,0.0,0.0,0.0,0.0,0.019999999552965164,0.0,0.0,0.0,0.0,0.0,0.00867095123976469,0.00867095123976469,0.0,0.0,0.0,0.0
136.962,0.019999999552965164,-0.019999999552965164,0.03999999910593033,datactrl_ref_vx_fallback,states_vx_gs,0.007868833839893341,datactrl_est_theta_fallback,-0.10226128250360489,0.39001891040332737,0.22517769840508237,0.5198056501063265,0.5202447776358797,0.5204282370995955,0.5196221906426107,0.5197004003761211,0.5203500273660852,0.0,0.0,0.0,0.0,0.019999999552965164,0.0,0.0,0.0,0.0,0.0,0.007868833839893341,0.007868833839893341,0.0,0.0,0.0,0.0
137.062,0.019999999552965164,-0.019999999552965164,0.03999999910593033,datactrl_ref_vx_fallback,states_vx_gs,-0.009999999776482582,states_theta,-0.10826888680458069,0.3900327803813502,0.22518555871388343,0.5200881806943282,0.519999233655939,0.5199767263403958,0.5201106880098714,0.5202532768942143,0.5198341374560529,0.0,0.0,0.0,0.0,0.019999999552965164,0.0,0.0,0.0,0.0,0.0,0.007066715974360704,0.017066715285182,0.0,0.0,0.0,0.0
137.162,0.009999999776482582,-0.009999999776482582,0.019999999552965164,datactrl_ref_vx_fallback,states_vx_gs,-0.019999999552965164,states_theta,-0.01487007550895214,0.3900331854163961,0.22518584128804514,0.5201795234554145,0.5199089709883085,0.5198631213792785,0.5202253730644445,0.5203393044602683,0.5197491899834547,0.0,0.0,0.0,0.0,0.009999999776482582,0.0,0.0,0.0,0.0,0.0,0.026493623852729797,0.04649362340569496,0.0,0.0,0.0,0.0
137.261,0.009999999776482582,-0.009999999776482582,0.019999999552965164,datactrl_ref_vx_fallback,states_vx_gs,-0.019999999552965164,states_theta,-0.005525275133550167,0.39006061549411897,0.22520169524013345,0.5199178599882112,0.5202437813294395,0.5203910093035761,0.5197706320140746,0.5198654835361894,0.5202961577814612,0.0,0.0,0.0,0.0,0.009999999776482582,0.0,0.0,0.0,0.0,0.0,0.026092564687132835,0.04609256237745285,0.0,0.0,0.0,0.0
137.363,0.009999999776482582,-0.009999999776482582,0.019999999552965164,datactrl_ref_vx_fallback,states_vx_gs,-0.009999999776482582,states_theta,0.0610773004591465,0.39006129050961524,0.22520199391706616,0.520084461403462,0.520078979955512,0.5200430571418011,0.5201203842171729,0.5200215891024307,0.5201418522565433,0.0,0.0,0.0,0.0,0.009999999776482582,0.0,0.0,0.0,0.0,0.0,0.025691505521535873,0.035691507160663605,0.0,0.0,0.0,0.0
137.462,0.009999999776482582,-0.009999999776482582,0.019999999552965164,datactrl_ref_vx_fallback,states_vx_gs,-0.009999999776482582,states_theta,0.02084505930542946,0.3900619655251116,0.2252025248036483,0.5202775762956882,0.5198876651046094,0.5197422503886311,0.5204229910116664,0.5204075612593331,0.5197576801409645,0.0,0.0,0.0,0.0,0.009999999776482582,0.0,0.0,0.0,0.0,0.0,0.02529044635593891,0.035290446132421494,0.0,0.0,0.0,0.0
137.574,0.009999999776482582,-0.009999999776482582,0.019999999552965164,datactrl_ref_vx_fallback,states_vx_gs,-0.009999999776482582,states_theta,0.002620904939249158,0.39006264054060774,0.22520279428631682,0.5200116157407408,0.5201554257008798,0.5202313673248944,0.5199356741167263,0.5199578445461974,0.5202091968954232,0.0,0.0,0.0,0.0,0.009999999776482582,0.0,0.0,0.0,0.0,0.0,0.02488938719034195,0.03488938882946968,0.0,0.0,0.0,0.0
137.662,0.009999999776482582,-0.009999999776482582,0.019999999552965164,datactrl_ref_vx_fallback,states_vx_gs,-0.009999999776482582,states_theta,0.021342962980270386,0.3900905295850962,0.22521894509622947,0.5199659811106788,0.5202754311162444,0.5203436366146001,0.5198977756123231,0.5198807327307133,0.5203606794962099,0.0,0.0,0.0,0.0,0.009999999776482582,0.0,0.0,0.0,0.0,0.0,0.024488329887390137,0.03448832780122757,0.0,0.0,0.0,0.0
137.763,0.009999999776482582,-0.009999999776482582,0.019999999552965164,datactrl_ref_vx_fallback,states_vx_gs,-0.009999999776482582,states_theta,0.02072305418550968,0.39009147458104276,0.22521949405209798,0.5202428154159777,0.5200011168001364,0.519866390330085,0.5203775418860291,0.5203614649918734,0.5198824672242407,0.0,0.0,0.0,0.0,0.009999999776482582,0.0,0.0,0.0,0.0,0.0,0.024087270721793175,0.03408727049827576,0.0,0.0,0.0,0.0
137.862,0.009999999776482582,-0.009999999776482582,0.019999999552965164,datactrl_ref_vx_fallback,states_vx_gs,0.023686211556196213,datactrl_est_theta_fallback,0.020006554201245308,0.39009241957698937,0.2252199739404738,0.5201996404287366,0.5200468117765684,0.5200152006113108,0.5202312515939942,0.5201605056085556,0.5200859465967493,0.0,0.0,0.0,0.0,0.009999999776482582,0.0,0.0,0.0,0.0,0.0,0.023686211556196213,0.023686211556196213,0.0,0.0,0.0,0.0
137.962,0.009999999776482582,-0.009999999776482582,0.019999999552965164,datactrl_ref_vx_fallback,states_vx_gs,0.02328515239059925,datactrl_est_theta_fallback,0.019445745274424553,0.39009336457293603,0.22522061947438268,0.5199774513500546,0.5202715208444415,0.5203849233361317,0.5198640488583643,0.5197935473088267,0.5204554248856694,0.0,0.0,0.0,0.0,0.009999999776482582,0.0,0.0,0.0,0.0,0.0,0.02328515239059925,0.02328515239059925,0.0,0.0,0.0,0.0
138.063,0.009999999776482582,-0.009999999776482582,0.019999999552965164,datactrl_ref_vx_fallback,states_vx_gs,0.022884095087647438,datactrl_est_theta_fallback,0.0160302072763443,0.3900943095688826,0.22522107299960278,0.5201735431174375,0.5200779490662495,0.5199737254907173,0.5202777666929697,0.5202134207927056,0.5200380713909813,0.0,0.0,0.0,0.0,0.009999999776482582,0.0,0.0,0.0,0.0,0.0,0.022884095087647438,0.022884095087647438,0.0,0.0,0.0,0.0
138.163,0.009999999776482582,-0.009999999776482582,0.019999999552965164,datactrl_ref_vx_fallback,states_vx_gs,0.022483035922050476,datactrl_est_theta_fallback,-0.05239556357264519,0.3900952545648292,0.22522167749252978,0.5202506744163694,0.5200033377565084,0.5199195402207422,0.5203344719521357,0.5204113807042676,0.5198426314686102,0.0,0.0,0.0,0.0,0.009999999776482582,0.0,0.0,0.0,0.0,0.0,0.022483035922050476,0.022483035922050476,0.0,0.0,0.0,0.0
138.263,0.009999999776482582,-0.009999999776482582,0.019999999552965164,datactrl_ref_vx_fallback,states_vx_gs,-0.009999999776482582,states_theta,-0.057436272501945496,0.39009619956077585,0.2252221746302402,0.5201690307044503,0.5200875014576186,0.5203410131510191,0.5199155190110498,0.5200577304179834,0.5201988017440855,0.0,0.0,0.0,0.0,0.009999999776482582,0.0,0.0,0.0,0.0,0.0,0.022081976756453514,0.032081976532936096,0.0,0.0,0.0,0.0
138.364,0.009999999776482582,-0.009999999776482582,0.019999999552965164,datactrl_ref_vx_fallback,states_vx_gs,-0.009999999776482582,states_theta,0.036201030015945435,0.39009714455672234,0.22522283927358377,0.5200859502529465,0.5201731018983131,0.5205504517374085,0.519708600413851,0.5198340217462293,0.5204250304050303,0.0,0.0,0.0,0.0,0.009999999776482582,0.0,0.0,0.0,0.0,0.0,0.021680917590856552,0.03168091922998428,0.0,0.0,0.0,0.0
138.463,0.009999999776482582,-0.009999999776482582,0.019999999552965164,datactrl_ref_vx_fallback,states_vx_gs,0.02127985842525959,datactrl_est_theta_fallback,0.05510019138455391,0.390098089552669,0.22522323941040398,0.5201232293522824,0.5201383427881683,0.5201726104403332,0.5200889617001174,0.5201809075205928,0.5200806646198579,0.0,0.0,0.0,0.0,0.009999999776482582,0.0,0.0,0.0,0.0,0.0,0.02127985842525959,0.02127985842525959,0.0,0.0,0.0,0.0
138.563,0.009999999776482582,-0.009999999776482582,0.019999999552965164,datactrl_ref_vx_fallback,states_vx_gs,0.020878801122307777,datactrl_est_theta_fallback,0.10172601789236069,0.3900990345486156,0.22522384776258866,0.5201304927736538,0.5201335993559878,0.5199130043735116,0.5203510877561299,0.5203955125427215,0.51986857958692,0.0,0.0,0.0,0.0,0.009999999776482582,0.0,0.0,0.0,0.0,0.0,0.020878801122307777,0.020878801122307777,0.0,0.0,0.0,0.0
138.664,0.009999999776482582,-0.009999999776482582,0.019999999552965164,datactrl_ref_vx_fallback,states_vx_gs,0.009999999776482582,states_theta,0.1502775251865387,0.3900728465097051,0.22520866640784748,0.5200689500245236,0.52012530733469,0.5201294450346776,0.5200648123245359,0.5200306693497982,0.5201635880094153,0.0,0.0,0.0,0.0,0.009999999776482582,0.0,0.0,0.0,0.0,0.0,0.020477741956710815,0.010477742180228233,0.0,0.0,0.0,0.0
138.764,0.009999999776482582,-0.009999999776482582,0.019999999552965164,datactrl_ref_vx_fallback,states_vx_gs,0.019999999552965164,states_theta,0.13818508386611938,0.39007352152520136,0.22520912896485898,0.5200556104547429,0.520140446945794,0.5203143316970948,0.519881725703442,0.5197998731720348,0.5203961842285021,0.0,0.0,0.0,0.0,0.009999999776482582,0.0,0.0,0.0,0.0,0.0,0.020076682791113853,7.668347097933292e-05,0.0,0.0,0.0,0.0
138.864,0.009999999776482582,-0.009999999776482582,0.019999999552965164,datactrl_ref_vx_fallback,states_vx_gs,0.03999999910593033,states_theta,0.12949511408805847,0.3896717965064053,0.22497714132912597,0.5195223038321485,0.519602486851599,0.5193600572494481,0.5197647334342994,0.5196064910345097,0.5195182996492378,0.0,0.0,0.0,0.0,0.009999999776482582,0.0,0.0,0.0,0.0,0.0,0.01967562362551689,-0.020324375480413437,0.0,0.0,0.0,0.0
138.964,0.016661430010572076,-0.009999999776482582,0.026661429787054658,datactrl_ref_vx_fallback,states_vx_gs,0.03999999910593033,states_theta,0.03924250975251198,0.3896684515414792,0.22497527104582762,0.5195464462927272,0.5195694244845507,0.5192266533109506,0.5198892174663272,0.519768363003865,0.5193475077734129,0.0,0.0,0.0,0.0033307152334600687,0.013330714777112007,0.0,0.0,0.0,0.0,0.0,0.01251013670116663,-0.027489861473441124,0.0,0.0,0.0,0.0
139.065,0.016662323381751776,-0.009999999776482582,0.026662323158234358,datactrl_ref_vx_fallback,states_vx_gs,0.04999999701976776,states_theta,0.033002451062202454,0.39004348156814594,0.22519180609260403,0.5200644975595387,0.5200514532888506,0.5196892295559138,0.5204267212924755,0.5202548439288949,0.5198611069194944,0.0,0.0,0.0,0.003331161569803953,0.013331161811947823,0.0,0.0,0.0,0.0,0.0,0.011974590830504894,-0.03802540525794029,0.0,0.0,0.0,0.0
139.164,0.026662323158234358,-0.019999999552965164,0.04666232271119952,datactrl_ref_vx_fallback,states_vx_gs,0.04999999701976776,states_theta,0.03245152533054352,0.3900302460892407,0.22518408952501393,0.5199865167203698,0.5200941395176054,0.5199354365760376,0.5201452196619376,0.5198801708296419,0.5202004854083333,0.0,0.0,0.0,0.003331161569803953,0.023331161588430405,0.0,0.0,0.0,0.0,0.0,-0.00866877380758524,-0.058668769896030426,0.0,0.0,0.0,0.0
139.265,0.026662323158234358,-0.019999999552965164,0.04666232271119952,datactrl_ref_vx_fallback,states_vx_gs,0.03999999910593033,states_theta,-0.13010291755199432,0.38962677505104687,0.22495115730538193,0.5195759831063612,0.5194287503630971,0.5196419416819629,0.5193627917874954,0.5193126054428387,0.5196921280266196,0.0,0.0,0.0,0.003331161569803953,0.023331161588430405,0.0,0.0,0.0,0.0,0.0,-0.009604490362107754,-0.04960449039936066,0.0,0.0,0.0,0.0
139.365,0.026662323158234358,-0.019999999552965164,0.04666232271119952,datactrl_ref_vx_fallback,states_vx_gs,0.029999999329447746,states_theta,-0.1642031967639923,0.39000065004267337,0.22516702309835218,0.5202466181626146,0.5197551152845143,0.5199187119373581,0.5200830215097709,0.52010074551548,0.519900987931649,0.0,0.0,0.0,0.003331161569803953,0.023331161588430405,0.0,0.0,0.0,0.0,0.0,-0.010540206916630268,-0.04054020717740059,0.0,0.0,0.0,0.0
139.463,0.026662323158234358,-0.019999999552965164,0.04666232271119952,datactrl_ref_vx_fallback,states_vx_gs,0.009999999776482582,states_theta,-0.18767185509204865,0.38997343601368123,0.22515141662109364,0.51997382371005,0.5199553389931,0.5203843063306839,0.5195448563724661,0.5196629584531209,0.520266204250029,0.0,0.0,0.0,0.003331161569803953,0.023331161588430405,0.0,0.0,0.0,0.0,0.0,-0.011475924402475357,-0.02147592417895794,0.0,0.0,0.0,0.0
139.564,0.03332464676350355,-0.019999999552965164,0.053324646316468716,datactrl_ref_vx_fallback,states_vx_gs,-0.019176974892616272,datactrl_est_theta_fallback,-0.12346112728118896,0.3899731660332309,0.22515129459924607,0.519742060779997,0.5201863819752854,0.520351730926126,0.5195767118291564,0.5196054941244871,0.5203229486307953,0.0,0.0,0.0,0.006662323139607906,0.026662323623895645,0.0,0.0,0.0,0.0,0.0,-0.019176974892616272,-0.019176974892616272,0.0,0.0,0.0,0.0
139.664,0.03332286002114415,-0.019999999552965164,0.053322859574109316,datactrl_ref_vx_fallback,states_vx_gs,-0.009999999776482582,states_theta,-0.12409236282110214,0.38994579001596846,0.22513533478558997,0.5199920841861378,0.5198633558564447,0.5198099709518176,0.520045469090765,0.5201075354431992,0.5197479045993834,0.0,0.0,0.0,0.006661430466920137,0.026661429554224014,0.0,0.0,0.0,0.0,0.0,-0.020244479179382324,-0.010244478471577168,0.0,0.0,0.0,0.0
139.765,0.03332286002114415,-0.019999999552965164,0.053322859574109316,datactrl_ref_vx_fallback,states_vx_gs,-0.019999999552965164,states_theta,-0.12460675090551376,0.3899452500550678,0.22513527349119486,0.5201734576188358,0.5196805425280117,0.5195093650351242,0.5203446351117232,0.5204430092410305,0.519410990905817,0.0,0.0,0.0,0.006661430466920137,0.026661429554224014,0.0,0.0,0.0,0.0,0.0,-0.021313758566975594,-0.0013137588975951076,0.0,0.0,0.0,0.0
139.865,0.03332286002114415,-0.019999999552965164,0.053322859574109316,datactrl_ref_vx_fallback,states_vx_gs,-0.029999999329447746,states_theta,-0.1253238022327423,0.3899311911293519,0.2251268843722936,0.5198865726570605,0.5199299370212112,0.5200017383560205,0.5198147713222512,0.5199526621856896,0.5198638474925821,0.0,0.0,0.0,0.006661430466920137,0.026661429554224014,0.0,0.0,0.0,0.0,0.0,-0.022383037954568863,0.007616960909217596,0.0,0.0,0.0,0.0
139.964,0.03332464676350355,-0.019999999552965164,0.053324646316468716,datactrl_ref_vx_fallback,states_vx_gs,-0.03999999910593033,states_theta,-0.0523427352309227,0.38993051611385565,0.2251266818987832,0.5196648357415514,0.5201498738953969,0.5203144229276632,0.5195002867092852,0.5195553671504737,0.5202593424864747,0.0,0.0,0.0,0.006662323139607906,0.026662323623895645,0.0,0.0,0.0,0.0,0.0,-0.023454131558537483,0.016545867547392845,0.0,0.0,0.0,0.0
140.065,0.03998696804046631,-0.019999999552965164,0.05998696759343147,datactrl_ref_vx_fallback,states_vx_gs,-0.03999999910593033,states_theta,-0.030973928049206734,0.3899026000713221,0.22511037277806561,0.5198495529419658,0.5198907139148932,0.5198257844423595,0.5199144824144994,0.5198949439078411,0.5198453229490179,0.0,0.0,0.0,0.009993484243750572,0.029993483796715736,0.0,0.0,0.0,0.0,0.0,-0.03128878027200699,0.008711217902600765,0.0,0.0,0.0,0.0
140.166,0.029986968263983727,-0.009999999776482582,0.03998696804046631,datactrl_ref_vx_fallback,states_vx_gs,-0.04999999701976776,states_theta,-0.06349275261163712,0.3899016550753756,0.22511000015006982,0.5200740908349362,0.5196636560327321,0.5195966045472035,0.5201411423204648,0.5203141280874203,0.519423618780248,0.0,0.0,0.0,0.009993484243750572,0.019993484020233154,0.0,0.0,0.0,0.0,0.0,-0.012222565710544586,0.037777431309223175,0.0,0.0,0.0,0.0
140.267,0.029986968263983727,-0.009999999776482582,0.03998696804046631,datactrl_ref_vx_fallback,states_vx_gs,-0.04999999701976776,states_theta,-0.0702965185046196,0.38987363104504064,0.22509367064587257,0.5198013264554865,0.5198616896646219,0.5200393213376565,0.5196236947824519,0.5198073616318727,0.5198556544882357,0.0,0.0,0.0,0.009993484243750572,0.019993484020233154,0.0,0.0,0.0,0.0,0.0,-0.013024422340095043,0.03697557374835014,0.0,0.0,0.0,0.0
140.366,0.029986968263983727,-0.009999999776482582,0.03998696804046631,datactrl_ref_vx_fallback,states_vx_gs,-0.05999999865889549,states_theta,0.02504751831293106,0.3898724160686874,0.22509309776449962,0.5196411563013539,0.5200186198818124,0.5202043274445994,0.5194554487385669,0.5195130200185688,0.5201467561645975,0.0,0.0,0.0,0.009993484243750572,0.019993484020233154,0.0,0.0,0.0,0.0,0.0,-0.013826278038322926,0.04617372155189514,0.0,0.0,0.0,0.0
140.466,0.029986968263983727,-0.009999999776482582,0.03998696804046631,datactrl_ref_vx_fallback,states_vx_gs,-0.04999999701976776,states_theta,0.06116648018360138,0.3898712010923341,0.2250922487459679,0.5197368660539042,0.51991967019232,0.5198091252213719,0.5198474110248523,0.5197857666859087,0.5198707695603155,0.0,0.0,0.0,0.009993484243750572,0.019993484020233154,0.0,0.0,0.0,0.0,0.0,-0.014628134667873383,0.03537186235189438,0.0,0.0,0.0,0.0
140.566,0.029986968263983727,-0.009999999776482582,0.03998696804046631,datactrl_ref_vx_fallback,states_vx_gs,-0.04999999701976776,states_theta,0.021152691915631294,0.3898699861159808,0.22509171348100973,0.5199811695961659,0.5196721267131162,0.5194527625178711,0.5202005337914111,0.5202089375160273,0.5194443587932549,0.0,0.0,0.0,0.009993484243750572,0.019993484020233154,0.0,0.0,0.0,0.0,0.0,-0.015429990366101265,0.03457000479102135,0.0,0.0,0.0,0.0
140.666,0.03664929233491421,-0.009999999776482582,0.04664929211139679,datactrl_ref_vx_fallback,states_vx_gs,-0.04999999701976776,states_theta,0.002973860828205943,0.3898415841042842,0.22507516946124606,0.5199391323215906,0.519638425289834,0.5196813255556711,0.5198962320557534,0.519900807389349,0.5196767502220756,0.0,0.0,0.0,0.013324646279215813,0.023324646055698395,0.0,0.0,0.0,0.0,0.0,-0.022997181862592697,0.027002815157175064,0.0,0.0,0.0,0.0
140.766,0.03664929233491421,-0.009999999776482582,0.04664929211139679,datactrl_ref_vx_fallback,states_vx_gs,-0.04999999701976776,states_theta,0.003002840094268322,0.389840099147437,0.22507431213329923,0.5199255478998582,0.5196480498266404,0.5199038989300133,0.5196696987964853,0.5196694915213447,0.5199041062051539,0.0,0.0,0.0,0.013324646279215813,0.023324646055698395,0.0,0.0,0.0,0.0,0.0,-0.02393263764679432,0.026067359372973442,0.0,0.0,0.0,0.0
140.866,0.03664929233491421,-0.009999999776482582,0.04664929211139679,datactrl_ref_vx_fallback,states_vx_gs,-0.04999999701976776,states_theta,0.0022047485690563917,0.3898386141905896,0.22507347148253107,0.5199596661099785,0.519609971731594,0.5199351119162885,0.5196345259252839,0.519631144326417,0.5199384935151554,0.0,0.0,0.0,0.013324646279215813,0.023324646055698395,0.0,0.0,0.0,0.0,0.0,-0.02486809343099594,0.02513190358877182,0.0,0.0,0.0,0.0
140.966,0.03664929233491421,-0.009999999776482582,0.04664929211139679,datactrl_ref_vx_fallback,states_vx_gs,-0.03999999910593033,states_theta,0.0020034564658999443,0.3898371292337424,0.2250726242995233,0.5199409770646657,0.5196247008919808,0.519937752076251,0.5196279258803954,0.5195682270003229,0.5199974509563235,0.0,0.0,0.0,0.013324646279215813,0.023324646055698395,0.0,0.0,0.0,0.0,0.0,-0.025803549215197563,0.01419645082205534,0.0,0.0,0.0,0.0
141.066,0.03664661385118961,-0.009999999776482582,0.046646613627672195,datactrl_ref_vx_fallback,states_vx_gs,-0.03999999910593033,states_theta,0.0015282145468518138,0.3898356442768951,0.22507179017744602,0.5199764133961075,0.5195853046756128,0.5199684320721395,0.5195932859995808,0.5195289770657098,0.5200327410060105,0.0,0.0,0.0,0.013323307037353516,0.023323306813836098,0.0,0.0,0.0,0.0,0.0,-0.02673628367483616,0.013263714499771595,0.0,0.0,0.0,0.0
141.166,0.036645722575485706,-0.009999999776482582,0.04664572235196829,datactrl_ref_vx_fallback,states_vx_gs,-0.04999999701976776,states_theta,-0.11411365121603012,0.38986140035149,0.2250866311201225,0.5200269206804388,0.5196034802568678,0.520012891348746,0.5196175095885606,0.5198274557794252,0.5198029451578813,0.0,0.0,0.0,0.013322860933840275,0.02332286164164543,0.0,0.0,0.0,0.0,0.0,-0.027670780196785927,0.022329216822981834,0.0,0.0,0.0,0.0
141.267,0.026642153039574623,0.013321076519787312,0.013321076519787312,datactrl_ref_vx_fallback,datactrl_est_vx_fallback,-0.05999999865889549,states_theta,-0.019271932542324066,0.38986018537513667,0.22508589204661802,0.5198146438593058,0.5198125171410587,0.5199144542918598,0.5197127067085047,0.5198920834936037,0.5197350775067607,0.0,0.0,0.0,0.013321076519787312,0.013321076519787312,0.0,0.0,0.0,0.0,0.0,-0.008413621224462986,0.05158637836575508,0.0,0.0,0.0,0.0
141.367,0.026642153039574623,0.013321076519787312,0.013321076519787312,datactrl_ref_vx_fallback,datactrl_est_vx_fallback,-0.04999999701976776,states_theta,0.05887160450220108,0.38985897039878337,0.22508519189188703,0.5197559697763121,0.5198679512871103,0.5197105646037276,0.5199133564596948,0.5198846658653867,0.5197392551980357,0.0,0.0,0.0,0.013321076519787312,0.013321076519787312,0.0,0.0,0.0,0.0,0.0,-0.008947874419391155,0.04105212166905403,0.0,0.0,0.0,0.0
141.467,0.026642153039574623,0.013321076519787312,0.013321076519787312,datactrl_ref_vx_fallback,datactrl_est_vx_fallback,-0.04999999701976776,states_theta,0.059012271463871,0.3902626484347017,0.22531825439245715,0.5202652499468224,0.5204351458790487,0.5202678322089174,0.5204325636169538,0.5204021456421013,0.5202982501837699,0.0,0.0,0.0,0.013321076519787312,0.013321076519787312,0.0,0.0,0.0,0.0,0.0,-0.009482127614319324,0.04051787033677101,0.0,0.0,0.0,0.0
141.566,0.03330804780125618,0.01665402390062809,0.01665402390062809,datactrl_ref_vx_fallback,datactrl_est_vx_fallback,-0.03999999910593033,states_theta,0.059021882712841034,0.38988857844712305,0.2251022992536975,0.519733441555308,0.5199694343036868,0.5196879225862777,0.5200149532727171,0.5198928959616368,0.519809979897358,0.0,0.0,0.0,0.01665402390062809,0.01665402390062809,0.0,0.0,0.0,0.0,0.0,-0.01678534224629402,0.023214656859636307,0.0,0.0,0.0,0.0
141.667,0.03330804780125618,0.01665402390062809,0.01665402390062809,datactrl_ref_vx_fallback,datactrl_est_vx_fallback,-0.03999999910593033,states_theta,-0.004508392885327339,0.38991490147625874,0.22511748156504371,0.5198062968424384,0.5199667737609182,0.5198228604387043,0.5199502101646523,0.5199524220628913,0.5198206485404653,0.0,0.0,0.0,0.01665402390062809,0.01665402390062809,0.0,0.0,0.0,0.0,0.0,-0.01745326817035675,0.022546730935573578,0.0,0.0,0.0,0.0
141.768,0.033311616629362106,0.016655808314681053,0.016655808314681053,datactrl_ref_vx_fallback,datactrl_est_vx_fallback,-0.04999999701976776,states_theta,-0.10443126410245895,0.3903051034608554,0.2253427771049568,0.5204635781665947,0.520350031062353,0.5205073724212057,0.520306236807742,0.5205608162750697,0.520252792953878,0.0,0.0,0.0,0.016655808314681053,0.016655808314681053,0.0,0.0,0.0,0.0,0.0,-0.018124815076589584,0.03187518194317818,0.0,0.0,0.0,0.0
141.868,0.033311616629362106,0.016655808314681053,0.016655808314681053,datactrl_ref_vx_fallback,datactrl_est_vx_fallback,-0.05999999865889549,states_theta,-0.07376831024885178,0.3899313845122326,0.22512700823518209,0.5199648836308608,0.5198521417350928,0.5200337721854646,0.5197832531804889,0.5200281366750696,0.5197888886908839,0.0,0.0,0.0,0.016655808314681053,0.016655808314681053,0.0,0.0,0.0,0.0,0.0,-0.018859611824154854,0.04114038869738579,0.0,0.0,0.0,0.0
141.968,0.033311616629362106,0.016655808314681053,0.016655808314681053,datactrl_ref_vx_fallback,datactrl_est_vx_fallback,-0.04999999701976776,states_theta,0.16505497694015503,0.38995811257641416,0.2251424462092316,0.5199761830654636,0.5199121171383075,0.5198125118475893,0.5200757883561818,0.5197811571967356,0.5201071430070355,0.0,0.0,0.0,0.016655808314681053,0.016655808314681053,0.0,0.0,0.0,0.0,0.0,-0.019527606666088104,0.030472390353679657,0.0,0.0,0.0,0.0
142.068,0.033311616629362106,0.016655808314681053,0.016655808314681053,datactrl_ref_vx_fallback,datactrl_est_vx_fallback,-0.029999999329447746,states_theta,0.18011048436164856,0.38995784259596383,0.2251423513280984,0.5197869616451323,0.5201006186107713,0.5198564076330564,0.5200311726228471,0.5195937246463217,0.5202938556095819,0.0,0.0,0.0,0.016655808314681053,0.016655808314681053,0.0,0.0,0.0,0.0,0.0,-0.020195603370666504,0.009804396890103817,0.0,0.0,0.0,0.0
142.169,0.033311616629362106,0.016655808314681053,0.016655808314681053,datactrl_ref_vx_fallback,datactrl_est_vx_fallback,-0.029999999329447746,states_theta,-0.19186089932918549,0.3899847596464606,0.22515783483723895,0.5200231825222282,0.519936176535,0.5201509878499098,0.5198083712073185,0.520123809025586,0.5198355500316423,0.0,0.0,0.0,0.016655808314681053,0.016655808314681053,0.0,0.0,0.0,0.0,0.0,-0.020863598212599754,0.009136401116847992,0.0,0.0,0.0,0.0
142.268,0.033311616629362106,0.016655808314681053,0.016655808314681053,datactrl_ref_vx_fallback,datactrl_est_vx_fallback,-0.04999999701976776,states_theta,-0.13891533017158508,0.3899847596464606,0.2251578981791909,0.520154700188549,0.5198046588686792,0.5199293509504715,0.5200300081067567,0.5203442925786194,0.5196150664786089,0.0,0.0,0.0,0.016655808314681053,0.016655808314681053,0.0,0.0,0.0,0.0,0.0,-0.021531594917178154,0.028468402102589607,0.0,0.0,0.0,0.0
142.368,0.033311616629362106,0.016655808314681053,0.016655808314681053,datactrl_ref_vx_fallback,datactrl_est_vx_fallback,-0.04999999701976776,states_theta,0.09616240113973618,0.3900119196793627,0.225173509502281,0.5199037112213214,0.5201280745903125,0.5200107493925046,0.5200210364191293,0.519847788373814,0.52018399743782,0.0,0.0,0.0,0.016655808314681053,0.016655808314681053,0.0,0.0,0.0,0.0,0.0,-0.022199589759111404,0.027800407260656357,0.0,0.0,0.0,0.0
142.469,0.033311616629362106,0.016655808314681053,0.016655808314681053,datactrl_ref_vx_fallback,datactrl_est_vx_fallback,-0.03999999910593033,states_theta,0.01013854518532753,0.3900257626464665,0.22518158819073034,0.5198492891303269,0.5202194112602504,0.5202918661064525,0.5197768342841248,0.5197244452432702,0.5203442551473071,0.0,0.0,0.0,0.016655808314681053,0.016655808314681053,0.0,0.0,0.0,0.0,0.0,-0.022867586463689804,0.017132412642240524,0.0,0.0,0.0,0.0
142.568,0.033311616629362106,0.016655808314681053,0.016655808314681053,datactrl_ref_vx_fallback,datactrl_est_vx_fallback,-0.03999999910593033,states_theta,0.0008474853821098804,0.3900261676815125,0.22518180696616225,0.5201862388634098,0.5198835416206236,0.5197468698558928,0.5203229106281405,0.5202870613468017,0.5197827191372316,0.0,0.0,0.0,0.016655808314681053,0.016655808314681053,0.0,0.0,0.0,0.0,0.0,-0.023535581305623055,0.016464417800307274,0.0,0.0,0.0,0.0
142.669,0.033311616629362106,0.016655808314681053,0.016655808314681053,datactrl_ref_vx_fallback,datactrl_est_vx_fallback,-0.04999999701976776,states_theta,-0.03592006117105484,0.3900536517553253,0.2251976321138836,0.5201902944720472,0.5199527768754869,0.5199260394859921,0.520217031861542,0.5203104968727317,0.5198325744748025,0.0,0.0,0.0,0.016655808314681053,0.016655808314681053,0.0,0.0,0.0,0.0,0.0,-0.024203578010201454,0.025796419009566307,0.0,0.0,0.0,0.0
142.768,0.033311616629362106,0.016655808314681053,0.016655808314681053,datactrl_ref_vx_fallback,datactrl_est_vx_fallback,-0.04999999701976776,states_theta,-0.029654191806912422,0.39005432677082164,0.22519811358884778,0.5198725527275719,0.5202723186612858,0.52043913275636,0.5197057386324977,0.5197838891386917,0.520360982250166,0.0,0.0,0.0,0.016655808314681053,0.016655808314681053,0.0,0.0,0.0,0.0,0.0,-0.024871572852134705,0.025128424167633057,0.0,0.0,0.0,0.0
142.869,0.033311616629362106,0.016655808314681053,0.016655808314681053,datactrl_ref_vx_fallback,datactrl_est_vx_fallback,-0.04999999701976776,states_theta,0.020397961139678955,0.3900550017863179,0.22519838777434548,0.5199617841084395,0.5201848873217415,0.5201946779287003,0.5199519935014807,0.5199237843920232,0.5202228870381578,0.0,0.0,0.0,0.016655808314681053,0.016655808314681053,0.0,0.0,0.0,0.0,0.0,-0.025539569556713104,0.024460427463054657,0.0,0.0,0.0,0.0
142.97,0.033311616629362106,0.016655808314681053,0.016655808314681053,datactrl_ref_vx_fallback,datactrl_est_vx_fallback,-0.04999999701976776,states_theta,0.011053306981921196,0.3900828638327613,0.22521471132235113,0.5203678063717236,0.5198531638489732,0.5196516067004354,0.5205693635202614,0.5205582117252733,0.5196627584954235,0.0,0.0,0.0,0.016655808314681053,0.016655808314681053,0.0,0.0,0.0,0.0,0.0,-0.026207564398646355,0.023792432621121407,0.0,0.0,0.0,0.0
143.069,0.033311616629362106,0.016655808314681053,0.016655808314681053,datactrl_ref_vx_fallback,datactrl_est_vx_fallback,-0.04999999701976776,states_theta,-0.01700676791369915,0.3900838088287078,0.2252150876718568,0.5202782203797739,0.5199452698301136,0.5198661765755289,0.5203573136343586,0.5204020814036966,0.5198214088061909,0.0,0.0,0.0,0.016655808314681053,0.016655808314681053,0.0,0.0,0.0,0.0,0.0,-0.026875561103224754,0.023124435916543007,0.0,0.0,0.0,0.0
143.17,0.03331518918275833,0.016657594591379166,0.016657594591379166,datactrl_ref_vx_fallback,datactrl_est_vx_fallback,-0.04999999701976776,states_theta,-0.011191208846867085,0.39008475382465446,0.22521566630808698,0.5199776109736439,0.5202483992254346,0.5204545042657198,0.5197715059333587,0.5198017272854731,0.5204242829136054,0.0,0.0,0.0,0.016657594591379166,0.016657594591379166,0.0,0.0,0.0,0.0,0.0,-0.027547119185328484,0.022452877834439278,0.0,0.0,0.0,0.0
143.271,0.033311616629362106,0.016655808314681053,0.016655808314681053,datactrl_ref_vx_fallback,datactrl_est_vx_fallback,-0.04999999701976776,states_theta,0.02044331654906273,0.39009925886880475,0.22522395971928985,0.5200149960043313,0.5202496943124814,0.5203021296811596,0.519962560635653,0.519924573771031,0.5203401165457817,0.0,0.0,0.0,0.016655808314681053,0.016655808314681053,0.0,0.0,0.0,0.0,0.0,-0.028211623430252075,0.021788373589515686,0.0,0.0,0.0,0.0
143.369,0.033311616629362106,0.016655808314681053,0.016655808314681053,datactrl_ref_vx_fallback,datactrl_est_vx_fallback,-0.04999999701976776,states_theta,0.007937406189739704,0.39010033879060607,0.22522463937636264,0.5202791162812195,0.5199884538270634,0.5198386631339464,0.5204289069743364,0.5204143998723425,0.5198531702359404,0.0,0.0,0.0,0.016655808314681053,0.016655808314681053,0.0,0.0,0.0,0.0,0.0,-0.028879620134830475,0.021120376884937286,0.0,0.0,0.0,0.0
143.469,0.033311616629362106,0.016655808314681053,0.016655808314681053,datactrl_ref_vx_fallback,datactrl_est_vx_fallback,-0.04999999701976776,states_theta,0.001994165126234293,0.3901014187124074,0.22522516981641638,0.5202219292559286,0.5200485206438245,0.520056154367722,0.520214295532031,0.5202095909148303,0.5200608589849227,0.0,0.0,0.0,0.016655808314681053,0.016655808314681053,0.0,0.0,0.0,0.0,0.0,-0.029547614976763725,0.020452382043004036,0.0,0.0,0.0,0.0
143.569,0.016649292781949043,0.009999999776482582,0.006649293005466461,datactrl_ref_vx_fallback,states_vx_gs,-0.04999999701976776,states_theta,0.002000018721446395,0.39012977966211115,0.22524168013670118,0.5200050249418914,0.5203410541570718,0.5205807506269328,0.5197653284720304,0.5199082370285387,0.5204378420704244,0.0,0.0,0.0,0.013324646279215813,0.0033246465027332306,0.0,0.0,0.0,0.0,0.0,-0.003301384160295129,0.04669861122965813,0.0,0.0,0.0,0.0
143.67,0.016649292781949043,0.009999999776482582,0.006649293005466461,datactrl_ref_vx_fallback,states_vx_gs,-0.03999999910593033,states_theta,0.021022897213697433,0.39013112969310376,0.22524235703878093,0.5200052008098324,0.5203444783717777,0.5203574278609995,0.5199922513206106,0.5200418198162116,0.5203078593653985,0.0,0.0,0.0,0.013324646279215813,0.0033246465027332306,0.0,0.0,0.0,0.0,0.0,-0.003434722078964114,0.036565277725458145,0.0,0.0,0.0,0.0
143.769,0.016649292781949043,0.009999999776482582,0.006649293005466461,datactrl_ref_vx_fallback,states_vx_gs,-0.03999999910593033,states_theta,0.03408517688512802,0.39013247972409615,0.2252432368995289,0.5202437344847681,0.5201095447794883,0.5198307348873278,0.5205225443769287,0.5205462473535455,0.519807031910711,0.0,0.0,0.0,0.013324646279215813,0.0033246465027332306,0.0,0.0,0.0,0.0,0.0,-0.003568059764802456,0.0364319384098053,0.0,0.0,0.0,0.0
143.87,0.016652867197990417,0.009999999776482582,0.006652867421507835,datactrl_ref_vx_fallback,states_vx_gs,-0.03999999910593033,states_theta,0.05963892489671707,0.39013382975508876,0.2252439425143848,0.5202836239740112,0.5200732553728922,0.5199232493906581,0.5204336299562452,0.5204054772172787,0.5199514021296247,0.0,0.0,0.0,0.0133264334872365,0.0033264337107539177,0.0,0.0,0.0,0.0,0.0,-0.0037049627862870693,0.03629503771662712,0.0,0.0,0.0,0.0
143.97,0.016652867197990417,0.009999999776482582,0.006652867421507835,datactrl_ref_vx_fallback,states_vx_gs,-0.029999999329447746,states_theta,0.044683292508125305,0.3901081148455317,0.22522904302217878,0.5202205857145431,0.5200677205402081,0.5202302703403819,0.5200580359143693,0.5200063119687849,0.5202819942859663,0.0,0.0,0.0,0.0133264334872365,0.0033264337107539177,0.0,0.0,0.0,0.0,0.0,-0.0038383724167943,0.02616162784397602,0.0,0.0,0.0,0.0
144.069,0.016652867197990417,0.009999999776482582,0.006652867421507835,datactrl_ref_vx_fallback,states_vx_gs,-0.029999999329447746,states_theta,0.008896959014236927,0.390109194767333,0.2252296865148548,0.5202349753780185,0.5200562106682028,0.520330526249471,0.5199606597967504,0.5199840232458931,0.5203071628003283,0.0,0.0,0.0,0.0133264334872365,0.0033264337107539177,0.0,0.0,0.0,0.0,0.0,-0.003971782047301531,0.026028217747807503,0.0,0.0,0.0,0.0
144.171,0.016649292781949043,0.009999999776482582,0.006649293005466461,datactrl_ref_vx_fallback,states_vx_gs,-0.029999999329447746,states_theta,0.01607736200094223,0.3900967551186872,0.22522251201414942,0.5202734961026495,0.519984517547183,0.5199590191205664,0.5202989945292661,0.5203081530734578,0.5199498605763747,0.0,0.0,0.0,0.013324646279215813,0.0033246465027332306,0.0,0.0,0.0,0.0,0.0,-0.004101626109331846,0.025898372754454613,0.0,0.0,0.0,0.0
144.271,0.016649292781949043,0.009999999776482582,0.006649293005466461,datactrl_ref_vx_fallback,states_vx_gs,-0.019999999552965164,states_theta,0.04092072695493698,0.39009770011463374,0.22522301793243732,0.5201939791620137,0.5200665544770097,0.5200534337564492,0.5202070998825742,0.5201098341143634,0.52015069952466,0.0,0.0,0.0,0.013324646279215813,0.0033246465027332306,0.0,0.0,0.0,0.0,0.0,-0.004234964028000832,0.015765035524964333,0.0,0.0,0.0,0.0
144.371,0.016649292781949043,0.009999999776482582,0.006649293005466461,datactrl_ref_vx_fallback,states_vx_gs,-0.019999999552965164,states_theta,0.01654977537691593,0.39009864511058034,0.2252237245307546,0.519950531335139,0.5203125222930752,0.5204734145201018,0.5197896391081125,0.5197431584666414,0.5205198951615728,0.0,0.0,0.0,0.013324646279215813,0.0033246465027332306,0.0,0.0,0.0,0.0,0.0,-0.004368301946669817,0.015631698071956635,0.0,0.0,0.0,0.0
144.477,0.009986968711018562,0.009999999776482582,-1.3031065464019775e-05,datactrl_ref_vx_fallback,states_vx_gs,-0.019999999552965164,states_theta,-0.014271647669374943,0.39007240307557983,0.22520840931783434,0.5200546078696535,0.5201384669985594,0.5201470023925842,0.5200460724756287,0.5201006442909976,0.5200924305772153,0.0,0.0,0.0,0.009993484243750572,-6.515532732009888e-06,0.0,0.0,0.0,0.0,0.0,0.0021434566006064415,0.02214345708489418,0.0,0.0,0.0,0.0
144.572,0.009986968711018562,0.009999999776482582,-1.3031065464019775e-05,datactrl_ref_vx_fallback,states_vx_gs,-0.019999999552965164,states_theta,-0.011432316154241562,0.3896962030994719,0.2249914048935956,0.5197849370338321,0.5194049378980929,0.5192214657891415,0.5199684091427835,0.5200183082882454,0.5191715666436797,0.0,0.0,0.0,0.009993484243750572,-6.515532732009888e-06,0.0,0.0,0.0,0.0,0.0,0.002143717836588621,0.022143717855215073,0.0,0.0,0.0,0.0
144.671,0.009986968711018562,0.009999999776482582,-1.3031065464019775e-05,datactrl_ref_vx_fallback,states_vx_gs,-0.019999999552965164,states_theta,0.048498205840587616,0.3900413160756643,0.22519060448086797,0.5202811951550548,0.5198289810467167,0.5196954382888599,0.5204147379129116,0.5203413025879069,0.5197688736138646,0.0,0.0,0.0,0.009993484243750572,-6.515532732009888e-06,0.0,0.0,0.0,0.0,0.0,0.0021439793054014444,0.022143978625535965,0.0,0.0,0.0,0.0
144.772,0.009986968711018562,0.009999999776482582,-1.3031065464019775e-05,datactrl_ref_vx_fallback,states_vx_gs,-0.009999999776482582,states_theta,0.08204594254493713,0.3900417211107102,0.22519077643508764,0.5202491813669307,0.5198620749282966,0.5197401792187388,0.5203710770764884,0.520173606401169,0.5199376498940582,0.0,0.0,0.0,0.009993484243750572,-6.515532732009888e-06,0.0,0.0,0.0,0.0,0.0,0.002144240541383624,0.01214424055069685,0.0,0.0,0.0,0.0
144.87,0.009986968711018562,0.009999999776482582,-1.3031065464019775e-05,datactrl_ref_vx_fallback,states_vx_gs,-0.009999999776482582,states_theta,0.056056637316942215,0.3900285396536432,0.22518322948978295,0.519883740509804,0.5201923652332445,0.5203065481272408,0.5197695576158078,0.5196267792631354,0.5204493264799132,0.0,0.0,0.0,0.009993484243750572,-6.515532732009888e-06,0.0,0.0,0.0,0.0,0.0,0.0021445017773658037,0.012144501321017742,0.0,0.0,0.0,0.0
144.973,0.009986968711018562,0.009999999776482582,-1.3031065464019775e-05,datactrl_ref_vx_fallback,states_vx_gs,-0.009999999776482582,states_theta,-0.05063093826174736,0.39000167659923635,0.22516759000566663,0.519938941005056,0.520065529926241,0.5201504799395928,0.5198539909917042,0.5199336331820037,0.5200708377492933,0.0,0.0,0.0,0.009993484243750572,-6.515532732009888e-06,0.0,0.0,0.0,0.0,0.0,0.002144763246178627,0.012144763022661209,0.0,0.0,0.0,0.0
145.072,0.0033246465027332306,0.009999999776482582,-0.0066753532737493515,datactrl_ref_vx_fallback,states_vx_gs,-0.019999999552965164,states_theta,-0.03106626495718956,0.39000167659923635,0.22516776869867036,0.5202318920292366,0.5197725789020604,0.5196867441193431,0.5203177268119539,0.520449783307857,0.51955468762344,0.0,0.0,0.0,0.006662323139607906,-0.0033376766368746758,0.0,0.0,0.0,0.0,0.0,0.008790119551122189,0.028790118172764778,0.0,0.0,0.0,0.0
145.172,0.0033246465027332306,0.009999999776482582,-0.0066753532737493515,datactrl_ref_vx_fallback,states_vx_gs,-0.019999999552965164,states_theta,-0.01107453927397728,0.38959847256885966,0.2249347854242038,0.5194687775950332,0.5194604825885926,0.5195133592257773,0.5194159009578484,0.519508746780066,0.5194205134035598,0.0,0.0,0.0,0.006662323139607906,-0.0033376766368746758,0.0,0.0,0.0,0.0,0.0,0.008923979476094246,0.02892397902905941,0.0,0.0,0.0,0.0
145.271,0.0033246465027332306,0.009999999776482582,-0.0066753532737493515,datactrl_ref_vx_fallback,states_vx_gs,-0.019999999552965164,states_theta,-0.010056708008050919,0.38997245258003305,0.2251508915567064,0.5197401623436486,0.5201863778697728,0.5203906449991627,0.5195358952142588,0.5196289742821973,0.5202975659312241,0.0,0.0,0.0,0.006662323139607906,-0.0033376766368746758,0.0,0.0,0.0,0.0,0.0,0.009057840332388878,0.029057839885354042,0.0,0.0,0.0,0.0
145.373,0.0033246465027332306,0.009999999776482582,-0.0066753532737493515,datactrl_ref_vx_fallback,states_vx_gs,-0.019999999552965164,states_theta,-0.010005940683186054,0.3899451305588607,0.225134928714898,0.5199225120527274,0.5199311694375678,0.5199657932940522,0.519887888196243,0.5199832179360355,0.5198704635542597,0.0,0.0,0.0,0.006662323139607906,-0.0033376766368746758,0.0,0.0,0.0,0.0,0.0,0.009191700257360935,0.029191700741648674,0.0,0.0,0.0,0.0
145.472,-0.0066753532737493515,0.019999999552965164,-0.026675352826714516,datactrl_ref_vx_fallback,states_vx_gs,-0.019999999552965164,states_theta,0.0294994805008173,0.38994459059795994,0.2251348226468903,0.5201616170641623,0.5196906245303976,0.5195944533115613,0.5202577882829986,0.5203840462206881,0.5194681953738718,0.0,0.0,0.0,0.006662323139607906,-0.013337676413357258,0.0,0.0,0.0,0.0,0.0,0.02927384339272976,0.04927384480834007,0.0,0.0,0.0,0.0
145.572,-0.0066753532737493515,0.019999999552965164,-0.026675352826714516,datactrl_ref_vx_fallback,states_vx_gs,-0.009999999776482582,states_theta,0.048020195215940475,0.3899440506370593,0.22513431283805807,0.5198814794933602,0.5199693222054647,0.5200331389531851,0.5198176627456397,0.5198554340199231,0.5199953676789018,0.0,0.0,0.0,0.006662323139607906,-0.013337676413357258,0.0,0.0,0.0,0.0,0.0,0.029808763414621353,0.039808765053749084,0.0,0.0,0.0,0.0
145.672,-0.01333767594769597,0.019999999552965164,-0.033337675500661135,datactrl_ref_vx_fallback,states_vx_gs,-0.009999999776482582,states_theta,0.08326970040798187,0.38992988366766695,0.2251262540606947,0.5197179327494789,0.5200950903642997,0.5202259535808545,0.519587069532924,0.5195936298089593,0.5202193933048193,0.0,0.0,0.0,0.003331161569803953,-0.016668837517499924,0.0,0.0,0.0,0.0,0.0,0.03698877990245819,0.046988777816295624,0.0,0.0,0.0,0.0
145.773,-0.01333767594769597,0.019999999552965164,-0.033337675500661135,datactrl_ref_vx_fallback,states_vx_gs,0.037657298147678375,datactrl_est_theta_fallback,0.08508477360010147,0.3899020216212236,0.22511010447711075,0.5200049632361308,0.5197337610871322,0.5196203428874117,0.5201183814358513,0.5200715174889158,0.5196672068343472,0.0,0.0,0.0,0.003331161569803953,-0.016668837517499924,0.0,0.0,0.0,0.0,0.0,0.037657298147678375,0.037657298147678375,0.0,0.0,0.0,0.0
145.873,-0.01333767594769597,0.019999999552965164,-0.033337675500661135,datactrl_ref_vx_fallback,states_vx_gs,0.03832581639289856,datactrl_est_theta_fallback,0.0511484257876873,0.38990107662527695,0.22510954960439797,0.5200134882836177,0.5197227160504542,0.5196791492770816,0.5200570550569903,0.5200865375014849,0.519649666832587,0.0,0.0,0.0,0.003331161569803953,-0.016668837517499924,0.0,0.0,0.0,0.0,0.0,0.03832581639289856,0.03832581639289856,0.0,0.0,0.0,0.0
145.973,-0.01333767594769597,0.019999999552965164,-0.033337675500661135,datactrl_ref_vx_fallback,states_vx_gs,0.038994334638118744,datactrl_est_theta_fallback,0.05030903220176697,0.38990013162933035,0.22510902882930492,0.5197518217922442,0.5199818625526368,0.5201455067966434,0.5195881775482376,0.5196252527028822,0.5201084316419988,0.0,0.0,0.0,0.003331161569803953,-0.016668837517499924,0.0,0.0,0.0,0.0,0.0,0.038994334638118744,0.038994334638118744,0.0,0.0,0.0,0.0
146.073,-0.01333767594769597,0.019999999552965164,-0.033337675500661135,datactrl_ref_vx_fallback,states_vx_gs,0.009999999776482582,states_theta,0.06964728981256485,0.38987191861271075,0.2250927392784268,0.5196464921946923,0.5200119574392031,0.5200404773032151,0.5196179723306803,0.5195649251811153,0.5200935244527801,0.0,0.0,0.0,0.003331161569803953,-0.016668837517499924,0.0,0.0,0.0,0.0,0.0,0.03966285288333893,0.029662851244211197,0.0,0.0,0.0,0.0
146.173,-0.01333767594769597,0.019999999552965164,-0.033337675500661135,datactrl_ref_vx_fallback,states_vx_gs,0.019999999552965164,states_theta,0.06524698436260223,0.3898707036363575,0.22509199936992752,0.5197672516158571,0.5198879580810962,0.5195926895659927,0.5200625201309607,0.5199683948522887,0.5196868148446646,0.0,0.0,0.0,0.003331161569803953,-0.016668837517499924,0.0,0.0,0.0,0.0,0.0,0.04033137112855911,0.0203313697129488,0.0,0.0,0.0,0.0
146.273,-0.009999999776482582,0.009999999776482582,-0.019999999552965164,datactrl_ref_vx_fallback,states_vx_gs,0.019999999552965164,states_theta,0.0367010235786438,0.38986948866000426,0.22509135690144094,0.5198500459629352,0.5198019237970761,0.5194740410649997,0.5201779286950116,0.5200718429527588,0.5195801268072525,0.0,0.0,0.0,0.0,-0.009999999776482582,0.0,0.0,0.0,0.0,0.0,0.027415959164500237,0.00741596007719636,0.0,0.0,0.0,0.0
146.373,-0.009999105884730852,0.009999999776482582,-0.019999105661213434,datactrl_ref_vx_fallback,states_vx_gs,0.019999999552965164,states_theta,0.025465553626418114,0.38986827368365096,0.22509056007079545,0.5198127836800155,0.5198359461430537,0.5198544025491618,0.5197943272739074,0.51971423411346,0.5199344957096093,0.0,0.0,0.0,4.4685691591439536e-07,-0.009999552741646767,0.0,0.0,0.0,0.0,0.0,0.027816126123070717,0.007816127501428127,0.0,0.0,0.0,0.0
146.475,-0.009999105884730852,0.009999999776482582,-0.019999105661213434,datactrl_ref_vx_fallback,states_vx_gs,0.019999999552965164,states_theta,-0.0032491085585206747,0.38983989867000374,0.2250742072370504,0.5198018795611448,0.5197711835588652,0.5199591358369238,0.5196139272830862,0.519596183551768,0.519976879568242,0.0,0.0,0.0,4.4685691591439536e-07,-0.009999552741646767,0.0,0.0,0.0,0.0,0.0,0.028217168524861336,0.008217168040573597,0.0,0.0,0.0,0.0
146.573,-0.009999999776482582,0.009999999776482582,-0.019999999552965164,datactrl_ref_vx_fallback,states_vx_gs,0.019999999552965164,states_theta,-0.03351948782801628,0.38983841371315653,0.2250733505285984,0.5197810597320293,0.5197880435030547,0.5199904734052105,0.5195786298298735,0.5196264962015613,0.5199426070335227,0.0,0.0,0.0,0.0,-0.009999999776482582,0.0,0.0,0.0,0.0,0.0,0.028619099408388138,0.008619100786745548,0.0,0.0,0.0,0.0
146.675,-0.009999999776482582,0.009999999776482582,-0.019999999552965164,datactrl_ref_vx_fallback,states_vx_gs,0.009999999776482582,states_theta,-0.10852482914924622,0.38986416978775135,0.22508821132944107,0.5198243276640451,0.5198134584366252,0.5200392851278067,0.5195985009728635,0.5198605666490405,0.5197772194516298,0.0,0.0,0.0,0.0,-0.009999999776482582,0.0,0.0,0.0,0.0,0.0,0.0290201585739851,0.019020158797502518,0.0,0.0,0.0,0.0
146.774,-0.009999999776482582,0.009999999776482582,-0.019999999552965164,datactrl_ref_vx_fallback,states_vx_gs,0.009999999776482582,states_theta,0.051852814853191376,0.3898629548113981,0.22508748677242696,0.519824732459461,0.5198098137042672,0.5197267395385708,0.5199078066251573,0.519839821833323,0.5197947243304052,0.0,0.0,0.0,0.0,-0.009999999776482582,0.0,0.0,0.0,0.0,0.0,0.029421217739582062,0.01942121796309948,0.0,0.0,0.0,0.0
146.874,-0.016662323381751776,0.009999999776482582,-0.026662323158234358,datactrl_ref_vx_fallback,states_vx_gs,0.019999999552965164,states_theta,0.07361610978841782,0.3898617398350448,0.22508679802359974,0.5198473072868453,0.5197839989399409,0.5196454841123445,0.5199858221144417,0.5198569122209745,0.5197743940058116,0.0,0.0,0.0,-0.003331161569803953,-0.013331161811947823,0.0,0.0,0.0,0.0,0.0,0.03646737337112427,0.016467371955513954,0.0,0.0,0.0,0.0
146.974,-0.016662323381751776,0.009999999776482582,-0.026662323158234358,datactrl_ref_vx_fallback,states_vx_gs,0.019999999552965164,states_theta,-0.0327739380300045,0.38986052485869144,0.22508608171664557,0.5198316978700261,0.5197963684198177,0.5198642022187101,0.5197638640711337,0.5198599726576347,0.5197680936322091,0.0,0.0,0.0,-0.003331161569803953,-0.013331161811947823,0.0,0.0,0.0,0.0,0.0,0.03700203076004982,0.017002029344439507,0.0,0.0,0.0,0.0
147.074,-0.016662323381751776,0.009999999776482582,-0.026662323158234358,datactrl_ref_vx_fallback,states_vx_gs,0.019999999552965164,states_theta,-0.03898344561457634,0.3902634528946154,0.22531871334566825,0.5203668156592298,0.5203357253930778,0.5204167522260832,0.5202857888262244,0.5203987241727377,0.52030381687957,0.0,0.0,0.0,-0.003331161569803953,-0.013331161811947823,0.0,0.0,0.0,0.0,0.0,0.03753668814897537,0.017536688596010208,0.0,0.0,0.0,0.0
147.172,-0.016662323381751776,0.009999999776482582,-0.026662323158234358,datactrl_ref_vx_fallback,states_vx_gs,0.009999999776482582,states_theta,-0.0379951074719429,0.38988975790703384,0.22510296501187713,0.5198677126908968,0.5198383083945268,0.5199491282804058,0.5197568928050178,0.5199274822839197,0.5197785388015039,0.0,0.0,0.0,-0.003331161569803953,-0.013331161811947823,0.0,0.0,0.0,0.0,0.0,0.038071345537900925,0.028071345761418343,0.0,0.0,0.0,0.0
147.274,-0.016662323381751776,0.009999999776482582,-0.026662323158234358,datactrl_ref_vx_fallback,states_vx_gs,0.009999999776482582,states_theta,-0.03801395371556282,0.39029183092778214,0.22533510242691981,0.5204038855661869,0.5203743302412321,0.5204882005570887,0.5202900152503304,0.5204651779673063,0.5203130378401127,0.0,0.0,0.0,-0.003331161569803953,-0.013331161811947823,0.0,0.0,0.0,0.0,0.0,0.03860600292682648,0.028606003150343895,0.0,0.0,0.0,0.0
147.375,-0.016662323381751776,0.009999999776482582,-0.026662323158234358,datactrl_ref_vx_fallback,states_vx_gs,0.009999999776482582,states_theta,-0.03706575185060501,0.38993315792913424,0.22512802350611558,0.5199488982015721,0.5198728562761192,0.5199852032669858,0.5198365512107055,0.5200143068229177,0.5198074476547736,0.0,0.0,0.0,-0.003331161569803953,-0.013331161811947823,0.0,0.0,0.0,0.0,0.0,0.03914066031575203,0.029140662401914597,0.0,0.0,0.0,0.0
147.474,-0.02332464512437582,0.009999999776482582,-0.0333246449008584,datactrl_ref_vx_fallback,states_vx_gs,0.046320416033267975,datactrl_est_theta_fallback,0.031202036887407303,0.3899326179682336,0.2251277075790103,0.519935402848619,0.5198849117333372,0.519994359285584,0.5198259552963722,0.5199592598388456,0.5198610547431106,0.0,0.0,0.0,-0.006662323139607906,-0.016662321984767914,0.0,0.0,0.0,0.0,0.0,0.046320416033267975,0.046320416033267975,0.0,0.0,0.0,0.0
147.572,-0.02332464512437582,0.009999999776482582,-0.0333246449008584,datactrl_ref_vx_fallback,states_vx_gs,0.029999999329447746,states_theta,0.2791591286659241,0.3903346670279404,0.2253599076605617,0.520470099573663,0.520422345834178,0.5201961633406259,0.5206962820672151,0.5201533434910509,0.5207391019167901,0.0,0.0,0.0,-0.006662323139607906,-0.016662321984767914,0.0,0.0,0.0,0.0,0.0,0.04698867350816727,0.01698867231607437,0.0,0.0,0.0,0.0
147.675,-0.02332464512437582,0.009999999776482582,-0.0333246449008584,datactrl_ref_vx_fallback,states_vx_gs,0.03999999910593033,states_theta,0.05197113752365112,0.38996239705584956,0.2251448993787914,0.5199738438828364,0.5199258815994291,0.5198937015802809,0.5200060239019846,0.5198841924955668,0.5200155329866987,0.0,0.0,0.0,-0.006662323139607906,-0.016662321984767914,0.0,0.0,0.0,0.0,0.0,0.04765692725777626,0.007656930014491081,0.0,0.0,0.0,0.0
147.774,-0.02332464512437582,0.009999999776482582,-0.0333246449008584,datactrl_ref_vx_fallback,states_vx_gs,0.03999999910593033,states_theta,-0.03502744808793068,0.3899893141063463,0.22516043950118533,0.520035524528809,0.5199359797547812,0.5199800917919899,0.5199914124916003,0.5200545510257124,0.5199169532578778,0.0,0.0,0.0,-0.006662323139607906,-0.016662321984767914,0.0,0.0,0.0,0.0,0.0,0.04832518473267555,0.008325187489390373,0.0,0.0,0.0,0.0
147.876,-0.02332464512437582,0.009999999776482582,-0.0333246449008584,datactrl_ref_vx_fallback,states_vx_gs,0.019999999552965164,states_theta,-0.19474682211875916,0.3899893141063463,0.2251605455711336,0.5198109531658617,0.5201605511177285,0.520377722072856,0.5195937822107342,0.5201045359874605,0.5198669682961297,0.0,0.0,0.0,-0.006662323139607906,-0.016662321984767914,0.0,0.0,0.0,0.0,0.0,0.048993442207574844,0.02899344451725483,0.0,0.0,0.0,0.0
147.976,-0.02332464512437582,0.009999999776482582,-0.0333246449008584,datactrl_ref_vx_fallback,states_vx_gs,0.029999999329447746,states_theta,0.154537171125412,0.3900164201431584,0.22517612014156996,0.5199423321739373,0.5201014548744852,0.5199928389131658,0.5200509481352567,0.5197855770318753,0.5202582100165472,0.0,0.0,0.0,-0.006662323139607906,-0.016662321984767914,0.0,0.0,0.0,0.0,0.0,0.049661699682474136,0.01966170035302639,0.0,0.0,0.0,0.0
148.076,-0.02332464512437582,0.009999999776482582,-0.0333246449008584,datactrl_ref_vx_fallback,states_vx_gs,0.03999999910593033,states_theta,0.11951965093612671,0.3900302360993431,0.22518421998923235,0.5202764731144195,0.5198041564838288,0.519602682773238,0.5204779468250104,0.5202344122407495,0.5198462173574988,0.0,0.0,0.0,-0.006662323139607906,-0.016662321984767914,0.0,0.0,0.0,0.0,0.0,0.05032995715737343,0.0103299580514431,0.0,0.0,0.0,0.0
148.176,-0.02332464512437582,0.009999999776482582,-0.0333246449008584,datactrl_ref_vx_fallback,states_vx_gs,0.03999999910593033,states_theta,-0.07329501956701279,0.39003064113438896,0.2251843048095873,0.5200623411142066,0.5200193685774973,0.5200829293192991,0.5199987803724048,0.5201602984898094,0.5199214112018945,0.0,0.0,0.0,-0.006662323139607906,-0.016662321984767914,0.0,0.0,0.0,0.0,0.0,0.05099821463227272,0.010998215526342392,0.0,0.0,0.0,0.0
148.276,-0.029986968263983727,0.009999999776482582,-0.03998696804046631,datactrl_ref_vx_fallback,states_vx_gs,0.03999999910593033,states_theta,0.015348421409726143,0.39003104616943496,0.22518471305766996,0.5198050698110774,0.5202777199740825,0.5204213470589477,0.5196614427262122,0.5196801956365619,0.520402594148598,0.0,0.0,0.0,-0.009993484243750572,-0.019993484020233154,0.0,0.0,0.0,0.0,0.0,0.05831156671047211,0.01831156760454178,0.0,0.0,0.0,0.0
148.377,-0.019986968487501144,-0.009993484243750572,-0.009993484243750572,datactrl_ref_vx_fallback,datactrl_est_vx_fallback,0.03999999910593033,states_theta,0.06003072112798691,0.39005869223151807,0.22520051425559395,0.5201474149182106,0.5200090976991709,0.519885779803541,0.5202707328138405,0.520090088528151,0.5200664240892305,0.0,0.0,0.0,-0.009993484243750572,-0.009993484243750572,0.0,0.0,0.0,0.0,0.0,0.03900471702218056,-0.0009952835971489549,0.0,0.0,0.0,0.0
148.476,-0.019986968487501144,-0.009993484243750572,-0.009993484243750572,datactrl_ref_vx_fallback,datactrl_est_vx_fallback,0.03999999910593033,states_theta,-0.03138191998004913,0.3900593672470143,0.22520105478042632,0.5203108175507413,0.5198474951079636,0.5197244169886512,0.5204338956700536,0.5204454263892291,0.5197128862694758,0.0,0.0,0.0,-0.009993484243750572,-0.009993484243750572,0.0,0.0,0.0,0.0,0.0,0.03940551355481148,-0.0005944860749877989,0.0,0.0,0.0,0.0
148.577,-0.019986968487501144,-0.009993484243750572,-0.009993484243750572,datactrl_ref_vx_fallback,datactrl_est_vx_fallback,0.03999999910593033,states_theta,-0.053650759160518646,0.39006004226251056,0.22520129532549565,0.5200172829923483,0.5201428297076799,0.5202499995615886,0.5199101131384396,0.5199701283759497,0.5201899843240785,0.0,0.0,0.0,-0.009993484243750572,-0.009993484243750572,0.0,0.0,0.0,0.0,0.0,0.0398063100874424,-0.0001936886546900496,0.0,0.0,0.0,0.0
148.677,-0.019986968487501144,-0.009993484243750572,-0.009993484243750572,datactrl_ref_vx_fallback,datactrl_est_vx_fallback,0.029999999329447746,states_theta,-0.018770484253764153,0.390087958305044,0.22521762678801,0.5198407962127165,0.5203937592674008,0.5205603637316999,0.5196741917484174,0.5197198559672543,0.520514699512863,0.0,0.0,0.0,-0.009993484243750572,-0.009993484243750572,0.0,0.0,0.0,0.0,0.0,0.04020710662007332,0.010207108221948147,0.0,0.0,0.0,0.0
148.776,-0.019986968487501144,-0.009993484243750572,-0.009993484243750572,datactrl_ref_vx_fallback,datactrl_est_vx_fallback,0.029999999329447746,states_theta,-0.014993865974247456,0.390088808801396,0.2252178894595674,0.5201374070623477,0.5200994164080417,0.5200436511224641,0.5201931723479253,0.5202337853017426,0.5200030381686468,0.0,0.0,0.0,-0.009993484243750572,-0.009993484243750572,0.0,0.0,0.0,0.0,0.0,0.04060790687799454,0.010607905685901642,0.0,0.0,0.0,0.0
148.877,-0.019986968487501144,-0.009993484243750572,-0.009993484243750572,datactrl_ref_vx_fallback,datactrl_est_vx_fallback,0.029999999329447746,states_theta,0.002966609550639987,0.38929910587339517,0.22476203224317626,0.5191919746657322,0.5189389743299883,0.5188007392526853,0.5193302097430351,0.5193363130500265,0.518794635945694,0.0,0.0,0.0,-0.009993484243750572,-0.009993484243750572,0.0,0.0,0.0,0.0,0.0,0.04100870341062546,0.011008703149855137,0.0,0.0,0.0,0.0
148.978,-0.019986968487501144,-0.009993484243750572,-0.009993484243750572,datactrl_ref_vx_fallback,datactrl_est_vx_fallback,0.029999999329447746,states_theta,0.0029957592487335205,0.3872027729921547,0.22355162690953886,0.5162897220961541,0.5162510058829252,0.5163109382461006,0.5162297897329786,0.5162386751701227,0.5163020528089566,0.0,0.0,0.0,-0.009993484243750572,-0.009993484243750572,0.0,0.0,0.0,0.0,0.0,0.04140949994325638,0.011409500613808632,0.0,0.0,0.0,0.0
149.077,-0.019986968487501144,-0.009993484243750572,-0.009993484243750572,datactrl_ref_vx_fallback,datactrl_est_vx_fallback,0.029999999329447746,states_theta,0.0030011129565536976,0.3841626315336449,0.22179640611864143,0.5122196491151644,0.5122140349745553,0.5123034457662606,0.512130238323459,0.5121419775643036,0.5122917065254161,0.0,0.0,0.0,-0.009993484243750572,-0.009993484243750572,0.0,0.0,0.0,0.0,0.0,0.0418102964758873,0.011810298077762127,0.0,0.0,0.0,0.0
149.178,-0.019986968487501144,-0.009993484243750572,-0.009993484243750572,datactrl_ref_vx_fallback,datactrl_est_vx_fallback,0.029999999329447746,states_theta,0.0030011131893843412,0.3804874981019347,0.21967456148062853,0.5073211892109332,0.5073121390608927,0.5073654314654102,0.5072678968064156,0.5072825231922583,0.5073508050795675,0.0,0.0,0.0,-0.009993484243750572,-0.009993484243750572,0.0,0.0,0.0,0.0,0.0,0.04221109673380852,0.012211095541715622,0.0,0.0,0.0,0.0
149.278,-0.019986968487501144,-0.009993484243750572,-0.009993484243750572,datactrl_ref_vx_fallback,datactrl_est_vx_fallback,0.029999999329447746,states_theta,0.003001111326739192,0.3764796308758015,0.21736061852685673,0.5019773946587821,0.5019682876766886,0.5020254206294447,0.501920261706026,0.501938089613644,0.5020075927218267,0.0,0.0,0.0,-0.009993484243750572,-0.009993484243750572,0.0,0.0,0.0,0.0,0.0,0.04265197366476059,0.012651973403990269,0.0,0.0,0.0,0.0
149.377,-0.019986968487501144,-0.009993484243750572,-0.009993484243750572,datactrl_ref_vx_fallback,datactrl_est_vx_fallback,0.029999999329447746,states_theta,0.003001111326739192,0.3757596042680472,0.21694490936302,0.5010189500789926,0.5010066613024666,0.5010448806154336,0.5009807307660256,0.5010014924694911,0.5010241189119681,0.0,0.0,0.0,-0.009993484243750572,-0.009993484243750572,0.0,0.0,0.0,0.0,0.0,0.04305277019739151,0.013052770867943764,0.0,0.0,0.0,0.0
149.477,-0.019986968487501144,-0.009993484243750572,-0.009993484243750572,datactrl_ref_vx_fallback,datactrl_est_vx_fallback,0.029999999329447746,states_theta,0.035535555332899094,0.37570925325124266,0.21691584025546828,0.5009456158827165,0.5009457261205973,0.500891472439024,0.5009998695642898,0.5009559657050678,0.5009353762982459,0.0,0.0,0.0,-0.009993484243750572,-0.009993484243750572,0.0,0.0,0.0,0.0,0.0,0.04345356673002243,0.013453567400574684,0.0,0.0,0.0,0.0
149.578,-0.019986968487501144,-0.009993484243750572,-0.009993484243750572,datactrl_ref_vx_fallback,datactrl_est_vx_fallback,0.03999999910593033,states_theta,0.019533801823854446,0.3761216321431823,0.21715393047425588,0.5014988381958452,0.5014921808526409,0.5014067195378694,0.5015842995106167,0.5015206530116109,0.5014703660368752,0.0,0.0,0.0,-0.009993484243750572,-0.009993484243750572,0.0,0.0,0.0,0.0,0.0,0.04385436326265335,0.0038543655537068844,0.0,0.0,0.0,0.0
149.682,-0.019986968487501144,-0.009993484243750572,-0.009993484243750572,datactrl_ref_vx_fallback,datactrl_est_vx_fallback,0.029999999329447746,states_theta,-0.06410758197307587,0.37694507381658177,0.21762934810846415,0.5025969833994314,0.5025898801114533,0.5026882057375666,0.5024986577733181,0.5026669501481222,0.5025199133627625,0.0,0.0,0.0,-0.009993484243750572,-0.009993484243750572,0.0,0.0,0.0,0.0,0.0,0.04425516352057457,0.014255162328481674,0.0,0.0,0.0,0.0
149.778,-0.019986968487501144,-0.009993484243750572,-0.009993484243750572,datactrl_ref_vx_fallback,datactrl_est_vx_fallback,0.029999999329447746,states_theta,0.01707017980515957,0.37789411606877993,0.21817726966864534,0.5038638440120583,0.5038537988380215,0.5038637085705752,0.5038539342795046,0.5038565244898329,0.5038611183602469,0.0,0.0,0.0,-0.009993484243750572,-0.009993484243750572,0.0,0.0,0.0,0.0,0.0,0.04465596005320549,0.01465595979243517,0.0,0.0,0.0,0.0
149.877,-0.019986968487501144,-0.009993484243750572,-0.009993484243750572,datactrl_ref_vx_fallback,datactrl_est_vx_fallback,0.03999999910593033,states_theta,0.0584670715034008,0.3791390652883263,0.2188960484160901,0.5055482149257738,0.505489292509763,0.5054179601242547,0.5056195473112822,0.5054833823818473,0.5055541250536896,0.0,0.0,0.0,-0.009993484243750572,-0.009993484243750572,0.0,0.0,0.0,0.0,0.0,0.04505675658583641,0.0050567579455673695,0.0,0.0,0.0,0.0
149.978,-0.019986968487501144,-0.009993484243750572,-0.009993484243750572,datactrl_ref_vx_fallback,datactrl_est_vx_fallback,0.03999999910593033,states_theta,0.05382012203335762,0.3803819822886593,0.21961364557337076,0.5072041649593275,0.5071477878104307,0.5070862321899656,0.5072657205797926,0.5071417269816687,0.5072102257880895,0.0,0.0,0.0,-0.009993484243750572,-0.009993484243750572,0.0,0.0,0.0,0.0,0.0,0.04545755311846733,0.0054575554095208645,0.0,0.0,0.0,0.0
150.078,-0.019986968487501144,-0.009993484243750572,-0.009993484243750572,datactrl_ref_vx_fallback,datactrl_est_vx_fallback,0.04999999701976776,states_theta,0.023078395053744316,0.3815592847761473,0.22029335972238623,0.5087684154870874,0.5087230105826387,0.5086903701078379,0.5088010559618882,0.5086876238592278,0.5088038022104983,0.0,0.0,0.0,-0.009993484243750572,-0.009993484243750572,0.0,0.0,0.0,0.0,0.0,0.04585835337638855,-0.004141645040363073,0.0,0.0,0.0,0.0
150.179,-0.019986968487501144,-0.009993484243750572,-0.009993484243750572,datactrl_ref_vx_fallback,datactrl_est_vx_fallback,0.04999999701976776,states_theta,-0.008026909083127975,0.3826167686274086,0.22090389599030855,0.5101699702421063,0.5101414127643167,0.5101603825803994,0.5101510004260236,0.5101042224862576,0.5102071605201653,0.0,0.0,0.0,-0.009993484243750572,-0.009993484243750572,0.0,0.0,0.0,0.0,0.0,0.04625914990901947,-0.003740847809240222,0.0,0.0,0.0,0.0
150.279,-0.019986968487501144,-0.009993484243750572,-0.009993484243750572,datactrl_ref_vx_fallback,datactrl_est_vx_fallback,0.03999999910593033,states_theta,-0.033260151743888855,0.3835072307751822,0.22141801272545522,0.5113025987247042,0.511383350009115,0.511457485429574,0.5112284633042451,0.5112918042096496,0.5113941445241695,0.0,0.0,0.0,-0.009993484243750572,-0.009993484243750572,0.0,0.0,0.0,0.0,0.0,0.04665994644165039,0.0066599478013813496,0.0,0.0,0.0,0.0
150.378,-0.019986968487501144,-0.009993484243750572,-0.009993484243750572,datactrl_ref_vx_fallback,datactrl_est_vx_fallback,0.03999999910593033,states_theta,-0.015421777963638306,0.3844926025454665,0.2219869121965834,0.5126201967541718,0.5126934100337389,0.512727981715702,0.5125856250722087,0.5126144912973909,0.5126991154905198,0.0,0.0,0.0,-0.009993484243750572,-0.009993484243750572,0.0,0.0,0.0,0.0,0.0,0.04706074297428131,0.007060745265334845,0.0,0.0,0.0,0.0
150.479,-0.019986968487501144,-0.009993484243750572,-0.009993484243750572,datactrl_ref_vx_fallback,datactrl_est_vx_fallback,0.03999999910593033,states_theta,0.017337501049041748,0.38556122922243063,0.22260389189498508,0.5141421572202786,0.5140211207062032,0.5139690643643695,0.5141942135621123,0.5141576148023734,0.5140056631241083,0.0,0.0,0.0,-0.009993484243750572,-0.009993484243750572,0.0,0.0,0.0,0.0,0.0,0.04746154323220253,0.00746154272928834,0.0,0.0,0.0,0.0
150.579,-0.019986968487501144,-0.009993484243750572,-0.009993484243750572,datactrl_ref_vx_fallback,datactrl_est_vx_fallback,0.04999999701976776,states_theta,0.04406601935625076,0.38607516395198976,0.22290061287411567,0.5148277318120806,0.5147060387265587,0.5146271738052802,0.5149065967333591,0.5147614425816062,0.5147723279570332,0.0,0.0,0.0,-0.009993484243750572,-0.009993484243750572,0.0,0.0,0.0,0.0,0.0,0.04786233976483345,-0.002137657953426242,0.0,0.0,0.0,0.0
150.68,-0.019986968487501144,-0.009993484243750572,-0.009993484243750572,datactrl_ref_vx_fallback,datactrl_est_vx_fallback,0.04999999701976776,states_theta,0.021876350045204163,0.38662818277997557,0.22321988857268948,0.5155350725084724,0.5154734149047957,0.5154534575547828,0.5155550298584853,0.5154581101416679,0.5155503772716002,0.0,0.0,0.0,-0.009993484243750572,-0.009993484243750572,0.0,0.0,0.0,0.0,0.0,0.04826313629746437,-0.0017368604894727468,0.0,0.0,0.0,0.0
150.78,-0.019986968487501144,-0.009993484243750572,-0.009993484243750572,datactrl_ref_vx_fallback,datactrl_est_vx_fallback,0.04999999701976776,states_theta,0.02195027284324169,0.387215576665828,0.22355902049869006,0.5163189835212124,0.5162558875876623,0.5162400072935577,0.516334863815317,0.5162399267366221,0.5163349443722526,0.0,0.0,0.0,-0.009993484243750572,-0.009993484243750572,0.0,0.0,0.0,0.0,0.0,0.04866393283009529,-0.0013360630255192518,0.0,0.0,0.0,0.0
150.879,-0.019986968487501144,-0.009993484243750572,-0.009993484243750572,datactrl_ref_vx_fallback,datactrl_est_vx_fallback,0.04999999701976776,states_theta,0.021000517532229424,0.38783267505835295,0.22391530219222014,0.5171414118760843,0.5170790549461902,0.5170663497823286,0.517154117039946,0.5170633124901088,0.5171571543321657,0.0,0.0,0.0,-0.009993484243750572,-0.009993484243750572,0.0,0.0,0.0,0.0,0.0,0.04906473308801651,-0.0009352656197734177,0.0,0.0,0.0,0.0
150.98,-0.019986968487501144,-0.009993484243750572,-0.009993484243750572,datactrl_ref_vx_fallback,datactrl_est_vx_fallback,0.05999999865889549,states_theta,0.02100764773786068,0.3881409224287746,0.22409327239301782,0.5175520233542208,0.5174904364558448,0.5174520844752485,0.5175903753348171,0.5174460893378504,0.5175963704722152,0.0,0.0,0.0,-0.009993484243750572,-0.009993484243750572,0.0,0.0,0.0,0.0,0.0,0.04946552962064743,-0.010534469969570637,0.0,0.0,0.0,0.0
151.08,-0.009986968711018562,-0.009999999776482582,1.3031065464019775e-05,datactrl_ref_vx_fallback,states_vx_gs,0.05999999865889549,states_theta,0.021007783710956573,0.38812483760150374,0.2240839979034735,0.5175301822335026,0.5174693847038407,0.5173776150720333,0.51762195186531,0.5173686391888956,0.5176309277484477,0.0,0.0,0.0,-0.009993484243750572,6.515532732009888e-06,0.0,0.0,0.0,0.0,0.0,0.029918042942881584,-0.03008195571601391,0.0,0.0,0.0,0.0
151.181,-0.009986968711018562,-0.009999999776482582,1.3031065464019775e-05,datactrl_ref_vx_fallback,states_vx_gs,0.05999999865889549,states_theta,0.004129606764763594,0.3884554588207571,0.22427487773551313,0.5179706060300547,0.5179106174919642,0.5178366510092556,0.5180445725127634,0.5178246717038664,0.5180565518181526,0.0,0.0,0.0,-0.009993484243750572,6.515532732009888e-06,0.0,0.0,0.0,0.0,0.0,0.029917782172560692,-0.0300822164863348,0.0,0.0,0.0,0.0
151.28,-0.009986968711018562,-0.009999999776482582,1.3031065464019775e-05,datactrl_ref_vx_fallback,states_vx_gs,0.03999999910593033,states_theta,-0.3054584264755249,0.38879670333379834,0.22447196098543412,0.5184243156268541,0.5183668932632749,0.5186596621172249,0.5181315467729041,0.5186648493633542,0.5181263595267748,0.0,0.0,0.0,-0.009993484243750572,6.515532732009888e-06,0.0,0.0,0.0,0.0,0.0,0.02991751953959465,-0.010082478635013103,0.0,0.0,0.0,0.0
151.381,-0.009986968711018562,-0.009999999776482582,1.3031065464019775e-05,datactrl_ref_vx_fallback,states_vx_gs,0.009999999776482582,states_theta,-0.32182857394218445,0.388799723623854,0.22447377663249468,0.5184318040143937,0.5183674589825503,0.518738384853601,0.518060878143343,0.5187950305379602,0.5180042324589839,0.0,0.0,0.0,-0.009993484243750572,6.515532732009888e-06,0.0,0.0,0.0,0.0,0.0,0.029917258769273758,0.019917258992791176,0.0,0.0,0.0,0.0
151.48,-0.009986968711018562,-0.009999999776482582,1.3031065464019775e-05,datactrl_ref_vx_fallback,states_vx_gs,-0.019999999552965164,states_theta,-0.2912166714668274,0.38915438731067464,0.2246785863498571,0.518898759274659,0.5188462735538066,0.5192941382933343,0.5184508945351314,0.5192896320520994,0.5184554007763662,0.0,0.0,0.0,-0.009993484243750572,6.515532732009888e-06,0.0,0.0,0.0,0.0,0.0,0.029916997998952866,0.04991699755191803,0.0,0.0,0.0,0.0
151.581,-0.0033246465027332306,-0.009999999776482582,0.0066753532737493515,datactrl_ref_vx_fallback,states_vx_gs,-0.029999999329447746,states_theta,-0.07011938095092773,0.3891656701359338,0.2246849822322937,0.5188792558895498,0.5188958644729403,0.5192604331108841,0.518514687251606,0.5189154275051022,0.5188596928573879,0.0,0.0,0.0,-0.006662323139607906,0.0033376766368746758,0.0,0.0,0.0,0.0,0.0,0.023258281871676445,0.05325828120112419,0.0,0.0,0.0,0.0
151.681,-0.0033246465027332306,-0.009999999776482582,0.0066753532737493515,datactrl_ref_vx_fallback,states_vx_gs,-0.009999999776482582,states_theta,0.23244716227054596,0.38917777097871764,0.22469195226773514,0.518930930835242,0.5188764584413385,0.5188977129133986,0.5189096763631819,0.5185725662609363,0.5192348230156442,0.0,0.0,0.0,-0.006662323139607906,0.0033376766368746758,0.0,0.0,0.0,0.0,0.0,0.023124421015381813,0.033124420791864395,0.0,0.0,0.0,0.0
151.784,-0.003321077674627304,-0.009999999776482582,0.006678922101855278,datactrl_ref_vx_fallback,states_vx_gs,0.022986995056271553,datactrl_est_theta_fallback,0.22121886909008026,0.38919060177166204,0.2246993550003609,0.5189418219421242,0.5188997827823079,0.5186083583197079,0.5192332464047242,0.5188647307484799,0.5189768739759522,0.0,0.0,0.0,-0.006660538725554943,0.003339461050927639,0.0,0.0,0.0,0.0,0.0,0.022986995056271553,0.022986995056271553,0.0,0.0,0.0,0.0
151.88,-0.0033246465027332306,-0.009999999776482582,0.0066753532737493515,datactrl_ref_vx_fallback,states_vx_gs,0.02285662852227688,datactrl_est_theta_fallback,-0.08994970470666885,0.3892040838009397,0.22470713401738274,0.5189791612341741,0.5188983955683317,0.5189168852850057,0.5189606715175001,0.519239455476779,0.5186381013257269,0.0,0.0,0.0,-0.006662323139607906,0.0033376766368746758,0.0,0.0,0.0,0.0,0.0,0.02285662852227688,0.02285662852227688,0.0,0.0,0.0,0.0
151.982,-0.0033246465027332306,-0.009999999776482582,0.0066753532737493515,datactrl_ref_vx_fallback,states_vx_gs,0.022722767665982246,datactrl_est_theta_fallback,-0.05995014309883118,0.3892181467235769,0.22471522860614493,0.5189722765000058,0.5189427814295327,0.5191766091227534,0.518738448806785,0.5189554010448167,0.5189596568847217,0.0,0.0,0.0,-0.006662323139607906,0.0033376766368746758,0.0,0.0,0.0,0.0,0.0,0.022722767665982246,0.022722767665982246,0.0,0.0,0.0,0.0
152.081,-0.0033246465027332306,-0.009999999776482582,0.0066753532737493515,datactrl_ref_vx_fallback,states_vx_gs,0.009999999776482582,states_theta,0.2035384625196457,0.3895951176956568,0.2249328895877368,0.51948213313045,0.5194381807246349,0.5193088254841932,0.5196114883708917,0.5192258225372791,0.5196944913178058,0.0,0.0,0.0,-0.006662323139607906,0.0033376766368746758,0.0,0.0,0.0,0.0,0.0,0.022588908672332764,0.012588907964527607,0.0,0.0,0.0,0.0
152.181,-0.0033246465027332306,-0.009999999776482582,0.0066753532737493515,datactrl_ref_vx_fallback,states_vx_gs,0.029999999329447746,states_theta,0.19166550040245056,0.38925139663300035,0.22473449891453842,0.5190634773433416,0.518940247011326,0.5185854699949067,0.5194182543597609,0.5189459788943437,0.5190577454603239,0.0,0.0,0.0,-0.006662323139607906,0.0033376766368746758,0.0,0.0,0.0,0.0,0.0,0.02245504781603813,-0.0075449515134096146,0.0,0.0,0.0,0.0
152.281,-0.0033246465027332306,-0.009999999776482582,0.0066753532737493515,datactrl_ref_vx_fallback,states_vx_gs,0.03999999910593033,states_theta,0.02738773077726364,0.3892668630131054,0.22474335617099075,0.5189607742575847,0.519084193777363,0.5188082983222336,0.5192366697127141,0.5190489726005604,0.5189959954343873,0.0,0.0,0.0,-0.006662323139607906,0.0033376766368746758,0.0,0.0,0.0,0.0,0.0,0.0223211869597435,-0.01767881214618683,0.0,0.0,0.0,0.0
152.39,-0.0033246465027332306,-0.009999999776482582,0.0066753532737493515,datactrl_ref_vx_fallback,states_vx_gs,0.019999999552965164,states_theta,-0.23531828820705414,0.38928269521424963,0.2247525411516408,0.5189061779125418,0.5191810093254573,0.5193049065744137,0.5187822806635853,0.5192504540769953,0.5188367331610038,0.0,0.0,0.0,-0.006662323139607906,0.0033376766368746758,0.0,0.0,0.0,0.0,0.0,0.022187326103448868,0.0021873272489756346,0.0,0.0,0.0,0.0
152.491,0.0033376766368746758,-0.009999999776482582,0.013337676413357258,datactrl_ref_vx_fallback,states_vx_gs,0.009999999776482582,states_theta,0.04871821030974388,0.38929885334751363,0.22476180968866424,0.5191802053948208,0.5189500701985489,0.518975877791378,0.5191543978019917,0.5190505338924889,0.5190797417008808,0.0,0.0,0.0,-0.003331161569803953,0.006668838206678629,0.0,0.0,0.0,0.0,0.0,0.015395010821521282,0.0053950110450387,0.0,0.0,0.0,0.0
152.582,0.0033376766368746758,-0.009999999776482582,0.013337676413357258,datactrl_ref_vx_fallback,states_vx_gs,0.03999999910593033,states_theta,0.267445832490921,0.3893153018029983,0.22477145342470886,0.5192307151017242,0.5189434230396045,0.5186971962322054,0.5194769419091233,0.5187501620621996,0.5194239760791292,0.0,0.0,0.0,-0.003331161569803953,0.006668838206678629,0.0,0.0,0.0,0.0,0.0,0.015127550810575485,-0.024872448295354843,0.0,0.0,0.0,0.0
152.682,0.0033376766368746758,-0.009999999776482582,0.013337676413357258,datactrl_ref_vx_fallback,states_vx_gs,0.03999999910593033,states_theta,-0.06903039664030075,0.3893320087966498,0.2247809848111668,0.5189673691112167,0.5192513210131828,0.5192671372717509,0.5189515528526486,0.518921257368593,0.5192974327558065,0.0,0.0,0.0,-0.003331161569803953,0.006668838206678629,0.0,0.0,0.0,0.0,0.0,0.014860091730952263,-0.025139907374978065,0.0,0.0,0.0,0.0
152.781,0.0033376766368746758,-0.009999999776482582,0.013337676413357258,datactrl_ref_vx_fallback,states_vx_gs,0.009999999776482582,states_theta,-0.29541850090026855,0.38933528196463346,0.22478294130281404,0.5189931284553962,0.5192342901169597,0.5194560970877043,0.5187713214846515,0.5193757344626752,0.5188516841096807,0.0,0.0,0.0,-0.003331161569803953,0.006668838206678629,0.0,0.0,0.0,0.0,0.0,0.014592631720006466,0.004592631943523884,0.0,0.0,0.0,0.0
152.882,0.0033376766368746758,-0.009999999776482582,0.013337676413357258,datactrl_ref_vx_fallback,states_vx_gs,0.014325172640383244,datactrl_est_theta_fallback,-0.04800551384687424,0.3893540319470315,0.22479373505892994,0.519280032664214,0.5189973858612034,0.5189731291522144,0.5193042893732029,0.5194490424503535,0.5188283760750638,0.0,0.0,0.0,-0.003331161569803953,0.006668838206678629,0.0,0.0,0.0,0.0,0.0,0.014325172640383244,0.014325172640383244,0.0,0.0,0.0,0.0
152.983,0.0033376766368746758,-0.009999999776482582,0.013337676413357258,datactrl_ref_vx_fallback,states_vx_gs,0.009999999776482582,states_theta,0.14708967506885529,0.38937278192942953,0.22480453103205417,0.5192999155455654,0.5190275029329133,0.5189000072170563,0.5194274112614224,0.5191102679750769,0.5192171505034019,0.0,0.0,0.0,-0.003331161569803953,0.006668838206678629,0.0,0.0,0.0,0.0,0.0,0.014057712629437447,0.0040577128529548645,0.0,0.0,0.0,0.0
153.082,0.0033376766368746758,-0.009999999776482582,0.013337676413357258,datactrl_ref_vx_fallback,states_vx_gs,0.019999999552965164,states_theta,0.020028209313750267,0.3893915319118275,0.22481540535590033,0.5190537393311533,0.5193236791003867,0.5194118776221768,0.5189655408093632,0.5188554113149031,0.5195220071166369,0.0,0.0,0.0,-0.003331161569803953,0.006668838206678629,0.0,0.0,0.0,0.0,0.0,0.013790253549814224,-0.006209746468812227,0.0,0.0,0.0,0.0
153.182,0.0033376766368746758,-0.009999999776482582,0.013337676413357258,datactrl_ref_vx_fallback,states_vx_gs,0.009999999776482582,states_theta,-0.11303922533988953,0.38941028189422555,0.2248261796374551,0.519047996588078,0.5193794217965234,0.5194573097926575,0.5189701085919439,0.519190478759833,0.5192369396247684,0.0,0.0,0.0,-0.003331161569803953,0.006668838206678629,0.0,0.0,0.0,0.0,0.0,0.013522793538868427,0.003522793762385845,0.0,0.0,0.0,0.0
153.294,0.009999999776482582,-0.009999999776482582,0.019999999552965164,datactrl_ref_vx_fallback,states_vx_gs,0.006596878170967102,datactrl_est_theta_fallback,-0.015818830579519272,0.3894290318766235,0.22483697707969963,0.5190853839221167,0.5193920344155459,0.5191756432897511,0.5193017750479115,0.5193373951733974,0.5191400231642652,0.0,0.0,0.0,0.0,0.009999999776482582,0.0,0.0,0.0,0.0,0.0,0.006596878170967102,0.006596878170967102,0.0,0.0,0.0,0.0
153.383,0.009999999776482582,-0.009999999776482582,0.019999999552965164,datactrl_ref_vx_fallback,states_vx_gs,0.006195819471031427,datactrl_est_theta_fallback,-0.004014818929135799,0.39095003185905497,0.22571514406502058,0.5210791600758853,0.521454258214928,0.5211423284466888,0.5213910898441244,0.5214003074194901,0.5211331108713232,0.0,0.0,0.0,0.0,0.009999999776482582,0.0,0.0,0.0,0.0,0.0,0.006195819471031427,0.006195819471031427,0.0,0.0,0.0,0.0
153.483,0.009998211993035966,-0.009999999776482582,0.019998211769518548,datactrl_ref_vx_fallback,states_vx_gs,0.005796547047793865,datactrl_est_theta_fallback,-0.004000255838036537,0.3981485322013273,0.22987120449027626,0.5306832807930073,0.531046138410532,0.5307187856656708,0.5310106335378686,0.5310179401647268,0.5307114790388126,0.0,0.0,0.0,-8.937137749853719e-07,0.009999105706810951,0.0,0.0,0.0,0.0,0.0,0.005796547047793865,0.005796547047793865,0.0,0.0,0.0,0.0
153.583,0.009998211993035966,-0.009999999776482582,0.019998211769518548,datactrl_ref_vx_fallback,states_vx_gs,0.005395524203777313,datactrl_est_theta_fallback,0.010759401135146618,0.4039104067487324,0.23319782811768122,0.5384251943240165,0.5386692236726033,0.5383465406201999,0.5387478773764198,0.5387225940995088,0.5383718238971109,0.0,0.0,0.0,-8.937137749853719e-07,0.009999105706810951,0.0,0.0,0.0,0.0,0.0,0.005395524203777313,0.005395524203777313,0.0,0.0,0.0,0.0
153.683,0.009996427616101755,-0.009999999776482582,0.019996427392584337,datactrl_ref_vx_fallback,states_vx_gs,0.009999999776482582,states_theta,0.011418908834457397,0.4029489077263306,0.23264266601011646,0.5372667352382293,0.5372636853653189,0.5371639644269359,0.5373664561766123,0.5372822299542983,0.5372481906492499,0.0,0.0,0.0,-1.7858836827144842e-06,0.00999821349978447,0.0,0.0,0.0,0.0,0.0,0.00499628484249115,-0.005003714933991432,0.0,0.0,0.0,0.0
153.783,0.009996427616101755,-0.009999999776482582,0.019996427392584337,datactrl_ref_vx_fallback,states_vx_gs,0.004595297854393721,datactrl_est_theta_fallback,-0.005804345943033695,0.3993282818270361,0.23055229296481258,0.5324786699220613,0.5323967482833684,0.5324710001507121,0.5324044180547175,0.532409015233379,0.5324664029720506,0.0,0.0,0.0,-1.7858836827144842e-06,0.00999821349978447,0.0,0.0,0.0,0.0,0.0,0.004595297854393721,0.004595297854393721,0.0,0.0,0.0,0.0
153.883,0.009998211993035966,-0.009999999776482582,0.019998211769518548,datactrl_ref_vx_fallback,states_vx_gs,0.004192527383565903,datactrl_est_theta_fallback,0.002793444786220789,0.39717765896891966,0.22931062957218984,0.5295978417343701,0.5295425821827491,0.5295891699143732,0.5295512540027459,0.5295359921929054,0.5296044317242138,0.0,0.0,0.0,-8.937137749853719e-07,0.009999105706810951,0.0,0.0,0.0,0.0,0.0,0.004192527383565903,0.004192527383565903,0.0,0.0,0.0,0.0
153.983,0.016660535475239158,-0.009999999776482582,0.02666053525172174,datactrl_ref_vx_fallback,states_vx_gs,0.009999999776482582,states_theta,0.012058972381055355,0.3950045338743998,0.22805598074073058,0.5266109700175596,0.5267344536475065,0.5265984231214554,0.5267470005436107,0.5266176316567756,0.5267277920082906,0.0,0.0,0.0,0.003330267732962966,0.013330267742276192,0.0,0.0,0.0,0.0,0.0,-0.002866951050236821,-0.01286695059388876,0.0,0.0,0.0,0.0
154.084,0.016660535475239158,-0.009999999776482582,0.02666053525172174,datactrl_ref_vx_fallback,states_vx_gs,0.009999999776482582,states_theta,0.011937879025936127,0.3939410327035485,0.2274419683350001,0.525192950710809,0.5253164698319871,0.5251780492209023,0.5253313713218938,0.5251985629735735,0.5253108575692226,0.0,0.0,0.0,0.003330267732962966,0.013330267742276192,0.0,0.0,0.0,0.0,0.0,-0.003401573048904538,-0.013401572592556477,0.0,0.0,0.0,0.0
154.184,0.01666142954491079,-0.009999999776482582,0.02666142932139337,datactrl_ref_vx_fallback,states_vx_gs,0.009999999776482582,states_theta,0.010996781289577484,0.39286590877431427,0.226821245277553,0.5237708753508287,0.5238715480473427,0.5237286418392816,0.5239137815588898,0.523779203499798,0.5238632198983734,0.0,0.0,0.0,0.0033307147677987814,0.013330714777112007,0.0,0.0,0.0,0.0,0.0,-0.003937088884413242,-0.013937088660895824,0.0,0.0,0.0,0.0
154.285,0.01666142954491079,-0.009999999776482582,0.02666142932139337,datactrl_ref_vx_fallback,states_vx_gs,0.009999999776482582,states_theta,0.0107243862003088,0.3921567822540214,0.22641183124196404,0.5228249597721444,0.5229264595719127,0.5227802127737844,0.5229712065702727,0.522833444108217,0.5229179752358402,0.0,0.0,0.0,0.0033307147677987814,0.013330714777112007,0.0,0.0,0.0,0.0,0.0,-0.004471728578209877,-0.014471728354692459,0.0,0.0,0.0,0.0
154.384,0.01666142954491079,-0.009999999776482582,0.02666142932139337,datactrl_ref_vx_fallback,states_vx_gs,0.009999999776482582,states_theta,0.010002898052334785,0.3914405329599453,0.22599830481814712,0.5218699455047874,0.5219714757217334,0.5218222787864844,0.5220191424400364,0.5218790993674765,0.5219623218590443,0.0,0.0,0.0,0.0033307147677987814,0.013330714777112007,0.0,0.0,0.0,0.0,0.0,-0.005006368737667799,-0.015006368048489094,0.0,0.0,0.0,0.0
154.484,0.01666142954491079,-0.009999999776482582,0.02666142932139337,datactrl_ref_vx_fallback,states_vx_gs,0.009999999776482582,states_theta,-0.05385948717594147,0.39109403331316983,0.2257982486339867,0.5214020153498571,0.5215154068185959,0.5214888194519135,0.5214286027165395,0.5214174852966592,0.5214999368717937,0.0,0.0,0.0,0.0033307147677987814,0.013330714777112007,0.0,0.0,0.0,0.0,0.0,-0.005541008431464434,-0.015541008673608303,0.0,0.0,0.0,0.0
154.584,0.02332375105470419,-0.009999999776482582,0.03332375083118677,datactrl_ref_vx_fallback,states_vx_gs,-0.012734103947877884,datactrl_est_theta_fallback,-0.14434529840946198,0.3907441586695628,0.22559629992465136,0.5208824248226158,0.5211019982962184,0.5212730024125309,0.5207114207063033,0.5209034255082265,0.5210809976106077,0.0,0.0,0.0,0.006661876104772091,0.0166618749499321,0.0,0.0,0.0,0.0,0.0,-0.012734103947877884,-0.012734103947877884,0.0,0.0,0.0,0.0
154.684,0.02332375105470419,-0.009999999776482582,0.03332375083118677,datactrl_ref_vx_fallback,states_vx_gs,-0.009999999776482582,states_theta,-0.1450973004102707,0.39076665867079224,0.22560925415924893,0.521078306053892,0.5209661170682206,0.5211298193304884,0.5209146037916242,0.5211593908800699,0.5208850322420427,0.0,0.0,0.0,0.006661876104772091,0.0166618749499321,0.0,0.0,0.0,0.0,0.0,-0.013402342796325684,-0.0034023430198431015,0.0,0.0,0.0,0.0
154.784,0.02332464512437582,-0.009999999776482582,0.0333246449008584,datactrl_ref_vx_fallback,states_vx_gs,-0.019999999552965164,states_theta,-0.024690501391887665,0.39041040903316987,0.225403707698402,0.5207840872839092,0.5203103368045437,0.5202398079610234,0.5208546161274296,0.5209010401584834,0.5201933839299696,0.0,0.0,0.0,0.006662323139607906,0.016662321984767914,0.0,0.0,0.0,0.0,0.0,-0.014071475714445114,0.00592852383852005,0.0,0.0,0.0,0.0
154.885,0.02332464512437582,-0.009999999776482582,0.0333246449008584,datactrl_ref_vx_fallback,states_vx_gs,-0.019999999552965164,states_theta,-0.011041786521673203,0.3904291590379195,0.225414601678652,0.5208631045954977,0.5202813195056211,0.5201827405346016,0.5209616835665172,0.5209763454907765,0.5201680786103422,0.0,0.0,0.0,0.006662323139607906,0.016662321984767914,0.0,0.0,0.0,0.0,0.0,-0.014739732258021832,0.005260266829282045,0.0,0.0,0.0,0.0
154.984,0.02332464512437582,-0.009999999776482582,0.0333246449008584,datactrl_ref_vx_fallback,states_vx_gs,-0.019999999552965164,states_theta,0.0028124821837991476,0.3900699071500579,0.22520727174441638,0.5204497234679837,0.5197366955988374,0.5196241134235755,0.5205623056432456,0.5205447411875881,0.519641677879233,0.0,0.0,0.0,0.006662323139607906,0.016662321984767914,0.0,0.0,0.0,0.0,0.0,-0.015407989732921124,0.004592009820044041,0.0,0.0,0.0,0.0
155.086,0.02332464512437582,-0.009999999776482582,0.0333246449008584,datactrl_ref_vx_fallback,states_vx_gs,-0.019999999552965164,states_theta,0.02518162503838539,0.39008490713597627,0.2252156331785207,0.520215086006676,0.5200113330225941,0.5200763148278548,0.5201501042014153,0.5200825784935766,0.5201438405356934,0.0,0.0,0.0,0.006662323139607906,0.016662321984767914,0.0,0.0,0.0,0.0,0.0,-0.01607624627649784,0.003923752810806036,0.0,0.0,0.0,0.0
155.184,0.029986968263983727,-0.009999999776482582,0.03998696804046631,datactrl_ref_vx_fallback,states_vx_gs,-0.009999999776482582,states_theta,0.007442025002092123,0.3900999071218947,0.22522459636557032,0.5198893900860396,0.5203770289056796,0.5205653435491896,0.5197010754425296,0.5195743454302885,0.5206920735614308,0.0,0.0,0.0,0.009993484243750572,0.019993484020233154,0.0,0.0,0.0,0.0,0.0,-0.02340295910835266,-0.013402958400547504,0.0,0.0,0.0,0.0
155.284,0.029986968263983727,-0.009999999776482582,0.03998696804046631,datactrl_ref_vx_fallback,states_vx_gs,-0.009999999776482582,states_theta,0.004973692819476128,0.39011490710781305,0.22523296332665824,0.5200831913925941,0.5202232275615741,0.5201823679851907,0.5201240509689775,0.5199972418623984,0.5203091770917698,0.0,0.0,0.0,0.009993484243750572,0.019993484020233154,0.0,0.0,0.0,0.0,0.0,-0.024204814806580544,-0.014204815030097961,0.0,0.0,0.0,0.0
155.387,0.029986968263983727,-0.009999999776482582,0.03998696804046631,datactrl_ref_vx_fallback,states_vx_gs,-0.019999999552965164,states_theta,-0.0485294908285141,0.3897545324517115,0.22502496889480217,0.5197867618922044,0.5195586579790262,0.5194266630042718,0.5199187568669589,0.5199535455029066,0.519391874368324,0.0,0.0,0.0,0.009993484243750572,0.019993484020233154,0.0,0.0,0.0,0.0,0.0,-0.025006670504808426,-0.005006671417504549,0.0,0.0,0.0,0.0
155.486,0.029986968263983727,-0.009999999776482582,0.03998696804046631,datactrl_ref_vx_fallback,states_vx_gs,-0.029999999329447746,states_theta,-0.1101892739534378,0.3897657824411502,0.225031409951128,0.5197866494785466,0.5195887703645206,0.5196888799723136,0.5196865398707535,0.5199002783800393,0.5194751414630279,0.0,0.0,0.0,0.009993484243750572,0.019993484020233154,0.0,0.0,0.0,0.0,0.0,-0.02580852620303631,0.004191472195088863,0.0,0.0,0.0,0.0
155.586,0.029986968263983727,-0.009999999776482582,0.03998696804046631,datactrl_ref_vx_fallback,states_vx_gs,-0.03999999910593033,states_theta,-0.11003430932760239,0.39015240707260906,0.22525464951765845,0.5203409630503812,0.5200654558099096,0.5201938881306934,0.5202125307295974,0.5204773048118364,0.5199291140484544,0.0,0.0,0.0,0.009993484243750572,0.019993484020233154,0.0,0.0,0.0,0.0,0.0,-0.02661038376390934,0.013389616273343563,0.0,0.0,0.0,0.0
155.684,0.029986968263983727,-0.009999999776482582,0.03998696804046631,datactrl_ref_vx_fallback,states_vx_gs,-0.04999999701976776,states_theta,-0.07387661933898926,0.38979128241721156,0.2250461407959237,0.5198583405533211,0.5195850792259097,0.5197368631315813,0.5197065566476495,0.5199481012689644,0.5194953185102664,0.0,0.0,0.0,0.009993484243750572,0.019993484020233154,0.0,0.0,0.0,0.0,0.0,-0.027412239462137222,0.02258775755763054,0.0,0.0,0.0,0.0
155.787,0.029986968263983727,-0.009999999776482582,0.03998696804046631,datactrl_ref_vx_fallback,states_vx_gs,-0.03999999910593033,states_theta,0.04067951440811157,0.38980253240665025,0.22505260754684717,0.5198677076352091,0.5196057121158583,0.5197207798616634,0.5197526398894039,0.5196973883936695,0.5197760313573978,0.0,0.0,0.0,0.009993484243750572,0.019993484020233154,0.0,0.0,0.0,0.0,0.0,-0.028214095160365105,0.011785903945565224,0.0,0.0,0.0,0.0
155.886,0.03664929233491421,-0.009999999776482582,0.04664929211139679,datactrl_ref_vx_fallback,states_vx_gs,-0.03999999910593033,states_theta,0.04098955914378166,0.39018953203775714,0.2252760521816965,0.5204217417611708,0.5200836770061815,0.5202506487339611,0.5202547700333913,0.5201580822260894,0.520347336541263,0.0,0.0,0.0,0.013324646279215813,0.023324646055698395,0.0,0.0,0.0,0.0,0.0,-0.035674408078193665,0.004325591027736664,0.0,0.0,0.0,0.0
155.986,0.03664839919656515,-0.009999999776482582,0.04664839897304773,datactrl_ref_vx_fallback,states_vx_gs,-0.03999999910593033,states_theta,0.04101523011922836,0.3898284073823596,0.2250675584835977,0.5199458165136918,0.5195966031726004,0.519770010274739,0.5197724094115531,0.5196707021992694,0.5198717174870228,0.0,0.0,0.0,0.013324200175702572,0.02332419902086258,0.0,0.0,0.0,0.0,0.0,-0.036608971655368805,0.00339102721773088,0.0,0.0,0.0,0.0
156.086,0.03664839919656515,-0.009999999776482582,0.04664839897304773,datactrl_ref_vx_fallback,states_vx_gs,-0.029999999329447746,states_theta,0.041015200316905975,0.3898396573717983,0.22507405922664672,0.5199431810553576,0.5196292386027712,0.5197847833904985,0.5197876362676304,0.5196250928170272,0.5199473268411017,0.0,0.0,0.0,0.013324200175702572,0.02332419902086258,0.0,0.0,0.0,0.0,0.0,-0.037544410675764084,-0.007544409949332476,0.0,0.0,0.0,0.0
156.187,0.036647507920861244,-0.009999999776482582,0.046647507697343826,datactrl_ref_vx_fallback,states_vx_gs,-0.029999999329447746,states_theta,0.041015200316905975,0.38985090736123706,0.22508056856061434,0.5200070514271371,0.5195953682028285,0.5198160441846892,0.5197863754452764,0.5196182081483717,0.5199842114815939,0.0,0.0,0.0,0.013323754072189331,0.023323753848671913,0.0,0.0,0.0,0.0,0.0,-0.03847895562648773,-0.008478955365717411,0.0,0.0,0.0,0.0
156.289,0.03664571978151798,-0.009999999776482582,0.046645719558000565,datactrl_ref_vx_fallback,states_vx_gs,-0.019999999552965164,states_theta,0.03998204693198204,0.3902390319912879,0.2253046572694514,0.5204374524427793,0.5201999662006551,0.5203550147492354,0.520282403894199,0.5200551214924533,0.5205822971509811,0.0,0.0,0.0,0.0133228600025177,0.023322859779000282,0.0,0.0,0.0,0.0,0.0,-0.03941258788108826,-0.019412588328123093,0.0,0.0,0.0,0.0
156.387,0.0266457200050354,0.0133228600025177,0.0133228600025177,datactrl_ref_vx_fallback,datactrl_est_vx_fallback,-0.019999999552965164,states_theta,0.02242814376950264,0.38987565733800245,0.22509488306009434,0.5198084987525401,0.5198599208154665,0.5200343176564617,0.5196341019115449,0.5195503633236414,0.5201180562443652,0.0,0.0,0.0,0.0133228600025177,0.0133228600025177,0.0,0.0,0.0,0.0,0.0,-0.020078841596841812,-7.884152728365734e-05,0.0,0.0,0.0,0.0
156.486,0.0266457200050354,0.0133228600025177,0.0133228600025177,datactrl_ref_vx_fallback,datactrl_est_vx_fallback,-0.029999999329447746,states_theta,-0.051707588136196136,0.3898880323263851,0.2251019673522933,0.5198533965271691,0.5198480230098578,0.5198621875793696,0.5198392319576572,0.5199618376787936,0.5197395818582333,0.0,0.0,0.0,0.0133228600025177,0.0133228600025177,0.0,0.0,0.0,0.0,0.0,-0.02066659927368164,0.00933340098708868,0.0,0.0,0.0,0.0
156.587,0.0266457200050354,0.0133228600025177,0.0133228600025177,datactrl_ref_vx_fallback,datactrl_est_vx_fallback,-0.029999999329447746,states_theta,-0.00830750446766615,0.38989928231582394,0.225108490412901,0.5198438590173537,0.5198875604915101,0.5197049471644989,0.5200264723443649,0.5200564136508136,0.5196750058580503,0.0,0.0,0.0,0.0133228600025177,0.0133228600025177,0.0,0.0,0.0,0.0,0.0,-0.02120092324912548,0.008799076080322266,0.0,0.0,0.0,0.0
156.687,0.026647508144378662,0.013323754072189331,0.013323754072189331,datactrl_ref_vx_fallback,datactrl_est_vx_fallback,-0.019999999552965164,states_theta,0.03740886598825455,0.38991053230526274,0.22511497954877818,0.5198104783093893,0.5199509411713112,0.5199592302298567,0.5198021892508439,0.5196789649303938,0.5200824545503068,0.0,0.0,0.0,0.013323754072189331,0.013323754072189331,0.0,0.0,0.0,0.0,0.0,-0.02173703908920288,-0.0017370396526530385,0.0,0.0,0.0,0.0
156.787,0.02664661407470703,0.013323307037353516,0.013323307037353516,datactrl_ref_vx_fallback,datactrl_est_vx_fallback,-0.019999999552965164,states_theta,-0.01682090386748314,0.3899217822947015,0.2251214887290984,0.5198132684828468,0.5199781509696905,0.5200761611694551,0.5197152582830822,0.5197016805920618,0.5200897388604755,0.0,0.0,0.0,0.013323307037353516,0.013323307037353516,0.0,0.0,0.0,0.0,0.0,-0.022270504385232925,-0.002270505065098405,0.0,0.0,0.0,0.0
156.887,0.02664661407470703,0.013323307037353516,0.013323307037353516,datactrl_ref_vx_fallback,datactrl_est_vx_fallback,-0.029999999329447746,states_theta,-0.030554363504052162,0.38993303228414034,0.2251279739441226,0.5198566244911133,0.519964794933261,0.5197803779398802,0.520041041484494,0.5201085533060428,0.5197128661183315,0.0,0.0,0.0,0.013323307037353516,0.013323307037353516,0.0,0.0,0.0,0.0,0.0,-0.022804846987128258,0.007195151876658201,0.0,0.0,0.0,0.0
156.988,0.02664661407470703,0.013323307037353516,0.013323307037353516,datactrl_ref_vx_fallback,datactrl_est_vx_fallback,-0.029999999329447746,states_theta,0.0005143035086803138,0.38994428227357913,0.22513445682068647,0.5198311276446089,0.520020291751602,0.5198076899912619,0.520043729404949,0.5200440885692567,0.5198073308269543,0.0,0.0,0.0,0.013323307037353516,0.013323307037353516,0.0,0.0,0.0,0.0,0.0,-0.02333918958902359,0.006660808809101582,0.0,0.0,0.0,0.0
157.088,0.033311616629362106,0.016655808314681053,0.016655808314681053,datactrl_ref_vx_fallback,datactrl_est_vx_fallback,-0.029999999329447746,states_theta,0.0009926969651132822,0.3899555322630179,0.22514095319493155,0.5200144108808676,0.51986700848718,0.5200485718621292,0.5198328475059185,0.5197925006129455,0.5200889187551022,0.0,0.0,0.0,0.016655808314681053,0.016655808314681053,0.0,0.0,0.0,0.0,0.0,-0.030548032373189926,-0.0005480327527038753,0.0,0.0,0.0,0.0
157.186,0.033311616629362106,0.016655808314681053,0.016655808314681053,datactrl_ref_vx_fallback,datactrl_est_vx_fallback,-0.029999999329447746,states_theta,0.0010004346258938313,0.3899667822524566,0.22514743141870508,0.5200160842857088,0.5198953350541756,0.5199776175964613,0.5199338017434231,0.5198896874721611,0.5200217318677233,0.0,0.0,0.0,0.016655808314681053,0.016655808314681053,0.0,0.0,0.0,0.0,0.0,-0.031216027215123177,-0.0012160285841673613,0.0,0.0,0.0,0.0
157.29,0.03330893814563751,0.016654469072818756,0.016654469072818756,datactrl_ref_vx_fallback,datactrl_est_vx_fallback,-0.029999999329447746,states_theta,-0.05518928915262222,0.38997803224189553,0.22515395038450384,0.5197985328611264,0.5201428864505949,0.5199069216868417,0.5200344976248796,0.5201033980966505,0.5198380212150708,0.0,0.0,0.0,0.016654469072818756,0.016654469072818756,0.0,0.0,0.0,0.0,0.0,-0.031881339848041534,-0.001881342031992972,0.0,0.0,0.0,0.0
157.387,0.033311616629362106,0.016655808314681053,0.016655808314681053,datactrl_ref_vx_fallback,datactrl_est_vx_fallback,-0.03999999910593033,states_theta,-0.08465077728033066,0.3899892822313343,0.22516043676459113,0.5199684492425346,0.5200029700410235,0.5201731523552684,0.5197982669282897,0.5199802649050411,0.519991154378517,0.0,0.0,0.0,0.016655808314681053,0.016655808314681053,0.0,0.0,0.0,0.0,0.0,-0.03255196660757065,0.007448033429682255,0.0,0.0,0.0,0.0
157.489,0.033311616629362106,0.016655808314681053,0.016655808314681053,datactrl_ref_vx_fallback,datactrl_est_vx_fallback,-0.029999999329447746,states_theta,0.17385412752628326,0.390000532220773,0.22516699911433655,0.5202602025484051,0.5197412167069897,0.5197528870181146,0.5202485322372802,0.5198342824088781,0.5201671368465167,0.0,0.0,0.0,0.016655808314681053,0.016655808314681053,0.0,0.0,0.0,0.0,0.0,-0.03321996331214905,-0.0032199621200561523,0.0,0.0,0.0,0.0
157.588,0.033311616629362106,0.016655808314681053,0.016655808314681053,datactrl_ref_vx_fallback,datactrl_est_vx_fallback,-0.019999999552965164,states_theta,0.02836984023451805,0.3900117822102118,0.22517344431666692,0.5200922332542246,0.5199391859730069,0.5197785104195299,0.5202529088077016,0.5200812739704389,0.5199501452567926,0.0,0.0,0.0,0.016655808314681053,0.016655808314681053,0.0,0.0,0.0,0.0,0.0,-0.03388795629143715,-0.01388795766979456,0.0,0.0,0.0,0.0
157.69,0.033311616629362106,0.016655808314681053,0.016655808314681053,datactrl_ref_vx_fallback,datactrl_est_vx_fallback,-0.029999999329447746,states_theta,-0.16911520063877106,0.3900230321996507,0.2251799968758039,0.5198043161595289,0.5202571030395395,0.5203712566236702,0.5196901625753982,0.5199802047825801,0.5200812144164884,0.0,0.0,0.0,0.016655808314681053,0.016655808314681053,0.0,0.0,0.0,0.0,0.0,-0.03455595299601555,-0.004555953666567802,0.0,0.0,0.0,0.0
157.79,0.033311616629362106,0.016655808314681053,0.016655808314681053,datactrl_ref_vx_fallback,datactrl_est_vx_fallback,-0.03999999910593033,states_theta,-0.0010011428967118263,0.3900342821890894,0.22518642359920513,0.5199643741877791,0.5201270449831261,0.5201830765499286,0.5199083426209766,0.5199009173374484,0.5201905018334568,0.0,0.0,0.0,0.016655808314681053,0.016655808314681053,0.0,0.0,0.0,0.0,0.0,-0.03522394970059395,0.004776050336658955,0.0,0.0,0.0,0.0
157.889,0.033311616629362106,0.016655808314681053,0.016655808314681053,datactrl_ref_vx_fallback,datactrl_est_vx_fallback,-0.03999999910593033,states_theta,0.000949056469835341,0.3896694075372122,0.2249759703640731,0.519830115343797,0.5192883047554355,0.5191358680470641,0.5199825520521684,0.5199676171500909,0.5191508029491416,0.0,0.0,0.0,0.016655808314681053,0.016655808314681053,0.0,0.0,0.0,0.0,0.0,-0.03589194640517235,0.00410805456340313,0.0,0.0,0.0,0.0
157.988,0.033311616629362106,0.016655808314681053,0.016655808314681053,datactrl_ref_vx_fallback,datactrl_est_vx_fallback,-0.03999999910593033,states_theta,0.0010004823561757803,0.3896769075301715,0.22498019593034102,0.5197882257658536,0.5193501943146036,0.5192573806477773,0.5198810394326799,0.519862504414686,0.5192759156657712,0.0,0.0,0.0,0.016655808314681053,0.016655808314681053,0.0,0.0,0.0,0.0,0.0,-0.03655993938446045,0.003440058557316661,0.0,0.0,0.0,0.0
158.092,0.033311616629362106,0.016655808314681053,0.016655808314681053,datactrl_ref_vx_fallback,datactrl_est_vx_fallback,-0.03999999910593033,states_theta,0.001000378280878067,0.3900624071626864,0.22520275969611425,0.5202970016114327,0.5198694174890645,0.5197744301179422,0.5203919889825549,0.5203699239274612,0.5197964951730359,0.0,0.0,0.0,0.016655808314681053,0.016655808314681053,0.0,0.0,0.0,0.0,0.0,-0.03722793608903885,0.002772062784060836,0.0,0.0,0.0,0.0
158.188,0.033311616629362106,0.016655808314681053,0.016655808314681053,datactrl_ref_vx_fallback,datactrl_est_vx_fallback,-0.03999999910593033,states_theta,0.00100037083029747,0.3896960325122174,0.2249911300307879,0.5195549033412341,0.5196345166913456,0.5197150279257793,0.5194743921068005,0.5194487597897653,0.5197406602428144,0.0,0.0,0.0,0.016655808314681053,0.016655808314681053,0.0,0.0,0.0,0.0,0.0,-0.03789593279361725,0.002104067010805011,0.0,0.0,0.0,0.0
158.29,0.033311616629362106,0.016655808314681053,0.016655808314681053,datactrl_ref_vx_fallback,datactrl_est_vx_fallback,-0.03999999910593033,states_theta,0.00100037083029747,0.3900800321461405,0.22521295309667358,0.5199364261940366,0.5202769928623382,0.520427929063291,0.5197854899930837,0.51975625337452,0.5204571656818547,0.0,0.0,0.0,0.016655808314681053,0.016655808314681053,0.0,0.0,0.0,0.0,0.0,-0.03856392949819565,0.0014360712375491858,0.0,0.0,0.0,0.0
158.389,0.033311616629362106,0.016655808314681053,0.016655808314681053,datactrl_ref_vx_fallback,datactrl_est_vx_fallback,-0.03999999910593033,states_theta,0.00100037083029747,0.3900912821355793,0.22521934000994387,0.5200412109040974,0.5202022081241141,0.5202679153177758,0.5199755037104357,0.5199426257662569,0.5203007932619546,0.0,0.0,0.0,0.016655808314681053,0.016655808314681053,0.0,0.0,0.0,0.0,0.0,-0.03923192247748375,0.0007680755225010216,0.0,0.0,0.0,0.0
158.49,0.033311616629362106,0.016655808314681053,0.016655808314681053,datactrl_ref_vx_fallback,datactrl_est_vx_fallback,-0.03999999910593033,states_theta,0.00100037083029747,0.38972378248616635,0.22500723825055371,0.5197912466297829,0.5194721733333274,0.5193240992612456,0.5199393207018648,0.5199027644079848,0.5193606555551256,0.0,0.0,0.0,0.016655808314681053,0.016655808314681053,0.0,0.0,0.0,0.0,0.0,-0.03989991918206215,0.0001000797055894509,0.0,0.0,0.0,0.0
158.59,0.033311616629362106,0.016655808314681053,0.016655808314681053,datactrl_ref_vx_fallback,datactrl_est_vx_fallback,-0.03999999910593033,states_theta,0.00100037083029747,0.3901085321193855,0.22522943559082942,0.5203517943450191,0.5199376246400089,0.519762757803773,0.520526661181255,0.5204863895135873,0.5198030294714407,0.0,0.0,0.0,0.016655808314681053,0.016655808314681053,0.0,0.0,0.0,0.0,0.0,-0.04056791588664055,-0.0005679160822182894,0.0,0.0,0.0,0.0
158.69,0.033311616629362106,0.016655808314681053,0.016655808314681053,datactrl_ref_vx_fallback,datactrl_est_vx_fallback,-0.03999999910593033,states_theta,0.00100037083029747,0.38974290746821233,0.22501817310288322,0.5196618757802919,0.519652544134941,0.5196320589205857,0.5196823609946472,0.5196383369291052,0.5196760829861277,0.0,0.0,0.0,0.016655808314681053,0.016655808314681053,0.0,0.0,0.0,0.0,0.0,-0.04123591259121895,-0.0012359118554741144,0.0,0.0,0.0,0.0
158.79,0.033311616629362106,0.016655808314681053,0.016655808314681053,datactrl_ref_vx_fallback,datactrl_est_vx_fallback,-0.03999999910593033,states_theta,0.00100037083029747,0.39012653210248754,0.22523976260418302,0.5199844639400619,0.5203529549999049,0.5204212161157592,0.5199162028242076,0.519868389336705,0.5204690296032618,0.0,0.0,0.0,0.016655808314681053,0.016655808314681053,0.0,0.0,0.0,0.0,0.0,-0.04190390557050705,-0.0019039076287299395,0.0,0.0,0.0,0.0
158.89,0.033311616629362106,0.016655808314681053,0.016655808314681053,datactrl_ref_vx_fallback,datactrl_est_vx_fallback,-0.03999999910593033,states_theta,0.00100037083029747,0.38976203245025837,0.22502923336972472,0.5195778436289119,0.5197875762384437,0.5197615335824534,0.5196038862849023,0.5195522463513528,0.5198131735160029,0.0,0.0,0.0,0.016655808314681053,0.016655808314681053,0.0,0.0,0.0,0.0,0.0,-0.04257190227508545,-0.0025719034019857645,0.0,0.0,0.0,0.0
158.99,0.033311616629362106,0.016655808314681053,0.016655808314681053,datactrl_ref_vx_fallback,datactrl_est_vx_fallback,-0.03999999910593033,states_theta,-0.014756436459720135,0.38976953244321755,0.22503361633384641,0.5197688485307929,0.5196165713177873,0.5194330351024312,0.5199523847461489,0.5199296312517334,0.5194557885968467,0.0,0.0,0.0,0.016655808314681053,0.016655808314681053,0.0,0.0,0.0,0.0,0.0,-0.04323989897966385,-0.0032398991752415895,0.0,0.0,0.0,0.0
159.091,0.033311616629362106,0.016655808314681053,0.016655808314681053,datactrl_ref_vx_fallback,datactrl_est_vx_fallback,-0.03999999910593033,states_theta,-0.017008285969495773,0.3901546570760846,0.22525600696092032,0.5202757119053427,0.5201367069642162,0.5198834815341121,0.5205289373354468,0.5205069637285292,0.5199054551410297,0.0,0.0,0.0,0.016655808314681053,0.016655808314681053,0.0,0.0,0.0,0.0,0.0,-0.04390789568424225,-0.003907895181328058,0.0,0.0,0.0,0.0
159.191,0.033311616629362106,0.016655808314681053,0.016655808314681053,datactrl_ref_vx_fallback,datactrl_est_vx_fallback,-0.03999999910593033,states_theta,-0.01693752035498619,0.3897886574252634,0.22504458888502482,0.5197600989776376,0.5196763208230648,0.519669299113846,0.5197671206868565,0.5197410624793556,0.5196953573213469,0.0,0.0,0.0,0.016655808314681053,0.016655808314681053,0.0,0.0,0.0,0.0,0.0,-0.04457588866353035,-0.004575890954583883,0.0,0.0,0.0,0.0
159.301,0.03331518918275833,0.016657594591379166,0.016657594591379166,datactrl_ref_vx_fallback,datactrl_est_vx_fallback,-0.03999999910593033,states_theta,-0.01599864289164543,0.3897961574182227,0.22504893113664232,0.5197962771181297,0.5196601426637975,0.5198155528035926,0.5196408669783346,0.5196088629186875,0.5198475568632397,0.0,0.0,0.0,0.016657594591379166,0.016657594591379166,0.0,0.0,0.0,0.0,0.0,-0.04524746164679527,-0.005247464403510094,0.0,0.0,0.0,0.0
159.391,0.026649292558431625,0.013324646279215813,0.013324646279215813,datactrl_ref_vx_fallback,datactrl_est_vx_fallback,-0.03999999910593033,states_theta,-0.01600579544901848,0.3898066574083655,0.22505499963045558,0.5197912687542876,0.5196931510013538,0.5198759569440201,0.5196084628116213,0.5196095709095931,0.5198748488460483,0.0,0.0,0.0,0.013324646279215813,0.013324646279215813,0.0,0.0,0.0,0.0,0.0,-0.03924013674259186,0.0007598623633384705,0.0,0.0,0.0,0.0
159.491,0.016649292781949043,0.009999999776482582,0.006649293005466461,datactrl_ref_vx_fallback,states_vx_gs,-0.03999999910593033,states_theta,-0.01600593701004982,0.3898141574013248,0.22505934211323833,0.519781643500015,0.5197227762368511,0.519970405232731,0.5195340145041352,0.5196441965397844,0.5198602231970817,0.0,0.0,0.0,0.013324646279215813,0.0033246465027332306,0.0,0.0,0.0,0.0,0.0,-0.019665826112031937,0.02033417299389839,0.0,0.0,0.0,0.0
159.59,0.016649292781949043,0.009999999776482582,0.006649293005466461,datactrl_ref_vx_fallback,states_vx_gs,-0.04999999701976776,states_theta,-0.0011429162696003914,0.389821657394284,0.22506368224983248,0.5198271247542845,0.5196972949638061,0.5200099789320911,0.5195144407859995,0.5196500947916358,0.5198743249264548,0.0,0.0,0.0,0.013324646279215813,0.0033246465027332306,0.0,0.0,0.0,0.0,0.0,-0.019799163565039635,0.030200833454728127,0.0,0.0,0.0,0.0
159.687,0.016649292781949043,0.009999999776482582,0.006649293005466461,datactrl_ref_vx_fallback,states_vx_gs,-0.03999999910593033,states_theta,0.14647677540779114,0.38982915738724316,0.22506798752064505,0.5198501948784768,0.5196942248208383,0.5196888891817278,0.5198555305175873,0.5196293694591462,0.5199150502401689,0.0,0.0,0.0,0.013324646279215813,0.0033246465027332306,0.0,0.0,0.0,0.0,0.0,-0.019932502880692482,0.020067496225237846,0.0,0.0,0.0,0.0
159.792,0.016645722091197968,0.009999999776482582,0.0066457223147153854,datactrl_ref_vx_fallback,states_vx_gs,-0.019999999552965164,states_theta,0.15612661838531494,0.389839657377386,0.22507407092580214,0.5198692365358017,0.5197031831372276,0.5196287157383829,0.5199437039346465,0.5195863036801308,0.5199861159928986,0.0,0.0,0.0,0.013322860933840275,0.0033228611573576927,0.0,0.0,0.0,0.0,0.0,-0.020062264055013657,-6.22648440185003e-05,0.0,0.0,0.0,0.0
159.892,0.016645722091197968,0.009999999776482582,0.0066457223147153854,datactrl_ref_vx_fallback,states_vx_gs,-0.020195530727505684,datactrl_est_theta_fallback,0.15558460354804993,0.3898471573703452,0.22507842671211098,0.5198817102046134,0.5197107094496405,0.5195832945680203,0.5200091250862335,0.5195408109441584,0.5200516087100955,0.0,0.0,0.0,0.013322860933840275,0.0033228611573576927,0.0,0.0,0.0,0.0,0.0,-0.020195530727505684,-0.020195530727505684,0.0,0.0,0.0,0.0
159.993,0.016645722091197968,0.009999999776482582,0.0066457223147153854,datactrl_ref_vx_fallback,states_vx_gs,-0.02032879739999771,datactrl_est_theta_fallback,-0.010362563654780388,0.3898546573633045,0.22508271804938554,0.5199286155745836,0.519683804060895,0.5196313165325649,0.5199811031029137,0.5198558420002012,0.5197565776352774,0.0,0.0,0.0,0.013322860933840275,0.0033228611573576927,0.0,0.0,0.0,0.0,0.0,-0.02032879739999771,-0.02032879739999771,0.0,0.0,0.0,0.0
160.09,0.016645722091197968,0.009999999776482582,0.0066457223147153854,datactrl_ref_vx_fallback,states_vx_gs,-0.009999999776482582,states_theta,-0.18451398611068726,0.3898621573562636,0.22508705206747823,0.5199285835401668,0.5197038360765363,0.5199515450046884,0.5196808746120146,0.5199714695892373,0.5196609500274657,0.0,0.0,0.0,0.013322860933840275,0.0033228611573576927,0.0,0.0,0.0,0.0,0.0,-0.02046206407248974,-0.010462063364684582,0.0,0.0,0.0,0.0
160.191,0.016645722091197968,0.009999999776482582,0.0066457223147153854,datactrl_ref_vx_fallback,states_vx_gs,-0.029999999329447746,states_theta,-0.1686711460351944,0.3902461569901868,0.22530877222366347,0.5204663748204825,0.5201900438200155,0.520496547756804,0.5201598708836941,0.5205278975555794,0.5201285210849187,0.0,0.0,0.0,0.013322860933840275,0.0033228611573576927,0.0,0.0,0.0,0.0,0.0,-0.020595328882336617,0.009404669515788555,0.0,0.0,0.0,0.0
160.292,0.009983399882912636,0.009999999776482582,-1.659989356994629e-05,datactrl_ref_vx_fallback,states_vx_gs,-0.03999999910593033,states_theta,-0.08203931152820587,0.3898794073400699,0.22509701718571568,0.5199517780714916,0.519726641502028,0.5200616925606729,0.5196167270128467,0.5198974303153023,0.5197809892582173,0.0,0.0,0.0,0.009991699829697609,-8.299946784973145e-06,0.0,0.0,0.0,0.0,0.0,-0.014056781306862831,0.025943217799067497,0.0,0.0,0.0,0.0
160.392,0.009983399882912636,0.009999999776482582,-1.659989356994629e-05,datactrl_ref_vx_fallback,states_vx_gs,-0.03999999910593033,states_theta,0.07804806530475616,0.38988690733302894,0.22510133757333364,0.5200056368073681,0.5196927827473757,0.519718366503772,0.5199800530509718,0.5199294607533772,0.5197689588013666,0.0,0.0,0.0,0.009991699829697609,-8.299946784973145e-06,0.0,0.0,0.0,0.0,0.0,-0.014056447893381119,0.02594355121254921,0.0,0.0,0.0,0.0
160.493,0.009983399882912636,0.009999999776482582,-1.659989356994629e-05,datactrl_ref_vx_fallback,states_vx_gs,-0.029999999329447746,states_theta,0.09184415638446808,0.38989440732598823,0.22510565885005387,0.5199493471660419,0.5197690723699266,0.5197056629914706,0.520012756544498,0.5198791712163752,0.5198392483195934,0.0,0.0,0.0,0.009991699829697609,-8.299946784973145e-06,0.0,0.0,0.0,0.0,0.0,-0.014056115411221981,0.01594388298690319,0.0,0.0,0.0,0.0
160.592,0.009983399882912636,0.009999999776482582,-1.659989356994629e-05,datactrl_ref_vx_fallback,states_vx_gs,-0.029999999329447746,states_theta,-0.057932376861572266,0.38990190731894736,0.2251100194144044,0.5197679399069493,0.5199704796102438,0.5201327481231791,0.5196056713940139,0.5197842763086519,0.5199541432085412,0.0,0.0,0.0,0.009991699829697609,-8.299946784973145e-06,0.0,0.0,0.0,0.0,0.0,-0.014055782929062843,0.015944216400384903,0.0,0.0,0.0,0.0
160.693,0.009983399882912636,0.009999999776482582,-1.659989356994629e-05,datactrl_ref_vx_fallback,states_vx_gs,-0.029999999329447746,states_theta,0.011969678103923798,0.3902862819525185,0.22533192454598439,0.520208765031597,0.5205546535084524,0.5205251531371856,0.5202382654028638,0.5202726888967338,0.5204907296433156,0.0,0.0,0.0,0.009991699829697609,-8.299946784973145e-06,0.0,0.0,0.0,0.0,0.0,-0.014055449515581131,0.015944549813866615,0.0,0.0,0.0,0.0
160.792,0.009986968711018562,0.009999999776482582,-1.3031065464019775e-05,datactrl_ref_vx_fallback,states_vx_gs,-0.029999999329447746,states_theta,0.08284487575292587,0.3899191573027536,0.22511995373235616,0.5197259683893887,0.5200584510846209,0.5198996583156016,0.519884761158408,0.5197727390441916,0.5200116804298179,0.0,0.0,0.0,0.009993484243750572,-6.515532732009888e-06,0.0,0.0,0.0,0.0,0.0,-0.014058690518140793,0.015941308811306953,0.0,0.0,0.0,0.0
160.893,0.009986968711018562,0.009999999776482582,-1.3031065464019775e-05,datactrl_ref_vx_fallback,states_vx_gs,-0.019999999552965164,states_theta,0.010996025055646896,0.38992665729571274,0.22512427955494665,0.5199754481320744,0.5198289713231596,0.5197735810353761,0.520030838419858,0.5200131673158435,0.5197912521393906,0.0,0.0,0.0,0.009993484243750572,-6.515532732009888e-06,0.0,0.0,0.0,0.0,0.0,-0.0140584297478199,0.005941570270806551,0.0,0.0,0.0,0.0
160.994,0.009986968711018562,0.009999999776482582,-1.3031065464019775e-05,datactrl_ref_vx_fallback,states_vx_gs,-0.029999999329447746,states_theta,-0.08521312475204468,0.389934157288672,0.22512862980461365,0.5200434430859799,0.5197809763504786,0.5199199123261141,0.5199045071103444,0.5201428365056858,0.5196815829307727,0.0,0.0,0.0,0.009993484243750572,-6.515532732009888e-06,0.0,0.0,0.0,0.0,0.0,-0.014058168046176434,0.015941830351948738,0.0,0.0,0.0,0.0
161.093,0.0033246465027332306,0.009999999776482582,-0.0066753532737493515,datactrl_ref_vx_fallback,states_vx_gs,-0.029999999329447746,states_theta,0.003996818792074919,0.3899416572816311,0.22513305248667909,0.5197632296481932,0.5200811897694898,0.5202899653814487,0.5195544540362343,0.5196453386353314,0.5201990807823517,0.0,0.0,0.0,0.006662323139607906,-0.0033376766368746758,0.0,0.0,0.0,0.0,0.0,-0.007386092096567154,0.022613907232880592,0.0,0.0,0.0,0.0
161.194,0.0033246465027332306,0.009999999776482582,-0.0066753532737493515,datactrl_ref_vx_fallback,states_vx_gs,-0.029999999329447746,states_theta,0.08519762754440308,0.3899491572745904,0.22513725494700546,0.5198734774241388,0.5199909419747689,0.5199157013065101,0.5199487180923976,0.5198728290050649,0.5199915903938428,0.0,0.0,0.0,0.006662323139607906,-0.0033376766368746758,0.0,0.0,0.0,0.0,0.0,-0.007252231705933809,0.022747768089175224,0.0,0.0,0.0,0.0
161.294,-0.0066753532737493515,0.019999999552965164,-0.026675352826714516,datactrl_ref_vx_fallback,states_vx_gs,-0.019999999552965164,states_theta,0.05245567858219147,0.3899566572675496,0.22514181021015564,0.5201800831046731,0.5197043362754591,0.5195465849546939,0.5203378344254384,0.5203890352587981,0.5194953841213341,0.0,0.0,0.0,0.006662323139607906,-0.013337676413357258,0.0,0.0,0.0,0.0,0.0,0.01311065349727869,0.03311065211892128,0.0,0.0,0.0,0.0
161.393,-0.0066753532737493515,0.019999999552965164,-0.026675352826714516,datactrl_ref_vx_fallback,states_vx_gs,-0.019999999552965164,states_theta,0.028876932337880135,0.38996415726050876,0.22514591565335235,0.5199915519817405,0.5199128673796162,0.5199821942646186,0.5199222250967381,0.5200272482629733,0.5198771710983834,0.0,0.0,0.0,0.006662323139607906,-0.013337676413357258,0.0,0.0,0.0,0.0,0.0,0.01364557258784771,0.033645570278167725,0.0,0.0,0.0,0.0
161.493,-0.0066753532737493515,0.019999999552965164,-0.026675352826714516,datactrl_ref_vx_fallback,states_vx_gs,-0.009999999776482582,states_theta,0.07328318059444427,0.38997165725346805,0.22515051194359698,0.519696911961894,0.5202275073806873,0.520399340672879,0.5195250786697024,0.5194867806233675,0.5204376387192139,0.0,0.0,0.0,0.006662323139607906,-0.013337676413357258,0.0,0.0,0.0,0.0,0.0,0.014180491678416729,0.024180490523576736,0.0,0.0,0.0,0.0
161.593,-0.01333767594769597,0.019999999552965164,-0.033337675500661135,datactrl_ref_vx_fallback,states_vx_gs,0.02138722687959671,datactrl_est_theta_fallback,0.1067977249622345,0.3899791572464271,0.22515457899471347,0.519931850521285,0.5200125688025207,0.5199587933109302,0.5199856260128755,0.5198633759512832,0.5200810433725225,0.0,0.0,0.0,0.003331161569803953,-0.016668837517499924,0.0,0.0,0.0,0.0,0.0,0.02138722687959671,0.02138722687959671,0.0,0.0,0.0,0.0
161.698,-0.01333767594769597,0.019999999552965164,-0.033337675500661135,datactrl_ref_vx_fallback,states_vx_gs,0.022055745124816895,datactrl_est_theta_fallback,0.05680002644658089,0.3899866572393864,0.22515910724994964,0.5202203663212986,0.5197440529837317,0.5195794331267746,0.5203849861782558,0.520371563623305,0.5195928556817254,0.0,0.0,0.0,0.003331161569803953,-0.016668837517499924,0.0,0.0,0.0,0.0,0.0,0.022055745124816895,0.022055745124816895,0.0,0.0,0.0,0.0
161.794,-0.01333767594769597,0.019999999552965164,-0.033337675500661135,datactrl_ref_vx_fallback,states_vx_gs,0.02272426337003708,datactrl_est_theta_fallback,0.031924761831760406,0.38999415723234554,0.22516323440555291,0.5199844594073657,0.5199999598788891,0.5200582659409495,0.5199261533453053,0.5199693793430239,0.520015039943231,0.0,0.0,0.0,0.003331161569803953,-0.016668837517499924,0.0,0.0,0.0,0.0,0.0,0.02272426337003708,0.02272426337003708,0.0,0.0,0.0,0.0
161.895,-0.01333767594769597,0.019999999552965164,-0.033337675500661135,datactrl_ref_vx_fallback,states_vx_gs,0.009999999776482582,states_theta,0.06674893945455551,0.3896255325839888,0.2249505778118744,0.5192642430544336,0.5197371771695365,0.5198142960734233,0.5191871241505468,0.519107360880912,0.5198940593430581,0.0,0.0,0.0,0.003331161569803953,-0.016668837517499924,0.0,0.0,0.0,0.0,0.0,0.023392781615257263,0.013392781838774681,0.0,0.0,0.0,0.0
161.994,-0.01333767594769597,0.019999999552965164,-0.033337675500661135,datactrl_ref_vx_fallback,states_vx_gs,0.009999999776482582,states_theta,0.07104630023241043,0.3900046572224885,0.22516930998249207,0.5199118243051551,0.5201005949548142,0.5200552976565356,0.5199571216034338,0.5198728925836982,0.5201395266762712,0.0,0.0,0.0,0.003331161569803953,-0.016668837517499924,0.0,0.0,0.0,0.0,0.0,0.024061299860477448,0.014061300083994865,0.0,0.0,0.0,0.0
162.094,-0.01333767594769597,0.019999999552965164,-0.033337675500661135,datactrl_ref_vx_fallback,states_vx_gs,0.019999999552965164,states_theta,0.07197435200214386,0.3900121572154477,0.22517363042536445,0.5199699243613415,0.5200624948798523,0.5199527346496511,0.5200796845915427,0.5199421607997661,0.5200902584414278,0.0,0.0,0.0,0.003331161569803953,-0.016668837517499924,0.0,0.0,0.0,0.0,0.0,0.024729818105697632,0.00472981808707118,0.0,0.0,0.0,0.0
162.194,-0.009999999776482582,0.009999999776482582,-0.019999999552965164,datactrl_ref_vx_fallback,states_vx_gs,0.019999999552965164,states_theta,-0.01982155628502369,0.3896848219377621,0.22498497056453703,0.5198513771807429,0.5193081479866226,0.5190577431951079,0.5201017819722576,0.5200841196832394,0.5190754054841261,0.0,0.0,0.0,0.0,-0.009999999776482582,0.0,0.0,0.0,0.0,0.0,0.011961445212364197,-0.008038554340600967,0.0,0.0,0.0,0.0
162.295,-0.009999105884730852,0.009999999776482582,-0.019999105661213434,datactrl_ref_vx_fallback,states_vx_gs,0.009999999776482582,states_theta,-0.13226062059402466,0.3906261098863566,0.22552837784867666,0.5211691699263488,0.5205004564372688,0.5205409477534534,0.5211286786101642,0.5214020365082211,0.5202675898553965,0.0,0.0,0.0,4.4685691591439536e-07,-0.009999552741646767,0.0,0.0,0.0,0.0,0.0,0.012361608445644379,0.0023616089019924402,0.0,0.0,0.0,0.0
162.394,-0.009999105884730852,0.009999999776482582,-0.019999105661213434,datactrl_ref_vx_fallback,states_vx_gs,0.012762649916112423,datactrl_est_theta_fallback,-0.11144367605447769,0.3914416832731548,0.22599899409402022,0.5220318864418435,0.5218126022865693,0.5221207083897161,0.5217237803386967,0.522011938586457,0.5218325501419558,0.0,0.0,0.0,4.4685691591439536e-07,-0.009999552741646767,0.0,0.0,0.0,0.0,0.0,0.012762649916112423,0.012762649916112423,0.0,0.0,0.0,0.0
162.495,-0.009999105884730852,0.009999999776482582,-0.019999105661213434,datactrl_ref_vx_fallback,states_vx_gs,0.013163690455257893,datactrl_est_theta_fallback,-0.019299371168017387,0.3921354339992141,0.2263995656759836,0.5228464204638817,0.5228480702006891,0.5231388318512344,0.5225556588133364,0.5226552399981954,0.5230392506663755,0.0,0.0,0.0,4.4685691591439536e-07,-0.009999552741646767,0.0,0.0,0.0,0.0,0.0,0.013163690455257893,0.013163690455257893,0.0,0.0,0.0,0.0
162.596,-0.009999999776482582,0.009999999776482582,-0.019999999552965164,datactrl_ref_vx_fallback,states_vx_gs,0.013565625995397568,datactrl_est_theta_fallback,0.034992847591638565,0.3927560624640749,0.22675783950388934,0.5236491721555515,0.5237003277486482,0.5238067077751388,0.5235427921290609,0.5235324975353502,0.5238170023688494,0.0,0.0,0.0,0.0,-0.009999999776482582,0.0,0.0,0.0,0.0,0.0,0.013565625995397568,0.013565625995397568,0.0,0.0,0.0,0.0
162.695,-0.016662323381751776,0.009999999776482582,-0.026662323158234358,datactrl_ref_vx_fallback,states_vx_gs,0.020638499408960342,datactrl_est_theta_fallback,0.03472808748483658,0.3931597165872164,0.22699087127474998,0.5241863804051554,0.5242395304940883,0.5242750578880386,0.5241508530112051,0.5241811841699651,0.5242447267292787,0.0,0.0,0.0,-0.003331161569803953,-0.013331161811947823,0.0,0.0,0.0,0.0,0.0,0.020638499408960342,0.020638499408960342,0.0,0.0,0.0,0.0
162.796,-0.016662323381751776,0.009999999776482582,-0.026662323158234358,datactrl_ref_vx_fallback,states_vx_gs,0.021173158660531044,datactrl_est_theta_fallback,0.018781226128339767,0.39326886860407095,0.22705389536021672,0.5243932290658118,0.5243237538783774,0.5243167347286455,0.5244002482155437,0.524467846394002,0.5242491365501871,0.0,0.0,0.0,-0.003331161569803953,-0.013331161811947823,0.0,0.0,0.0,0.0,0.0,0.021173158660531044,0.021173158660531044,0.0,0.0,0.0,0.0
162.896,-0.016662323381751776,0.009999999776482582,-0.026662323158234358,datactrl_ref_vx_fallback,states_vx_gs,0.021707816049456596,datactrl_est_theta_fallback,0.01900613121688366,0.39339426820658524,0.22712629535133405,0.5245608056432258,0.5244905762410015,0.5244837347339831,0.5245676471502442,0.5246389296006656,0.5244124522835617,0.0,0.0,0.0,-0.003331161569803953,-0.013331161811947823,0.0,0.0,0.0,0.0,0.0,0.021707816049456596,0.021707816049456596,0.0,0.0,0.0,0.0
162.995,-0.016662323381751776,0.009999999776482582,-0.026662323158234358,datactrl_ref_vx_fallback,states_vx_gs,0.009999999776482582,states_theta,0.0192866250872612,0.3934427323447971,0.22715428153532896,0.5246472355687952,0.5245333840173303,0.5244943715192448,0.5246862480668807,0.5247051490000715,0.524475470586054,0.0,0.0,0.0,-0.003331161569803953,-0.013331161811947823,0.0,0.0,0.0,0.0,0.0,0.02224247343838215,0.012242474593222141,0.0,0.0,0.0,0.0
163.096,-0.016662323381751776,0.009999999776482582,-0.026662323158234358,datactrl_ref_vx_fallback,states_vx_gs,0.009999999776482582,states_theta,0.02000822313129902,0.3933869241663636,0.22712206089281342,0.524571602837438,0.5244601949395317,0.5244198631601764,0.5246119346167932,0.5246329924746413,0.5243988053023283,0.0,0.0,0.0,-0.003331161569803953,-0.013331161811947823,0.0,0.0,0.0,0.0,0.0,0.02277713268995285,0.012777131982147694,0.0,0.0,0.0,0.0
163.196,-0.016662323381751776,0.009999999776482582,-0.026662323158234358,datactrl_ref_vx_fallback,states_vx_gs,0.009999999776482582,states_theta,0.020569082349538803,0.3929989644883704,0.2268980764003147,0.5240640037858444,0.52393323484981,0.5238900792126092,0.5241071594230452,0.5241307379280314,0.523866500707623,0.0,0.0,0.0,-0.003331161569803953,-0.013331161811947823,0.0,0.0,0.0,0.0,0.0,0.023311790078878403,0.01331179030239582,0.0,0.0,0.0,0.0
163.296,-0.02332464512437582,0.009999999776482582,-0.0333246449008584,datactrl_ref_vx_fallback,states_vx_gs,0.009999999776482582,states_theta,0.021005699411034584,0.392741562804511,0.2267494530110741,0.5236406395499463,0.5236701945954164,0.5236213598524412,0.5236894742929216,0.5237529508765492,0.5235578832688136,0.0,0.0,0.0,-0.006662323139607906,-0.016662321984767914,0.0,0.0,0.0,0.0,0.0,0.030518263578414917,0.020518263801932335,0.0,0.0,0.0,0.0
163.397,-0.02332553919404745,0.009999999776482582,-0.03332553897053003,datactrl_ref_vx_fallback,states_vx_gs,0.019999999552965164,states_theta,0.021804211661219597,0.3924122389321758,0.22655933736694292,0.5231499213614199,0.5232827157910489,0.523366638357304,0.5230659987951648,0.523077143809879,0.5233554933425898,0.0,0.0,0.0,-0.006662770174443722,-0.01666276901960373,0.0,0.0,0.0,0.0,0.0,0.03118741512298584,0.01118741650134325,0.0,0.0,0.0,0.0
163.497,-0.02332464512437582,0.009999999776482582,-0.0333246449008584,datactrl_ref_vx_fallback,states_vx_gs,0.019999999552965164,states_theta,0.02254544012248516,0.3920169688153288,0.22633114030095852,0.5225983976628579,0.5227801858446857,0.5228696629389683,0.5225089205685752,0.5225228625380615,0.5228557209694821,0.0,0.0,0.0,-0.006662323139607906,-0.016662321984767914,0.0,0.0,0.0,0.0,0.0,0.031854793429374695,0.01185479573905468,0.0,0.0,0.0,0.0
163.597,-0.02332464512437582,0.009999999776482582,-0.0333246449008584,datactrl_ref_vx_fallback,states_vx_gs,0.019999999552965164,states_theta,0.04197416082024574,0.39182466418718226,0.22622007809456932,0.5224057656140441,0.5224600055517753,0.5224665754076521,0.5223991957581673,0.5223771353272562,0.5224886358385632,0.0,0.0,0.0,-0.006662323139607906,-0.016662321984767914,0.0,0.0,0.0,0.0,0.0,0.03252305090427399,0.012523053213953972,0.0,0.0,0.0,0.0
163.696,-0.02332464512437582,0.009999999776482582,-0.0333246449008584,datactrl_ref_vx_fallback,states_vx_gs,0.029999999329447746,states_theta,0.04201262444257736,0.391583031830355,0.22608057785096106,0.5221214684962634,0.5220999497180165,0.5219918956826485,0.5222295225316315,0.5221562067243811,0.5220652114898988,0.0,0.0,0.0,-0.006662323139607906,-0.016662321984767914,0.0,0.0,0.0,0.0,0.0,0.03319130837917328,0.003191309981048107,0.0,0.0,0.0,0.0
163.796,-0.02332464512437582,0.009999999776482582,-0.0333246449008584,datactrl_ref_vx_fallback,states_vx_gs,0.029999999329447746,states_theta,0.011169555597007275,0.39127097962428903,0.22590040813901763,0.5216285346598816,0.5217607443382225,0.5216754916394273,0.5217137873586768,0.5217084769221261,0.521680802075978,0.0,0.0,0.0,-0.006662323139607906,-0.016662321984767914,0.0,0.0,0.0,0.0,0.0,0.03385956585407257,0.0038595672231167555,0.0,0.0,0.0,0.0
163.898,-0.023326432798057795,0.009999999776482582,-0.03332643257454038,datactrl_ref_vx_fallback,states_vx_gs,0.019999999552965164,states_theta,-0.05245833098888397,0.3909668415068745,0.22572484470891732,0.5212615616447294,0.5213166823736026,0.5215279371355659,0.5210503068827661,0.5212367826768587,0.5213414613414733,0.0,0.0,0.0,-0.00666321674361825,-0.016663216054439545,0.0,0.0,0.0,0.0,0.0,0.034529611468315125,0.01452961377799511,0.0,0.0,0.0,0.0
163.997,-0.029988756403326988,0.009999999776482582,-0.03998875617980957,datactrl_ref_vx_fallback,states_vx_gs,0.019999999552965164,states_theta,-0.0520116426050663,0.3906418090428922,0.22553719292167326,0.5208279159624404,0.5208835748186055,0.5211182536375888,0.5205932371434571,0.5208204019686494,0.5208910888123964,0.0,0.0,0.0,-0.009994378313422203,-0.019994378089904785,0.0,0.0,0.0,0.0,0.0,0.04186972230672836,0.0218697227537632,0.0,0.0,0.0,0.0
164.098,-0.029986968263983727,0.009999999776482582,-0.03998696804046631,datactrl_ref_vx_fallback,states_vx_gs,0.019999999552965164,states_theta,0.08723218739032745,0.3903001723943363,0.22533991149501154,0.5203980690159035,0.5204023907023266,0.5203418191141097,0.5204586406041204,0.5204026318067753,0.5203978279114548,0.0,0.0,0.0,-0.009993484243750572,-0.019993484020233154,0.0,0.0,0.0,0.0,0.0,0.04275000840425491,0.02275000885128975,0.0,0.0,0.0,0.0
164.197,-0.029986968263983727,0.009999999776482582,-0.03998696804046631,datactrl_ref_vx_fallback,states_vx_gs,0.03999999910593033,states_theta,0.15938299894332886,0.39024193540191415,0.22530633678039186,0.5203659839864323,0.5202791770853388,0.5200248660560224,0.5206202950157487,0.5203086455414782,0.5203365155302929,0.0,0.0,0.0,-0.009993484243750572,-0.019993484020233154,0.0,0.0,0.0,0.0,0.0,0.043551865965127945,0.0035518656950443983,0.0,0.0,0.0,0.0
164.298,-0.029986968263983727,0.009999999776482582,-0.03998696804046631,datactrl_ref_vx_fallback,states_vx_gs,0.04999999701976776,states_theta,0.10378289967775345,0.39016811579797106,0.22526370660427372,0.5202538793257078,0.5201944294688817,0.5199582548169581,0.5204900539776314,0.5202429278300871,0.5202053809645024,0.0,0.0,0.0,-0.009993484243750572,-0.019993484020233154,0.0,0.0,0.0,0.0,0.0,0.04435371980071068,-0.005646275822073221,0.0,0.0,0.0,0.0
164.398,-0.02998965047299862,0.009999999776482582,-0.0399896502494812,datactrl_ref_vx_fallback,states_vx_gs,0.05999999865889549,states_theta,0.03188300505280495,0.38975510595613594,0.22502523000553296,0.5197032142599133,0.5196437349564492,0.5195140777255016,0.5198328714908609,0.5196837631426521,0.5196631860737104,0.0,0.0,0.0,-0.009994825348258018,-0.0199948251247406,0.0,0.0,0.0,0.0,0.0,0.0451582670211792,-0.014841729775071144,0.0,0.0,0.0,0.0
164.498,-0.02998965047299862,0.009999999776482582,-0.0399896502494812,datactrl_ref_vx_fallback,states_vx_gs,0.05999999865889549,states_theta,0.008250901475548744,0.3896300474154346,0.2249530154146321,0.5195036076844655,0.5195098520900268,0.5194505901354702,0.519562869639022,0.5194665239435108,0.5195469358309814,0.0,0.0,0.0,-0.009994825348258018,-0.0199948251247406,0.0,0.0,0.0,0.0,0.0,0.04596018046140671,-0.014039820060133934,0.0,0.0,0.0,0.0
164.599,-0.019989650696516037,-0.009994825348258018,-0.009994825348258018,datactrl_ref_vx_fallback,datactrl_est_vx_fallback,0.05999999865889549,states_theta,0.005977054126560688,0.3898832967324236,0.2250992384494259,0.5198689674761492,0.5198198238103138,0.5197718395952052,0.5199169516912577,0.519718012758699,0.519970778527764,0.0,0.0,0.0,-0.009994825348258018,-0.009994825348258018,0.0,0.0,0.0,0.0,0.0,0.02677369862794876,-0.03322630003094673,0.0,0.0,0.0,0.0
164.699,-0.019986968487501144,-0.009993484243750572,-0.009993484243750572,datactrl_ref_vx_fallback,datactrl_est_vx_fallback,0.05999999865889549,states_theta,-0.019424913451075554,0.38979555880706607,0.22504857930117522,0.5197276152618029,0.5197272082237065,0.5197028530310012,0.5197519704545083,0.5196062048101714,0.519848618675338,0.0,0.0,0.0,-0.009993484243750572,-0.009993484243750572,0.0,0.0,0.0,0.0,0.0,0.02717185951769352,-0.03282814100384712,0.0,0.0,0.0,0.0
164.798,-0.019986968487501144,-0.009993484243750572,-0.009993484243750572,datactrl_ref_vx_fallback,datactrl_est_vx_fallback,0.03999999910593033,states_theta,-0.164544016122818,0.38970526170523434,0.22499645874764526,0.5196332243418328,0.5195808068721254,0.5197155317151375,0.5194984994988207,0.5197661768027765,0.5194478544111817,0.0,0.0,0.0,-0.009993484243750572,-0.009993484243750572,0.0,0.0,0.0,0.0,0.0,0.02757265605032444,-0.012427342124283314,0.0,0.0,0.0,0.0
164.9,-0.026649292558431625,-0.013324646279215813,-0.013324646279215813,datactrl_ref_vx_fallback,datactrl_est_vx_fallback,0.029999999329447746,states_theta,-0.10730776190757751,0.3896378808600929,0.22495755261438435,0.5195175399594696,0.519516809000778,0.5196120081057773,0.5194223408544703,0.5196654465454618,0.5193689024147858,0.0,0.0,0.0,-0.013324646279215813,-0.013324646279215813,0.0,0.0,0.0,0.0,0.0,0.034658629447221756,0.004658631049096584,0.0,0.0,0.0,0.0
164.998,-0.026649292558431625,-0.013324646279215813,-0.013324646279215813,datactrl_ref_vx_fallback,datactrl_est_vx_fallback,0.019999999552965164,states_theta,-0.10703311860561371,0.3895433223662188,0.22490296754516953,0.519376385736704,0.5194058072398795,0.5195306579784704,0.519251534998113,0.5195530075628596,0.5192291854137239,0.0,0.0,0.0,-0.013324646279215813,-0.013324646279215813,0.0,0.0,0.0,0.0,0.0,0.035193026065826416,0.015193027444183826,0.0,0.0,0.0,0.0
165.099,-0.026649292558431625,-0.013324646279215813,-0.013324646279215813,datactrl_ref_vx_fallback,datactrl_est_vx_fallback,0.009999999776482582,states_theta,-0.10703965276479721,0.38945960026514614,0.2248546415574813,0.5192626455330719,0.5192962885073179,0.5194499504818297,0.51910898355856,0.5194700467075102,0.5190888873328796,0.0,0.0,0.0,-0.013324646279215813,-0.013324646279215813,0.0,0.0,0.0,0.0,0.0,0.035727422684431076,0.025727424770593643,0.0,0.0,0.0,0.0
165.199,-0.026649292558431625,-0.013324646279215813,-0.013324646279215813,datactrl_ref_vx_fallback,datactrl_est_vx_fallback,0.036261819303035736,datactrl_est_theta_fallback,-0.0692087709903717,0.3897193338201782,0.22500460503917732,0.5196240623237748,0.5196274945300338,0.5197015172180479,0.5195500396357606,0.5198926336509757,0.5193589232028328,0.0,0.0,0.0,-0.013324646279215813,-0.013324646279215813,0.0,0.0,0.0,0.0,0.0,0.036261819303035736,0.036261819303035736,0.0,0.0,0.0,0.0
165.299,-0.026652866974473,-0.0133264334872365,-0.0133264334872365,datactrl_ref_vx_fallback,datactrl_est_vx_fallback,0.036799803376197815,datactrl_est_theta_fallback,-0.029090195894241333,0.3896246792008412,0.22494994256660836,0.519495145616951,0.5195039989186256,0.5195380624542194,0.5194610820813572,0.5197252977219367,0.51927384681364,0.0,0.0,0.0,-0.0133264334872365,-0.0133264334872365,0.0,0.0,0.0,0.0,0.0,0.036799803376197815,0.036799803376197815,0.0,0.0,0.0,0.0
165.398,-0.026652866974473,-0.0133264334872365,-0.0133264334872365,datactrl_ref_vx_fallback,datactrl_est_vx_fallback,0.037334270775318146,datactrl_est_theta_fallback,0.045310117304325104,0.38952822757968797,0.2248942313126123,0.5193572119010449,0.5193847283114564,0.5194068929610858,0.5193350472514155,0.519449641526669,0.5192922986858324,0.0,0.0,0.0,-0.0133264334872365,-0.0133264334872365,0.0,0.0,0.0,0.0,0.0,0.037334270775318146,0.037334270775318146,0.0,0.0,0.0,0.0
165.499,-0.026652866974473,-0.0133264334872365,-0.0133264334872365,datactrl_ref_vx_fallback,datactrl_est_vx_fallback,0.009999999776482582,states_theta,0.045000627636909485,0.3894563703193523,0.22485274160928378,0.5192895475135112,0.5192607733380951,0.5193163287644761,0.5192339920871302,0.5192987949826685,0.5192515258689377,0.0,0.0,0.0,-0.0133264334872365,-0.0133264334872365,0.0,0.0,0.0,0.0,0.0,0.037868741899728775,0.027868740260601044,0.0,0.0,0.0,0.0
165.599,-0.026652866974473,-0.0133264334872365,-0.0133264334872365,datactrl_ref_vx_fallback,datactrl_est_vx_fallback,0.009999999776482582,states_theta,0.04501663148403168,0.3893702944135138,0.22480304730662892,0.5191504230058259,0.5191703620968775,0.5192332337336103,0.5190875513690931,0.5191568427807955,0.5191639423219079,0.0,0.0,0.0,-0.0133264334872365,-0.0133264334872365,0.0,0.0,0.0,0.0,0.0,0.038403209298849106,0.028403209522366524,0.0,0.0,0.0,0.0
165.699,-0.026649292558431625,-0.013324646279215813,-0.013324646279215813,datactrl_ref_vx_fallback,datactrl_est_vx_fallback,0.019999999552965164,states_theta,0.06441228091716766,0.38966123792690166,0.22497102130637003,0.5195415947626304,0.5195550397091074,0.5195592786023167,0.5195373558694212,0.5195153291423191,0.5195813053294187,0.0,0.0,0.0,-0.013324646279215813,-0.013324646279215813,0.0,0.0,0.0,0.0,0.0,0.03893408924341202,0.018934089690446854,0.0,0.0,0.0,0.0
165.8,-0.026649292558431625,-0.013324646279215813,-0.013324646279215813,datactrl_ref_vx_fallback,datactrl_est_vx_fallback,0.019999999552965164,states_theta,0.06503213942050934,0.3895907406447533,0.2249303197561466,0.5194470145463413,0.5194616271730007,0.5194686363710534,0.5194400053482886,0.5194207164424596,0.5194879252768825,0.0,0.0,0.0,-0.013324646279215813,-0.013324646279215813,0.0,0.0,0.0,0.0,0.0,0.03946848586201668,0.019468486309051514,0.0,0.0,0.0,0.0
165.899,-0.026649292558431625,-0.013324646279215813,-0.013324646279215813,datactrl_ref_vx_fallback,datactrl_est_vx_fallback,0.029999999329447746,states_theta,0.06502416729927063,0.3895324555711628,0.2248966713638018,0.5193571408906299,0.5193960739658041,0.5193798930288185,0.5193733218276155,0.5193023470956792,0.5194508677607548,0.0,0.0,0.0,-0.013324646279215813,-0.013324646279215813,0.0,0.0,0.0,0.0,0.0,0.04000288248062134,0.010002884082496166,0.0,0.0,0.0,0.0
166.0,-0.026649292558431625,-0.013324646279215813,-0.013324646279215813,datactrl_ref_vx_fallback,datactrl_est_vx_fallback,0.029999999329447746,states_theta,0.06502409279346466,0.38946004267887874,0.22485486809358918,0.5192353838548214,0.5193247299555219,0.5193149900299469,0.5192451237803964,0.5191776803543663,0.519382433455977,0.0,0.0,0.0,-0.013324646279215813,-0.013324646279215813,0.0,0.0,0.0,0.0,0.0,0.040537279099226,0.010537280701100826,0.0,0.0,0.0,0.0
166.1,-0.026649292558431625,-0.013324646279215813,-0.013324646279215813,datactrl_ref_vx_fallback,datactrl_est_vx_fallback,0.03999999910593033,states_theta,0.06502409279346466,0.3893732930411532,0.22480478631947265,0.5191184083440887,0.5192103730989865,0.5191754021503026,0.5191533792927727,0.5190335167538738,0.5192952646892015,0.0,0.0,0.0,-0.013324646279215813,-0.013324646279215813,0.0,0.0,0.0,0.0,0.0,0.04107167571783066,0.0010716774268075824,0.0,0.0,0.0,0.0
166.199,-0.026649292558431625,-0.013324646279215813,-0.013324646279215813,datactrl_ref_vx_fallback,datactrl_est_vx_fallback,0.03999999910593033,states_theta,0.013280054554343224,0.38969703041175685,0.22499168567944955,0.5195801029149435,0.5196119781830747,0.5196010660197028,0.5195910150783154,0.5195817366432867,0.5196103444547315,0.0,0.0,0.0,-0.013324646279215813,-0.013324646279215813,0.0,0.0,0.0,0.0,0.0,0.04160607233643532,0.0016060740454122424,0.0,0.0,0.0,0.0
166.3,-0.026649292558431625,-0.013324646279215813,-0.013324646279215813,datactrl_ref_vx_fallback,datactrl_est_vx_fallback,0.03999999910593033,states_theta,-0.029506849125027657,0.3896386557899259,0.2249579890987795,0.5195299945230685,0.5195064209167339,0.5194972651080342,0.5195391503317682,0.5196218685653006,0.5194145468745018,0.0,0.0,0.0,-0.013324646279215813,-0.013324646279215813,0.0,0.0,0.0,0.0,0.0,0.04214046895503998,0.0021404705476015806,0.0,0.0,0.0,0.0
166.4,-0.026649292558431625,-0.013324646279215813,-0.013324646279215813,datactrl_ref_vx_fallback,datactrl_est_vx_fallback,0.03999999910593033,states_theta,-0.030003845691680908,0.38957979356616773,0.2249240049116707,0.5194492909816073,0.5194301585281733,0.5194225705575355,0.5194568789522451,0.5195437255468829,0.5193357239628977,0.0,0.0,0.0,-0.013324646279215813,-0.013324646279215813,0.0,0.0,0.0,0.0,0.0,0.04267486557364464,0.0026748671662062407,0.0,0.0,0.0,0.0
166.5,-0.026649292558431625,-0.013324646279215813,-0.013324646279215813,datactrl_ref_vx_fallback,datactrl_est_vx_fallback,0.03999999910593033,states_theta,-0.030011186376214027,0.38953390704343954,0.22489751767165694,0.5194109030235412,0.5193461824256309,0.5193348190337197,0.5194222664154524,0.5195122532586955,0.5192448321904766,0.0,0.0,0.0,-0.013324646279215813,-0.013324646279215813,0.0,0.0,0.0,0.0,0.0,0.0432092621922493,0.0032092637848109007,0.0,0.0,0.0,0.0
166.601,-0.026649292558431625,-0.013324646279215813,-0.013324646279215813,datactrl_ref_vx_fallback,datactrl_est_vx_fallback,0.029999999329447746,states_theta,-0.030011123046278954,0.3894741554361089,0.2248630304079949,0.519298136613439,0.5192996112161847,0.5192542112185844,0.5193435366110394,0.5194923806938964,0.5191053671357274,0.0,0.0,0.0,-0.013324646279215813,-0.013324646279215813,0.0,0.0,0.0,0.0,0.0,0.04374365881085396,0.013743660412728786,0.0,0.0,0.0,0.0
166.701,-0.02665376104414463,-0.013326880522072315,-0.013326880522072315,datactrl_ref_vx_fallback,datactrl_est_vx_fallback,0.029999999329447746,states_theta,-0.010847230441868305,0.3898185556174671,0.22506186809223586,0.5197704322243709,0.5197457160888747,0.5196927525819903,0.5198233957312552,0.5199361718458122,0.5195799764674334,0.0,0.0,0.0,-0.013326880522072315,-0.013326880522072315,0.0,0.0,0.0,0.0,0.0,0.044282540678977966,0.014282540418207645,0.0,0.0,0.0,0.0
166.801,-0.02665376104414463,-0.013326880522072315,-0.013326880522072315,datactrl_ref_vx_fallback,datactrl_est_vx_fallback,0.029999999329447746,states_theta,0.01013126876205206,0.3897211627079856,0.2250056203106684,0.519604472190895,0.5196519616970667,0.5196476851409252,0.5196087487470366,0.519681690722895,0.5195747431650667,0.0,0.0,0.0,-0.013326880522072315,-0.013326880522072315,0.0,0.0,0.0,0.0,0.0,0.04481702670454979,0.014817027375102043,0.0,0.0,0.0,0.0
166.901,-0.02665376104414463,-0.013326880522072315,-0.013326880522072315,datactrl_ref_vx_fallback,datactrl_est_vx_fallback,0.03999999910593033,states_theta,0.08386219292879105,0.389690594755978,0.22498798701416445,0.5195923672378426,0.5195825521114321,0.5196267867140245,0.5195481326352502,0.5194158680491734,0.5197590513001014,0.0,0.0,0.0,-0.013326880522072315,-0.013326880522072315,0.0,0.0,0.0,0.0,0.0,0.04535151273012161,0.005351513158529997,0.0,0.0,0.0,0.0
167.001,-0.026649292558431625,-0.013324646279215813,-0.013324646279215813,datactrl_ref_vx_fallback,datactrl_est_vx_fallback,0.04999999701976776,states_theta,0.06486683338880539,0.38965962180737646,0.2249701022336721,0.5195528377127319,0.5195394871069388,0.5195626626964385,0.5195296621232321,0.5193845356603624,0.5197077891593083,0.0,0.0,0.0,-0.013324646279215813,-0.013324646279215813,0.0,0.0,0.0,0.0,0.0,0.04588151350617409,-0.004118482116609812,0.0,0.0,0.0,0.0
167.101,-0.026649292558431625,-0.013324646279215813,-0.013324646279215813,datactrl_ref_vx_fallback,datactrl_est_vx_fallback,0.04999999701976776,states_theta,0.04587023705244064,0.3896283517943432,0.22495204828643608,0.519490105126482,0.5195188329917666,0.5195544709213699,0.5194544671968787,0.5193515728802712,0.5196573652379773,0.0,0.0,0.0,-0.013324646279215813,-0.013324646279215813,0.0,0.0,0.0,0.0,0.0,0.04641591012477875,-0.0035840854980051517,0.0,0.0,0.0,0.0
167.201,-0.026649292558431625,-0.013324646279215813,-0.013324646279215813,datactrl_ref_vx_fallback,datactrl_est_vx_fallback,0.05999999865889549,states_theta,0.04602712020277977,0.3895697447412862,0.22491821606021284,0.5194127047145838,0.5194399479288461,0.5194530150747001,0.5193996375687298,0.5192435479254278,0.519609104718002,0.0,0.0,0.0,-0.013324646279215813,-0.013324646279215813,0.0,0.0,0.0,0.0,0.0,0.04695030674338341,-0.01304969098418951,0.0,0.0,0.0,0.0
167.304,-0.026649292558431625,-0.013324646279215813,-0.013324646279215813,datactrl_ref_vx_fallback,datactrl_est_vx_fallback,0.05999999865889549,states_theta,0.043161142617464066,0.3899155065345809,0.2251178412627927,0.5198739687714116,0.5199007153208042,0.5199192122287176,0.5198554718634981,0.5197075924935904,0.5200670915986253,0.0,0.0,0.0,-0.013324646279215813,-0.013324646279215813,0.0,0.0,0.0,0.0,0.0,0.04748470336198807,-0.01251529436558485,0.0,0.0,0.0,0.0
167.402,-0.026649292558431625,-0.013324646279215813,-0.013324646279215813,datactrl_ref_vx_fallback,datactrl_est_vx_fallback,0.05999999865889549,states_theta,-0.026730423793196678,0.38991414925821877,0.22511703917597367,0.5198919935553107,0.5198790711332727,0.5198956619436533,0.51987540274493,0.5198750733402465,0.5198959913483369,0.0,0.0,0.0,-0.013324646279215813,-0.013324646279215813,0.0,0.0,0.0,0.0,0.0,0.04801909998059273,-0.01198089774698019,0.0,0.0,0.0,0.0
167.502,-0.026649292558431625,-0.013324646279215813,-0.013324646279215813,datactrl_ref_vx_fallback,datactrl_est_vx_fallback,0.05999999865889549,states_theta,-0.0512322336435318,0.3898855223385519,0.22510051821940932,0.5198955355919511,0.5197991906441873,0.5198075430111635,0.519887183224975,0.5199400925689903,0.5197546336671481,0.0,0.0,0.0,-0.013324646279215813,-0.013324646279215813,0.0,0.0,0.0,0.0,0.0,0.04855349659919739,-0.01144650112837553,0.0,0.0,0.0,0.0
167.602,-0.026649292558431625,-0.013324646279215813,-0.013324646279215813,datactrl_ref_vx_fallback,datactrl_est_vx_fallback,0.04999999701976776,states_theta,0.00023645989131182432,0.38985662542237826,0.22508382817910128,0.5198398863886333,0.5197777814043754,0.5198132080003001,0.5198044597927086,0.5198087156608929,0.5198089521321158,0.0,0.0,0.0,-0.013324646279215813,-0.013324646279215813,0.0,0.0,0.0,0.0,0.0,0.04908789321780205,-0.0009121024631895125,0.0,0.0,0.0,0.0
167.703,-0.016649292781949043,-0.009999999776482582,-0.006649293005466461,datactrl_ref_vx_fallback,states_vx_gs,0.05999999865889549,states_theta,0.022415485233068466,0.3898274045087268,0.22506697402084688,0.5197771288301415,0.5197626165264634,0.5197331827613846,0.5198065625952203,0.519598487771019,0.5199412575855858,0.0,0.0,0.0,-0.013324646279215813,-0.0033246465027332306,0.0,0.0,0.0,0.0,0.0,0.02935316041111946,-0.03064683824777603,0.0,0.0,0.0,0.0
167.802,-0.016649292781949043,-0.009999999776482582,-0.006649293005466461,datactrl_ref_vx_fallback,states_vx_gs,0.04999999701976776,states_theta,-0.0883357971906662,0.3897436577709027,0.22501861002549622,0.5196402043531608,0.5196762163692464,0.5197438549351607,0.5195725657872465,0.5196495409143458,0.5196668798080615,0.0,0.0,0.0,-0.013324646279215813,-0.0033246465027332306,0.0,0.0,0.0,0.0,0.0,0.02948649786412716,-0.020513499155640602,0.0,0.0,0.0,0.0
167.904,-0.016649292781949043,-0.009999999776482582,-0.006649293005466461,datactrl_ref_vx_fallback,states_vx_gs,0.03999999910593033,states_theta,-0.08896251022815704,0.3897406805121464,0.22501689626043833,0.519697780597845,0.5196107007678786,0.5196654279320154,0.5196430534337082,0.5197766950967517,0.5195317862689719,0.0,0.0,0.0,-0.013324646279215813,-0.0033246465027332306,0.0,0.0,0.0,0.0,0.0,0.029619837179780006,-0.010380162857472897,0.0,0.0,0.0,0.0
168.003,-0.016649292781949043,-0.009999999776482582,-0.006649293005466461,datactrl_ref_vx_fallback,states_vx_gs,0.029999999329447746,states_theta,-0.05059940367937088,0.3897104336116394,0.22499942819649754,0.5196504007784906,0.5195774221858811,0.5196505217665263,0.5195773011978454,0.5196869105168812,0.5195409124474905,0.0,0.0,0.0,-0.013324646279215813,-0.0033246465027332306,0.0,0.0,0.0,0.0,0.0,0.029753174632787704,-0.0002468248421791941,0.0,0.0,0.0,0.0
168.103,-0.009986968711018562,-0.009999999776482582,1.3031065464019775e-05,datactrl_ref_vx_fallback,states_vx_gs,0.029999999329447746,states_theta,-0.03169066458940506,0.38968002471485574,0.22498187003168632,0.5196312896186639,0.5195154429542848,0.5195655000210153,0.5195812325519333,0.5196150692084038,0.5195316633645448,0.0,0.0,0.0,-0.009993484243750572,6.515532732009888e-06,0.0,0.0,0.0,0.0,0.0,0.023201335221529007,-0.006798663176596165,0.0,0.0,0.0,0.0
168.203,-0.009986968711018562,-0.009999999776482582,1.3031065464019775e-05,datactrl_ref_vx_fallback,states_vx_gs,0.029999999329447746,states_theta,-0.03201702609658241,0.3896629409494047,0.22497200849167914,0.5196378937685543,0.5194632820965249,0.5195762693142243,0.5195249065508549,0.5195590432594461,0.5195421326056331,0.0,0.0,0.0,-0.009993484243750572,6.515532732009888e-06,0.0,0.0,0.0,0.0,0.0,0.023201074451208115,-0.006798924412578344,0.0,0.0,0.0,0.0
168.303,-0.009982507675886154,-0.009999999776482582,1.7492100596427917e-05,datactrl_ref_vx_fallback,states_vx_gs,0.019999999552965164,states_theta,-0.03201191872358322,0.3900379978459215,0.22518855250313094,0.5201626065427406,0.5199387210463834,0.5200793649679483,0.5200219626211757,0.5201112774215237,0.5199900501676002,0.0,0.0,0.0,-0.009991253726184368,8.746050298213959e-06,0.0,0.0,0.0,0.0,0.0,0.02319633774459362,0.003196337493136525,0.0,0.0,0.0,0.0
168.403,-0.009982507675886154,-0.009999999776482582,1.7492100596427917e-05,datactrl_ref_vx_fallback,states_vx_gs,0.019999999552965164,states_theta,0.01625225692987442,0.39000792046102684,0.225171183204073,0.5200246823493972,0.5199964388800076,0.5200735620461511,0.5199475591832537,0.519936733978282,0.5200843872511228,0.0,0.0,0.0,-0.009991253726184368,8.746050298213959e-06,0.0,0.0,0.0,0.0,0.0,0.023195985704660416,0.0031959868501871824,0.0,0.0,0.0,0.0
168.504,-0.009982507675886154,-0.009999999776482582,1.7492100596427917e-05,datactrl_ref_vx_fallback,states_vx_gs,0.029999999329447746,states_theta,0.012646796181797981,0.39000769422278736,0.22517104991204923,0.5199794447183621,0.5200410732090708,0.5200134524294096,0.5200070654980233,0.5199482619578841,0.5200722559695488,0.0,0.0,0.0,-0.009991253726184368,8.746050298213959e-06,0.0,0.0,0.0,0.0,0.0,0.02319563552737236,-0.006804363802075386,0.0,0.0,0.0,0.0
168.603,-0.009982507675886154,-0.009999999776482582,1.7492100596427917e-05,datactrl_ref_vx_fallback,states_vx_gs,0.019999999552965164,states_theta,-0.02362305112183094,0.3899505196610493,0.22513804393101042,0.5198806460326505,0.5199874063968143,0.5199143723568199,0.5199536800726449,0.520025419386427,0.5198426330430378,0.0,0.0,0.0,-0.009991253726184368,8.746050298213959e-06,0.0,0.0,0.0,0.0,0.0,0.023195285350084305,0.0031952853314578533,0.0,0.0,0.0,0.0
168.703,-0.009986968711018562,-0.009999999776482582,1.3031065464019775e-05,datactrl_ref_vx_fallback,states_vx_gs,0.019999999552965164,states_theta,-0.012935652397572994,0.3899226322837389,0.22512194090101814,0.5198808770773453,0.519912809012625,0.5198666932946476,0.5199269927953227,0.5199767188234725,0.5198169672664978,0.0,0.0,0.0,-0.009993484243750572,6.515532732009888e-06,0.0,0.0,0.0,0.0,0.0,0.02319941110908985,0.0031994108576327562,0.0,0.0,0.0,0.0
168.802,-0.009986968711018562,-0.009999999776482582,1.3031065464019775e-05,datactrl_ref_vx_fallback,states_vx_gs,0.029999999329447746,states_theta,0.054365381598472595,0.389908150234249,0.2251135831731112,0.5199323957675223,0.5198226715238085,0.5197942954817922,0.5199607718095385,0.5198151992268647,0.519939868064466,0.0,0.0,0.0,-0.009993484243750572,6.515532732009888e-06,0.0,0.0,0.0,0.0,0.0,0.02319914847612381,-0.006800850387662649,0.0,0.0,0.0,0.0
168.904,-0.0033246465027332306,-0.009999999776482582,0.0066753532737493515,datactrl_ref_vx_fallback,states_vx_gs,0.029999999329447746,states_theta,0.0021283389069139957,0.3898935204907424,0.2251051397740784,0.5198443962517092,0.5198716583902705,0.519911337137335,0.5198047175046447,0.5197301385658453,0.5199859160761344,0.0,0.0,0.0,-0.006662323139607906,0.0033376766368746758,0.0,0.0,0.0,0.0,0.0,0.01651371270418167,-0.0134862856939435,0.0,0.0,0.0,0.0
169.004,-0.0033246465027332306,-0.009999999776482582,0.0066753532737493515,datactrl_ref_vx_fallback,states_vx_gs,0.019999999552965164,states_theta,-0.0708465725183487,0.38989117027126635,0.22510379674377945,0.5197772729550778,0.5199325144349658,0.5200424237602127,0.5196673636298309,0.5197986144124517,0.5199111729775919,0.0,0.0,0.0,-0.006662323139607906,0.0033376766368746758,0.0,0.0,0.0,0.0,0.0,0.01637985371053219,-0.0036201467737555504,0.0,0.0,0.0,0.0
169.104,-0.0033246465027332306,-0.009999999776482582,0.0066753532737493515,datactrl_ref_vx_fallback,states_vx_gs,0.019999999552965164,states_theta,0.01129037793725729,0.38987631023064917,0.22509519572768247,0.5197709198856522,0.5198992407294123,0.5198320019128372,0.5198381587022273,0.5197977447402932,0.5198724158747713,0.0,0.0,0.0,-0.006662323139607906,0.0033376766368746758,0.0,0.0,0.0,0.0,0.0,0.016245992854237556,-0.003754007164388895,0.0,0.0,0.0,0.0
169.205,-0.0033246465027332306,-0.009999999776482582,0.0066753532737493515,datactrl_ref_vx_fallback,states_vx_gs,0.029999999329447746,states_theta,0.03149031847715378,0.38984780185348167,0.22507876138482952,0.519822426494956,0.519771711780995,0.5195858560020217,0.5200082822739294,0.5198694487603497,0.5197246895156014,0.0,0.0,0.0,-0.006662323139607906,0.0033376766368746758,0.0,0.0,0.0,0.0,0.0,0.016112131997942924,-0.013887867331504822,0.0,0.0,0.0,0.0
169.304,0.0066753532737493515,-0.019999999552965164,0.026675352826714516,datactrl_ref_vx_fallback,states_vx_gs,0.019999999552965164,states_theta,-0.029785241931676865,0.3898190513025704,0.22506213638042735,0.5197905505824596,0.5197269195577281,0.5197418453857665,0.5197756247544212,0.5197075515562799,0.5198099185839078,0.0,0.0,0.0,-0.006662323139607906,0.013337676413357258,0.0,0.0,0.0,0.0,0.0,-0.003970011603087187,-0.02397001162171364,0.0,0.0,0.0,0.0
169.405,0.0066753532737493515,-0.019999999552965164,0.026675352826714516,datactrl_ref_vx_fallback,states_vx_gs,0.009999999776482582,states_theta,-0.13099393248558044,0.38978992194370643,0.22504536335109243,0.5196652599151713,0.5197745319347126,0.519993991628396,0.5194458002214879,0.5196393690457435,0.5198004228041404,0.0,0.0,0.0,-0.006662323139607906,0.013337676413357258,0.0,0.0,0.0,0.0,0.0,-0.0045049311593174934,-0.014504930935800076,0.0,0.0,0.0,0.0
169.504,0.01333767594769597,-0.019999999552965164,0.033337675500661135,datactrl_ref_vx_fallback,states_vx_gs,-0.011725025251507759,datactrl_est_theta_fallback,-0.09724070876836777,0.3897742114204014,0.22503625118281956,0.5197002289885232,0.5196976681325473,0.519767686222637,0.5196302108984334,0.519768288074324,0.5196296090467465,0.0,0.0,0.0,-0.003331161569803953,0.016668837517499924,0.0,0.0,0.0,0.0,0.0,-0.011725025251507759,-0.011725025251507759,0.0,0.0,0.0,0.0
169.605,0.01333767594769597,-0.019999999552965164,0.033337675500661135,datactrl_ref_vx_fallback,states_vx_gs,-0.012393543496727943,datactrl_est_theta_fallback,-0.0014722932828590274,0.38978543385126935,0.22504273717614934,0.5197222418799774,0.5197055817234075,0.5195826778559849,0.5198451457474,0.5197797983098584,0.5196480252935265,0.0,0.0,0.0,-0.003331161569803953,0.016668837517499924,0.0,0.0,0.0,0.0,0.0,-0.012393543496727943,-0.012393543496727943,0.0,0.0,0.0,0.0
169.705,0.01333767594769597,-0.019999999552965164,0.033337675500661135,datactrl_ref_vx_fallback,states_vx_gs,-0.013062062673270702,datactrl_est_theta_fallback,-0.021434631198644638,0.38975602100843737,0.22502574576765705,0.5196763090322244,0.5196730803236086,0.5196192415862434,0.5197301477695896,0.5197018805214694,0.5196475088343636,0.0,0.0,0.0,-0.003331161569803953,0.016668837517499924,0.0,0.0,0.0,0.0,0.0,-0.013062062673270702,-0.013062062673270702,0.0,0.0,0.0,0.0
169.806,0.01333767594769597,-0.019999999552965164,0.033337675500661135,datactrl_ref_vx_fallback,states_vx_gs,-0.013730580918490887,datactrl_est_theta_fallback,-0.040623076260089874,0.3897671211491969,0.22503215256696407,0.5196852433881703,0.5196937463430215,0.5197073383099313,0.5196716514212605,0.5196788188015145,0.5197001709296774,0.0,0.0,0.0,-0.003331161569803953,0.016668837517499924,0.0,0.0,0.0,0.0,0.0,-0.013730580918490887,-0.013730580918490887,0.0,0.0,0.0,0.0
169.905,0.01333767594769597,-0.019999999552965164,0.033337675500661135,datactrl_ref_vx_fallback,states_vx_gs,-0.014399099163711071,datactrl_est_theta_fallback,-0.04101433604955673,0.3901265970837323,0.22523969640447675,0.5201682362465564,0.5201693559767299,0.5201481506489282,0.5201894415743581,0.5201929373161168,0.5201446549071694,0.0,0.0,0.0,-0.003331161569803953,0.016668837517499924,0.0,0.0,0.0,0.0,0.0,-0.014399099163711071,-0.014399099163711071,0.0,0.0,0.0,0.0
170.006,0.019999999552965164,-0.019999999552965164,0.03999999910593033,datactrl_ref_vx_fallback,states_vx_gs,-0.021752793341875076,datactrl_est_theta_fallback,-0.022703533992171288,0.3897653090878722,0.225031107757212,0.5196854842130041,0.5196886733546551,0.5196450407486665,0.5197291168189927,0.5196528317396686,0.5197213258279906,0.0,0.0,0.0,0.0,0.019999999552965164,0.0,0.0,0.0,0.0,0.0,-0.021752793341875076,-0.021752793341875076,0.0,0.0,0.0,0.0
170.106,0.019999999552965164,-0.019999999552965164,0.03999999910593033,datactrl_ref_vx_fallback,states_vx_gs,-0.009999999776482582,states_theta,-0.06079389154911041,0.3897493563934991,0.22502189703157044,0.519675620882063,0.519655996167268,0.5196740119819252,0.5196576050674058,0.5197105183890882,0.5196210986602428,0.0,0.0,0.0,0.0,0.019999999552965164,0.0,0.0,0.0,0.0,0.0,-0.02255490981042385,-0.012554910033941269,0.0,0.0,0.0,0.0
170.206,0.019999999552965164,-0.019999999552965164,0.03999999910593033,datactrl_ref_vx_fallback,states_vx_gs,-0.009999999776482582,states_theta,-0.04364258050918579,0.390097592207251,0.22522294993892444,0.5201368332402548,0.5201234126457478,0.5201347606552079,0.5201254852307947,0.5201375863439875,0.5201226595420151,0.0,0.0,0.0,0.0,0.019999999552965164,0.0,0.0,0.0,0.0,0.0,-0.023357028141617775,-0.013357027433812618,0.0,0.0,0.0,0.0
170.306,0.009999999776482582,-0.009999999776482582,0.019999999552965164,datactrl_ref_vx_fallback,states_vx_gs,-0.019999999552965164,states_theta,-0.04402568191289902,0.3897074265715386,0.22499769617613824,0.5196168173299994,0.5196029868607702,0.5196952450942917,0.519524559096478,0.5196995700927486,0.5195202340980211,0.0,0.0,0.0,0.0,0.009999999776482582,0.0,0.0,0.0,0.0,0.0,-0.004090544302016497,0.015909455716609955,0.0,0.0,0.0,0.0
170.406,0.009999999776482582,-0.009999999776482582,0.019999999552965164,datactrl_ref_vx_fallback,states_vx_gs,-0.019999999552965164,states_theta,-0.044577937573194504,0.39009348368008456,0.22522058631869157,0.5201311833641475,0.5201181064494114,0.5202103220068497,0.5200389678067092,0.52021377442689,0.5200355153866689,0.0,0.0,0.0,0.0,0.009999999776482582,0.0,0.0,0.0,0.0,0.0,-0.004491603001952171,0.015508396551012993,0.0,0.0,0.0,0.0
170.506,0.009999999776482582,-0.009999999776482582,0.019999999552965164,datactrl_ref_vx_fallback,states_vx_gs,-0.019999999552965164,states_theta,-0.006648263428360224,0.3897186932826562,0.22500419499579077,0.5196320871271224,0.5196177616266274,0.5196697757844418,0.519580072969308,0.5196746697977702,0.5195751789559796,0.0,0.0,0.0,0.0,0.009999999776482582,0.0,0.0,0.0,0.0,0.0,-0.004892661701887846,0.015107337385416031,0.0,0.0,0.0,0.0
170.606,0.016662323381751776,-0.009999999776482582,0.026662323158234358,datactrl_ref_vx_fallback,states_vx_gs,-0.019999999552965164,states_theta,0.02852519415318966,0.39009126326780974,0.225219296303569,0.5201039796767802,0.520139389037379,0.5201262891019862,0.520117079612173,0.5200999724786164,0.5201433962355428,0.0,0.0,0.0,0.003331161569803953,0.013331161811947823,0.0,0.0,0.0,0.0,0.0,-0.011978896334767342,0.008021103218197823,0.0,0.0,0.0,0.0
170.706,0.016662323381751776,-0.009999999776482582,0.026662323158234358,datactrl_ref_vx_fallback,states_vx_gs,-0.019999999552965164,states_theta,0.029215630143880844,0.389716820465576,0.22500311268363202,0.5195918798091719,0.5196529747656975,0.5196393574243248,0.5196054971505446,0.5195844213554388,0.5196604332194306,0.0,0.0,0.0,0.003331161569803953,0.013331161811947823,0.0,0.0,0.0,0.0,0.0,-0.012513553723692894,0.00748644582927227,0.0,0.0,0.0,0.0
170.806,0.016662323381751776,-0.009999999776482582,0.026662323158234358,datactrl_ref_vx_fallback,states_vx_gs,-0.019999999552965164,states_theta,0.02901354618370533,0.3826206429854069,0.22090613205046442,0.5101595956852388,0.5101621189425128,0.5101248816986645,0.5101968329290871,0.5101736139094675,0.5101481007182842,0.0,0.0,0.0,0.003331161569803953,0.013331161811947823,0.0,0.0,0.0,0.0,0.0,-0.013048212043941021,0.0069517879746854305,0.0,0.0,0.0,0.0
170.907,0.016662323381751776,-0.009999999776482582,0.026662323158234358,datactrl_ref_vx_fallback,states_vx_gs,-0.009999999776482582,states_theta,-0.006381846033036709,0.37703663017866595,0.21768220222186943,0.5027422924855819,0.5026887213241941,0.5026711247106519,0.5027598890991241,0.50275166525217,0.502679348557606,0.0,0.0,0.0,0.003331161569803953,0.013331161811947823,0.0,0.0,0.0,0.0,0.0,-0.013582869432866573,-0.003582869889214635,0.0,0.0,0.0,0.0
171.006,0.016662323381751776,-0.009999999776482582,0.026662323158234358,datactrl_ref_vx_fallback,states_vx_gs,-0.019999999552965164,states_theta,-0.00846386980265379,0.3726968630102704,0.21517663492554243,0.49692687739609953,0.49693142396462153,0.49695990881799035,0.4968983925427307,0.49694713293450465,0.4969111684262164,0.0,0.0,0.0,0.003331161569803953,0.013331161811947823,0.0,0.0,0.0,0.0,0.0,-0.0141175277531147,0.005882472265511751,0.0,0.0,0.0,0.0
171.107,0.016662323381751776,-0.009999999776482582,0.026662323158234358,datactrl_ref_vx_fallback,states_vx_gs,-0.009999999776482582,states_theta,0.013537168502807617,0.36918390506308385,0.21314842982260881,0.49221585273183904,0.4922745607697178,0.4922528509437841,0.49223756255777273,0.49218238601525266,0.4923080274863042,0.0,0.0,0.0,0.003331161569803953,0.013331161811947823,0.0,0.0,0.0,0.0,0.0,-0.014652185142040253,-0.004652185831218958,0.0,0.0,0.0,0.0
171.207,0.02332464512437582,-0.009999999776482582,0.0333246449008584,datactrl_ref_vx_fallback,states_vx_gs,-0.009999999776482582,states_theta,0.02606724388897419,0.367529242623748,0.2121931117618083,0.4900235413894187,0.4900544389405759,0.489985466765329,0.4900925135646656,0.4899704207085435,0.4901075596214511,0.0,0.0,0.0,0.006662323139607906,0.016662321984767914,0.0,0.0,0.0,0.0,0.0,-0.02193884365260601,-0.011938844807446003,0.0,0.0,0.0,0.0
171.307,0.02332464512437582,-0.009999999776482582,0.0333246449008584,datactrl_ref_vx_fallback,states_vx_gs,-0.009999999776482582,states_theta,-0.037655048072338104,0.3664051223781478,0.21154409623373996,0.48852509187536486,0.48855523446636273,0.4885497494997363,0.4885305768419913,0.48853654419169545,0.48854378215003214,0.0,0.0,0.0,0.006662323139607906,0.016662321984767914,0.0,0.0,0.0,0.0,0.0,-0.022607101127505302,-0.01260710135102272,0.0,0.0,0.0,0.0
171.407,0.02332464512437582,-0.009999999776482582,0.0333246449008584,datactrl_ref_vx_fallback,states_vx_gs,-0.019999999552965164,states_theta,-0.04503709077835083,0.3655193974194638,0.2110327242187153,0.4873446319507717,0.4873737611677985,0.48740102196574825,0.487317371152822,0.48739001884042804,0.4873283742781422,0.0,0.0,0.0,0.006662323139607906,0.016662321984767914,0.0,0.0,0.0,0.0,0.0,-0.023275358602404594,-0.0032753590494394302,0.0,0.0,0.0,0.0
171.511,0.02332464512437582,-0.009999999776482582,0.0333246449008584,datactrl_ref_vx_fallback,states_vx_gs,-0.019999999552965164,states_theta,-0.04501672089099884,0.3575953803984556,0.20645779266666828,0.4767559432453132,0.47683173781723515,0.47686011774609477,0.47672756331645355,0.4767962647533372,0.4767914163092111,0.0,0.0,0.0,0.006662323139607906,0.016662321984767914,0.0,0.0,0.0,0.0,0.0,-0.023943616077303886,-0.003943616058677435,0.0,0.0,0.0,0.0
171.605,0.013324646279215813,0.006662323139607906,0.006662323139607906,datactrl_ref_vx_fallback,datactrl_est_vx_fallback,-0.029999999329447746,states_theta,-0.029761619865894318,0.31375803934406865,0.18114831489815017,0.4182588732712385,0.4184292316462778,0.4185178946918915,0.41817021022562484,0.4183725906669018,0.41831551425061453,0.0,0.0,0.0,0.006662323139607906,0.006662323139607906,0.0,0.0,0.0,0.0,0.0,-0.004302636254578829,0.025697363540530205,0.0,0.0,0.0,0.0
171.708,0.013324646279215813,0.006662323139607906,0.006662323139607906,datactrl_ref_vx_fallback,datactrl_est_vx_fallback,-0.019999999552965164,states_theta,0.03229937702417374,0.27843235091991086,0.16075299820961728,0.37116136322719157,0.3713249058925708,0.3712612605723159,0.37122500854744644,0.37124294180667516,0.3712433273130872,0.0,0.0,0.0,0.006662323139607906,0.006662323139607906,0.0,0.0,0.0,0.0,0.0,-0.004436235409229994,0.015563763678073883,0.0,0.0,0.0,0.0
171.808,0.013324646279215813,0.006662323139607906,0.006662323139607906,datactrl_ref_vx_fallback,datactrl_est_vx_fallback,-0.019999999552965164,states_theta,0.03200118988752365,0.27067585353493057,0.15627478760400104,0.36079023510425134,0.36101204098889683,0.36088909968292043,0.36091317641022774,0.3609317294418785,0.36087054665126966,0.0,0.0,0.0,0.006662323139607906,0.006662323139607906,0.0,0.0,0.0,0.0,0.0,-0.004436235409229994,0.015563763678073883,0.0,0.0,0.0,0.0
171.909,0.013324646279215813,0.006662323139607906,0.006662323139607906,datactrl_ref_vx_fallback,datactrl_est_vx_fallback,-0.019999999552965164,states_theta,0.05478024482727051,0.26643235677606725,0.15382480664187564,0.3552170440056213,0.35526924073055793,0.35513984076320165,0.3553464439729776,0.3553176516260878,0.35516863311009145,0.0,0.0,0.0,0.006662323139607906,0.006662323139607906,0.0,0.0,0.0,0.0,0.0,-0.004436235409229994,0.015563763678073883,0.0,0.0,0.0,0.0
172.008,0.013324646279215813,0.006662323139607906,0.006662323139607906,datactrl_ref_vx_fallback,datactrl_est_vx_fallback,-0.009999999776482582,states_theta,0.055006030946969986,0.22743236086084803,0.13130818204124772,0.30332116353745026,0.30316513209147783,0.3030594019686483,0.3034268936602798,0.3033422063943229,0.3031440892346052,0.0,0.0,0.0,0.006662323139607906,0.006662323139607906,0.0,0.0,0.0,0.0,0.0,-0.004436235409229994,0.005563764367252588,0.0,0.0,0.0,0.0
172.108,0.013324646279215813,0.006662323139607906,0.006662323139607906,datactrl_ref_vx_fallback,datactrl_est_vx_fallback,-0.004436235409229994,datactrl_est_theta_fallback,0.05502040684223175,0.1993073643533077,0.11507024518289755,0.26584499377409937,0.2656413111680545,0.2655030807773844,0.2659832241647695,0.2658430813957109,0.265643223546443,0.0,0.0,0.0,0.006662323139607906,0.006662323139607906,0.0,0.0,0.0,0.0,0.0,-0.004436235409229994,-0.004436235409229994,0.0,0.0,0.0,0.0
172.209,0.013324646279215813,0.006662323139607906,0.006662323139607906,datactrl_ref_vx_fallback,datactrl_est_vx_fallback,-0.004436235409229994,datactrl_est_theta_fallback,0.054123781621456146,0.1876823678960588,0.10835858374824263,0.2503692171834946,0.2501170972059955,0.24997787490682802,0.25050843948266205,0.25037016030961207,0.25011615407987803,0.0,0.0,0.0,0.006662323139607906,0.006662323139607906,0.0,0.0,0.0,0.0,0.0,-0.004436235409229994,-0.004436235409229994,0.0,0.0,0.0,0.0
172.308,0.013324646279215813,0.006662323139607906,0.006662323139607906,datactrl_ref_vx_fallback,datactrl_est_vx_fallback,-0.004436235409229994,datactrl_est_theta_fallback,0.004532156977802515,0.1606823715729203,0.0927701423799896,0.21444350595347955,0.2140428182409746,0.2140565442626663,0.21442977993178786,0.214394575020115,0.21409174917433915,0.0,0.0,0.0,0.006662323139607906,0.006662323139607906,0.0,0.0,0.0,0.0,0.0,-0.004436235409229994,-0.004436235409229994,0.0,0.0,0.0,0.0
172.408,0.013324646279215813,0.006662323139607906,0.006662323139607906,datactrl_ref_vx_fallback,datactrl_est_vx_fallback,-0.004436235409229994,datactrl_est_theta_fallback,-0.011046973057091236,0.13668237518272658,0.07891378766793723,0.18246598639830702,0.18202034742229722,0.18206151912994512,0.18242481469065913,0.18242199039479312,0.18206434342581113,0.0,0.0,0.0,0.006662323139607906,0.006662323139607906,0.0,0.0,0.0,0.0,0.0,-0.004436235409229994,-0.004436235409229994,0.0,0.0,0.0,0.0
172.51,0.013324646279215813,0.006662323139607906,0.006662323139607906,datactrl_ref_vx_fallback,datactrl_est_vx_fallback,-0.004436235409229994,datactrl_est_theta_fallback,-0.011003402061760426,0.11455737875062338,0.06614001205906082,0.15298995268820573,0.15249639064678996,0.15253373913770438,0.15295260419729131,0.1529496893400862,0.15253665399490948,0.0,0.0,0.0,0.006662323139607906,0.006662323139607906,0.0,0.0,0.0,0.0,0.0,-0.004436235409229994,-0.004436235409229994,0.0,0.0,0.0,0.0
172.609,0.013324646279215813,0.006662323139607906,0.006662323139607906,datactrl_ref_vx_fallback,datactrl_est_vx_fallback,-0.004436235409229994,datactrl_est_theta_fallback,-0.011004071682691574,0.09355738229337446,0.05401580640414126,0.1250138946817552,0.12447245810057671,0.12450610216786694,0.12498025061446495,0.12497733714855692,0.12450901563377499,0.0,0.0,0.0,0.006662323139607906,0.006662323139607906,0.0,0.0,0.0,0.0,0.0,-0.004436235409229994,-0.004436235409229994,0.0,0.0,0.0,0.0
172.712,0.013324646279215813,0.006662323139607906,0.006662323139607906,datactrl_ref_vx_fallback,datactrl_est_vx_fallback,-0.004436235409229994,datactrl_est_theta_fallback,-0.011004077270627022,0.07068238587803505,0.04080904348436565,0.09450719337992948,0.09397916896149731,0.09400772031699352,0.09447864202443328,0.09447572857062346,0.09401063377080333,0.0,0.0,0.0,0.006662323139607906,0.006662323139607906,0.0,0.0,0.0,0.0,0.0,-0.004436235409229994,-0.004436235409229994,0.0,0.0,0.0,0.0
172.81,0.013324646279215813,0.006662323139607906,0.006662323139607906,datactrl_ref_vx_fallback,datactrl_est_vx_fallback,-0.004436235409229994,datactrl_est_theta_fallback,-0.011004077270627022,0.048182384983965376,0.027819166849187563,0.06454296401856224,0.06394339593867876,0.06397277000952903,0.06451358994771197,0.06451067649390216,0.06397568346333884,0.0,0.0,0.0,0.006662323139607906,0.006662323139607906,0.0,0.0,0.0,0.0,0.0,-0.004436235409229994,-0.004436235409229994,0.0,0.0,0.0,0.0
172.909,0.0,0.0,0.0,datactrl_ref_vx_fallback,datactrl_est_vx_fallback,0.0,datactrl_est_theta_fallback,-0.011004077270627022,0.046293126645764474,0.026728718126447247,0.062048669147729885,0.0613996685743087,0.061416624849244275,0.06203171287279431,0.062028866726628024,0.06141947099541056,0.0,0.0,0.0,0.0,0.0,0.0,0.0,0.0,0.0,0.0,0.0,0.0,0.0,0.0,0.0,0.0
173.009,0.0,0.0,0.0,datactrl_ref_vx_fallback,datactrl_est_vx_fallback,0.0,datactrl_est_theta_fallback,-0.007881821133196354,0.04188775318696425,0.024185150278000486,0.05614457663294676,0.05555609853229123,0.05557128848783684,0.05612938667740115,0.05612669747922887,0.05557397768600912,0.0,0.0,0.0,0.0,0.0,0.0,0.0,0.0,0.0,0.0,0.0,0.0,0.0,0.0,0.0,0.0
173.109,0.0,0.0,0.0,datactrl_ref_vx_fallback,datactrl_est_vx_fallback,-0.009999999776482582,states_theta,-0.008005364798009396,0.03790160644102156,0.02188363492877163,0.05080233280602798,0.05026861770336285,0.05028220942703221,0.05078874108235862,0.05078619389660401,0.05028475661278682,0.0,0.0,0.0,0.0,0.0,0.0,0.0,0.0,0.0,0.0,0.0,0.009999999776482582,0.0,0.0,0.0,0.0
173.211,0.0,0.0,0.0,datactrl_ref_vx_fallback,datactrl_est_vx_fallback,-0.009999999776482582,states_theta,-0.007054647896438837,0.03429479171150826,0.019801137739576917,0.045968470695157464,0.045484307202197906,0.045496452785862944,0.045956325111492426,0.04595390642388714,0.045498871473468226,0.0,0.0,0.0,0.0,0.0,0.0,0.0,0.0,0.0,0.0,0.0,0.009999999776482582,0.0,0.0,0.0,0.0
173.31,0.0,0.0,0.0,datactrl_ref_vx_fallback,datactrl_est_vx_fallback,-0.009999999776482582,states_theta,-0.00700483750551939,0.031031210784323218,0.01791681637859777,0.041594611383617995,0.04115528404124392,0.04116612110332133,0.04158377432154058,0.04158147190386897,0.041168423520992946,0.0,0.0,0.0,0.0,0.0,0.0,0.0,0.0,0.0,0.0,0.0,0.009999999776482582,0.0,0.0,0.0,0.0
173.41,0.0,0.0,0.0,datactrl_ref_vx_fallback,datactrl_est_vx_fallback,-0.009999999776482582,states_theta,-0.007002588361501694,0.028078200644616007,0.01621181192430907,0.03763697981730981,0.03723822190166621,0.03724787496444881,0.03762732675452721,0.03762512954224216,0.03725007217673386,0.0,0.0,0.0,0.0,0.0,0.0,0.0,0.0,0.0,0.0,0.0,0.009999999776482582,0.0,0.0,0.0,0.0
173.51,0.0,0.0,0.0,datactrl_ref_vx_fallback,datactrl_est_vx_fallback,-0.009999999776482582,states_theta,-0.007002594880759716,0.025406206574369386,0.01466906011906159,0.03405596668931399,0.03369391750900437,0.03370249924492213,0.03404738495339623,0.034045282934881536,0.03370460126343682,0.0,0.0,0.0,0.0,0.0,0.0,0.0,0.0,0.0,0.0,0.0,0.009999999776482582,0.0,0.0,0.0,0.0
173.61,0.0,0.0,0.0,datactrl_ref_vx_fallback,datactrl_est_vx_fallback,-0.009999999776482582,states_theta,-0.007002594880759716,0.02298848635884141,0.013273120584252349,0.03081573201662721,0.030486898273616548,0.030494510632900027,0.03080811965734373,0.030806103773714406,0.03049652651652935,0.0,0.0,0.0,0.0,0.0,0.0,0.0,0.0,0.0,0.0,0.0,0.009999999776482582,0.0,0.0,0.0,0.0
173.711,0.0,0.0,0.0,datactrl_ref_vx_fallback,datactrl_est_vx_fallback,-0.009999999776482582,states_theta,-0.007002594880759716,0.02080084264148846,0.012010022287823847,0.027883846441561007,0.027585067269074885,0.027591802500107503,0.02787711121052839,0.02787517326496635,0.02759374044566954,0.0,0.0,0.0,0.0,0.0,0.0,0.0,0.0,0.0,0.0,0.0,0.009999999776482582,0.0,0.0,0.0,0.0
173.811,0.0,0.0,0.0,datactrl_ref_vx_fallback,datactrl_est_vx_fallback,-0.009999999776482582,states_theta,-0.007002594880759716,0.018821380748697353,0.010867123717484842,0.025230966667842736,0.024959381995350204,0.02496532356792103,0.02522502509527191,0.025223157670989444,0.024967190992203497,0.0,0.0,0.0,0.0,0.0,0.0,0.0,0.0,0.0,0.0,0.0,0.009999999776482582,0.0,0.0,0.0,0.0
173.913,0.0,0.0,0.0,datactrl_ref_vx_fallback,datactrl_est_vx_fallback,-0.009999999776482582,states_theta,-0.007002594880759716,0.01703028956052264,0.009832986360200531,0.022830541783030286,0.022583563711696748,0.0225887871523942,0.022825318342332833,0.02282351472834289,0.022590590766384144,0.0,0.0,0.0,0.0,0.0,0.0,0.0,0.0,0.0,0.0,0.0,0.009999999776482582,0.0,0.0,0.0,0.0
174.01,0.0,0.0,0.0,datactrl_ref_vx_fallback,datactrl_est_vx_fallback,-0.009999999776482582,states_theta,-0.007002594880759716,0.015409643234347712,0.008897260221714259,0.02065854752806738,0.020433834430193185,0.020438408078300524,0.02065397387996004,0.02065222800391043,0.020440153954350136,0.0,0.0,0.0,0.0,0.0,0.0,0.0,0.0,0.0,0.0,0.0,0.009999999776482582,0.0,0.0,0.0,0.0
174.111,0.0,0.0,0.0,datactrl_ref_vx_fallback,datactrl_est_vx_fallback,-0.009999999776482582,states_theta,-0.007002594880759716,0.013943221797022955,0.008050580240324002,0.018693245854418915,0.0184886789376423,0.01849266462910014,0.018689260162961074,0.018687566530360307,0.018494358261700906,0.0,0.0,0.0,0.0,0.0,0.0,0.0,0.0,0.0,0.0,0.0,0.009999999776482582,0.0,0.0,0.0,0.0
174.211,0.0,0.0,0.0,datactrl_ref_vx_fallback,datactrl_est_vx_fallback,-0.009999999776482582,states_theta,-0.007002594880759716,0.012616348809920672,0.007284472558195955,0.016914967362372055,0.01672862946408307,0.016732083150364264,0.01691151367609086,0.01690986731531746,0.016733729511137663,0.0,0.0,0.0,0.0,0.0,0.0,0.0,0.0,0.0,0.0,0.0,0.009999999776482582,0.0,0.0,0.0,0.0
174.311,0.0,0.0,0.0,datactrl_ref_vx_fallback,datactrl_est_vx_fallback,-0.009999999776482582,states_theta,-0.007002594880759716,0.011415744482210059,0.006591269712150445,0.015305914443080406,0.015136070842813085,0.015139043150903867,0.015302942134989624,0.01530133854753445,0.015140646738359041,0.0,0.0,0.0,0.0,0.0,0.0,0.0,0.0,0.0,0.0,0.0,0.009999999776482582,0.0,0.0,0.0,0.0
174.411,0.0,0.0,0.0,datactrl_ref_vx_fallback,datactrl_est_vx_fallback,-0.019999999552965164,states_theta,-0.007002594880759716,0.010329392762240968,0.005964033895109773,0.013849983154104495,0.013695064211871421,0.013697600950963286,0.01384744641501263,0.013845881530456275,0.01369916583551964,0.0,0.0,0.0,0.0,0.0,0.0,0.0,0.0,0.0,0.0,0.0,0.019999999552965164,0.0,0.0,0.0,0.0
174.513,0.0,0.0,0.0,datactrl_ref_vx_fallback,datactrl_est_vx_fallback,-0.019999999552965164,states_theta,-0.007002594880759716,0.009346421076865237,0.005396487520195964,0.012532602045749795,0.012391187492557501,0.012393330112521011,0.012530459425786285,0.01252892956106097,0.012394859977246327,0.0,0.0,0.0,0.0,0.0,0.0,0.0,0.0,0.0,0.0,0.0,0.019999999552965164,0.0,0.0,0.0,0.0
174.612,0.0,0.0,0.0,datactrl_ref_vx_fallback,datactrl_est_vx_fallback,-0.019999999552965164,states_theta,-0.007002594880759716,0.008456991515067899,0.004882950392529979,0.011340586325097442,0.011211391048416956,0.011213177054645963,0.011338800318868435,0.011337302141396617,0.01121467523211778,0.0,0.0,0.0,0.0,0.0,0.0,0.0,0.0,0.0,0.0,0.0,0.019999999552965164,0.0,0.0,0.0,0.0
174.712,0.0,0.0,0.0,datactrl_ref_vx_fallback,datactrl_est_vx_fallback,-0.019999999552965164,states_theta,-0.007002594880759716,0.007652202366845884,0.004418282859931458,0.010262005898163479,0.010143867080092211,0.010145330408870452,0.010260542569385238,0.010259073063726056,0.010146799914529634,0.0,0.0,0.0,0.0,0.0,0.0,0.0,0.0,0.0,0.0,0.0,0.019999999552965164,0.0,0.0,0.0,0.0
174.812,0.0,0.0,0.0,datactrl_ref_vx_fallback,datactrl_est_vx_fallback,-0.019999999552965164,states_theta,-0.007002594880759716,0.006923999031905724,0.00399783437355415,0.009286065969512976,0.009177931448902287,0.009179102807049123,0.00928489461136614,0.009283451049035878,0.009180546369379386,0.0,0.0,0.0,0.0,0.0,0.0,0.0,0.0,0.0,0.0,0.0,0.019999999552965164,0.0,0.0,0.0,0.0
174.912,0.0,0.0,0.0,datactrl_ref_vx_fallback,datactrl_est_vx_fallback,-0.019999999552965164,states_theta,-0.007002594880759716,0.006265093406512916,0.0036173969436278284,0.00840299900431415,0.008303916746386959,0.008304823918581531,0.008402091832119577,0.008400671744284069,0.00830624400641704,0.0,0.0,0.0,0.0,0.0,0.0,0.0,0.0,0.0,0.0,0.0,0.019999999552965164,0.0,0.0,0.0,0.0
175.012,0.0,0.0,0.0,datactrl_ref_vx_fallback,datactrl_est_vx_fallback,-0.019999999552965164,states_theta,-0.007002594880759716,0.005668890941703133,0.0032731630244840202,0.007603966971570813,0.007513075539637541,0.007513743666497187,0.007603298844711167,0.007601899997476883,0.007515142513731471,0.0,0.0,0.0,0.0,0.0,0.0,0.0,0.0,0.0,0.0,0.0,0.019999999552965164,0.0,0.0,0.0,0.0
175.113,0.0,0.0,0.0,datactrl_ref_vx_fallback,datactrl_est_vx_fallback,-0.019999999552965164,states_theta,-0.007002594880759716,0.005129424642818278,0.0029616874073583642,0.006880972890135716,0.006797492824046359,0.006797944653742357,0.006880521060439718,0.006879141432496202,0.006799324281685873,0.0,0.0,0.0,0.0,0.0,0.0,0.0,0.0,0.0,0.0,0.0,0.019999999552965164,0.0,0.0,0.0,0.0
175.211,0.0,0.0,0.0,datactrl_ref_vx_fallback,datactrl_est_vx_fallback,-0.019999999552965164,states_theta,-0.007002594880759716,0.004641295349817609,0.002679852739582841,0.006226780792234324,0.006150006807279299,0.006150262923208213,0.00622652467630541,0.006225162438695329,0.0061516251608182936,0.0,0.0,0.0,0.0,0.0,0.0,0.0,0.0,0.0,0.0,0.0,0.019999999552965164,0.0,0.0,0.0,0.0
