time_s,vx_target,vx_actual,vx_error,vx_target_source,vx_actual_source,pitch_actual,pitch_actual_source,pitch_rate_q,pwm_mean,pwm_std,pwm_1,pwm_2,pwm_3,pwm_4,pwm_5,pwm_6,pwm_7,pwm_8,ctrl_vx_dX2Vx,ctrl_vx_var,ctrl_vx_delta,ctrl_vx_p,ctrl_vx_int,ctrl_vx_d,ctrl_ele_ffc,ctrl_theta_trim,ctrl_theta_var,ctrl_delta_theta,ctrl_theta_p,ctrl_theta_d,ctrl_ele_fbc,ctrl_ele_law_out
0.0,0.0,0.0,0.0,datactrl_ref_vx_fallback,datactrl_est_vx_fallback,-0.05999999865889549,states_theta,-0.004001482389867306,2.8205798925125465e-06,4.212450244019072e-06,0.0,6.818345258472573e-06,3.681455972956806e-06,0.0,0.0,1.2064837908670992e-05,0.0,0.0,0.0,0.0,0.0,0.0,0.0,0.0,0.0,0.0,0.0,0.05999999865889549,0.0,0.0,0.0,0.0
0.059,0.0,0.0,0.0,datactrl_ref_vx_fallback,datactrl_est_vx_fallback,-0.05999999865889549,states_theta,-0.004001482389867306,2.8205798925125465e-06,4.212450244019072e-06,0.0,6.818345258472573e-06,3.681455972956806e-06,0.0,0.0,1.2064837908670992e-05,0.0,0.0,0.0,0.0,0.0,0.0,0.0,0.0,0.0,0.0,0.0,0.05999999865889549,0.0,0.0,0.0,0.0
0.341,0.0,0.0,0.0,datactrl_ref_vx_fallback,datactrl_est_vx_fallback,-0.05999999865889549,states_theta,-0.004001482389867306,2.8205798925125465e-06,4.212450244019072e-06,0.0,6.818345258472573e-06,3.681455972956806e-06,0.0,0.0,1.2064837908670992e-05,0.0,0.0,0.0,0.0,0.0,0.0,0.0,0.0,0.0,0.0,0.0,0.05999999865889549,0.0,0.0,0.0,0.0
0.63,0.0,0.0,0.0,datactrl_ref_vx_fallback,datactrl_est_vx_fallback,-0.05999999865889549,states_theta,-0.004001482389867306,2.8205798925125465e-06,4.212450244019072e-06,0.0,6.818345258472573e-06,3.681455972956806e-06,0.0,0.0,1.2064837908670992e-05,0.0,0.0,0.0,0.0,0.0,0.0,0.0,0.0,0.0,0.0,0.0,0.05999999865889549,0.0,0.0,0.0,0.0
0.908,0.0,0.0,0.0,datactrl_ref_vx_fallback,datactrl_est_vx_fallback,-0.05999999865889549,states_theta,-0.004001482389867306,2.8205798925125465e-06,4.212450244019072e-06,0.0,6.818345258472573e-06,3.681455972956806e-06,0.0,0.0,1.2064837908670992e-05,0.0,0.0,0.0,0.0,0.0,0.0,0.0,0.0,0.0,0.0,0.0,0.05999999865889549,0.0,0.0,0.0,0.0
1.353,0.0,0.0,0.0,datactrl_ref_vx_fallback,datactrl_est_vx_fallback,-0.05999999865889549,states_theta,-0.004001482389867306,2.8205798925125465e-06,4.212450244019072e-06,0.0,6.818345258472573e-06,3.681455972956806e-06,0.0,0.0,1.2064837908670992e-05,0.0,0.0,0.0,0.0,0.0,0.0,0.0,0.0,0.0,0.0,0.0,0.05999999865889549,0.0,0.0,0.0,0.0
1.647,0.0,0.0,0.0,datactrl_ref_vx_fallback,datactrl_est_vx_fallback,-0.05999999865889549,states_theta,-0.004001482389867306,2.8205798925125465e-06,4.212450244019072e-06,0.0,6.818345258472573e-06,3.681455972956806e-06,0.0,0.0,1.2064837908670992e-05,0.0,0.0,0.0,0.0,0.0,0.0,0.0,0.0,0.0,0.0,0.0,0.05999999865889549,0.0,0.0,0.0,0.0
1.971,0.0,0.0,0.0,datactrl_ref_vx_fallback,datactrl_est_vx_fallback,-0.05999999865889549,states_theta,-0.004001482389867306,2.8205798925125465e-06,4.212450244019072e-06,0.0,6.818345258472573e-06,3.681455972956806e-06,0.0,0.0,1.2064837908670992e-05,0.0,0.0,0.0,0.0,0.0,0.0,0.0,0.0,0.0,0.0,0.0,0.05999999865889549,0.0,0.0,0.0,0.0
2.257,0.0,0.0,0.0,datactrl_ref_vx_fallback,datactrl_est_vx_fallback,-0.05999999865889549,states_theta,-0.004001482389867306,2.8205798925125465e-06,4.212450244019072e-06,0.0,6.818345258472573e-06,3.681455972956806e-06,0.0,0.0,1.2064837908670992e-05,0.0,0.0,0.0,0.0,0.0,0.0,0.0,0.0,0.0,0.0,0.0,0.05999999865889549,0.0,0.0,0.0,0.0
2.559,0.0,0.0,0.0,datactrl_ref_vx_fallback,datactrl_est_vx_fallback,-0.07000000029802322,states_theta,-0.004001482389867306,2.8205798925125465e-06,4.212450244019072e-06,0.0,6.818345258472573e-06,3.681455972956806e-06,0.0,0.0,1.2064837908670992e-05,0.0,0.0,0.0,0.0,0.0,0.0,0.0,0.0,0.0,0.0,0.0,0.07000000029802322,0.0,0.0,0.0,0.0
2.854,0.0,0.0,0.0,datactrl_ref_vx_fallback,datactrl_est_vx_fallback,-0.07000000029802322,states_theta,-0.004001482389867306,2.8205798925125465e-06,4.212450244019072e-06,0.0,6.818345258472573e-06,3.681455972956806e-06,0.0,0.0,1.2064837908670992e-05,0.0,0.0,0.0,0.0,0.0,0.0,0.0,0.0,0.0,0.0,0.0,0.07000000029802322,0.0,0.0,0.0,0.0
3.132,0.0,0.0,0.0,datactrl_ref_vx_fallback,datactrl_est_vx_fallback,-0.07000000029802322,states_theta,-0.004001482389867306,2.8205798925125465e-06,4.212450244019072e-06,0.0,6.818345258472573e-06,3.681455972956806e-06,0.0,0.0,1.2064837908670992e-05,0.0,0.0,0.0,0.0,0.0,0.0,0.0,0.0,0.0,0.0,0.0,0.07000000029802322,0.0,0.0,0.0,0.0
3.42,0.0,0.0,0.0,datactrl_ref_vx_fallback,datactrl_est_vx_fallback,-0.07000000029802322,states_theta,-0.004001482389867306,2.8205798925125465e-06,4.212450244019072e-06,0.0,6.818345258472573e-06,3.681455972956806e-06,0.0,0.0,1.2064837908670992e-05,0.0,0.0,0.0,0.0,0.0,0.0,0.0,0.0,0.0,0.0,0.0,0.07000000029802322,0.0,0.0,0.0,0.0
3.746,0.0,0.0,0.0,datactrl_ref_vx_fallback,datactrl_est_vx_fallback,-0.07000000029802322,states_theta,-0.004001482389867306,2.8205798925125465e-06,4.212450244019072e-06,0.0,6.818345258472573e-06,3.681455972956806e-06,0.0,0.0,1.2064837908670992e-05,0.0,0.0,0.0,0.0,0.0,0.0,0.0,0.0,0.0,0.0,0.0,0.07000000029802322,0.0,0.0,0.0,0.0
4.042,0.0,0.0,0.0,datactrl_ref_vx_fallback,datactrl_est_vx_fallback,-0.07000000029802322,states_theta,-0.004001482389867306,2.8205798925125465e-06,4.212450244019072e-06,0.0,6.818345258472573e-06,3.681455972956806e-06,0.0,0.0,1.2064837908670992e-05,0.0,0.0,0.0,0.0,0.0,0.0,0.0,0.0,0.0,0.0,0.0,0.07000000029802322,0.0,0.0,0.0,0.0
4.34,0.0,0.0,0.0,datactrl_ref_vx_fallback,datactrl_est_vx_fallback,-0.07000000029802322,states_theta,-0.004001482389867306,2.8205798925125465e-06,4.212450244019072e-06,0.0,6.818345258472573e-06,3.681455972956806e-06,0.0,0.0,1.2064837908670992e-05,0.0,0.0,0.0,0.0,0.0,0.0,0.0,0.0,0.0,0.0,0.0,0.07000000029802322,0.0,0.0,0.0,0.0
4.63,0.0,0.0,0.0,datactrl_ref_vx_fallback,datactrl_est_vx_fallback,-0.07000000029802322,states_theta,-0.004001482389867306,2.8205798925125465e-06,4.212450244019072e-06,0.0,6.818345258472573e-06,3.681455972956806e-06,0.0,0.0,1.2064837908670992e-05,0.0,0.0,0.0,0.0,0.0,0.0,0.0,0.0,0.0,0.0,0.0,0.07000000029802322,0.0,0.0,0.0,0.0
4.917,0.0,0.0,0.0,datactrl_ref_vx_fallback,datactrl_est_vx_fallback,-0.07000000029802322,states_theta,-0.004001482389867306,2.8205798925125465e-06,4.212450244019072e-06,0.0,6.818345258472573e-06,3.681455972956806e-06,0.0,0.0,1.2064837908670992e-05,0.0,0.0,0.0,0.0,0.0,0.0,0.0,0.0,0.0,0.0,0.0,0.07000000029802322,0.0,0.0,0.0,0.0
5.182,0.0,0.0,0.0,datactrl_ref_vx_fallback,datactrl_est_vx_fallback,-0.07000000029802322,states_theta,-0.004001482389867306,2.8205798925125465e-06,4.212450244019072e-06,0.0,6.818345258472573e-06,3.681455972956806e-06,0.0,0.0,1.2064837908670992e-05,0.0,0.0,0.0,0.0,0.0,0.0,0.0,0.0,0.0,0.0,0.0,0.07000000029802322,0.0,0.0,0.0,0.0
5.46,0.0,0.0,0.0,datactrl_ref_vx_fallback,datactrl_est_vx_fallback,-0.07000000029802322,states_theta,-0.004001482389867306,2.8205798925125465e-06,4.212450244019072e-06,0.0,6.818345258472573e-06,3.681455972956806e-06,0.0,0.0,1.2064837908670992e-05,0.0,0.0,0.0,0.0,0.0,0.0,0.0,0.0,0.0,0.0,0.0,0.07000000029802322,0.0,0.0,0.0,0.0
5.742,0.0,0.0,0.0,datactrl_ref_vx_fallback,datactrl_est_vx_fallback,-0.07000000029802322,states_theta,-0.004001482389867306,2.8205798925125465e-06,4.212450244019072e-06,0.0,6.818345258472573e-06,3.681455972956806e-06,0.0,0.0,1.2064837908670992e-05,0.0,0.0,0.0,0.0,0.0,0.0,0.0,0.0,0.0,0.0,0.0,0.07000000029802322,0.0,0.0,0.0,0.0
6.075,0.0,0.0,0.0,datactrl_ref_vx_fallback,datactrl_est_vx_fallback,-0.07999999821186066,states_theta,-0.004001482389867306,2.8205798925125465e-06,4.212450244019072e-06,0.0,6.818345258472573e-06,3.681455972956806e-06,0.0,0.0,1.2064837908670992e-05,0.0,0.0,0.0,0.0,0.0,0.0,0.0,0.0,0.0,0.0,0.0,0.07999999821186066,0.0,0.0,0.0,0.0
6.375,0.0,0.0,0.0,datactrl_ref_vx_fallback,datactrl_est_vx_fallback,-0.07999999821186066,states_theta,-0.004001482389867306,2.8205798925125465e-06,4.212450244019072e-06,0.0,6.818345258472573e-06,3.681455972956806e-06,0.0,0.0,1.2064837908670992e-05,0.0,0.0,0.0,0.0,0.0,0.0,0.0,0.0,0.0,0.0,0.0,0.07999999821186066,0.0,0.0,0.0,0.0
6.681,0.0,0.0,0.0,datactrl_ref_vx_fallback,datactrl_est_vx_fallback,-0.07999999821186066,states_theta,-0.004001482389867306,2.8205798925125465e-06,4.212450244019072e-06,0.0,6.818345258472573e-06,3.681455972956806e-06,0.0,0.0,1.2064837908670992e-05,0.0,0.0,0.0,0.0,0.0,0.0,0.0,0.0,0.0,0.0,0.0,0.07999999821186066,0.0,0.0,0.0,0.0
6.943,0.0,0.0,0.0,datactrl_ref_vx_fallback,datactrl_est_vx_fallback,-0.07999999821186066,states_theta,-0.004001482389867306,2.8205798925125465e-06,4.212450244019072e-06,0.0,6.818345258472573e-06,3.681455972956806e-06,0.0,0.0,1.2064837908670992e-05,0.0,0.0,0.0,0.0,0.0,0.0,0.0,0.0,0.0,0.0,0.0,0.07999999821186066,0.0,0.0,0.0,0.0
7.241,0.0,0.0,0.0,datactrl_ref_vx_fallback,datactrl_est_vx_fallback,-0.07999999821186066,states_theta,-0.004001482389867306,2.8205798925125465e-06,4.212450244019072e-06,0.0,6.818345258472573e-06,3.681455972956806e-06,0.0,0.0,1.2064837908670992e-05,0.0,0.0,0.0,0.0,0.0,0.0,0.0,0.0,0.0,0.0,0.0,0.07999999821186066,0.0,0.0,0.0,0.0
7.571,0.0,0.0,0.0,datactrl_ref_vx_fallback,datactrl_est_vx_fallback,-0.07999999821186066,states_theta,-0.004001482389867306,2.8205798925125465e-06,4.212450244019072e-06,0.0,6.818345258472573e-06,3.681455972956806e-06,0.0,0.0,1.2064837908670992e-05,0.0,0.0,0.0,0.0,0.0,0.0,0.0,0.0,0.0,0.0,0.0,0.07999999821186066,0.0,0.0,0.0,0.0
7.867,0.0,0.0,0.0,datactrl_ref_vx_fallback,datactrl_est_vx_fallback,-0.07999999821186066,states_theta,-0.004001482389867306,2.8205798925125465e-06,4.212450244019072e-06,0.0,6.818345258472573e-06,3.681455972956806e-06,0.0,0.0,1.2064837908670992e-05,0.0,0.0,0.0,0.0,0.0,0.0,0.0,0.0,0.0,0.0,0.0,0.07999999821186066,0.0,0.0,0.0,0.0
8.168,0.0,0.0,0.0,datactrl_ref_vx_fallback,datactrl_est_vx_fallback,-0.07999999821186066,states_theta,-0.004001482389867306,2.8205798925125465e-06,4.212450244019072e-06,0.0,6.818345258472573e-06,3.681455972956806e-06,0.0,0.0,1.2064837908670992e-05,0.0,0.0,0.0,0.0,0.0,0.0,0.0,0.0,0.0,0.0,0.0,0.07999999821186066,0.0,0.0,0.0,0.0
8.477,0.0,0.0,0.0,datactrl_ref_vx_fallback,datactrl_est_vx_fallback,-0.07999999821186066,states_theta,-0.004001482389867306,2.8205798925125465e-06,4.212450244019072e-06,0.0,6.818345258472573e-06,3.681455972956806e-06,0.0,0.0,1.2064837908670992e-05,0.0,0.0,0.0,0.0,0.0,0.0,0.0,0.0,0.0,0.0,0.0,0.07999999821186066,0.0,0.0,0.0,0.0
8.761,0.0,0.0,0.0,datactrl_ref_vx_fallback,datactrl_est_vx_fallback,-0.07999999821186066,states_theta,-0.004001482389867306,2.8205798925125465e-06,4.212450244019072e-06,0.0,6.818345258472573e-06,3.681455972956806e-06,0.0,0.0,1.2064837908670992e-05,0.0,0.0,0.0,0.0,0.0,0.0,0.0,0.0,0.0,0.0,0.0,0.07999999821186066,0.0,0.0,0.0,0.0
9.059,0.0,0.0,0.0,datactrl_ref_vx_fallback,datactrl_est_vx_fallback,-0.07999999821186066,states_theta,-0.004001482389867306,2.8205798925125465e-06,4.212450244019072e-06,0.0,6.818345258472573e-06,3.681455972956806e-06,0.0,0.0,1.2064837908670992e-05,0.0,0.0,0.0,0.0,0.0,0.0,0.0,0.0,0.0,0.0,0.0,0.07999999821186066,0.0,0.0,0.0,0.0
9.361,0.0,0.0,0.0,datactrl_ref_vx_fallback,datactrl_est_vx_fallback,-0.08999999612569809,states_theta,-0.004001482389867306,2.8205798925125465e-06,4.212450244019072e-06,0.0,6.818345258472573e-06,3.681455972956806e-06,0.0,0.0,1.2064837908670992e-05,0.0,0.0,0.0,0.0,0.0,0.0,0.0,0.0,0.0,0.0,0.0,0.08999999612569809,0.0,0.0,0.0,0.0
9.667,0.0,0.0,0.0,datactrl_ref_vx_fallback,datactrl_est_vx_fallback,-0.08999999612569809,states_theta,-0.004001482389867306,2.8205798925125465e-06,4.212450244019072e-06,0.0,6.818345258472573e-06,3.681455972956806e-06,0.0,0.0,1.2064837908670992e-05,0.0,0.0,0.0,0.0,0.0,0.0,0.0,0.0,0.0,0.0,0.0,0.08999999612569809,0.0,0.0,0.0,0.0
9.953,0.0,0.0,0.0,datactrl_ref_vx_fallback,datactrl_est_vx_fallback,-0.08999999612569809,states_theta,-0.004001482389867306,2.8205798925125465e-06,4.212450244019072e-06,0.0,6.818345258472573e-06,3.681455972956806e-06,0.0,0.0,1.2064837908670992e-05,0.0,0.0,0.0,0.0,0.0,0.0,0.0,0.0,0.0,0.0,0.0,0.08999999612569809,0.0,0.0,0.0,0.0
10.256,0.0,0.0,0.0,datactrl_ref_vx_fallback,datactrl_est_vx_fallback,-0.08999999612569809,states_theta,-0.004001482389867306,2.8205798925125465e-06,4.212450244019072e-06,0.0,6.818345258472573e-06,3.681455972956806e-06,0.0,0.0,1.2064837908670992e-05,0.0,0.0,0.0,0.0,0.0,0.0,0.0,0.0,0.0,0.0,0.0,0.08999999612569809,0.0,0.0,0.0,0.0
10.555,0.0,0.0,0.0,datactrl_ref_vx_fallback,datactrl_est_vx_fallback,-0.08999999612569809,states_theta,-0.004001482389867306,2.8205798925125465e-06,4.212450244019072e-06,0.0,6.818345258472573e-06,3.681455972956806e-06,0.0,0.0,1.2064837908670992e-05,0.0,0.0,0.0,0.0,0.0,0.0,0.0,0.0,0.0,0.0,0.0,0.08999999612569809,0.0,0.0,0.0,0.0
10.856,0.0,0.0,0.0,datactrl_ref_vx_fallback,datactrl_est_vx_fallback,-0.08999999612569809,states_theta,-0.004001482389867306,2.8205798925125465e-06,4.212450244019072e-06,0.0,6.818345258472573e-06,3.681455972956806e-06,0.0,0.0,1.2064837908670992e-05,0.0,0.0,0.0,0.0,0.0,0.0,0.0,0.0,0.0,0.0,0.0,0.08999999612569809,0.0,0.0,0.0,0.0
11.126,0.0,0.0,0.0,datactrl_ref_vx_fallback,datactrl_est_vx_fallback,-0.08999999612569809,states_theta,-0.004001482389867306,2.8205798925125465e-06,4.212450244019072e-06,0.0,6.818345258472573e-06,3.681455972956806e-06,0.0,0.0,1.2064837908670992e-05,0.0,0.0,0.0,0.0,0.0,0.0,0.0,0.0,0.0,0.0,0.0,0.08999999612569809,0.0,0.0,0.0,0.0
11.416,0.0,0.0,0.0,datactrl_ref_vx_fallback,datactrl_est_vx_fallback,-0.08999999612569809,states_theta,-0.004001482389867306,2.8205798925125465e-06,4.212450244019072e-06,0.0,6.818345258472573e-06,3.681455972956806e-06,0.0,0.0,1.2064837908670992e-05,0.0,0.0,0.0,0.0,0.0,0.0,0.0,0.0,0.0,0.0,0.0,0.08999999612569809,0.0,0.0,0.0,0.0
11.713,0.0,0.0,0.0,datactrl_ref_vx_fallback,datactrl_est_vx_fallback,-0.08999999612569809,states_theta,-0.004001482389867306,2.8205798925125465e-06,4.212450244019072e-06,0.0,6.818345258472573e-06,3.681455972956806e-06,0.0,0.0,1.2064837908670992e-05,0.0,0.0,0.0,0.0,0.0,0.0,0.0,0.0,0.0,0.0,0.0,0.08999999612569809,0.0,0.0,0.0,0.0
12.049,0.0,0.0,0.0,datactrl_ref_vx_fallback,datactrl_est_vx_fallback,-0.08999999612569809,states_theta,-0.004001482389867306,2.8205798925125465e-06,4.212450244019072e-06,0.0,6.818345258472573e-06,3.681455972956806e-06,0.0,0.0,1.2064837908670992e-05,0.0,0.0,0.0,0.0,0.0,0.0,0.0,0.0,0.0,0.0,0.0,0.08999999612569809,0.0,0.0,0.0,0.0
12.362,0.0,0.0,0.0,datactrl_ref_vx_fallback,datactrl_est_vx_fallback,-0.08999999612569809,states_theta,-0.004001482389867306,2.8205798925125465e-06,4.212450244019072e-06,0.0,6.818345258472573e-06,3.681455972956806e-06,0.0,0.0,1.2064837908670992e-05,0.0,0.0,0.0,0.0,0.0,0.0,0.0,0.0,0.0,0.0,0.0,0.08999999612569809,0.0,0.0,0.0,0.0
12.648,0.0,0.0,0.0,datactrl_ref_vx_fallback,datactrl_est_vx_fallback,-0.08999999612569809,states_theta,-0.004001482389867306,2.8205798925125465e-06,4.212450244019072e-06,0.0,6.818345258472573e-06,3.681455972956806e-06,0.0,0.0,1.2064837908670992e-05,0.0,0.0,0.0,0.0,0.0,0.0,0.0,0.0,0.0,0.0,0.0,0.08999999612569809,0.0,0.0,0.0,0.0
12.964,0.0,0.0,0.0,datactrl_ref_vx_fallback,datactrl_est_vx_fallback,-0.09999999403953552,states_theta,-0.004001482389867306,2.8205798925125465e-06,4.212450244019072e-06,0.0,6.818345258472573e-06,3.681455972956806e-06,0.0,0.0,1.2064837908670992e-05,0.0,0.0,0.0,0.0,0.0,0.0,0.0,0.0,0.0,0.0,0.0,0.09999999403953552,0.0,0.0,0.0,0.0
13.271,0.0,0.0,0.0,datactrl_ref_vx_fallback,datactrl_est_vx_fallback,-0.09999999403953552,states_theta,-0.004001482389867306,2.8205798925125465e-06,4.212450244019072e-06,0.0,6.818345258472573e-06,3.681455972956806e-06,0.0,0.0,1.2064837908670992e-05,0.0,0.0,0.0,0.0,0.0,0.0,0.0,0.0,0.0,0.0,0.0,0.09999999403953552,0.0,0.0,0.0,0.0
13.575,0.0,0.0,0.0,datactrl_ref_vx_fallback,datactrl_est_vx_fallback,-0.09999999403953552,states_theta,-0.004001482389867306,2.8205798925125465e-06,4.212450244019072e-06,0.0,6.818345258472573e-06,3.681455972956806e-06,0.0,0.0,1.2064837908670992e-05,0.0,0.0,0.0,0.0,0.0,0.0,0.0,0.0,0.0,0.0,0.0,0.09999999403953552,0.0,0.0,0.0,0.0
13.856,0.0,0.0,0.0,datactrl_ref_vx_fallback,datactrl_est_vx_fallback,-0.09999999403953552,states_theta,-0.004001482389867306,2.8205798925125465e-06,4.212450244019072e-06,0.0,6.818345258472573e-06,3.681455972956806e-06,0.0,0.0,1.2064837908670992e-05,0.0,0.0,0.0,0.0,0.0,0.0,0.0,0.0,0.0,0.0,0.0,0.09999999403953552,0.0,0.0,0.0,0.0
14.181,0.0,0.0,0.0,datactrl_ref_vx_fallback,datactrl_est_vx_fallback,-0.09999999403953552,states_theta,-0.004001482389867306,2.8205798925125465e-06,4.212450244019072e-06,0.0,6.818345258472573e-06,3.681455972956806e-06,0.0,0.0,1.2064837908670992e-05,0.0,0.0,0.0,0.0,0.0,0.0,0.0,0.0,0.0,0.0,0.0,0.09999999403953552,0.0,0.0,0.0,0.0
14.472,0.0,0.0,0.0,datactrl_ref_vx_fallback,datactrl_est_vx_fallback,-0.09999999403953552,states_theta,-0.004001482389867306,2.8754671157840604e-06,4.299355771273336e-06,0.0,6.379247472300461e-06,4.120553759128918e-06,0.0,0.0,1.2503935694843103e-05,0.0,0.0,0.0,0.0,0.0,0.0,0.0,0.0,0.0,0.0,0.0,0.09999999403953552,0.0,0.0,0.0,0.0
14.784,0.0,0.0,0.0,datactrl_ref_vx_fallback,datactrl_est_vx_fallback,-0.09999999403953552,states_theta,-0.004001482389867306,4.113465010319242e-05,5.61882147189369e-05,0.0,9.684377623054209e-05,0.00015110600033795433,0.0,0.0,8.112742425704292e-05,0.0,0.0,0.0,0.0,0.0,0.0,0.0,0.0,0.0,0.0,0.0,0.09999999403953552,0.0,0.0,0.0,0.0
15.107,0.0,0.0,0.0,datactrl_ref_vx_fallback,datactrl_est_vx_fallback,-0.09999999403953552,states_theta,-0.004001482389867306,8.199457362034457e-05,0.00011312494897381844,0.0,0.00019396166158179866,0.0003078809171822693,0.0,0.0,0.00015411401019868872,0.0,0.0,0.0,0.0,0.0,0.0,0.0,0.0,0.0,0.0,0.0,0.09999999403953552,0.0,0.0,0.0,0.0
15.388,0.0,0.0,0.0,datactrl_ref_vx_fallback,datactrl_est_vx_fallback,-0.09999999403953552,states_theta,-0.004001482389867306,0.00012031517476183275,0.00016603023128111476,0.0,0.00028524111793585454,0.0004518157724181587,0.0,0.0,0.0002254645077406488,0.0,0.0,0.0,0.0,0.0,0.0,0.0,0.0,0.0,0.0,0.0,0.09999999403953552,0.0,0.0,0.0,0.0
15.698,0.0,0.0,0.0,datactrl_ref_vx_fallback,datactrl_est_vx_fallback,-0.09999999403953552,states_theta,-0.004001482389867306,0.00015270438666782155,0.00021169369096972623,0.0,0.00034005979920691606,0.0005836768023246556,0.0,0.0,0.0002978984918110008,0.0,0.0,0.0,0.0,0.0,0.0,0.0,0.0,0.0,0.0,0.0,0.09999999403953552,0.0,0.0,0.0,0.0
15.984,0.0,0.0,0.0,datactrl_ref_vx_fallback,datactrl_est_vx_fallback,-0.09999999403953552,states_theta,-0.004001482389867306,0.00017775499319827584,0.0002465218868869136,0.0,0.0003966810380062665,0.0006798959840421153,0.0,0.0,0.00034546292353782493,0.0,0.0,0.0,0.0,0.0,0.0,0.0,0.0,0.0,0.0,0.0,0.09999999403953552,0.0,0.0,0.0,0.0
16.282,0.0,0.0,0.0,datactrl_ref_vx_fallback,datactrl_est_vx_fallback,-0.09999999403953552,states_theta,-0.004001482389867306,0.00020435324952440038,0.00028245432709515095,0.0,0.0004577567899311435,0.0007756687034345056,0.0,0.0,0.00040140050282955387,0.0,0.0,0.0,0.0,0.0,0.0,0.0,0.0,0.0,0.0,0.0,0.09999999403953552,0.0,0.0,0.0,0.0
16.588,0.0,0.0,0.0,datactrl_ref_vx_fallback,datactrl_est_vx_fallback,-0.10999999940395355,states_theta,-0.004001482389867306,0.00022184118191438646,0.0003099174735860451,0.0,0.0004973936419420718,0.0008610470629826612,0.0,0.0,0.0004162887503903587,0.0,0.0,0.0,0.0,0.0,0.0,0.0,0.0,0.0,0.0,0.0,0.10999999940395355,0.0,0.0,0.0,0.0
16.887,0.0,0.0,0.0,datactrl_ref_vx_fallback,datactrl_est_vx_fallback,-0.10999999940395355,states_theta,-0.004001482389867306,0.000236159089969878,0.00033000585895542005,0.0,0.0005298455516387589,0.0009170345065041108,0.0,0.0,0.00044239266161615444,0.0,0.0,0.0,0.0,0.0,0.0,0.0,0.0,0.0,0.0,0.0,0.10999999940395355,0.0,0.0,0.0,0.0
17.203,0.0,0.0,0.0,datactrl_ref_vx_fallback,datactrl_est_vx_fallback,-0.10999999940395355,states_theta,-0.004001482389867306,0.0002478816016145953,0.0003464530443320849,0.0,0.0005564149281034177,0.0009628731483011169,0.0,0.0,0.0004637647365122278,0.0,0.0,0.0,0.0,0.0,0.0,0.0,0.0,0.0,0.0,0.0,0.10999999940395355,0.0,0.0,0.0,0.0
17.467,0.0,0.0,0.0,datactrl_ref_vx_fallback,datactrl_est_vx_fallback,-0.10999999940395355,states_theta,-0.004001482389867306,0.0002656821153626892,0.0003698351663873238,0.0,0.0005979975015550553,0.0010232996819396923,0.0,0.0,0.0005041597394067662,0.0,0.0,0.0,0.0,0.0,0.0,0.0,0.0,0.0,0.0,0.0,0.10999999940395355,0.0,0.0,0.0,0.0
17.74,0.0,0.0,0.0,datactrl_ref_vx_fallback,datactrl_est_vx_fallback,-0.10999999940395355,states_theta,-0.004001482389867306,0.00027385268676151104,0.0003812371414589761,0.0,0.0006165634834672587,0.0010548991917045645,0.0,0.0,0.0005193588189202652,0.0,0.0,0.0,0.0,0.0,0.0,0.0,0.0,0.0,0.0,0.0,0.10999999940395355,0.0,0.0,0.0,0.0
18.007,0.0,0.0,0.0,datactrl_ref_vx_fallback,datactrl_est_vx_fallback,-0.10999999940395355,states_theta,-0.004001482389867306,0.00028054218483594706,0.0003905723202009936,0.0,0.0006317640238198721,0.001080770682131258,0.0,0.0,0.0005318027727364467,0.0,0.0,0.0,0.0,0.0,0.0,0.0,0.0,0.0,0.0,0.0,0.10999999940395355,0.0,0.0,0.0,0.0
18.207,0.0,0.0,0.0,datactrl_ref_vx_fallback,datactrl_est_vx_fallback,-0.10999999940395355,states_theta,-0.004001482389867306,0.00029500046027501636,0.00040911265497791944,0.0,0.000665920359312452,0.001127022384721822,0.0,0.0,0.0005670609381658567,0.0,0.0,0.0,0.0,0.0,0.0,0.0,0.0,0.0,0.0,0.0,0.10999999940395355,0.0,0.0,0.0,0.0
18.424,0.0,0.0,0.0,datactrl_ref_vx_fallback,datactrl_est_vx_fallback,-0.10999999940395355,states_theta,-0.004001482389867306,0.00029965619906795833,0.00041557807834994437,0.0,0.0006765244870007076,0.0011448436495289113,0.0,0.0,0.0005758814560140475,0.0,0.0,0.0,0.0,0.0,0.0,0.0,0.0,0.0,0.0,0.0,0.10999999940395355,0.0,0.0,0.0,0.0
18.479,0.0,0.0,0.0,datactrl_ref_vx_fallback,datactrl_est_vx_fallback,-0.10999999940395355,states_theta,-0.004001482389867306,0.0003016573129120963,0.00041835702703772894,0.0,0.000681082317168101,0.0011525035250742448,0.0,0.0,0.0005796726610544245,0.0,0.0,0.0,0.0,0.0,0.0,0.0,0.0,0.0,0.0,0.0,0.10999999940395355,0.0,0.0,0.0,0.0
18.537,0.0,0.0,0.0,datactrl_ref_vx_fallback,datactrl_est_vx_fallback,-0.10999999940395355,states_theta,-0.004001482389867306,0.000305106369040659,0.00042314673776614354,0.0,0.0006889380481740339,0.001165705842758994,0.0,0.0,0.000586207061392244,0.0,0.0,0.0,0.0,0.0,0.0,0.0,0.0,0.0,0.0,0.0,0.10999999940395355,0.0,0.0,0.0,0.0
18.595,0.0,0.0,0.0,datactrl_ref_vx_fallback,datactrl_est_vx_fallback,-0.10999999940395355,states_theta,-0.004001482389867306,0.00031738822321592214,0.00043858481242453227,0.0,0.0007182331423651382,0.0012029153268599381,0.0,0.0,0.0006179573165023004,0.0,0.0,0.0,0.0,0.0,0.0,0.0,0.0,0.0,0.0,0.0,0.10999999940395355,0.0,0.0,0.0,0.0
18.647,0.0,0.0,0.0,datactrl_ref_vx_fallback,datactrl_est_vx_fallback,-0.10999999940395355,states_theta,-0.004001482389867306,0.0003234277045962348,0.0004487122399411338,0.0,0.0006945667958940192,0.0012411412449482163,0.0,0.0,0.0006517135959276432,0.0,0.0,0.0,0.0,0.0,0.0,0.0,0.0,0.0,0.0,0.0,0.10999999940395355,0.0,0.0,0.0,0.0
18.702,0.0,0.0,0.0,datactrl_ref_vx_fallback,datactrl_est_vx_fallback,-0.11999999731779099,states_theta,-0.004001482389867306,0.0003254098935907371,0.00045604385646665194,0.0,0.0006988905913787327,0.0012755708668386557,0.0,0.0,0.0006288176905085084,0.0,0.0,0.0,0.0,0.0,0.0,0.0,0.0,0.0,0.0,0.0,0.11999999731779099,0.0,0.0,0.0,0.0
18.758,0.0,0.0,0.0,datactrl_ref_vx_fallback,datactrl_est_vx_fallback,-0.11999999731779099,states_theta,-0.004001482389867306,0.0003270327726789491,0.0004583223845793842,0.0,0.0007024306157120879,0.0012819498887925488,0.0,0.0,0.0006318816769269559,0.0,0.0,0.0,0.0,0.0,0.0,0.0,0.0,0.0,0.0,0.0,0.11999999731779099,0.0,0.0,0.0,0.0
18.819,0.0,0.0,0.0,datactrl_ref_vx_fallback,datactrl_est_vx_fallback,-0.11999999731779099,states_theta,-0.004001482389867306,0.0003382143735276233,0.00047219616329666973,0.0,0.0007277304102680768,0.001315383455679465,0.0,0.0,0.000662601122273445,0.0,0.0,0.0,0.0,0.0,0.0,0.0,0.0,0.0,0.0,0.0,0.11999999731779099,0.0,0.0,0.0,0.0
18.876,0.0,0.0,0.0,datactrl_ref_vx_fallback,datactrl_est_vx_fallback,-0.11999999731779099,states_theta,-0.004001482389867306,0.000344290953010606,0.00048061464773911265,0.0,0.000742419665132125,0.0013384745222607048,0.0,0.0,0.0006734334366920182,0.0,0.0,0.0,0.0,0.0,0.0,0.0,0.0,0.0,0.0,0.0,0.11999999731779099,0.0,0.0,0.0,0.0
18.929,0.0,0.0,0.0,datactrl_ref_vx_fallback,datactrl_est_vx_fallback,-0.11999999731779099,states_theta,-0.004001482389867306,0.000344290953010606,0.00048061464773911265,0.0,0.000742419665132125,0.0013384745222607048,0.0,0.0,0.0006734334366920182,0.0,0.0,0.0,0.0,0.0,0.0,0.0,0.0,0.0,0.0,0.0,0.11999999731779099,0.0,0.0,0.0,0.0
18.982,0.0,0.0,0.0,datactrl_ref_vx_fallback,datactrl_est_vx_fallback,-0.11999999731779099,states_theta,-0.004001482389867306,0.0003542191770636852,0.0004926590498938699,0.0,0.0007664197154682509,0.0013661873933049585,0.0,0.0,0.0007011463077362719,0.0,0.0,0.0,0.0,0.0,0.0,0.0,0.0,0.0,0.0,0.0,0.11999999731779099,0.0,0.0,0.0,0.0
19.045,0.0,0.0,0.0,datactrl_ref_vx_fallback,datactrl_est_vx_fallback,-0.11999999731779099,states_theta,-0.004001482389867306,0.006196533143520355,0.0036790455278418017,0.0074956244758922225,0.009028463906828724,0.009628231584665433,0.0068958567980555155,0.007560897883624203,0.008963190499096748,0.0,0.0,0.0,0.0,0.0,0.0,0.0,0.0,0.0,0.0,0.0,0.11999999731779099,0.0,0.0,0.0,0.0
19.107,0.0,0.0,0.0,datactrl_ref_vx_fallback,datactrl_est_vx_fallback,-0.11999999731779099,states_theta,-0.004001482389867306,0.01369653269648552,0.007954120795641065,0.017495623879845774,0.019028463310782277,0.019628230988618985,0.016895856202009066,0.017560897287577756,0.018963189903050296,0.0,0.0,0.0,0.0,0.0,0.0,0.0,0.0,0.0,0.0,0.0,0.11999999731779099,0.0,0.0,0.0,0.0
19.166,0.0,0.0,0.0,datactrl_ref_vx_fallback,datactrl_est_vx_fallback,-0.11999999731779099,states_theta,-0.004001482389867306,0.021196534484624864,0.012267873751482543,0.027495626264031566,0.02902846569496807,0.029628233372804777,0.026895858586194858,0.027560899671763547,0.028963192287236088,0.0,0.0,0.0,0.0,0.0,0.0,0.0,0.0,0.0,0.0,0.0,0.11999999731779099,0.0,0.0,0.0,0.0
19.22,0.0,0.0,0.0,datactrl_ref_vx_fallback,datactrl_est_vx_fallback,-0.11999999731779099,states_theta,-0.004001482389867306,0.02869653627276421,0.01659131712169555,0.03747162866940681,0.03905246805796441,0.03965594854544419,0.036868148181927025,0.03753318926749571,0.03899090745987551,0.0,0.0,0.0,0.0,0.0,0.0,0.0,0.0,0.0,0.0,0.0,0.11999999731779099,0.0,0.0,0.0,0.0
19.276,0.0,0.0,0.0,datactrl_ref_vx_fallback,datactrl_est_vx_fallback,-0.11999999731779099,states_theta,-0.004001482389867306,0.036196538060903546,0.020916608911248583,0.047471631053592596,0.0490524704421502,0.04965595092962998,0.046868150566112814,0.047533191651681496,0.0489909098440613,0.0,0.0,0.0,0.0,0.0,0.0,0.0,0.0,0.0,0.0,0.0,0.11999999731779099,0.0,0.0,0.0,0.0
19.33,0.0,0.0,0.0,datactrl_ref_vx_fallback,datactrl_est_vx_fallback,-0.11999999731779099,states_theta,-0.0044835349544882774,0.0436965398490429,0.025248853777886385,0.05736856651617284,0.05915553974794154,0.05990510488446069,0.05661900137965369,0.057443270729634115,0.05908083553448027,0.0,0.0,0.0,0.0,0.0,0.0,0.0,0.0,0.0,0.0,0.0,0.11999999731779099,0.0,0.0,0.0,0.0
19.385,0.0,0.0,0.0,datactrl_ref_vx_fallback,datactrl_est_vx_fallback,-0.14000000059604645,states_theta,-0.10044790059328079,0.051196541637182236,0.029596154802764126,0.06704987036011914,0.06947424067236682,0.07068214505580474,0.06584196597668122,0.06698842969697379,0.06953568133551218,0.0,0.0,0.0,0.0,0.0,0.0,0.0,0.0,0.0,0.0,0.0,0.14000000059604645,0.0,0.0,0.0,0.0
19.439,0.0,0.0,0.0,datactrl_ref_vx_fallback,datactrl_est_vx_fallback,-0.17000000178813934,states_theta,-0.2205735445022583,0.05869654342532157,0.03395879041554401,0.07656040105260407,0.07996371474825346,0.08182206320476824,0.0747020525960893,0.07638689602870856,0.08013721977214898,0.0,0.0,0.0,0.0,0.0,0.0,0.0,0.0,0.0,0.0,0.0,0.17000000178813934,0.0,0.0,0.0,0.0
19.492,0.0,0.0,0.0,datactrl_ref_vx_fallback,datactrl_est_vx_fallback,-0.22999998927116394,states_theta,-0.3532896041870117,0.06619654521346091,0.03834859585319278,0.0858651190263029,0.09065900154292622,0.09340929180972096,0.08311482875950815,0.08550952842948353,0.09101459213974558,0.0,0.0,0.0,0.0,0.0,0.0,0.0,0.0,0.0,0.0,0.0,0.22999998927116394,0.0,0.0,0.0,0.0
19.551,0.0,0.0,0.0,datactrl_ref_vx_fallback,datactrl_est_vx_fallback,-0.3199999928474426,states_theta,-0.5251635313034058,0.07369653806090354,0.042780478921529294,0.09497070844067514,0.10155339305506765,0.10554606508062447,0.09097803641511831,0.09436144244200192,0.10216265905374086,0.0,0.0,0.0,0.0,0.0,0.0,0.0,0.0,0.0,0.0,0.0,0.3199999928474426,0.0,0.0,0.0,0.0
19.603,0.0,0.0,0.0,datactrl_ref_vx_fallback,datactrl_est_vx_fallback,-0.44999998807907104,states_theta,-0.7175137400627136,0.08119653090834617,0.0472536121483186,0.10387848841173239,0.11264559401052407,0.11803265435125933,0.09849142807099713,0.10312075221169618,0.11340333021056027,0.0,0.0,0.0,0.0,0.0,0.0,0.0,0.0,0.0,0.0,0.0,0.44999998807907104,0.0,0.0,0.0,0.0
19.659,0.0,0.0,0.0,datactrl_ref_vx_fallback,datactrl_est_vx_fallback,-0.6100000143051147,states_theta,-0.9078588485717773,0.08869652375578879,0.051747008739473195,0.11280771518819842,0.12371634816057171,0.13056469908431287,0.10595936426445725,0.111900006966265,0.12462405638250512,0.0,0.0,0.0,0.0,0.0,0.0,0.0,0.0,0.0,0.0,0.0,0.6100000143051147,0.0,0.0,0.0,0.0
19.712,0.0,0.0,0.0,datactrl_ref_vx_fallback,datactrl_est_vx_fallback,-0.7999999523162842,states_theta,-1.073241949081421,0.09619651660323145,0.05624783726641054,0.12170273890516076,0.13482130537012305,0.14307609230557514,0.11344795196970871,0.1208839346481672,0.13564010962711662,0.0,0.0,0.0,0.0,0.0,0.0,0.0,0.0,0.0,0.0,0.0,0.7999999523162842,0.0,0.0,0.0,0.0
19.767,0.0,0.0,0.0,datactrl_ref_vx_fallback,datactrl_est_vx_fallback,-1.0299999713897705,states_theta,-1.1529877185821533,0.10369650945067405,0.06068388006402634,0.1309220182889345,0.14560200691286299,0.15487035102674174,0.12165367417505571,0.13031640498440866,0.1462076202173888,0.0,0.0,0.0,0.0,0.0,0.0,0.0,0.0,0.0,0.0,0.0,1.0299999713897705,0.0,0.0,0.0,0.0
19.821,0.0,0.0,0.0,datactrl_ref_vx_fallback,datactrl_est_vx_fallback,-1.25,states_theta,-1.06904137134552,0.11119650229811667,0.06499549645561088,0.14063150397616742,0.15589250215214373,0.16540364003998376,0.1311203660883274,0.14055604179668973,0.1559679643316214,0.0,0.0,0.0,0.0,0.0,0.0,0.0,0.0,0.0,0.0,0.0,1.25,0.0,0.0,0.0,0.0
19.882,0.0,0.0,0.0,datactrl_ref_vx_fallback,datactrl_est_vx_fallback,-1.4199999570846558,states_theta,-0.7602021098136902,0.1186964951455593,0.06918191327617745,0.15096112085797445,0.16556286619685037,0.17437625399412732,0.1421477330606975,0.1514478597135936,0.16507612734123123,0.0,0.0,0.0,0.0,0.0,0.0,0.0,0.0,0.0,0.0,0.0,1.4199999570846558,0.0,0.0,0.0,0.0
19.933,0.0,0.0,0.0,datactrl_ref_vx_fallback,datactrl_est_vx_fallback,-1.5099999904632568,states_theta,-0.23368015885353088,0.12619648799300193,0.07327203098258464,0.16202048801908106,0.17450347996225743,0.1815208505178484,0.1550031174634901,0.16313004075780912,0.17339392722352936,0.0,0.0,0.0,0.0,0.0,0.0,0.0,0.0,0.0,0.0,0.0,1.5099999904632568,0.0,0.0,0.0,0.0
19.989,0.0,0.0,0.0,datactrl_ref_vx_fallback,datactrl_est_vx_fallback,-1.46999990940094,states_theta,0.48774853348731995,0.13369648084044455,0.07736556861713344,0.17376575002931827,0.1827581988785339,0.1871866858099237,0.16933726309792846,0.17528545454200367,0.1812384943658485,0.0,0.0,0.0,0.0,0.0,0.0,0.0,0.0,0.0,0.0,0.0,1.46999990940094,0.0,0.0,0.0,0.0
20.043,0.0,0.0,0.0,datactrl_ref_vx_fallback,datactrl_est_vx_fallback,-1.2899999618530273,states_theta,1.2239006757736206,0.14119647368788718,0.08155237858493847,0.18591593301718876,0.19060799681717708,0.1921550783848602,0.18436885144950563,0.187502993614982,0.18902093621938384,0.0,0.0,0.0,0.0,0.0,0.0,0.0,0.0,0.0,0.0,0.0,1.2899999618530273,0.0,0.0,0.0,0.0
20.096,0.0,0.0,0.0,datactrl_ref_vx_fallback,datactrl_est_vx_fallback,-0.9799999594688416,states_theta,1.7588093280792236,0.14869647547602655,0.0858522669666968,0.19794945555805438,0.19857447904468306,0.19771647212271712,0.19880746248002032,0.19935557877146462,0.19716835583127282,0.0,0.0,0.0,0.0,0.0,0.0,0.0,0.0,0.0,0.0,0.0,0.9799999594688416,0.0,0.0,0.0,0.0
20.149,0.0,0.0,0.0,datactrl_ref_vx_fallback,datactrl_est_vx_fallback,-0.6200000047683716,states_theta,1.9565494060516357,0.15619646832346917,0.09021301319222694,0.20977792616507931,0.2067459893641718,0.2042526480815895,0.21227126744766162,0.21058488341818699,0.20593903211106412,0.0,0.0,0.0,0.0,0.0,0.0,0.0,0.0,0.0,0.0,0.0,0.6200000047683716,0.0,0.0,0.0,0.0
20.204,0.0,0.0,0.0,datactrl_ref_vx_fallback,datactrl_est_vx_fallback,-0.23999999463558197,states_theta,1.7986054420471191,0.1636964611709118,0.09456744129026783,0.22087895415751602,0.21564494229824877,0.21279465923804383,0.22372923721772095,0.22082228153543246,0.21570161492033232,0.0,0.0,0.0,0.0,0.0,0.0,0.0,0.0,0.0,0.0,0.0,0.23999999463558197,0.0,0.0,0.0,0.0
20.267,0.0,0.0,0.0,datactrl_ref_vx_fallback,datactrl_est_vx_fallback,0.04999999701976776,states_theta,1.2953886985778809,0.17119645401835443,0.09888854201906934,0.2311221266484043,0.22540175073387414,0.2232051922407651,0.23331868514151335,0.23035696125346702,0.22616691612881143,0.0,0.0,0.0,0.0,0.0,0.0,0.0,0.0,0.0,0.0,0.0,-0.04999999701976776,0.0,0.0,0.0,0.0
20.328,0.0,0.0,0.0,datactrl_ref_vx_fallback,datactrl_est_vx_fallback,0.22999998927116394,states_theta,0.7031249403953552,0.17869644686579705,0.10319341799812747,0.2406287977433219,0.23589506056547022,0.23476676073264616,0.24175709757614597,0.23933320878668665,0.23719064952210547,0.0,0.0,0.0,0.0,0.0,0.0,0.0,0.0,0.0,0.0,0.0,-0.22999998927116394,0.0,0.0,0.0,0.0
20.384,0.0,0.0,0.0,datactrl_ref_vx_fallback,datactrl_est_vx_fallback,0.29999998211860657,states_theta,0.12443996965885162,0.18619643971323965,0.10750521452731368,0.24971403928498387,0.24680979995032193,0.24688767630481673,0.24963616293048904,0.24821882829185443,0.24830501094345137,0.0,0.0,0.0,0.0,0.0,0.0,0.0,0.0,0.0,0.0,0.0,-0.29999998211860657,0.0,0.0,0.0,0.0
20.443,0.0,0.0,0.0,datactrl_ref_vx_fallback,datactrl_est_vx_fallback,0.26999998092651367,states_theta,-0.31444233655929565,0.19369643256068228,0.11183156427016108,0.25870360724948055,0.25782021291233886,0.2586031280042951,0.25792069215752433,0.25757423762632714,0.2589495825354923,0.0,0.0,0.0,0.0,0.0,0.0,0.0,0.0,0.0,0.0,0.0,-0.26999998092651367,0.0,0.0,0.0,0.0
20.498,0.0,0.0,0.0,datactrl_ref_vx_fallback,datactrl_est_vx_fallback,0.17999999225139618,states_theta,-0.5103363394737244,0.2011964254081249,0.11616308747774211,0.26805649863917674,0.26846730244915634,0.2694600780713884,0.2670637230169447,0.26746297161070387,0.2690608294776292,0.0,0.0,0.0,0.0,0.0,0.0,0.0,0.0,0.0,0.0,0.0,-0.17999999225139618,0.0,0.0,0.0,0.0
20.554,0.0,0.0,0.0,datactrl_ref_vx_fallback,datactrl_est_vx_fallback,0.07000000029802322,states_theta,-0.5423212647438049,0.20869641825556753,0.12049305562772057,0.2777246981685493,0.2787990838462975,0.2794957787584282,0.2770280032564186,0.277777357601699,0.27874642441314773,0.0,0.0,0.0,0.0,0.0,0.0,0.0,0.0,0.0,0.0,0.0,-0.07000000029802322,0.0,0.0,0.0,0.0
20.618,0.0,0.0,0.0,datactrl_ref_vx_fallback,datactrl_est_vx_fallback,0.0,datactrl_est_theta_fallback,-0.32797572016716003,0.21619641110301016,0.12482187453088153,0.28776139957113545,0.288762363370225,0.28900461029061214,0.2875191526507483,0.2881390579451503,0.2883847049962101,0.0,0.0,0.0,0.0,0.0,0.0,0.0,0.0,0.0,0.0,0.0,0.0,0.0,0.0,0.0,0.0
20.672,0.0,0.0,0.0,datactrl_ref_vx_fallback,datactrl_est_vx_fallback,-0.03999999910593033,states_theta,-0.11312197148799896,0.2236964039504528,0.12915133809814325,0.29791041528090556,0.29861332858696854,0.29844576685293395,0.29807797701494015,0.298345561187856,0.2981781826800181,0.0,0.0,0.0,0.0,0.0,0.0,0.0,0.0,0.0,0.0,0.0,0.03999999910593033,0.0,0.0,0.0,0.0
20.727,0.0,0.0,0.0,datactrl_ref_vx_fallback,datactrl_est_vx_fallback,-0.03999999910593033,states_theta,0.012356376275420189,0.23119639679789541,0.13348144195480469,0.3081310011570352,0.3083927236373526,0.3081145092693139,0.3084092155250739,0.3085945653987327,0.30792915939565507,0.0,0.0,0.0,0.0,0.0,0.0,0.0,0.0,0.0,0.0,0.0,0.03999999910593033,0.0,0.0,0.0,0.0
20.811,0.0,0.0,0.0,datactrl_ref_vx_fallback,datactrl_est_vx_fallback,-0.03999999910593033,states_theta,0.08576435595750809,0.23869638964533804,0.13781154790930392,0.31810787264492807,0.3184158330759734,0.3179499545715691,0.31857375114933234,0.318383172927625,0.3181405327932764,0.0,0.0,0.0,0.0,0.0,0.0,0.0,0.0,0.0,0.0,0.0,0.03999999910593033,0.0,0.0,0.0,0.0
20.91,0.0,0.0,0.0,datactrl_ref_vx_fallback,datactrl_est_vx_fallback,-0.019999999552965164,states_theta,0.060015883296728134,0.24244638606905936,0.1399765478572578,0.32312487184454625,0.32339882433961203,0.3230926520831034,0.3234310441010549,0.3234087713000528,0.3231149248841055,0.0,0.0,0.0,0.0,0.0,0.0,0.0,0.0,0.0,0.0,0.0,0.019999999552965164,0.0,0.0,0.0,0.0
21.01,0.0,0.0,0.0,datactrl_ref_vx_fallback,datactrl_est_vx_fallback,-0.009999999776482582,states_theta,0.015097854658961296,0.24619638249278067,0.14214161653417304,0.32811610598256746,0.32840758066484765,0.32810099551473965,0.32842269113267547,0.32843835307578556,0.32808533357162956,0.0,0.0,0.0,0.0,0.0,0.0,0.0,0.0,0.0,0.0,0.0,0.009999999776482582,0.0,0.0,0.0,0.0
21.11,0.0,0.0,0.0,datactrl_ref_vx_fallback,datactrl_est_vx_fallback,-0.009999999776482582,states_theta,0.01500688772648573,0.24994637891650198,0.14430670405464113,0.33308637267772523,0.3334373044329467,0.3330714605180795,0.33345221659259244,0.3334680676069212,0.33305560950375074,0.0,0.0,0.0,0.0,0.0,0.0,0.0,0.0,0.0,0.0,0.0,0.009999999776482582,0.0,0.0,0.0,0.0
21.21,0.0,0.0,0.0,datactrl_ref_vx_fallback,datactrl_est_vx_fallback,-0.009999999776482582,states_theta,0.015005548484623432,0.25369637534022327,0.1464717774623854,0.3381103730542106,0.3384132945197182,0.3380437537758617,0.3384799137980671,0.3384957675970063,0.3380278999769225,0.0,0.0,0.0,0.0,0.0,0.0,0.0,0.0,0.0,0.0,0.0,0.009999999776482582,0.0,0.0,0.0,0.0
21.311,0.0,0.0,0.0,datactrl_ref_vx_fallback,datactrl_est_vx_fallback,-0.009999999776482582,states_theta,0.015005560591816902,0.2574463717639446,0.1486368700715904,0.34308036824624855,0.3434432897909371,0.34301374893221753,0.3435099091049681,0.3435257628776944,0.34299789515949125,0.0,0.0,0.0,0.0,0.0,0.0,0.0,0.0,0.0,0.0,0.0,0.009999999776482582,0.0,0.0,0.0,0.0
21.411,0.0,0.0,0.0,datactrl_ref_vx_fallback,datactrl_est_vx_fallback,-0.009999999776482582,states_theta,0.050019484013319016,0.2611963681876659,0.15080190432271295,0.34807626798520197,0.3484473805152405,0.34801238202536694,0.3485112664750755,0.34845434517548296,0.3480693033249595,0.0,0.0,0.0,0.0,0.0,0.0,0.0,0.0,0.0,0.0,0.0,0.009999999776482582,0.0,0.0,0.0,0.0
21.51,0.0,0.0,0.0,datactrl_ref_vx_fallback,datactrl_est_vx_fallback,0.0,datactrl_est_theta_fallback,0.061444662511348724,0.2649463646113872,0.152966969729918,0.3530427300309478,0.35348090893275147,0.3529897814977615,0.3535338574659378,0.3533977637428257,0.3531258752208736,0.0,0.0,0.0,0.0,0.0,0.0,0.0,0.0,0.0,0.0,0.0,0.0,0.0,0.0,0.0,0.0
21.611,0.0,0.0,0.0,datactrl_ref_vx_fallback,datactrl_est_vx_fallback,0.0,datactrl_est_theta_fallback,-0.01599137857556343,0.2686963610351085,0.15513198198774383,0.35803672206977305,0.3584869073571831,0.35815084224533805,0.3583727871816181,0.3583976412568614,0.3581259881700947,0.0,0.0,0.0,0.0,0.0,0.0,0.0,0.0,0.0,0.0,0.0,0.0,0.0,0.0,0.0,0.0
21.711,0.0,0.0,0.0,datactrl_ref_vx_fallback,datactrl_est_vx_fallback,0.0,datactrl_est_theta_fallback,-0.019025959074497223,0.27244635745882984,0.15729704194632363,0.36303653192095703,0.36348708796925594,0.36315602112301393,0.36336759876719904,0.3633987601000508,0.3631248597901622,0.0,0.0,0.0,0.0,0.0,0.0,0.0,0.0,0.0,0.0,0.0,0.0,0.0,0.0,0.0,0.0
21.81,0.0,0.0,0.0,datactrl_ref_vx_fallback,datactrl_est_vx_fallback,0.0,datactrl_est_theta_fallback,-0.01900705322623253,0.27619635388255115,0.15946210209061654,0.3680125392087912,0.3685110711446786,0.36818374248375835,0.36833986786971146,0.36837098990749556,0.36815262044597424,0.0,0.0,0.0,0.0,0.0,0.0,0.0,0.0,0.0,0.0,0.0,0.0,0.0,0.0,0.0,0.0
21.911,0.0,0.0,0.0,datactrl_ref_vx_fallback,datactrl_est_vx_fallback,0.0,datactrl_est_theta_fallback,-0.019007038325071335,0.27994635030627246,0.16162718487573524,0.3729830407334419,0.37354056008328473,0.3731535892317425,0.3733700115849841,0.37340113359050625,0.3731224672262204,0.0,0.0,0.0,0.0,0.0,0.0,0.0,0.0,0.0,0.0,0.0,0.0,0.0,0.0,0.0,0.0
22.011,0.0,0.0,0.0,datactrl_ref_vx_fallback,datactrl_est_vx_fallback,-0.009999999776482582,states_theta,-0.019007042050361633,0.2836963467299938,0.16379223673249146,0.3781070293146512,0.3784165619653323,0.3781179506828546,0.3784056405971289,0.3784921882392429,0.37803140304074057,0.0,0.0,0.0,0.0,0.0,0.0,0.0,0.0,0.0,0.0,0.0,0.009999999776482582,0.0,0.0,0.0,0.0
22.111,0.0,0.0,0.0,datactrl_ref_vx_fallback,datactrl_est_vx_fallback,-0.009999999776482582,states_theta,-0.019007042050361633,0.2874463431537151,0.16595731389982776,0.38316547758037517,0.38335810416286514,0.3830739053369533,0.383449676406287,0.38353622404840104,0.38298735769483927,0.0,0.0,0.0,0.0,0.0,0.0,0.0,0.0,0.0,0.0,0.0,0.009999999776482582,0.0,0.0,0.0,0.0
22.211,0.0,0.0,0.0,datactrl_ref_vx_fallback,datactrl_est_vx_fallback,-0.009999999776482582,states_theta,0.05675862729549408,0.2911963395774364,0.1681223296221772,0.3881581271716878,0.38836544503480935,0.38807351699051273,0.3884500552159844,0.3883791268701149,0.38814444533638226,0.0,0.0,0.0,0.0,0.0,0.0,0.0,0.0,0.0,0.0,0.0,0.009999999776482582,0.0,0.0,0.0,0.0
22.311,0.0,0.0,0.0,datactrl_ref_vx_fallback,datactrl_est_vx_fallback,0.0,datactrl_est_theta_fallback,0.08006826043128967,0.2949463360011577,0.17028739228027312,0.39315266519149306,0.39337089747826093,0.3930417148490375,0.3934818478207165,0.39330704568138575,0.39321651698836824,0.0,0.0,0.0,0.0,0.0,0.0,0.0,0.0,0.0,0.0,0.0,0.0,0.0,0.0,0.0,0.0
22.412,0.0,0.0,0.0,datactrl_ref_vx_fallback,datactrl_est_vx_fallback,0.0,datactrl_est_theta_fallback,0.08104975521564484,0.29869633242487903,0.1724524532025012,0.3981520633311925,0.3983714898018183,0.39804147819235064,0.3984820749406602,0.3983052327969217,0.3982183203360891,0.0,0.0,0.0,0.0,0.0,0.0,0.0,0.0,0.0,0.0,0.0,0.0,0.0,0.0,0.0,0.0
22.511,0.0,0.0,0.0,datactrl_ref_vx_fallback,datactrl_est_vx_fallback,0.009999999776482582,states_theta,0.08103015273809433,0.3024463467299938,0.17461753251956574,0.403152083570297,0.4033715077096865,0.40301380271339327,0.40350978856659026,0.40327756154118133,0.4032460297388022,0.0,0.0,0.0,0.0,0.0,0.0,0.0,0.0,0.0,0.0,0.0,-0.009999999776482582,0.0,0.0,0.0,0.0
22.612,0.0,0.0,0.0,datactrl_ref_vx_fallback,datactrl_est_vx_fallback,0.019999999552965164,states_theta,0.08103001117706299,0.3061963610351086,0.1767826138283525,0.4081521027312199,0.40837152669573634,0.4079861090020512,0.40853752042490504,0.4082498680613273,0.40827376136562893,0.0,0.0,0.0,0.0,0.0,0.0,0.0,0.0,0.0,0.0,0.0,-0.019999999552965164,0.0,0.0,0.0,0.0
22.712,0.0,0.0,0.0,datactrl_ref_vx_fallback,datactrl_est_vx_fallback,0.019999999552965164,states_theta,0.0346514992415905,0.3099463753402233,0.17894765519472328,0.4131492235650509,0.4133744440088779,0.4130802420281797,0.4134434255457491,0.41325216911290485,0.41327149846102396,0.0,0.0,0.0,0.0,0.0,0.0,0.0,0.0,0.0,0.0,0.0,-0.019999999552965164,0.0,0.0,0.0,0.0
22.813,0.0,0.0,0.0,datactrl_ref_vx_fallback,datactrl_est_vx_fallback,0.019999999552965164,states_theta,-0.04325784742832184,0.3136963896453381,0.18111270496229592,0.4181437433317555,0.418379962389146,0.4182423680565699,0.4182813376643316,0.41825201277766866,0.41827169294323285,0.0,0.0,0.0,0.0,0.0,0.0,0.0,0.0,0.0,0.0,0.0,-0.019999999552965164,0.0,0.0,0.0,0.0
22.912,0.0,0.0,0.0,datactrl_ref_vx_fallback,datactrl_est_vx_fallback,0.009999999776482582,states_theta,-0.043004319071769714,0.31744640395045276,0.1832777766447963,0.42314315520689794,0.42338058866097616,0.4232695596496727,0.4232541842182014,0.4232797580093355,0.4232439858585386,0.0,0.0,0.0,0.0,0.0,0.0,0.0,0.0,0.0,0.0,0.0,-0.009999999776482582,0.0,0.0,0.0,0.0
23.012,0.0,0.0,0.0,datactrl_ref_vx_fallback,datactrl_est_vx_fallback,0.009999999776482582,states_theta,-0.043015897274017334,0.32119641825556755,0.18544284490535393,0.4281731755577026,0.4283506064571442,0.4282996034649746,0.4282241785498722,0.4282497764084287,0.4282740056064181,0.0,0.0,0.0,0.0,0.0,0.0,0.0,0.0,0.0,0.0,0.0,-0.009999999776482582,0.0,0.0,0.0,0.0
23.113,0.0,0.0,0.0,datactrl_ref_vx_fallback,datactrl_est_vx_fallback,0.009999999776482582,states_theta,-0.04301593452692032,0.32494643256068234,0.1876079226849653,0.43314919472362456,0.43337462543819494,0.43332733543746554,0.43319648472435396,0.43322208265549994,0.43330173750631956,0.0,0.0,0.0,0.0,0.0,0.0,0.0,0.0,0.0,0.0,0.0,-0.009999999776482582,0.0,0.0,0.0,0.0
23.213,0.0,0.0,0.0,datactrl_ref_vx_fallback,datactrl_est_vx_fallback,0.0,datactrl_est_theta_fallback,-0.04301593452692032,0.328696446865797,0.18977299625857869,0.43814921379711086,0.43837464451168123,0.438355067325215,0.4381687909835771,0.4382498145432494,0.4382740437655427,0.0,0.0,0.0,0.0,0.0,0.0,0.0,0.0,0.0,0.0,0.0,0.0,0.0,0.0,0.0,0.0
23.313,0.0,0.0,0.0,datactrl_ref_vx_fallback,datactrl_est_vx_fallback,0.0,datactrl_est_theta_fallback,-0.04301593452692032,0.3324464611709118,0.191938076565306,0.44312523286943495,0.44339866358632984,0.44338279921296453,0.44314109724280026,0.4432221208024726,0.4433017756532922,0.0,0.0,0.0,0.0,0.0,0.0,0.0,0.0,0.0,0.0,0.0,0.0,0.0,0.0,0.0,0.0
23.413,0.0,0.0,0.0,datactrl_ref_vx_fallback,datactrl_est_vx_fallback,0.0,datactrl_est_theta_fallback,-0.04301593452692032,0.3361964754760265,0.1941031480804366,0.44812525194292124,0.44839868265981614,0.4483828182864508,0.44814111631628656,0.4482221398759589,0.4483017947267785,0.0,0.0,0.0,0.0,0.0,0.0,0.0,0.0,0.0,0.0,0.0,0.0,0.0,0.0,0.0,0.0
23.515,0.0,0.0,0.0,datactrl_ref_vx_fallback,datactrl_est_vx_fallback,0.0,datactrl_est_theta_fallback,-0.04301593452692032,0.3399464897811413,0.19626823079759542,0.4531012710152453,0.4534227017344648,0.4534105501742004,0.4531134225755097,0.453194446135182,0.4533295266145281,0.0,0.0,0.0,0.0,0.0,0.0,0.0,0.0,0.0,0.0,0.0,0.0,0.0,0.0,0.0,0.0
23.613,0.0,0.0,0.0,datactrl_ref_vx_fallback,datactrl_est_vx_fallback,-0.009999999776482582,states_theta,-0.04301593452692032,0.34369650408625607,0.19843330979234905,0.45813129014997545,0.45839272074670734,0.4584682821231938,0.458055728773489,0.45819217796168776,0.458331832934995,0.0,0.0,0.0,0.0,0.0,0.0,0.0,0.0,0.0,0.0,0.0,0.009999999776482582,0.0,0.0,0.0,0.0
23.713,0.0,0.0,0.0,datactrl_ref_vx_fallback,datactrl_est_vx_fallback,-0.009999999776482582,states_theta,-0.04301593452692032,0.34744651839137075,0.2005983958840786,0.4631073092222995,0.4634167398213559,0.46349601401094326,0.4630280350327121,0.4631644842209109,0.4633595648227445,0.0,0.0,0.0,0.0,0.0,0.0,0.0,0.0,0.0,0.0,0.0,0.009999999776482582,0.0,0.0,0.0,0.0
23.813,0.0,0.0,0.0,datactrl_ref_vx_fallback,datactrl_est_vx_fallback,-0.009999999776482582,states_theta,-0.04301593452692032,0.35119653269648554,0.20276346706572912,0.46810732829578583,0.46841675889484224,0.4684960330844296,0.46802805410619847,0.46816450329439724,0.46835958389623084,0.0,0.0,0.0,0.0,0.0,0.0,0.0,0.0,0.0,0.0,0.0,0.009999999776482582,0.0,0.0,0.0,0.0
23.915,0.0,0.0,0.0,datactrl_ref_vx_fallback,datactrl_est_vx_fallback,-0.019999999552965164,states_theta,-0.0405961237847805,0.3549465470016002,0.2049285589530622,0.4730836771068565,0.47344044823074416,0.4735463389078021,0.47297778642979854,0.47316463176821505,0.4733594935693856,0.0,0.0,0.0,0.0,0.0,0.0,0.0,0.0,0.0,0.0,0.0,0.019999999552965164,0.0,0.0,0.0,0.0
24.013,0.0,0.0,0.0,datactrl_ref_vx_fallback,datactrl_est_vx_fallback,-0.009999999776482582,states_theta,0.07947522401809692,0.358696561306715,0.20709358319032395,0.47809344926763064,0.4784307142169427,0.47827103249643355,0.4782531309881398,0.4781349870777927,0.4783891764067807,0.0,0.0,0.0,0.0,0.0,0.0,0.0,0.0,0.0,0.0,0.0,0.009999999776482582,0.0,0.0,0.0,0.0
24.115,0.0,0.0,0.0,datactrl_ref_vx_fallback,datactrl_est_vx_fallback,-0.009999999776482582,states_theta,0.09103477746248245,0.3624465756118298,0.2092586545236473,0.4830978369431998,0.48342636468834627,0.48325151276399614,0.4832726888675499,0.48313051887848424,0.4833936827530618,0.0,0.0,0.0,0.0,0.0,0.0,0.0,0.0,0.0,0.0,0.0,0.009999999776482582,0.0,0.0,0.0,0.0
24.214,0.0,0.0,0.0,datactrl_ref_vx_fallback,datactrl_est_vx_fallback,0.0,datactrl_est_theta_fallback,0.09103362262248993,0.3661965899169445,0.21142372421293243,0.48812181045283937,0.4884024293256793,0.48819605646352815,0.4883281833149905,0.48813059010091453,0.4883936496776041,0.0,0.0,0.0,0.0,0.0,0.0,0.0,0.0,0.0,0.0,0.0,0.0,0.0,0.0,0.0,0.0
24.314,0.0,0.0,0.0,datactrl_ref_vx_fallback,datactrl_est_vx_fallback,0.0,datactrl_est_theta_fallback,0.09103373438119888,0.36994660422205927,0.2135887957338144,0.4931218290075995,0.49340244891789187,0.4931960762894689,0.4933282016360225,0.49313060817998183,0.4933936697455095,0.0,0.0,0.0,0.0,0.0,0.0,0.0,0.0,0.0,0.0,0.0,0.0,0.0,0.0,0.0,0.0
24.415,0.0,0.0,0.0,datactrl_ref_vx_fallback,datactrl_est_vx_fallback,0.009999999776482582,states_theta,0.09103373438119888,0.37369661852717395,0.21575387449443317,0.4981218480915849,0.49840246798087906,0.4981683825516658,0.49835593352079816,0.49810291443623106,0.4984214016362329,0.0,0.0,0.0,0.0,0.0,0.0,0.0,0.0,0.0,0.0,0.0,-0.009999999776482582,0.0,0.0,0.0,0.0
24.513,0.0,0.0,0.0,datactrl_ref_vx_fallback,datactrl_est_vx_fallback,0.019999999552965164,states_theta,0.09103373438119888,0.37744663283228874,0.21791895487824037,0.5031218671650585,0.5034024870543782,0.5031406888108763,0.5033836654085604,0.503075220695467,0.5034491335239697,0.0,0.0,0.0,0.0,0.0,0.0,0.0,0.0,0.0,0.0,0.0,-0.019999999552965164,0.0,0.0,0.0,0.0
24.614,0.0,0.0,0.0,datactrl_ref_vx_fallback,datactrl_est_vx_fallback,0.029999999329447746,states_theta,0.09103373438119888,0.38119664713740353,0.22008403215077435,0.5081458862397061,0.5083785061267032,0.5080852822558352,0.5084391101105742,0.5080752397689542,0.5084491525974552,0.0,0.0,0.0,0.0,0.0,0.0,0.0,0.0,0.0,0.0,0.0,-0.029999999329447746,0.0,0.0,0.0,0.0
24.715,0.0,0.0,0.0,datactrl_ref_vx_fallback,datactrl_est_vx_fallback,0.03999999910593033,states_theta,0.09103373438119888,0.38494666144251827,0.22224911568476396,0.5131459053131925,0.5133785252001896,0.5130575885150583,0.5134668419983237,0.5130475460281774,0.5134768844852047,0.0,0.0,0.0,0.0,0.0,0.0,0.0,0.0,0.0,0.0,0.0,-0.03999999910593033,0.0,0.0,0.0,0.0
24.815,0.0,0.0,0.0,datactrl_ref_vx_fallback,datactrl_est_vx_fallback,0.04999999701976776,states_theta,0.09103373438119888,0.38869667574763295,0.2244142007028536,0.5181459243866787,0.5183785442736758,0.5180298947794433,0.5184945738809112,0.5180198522925623,0.5185046163677922,0.0,0.0,0.0,0.0,0.0,0.0,0.0,0.0,0.0,0.0,0.0,-0.04999999701976776,0.0,0.0,0.0,0.0
24.915,0.0,0.0,0.0,datactrl_ref_vx_fallback,datactrl_est_vx_fallback,0.05999999865889549,states_theta,0.09103373438119888,0.3924466900527477,0.22657928716250736,0.5231459434601651,0.5233785633471622,0.5230022010335046,0.5235223057738226,0.5229921585466236,0.5235323482607036,0.0,0.0,0.0,0.0,0.0,0.0,0.0,0.0,0.0,0.0,0.0,-0.05999999865889549,0.0,0.0,0.0,0.0
25.015,0.0,0.0,0.0,datactrl_ref_vx_fallback,datactrl_est_vx_fallback,0.05999999865889549,states_theta,0.026495058089494705,0.3961967043578625,0.2287443287221403,0.5281743527339761,0.5283501922203239,0.5279801331355038,0.5285444118187961,0.5281484057173953,0.5283761392369046,0.0,0.0,0.0,0.0,0.0,0.0,0.0,0.0,0.0,0.0,0.0,-0.05999999865889549,0.0,0.0,0.0,0.0
25.115,0.0,0.0,0.0,datactrl_ref_vx_fallback,datactrl_est_vx_fallback,0.04999999701976776,states_theta,-0.15830355882644653,0.39994671866297726,0.23090935261003545,0.5331620771228316,0.533362505978441,0.5333141246060574,0.5332104584952152,0.5332539747776496,0.533270608323623,0.0,0.0,0.0,0.0,0.0,0.0,0.0,0.0,0.0,0.0,0.0,-0.04999999701976776,0.0,0.0,0.0,0.0
25.216,0.0,0.0,0.0,datactrl_ref_vx_fallback,datactrl_est_vx_fallback,0.029999999329447746,states_theta,-0.18107375502586365,0.403696732968092,0.23307443695687144,0.5381603622517993,0.538364258996446,0.5384162541664141,0.5381083670818312,0.5383100615518246,0.5382145596964207,0.0,0.0,0.0,0.0,0.0,0.0,0.0,0.0,0.0,0.0,0.0,-0.029999999329447746,0.0,0.0,0.0,0.0
25.315,0.0,0.0,0.0,datactrl_ref_vx_fallback,datactrl_est_vx_fallback,0.019999999552965164,states_theta,-0.18106649816036224,0.4074467472732067,0.2352395152926229,0.5431604177139212,0.5433642416812966,0.5434439459787567,0.5430807134164611,0.5433378184486456,0.5431868409465722,0.0,0.0,0.0,0.0,0.0,0.0,0.0,0.0,0.0,0.0,0.0,-0.019999999552965164,0.0,0.0,0.0,0.0
25.415,0.0,0.0,0.0,datactrl_ref_vx_fallback,datactrl_est_vx_fallback,0.0,datactrl_est_theta_fallback,-0.18106709420681,0.4111967615783214,0.2374046118496478,0.5481364352705177,0.5483882622716728,0.5485271029986434,0.5479975945435471,0.5483655520587389,0.5481591454834516,0.0,0.0,0.0,0.0,0.0,0.0,0.0,0.0,0.0,0.0,0.0,0.0,0.0,0.0,0.0,0.0
25.515,0.0,0.0,0.0,datactrl_ref_vx_fallback,datactrl_est_vx_fallback,-0.009999999776482582,states_theta,-0.1310938000679016,0.4149467758834362,0.2395696680575842,0.5531410910539728,0.5533836446351904,0.5534529879999603,0.5530717476892029,0.5533912632902662,0.553133472398897,0.0,0.0,0.0,0.0,0.0,0.0,0.0,0.0,0.0,0.0,0.0,0.009999999776482582,0.0,0.0,0.0,0.0
25.615,0.0,0.0,0.0,datactrl_ref_vx_fallback,datactrl_est_vx_fallback,-0.009999999776482582,states_theta,-0.03667841851711273,0.418696790188551,0.24173472109621238,0.5581751021843384,0.5583496716517975,0.5582322892385295,0.5582924845976064,0.5584157615096866,0.5581090123264493,0.0,0.0,0.0,0.0,0.0,0.0,0.0,0.0,0.0,0.0,0.0,0.009999999776482582,0.0,0.0,0.0,0.0
25.715,0.0,0.0,0.0,datactrl_ref_vx_fallback,datactrl_est_vx_fallback,-0.019999999552965164,states_theta,-0.03702520579099655,0.42244680449366573,0.24389980138486114,0.5631982987749498,0.5633265132081589,0.5632322142459332,0.5632925977371754,0.5634720210583692,0.5630527909247394,0.0,0.0,0.0,0.0,0.0,0.0,0.0,0.0,0.0,0.0,0.0,0.019999999552965164,0.0,0.0,0.0,0.0
25.815,0.0,0.0,0.0,datactrl_ref_vx_fallback,datactrl_est_vx_fallback,-0.019999999552965164,states_theta,-0.03701376914978027,0.4261968187987804,0.24606487293479587,0.5681983165478438,0.5683265335822373,0.5682322038949359,0.5682926462351452,0.5684720457873398,0.5680528043427413,0.0,0.0,0.0,0.0,0.0,0.0,0.0,0.0,0.0,0.0,0.0,0.019999999552965164,0.0,0.0,0.0,0.0
25.916,0.0,0.0,0.0,datactrl_ref_vx_fallback,datactrl_est_vx_fallback,-0.019999999552965164,states_theta,-0.0370137095451355,0.42994683310389514,0.24822995069438353,0.5732223357342512,0.5733025525428026,0.5732045101452249,0.5733203781318289,0.5734997775630409,0.5730251107140129,0.0,0.0,0.0,0.0,0.0,0.0,0.0,0.0,0.0,0.0,0.0,0.019999999552965164,0.0,0.0,0.0,0.0
26.016,0.0,0.0,0.0,datactrl_ref_vx_fallback,datactrl_est_vx_fallback,-0.029999999329447746,states_theta,-0.026965893805027008,0.43369684740900993,0.25039502295102556,0.5782216824129213,0.5783032440111052,0.5782311295544377,0.5782937968695888,0.5785077379316478,0.5780171884923787,0.0,0.0,0.0,0.0,0.0,0.0,0.0,0.0,0.0,0.0,0.0,0.029999999329447746,0.0,0.0,0.0,0.0
26.115,3.9254839066416025e-05,1.9627419533208013e-05,1.9627419533208013e-05,datactrl_ref_vx_fallback,datactrl_est_vx_fallback,-0.019999999552965164,states_theta,0.11257646977901459,0.4291587836703073,0.24777494613164994,0.5721459793016486,0.5722774438191709,0.5721630364923721,0.5722603866284474,0.5721286633461916,0.5722947597746278,0.0,0.0,0.0,1.9627419533208013e-05,1.9627419533208013e-05,0.0,0.0,0.0,0.0,0.0,-3.705032213474624e-05,0.01996294967830181,0.0,0.0,0.0,0.0
26.217,3.9254839066416025e-05,1.9627419533208013e-05,1.9627419533208013e-05,datactrl_ref_vx_fallback,datactrl_est_vx_fallback,-0.009999999776482582,states_theta,0.07376326620578766,0.4219717105547255,0.2436254842853263,0.562592513954018,0.5626653808585833,0.5625797278782879,0.5626781669343134,0.5625716897490171,0.5626862050635842,0.0,0.0,0.0,1.9627419533208013e-05,1.9627419533208013e-05,0.0,0.0,0.0,0.0,0.0,-3.705032213474624e-05,0.009962949901819229,0.0,0.0,0.0,0.0
26.316,3.9254839066416025e-05,1.9627419533208013e-05,1.9627419533208013e-05,datactrl_ref_vx_fallback,datactrl_est_vx_fallback,-3.767751331906766e-05,datactrl_est_theta_fallback,0.07203177362680435,0.4143643231456925,0.2392333607599118,0.5524487287469424,0.5525227996415709,0.5524095110640016,0.5525620173245117,0.5524039853436443,0.552567543044869,0.0,0.0,0.0,1.9627419533208013e-05,1.9627419533208013e-05,0.0,0.0,0.0,0.0,0.0,-3.767751331906766e-05,-3.767751331906766e-05,0.0,0.0,0.0,0.0
26.417,3.9254839066416025e-05,1.9627419533208013e-05,1.9627419533208013e-05,datactrl_ref_vx_fallback,datactrl_est_vx_fallback,-3.8461505027953535e-05,datactrl_est_theta_fallback,0.0720265731215477,0.4069849889492299,0.23497290074131075,0.5426387609581703,0.5426545429064428,0.5426003681038317,0.5426929357607814,0.5425349081323271,0.542758395732286,0.0,0.0,0.0,1.9627419533208013e-05,1.9627419533208013e-05,0.0,0.0,0.0,0.0,0.0,-3.8461505027953535e-05,-3.8461505027953535e-05,0.0,0.0,0.0,0.0
26.517,3.9254839066416025e-05,1.9627419533208013e-05,1.9627419533208013e-05,datactrl_ref_vx_fallback,datactrl_est_vx_fallback,-3.9245493098860607e-05,datactrl_est_theta_fallback,0.06106562912464142,0.40039353451588,0.23116732077737118,0.5338512610887853,0.5338648309535614,0.5338188168802638,0.533897275162083,0.5337620229391147,0.5339540691032321,0.0,0.0,0.0,1.9627419533208013e-05,1.9627419533208013e-05,0.0,0.0,0.0,0.0,0.0,-3.9245493098860607e-05,-3.9245493098860607e-05,0.0,0.0,0.0,0.0
26.617,4.014697333332151e-05,2.0073486666660756e-05,2.0073486666660756e-05,datactrl_ref_vx_fallback,datactrl_est_vx_fallback,-4.088577043148689e-05,datactrl_est_theta_fallback,-0.014171688817441463,0.3947041116428392,0.22788252553633465,0.5262684245207088,0.5262758731935291,0.5262992208182635,0.5262450768959743,0.5262661911782609,0.526278106535977,0.0,0.0,0.0,2.0073486666660756e-05,2.0073486666660756e-05,0.0,0.0,0.0,0.0,0.0,-4.088577043148689e-05,-4.088577043148689e-05,0.0,0.0,0.0,0.0
26.717,4.014697333332151e-05,2.0073486666660756e-05,2.0073486666660756e-05,datactrl_ref_vx_fallback,datactrl_est_vx_fallback,-4.16875809605699e-05,datactrl_est_theta_fallback,-0.02698531746864319,0.39033227303733,0.22535844385215062,0.5204397801856422,0.5204462812472377,0.5204834195598207,0.5204026418730592,0.5204503820502802,0.5204356793825997,0.0,0.0,0.0,2.0073486666660756e-05,2.0073486666660756e-05,0.0,0.0,0.0,0.0,0.0,-4.16875809605699e-05,-4.16875809605699e-05,0.0,0.0,0.0,0.0
26.817,4.014697333332151e-05,2.0073486666660756e-05,2.0073486666660756e-05,datactrl_ref_vx_fallback,datactrl_est_vx_fallback,-4.248938785167411e-05,datactrl_est_theta_fallback,-0.007512884680181742,0.386923869555997,0.22339060027871463,0.5158953628775376,0.5159016226051212,0.5158985313501234,0.5158984541325353,0.5159057148411375,0.5158912706415213,0.0,0.0,0.0,2.0073486666660756e-05,2.0073486666660756e-05,0.0,0.0,0.0,0.0,0.0,-4.248938785167411e-05,-4.248938785167411e-05,0.0,0.0,0.0,0.0
26.917,4.014697333332151e-05,2.0073486666660756e-05,2.0073486666660756e-05,datactrl_ref_vx_fallback,datactrl_est_vx_fallback,-4.329119838075712e-05,datactrl_est_theta_fallback,-0.006957458332180977,0.3845305694910473,0.22200882783504072,0.5127041698668974,0.5127106821092288,0.5127073077386816,0.5127075442374446,0.5127136436920013,0.5127012082841248,0.0,0.0,0.0,2.0073486666660756e-05,2.0073486666660756e-05,0.0,0.0,0.0,0.0,0.0,-4.329119838075712e-05,-4.329119838075712e-05,0.0,0.0,0.0,0.0
27.017,4.014697333332151e-05,2.0073486666660756e-05,2.0073486666660756e-05,datactrl_ref_vx_fallback,datactrl_est_vx_fallback,-4.409300527186133e-05,datactrl_est_theta_fallback,-0.007003392092883587,0.38319086565685273,0.2212353494659385,0.5109173961501131,0.5109249122681608,0.510921402442103,0.5109209059761709,0.5109270940372078,0.5109152143810661,0.0,0.0,0.0,2.0073486666660756e-05,2.0073486666660756e-05,0.0,0.0,0.0,0.0,0.0,-4.409300527186133e-05,-4.409300527186133e-05,0.0,0.0,0.0,0.0
27.117,4.014697333332151e-05,2.0073486666660756e-05,2.0073486666660756e-05,datactrl_ref_vx_fallback,datactrl_est_vx_fallback,-4.4894812162965536e-05,datactrl_est_theta_fallback,-0.007950939238071442,0.382683226315396,0.22094226501043152,0.5102641316470561,0.5102244718606664,0.5102180364470214,0.5102705670607012,0.5102787176509981,0.5102098858567244,0.0,0.0,0.0,2.0073486666660756e-05,2.0073486666660756e-05,0.0,0.0,0.0,0.0,0.0,-4.4894812162965536e-05,-4.4894812162965536e-05,0.0,0.0,0.0,0.0
27.217,4.014697333332151e-05,2.0073486666660756e-05,2.0073486666660756e-05,datactrl_ref_vx_fallback,datactrl_est_vx_fallback,-4.569662269204855e-05,datactrl_est_theta_fallback,-0.008000722154974937,0.3827272573693188,0.22096768623037816,0.5103217398323197,0.5102842798191971,0.510278243192749,0.5103277764587678,0.5103360235666211,0.5102699960848956,0.0,0.0,0.0,2.0073486666660756e-05,2.0073486666660756e-05,0.0,0.0,0.0,0.0,0.0,-4.569662269204855e-05,-4.569662269204855e-05,0.0,0.0,0.0,0.0
27.317,8.029394666664302e-05,4.014697333332151e-05,4.014697333332151e-05,datactrl_ref_vx_fallback,datactrl_est_vx_fallback,-8.503223216393963e-05,datactrl_est_theta_fallback,-0.008002972230315208,0.38326543453827006,0.22127840345045108,0.5109961133580813,0.5110450454106389,0.5110584153935457,0.5109827433751745,0.5109907728905448,0.5110503858781753,0.0,0.0,0.0,4.014697333332151e-05,4.014697333332151e-05,0.0,0.0,0.0,0.0,0.0,-8.503223216393963e-05,-8.503223216393963e-05,0.0,0.0,0.0,0.0
27.417,0.006742417346686125,0.0033712086733430624,0.0033712086733430624,datactrl_ref_vx_fallback,datactrl_est_vx_fallback,-0.0064810640178620815,datactrl_est_theta_fallback,-0.00800296664237976,0.38396687222009773,0.22168337849251588,0.5119869170413226,0.5119247422122714,0.5119668007539127,0.5119448584996813,0.5119171516648267,0.5119945075887673,0.0,0.0,0.0,0.0033712086733430624,0.0033712086733430624,0.0,0.0,0.0,0.0,0.0,-0.0064810640178620815,-0.0064810640178620815,0.0,0.0,0.0,0.0
27.52,0.006744191981852055,0.0033720959909260273,0.0033720959909260273,datactrl_ref_vx_fallback,datactrl_est_vx_fallback,-0.006617425475269556,datactrl_est_theta_fallback,-0.00800296664237976,0.38504627434715644,0.22230657155512173,0.5134332494109687,0.5133568155147817,0.513398398952584,0.5133916659731664,0.5133628403214244,0.513427224604326,0.0,0.0,0.0,0.0033720959909260273,0.0033720959909260273,0.0,0.0,0.0,0.0,0.0,-0.006617425475269556,-0.006617425475269556,0.0,0.0,0.0,0.0
27.618,0.006744191981852055,0.0033720959909260273,0.0033720959909260273,datactrl_ref_vx_fallback,datactrl_est_vx_fallback,-0.0067521193996071815,datactrl_est_theta_fallback,-0.02632855251431465,0.38616566139598,0.22295284883374406,0.5148995353880033,0.5148755616679435,0.514904143737854,0.5148709533180927,0.5148790996256204,0.5148959974303263,0.0,0.0,0.0,0.0033720959909260273,0.0033720959909260273,0.0,0.0,0.0,0.0,0.0,-0.0067521193996071815,-0.0067521193996071815,0.0,0.0,0.0,0.0
27.718,0.006744191981852055,0.0033720959909260273,0.0033720959909260273,datactrl_ref_vx_fallback,datactrl_est_vx_fallback,-0.006886813323944807,datactrl_est_theta_fallback,-0.02600441873073578,0.3875709045592408,0.223764166330238,0.5167723692995082,0.5167500428584674,0.5167767886174919,0.5167456235404837,0.5167519716276869,0.5167704405302886,0.0,0.0,0.0,0.0033720959909260273,0.0033720959909260273,0.0,0.0,0.0,0.0,0.0,-0.006886813323944807,-0.006886813323944807,0.0,0.0,0.0,0.0
27.818,0.006744191981852055,0.0033720959909260273,0.0033720959909260273,datactrl_ref_vx_fallback,datactrl_est_vx_fallback,-0.009999999776482582,states_theta,-0.026009587571024895,0.3886094350862559,0.22436376325392243,0.5181568841819516,0.5181349427147307,0.5181897134844773,0.518102113412205,0.5181629321605252,0.5181288947361571,0.0,0.0,0.0,0.0033720959909260273,0.0033720959909260273,0.0,0.0,0.0,0.0,0.0,-0.007021506782621145,0.002978492761030793,0.0,0.0,0.0,0.0
27.919,0.006744191981852055,0.0033720959909260273,0.0033720959909260273,datactrl_ref_vx_fallback,datactrl_est_vx_fallback,-0.009999999776482582,states_theta,-0.026009635999798775,0.38985088203321805,0.2250805129874925,0.5198119594710143,0.5197903926175672,0.5198456760471486,0.5197566760414329,0.5198169096938321,0.5197854423947494,0.0,0.0,0.0,0.0033720959909260273,0.0033720959909260273,0.0,0.0,0.0,0.0,0.0,-0.007156200706958771,0.0028437990695238113,0.0,0.0,0.0,0.0
28.019,0.006744191981852055,0.0033720959909260273,0.0033720959909260273,datactrl_ref_vx_fallback,datactrl_est_vx_fallback,-0.009999999776482582,states_theta,-0.020545922219753265,0.3909499631418524,0.22571506781814338,0.5213012924775842,0.5212319425673555,0.5212842391606483,0.5212489958842914,0.5212972807571727,0.5212359542877669,0.0,0.0,0.0,0.0033720959909260273,0.0033720959909260273,0.0,0.0,0.0,0.0,0.0,-0.007290894631296396,0.002709105145186186,0.0,0.0,0.0,0.0
28.119,0.006744191981852055,0.0033720959909260273,0.0033720959909260273,datactrl_ref_vx_fallback,datactrl_est_vx_fallback,-0.009999999776482582,states_theta,-0.006934689823538065,0.3918726871431038,0.2262478022528785,0.522531195767313,0.5224626366142971,0.5225156187752553,0.5224782136063548,0.5224976079352759,0.5224962244463343,0.0,0.0,0.0,0.0033720959909260273,0.0033720959909260273,0.0,0.0,0.0,0.0,0.0,-0.007425588555634022,0.002574411453679204,0.0,0.0,0.0,0.0
28.219,0.006744191981852055,0.0033720959909260273,0.0033720959909260273,datactrl_ref_vx_fallback,datactrl_est_vx_fallback,-0.009999999776482582,states_theta,-0.007003535982221365,0.3925877115404147,0.22666062181263033,0.5234850078330605,0.5234155562747121,0.5234697515695349,0.5234308125382378,0.5234497423678469,0.5234508217399257,0.0,0.0,0.0,0.0033720959909260273,0.0033720959909260273,0.0,0.0,0.0,0.0,0.0,-0.00756028201431036,0.0024397175293415785,0.0,0.0,0.0,0.0
28.319,0.006744191981852055,0.0033720959909260273,0.0033720959909260273,datactrl_ref_vx_fallback,datactrl_est_vx_fallback,-0.009999999776482582,states_theta,-0.007002605125308037,0.3932294722106716,0.22703114254119489,0.524341081703005,0.5242708441921193,0.52432622019096,0.5242857057041643,0.524304018540372,0.5243079073547523,0.0,0.0,0.0,0.0033720959909260273,0.0033720959909260273,0.0,0.0,0.0,0.0,0.0,-0.0076949759386479855,0.0023050238378345966,0.0,0.0,0.0,0.0
28.419,0.006744191981852055,0.0033720959909260273,0.0033720959909260273,datactrl_ref_vx_fallback,datactrl_est_vx_fallback,-0.009999999776482582,states_theta,-0.00477572763338685,0.39242883834933817,0.22656889617044462,0.523242728534352,0.5232341737305498,0.5232693373187033,0.5232075649461986,0.5232206267809615,0.5232562754839404,0.0,0.0,0.0,0.0033720959909260273,0.0033720959909260273,0.0,0.0,0.0,0.0,0.0,-0.007829669862985611,0.002170330146327615,0.0,0.0,0.0,0.0
28.519,0.006744191981852055,0.0033720959909260273,0.0033720959909260273,datactrl_ref_vx_fallback,datactrl_est_vx_fallback,-0.009999999776482582,states_theta,0.011170733720064163,0.3916634218603225,0.2261269860672662,0.5221785097248394,0.5222572819026873,0.5222600496083896,0.5221757420191371,0.5221550297651003,0.5222807618624263,0.0,0.0,0.0,0.0033720959909260273,0.0033720959909260273,0.0,0.0,0.0,0.0,0.0,-0.00796436332166195,0.0020356362219899893,0.0,0.0,0.0,0.0
28.619,0.006744191981852055,0.0033720959909260273,0.0033720959909260273,datactrl_ref_vx_fallback,datactrl_est_vx_fallback,-0.009999999776482582,states_theta,0.01100260391831398,0.39093020469804646,0.22570366108244921,0.5212095938459151,0.5212709520155421,0.5212668450111232,0.521213700850334,0.5211927005926132,0.521287845268844,0.0,0.0,0.0,0.0033720959909260273,0.0033720959909260273,0.0,0.0,0.0,0.0,0.0,-0.008099057711660862,0.0019009424140676856,0.0,0.0,0.0,0.0
28.719,0.006744191981852055,0.0033720959909260273,0.0033720959909260273,datactrl_ref_vx_fallback,datactrl_est_vx_fallback,-0.009999999776482582,states_theta,0.011004053056240082,0.39057824662471374,0.22550045602707894,0.520759882620159,0.5207821083790777,0.5207596162484859,0.5207823747507508,0.5207607265599247,0.520781264439312,0.0,0.0,0.0,0.0033720959909260273,0.0033720959909260273,0.0,0.0,0.0,0.0,0.0,-0.0082337511703372,0.001766248606145382,0.0,0.0,0.0,0.0
28.82,0.006744191981852055,0.0033720959909260273,0.0033720959909260273,datactrl_ref_vx_fallback,datactrl_est_vx_fallback,-0.009999999776482582,states_theta,0.011004079133272171,0.3902613426610503,0.22531749146041619,0.5203362433700388,0.520360670392762,0.5203370956774869,0.520359818085314,0.5203375174539129,0.520359396308888,0.0,0.0,0.0,0.0033720959909260273,0.0033720959909260273,0.0,0.0,0.0,0.0,0.0,-0.008368444629013538,0.0016315549146384,0.0,0.0,0.0,0.0
28.919,0.006744191981852055,0.0033720959909260273,0.0033720959909260273,datactrl_ref_vx_fallback,datactrl_est_vx_fallback,-0.009999999776482582,states_theta,0.011004079133272171,0.3903320345223722,0.22535830544898336,0.5204294239242437,0.5204560014687487,0.5204312304778563,0.5204541949151361,0.5204312344321139,0.5204541909608785,0.0,0.0,0.0,0.0033720959909260273,0.0033720959909260273,0.0,0.0,0.0,0.0,0.0,-0.008503139019012451,0.0014968611067160964,0.0,0.0,0.0,0.0
29.02,0.006744191981852055,0.0033720959909260273,0.0033720959909260273,datactrl_ref_vx_fallback,datactrl_est_vx_fallback,-0.009999999776482582,states_theta,0.011004079133272171,0.3890122618077274,0.22459633513923735,0.5186928615715354,0.5186731699157376,0.5186434516670537,0.5187225798202193,0.518698952020088,0.518667079467185,0.0,0.0,0.0,0.0033720959909260273,0.0033720959909260273,0.0,0.0,0.0,0.0,0.0,-0.00863783247768879,0.0013621672987937927,0.0,0.0,0.0,0.0
29.12,0.006744191981852055,0.0033720959909260273,0.0033720959909260273,datactrl_ref_vx_fallback,datactrl_est_vx_fallback,-0.009999999776482582,states_theta,0.011004079133272171,0.3861610069018483,0.22295016209264737,0.5148635919555109,0.5148990931160846,0.5148895574044112,0.5148731276671843,0.5148488250844556,0.5149138599871399,0.0,0.0,0.0,0.0033720959909260273,0.0033720959909260273,0.0,0.0,0.0,0.0,0.0,-0.008772525936365128,0.001227473490871489,0.0,0.0,0.0,0.0
29.22,0.006744191981852055,0.0033720959909260273,0.0033720959909260273,datactrl_ref_vx_fallback,datactrl_est_vx_fallback,-0.00890722032636404,datactrl_est_theta_fallback,0.008777212351560593,0.38443125974090786,0.221951497067662,0.512530003477694,0.5126200224980603,0.5125886999410529,0.5125613260347013,0.5124853777545715,0.5126646482211827,0.0,0.0,0.0,0.0033720959909260273,0.0033720959909260273,0.0,0.0,0.0,0.0,0.0,-0.00890722032636404,-0.00890722032636404,0.0,0.0,0.0,0.0
29.32,0.006785230711102486,0.003392615355551243,0.003392615355551243,datactrl_ref_vx_fallback,datactrl_est_vx_fallback,-0.009999999776482582,states_theta,-0.023962315171957016,0.3829998826512842,0.22112508670421158,0.5106337536333586,0.5106992667700659,0.5106787975965316,0.510654222806893,0.5107007827981759,0.5106322376052487,0.0,0.0,0.0,0.003392615355551243,0.003392615355551243,0.0,0.0,0.0,0.0,0.0,-0.009081303142011166,0.0009186961688101292,0.0,0.0,0.0,0.0
29.42,0.006785230711102486,0.003392615355551243,0.003392615355551243,datactrl_ref_vx_fallback,datactrl_est_vx_fallback,-0.009999999776482582,states_theta,0.008019678294658661,0.3821277100796146,0.22062154118880126,0.5095243504775148,0.5094828764014575,0.5094299699536805,0.5095772569252918,0.5095566396593244,0.5094505872196479,0.0,0.0,0.0,0.003392615355551243,0.003392615355551243,0.0,0.0,0.0,0.0,0.0,-0.00921681709587574,0.000783182738814503,0.0,0.0,0.0,0.0
29.52,0.006785230711102486,0.003392615355551243,0.003392615355551243,datactrl_ref_vx_fallback,datactrl_est_vx_fallback,-0.00935233011841774,datactrl_est_theta_fallback,0.028907373547554016,0.38134558201165936,0.22016998366427298,0.5085094377352433,0.5084121142958484,0.5083429069636825,0.5085786450674092,0.5084583101986848,0.5084632418324069,0.0,0.0,0.0,0.003392615355551243,0.003392615355551243,0.0,0.0,0.0,0.0,0.0,-0.00935233011841774,-0.00935233011841774,0.0,0.0,0.0,0.0
29.621,0.006785230711102486,0.003392615355551243,0.003392615355551243,datactrl_ref_vx_fallback,datactrl_est_vx_fallback,-0.009487844072282314,datactrl_est_theta_fallback,-0.006627407390624285,0.38102028684432554,0.21998216822425487,0.50806362763443,0.5079904706171047,0.5079651873213998,0.5080889109301349,0.5080411605122218,0.5080129377393129,0.0,0.0,0.0,0.003392615355551243,0.003392615355551243,0.0,0.0,0.0,0.0,0.0,-0.009487844072282314,-0.009487844072282314,0.0,0.0,0.0,0.0
29.721,0.006785230711102486,0.003392615355551243,0.003392615355551243,datactrl_ref_vx_fallback,datactrl_est_vx_fallback,-0.009999999776482582,states_theta,-0.02176438271999359,0.38079016430292667,0.21984930435039898,0.5077296128210401,0.5077108253200976,0.5077349094287508,0.5077055287123869,0.5077436619480576,0.5076967761930801,0.0,0.0,0.0,0.003392615355551243,0.003392615355551243,0.0,0.0,0.0,0.0,0.0,-0.009623357094824314,0.0003766425361391157,0.0,0.0,0.0,0.0
29.821,0.006785230711102486,0.003392615355551243,0.003392615355551243,datactrl_ref_vx_fallback,datactrl_est_vx_fallback,-0.009999999776482582,states_theta,-0.024996962398290634,0.3806829635138434,0.21978741996397413,0.507531726146117,0.5076228432241321,0.5076764885652153,0.5074780808050338,0.5075221988604542,0.5076323705097948,0.0,0.0,0.0,0.003392615355551243,0.003392615355551243,0.0,0.0,0.0,0.0,0.0,-0.009758871048688889,0.0002411291206954047,0.0,0.0,0.0,0.0
29.921,0.006744191981852055,0.0033720959909260273,0.0033720959909260273,datactrl_ref_vx_fallback,datactrl_est_vx_fallback,-0.009999999776482582,states_theta,-0.025009702891111374,0.3806990298570333,0.21979669311852992,0.5075654467304206,0.5076319662216683,0.5076839749089552,0.5075134380431336,0.5075570611472666,0.5076403518048223,0.0,0.0,0.0,0.0033720959909260273,0.0033720959909260273,0.0,0.0,0.0,0.0,0.0,-0.009854994714260101,0.0001450054405722767,0.0,0.0,0.0,0.0
30.021,0.006744191981852055,0.0033720959909260273,0.0033720959909260273,datactrl_ref_vx_fallback,datactrl_est_vx_fallback,-0.009999999776482582,states_theta,-0.02500927448272705,0.38099794533958,0.2199692783309908,0.507939886149865,0.5080546347556816,0.5081107765713456,0.5078837443342009,0.5079266243025397,0.5080678966030069,0.0,0.0,0.0,0.0033720959909260273,0.0033720959909260273,0.0,0.0,0.0,0.0,0.0,-0.00998968817293644,1.031164083542535e-05,0.0,0.0,0.0,0.0
30.121,0.006744191981852055,0.0033720959909260273,0.0033720959909260273,datactrl_ref_vx_fallback,datactrl_est_vx_fallback,-0.019999999552965164,states_theta,-0.0250092763453722,0.38006912249760033,0.21943301480369934,0.5067350380475635,0.5067826219460374,0.5068448768910347,0.5066727831025661,0.5067705961655753,0.5067470638280256,0.0,0.0,0.0,0.0033720959909260273,0.0033720959909260273,0.0,0.0,0.0,0.0,0.0,-0.010137851350009441,0.009862148202955723,0.0,0.0,0.0,0.0
30.222,0.006744191981852055,0.0033720959909260273,0.0033720959909260273,datactrl_ref_vx_fallback,datactrl_est_vx_fallback,-0.019999999552965164,states_theta,-0.01024838536977768,0.3804841224719181,0.2196726253566831,0.5073716298680174,0.5072526967237642,0.5072449369811899,0.5073793896105917,0.5074463190731581,0.5071780075186235,0.0,0.0,0.0,0.0033720959909260273,0.0033720959909260273,0.0,0.0,0.0,0.0,0.0,-0.01027254480868578,0.009727454744279385,0.0,0.0,0.0,0.0
30.322,0.006744191981852055,0.0033720959909260273,0.0033720959909260273,datactrl_ref_vx_fallback,datactrl_est_vx_fallback,-0.019999999552965164,states_theta,0.02398202009499073,0.381029197366124,0.21998731846383554,0.508103740552386,0.5079741190906113,0.5079616531620595,0.5081162064809378,0.5081117782450068,0.5079660813979906,0.0,0.0,0.0,0.0033720959909260273,0.0033720959909260273,0.0,0.0,0.0,0.0,0.0,-0.010407239198684692,0.009592760354280472,0.0,0.0,0.0,0.0
30.421,8.2078215200454e-05,4.1039107600227e-05,4.1039107600227e-05,datactrl_ref_vx_fallback,datactrl_est_vx_fallback,-0.009999999776482582,states_theta,0.041802406311035156,0.38126180682314165,0.2201216084597895,0.5083792496036638,0.508318901924714,0.508310519777131,0.5083876317512467,0.5083261858979494,0.5083719656304283,0.0,0.0,0.0,4.1039107600227e-05,4.1039107600227e-05,0.0,0.0,0.0,0.0,0.0,-0.004134208429604769,0.005865791346877813,0.0,0.0,0.0,0.0
30.521,8.2078215200454e-05,4.1039107600227e-05,4.1039107600227e-05,datactrl_ref_vx_fallback,datactrl_est_vx_fallback,-0.009999999776482582,states_theta,0.04805629327893257,0.3816100605229808,0.22032267614296952,0.5088056711283758,0.5088211569329063,0.50883094201439,0.5087958860468921,0.5087217577209441,0.508905070340338,0.0,0.0,0.0,4.1039107600227e-05,4.1039107600227e-05,0.0,0.0,0.0,0.0,0.0,-0.004135847557336092,0.00586415221914649,0.0,0.0,0.0,0.0
30.622,8.2078215200454e-05,4.1039107600227e-05,4.1039107600227e-05,datactrl_ref_vx_fallback,datactrl_est_vx_fallback,-0.009999999776482582,states_theta,0.012943724170327187,0.38206049551227933,0.22058273039208315,0.5094094922279335,0.5094184958048114,0.5094334965475708,0.5093944914851741,0.5093936591596192,0.5094343288731257,0.0,0.0,0.0,4.1039107600227e-05,4.1039107600227e-05,0.0,0.0,0.0,0.0,0.0,-0.004137486685067415,0.005862513091415167,0.0,0.0,0.0,0.0
30.722,8.2078215200454e-05,4.1039107600227e-05,4.1039107600227e-05,datactrl_ref_vx_fallback,datactrl_est_vx_fallback,-0.009999999776482582,states_theta,-0.00705596012994647,0.3825722186986993,0.22087817393563652,0.5100950276069731,0.5100975555895584,0.5101194258019024,0.5100731573946291,0.510114209436479,0.5100783737600525,0.0,0.0,0.0,4.1039107600227e-05,4.1039107600227e-05,0.0,0.0,0.0,0.0,0.0,-0.004139126278460026,0.005860873498022556,0.0,0.0,0.0,0.0
30.822,8.2078215200454e-05,4.1039107600227e-05,4.1039107600227e-05,datactrl_ref_vx_fallback,datactrl_est_vx_fallback,-0.009999999776482582,states_theta,-0.006529431790113449,0.38279651116366514,0.22100766923374332,0.5103934868061996,0.5103972096302408,0.5104181297606893,0.510372566675751,0.5104128400610832,0.5103778563753572,0.0,0.0,0.0,4.1039107600227e-05,4.1039107600227e-05,0.0,0.0,0.0,0.0,0.0,-0.004140765406191349,0.005859234370291233,0.0,0.0,0.0,0.0
30.922,8.2078215200454e-05,4.1039107600227e-05,4.1039107600227e-05,datactrl_ref_vx_fallback,datactrl_est_vx_fallback,-0.009999999776482582,states_theta,0.011121585965156555,0.3830809698740798,0.22117190140579007,0.510772073589147,0.5107771794083991,0.5107597629639974,0.5107894900335487,0.5107933920861815,0.5107558609113646,0.0,0.0,0.0,4.1039107600227e-05,4.1039107600227e-05,0.0,0.0,0.0,0.0,0.0,-0.004142404533922672,0.00585759524255991,0.0,0.0,0.0,0.0
31.022,8.2078215200454e-05,4.1039107600227e-05,4.1039107600227e-05,datactrl_ref_vx_fallback,datactrl_est_vx_fallback,-0.009999999776482582,states_theta,0.010999368503689766,0.38356178389473305,0.22144950170871566,0.5114369272205164,0.5113944964987718,0.5113731403824495,0.5114582833368386,0.5114627549439061,0.511368668775382,0.0,0.0,0.0,4.1039107600227e-05,4.1039107600227e-05,0.0,0.0,0.0,0.0,0.0,-0.004144044127315283,0.005855955649167299,0.0,0.0,0.0,0.0
31.123,8.2078215200454e-05,4.1039107600227e-05,4.1039107600227e-05,datactrl_ref_vx_fallback,datactrl_est_vx_fallback,-0.004145683255046606,datactrl_est_theta_fallback,0.04760745167732239,0.38361974455096176,0.22148296761069744,0.5115078797830441,0.5114781056861872,0.5114184420680363,0.511567543401195,0.5114403175156101,0.5115456679536212,0.0,0.0,0.0,4.1039107600227e-05,4.1039107600227e-05,0.0,0.0,0.0,0.0,0.0,-0.004145683255046606,-0.004145683255046606,0.0,0.0,0.0,0.0
31.221,8.2078215200454e-05,4.1039107600227e-05,4.1039107600227e-05,datactrl_ref_vx_fallback,datactrl_est_vx_fallback,-0.004147322382777929,datactrl_est_theta_fallback,0.04878814518451691,0.38376375529038165,0.22156611258477196,0.5116744381467113,0.5116955759609731,0.5116373651365396,0.5117326489711449,0.5116027301471724,0.5117672839605121,0.0,0.0,0.0,4.1039107600227e-05,4.1039107600227e-05,0.0,0.0,0.0,0.0,0.0,-0.004147322382777929,-0.004147322382777929,0.0,0.0,0.0,0.0
31.323,8.2078215200454e-05,4.1039107600227e-05,4.1039107600227e-05,datactrl_ref_vx_fallback,datactrl_est_vx_fallback,-0.0041489615105092525,datactrl_est_theta_fallback,0.005121476016938686,0.383954619313782,0.22167630388454942,0.5119297899834235,0.5119491948533285,0.5119424009832697,0.5119365838534823,0.5118971855033544,0.5119817993333976,0.0,0.0,0.0,4.1039107600227e-05,4.1039107600227e-05,0.0,0.0,0.0,0.0,0.0,-0.0041489615105092525,-0.0041489615105092525,0.0,0.0,0.0,0.0
31.423,8.2078215200454e-05,4.1039107600227e-05,4.1039107600227e-05,datactrl_ref_vx_fallback,datactrl_est_vx_fallback,-0.004150601103901863,datactrl_est_theta_fallback,-0.08201354742050171,0.38420533732149886,0.22182106062512558,0.5122673738709738,0.5122801923196898,0.5123501948081169,0.5121973713825466,0.512338840702422,0.5122087254882416,0.0,0.0,0.0,4.1039107600227e-05,4.1039107600227e-05,0.0,0.0,0.0,0.0,0.0,-0.004150601103901863,-0.004150601103901863,0.0,0.0,0.0,0.0
31.523,8.2078215200454e-05,4.1039107600227e-05,4.1039107600227e-05,datactrl_ref_vx_fallback,datactrl_est_vx_fallback,-0.009999999776482582,states_theta,-0.08203230798244476,0.3845021096744815,0.22199240753079177,0.512662385880832,0.5126765732511186,0.5127745594878743,0.5125643996440763,0.5127614269540739,0.5125775321778767,0.0,0.0,0.0,4.1039107600227e-05,4.1039107600227e-05,0.0,0.0,0.0,0.0,0.0,-0.004152240231633186,0.005847759544849396,0.0,0.0,0.0,0.0
31.623,8.2078215200454e-05,4.1039107600227e-05,4.1039107600227e-05,datactrl_ref_vx_fallback,datactrl_est_vx_fallback,-0.009999999776482582,states_theta,-0.0010100114159286022,0.38487213042659874,0.2222060306780564,0.5131994965249522,0.5131261846126445,0.5131398217227399,0.5131858594148568,0.5132148000188763,0.5131108811187204,0.0,0.0,0.0,4.1039107600227e-05,4.1039107600227e-05,0.0,0.0,0.0,0.0,0.0,-0.00415387935936451,0.0058461204171180725,0.0,0.0,0.0,0.0
31.723,4.1039107600227e-05,2.05195538001135e-05,2.05195538001135e-05,datactrl_ref_vx_fallback,datactrl_est_vx_fallback,-0.009999999776482582,states_theta,0.08079061657190323,0.38492591757196437,0.222237098397907,0.5133128771402956,0.5131562363849428,0.5130839249885892,0.5133851885366492,0.5132446453436397,0.5132244681815987,0.0,0.0,0.0,2.05195538001135e-05,2.05195538001135e-05,0.0,0.0,0.0,0.0,0.0,-0.004116046708077192,0.00588395306840539,0.0,0.0,0.0,0.0
31.823,4.1039107600227e-05,2.05195538001135e-05,2.05195538001135e-05,datactrl_ref_vx_fallback,datactrl_est_vx_fallback,-0.004116866271942854,datactrl_est_theta_fallback,0.049405958503484726,0.3853733610116408,0.22249541998444816,0.5138796279276141,0.5137826681034281,0.5137548873245406,0.5139074087065016,0.5137764943990173,0.5138858016320249,0.0,0.0,0.0,2.05195538001135e-05,2.05195538001135e-05,0.0,0.0,0.0,0.0,0.0,-0.004116866271942854,-0.004116866271942854,0.0,0.0,0.0,0.0
31.923,4.1039107600227e-05,2.05195538001135e-05,2.05195538001135e-05,datactrl_ref_vx_fallback,datactrl_est_vx_fallback,-0.0041176858358085155,datactrl_est_theta_fallback,0.0435517393052578,0.38559970816130873,0.22262610068808333,0.5141824036623363,0.5140834847678203,0.5140679499459785,0.514197938484178,0.5140789591989744,0.5141869292311821,0.0,0.0,0.0,2.05195538001135e-05,2.05195538001135e-05,0.0,0.0,0.0,0.0,0.0,-0.0041176858358085155,-0.0041176858358085155,0.0,0.0,0.0,0.0
32.023,4.1039107600227e-05,2.05195538001135e-05,2.05195538001135e-05,datactrl_ref_vx_fallback,datactrl_est_vx_fallback,-0.004118505399674177,datactrl_est_theta_fallback,-0.06164122000336647,0.3857772851035152,0.22272863029142637,0.5143395723833839,0.5143998545593234,0.5145017440528703,0.514237682889837,0.5143371102803624,0.5144023166623448,0.0,0.0,0.0,2.05195538001135e-05,2.05195538001135e-05,0.0,0.0,0.0,0.0,0.0,-0.004118505399674177,-0.004118505399674177,0.0,0.0,0.0,0.0
32.124,4.1039107600227e-05,2.05195538001135e-05,2.05195538001135e-05,datactrl_ref_vx_fallback,datactrl_est_vx_fallback,-0.009999999776482582,states_theta,-0.05372971296310425,0.3860129498808711,0.22286469874748324,0.5146316525922391,0.5147362137567505,0.5148535638893139,0.5145143024596757,0.5146525897338048,0.5147152766151848,0.0,0.0,0.0,2.05195538001135e-05,2.05195538001135e-05,0.0,0.0,0.0,0.0,0.0,-0.004119324963539839,0.005880674812942743,0.0,0.0,0.0,0.0
32.224,4.1039107600227e-05,2.05195538001135e-05,2.05195538001135e-05,datactrl_ref_vx_fallback,datactrl_est_vx_fallback,-0.009999999776482582,states_theta,-0.043935298919677734,0.38590480881507044,0.22280225964096972,0.5144887546051761,0.5145907355683451,0.5146884735139984,0.5143910166595228,0.5145092680031532,0.514570222170368,0.0,0.0,0.0,2.05195538001135e-05,2.05195538001135e-05,0.0,0.0,0.0,0.0,0.0,-0.0041201445274055,0.005879855249077082,0.0,0.0,0.0,0.0
32.324,4.1039107600227e-05,2.05195538001135e-05,2.05195538001135e-05,datactrl_ref_vx_fallback,datactrl_est_vx_fallback,-0.009999999776482582,states_theta,-0.015396769158542156,0.38621711122309954,0.22298255857738686,0.5149146193112389,0.5149976772836932,0.5150416179469761,0.514870678647956,0.5149299350954004,0.5149823614995317,0.0,0.0,0.0,2.05195538001135e-05,2.05195538001135e-05,0.0,0.0,0.0,0.0,0.0,-0.004120964556932449,0.005879035219550133,0.0,0.0,0.0,0.0
32.424,4.1039107600227e-05,2.05195538001135e-05,2.05195538001135e-05,datactrl_ref_vx_fallback,datactrl_est_vx_fallback,-0.009999999776482582,states_theta,0.0470842681825161,0.38657485823260396,0.2231891034534326,0.5154234606878764,0.5154428279324009,0.5153416652384373,0.51552462338184,0.5154543367112792,0.5154119519089981,0.0,0.0,0.0,2.05195538001135e-05,2.05195538001135e-05,0.0,0.0,0.0,0.0,0.0,-0.004121784120798111,0.005878215655684471,0.0,0.0,0.0,0.0
32.524,-0.006662113592028618,-0.003331056796014309,-0.003331056796014309,datactrl_ref_vx_fallback,datactrl_est_vx_fallback,-0.009999999776482582,states_theta,0.050029464066028595,0.3866018877720406,0.22320470989657018,0.5154719575948294,0.5154664097972788,0.5153792888843209,0.5155590785077873,0.5155190441939641,0.5154193231981441,0.0,0.0,0.0,-0.003331056796014309,-0.003331056796014309,0.0,0.0,0.0,0.0,0.0,0.0023245925549417734,0.012324592098593712,0.0,0.0,0.0,0.0
32.624,-0.006662113592028618,-0.003331056796014309,-0.003331056796014309,datactrl_ref_vx_fallback,datactrl_est_vx_fallback,0.002457647118717432,datactrl_est_theta_fallback,0.0500185489654541,0.3866866792191107,0.2232536626080078,0.5155819833911347,0.5155824945264939,0.5154952522172144,0.5156692257004142,0.5155746584387638,0.5155898194788647,0.0,0.0,0.0,-0.003331056796014309,-0.003331056796014309,0.0,0.0,0.0,0.0,0.0,0.002457647118717432,0.002457647118717432,0.0,0.0,0.0,0.0
32.724,-0.006662113592028618,-0.003331056796014309,-0.003331056796014309,datactrl_ref_vx_fallback,datactrl_est_vx_fallback,0.0025907016824930906,datactrl_est_theta_fallback,0.050018541514873505,0.38676228835837606,0.22329731577577117,0.5156832433539188,0.515682858935084,0.5155937006329802,0.5157724016560227,0.5156787117695446,0.5156873905194582,0.0,0.0,0.0,-0.003331056796014309,-0.003331056796014309,0.0,0.0,0.0,0.0,0.0,0.0025907016824930906,0.0025907016824930906,0.0,0.0,0.0,0.0
32.824,-0.006662113592028618,-0.003331056796014309,-0.003331056796014309,datactrl_ref_vx_fallback,datactrl_est_vx_fallback,0.0027237562462687492,datactrl_est_theta_fallback,0.03519875928759575,0.3868823880854121,0.22336665287070148,0.5158421744198193,0.5158441938079462,0.5157840057120021,0.5159023625157634,0.5158403597115663,0.5158460085161992,0.0,0.0,0.0,-0.003331056796014309,-0.003331056796014309,0.0,0.0,0.0,0.0,0.0,0.0027237562462687492,0.0027237562462687492,0.0,0.0,0.0,0.0
32.924,-0.006662113592028618,-0.003331056796014309,-0.003331056796014309,datactrl_ref_vx_fallback,datactrl_est_vx_fallback,0.002856810577213764,datactrl_est_theta_fallback,-0.023059207946062088,0.38703329873637926,0.2234537802427196,0.5160419259434964,0.5160468706868483,0.5160788590402546,0.5160099375900901,0.5160699138226518,0.5160188828076929,0.0,0.0,0.0,-0.003331056796014309,-0.003331056796014309,0.0,0.0,0.0,0.0,0.0,0.002856810577213764,0.002856810577213764,0.0,0.0,0.0,0.0
33.025,-0.006662113592028618,-0.003331056796014309,-0.003331056796014309,datactrl_ref_vx_fallback,datactrl_est_vx_fallback,0.002989865140989423,datactrl_est_theta_fallback,0.005238902755081654,0.38721536005161117,0.2235588923688079,0.5162859131347306,0.5162883803362326,0.516290608672697,0.5162836847982661,0.5162857440000117,0.5162885494709515,0.0,0.0,0.0,-0.003331056796014309,-0.003331056796014309,0.0,0.0,0.0,0.0,0.0,0.002989865140989423,0.002989865140989423,0.0,0.0,0.0,0.0
33.125,-0.006662113592028618,-0.003331056796014309,-0.003331056796014309,datactrl_ref_vx_fallback,datactrl_est_vx_fallback,0.0031229197047650814,datactrl_est_theta_fallback,0.012271929532289505,0.3874141169786285,0.22367364476501556,0.5165519953428404,0.5165523166001689,0.5165475238333915,0.5165567881096177,0.5165451363049415,0.5165591756380677,0.0,0.0,0.0,-0.003331056796014309,-0.003331056796014309,0.0,0.0,0.0,0.0,0.0,0.0031229197047650814,0.0031229197047650814,0.0,0.0,0.0,0.0
33.224,-0.006703152321279049,-0.0033515761606395245,-0.0033515761606395245,datactrl_ref_vx_fallback,datactrl_est_vx_fallback,0.0032954460475593805,datactrl_est_theta_fallback,0.013006454333662987,0.38762979741411724,0.22379816826300555,0.5168532351406501,0.5168262246303292,0.5168191219732997,0.5168603377976796,0.516848294275802,0.5168311654951773,0.0,0.0,0.0,-0.0033515761606395245,-0.0033515761606395245,0.0,0.0,0.0,0.0,0.0,0.0032954460475593805,0.0032954460475593805,0.0,0.0,0.0,0.0
33.325,-0.006703152321279049,-0.0033515761606395245,-0.0033515761606395245,datactrl_ref_vx_fallback,datactrl_est_vx_fallback,0.0034293201752007008,datactrl_est_theta_fallback,0.013004925101995468,0.38752853670739806,0.22373970541226076,0.5167191624290799,0.5166902687906483,0.5166834862471447,0.5167259449725835,0.5167148329986627,0.5166945982210654,0.0,0.0,0.0,-0.0033515761606395245,-0.0033515761606395245,0.0,0.0,0.0,0.0,0.0,0.0034293201752007008,0.0034293201752007008,0.0,0.0,0.0,0.0
33.424,-0.006703152321279049,-0.0033515761606395245,-0.0033515761606395245,datactrl_ref_vx_fallback,datactrl_est_vx_fallback,0.003563194302842021,datactrl_est_theta_fallback,0.007259089965373278,0.38781972790098157,0.22390782625717695,0.5170624213743399,0.5171235196949443,0.5171296991223503,0.5170562419469339,0.5170580082547519,0.5171279328145323,0.0,0.0,0.0,-0.0033515761606395245,-0.0033515761606395245,0.0,0.0,0.0,0.0,0.0,0.003563194302842021,0.003563194302842021,0.0,0.0,0.0,0.0
33.525,-0.006703152321279049,-0.0033515761606395245,-0.0033515761606395245,datactrl_ref_vx_fallback,datactrl_est_vx_fallback,0.0036970684304833412,datactrl_est_theta_fallback,-0.005110846366733313,0.3877524333722544,0.22386897216948648,0.5169961739496762,0.5170103150430021,0.517006678482499,0.5169998105101793,0.5170282304575612,0.5169782585351171,0.0,0.0,0.0,-0.0033515761606395245,-0.0033515761606395245,0.0,0.0,0.0,0.0,0.0,0.0036970684304833412,0.0036970684304833412,0.0,0.0,0.0,0.0
33.625,-0.006703152321279049,-0.0033515761606395245,-0.0033515761606395245,datactrl_ref_vx_fallback,datactrl_est_vx_fallback,0.0038309425581246614,datactrl_est_theta_fallback,0.03769384324550629,0.3880901492426083,0.22406395428586906,0.5174761387498323,0.5174309258971233,0.5173957303069512,0.5175113343400044,0.5174517370341689,0.5174553276127867,0.0,0.0,0.0,-0.0033515761606395245,-0.0033515761606395245,0.0,0.0,0.0,0.0,0.0,0.0038309425581246614,0.0038309425581246614,0.0,0.0,0.0,0.0
33.726,-0.006703152321279049,-0.0033515761606395245,-0.0033515761606395245,datactrl_ref_vx_fallback,datactrl_est_vx_fallback,0.009999999776482582,states_theta,0.034061603248119354,0.388083261948798,0.22405997988803417,0.5174658074505799,0.5174228910795481,0.5173660129559521,0.5175226855741759,0.5174158376025222,0.5174728609276058,0.0,0.0,0.0,-0.0033515761606395245,-0.0033515761606395245,0.0,0.0,0.0,0.0,0.0,0.003964816685765982,-0.0060351830907166,0.0,0.0,0.0,0.0
33.826,-0.006703152321279049,-0.0033515761606395245,-0.0033515761606395245,datactrl_ref_vx_fallback,datactrl_est_vx_fallback,0.009999999776482582,states_theta,0.013349789194762707,0.3880521626995863,0.2240420219166628,0.5174218077506468,0.51738395944825,0.5173699423724718,0.517435824826425,0.5173724367693644,0.5174333304295324,0.0,0.0,0.0,-0.0033515761606395245,-0.0033515761606395245,0.0,0.0,0.0,0.0,0.0,0.0040986910462379456,-0.0059013087302446365,0.0,0.0,0.0,0.0
33.926,-0.006703152321279049,-0.0033515761606395245,-0.0033515761606395245,datactrl_ref_vx_fallback,datactrl_est_vx_fallback,0.009999999776482582,states_theta,0.013013234362006187,0.38807803555556813,0.22405695956510793,0.5174557564774364,0.5174190050040787,0.517405570707938,0.517469190773577,0.5174069208646596,0.5174678406168555,0.0,0.0,0.0,-0.0033515761606395245,-0.0033515761606395245,0.0,0.0,0.0,0.0,0.0,0.004232564941048622,-0.00576743483543396,0.0,0.0,0.0,0.0
34.026,-0.013365265913307667,-0.006682632956653833,-0.006682632956653833,datactrl_ref_vx_fallback,datactrl_est_vx_fallback,0.009999999776482582,states_theta,0.013004777953028679,0.3884959368659211,0.22429823411666414,0.518013501086023,0.5179756638897666,0.5179810651938069,0.5180080997819826,0.5179821053646899,0.5180070596110996,0.0,0.0,0.0,-0.006682632956653833,-0.006682632956653833,0.0,0.0,0.0,0.0,0.0,0.010774163529276848,0.000774163578171283,0.0,0.0,0.0,0.0
34.125,-0.013406304642558098,-0.006703152321279049,-0.006703152321279049,datactrl_ref_vx_fallback,datactrl_est_vx_fallback,0.009999999776482582,states_theta,-0.020320221781730652,0.38855561699633107,0.22433269068039857,0.5180830528385251,0.5180652591516911,0.518094862660674,0.5180534493295422,0.5180984701270267,0.5180498418631895,0.0,0.0,0.0,-0.006703152321279049,-0.006703152321279049,0.0,0.0,0.0,0.0,0.0,0.011080563999712467,0.0010805639903992414,0.0,0.0,0.0,0.0
34.227,-0.013406304642558098,-0.006703152321279049,-0.006703152321279049,datactrl_ref_vx_fallback,datactrl_est_vx_fallback,0.009999999776482582,states_theta,0.006257987581193447,0.38885275021743143,0.22450424005687636,0.5184750715624784,0.5184655956840054,0.5184629585720423,0.5184777086744415,0.5184690390222034,0.5184716282242804,0.0,0.0,0.0,-0.006703152321279049,-0.006703152321279049,0.0,0.0,0.0,0.0,0.0,0.01134831178933382,0.001348312245681882,0.0,0.0,0.0,0.0
34.328,-0.013406304642558098,-0.006703152321279049,-0.006703152321279049,datactrl_ref_vx_fallback,datactrl_est_vx_fallback,0.009999999776482582,states_theta,0.012992015108466148,0.3885826713838987,0.22434831008229006,0.5181156814351906,0.5181047755885393,0.5180959157508487,0.5181245412728812,0.5181034413686896,0.5181170156550403,0.0,0.0,0.0,-0.006703152321279049,-0.006703152321279049,0.0,0.0,0.0,0.0,0.0,0.011616060510277748,0.0016160606173798442,0.0,0.0,0.0,0.0
34.427,-0.013406304642558098,-0.006703152321279049,-0.006703152321279049,datactrl_ref_vx_fallback,datactrl_est_vx_fallback,0.009999999776482582,states_theta,0.013073140755295753,0.38867629232670553,0.2244023621539103,0.5182411634313084,0.5182289494399064,0.5182206954082698,0.5182494174629451,0.5182297299467522,0.5182403829244626,0.0,0.0,0.0,-0.006703152321279049,-0.006703152321279049,0.0,0.0,0.0,0.0,0.0,0.011883808299899101,0.0018838088726624846,0.0,0.0,0.0,0.0
34.528,-0.013406304642558098,-0.006703152321279049,-0.006703152321279049,datactrl_ref_vx_fallback,datactrl_est_vx_fallback,0.009999999776482582,states_theta,0.014012481085956097,0.3887849783555165,0.22446511207882153,0.5183867367533459,0.5183732055280315,0.5183646713239769,0.5183952709574005,0.5183752269015043,0.5183847153798731,0.0,0.0,0.0,-0.006703152321279049,-0.006703152321279049,0.0,0.0,0.0,0.0,0.0,0.012151557020843029,0.002151557244360447,0.0,0.0,0.0,0.0
34.627,-0.013406304642558098,-0.006703152321279049,-0.006703152321279049,datactrl_ref_vx_fallback,datactrl_est_vx_fallback,0.019999999552965164,states_theta,0.014005329459905624,0.38852030704123725,0.22431230545814157,0.5180345051486088,0.5180196469613572,0.517983971512009,0.518070180597957,0.5179960593334515,0.5180580927765145,0.0,0.0,0.0,-0.006703152321279049,-0.006703152321279049,0.0,0.0,0.0,0.0,0.0,0.012419305741786957,-0.007580694276839495,0.0,0.0,0.0,0.0
34.727,-0.013406304642558098,-0.006703152321279049,-0.006703152321279049,datactrl_ref_vx_fallback,datactrl_est_vx_fallback,0.019999999552965164,states_theta,-0.01976063847541809,0.3886608309069133,0.22439343598586975,0.5181984186384552,0.5182304637799802,0.5182340425738502,0.5181948398445851,0.5181919710962987,0.5182369113221367,0.0,0.0,0.0,-0.006703152321279049,-0.006703152321279049,0.0,0.0,0.0,0.0,0.0,0.01268705353140831,-0.007312946021556854,0.0,0.0,0.0,0.0
34.827,-0.013406304642558098,-0.006703152321279049,-0.006703152321279049,datactrl_ref_vx_fallback,datactrl_est_vx_fallback,0.009999999776482582,states_theta,-0.023928601294755936,0.3887896677362451,0.2244678210308922,0.5183706342700835,0.5184018130265703,0.5184381892760492,0.5183342580206045,0.5183971182137677,0.5183753290828861,0.0,0.0,0.0,-0.006703152321279049,-0.006703152321279049,0.0,0.0,0.0,0.0,0.0,0.012954802252352238,0.002954802243039012,0.0,0.0,0.0,0.0
34.928,-0.013406304642558098,-0.006703152321279049,-0.006703152321279049,datactrl_ref_vx_fallback,datactrl_est_vx_fallback,0.009999999776482582,states_theta,-0.024007070809602737,0.3889473877108428,0.22455888079858446,0.5185804488846997,0.5186125850108811,0.5186499444631729,0.5185430894324079,0.5186077679255894,0.5185852659699914,0.0,0.0,0.0,-0.006703152321279049,-0.006703152321279049,0.0,0.0,0.0,0.0,0.0,0.01322255004197359,0.0032225504983216524,0.0,0.0,0.0,0.0
35.027,-0.013406304642558098,-0.006703152321279049,-0.006703152321279049,datactrl_ref_vx_fallback,datactrl_est_vx_fallback,0.009999999776482582,states_theta,-0.02400890365242958,0.38874632898375805,0.22444279951769,0.5183128297634185,0.518344047526603,0.51838217286864,0.5182747044213816,0.5183410567653035,0.518315820524718,0.0,0.0,0.0,-0.006703152321279049,-0.006703152321279049,0.0,0.0,0.0,0.0,0.0,0.013490298762917519,0.003490298753604293,0.0,0.0,0.0,0.0
35.128,-0.013447345234453678,-0.006723672617226839,-0.006723672617226839,datactrl_ref_vx_fallback,datactrl_est_vx_fallback,0.009999999776482582,states_theta,-0.023212525993585587,0.3889370839066818,0.2245529313632322,0.5185802175126223,0.5185853395718626,0.5186215715934938,0.5185439854909911,0.5186105882135509,0.518554968870934,0.0,0.0,0.0,-0.006723672617226839,-0.006723672617226839,0.0,0.0,0.0,0.0,0.0,0.013797520659863949,0.003797520650550723,0.0,0.0,0.0,0.0
35.228,-0.013447345234453678,-0.006723672617226839,-0.006723672617226839,datactrl_ref_vx_fallback,datactrl_est_vx_fallback,0.014066088013350964,datactrl_est_theta_fallback,-0.023011241108179092,0.38875321383798467,0.2244467769435849,0.5183358814995073,0.5183393554017851,0.5184040108002956,0.5182712261009967,0.5183949305480848,0.5182803063532075,0.0,0.0,0.0,-0.006723672617226839,-0.006723672617226839,0.0,0.0,0.0,0.0,0.0,0.014066088013350964,0.014066088013350964,0.0,0.0,0.0,0.0
35.327,-0.013447345234453678,-0.006723672617226839,-0.006723672617226839,datactrl_ref_vx_fallback,datactrl_est_vx_fallback,0.014334656298160553,datactrl_est_theta_fallback,-0.023008497431874275,0.3885693437692874,0.2243406196599368,0.518091552800056,0.5180933639180438,0.518159025658309,0.5180258910597909,0.518151865424013,0.5180330512940868,0.0,0.0,0.0,-0.006723672617226839,-0.006723672617226839,0.0,0.0,0.0,0.0,0.0,0.014334656298160553,0.014334656298160553,0.0,0.0,0.0,0.0
35.428,-0.013447345234453678,-0.006723672617226839,-0.006723672617226839,datactrl_ref_vx_fallback,datactrl_est_vx_fallback,0.014603224582970142,datactrl_est_theta_fallback,-0.023008525371551514,0.3887777433063707,0.22446093934141267,0.5183702575509435,0.5183703912660451,0.5184370685394666,0.518303580277522,0.5184318452031864,0.5183088036138022,0.0,0.0,0.0,-0.006723672617226839,-0.006723672617226839,0.0,0.0,0.0,0.0,0.0,0.014603224582970142,0.014603224582970142,0.0,0.0,0.0,0.0
35.527,-0.013447345234453678,-0.006723672617226839,-0.006723672617226839,datactrl_ref_vx_fallback,datactrl_est_vx_fallback,0.014871791936457157,datactrl_est_theta_fallback,-0.023008525371551514,0.38900218118368196,0.22459052004691316,0.5186461380635986,0.5186930117595533,0.5187644570783418,0.51857469274481,0.5187052630610067,0.5186338867621452,0.0,0.0,0.0,-0.006723672617226839,-0.006723672617226839,0.0,0.0,0.0,0.0,0.0,0.014871791936457157,0.014871791936457157,0.0,0.0,0.0,0.0
35.628,-0.013447345234453678,-0.006723672617226839,-0.006723672617226839,datactrl_ref_vx_fallback,datactrl_est_vx_fallback,0.015140360221266747,datactrl_est_theta_fallback,-0.023008525371551514,0.3892562042230699,0.2247371804213003,0.5189854487694823,0.5190310958253708,0.5191036064012603,0.5189129381935927,0.5190458287858702,0.5189707158089828,0.0,0.0,0.0,-0.006723672617226839,-0.006723672617226839,0.0,0.0,0.0,0.0,0.0,0.015140360221266747,0.015140360221266747,0.0,0.0,0.0,0.0
35.728,-0.013447345234453678,-0.006723672617226839,-0.006723672617226839,datactrl_ref_vx_fallback,datactrl_est_vx_fallback,0.015408928506076336,datactrl_est_theta_fallback,0.11860157549381256,0.3891251947759663,0.22466154523400902,0.5188874397792118,0.5187797462900317,0.5187303222829095,0.518936863786334,0.5187777584656664,0.518889427603577,0.0,0.0,0.0,-0.006723672617226839,-0.006723672617226839,0.0,0.0,0.0,0.0,0.0,0.015408928506076336,0.015408928506076336,0.0,0.0,0.0,0.0
35.83,-0.013447345234453678,-0.006723672617226839,-0.006723672617226839,datactrl_ref_vx_fallback,datactrl_est_vx_fallback,0.019999999552965164,states_theta,0.1660073846578598,0.389385788927676,0.22481203900602206,0.5192708197413312,0.5190912840658048,0.5189178010568422,0.5194443027502939,0.5190777216745471,0.5192843821325889,0.0,0.0,0.0,-0.006723672617226839,-0.006723672617226839,0.0,0.0,0.0,0.0,0.0,0.015677496790885925,-0.004322503227740526,0.0,0.0,0.0,0.0
36.016,-0.013447345234453678,-0.006723672617226839,-0.006723672617226839,datactrl_ref_vx_fallback,datactrl_est_vx_fallback,0.019999999552965164,states_theta,0.028637323528528214,0.38928660815098787,0.22475473686250863,0.519127471918613,0.5189701498173547,0.5190661303189822,0.5190314914169855,0.5189516850903485,0.5191459366456191,0.0,0.0,0.0,-0.006723672617226839,-0.006723672617226839,0.0,0.0,0.0,0.0,0.0,0.01594606414437294,-0.004053935408592224,0.0,0.0,0.0,0.0
36.077,-0.013447345234453678,-0.006723672617226839,-0.006723672617226839,datactrl_ref_vx_fallback,datactrl_est_vx_fallback,0.019999999552965164,states_theta,0.028637323528528214,0.38956453364378,0.22491525179318214,0.5193371083164938,0.5195016480669196,0.5197243114508532,0.5191144449325602,0.5195392670685435,0.5192994893148699,0.0,0.0,0.0,-0.006723672617226839,-0.006723672617226839,0.0,0.0,0.0,0.0,0.0,0.01594606414437294,-0.004053935408592224,0.0,0.0,0.0,0.0
36.155,-0.013447345234453678,-0.006723672617226839,-0.006723672617226839,datactrl_ref_vx_fallback,datactrl_est_vx_fallback,0.009999999776482582,states_theta,-0.18676716089248657,0.38956453364378,0.22491525179318214,0.5193371083164938,0.5195016480669196,0.5197243114508532,0.5191144449325602,0.5195392670685435,0.5192994893148699,0.0,0.0,0.0,-0.006723672617226839,-0.006723672617226839,0.0,0.0,0.0,0.0,0.0,0.016214631497859955,0.00621463218703866,0.0,0.0,0.0,0.0
36.224,-0.013447345234453678,-0.006723672617226839,-0.006723672617226839,datactrl_ref_vx_fallback,datactrl_est_vx_fallback,0.01648320071399212,datactrl_est_theta_fallback,-0.15739981830120087,0.3894433327441985,0.22484527957721984,0.5190837257512919,0.5194318282332375,0.5194864889625963,0.5190290650219331,0.5194505577520552,0.5190649962324743,0.0,0.0,0.0,-0.006723672617226839,-0.006723672617226839,0.0,0.0,0.0,0.0,0.0,0.01648320071399212,0.01648320071399212,0.0,0.0,0.0,0.0
36.516,-0.013447345234453678,-0.006723672617226839,-0.006723672617226839,datactrl_ref_vx_fallback,datactrl_est_vx_fallback,-0.009999999776482582,states_theta,0.14021654427051544,0.38967383719461474,0.22497832435441664,0.519510323819557,0.5196199086994157,0.5193540397066644,0.5197761928123082,0.5196401926314526,0.5194900398875201,0.0,0.0,0.0,-0.006723672617226839,-0.006723672617226839,0.0,0.0,0.0,0.0,0.0,0.01702033542096615,0.02702033519744873,0.0,0.0,0.0,0.0
36.804,-0.013444687239825726,-0.006722343619912863,-0.006722343619912863,datactrl_ref_vx_fallback,datactrl_est_vx_fallback,0.029999999329447746,states_theta,0.23478642106056213,0.3895255045477853,0.22489280037454756,0.5195050232630538,0.5192296555310403,0.5188785136983998,0.5198561650956943,0.5193056179405446,0.5194290608535495,0.0,0.0,0.0,-0.006722343619912863,-0.006722343619912863,0.0,0.0,0.0,0.0,0.0,0.017554914578795433,-0.012445083819329739,0.0,0.0,0.0,0.0
37.115,-0.01348483469337225,-0.006742417346686125,-0.006742417346686125,datactrl_ref_vx_fallback,datactrl_est_vx_fallback,0.03999999910593033,states_theta,-0.004251588135957718,0.38978577509950807,0.2250429444516501,0.5198849601564848,0.5195437734422035,0.5197108735145438,0.5197178600841444,0.5196095701154085,0.5198191634832797,0.0,0.0,0.0,-0.006742417346686125,-0.006742417346686125,0.0,0.0,0.0,0.0,0.0,0.01813136227428913,-0.021868636831641197,0.0,0.0,0.0,0.0
37.402,-0.01348838396370411,-0.006744191981852055,-0.006744191981852055,datactrl_ref_vx_fallback,datactrl_est_vx_fallback,0.03999999910593033,states_theta,-0.005001585464924574,0.3896792975104153,0.22498148411771282,0.5197858018833247,0.5193589914777829,0.5196061305331665,0.519538662827941,0.5194325424699677,0.5197122508911398,0.0,0.0,0.0,-0.006744191981852055,-0.006744191981852055,0.0,0.0,0.0,0.0,0.0,0.018673479557037354,-0.021326519548892975,0.0,0.0,0.0,0.0
37.686,-0.013491933234035969,-0.006745966617017984,-0.006745966617017984,datactrl_ref_vx_fallback,datactrl_est_vx_fallback,0.03999999910593033,states_theta,-0.005001854617148638,0.3899664333575649,0.22514726730690354,0.5201835661081408,0.5197269228453657,0.5199974369761715,0.519913051977335,0.5198076032542545,0.520102885699252,0.0,0.0,0.0,-0.006745966617017984,-0.006745966617017984,0.0,0.0,0.0,0.0,0.0,0.019215667620301247,-0.02078433148562908,0.0,0.0,0.0,0.0
37.999,-0.013495481573045254,-0.006747740786522627,-0.006747740786522627,datactrl_ref_vx_fallback,datactrl_est_vx_fallback,0.029999999329447746,states_theta,-0.08047710359096527,0.38990270405490923,0.22511044568691954,0.5197495030348346,0.5199910411115901,0.5198702922131568,0.5198702519332679,0.5199779994435545,0.5197625447028702,0.0,0.0,0.0,-0.006747740786522627,-0.006747740786522627,0.0,0.0,0.0,0.0,0.0,0.01975799724459648,-0.01024200115352869,0.0,0.0,0.0,0.0
38.286,-0.013491933234035969,-0.006745966617017984,-0.006745966617017984,datactrl_ref_vx_fallback,datactrl_est_vx_fallback,0.019999999552965164,states_theta,-0.06201373040676117,0.389856798537489,0.2250839419862535,0.519832868532982,0.519785260900322,0.5197796724214888,0.5198384570118152,0.519965616802127,0.519652512631177,0.0,0.0,0.0,-0.006745966617017984,-0.006745966617017984,0.0,0.0,0.0,0.0,0.0,0.020293643698096275,0.0002936444361694157,0.0,0.0,0.0,0.0
38.603,-0.01348838396370411,-0.006744191981852055,-0.006744191981852055,datactrl_ref_vx_fallback,datactrl_est_vx_fallback,0.019999999552965164,states_theta,0.07736305892467499,0.38980196460793787,0.2250522772770083,0.5197607565133717,0.5197111491077959,0.5196311591398666,0.5198407464813011,0.5196816353313973,0.5197902702897703,0.0,0.0,0.0,-0.006744191981852055,-0.006744191981852055,0.0,0.0,0.0,0.0,0.0,0.02082914672791958,0.0008291476406157017,0.0,0.0,0.0,0.0
38.913,-0.01348838396370411,-0.006744191981852055,-0.006744191981852055,datactrl_ref_vx_fallback,datactrl_est_vx_fallback,0.03999999910593033,states_theta,0.09003311395645142,0.38979722075781853,0.22504955455097822,0.5197328943107703,0.5197263610434125,0.5195961414850212,0.5198631138691616,0.5195690938348512,0.5198901615193317,0.0,0.0,0.0,-0.006744191981852055,-0.006744191981852055,0.0,0.0,0.0,0.0,0.0,0.02136792242527008,-0.018632076680660248,0.0,0.0,0.0,0.0
39.197,-0.01348838396370411,-0.006744191981852055,-0.006744191981852055,datactrl_ref_vx_fallback,datactrl_est_vx_fallback,0.04999999701976776,states_theta,0.09003336727619171,0.38976957586018035,0.2250336052209772,0.519674096705395,0.5197114389217525,0.5195565614828894,0.5198289741442581,0.5194798689457858,0.5199056666813617,0.0,0.0,0.0,-0.006744191981852055,-0.006744191981852055,0.0,0.0,0.0,0.0,0.0,0.021906698122620583,-0.02809329889714718,0.0,0.0,0.0,0.0
39.51,-0.003488384187221527,-0.009999999776482582,0.006511615589261055,datactrl_ref_vx_fallback,states_vx_gs,0.05999999865889549,states_theta,-0.040690645575523376,0.39013611493769756,0.22524520750087468,0.5201652266061629,0.5201977465610306,0.5200543589442957,0.5203086142228978,0.5200659686873671,0.5202970044798264,0.0,0.0,0.0,-0.006744191981852055,0.0032558077946305275,0.0,0.0,0.0,0.0,0.0,0.0031162709929049015,-0.05688372626900673,0.0,0.0,0.0,0.0
39.798,-0.003488384187221527,-0.009999999776482582,0.006511615589261055,datactrl_ref_vx_fallback,states_vx_gs,0.019999999552965164,states_theta,-0.23612752556800842,0.3901299010519773,0.2252416436511713,0.5201570101347752,0.5201893926704977,0.5203737717952063,0.5199726310100666,0.5203522404615838,0.5199941623436891,0.0,0.0,0.0,-0.006744191981852055,0.0032558077946305275,0.0,0.0,0.0,0.0,0.0,0.0028561733197420835,-0.01714382693171501,0.0,0.0,0.0,0.0
40.091,0.0031737296376377344,-0.009999999776482582,0.013173729414120317,datactrl_ref_vx_fallback,states_vx_gs,0.009999999776482582,states_theta,0.13242769241333008,0.38974414025297893,0.22501892383245103,0.5196231222031321,0.519694585138145,0.5194432164778636,0.5198744908634135,0.5195058634445008,0.5198118438967764,0.0,0.0,0.0,-0.003413134953007102,0.006586864590644836,0.0,0.0,0.0,0.0,0.0,-0.0038249543868005276,-0.013824953697621822,0.0,0.0,0.0,0.0
40.389,0.0031737296376377344,-0.009999999776482582,0.013173729414120317,datactrl_ref_vx_fallback,states_vx_gs,0.03999999910593033,states_theta,0.10818358510732651,0.39013755782371023,0.22524609933907988,0.5201390953760882,0.5202277254871391,0.5198560488842321,0.5205107719789952,0.5200203942446551,0.5203464266185722,0.0,0.0,0.0,-0.003413134953007102,0.006586864590644836,0.0,0.0,0.0,0.0,0.0,-0.004351160954684019,-0.044351160526275635,0.0,0.0,0.0,0.0
40.705,0.003177288919687271,-0.009999999776482582,0.013177288696169853,datactrl_ref_vx_fallback,states_vx_gs,0.019999999552965164,states_theta,-0.14179280400276184,0.3901331150226232,0.22524350666958437,0.5200983173392645,0.5202566560543974,0.5204323090857736,0.5199226643078882,0.5200560975146569,0.520298875879005,0.0,0.0,0.0,-0.0034113554283976555,0.006588644348084927,0.0,0.0,0.0,0.0,0.0,-0.004880798049271107,-0.024880796670913696,0.0,0.0,0.0,0.0
40.988,0.0032147690653800964,-0.009999999776482582,0.013214768841862679,datactrl_ref_vx_fallback,states_vx_gs,0.009999999776482582,states_theta,0.07977649569511414,0.38977340213092937,0.2250358046796117,0.5196051058736677,0.519790633142144,0.5195647391911206,0.5198309998246912,0.5195545372501943,0.5198412017656174,0.0,0.0,0.0,-0.003392615355551243,0.006607384420931339,0.0,0.0,0.0,0.0,0.0,-0.005443270783871412,-0.015443270094692707,0.0,0.0,0.0,0.0
41.283,0.009876882555545308,-0.009999999776482582,0.01987688233202789,datactrl_ref_vx_fallback,states_vx_gs,0.029999999329447746,states_theta,0.040483418852090836,0.39015568504426085,0.22525653849650268,0.5200501796271553,0.5203649804908737,0.5200710965118441,0.5203440636061848,0.5199969241571264,0.5204182359609025,0.0,0.0,0.0,-6.15586614003405e-05,0.009938441216945648,0.0,0.0,0.0,0.0,0.0,-0.01239214651286602,-0.042392145842313766,0.0,0.0,0.0,0.0
41.561,0.00987955906384741,-0.009999999776482582,0.01987955884032999,datactrl_ref_vx_fallback,states_vx_gs,0.029999999329447746,states_theta,0.00799414049834013,0.39019222870243236,0.22527762702387266,0.5200935652798299,0.5204190445933231,0.5201406596431796,0.5203719502299734,0.5200831798272064,0.5204294300459466,0.0,0.0,0.0,-6.0220463637961075e-05,0.00993977952748537,0.0,0.0,0.0,0.0,0.0,-0.013188734650611877,-0.043188732117414474,0.0,0.0,0.0,0.0
41.85,0.00987955906384741,-0.009999999776482582,0.01987955884032999,datactrl_ref_vx_fallback,states_vx_gs,0.029999999329447746,states_theta,0.007004039827734232,0.39022011394187156,0.22529372877186626,0.5201239632242827,0.5204630072873748,0.5201706769638008,0.5204162935478567,0.5201203483554802,0.5204666221561773,0.0,0.0,0.0,-6.0220463637961075e-05,0.00993977952748537,0.0,0.0,0.0,0.0,0.0,-0.013982796110212803,-0.043982796370983124,0.0,0.0,0.0,0.0
42.188,0.016581828240305185,-0.009999999776482582,0.026581828016787767,datactrl_ref_vx_fallback,states_vx_gs,0.029999999329447746,states_theta,0.00021200464107096195,0.3898645380292756,0.22508845248580972,0.5195998723952211,0.5200388956828472,0.5196545943018714,0.5199841737761969,0.5196568670658676,0.5199819010122008,0.0,0.0,0.0,0.0032909144647419453,0.01329091377556324,0.0,0.0,0.0,0.0,0.0,-0.021236591041088104,-0.0512365885078907,0.0,0.0,0.0,0.0
42.47,0.02658362011425197,-0.019999999552965164,0.046583619667217135,datactrl_ref_vx_fallback,states_vx_gs,-0.041975781321525574,datactrl_est_theta_fallback,-0.2631642818450928,0.38988911712942,0.22510269153922377,0.5199432399708886,0.5197610723742313,0.519715048380875,0.5199892639642449,0.5202542134596153,0.5194500988855046,0.0,0.0,0.0,0.003291810629889369,0.023291809484362602,0.0,0.0,0.0,0.0,0.0,-0.041975781321525574,-0.041975781321525574,0.0,0.0,0.0,0.0
42.781,0.02658362011425197,-0.019999999552965164,0.046583619667217135,datactrl_ref_vx_fallback,states_vx_gs,-0.029999999329447746,states_theta,-0.09763944149017334,0.3899286727624368,0.22512549032282733,0.5198719248123068,0.5199378692208579,0.5201820170012527,0.5196277770319121,0.5197018370397871,0.5201079569933776,0.0,0.0,0.0,0.003291810629889369,0.023291809484362602,0.0,0.0,0.0,0.0,0.0,-0.043836500495672226,-0.013836503028869629,0.0,0.0,0.0,0.0
43.096,0.023284098599106073,-0.009999999776482582,0.033284098375588655,datactrl_ref_vx_fallback,states_vx_gs,-0.019999999552965164,states_theta,0.02847866714000702,0.3899891789164413,0.2251603666442444,0.5199881697768672,0.5199829740003096,0.5198832540988156,0.5200878896783612,0.5199073122156015,0.5200638315615753,0.0,0.0,0.0,0.006642049644142389,0.016642048954963684,0.0,0.0,0.0,0.0,0.0,-0.032480303198099136,-0.012480304576456547,0.0,0.0,0.0,0.0
43.461,0.023284098599106073,-0.009999999776482582,0.033284098375588655,datactrl_ref_vx_fallback,states_vx_gs,-0.05999999865889549,states_theta,-0.17935898900032043,0.3900247740332964,0.2251810403362715,0.5199737760356368,0.5200922880531537,0.5205168479070674,0.519549216181723,0.5200155485274871,0.5200505155613033,0.0,0.0,0.0,0.006642049644142389,0.016642048954963684,0.0,0.0,0.0,0.0,0.0,-0.03380979225039482,0.02619020640850067,0.0,0.0,0.0,0.0
43.78,0.023324226960539818,-0.009999999776482582,0.0333242267370224,datactrl_ref_vx_fallback,states_vx_gs,-0.03999999910593033,states_theta,0.13051913678646088,0.3900785316682158,0.22521201967498508,0.5202030037010298,0.520006414080879,0.519756170147025,0.5204532476348838,0.5201587950205213,0.5200506227613875,0.0,0.0,0.0,0.006662113592028618,0.0166621133685112,0.0,0.0,0.0,0.0,0.0,-0.035177938640117645,0.004822061397135258,0.0,0.0,0.0,0.0
44.079,0.02998634148389101,-0.009999999776482582,0.03998634126037359,datactrl_ref_vx_fallback,states_vx_gs,-0.04999999701976776,states_theta,-0.0711594894528389,0.3901235362895948,0.22523798776240742,0.5200972259569654,0.5202322041486207,0.5204484074377317,0.5198810226678544,0.5200184296426719,0.5203110004629142,0.0,0.0,0.0,0.009993170388042927,0.019993171095848083,0.0,0.0,0.0,0.0,0.0,-0.042930059134960175,0.007069938816130161,0.0,0.0,0.0,0.0
44.419,0.03002738021314144,-0.009999999776482582,0.04002737998962402,datactrl_ref_vx_fallback,states_vx_gs,-0.04999999701976776,states_theta,-0.0010137497447431087,0.39017323780101065,0.22526664103031058,0.52010785456262,0.5203541129067418,0.520134240760669,0.5203277267086928,0.5203109596925679,0.5201510077767939,0.0,0.0,0.0,0.01001369021832943,0.02001368999481201,0.0,0.0,0.0,0.0,0.0,-0.044566813856363297,0.005433184094727039,0.0,0.0,0.0,0.0
44.72,0.03002738021314144,-0.009999999776482582,0.04002737998962402,datactrl_ref_vx_fallback,states_vx_gs,-0.04999999701976776,states_theta,-0.00100036826916039,0.38983625093875,0.22507208777885201,0.5196467784026719,0.5199165574339948,0.5196605854652546,0.5199027503714121,0.5198776075334964,0.5196857283031703,0.0,0.0,0.0,0.01001369021832943,0.02001368999481201,0.0,0.0,0.0,0.0,0.0,-0.04616565257310867,0.0038343449123203754,0.0,0.0,0.0,0.0
45.049,0.020026512444019318,0.010013256222009659,0.010013256222009659,datactrl_ref_vx_fallback,datactrl_est_vx_fallback,-0.04999999701976776,states_theta,-0.0019487070385366678,0.39025338144843774,0.22531293807133962,0.5201603195509071,0.5205153643115935,0.5202298814726419,0.5204458023898587,0.5205243102877931,0.5201513735747075,0.0,0.0,0.0,0.010013256222009659,0.010013256222009659,0.0,0.0,0.0,0.0,0.0,-0.028207795694470406,0.021792201325297356,0.0,0.0,0.0,0.0
45.35,0.02006666176021099,0.010033330880105495,0.010033330880105495,datactrl_ref_vx_fallback,datactrl_est_vx_fallback,-0.03999999910593033,states_theta,0.12769940495491028,0.3899064914835832,0.22511264407408338,0.519961965001143,0.5197886789550789,0.5196845698261111,0.5200660741301107,0.5198170697723555,0.5199335741838663,0.0,0.0,0.0,0.010033330880105495,0.010033330880105495,0.0,0.0,0.0,0.0,0.0,-0.029047226533293724,0.010952772572636604,0.0,0.0,0.0,0.0
45.67,0.026728786528110504,0.013364393264055252,0.013364393264055252,datactrl_ref_vx_fallback,datactrl_est_vx_fallback,-0.04999999701976776,states_theta,-0.11694413423538208,0.3899553330666838,0.2251408506386489,0.5200498559751561,0.5198310322026674,0.5201540593134072,0.5197268288644162,0.5200025184123577,0.5198783697654658,0.0,0.0,0.0,0.013364393264055252,0.013364393264055252,0.0,0.0,0.0,0.0,0.0,-0.036269765347242355,0.013730229809880257,0.0,0.0,0.0,0.0
45.971,0.02677157148718834,0.01338578574359417,0.01338578574359417,datactrl_ref_vx_fallback,datactrl_est_vx_fallback,-0.03999999910593033,states_theta,0.14906886219978333,0.389991921011446,0.22516198873626384,0.519816847385204,0.5201616086453186,0.5198148195266183,0.5201636365039042,0.5198260889809136,0.5201523670496089,0.0,0.0,0.0,0.01338578574359417,0.01338578574359417,0.0,0.0,0.0,0.0,0.0,-0.03737945109605789,0.002620548475533724,0.0,0.0,0.0,0.0
46.286,0.02677157148718834,0.01338578574359417,0.01338578574359417,datactrl_ref_vx_fallback,datactrl_est_vx_fallback,-0.05999999865889549,states_theta,-0.19393980503082275,0.39004613372600194,0.22519333720198836,0.5202518522295391,0.5198711710397995,0.5201954539062984,0.5199275693630402,0.520408495491029,0.5197145277783096,0.0,0.0,0.0,0.01338578574359417,0.01338578574359417,0.0,0.0,0.0,0.0,0.0,-0.03844880312681198,0.021551193669438362,0.0,0.0,0.0,0.0
46.6,0.026812609285116196,0.013406304642558098,0.013406304642558098,datactrl_ref_vx_fallback,datactrl_est_vx_fallback,-0.05999999865889549,states_theta,0.14909270405769348,0.3901045437982156,0.22522707170378803,0.5199556956010535,0.5203230878608548,0.5202804239221421,0.5199983595397661,0.519763152417767,0.5205156310441412,0.0,0.0,0.0,0.013406304642558098,0.013406304642558098,0.0,0.0,0.0,0.0,0.0,-0.03955771028995514,0.020442286506295204,0.0,0.0,0.0,0.0
46.934,0.026812609285116196,0.013406304642558098,0.013406304642558098,datactrl_ref_vx_fallback,datactrl_est_vx_fallback,-0.03999999910593033,states_theta,-0.03452134504914284,0.3901536732563096,0.22525542292802114,0.5204107798356077,0.5199990155145513,0.519967346034735,0.5204424493154239,0.5204727443212959,0.5199370510288631,0.0,0.0,0.0,0.013406304642558098,0.013406304642558098,0.0,0.0,0.0,0.0,0.0,-0.04062870517373085,-0.0006287056021392345,0.0,0.0,0.0,0.0
47.239,0.026812609285116196,0.013406304642558098,0.013406304642558098,datactrl_ref_vx_fallback,datactrl_est_vx_fallback,-0.04999999701976776,states_theta,0.046466853469610214,0.3901933736467186,0.22527833094931524,0.5201687819654361,0.5203468810924801,0.5204742086991246,0.5200414543587916,0.519953887583518,0.5205617754743982,0.0,0.0,0.0,0.013406304642558098,0.013406304642558098,0.0,0.0,0.0,0.0,0.0,-0.04169969633221626,0.00830029882490635,0.0,0.0,0.0,0.0
47.522,0.026816140860319138,0.013408070430159569,0.013408070430159569,datactrl_ref_vx_fallback,datactrl_est_vx_fallback,-0.04999999701976776,states_theta,-0.021873977035284042,0.3898596051311836,0.2250855621983996,0.5197383808593682,0.5198872328237881,0.5197397880803728,0.5198858256027835,0.5199342659796887,0.5196913477034676,0.0,0.0,0.0,0.013408070430159569,0.013408070430159569,0.0,0.0,0.0,0.0,0.0,-0.04277409613132477,0.007225902285426855,0.0,0.0,0.0,0.0
47.736,0.026858072727918625,0.013429036363959312,0.013429036363959312,datactrl_ref_vx_fallback,datactrl_est_vx_fallback,-0.04999999701976776,states_theta,-0.02200772613286972,0.39027881159368916,0.22532759493060972,0.5203243506036392,0.5204191469795318,0.5202506270017935,0.5204928705813776,0.520496354031444,0.5202471435517271,0.0,0.0,0.0,0.013429036363959312,0.013429036363959312,0.0,0.0,0.0,0.0,0.0,-0.04335007816553116,0.006649920251220465,0.0,0.0,0.0,0.0
48.084,0.020191535353660583,0.010095767676830292,0.010095767676830292,datactrl_ref_vx_fallback,datactrl_est_vx_fallback,-0.04999999701976776,states_theta,0.01616787724196911,0.3903226606304643,0.225352939491581,0.5203294526816419,0.5205309756662629,0.5206189648685636,0.5202414634793412,0.5202360456334151,0.5206243827144897,0.0,0.0,0.0,0.010095767676830292,0.010095767676830292,0.0,0.0,0.0,0.0,0.0,-0.03853382170200348,0.011466176249086857,0.0,0.0,0.0,0.0
48.359,0.010191535577178001,0.009999999776482582,0.0001915358006954193,datactrl_ref_vx_fallback,states_vx_gs,-0.03999999910593033,states_theta,0.0776137262582779,0.3899975795479607,0.22516521454558655,0.5200282285116554,0.5199653169495732,0.5198911458688776,0.5201023995923509,0.5200187101281813,0.5199748353330472,0.0,0.0,0.0,0.010095767676830292,9.576790034770966e-05,0.0,0.0,0.0,0.0,0.0,-0.019984204322099686,0.020015794783830643,0.0,0.0,0.0,0.0
48.606,0.010191535577178001,0.009999999776482582,0.0001915358006954193,datactrl_ref_vx_fallback,states_vx_gs,-0.019999999552965164,states_theta,-0.050659965723752975,0.3900485055727915,0.22519478385017608,0.5198199142802312,0.5203094339138795,0.5204554551423342,0.5196738930517766,0.5197466436590181,0.5203827045350926,0.0,0.0,0.0,0.010095767676830292,9.576790034770966e-05,0.0,0.0,0.0,0.0,0.0,-0.019991854205727577,8.145501851686276e-06,0.0,0.0,0.0,0.0
48.867,0.010191535577178001,0.009999999776482582,0.0001915358006954193,datactrl_ref_vx_fallback,states_vx_gs,-0.04999999701976776,states_theta,-0.0481671541929245,0.39007603744385,0.22521069738131627,0.5202793892218578,0.5199233772950755,0.51984065232423,0.5203621141927033,0.5205979138661689,0.5196048526507644,0.0,0.0,0.0,0.010095767676830292,9.576790034770966e-05,0.0,0.0,0.0,0.0,0.0,-0.01999950408935547,0.030000492930412292,0.0,0.0,0.0,0.0
49.119,0.010191535577178001,0.009999999776482582,0.0001915358006954193,datactrl_ref_vx_fallback,states_vx_gs,-0.03999999910593033,states_theta,0.05450976639986038,0.39013422589726643,0.22524422579674974,0.520010721495216,0.5203472142308277,0.5204777820957809,0.5198801536302629,0.5198496245107267,0.520508311215317,0.0,0.0,0.0,0.010095767676830292,9.576790034770966e-05,0.0,0.0,0.0,0.0,0.0,-0.02000715583562851,0.01999284327030182,0.0,0.0,0.0,0.0
49.389,0.0035704616457223892,0.009999999776482582,-0.006429538130760193,datactrl_ref_vx_fallback,states_vx_gs,-0.029999999329447746,states_theta,0.018009189516305923,0.3901960053759844,0.2252798054418769,0.5201980743142177,0.5203246066884074,0.5200990699441448,0.5204236110584803,0.5204505763553906,0.5200721046472345,0.0,0.0,0.0,0.006785230711102486,-0.0032147690653800964,0.0,0.0,0.0,0.0,0.0,-0.013634150847792625,0.01636584848165512,0.0,0.0,0.0,0.0
49.676,0.0035704616457223892,0.009999999776482582,-0.006429538130760193,datactrl_ref_vx_fallback,states_vx_gs,-0.029999999329447746,states_theta,0.019014334306120872,0.3898279716284244,0.22506736140683234,0.5197131731490766,0.5198280845267219,0.5195248526134031,0.5200164050623954,0.5200445330494652,0.5194967246263333,0.0,0.0,0.0,0.006785230711102486,-0.0032147690653800964,0.0,0.0,0.0,0.0,0.0,-0.01337733119726181,0.016622668132185936,0.0,0.0,0.0,0.0
49.969,0.0035651279613375664,0.009999999776482582,-0.006434871815145016,datactrl_ref_vx_fallback,states_vx_gs,-0.019999999552965164,states_theta,0.03902200981974602,0.3902407635628128,0.22530563864922423,0.5202038616584601,0.5204381745090407,0.520421972137733,0.5202200640297678,0.5201539360460095,0.5204881001214914,0.0,0.0,0.0,0.006782563868910074,-0.003217435907572508,0.0,0.0,0.0,0.0,0.0,-0.013115371577441692,0.006884627975523472,0.0,0.0,0.0,0.0
50.251,0.0035651279613375664,0.009999999776482582,-0.006434871815145016,datactrl_ref_vx_fallback,states_vx_gs,-0.019999999552965164,states_theta,-0.006852199789136648,0.38990350136700946,0.22511090759322755,0.5198122197698896,0.5199304505421356,0.5197751447173501,0.5199675255946751,0.5199989474037793,0.5197437229082459,0.0,0.0,0.0,0.006782563868910074,-0.003217435907572508,0.0,0.0,0.0,0.0,0.0,-0.012858339585363865,0.007141659967601299,0.0,0.0,0.0,0.0
50.555,-0.013132690917700529,0.019999999552965164,-0.03313269047066569,datactrl_ref_vx_fallback,states_vx_gs,-0.019999999552965164,states_theta,0.0030417980160564184,0.3899473717700775,0.22513626197190614,0.5198889860482966,0.5199706720052434,0.5198329138632746,0.5200267441902654,0.5201836482114656,0.5196760098420744,0.0,0.0,0.0,0.003433654550462961,-0.01656634546816349,0.0,0.0,0.0,0.0,0.0,0.013103562407195568,0.03310356289148331,0.0,0.0,0.0,0.0
50.86,-0.013137142406776547,0.019999999552965164,-0.03313714195974171,datactrl_ref_vx_fallback,states_vx_gs,-0.009999999776482582,states_theta,0.16967730224132538,0.38997709115213586,0.22515342255074627,0.520055822577843,0.519883087161186,0.5200013818655608,0.5199375278734683,0.5197034312419034,0.5202354784971256,0.0,0.0,0.0,0.003431428922340274,-0.01656857132911682,0.0,0.0,0.0,0.0,0.0,0.014431381598114967,0.02443138137459755,0.0,0.0,0.0,0.0
51.176,-0.0197948035565787,0.019999999552965164,-0.039794803109543864,datactrl_ref_vx_fallback,states_vx_gs,0.022171739488840103,datactrl_est_theta_fallback,-0.031309351325035095,0.390023515523653,0.22518020209757159,0.5199183358691902,0.5201443721938844,0.5201850909696734,0.5198776170934013,0.5200507642348023,0.5200119438282723,0.0,0.0,0.0,0.00010259777627652511,-0.019897401332855225,0.0,0.0,0.0,0.0,0.0,0.022171739488840103,0.022171739488840103,0.0,0.0,0.0,0.0
51.498,0.00020519644021987915,0.019999999552965164,-0.019794803112745285,datactrl_ref_vx_fallback,states_vx_gs,0.009999999776482582,states_theta,0.06501445174217224,0.39009461503790044,0.22522132331303846,0.5202704666732033,0.5199818400945312,0.519823164946369,0.5204291418213655,0.5203578768449096,0.5198944299228249,0.0,0.0,0.0,0.010102597996592522,-0.009897401556372643,0.0,0.0,0.0,0.0,0.0,0.004924004897475243,-0.0050759948790073395,0.0,0.0,0.0,0.0
51.794,1.0,0.009999999776482582,0.9900000002235174,gncbus_cmd,states_vx_gs,0.019999999552965164,states_theta,0.01640155166387558,0.3901205347977837,0.22523635417178814,0.5200444007454197,0.5202770253820035,0.52018924166789,0.5201321844595331,0.5196400800370667,0.5206813460903564,0.0,0.0,0.0,0.2101026028394699,0.20010259747505188,0.0,0.0,0.0,0.0,0.0,-0.3991265892982483,-0.41912660002708435,0.0,0.0,0.0,0.0
52.097,1.0,0.009999999776482582,0.9900000002235174,gncbus_cmd,states_vx_gs,-0.009999999776482582,states_theta,-0.34287911653518677,0.390162917178804,0.22526117305565282,0.5200569773238323,0.5203774684863117,0.5197355458417229,0.5206988999684211,0.5194064215136008,0.5210280242965432,0.0,0.0,0.0,0.41010260581970215,0.4001025855541229,0.0,0.0,0.0,0.0,0.0,-0.8010367751121521,-0.7910367250442505,0.0,0.0,0.0,0.0
52.391,1.0,0.019999999552965164,0.9800000004470348,gncbus_cmd,states_vx_gs,-0.1899999976158142,states_theta,-1.3276461362838745,0.39019458847779465,0.2252795421874931,0.5200602490859713,0.5204586535214811,0.5194295363010021,0.5210893663064503,0.5196784442039591,0.5208404584034932,0.0,0.0,0.0,0.6101025938987732,0.5901026129722595,0.0,0.0,0.0,0.0,0.0,-1.1994483470916748,-1.0094484090805054,0.0,0.0,0.0,0.0
52.702,1.0,0.029999999329447746,0.9700000006705523,gncbus_cmd,states_vx_gs,-0.5799999833106995,states_theta,-2.2741317749023438,0.3898599924440934,0.22508595383489416,0.5196131054730158,0.5200135410445668,0.5194333082178779,0.5201933382997046,0.5194342738531839,0.5201923726643987,0.0,0.0,0.0,0.8101025819778442,0.7801026105880737,0.0,0.0,0.0,0.0,0.0,-1.6133581399917603,-1.0333582162857056,0.0,0.0,0.0,0.0
52.988,1.0,0.05999999865889549,0.9400000013411045,gncbus_cmd,states_vx_gs,-1.1200000047683716,states_theta,-2.8028721809387207,0.38989259075141386,0.22510463197126135,0.5198371470538022,0.5198764282833014,0.5199750046482953,0.5197385706888084,0.5200959839492055,0.5196175913878981,0.0,0.0,0.0,1.0,0.9399999976158142,0.0,0.0,0.0,0.0,0.0,-1.9847029447555542,-0.8647028803825378,0.0,0.0,0.0,0.0
53.304,1.0,0.09999999403953552,0.9000000059604645,gncbus_cmd,states_vx_gs,-1.6100000143051147,states_theta,-2.331770658493042,0.39029002494618636,0.2253347425107638,0.5204292614100812,0.5203441384464158,0.5211777445311334,0.5195956553253636,0.5211735098581061,0.5195998899983909,0.0,0.0,0.0,1.0,0.8999999761581421,0.0,0.0,0.0,0.0,0.0,-1.9825321435928345,-0.3725321590900421,0.0,0.0,0.0,0.0
53.594,1.0,0.17000000178813934,0.8299999982118607,gncbus_cmd,states_vx_gs,-1.9199999570846558,states_theta,-1.1660797595977783,0.3899502633510412,0.22513845619668316,0.5199830936770955,0.5198842752590145,0.5206220366651645,0.5192453322709455,0.5206715063238218,0.5191958626122882,0.0,0.0,0.0,1.0,0.8299999833106995,0.0,0.0,0.0,0.0,0.0,-1.9194170236587524,0.0005829184665344656,0.0,0.0,0.0,0.0
53.878,1.0,0.22999998927116394,0.7700000107288361,gncbus_cmd,states_vx_gs,-2.0199999809265137,states_theta,0.06743253022432327,0.389977695620267,0.22515373319700083,0.5199794472867727,0.5199610743672727,0.5200251772200649,0.5199153444339805,0.5200544130235586,0.5198861086304868,0.0,0.0,0.0,1.0,0.7699999809265137,0.0,0.0,0.0,0.0,0.0,-1.8699461221694946,0.15005382895469666,0.0,0.0,0.0,0.0
54.181,1.0,0.29999998211860657,0.7000000178813934,gncbus_cmd,states_vx_gs,-1.9399999380111694,states_theta,0.34015703201293945,0.3903947798557912,0.2253945634605982,0.5205460912657194,0.5205066550163904,0.5203591604152067,0.5206935858669031,0.5203538914352284,0.5206988548468814,0.0,0.0,0.0,1.0,0.7000000476837158,0.0,0.0,0.0,0.0,0.0,-1.79624605178833,0.14375394582748413,0.0,0.0,0.0,0.0
54.482,1.0,0.35999998450279236,0.6400000154972076,gncbus_cmd,states_vx_gs,-1.8799999952316284,states_theta,0.3132946193218231,0.3900497442038461,0.22519538997893002,0.5200371964653836,0.5200954547448726,0.5201163856937253,0.5200162655165309,0.5197286197924699,0.5204040314177864,0.0,0.0,0.0,1.0,0.6399999856948853,0.0,0.0,0.0,0.0,0.0,-1.7363897562026978,0.14361025393009186,0.0,0.0,0.0,0.0
54.782,1.0,0.41999998688697815,0.5800000131130219,gncbus_cmd,states_vx_gs,-1.809999942779541,states_theta,0.49903878569602966,0.3900951645276861,0.2252217869743089,0.5201905170979776,0.520063254975852,0.5194741650868263,0.5207796069870033,0.5201327349629431,0.5201210371108865,0.0,0.0,0.0,1.0,0.5800000429153442,0.0,0.0,0.0,0.0,0.0,-1.6714606285095215,0.13853929936885834,0.0,0.0,0.0,0.0
55.06,1.0,0.47999998927116394,0.5200000107288361,gncbus_cmd,states_vx_gs,-1.6899999380111694,states_theta,0.7165972590446472,0.3901295762868081,0.22524191163984975,0.5202095874323468,0.5201359493324748,0.5193912433948301,0.5209542933699914,0.5196425092184019,0.5207030275464196,0.0,0.0,0.0,1.0,0.5199999809265137,0.0,0.0,0.0,0.0,0.0,-1.601698398590088,0.08830158412456512,0.0,0.0,0.0,0.0
55.35,1.0,0.5399999618530273,0.46000003814697266,gncbus_cmd,states_vx_gs,-1.5499999523162842,states_theta,0.6556123495101929,0.390180032113373,0.225271214057176,0.5202860461432021,0.5201940394924592,0.5194909294743513,0.52098915616131,0.5194402736354882,0.5210398120001731,0.0,0.0,0.0,1.0,0.46000003814697266,0.0,0.0,0.0,0.0,0.0,-1.527422547340393,0.022577453404664993,0.0,0.0,0.0,0.0
55.647,1.0,0.5799999833106995,0.42000001668930054,gncbus_cmd,states_vx_gs,-1.4499999284744263,states_theta,0.4441049098968506,0.3902192498988241,0.22529378835037042,0.5203396762530125,0.5202449901438518,0.519551225923054,0.5210334404738103,0.519565142105023,0.5210195242918413,0.0,0.0,0.0,1.0,0.42000001668930054,0.0,0.0,0.0,0.0,0.0,-1.4869457483291626,-0.03694583475589752,0.0,0.0,0.0,0.0
55.96,1.0,0.6299999952316284,0.3700000047683716,gncbus_cmd,states_vx_gs,-1.3600000143051147,states_theta,0.4586043953895569,0.390229197623229,0.22529969969401514,0.5203355587237037,0.5202756349382403,0.5194302912677968,0.5211809023941472,0.5195206757621862,0.5210905178997578,0.0,0.0,0.0,1.0,0.3700000047683716,0.0,0.0,0.0,0.0,0.0,-1.4239174127578735,-0.06391739845275879,0.0,0.0,0.0,0.0
56.272,1.0,0.6699999570846558,0.33000004291534424,gncbus_cmd,states_vx_gs,-1.2699999809265137,states_theta,0.4561768174171448,0.389865862301385,0.22509017227336303,0.5198514937725541,0.5197908056978059,0.5189246476474634,0.5207176518228966,0.5188125886553299,0.5208297108150302,0.0,0.0,0.0,1.0,0.33000004291534424,0.0,0.0,0.0,0.0,0.0,-1.376330852508545,-0.10633084177970886,0.0,0.0,0.0,0.0
56.572,1.0,0.7099999785423279,0.2900000214576721,gncbus_cmd,states_vx_gs,-1.1699999570846558,states_theta,0.5571161508560181,0.3899081856291557,0.22511520225349568,0.5199239763327417,0.5198311853450068,0.5186049164660992,0.5211502452116493,0.5187501850692752,0.5210049766084733,0.0,0.0,0.0,1.0,0.2900000214576721,0.0,0.0,0.0,0.0,0.0,-1.3255486488342285,-0.15554867684841156,0.0,0.0,0.0,0.0
56.874,1.0,0.7400000095367432,0.25999999046325684,gncbus_cmd,states_vx_gs,-1.100000023841858,states_theta,0.14821608364582062,0.3903133312847553,0.22534840467174994,0.5204480066663398,0.5203875434263411,0.5195519028382118,0.5212836472544691,0.5194861819796706,0.5213493681130104,0.0,0.0,0.0,1.0,0.25999999046325684,0.0,0.0,0.0,0.0,0.0,-1.2908072471618652,-0.19080720841884613,0.0,0.0,0.0,0.0
57.176,1.0,0.7699999809265137,0.23000001907348633,gncbus_cmd,states_vx_gs,-1.0399999618530273,states_theta,0.48731353878974915,0.390329841493989,0.2253589731365739,0.5204233121849661,0.520456265132338,0.5191662720444794,0.5217133052728247,0.5190742256441434,0.5218053516731607,0.0,0.0,0.0,1.0,0.23000001907348633,0.0,0.0,0.0,0.0,0.0,-1.253509521484375,-0.21350960433483124,0.0,0.0,0.0,0.0
57.492,1.0,0.7999999523162842,0.20000004768371582,gncbus_cmd,states_vx_gs,-0.9399999976158142,states_theta,0.45725083351135254,0.39000124579571205,0.22516972907274263,0.519987712257363,0.5200156098645358,0.5185781441579996,0.5214251779638991,0.5184833270340231,0.5215199950878756,0.0,0.0,0.0,1.0,0.20000004768371582,0.0,0.0,0.0,0.0,0.0,-1.2136954069137573,-0.2736954391002655,0.0,0.0,0.0,0.0
57.625,1.0,0.8199999928474426,0.18000000715255737,gncbus_cmd,states_vx_gs,-0.9099999666213989,states_theta,0.34976643323898315,0.3900040348330575,0.22517109555767073,0.5201061313034478,0.5199046282513722,0.5185947407203273,0.5214160188344927,0.5186295901637528,0.5213811693910673,0.0,0.0,0.0,1.0,0.18000000715255737,0.0,0.0,0.0,0.0,0.0,-1.1835310459136963,-0.273531049489975,0.0,0.0,0.0,0.0
57.842,1.0,0.8399999737739563,0.1600000262260437,gncbus_cmd,states_vx_gs,-0.8499999642372131,states_theta,0.23755420744419098,0.39004264075159883,0.2251934366956807,0.5199557288380814,0.5201579798328488,0.5187135898597529,0.5214001188111773,0.5185829712146152,0.5215307374563151,0.0,0.0,0.0,1.0,0.1600000262260437,0.0,0.0,0.0,0.0,0.0,-1.159438133239746,-0.30943819880485535,0.0,0.0,0.0,0.0
58.158,1.0,0.8700000047683716,0.12999999523162842,gncbus_cmd,states_vx_gs,-0.7799999713897705,states_theta,0.29321661591529846,0.39007994202595897,0.2252154753171863,0.5201906127542801,0.5200225659816105,0.5184763762211628,0.5217368025147278,0.518613804526163,0.5215993742097276,0.0,0.0,0.0,1.0,0.12999999523162842,0.0,0.0,0.0,0.0,0.0,-1.1199434995651245,-0.3399434983730316,0.0,0.0,0.0,0.0
58.444,1.0,0.8899999856948853,0.11000001430511475,gncbus_cmd,states_vx_gs,-0.699999988079071,states_theta,0.4763806462287903,0.3901328139335562,0.22524736973921702,0.5200456517086052,0.520308518780878,0.5183343020595431,0.5220198684299401,0.5181903384531931,0.5221638320362901,0.0,0.0,0.0,1.0,0.11000001430511475,0.0,0.0,0.0,0.0,0.0,-1.0915366411209106,-0.391536682844162,0.0,0.0,0.0,0.0
58.792,1.0,0.9099999666213989,0.09000003337860107,gncbus_cmd,states_vx_gs,-0.6299999952316284,states_theta,0.21308633685112,0.3901336345535725,0.22524727532837233,0.520209092340221,0.5201472664693056,0.5182803306704121,0.5220760281391145,0.5185248072888603,0.5218315515206663,0.0,0.0,0.0,1.0,0.09000003337860107,0.0,0.0,0.0,0.0,0.0,-1.0616918802261353,-0.4316919147968292,0.0,0.0,0.0,0.0
59.105,1.0,0.9199999570846558,0.08000004291534424,gncbus_cmd,states_vx_gs,-0.5899999737739563,states_theta,0.16921859979629517,0.38978636001093214,0.2250470056554324,0.5197298456025079,0.5197004477599778,0.5180116019553705,0.5214186914071152,0.5177551798998367,0.521675113462649,0.0,0.0,0.0,1.0,0.08000004291534424,0.0,0.0,0.0,0.0,0.0,-1.0495256185531616,-0.4595256745815277,0.0,0.0,0.0,0.0
59.399,1.0,0.9399999976158142,0.06000000238418579,gncbus_cmd,states_vx_gs,-0.5600000023841858,states_theta,0.07784274220466614,0.39018916494745465,0.22527924705947253,0.5202514065243051,0.5202530333355739,0.5184422423288734,0.5220621975310057,0.5185488859548056,0.5219555539050734,0.0,0.0,0.0,1.0,0.06000000238418579,0.0,0.0,0.0,0.0,0.0,-1.0174838304519653,-0.4574838876724243,0.0,0.0,0.0,0.0
59.69,1.0,0.949999988079071,0.050000011920928955,gncbus_cmd,states_vx_gs,-0.550000011920929,states_theta,0.16598935425281525,0.39017544808735455,0.22527175258568588,0.5202220565977741,0.5202458049685047,0.5184456896191633,0.5220221719471155,0.5182987173344763,0.5221691442318025,0.0,0.0,0.0,1.0,0.050000011920928955,0.0,0.0,0.0,0.0,0.0,-1.003200650215149,-0.4532006084918976,0.0,0.0,0.0,0.0
60.036,1.0,0.9599999785423279,0.04000002145767212,gncbus_cmd,states_vx_gs,-0.5099999904632568,states_theta,0.14804422855377197,0.3902049525514418,0.22528911426517143,0.5202969998813924,0.5202495402557856,0.5182338634736247,0.5223126766635534,0.5184365277673898,0.5221100123697883,0.0,0.0,0.0,1.0,0.04000002145767212,0.0,0.0,0.0,0.0,0.0,-0.9880385994911194,-0.47803857922554016,0.0,0.0,0.0,0.0
60.326,1.0,0.9699999690055847,0.030000030994415283,gncbus_cmd,states_vx_gs,-0.4899999797344208,states_theta,0.04745510220527649,0.3898351634099817,0.2250753525229812,0.5198388451895053,0.519721590570446,0.5177624412940832,0.521797994465868,0.5180550456135556,0.5215053901463956,0.0,0.0,0.0,1.0,0.030000030994415283,0.0,0.0,0.0,0.0,0.0,-0.9720776677131653,-0.4820776879787445,0.0,0.0,0.0,0.0
60.626,1.0,0.9799999594688416,0.020000040531158447,gncbus_cmd,states_vx_gs,-0.4599999785423279,states_theta,0.22962221503257751,0.3898693541554099,0.2250962053983856,0.5198438595411756,0.5198077515399175,0.5178138671941646,0.5218377438869286,0.517588075051056,0.5220635360300372,0.0,0.0,0.0,1.0,0.020000040531158447,0.0,0.0,0.0,0.0,0.0,-0.9553977847099304,-0.49539777636528015,0.0,0.0,0.0,0.0
60.946,1.0,0.9799999594688416,0.020000040531158447,gncbus_cmd,states_vx_gs,-0.4399999976158142,states_theta,-0.007533546537160873,0.3902512644898263,0.22531598424426735,0.5203789123095025,0.5202911263300342,0.5182363285060512,0.5224337101334855,0.5185005313127613,0.5221695073267754,0.0,0.0,0.0,1.0,0.020000040531158447,0.0,0.0,0.0,0.0,0.0,-0.9569954872131348,-0.5169954895973206,0.0,0.0,0.0,0.0
61.262,1.0,0.9899999499320984,0.010000050067901611,gncbus_cmd,states_vx_gs,-0.429999977350235,states_theta,0.1538970023393631,0.38991143144242285,0.22512056105992406,0.5199491409725919,0.5198146762072023,0.5176802947863209,0.5220835223934733,0.5178041056875567,0.5219597114922375,0.0,0.0,0.0,1.0,0.010000050067901611,0.0,0.0,0.0,0.0,0.0,-0.9389175772666931,-0.5089176297187805,0.0,0.0,0.0,0.0
61.57,1.0,1.0,0.0,gncbus_cmd,states_vx_gs,-0.4099999964237213,states_theta,0.08847106993198395,0.38992219707195674,0.22512666600559,0.5199380809280036,0.5198544445972144,0.5180313456880169,0.5217611798372012,0.5175531245208541,0.522239401004364,0.0,0.0,0.0,1.0,0.0,0.0,0.0,0.0,0.0,0.0,-0.9203602075576782,-0.5103602409362793,0.0,0.0,0.0,0.0
61.861,1.0,1.0,0.0,gncbus_cmd,states_vx_gs,-0.38999998569488525,states_theta,-0.03727557137608528,0.3903076264040937,0.22534896065805687,0.5204817563595092,0.520338580718074,0.5181472316832477,0.5226731053943355,0.5185574322630312,0.5222629048145521,0.0,0.0,0.0,1.0,0.0,0.0,0.0,0.0,0.0,0.0,-0.9203602075576782,-0.530360221862793,0.0,0.0,0.0,0.0
62.167,1.0,1.0099999904632568,-0.009999990463256836,gncbus_cmd,states_vx_gs,-0.38999998569488525,states_theta,0.14231151342391968,0.3899721433624275,0.22515599908000247,0.5198789095019847,0.5200468061311554,0.5178390910067502,0.5220866246263899,0.5176502570094016,0.5222754586237385,0.0,0.0,0.0,1.0,-0.009999990463256836,0.0,0.0,0.0,0.0,0.0,-0.9007644653320312,-0.510764479637146,0.0,0.0,0.0,0.0
62.488,1.0,1.0199999809265137,-0.019999980926513672,gncbus_cmd,states_vx_gs,-0.4099999964237213,states_theta,-0.16837650537490845,0.3900112840926058,0.2251767753227958,0.5200578913085223,0.5199721996050932,0.5182155437202965,0.521814547193319,0.518186135743249,0.5218439551703665,0.0,0.0,0.0,1.0,-0.019999980926513672,0.0,0.0,0.0,0.0,0.0,-0.8809289932250977,-0.47092899680137634,0.0,0.0,0.0,0.0
62.815,1.0,1.0199999809265137,-0.019999980926513672,gncbus_cmd,states_vx_gs,-0.3799999952316284,states_theta,0.39867815375328064,0.3900119699594786,0.22518053029295393,0.5198003502695361,0.5202315696224069,0.5175419558011325,0.5224899640908105,0.517472584408456,0.522559335483487,0.0,0.0,0.0,1.0,-0.019999980926513672,0.0,0.0,0.0,0.0,0.0,-0.8793312311172485,-0.4993312656879425,0.0,0.0,0.0,0.0
63.132,1.0,1.0299999713897705,-0.029999971389770508,gncbus_cmd,states_vx_gs,-0.3499999940395355,states_theta,-0.05784234404563904,0.39005460388529484,0.22520305284924808,0.5202427065045955,0.5199029038561908,0.5177517157397041,0.5223938946210821,0.5182149269064266,0.5219306834543597,0.0,0.0,0.0,1.0,-0.029999971389770508,0.0,0.0,0.0,0.0,0.0,-0.8588167428970337,-0.5088167786598206,0.0,0.0,0.0,0.0
63.434,1.0,1.0299999713897705,-0.029999971389770508,gncbus_cmd,states_vx_gs,-0.35999998450279236,states_theta,0.05946125090122223,0.39007173851801835,0.22521351787543817,0.5199170014821308,0.5202743012325848,0.5181616735515397,0.5220296291631759,0.5176202869873736,0.522571015727342,0.0,0.0,0.0,1.0,-0.029999971389770508,0.0,0.0,0.0,0.0,0.0,-0.8564201593399048,-0.4964201748371124,0.0,0.0,0.0,0.0
63.772,1.0,1.0299999713897705,-0.029999971389770508,gncbus_cmd,states_vx_gs,-0.3400000035762787,states_theta,-0.026701156049966812,0.39009029035373116,0.22522415534672638,0.5202631134289016,0.5199776608477148,0.5176674379038984,0.5225733363727181,0.5181889529129109,0.5220518213637055,0.0,0.0,0.0,1.0,-0.029999971389770508,0.0,0.0,0.0,0.0,0.0,-0.8540235161781311,-0.5140235424041748,0.0,0.0,0.0,0.0
64.086,1.0,1.0399999618530273,-0.039999961853027344,gncbus_cmd,states_vx_gs,-0.35999998450279236,states_theta,-0.09316534548997879,0.3901101654625897,0.22523485337594173,0.520001757098353,0.5202920174685529,0.518285555930156,0.5220082186367498,0.5179371766798615,0.5223565978870444,0.0,0.0,0.0,1.0,-0.039999961853027344,0.0,0.0,0.0,0.0,0.0,-0.8324705362319946,-0.4724705219268799,0.0,0.0,0.0,0.0
64.394,1.0,1.0399999618530273,-0.039999961853027344,gncbus_cmd,states_vx_gs,-0.3700000047683716,states_theta,0.012829440645873547,0.3897400303598789,0.22502163357785135,0.5198188934603042,0.5194878541660396,0.5173211738490976,0.5219855737772462,0.5177158309893869,0.5215909166369569,0.0,0.0,0.0,1.0,-0.039999961853027344,0.0,0.0,0.0,0.0,0.0,-0.8292750120162964,-0.4592750072479248,0.0,0.0,0.0,0.0
64.683,1.0,1.0399999618530273,-0.039999961853027344,gncbus_cmd,states_vx_gs,-0.3400000035762787,states_theta,0.11842146515846252,0.39010866184754467,0.2252354541891532,0.5200969030372162,0.5201928618895695,0.517879535922891,0.5224102290038947,0.5177197776079198,0.522569987318866,0.0,0.0,0.0,1.0,-0.039999961853027344,0.0,0.0,0.0,0.0,0.0,-0.8260795474052429,-0.48607954382896423,0.0,0.0,0.0,0.0
65.033,1.0,1.0499999523162842,-0.04999995231628418,gncbus_cmd,states_vx_gs,-0.3400000035762787,states_theta,0.011242648586630821,0.3901149367096306,0.22523835151742794,0.5200094469981948,0.5202970508941533,0.518082183515486,0.5222243143768622,0.5178298475194122,0.522476650372936,0.0,0.0,0.0,1.0,-0.04999995231628418,0.0,0.0,0.0,0.0,0.0,-0.8034480214118958,-0.46344804763793945,0.0,0.0,0.0,0.0
65.348,1.0,1.0499999523162842,-0.04999995231628418,gncbus_cmd,states_vx_gs,-0.32999998331069946,states_theta,0.1315830647945404,0.3901079681869211,0.22523518612822638,0.5200657677217873,0.5202221474433357,0.5176003385447951,0.5226875766203278,0.5179581597496414,0.5223297554154815,0.0,0.0,0.0,1.0,-0.04999995231628418,0.0,0.0,0.0,0.0,0.0,-0.7994536757469177,-0.46945369243621826,0.0,0.0,0.0,0.0
65.657,1.0,1.0499999523162842,-0.04999995231628418,gncbus_cmd,states_vx_gs,-0.3100000023841858,states_theta,0.008914281614124775,0.38975639529878137,0.22503189055808676,0.5195773947386894,0.5197729927247275,0.5172986295795109,0.522051757883906,0.5174348331116557,0.5219155543517612,0.0,0.0,0.0,1.0,-0.04999995231628418,0.0,0.0,0.0,0.0,0.0,-0.7954593300819397,-0.4854593276977539,0.0,0.0,0.0,0.0
65.993,1.0,1.0499999523162842,-0.04999995231628418,gncbus_cmd,states_vx_gs,-0.3100000023841858,states_theta,-0.048375390470027924,0.39014241017439943,0.22525454902537256,0.5200356548753273,0.5203441055897378,0.5180531390084387,0.5223266214566263,0.5177973176473664,0.5225824428176987,0.0,0.0,0.0,1.0,-0.04999995231628418,0.0,0.0,0.0,0.0,0.0,-0.7914649844169617,-0.4814649522304535,0.0,0.0,0.0,0.0
66.29,1.0,1.059999942779541,-0.059999942779541016,gncbus_cmd,states_vx_gs,-0.3100000023841858,states_theta,0.08038988709449768,0.390165331504962,0.22526826089678254,0.5200351193668471,0.5204057646463849,0.5178102473960027,0.5226306366172293,0.5179111399188696,0.5225297440943624,0.0,0.0,0.0,1.0,-0.059999942779541016,0.0,0.0,0.0,0.0,0.0,-0.7681943774223328,-0.458194375038147,0.0,0.0,0.0,0.0
66.622,1.0,1.059999942779541,-0.059999942779541016,gncbus_cmd,states_vx_gs,-0.3199999928474426,states_theta,-0.07775333523750305,0.3897757315391786,0.2250424151011071,0.5196273188560735,0.5197746319150695,0.5174221907718964,0.5219797599992465,0.5176205352830142,0.5217814154881287,0.0,0.0,0.0,1.0,-0.059999942779541016,0.0,0.0,0.0,0.0,0.0,-0.7634011507034302,-0.44340112805366516,0.0,0.0,0.0,0.0
66.931,1.0,1.059999942779541,-0.059999942779541016,gncbus_cmd,states_vx_gs,-0.29999998211860657,states_theta,0.15860037505626678,0.39017778266401937,0.22527614573201954,0.5201545305072484,0.5203195565968033,0.5177837371147389,0.5226903499893127,0.5177060931763071,0.5227679939277445,0.0,0.0,0.0,1.0,-0.059999942779541016,0.0,0.0,0.0,0.0,0.0,-0.7586079239845276,-0.45860791206359863,0.0,0.0,0.0,0.0
67.281,1.0,1.059999942779541,-0.059999942779541016,gncbus_cmd,states_vx_gs,-0.29999998211860657,states_theta,-0.08008259534835815,0.3898297614866322,0.22507397842598204,0.5196851152897918,0.5198609153412274,0.5175624661672739,0.5219835644637453,0.5174712298316412,0.522074800799378,0.0,0.0,0.0,1.0,-0.059999942779541016,0.0,0.0,0.0,0.0,0.0,-0.7538146376609802,-0.45381468534469604,0.0,0.0,0.0,0.0
67.589,1.0,1.059999942779541,-0.059999942779541016,gncbus_cmd,states_vx_gs,-0.3100000023841858,states_theta,0.08235657215118408,0.3898439266454233,0.22508295102774242,0.5197339486773234,0.519849855710472,0.5172897820017933,0.5222940223860021,0.5174769033602827,0.5221069010275127,0.0,0.0,0.0,1.0,-0.059999942779541016,0.0,0.0,0.0,0.0,0.0,-0.7490214109420776,-0.43902143836021423,0.0,0.0,0.0,0.0
67.898,1.0,1.059999942779541,-0.059999942779541016,gncbus_cmd,states_vx_gs,-0.29999998211860657,states_theta,-0.0034756381064653397,0.3902183478807535,0.22529884528238864,0.5202014632760397,0.5203807977393029,0.5179541983656729,0.5226280626496697,0.5179111963596207,0.5226710646557219,0.0,0.0,0.0,1.0,-0.059999942779541016,0.0,0.0,0.0,0.0,0.0,-0.744228184223175,-0.44422823190689087,0.0,0.0,0.0,0.0
68.206,1.0,1.0699999332427979,-0.06999993324279785,gncbus_cmd,states_vx_gs,-0.3100000023841858,states_theta,-0.02459780126810074,0.39023459201698907,0.22530774506697265,0.5202212484022181,0.5204043303097529,0.5180230899902468,0.5226024887217241,0.5180723049955188,0.5225532737164521,0.0,0.0,0.0,1.0,-0.06999993324279785,0.0,0.0,0.0,0.0,0.0,-0.7199989557266235,-0.40999895334243774,0.0,0.0,0.0,0.0
68.524,1.0,1.0699999332427979,-0.06999993324279785,gncbus_cmd,states_vx_gs,-0.28999999165534973,states_theta,0.06626464426517487,0.38986334255272953,0.22509422762657874,0.5197369293378892,0.5198986508027229,0.5174224074848895,0.5222131726557225,0.5173683632285592,0.5222672169120529,0.0,0.0,0.0,1.0,-0.06999993324279785,0.0,0.0,0.0,0.0,0.0,-0.7144068479537964,-0.42440685629844666,0.0,0.0,0.0,0.0
68.844,1.0,1.0699999332427979,-0.06999993324279785,gncbus_cmd,states_vx_gs,-0.29999998211860657,states_theta,-0.04040341079235077,0.3898949038880221,0.2251117600396242,0.5198198239767707,0.5198999197246216,0.5175622764110976,0.5221574672902947,0.5175745461744627,0.5221451975269296,0.0,0.0,0.0,1.0,-0.06999993324279785,0.0,0.0,0.0,0.0,0.0,-0.7088147401809692,-0.40881475806236267,0.0,0.0,0.0,0.0
69.146,1.0,1.0699999332427979,-0.06999993324279785,gncbus_cmd,states_vx_gs,-0.29999998211860657,states_theta,-0.06634398549795151,0.38991093191469284,0.22512091423045355,0.5198604864719344,0.5199019986339132,0.5175628765941567,0.5221996085116909,0.517656590780573,0.5221058943252745,0.0,0.0,0.0,1.0,-0.06999993324279785,0.0,0.0,0.0,0.0,0.0,-0.7032226324081421,-0.4032226502895355,0.0,0.0,0.0,0.0
69.433,1.0,1.0699999332427979,-0.06999993324279785,gncbus_cmd,states_vx_gs,-0.3199999928474426,states_theta,-0.04011715203523636,0.389917533779265,0.22512462874089667,0.5199345954972623,0.5198454945807778,0.5175211304276651,0.5222589596503749,0.5177602742247495,0.5220198158532906,0.0,0.0,0.0,1.0,-0.06999993324279785,0.0,0.0,0.0,0.0,0.0,-0.6976305246353149,-0.3776305615901947,0.0,0.0,0.0,0.0
69.743,1.0,1.0699999332427979,-0.06999993324279785,gncbus_cmd,states_vx_gs,-0.3199999928474426,states_theta,-0.013964464887976646,0.39031291791306977,0.22535304692903846,0.5204770509586124,0.5203573968095737,0.5181124358199974,0.5227220119481887,0.5181584128944993,0.5226760348736869,0.0,0.0,0.0,1.0,-0.06999993324279785,0.0,0.0,0.0,0.0,0.0,-0.6920384168624878,-0.37203845381736755,0.0,0.0,0.0,0.0
70.048,1.0,1.0799999237060547,-0.07999992370605469,gncbus_cmd,states_vx_gs,-0.29999998211860657,states_theta,0.10940641164779663,0.38997101226445885,0.22515636336817035,0.5199268872102326,0.5199958121616576,0.5175973651106256,0.5223253342612646,0.5174898370799761,0.5224328622919141,0.0,0.0,0.0,1.0,-0.07999992370605469,0.0,0.0,0.0,0.0,0.0,-0.6673298478126526,-0.3673298954963684,0.0,0.0,0.0,0.0
70.319,1.0,1.0799999237060547,-0.07999992370605469,gncbus_cmd,states_vx_gs,-0.28999999165534973,states_theta,-0.025140928104519844,0.3903410752674848,0.22536943995984796,0.5204436955353307,0.5204658385112955,0.5181963620499653,0.5227131719966608,0.5180959606106853,0.5228135734359408,0.0,0.0,0.0,1.0,-0.07999992370605469,0.0,0.0,0.0,0.0,0.0,-0.6609389185905457,-0.37093889713287354,0.0,0.0,0.0,0.0
70.632,1.0,1.0799999237060547,-0.07999992370605469,gncbus_cmd,states_vx_gs,-0.2800000011920929,states_theta,0.03270699456334114,0.3900011677936529,0.22517373605188482,0.5198278474513044,0.5201752666651033,0.5178129863817365,0.5221901277346712,0.5173917474090439,0.5226113667073637,0.0,0.0,0.0,1.0,-0.07999992370605469,0.0,0.0,0.0,0.0,0.0,-0.654547929763794,-0.37454792857170105,0.0,0.0,0.0,0.0
70.969,1.0,1.0799999237060547,-0.07999992370605469,gncbus_cmd,states_vx_gs,-0.28999999165534973,states_theta,-0.09259163588285446,0.39000985914350284,0.2251779115860627,0.5202218510169933,0.5198044400323477,0.5177914144699035,0.5222348765794375,0.5177472727714393,0.5222790182779017,0.0,0.0,0.0,1.0,-0.07999992370605469,0.0,0.0,0.0,0.0,0.0,-0.6481569409370422,-0.3581569492816925,0.0,0.0,0.0,0.0
71.278,1.0,1.0799999237060547,-0.07999992370605469,gncbus_cmd,states_vx_gs,-0.3199999928474426,states_theta,-0.16694974899291992,0.3900330961624493,0.22519060819092618,0.5198441828590864,0.5202440735741117,0.518171392818953,0.5219168636142452,0.5177481569277075,0.5223400995054907,0.0,0.0,0.0,1.0,-0.07999992370605469,0.0,0.0,0.0,0.0,0.0,-0.6417659521102905,-0.3217659592628479,0.0,0.0,0.0,0.0
71.576,1.0,1.0799999237060547,-0.07999992370605469,gncbus_cmd,states_vx_gs,-0.3100000023841858,states_theta,0.14733421802520752,0.39004375867737295,0.2251988945997713,0.5203929694826595,0.5197237203236684,0.5170493881602611,0.5230673016460667,0.5181898845792334,0.5219268052270944,0.0,0.0,0.0,1.0,-0.07999992370605469,0.0,0.0,0.0,0.0,0.0,-0.6353749632835388,-0.3253749907016754,0.0,0.0,0.0,0.0
71.924,1.0,1.0799999237060547,-0.07999992370605469,gncbus_cmd,states_vx_gs,-0.26999998092651367,states_theta,0.17856113612651825,0.39006877769594506,0.22521380372528355,0.5198741175420639,0.520309289647123,0.517729189035767,0.5224542181534199,0.5172871316189757,0.5228962755702112,0.0,0.0,0.0,1.0,-0.07999992370605469,0.0,0.0,0.0,0.0,0.0,-0.6289840340614319,-0.3589840233325958,0.0,0.0,0.0,0.0
72.259,1.0,1.0799999237060547,-0.07999992370605469,gncbus_cmd,states_vx_gs,-0.23999999463558197,states_theta,0.08092895150184631,0.3900811410380475,0.22522080363978053,0.5202839899546774,0.5199323861467826,0.5176479952099526,0.5225683808915074,0.5174318742778419,0.5227845018236181,0.0,0.0,0.0,1.0,-0.07999992370605469,0.0,0.0,0.0,0.0,0.0,-0.6225930452346802,-0.382593035697937,0.0,0.0,0.0,0.0
72.56,1.0,1.0799999237060547,-0.07999992370605469,gncbus_cmd,states_vx_gs,-0.23999999463558197,states_theta,-0.015056589618325233,0.3900807281017823,0.2252201202935131,0.5199622096939804,0.5202530652441058,0.517954795973663,0.5222604789644232,0.5173168402471209,0.5228984346909653,0.0,0.0,0.0,1.0,-0.07999992370605469,0.0,0.0,0.0,0.0,0.0,-0.6162020564079285,-0.3762020766735077,0.0,0.0,0.0,0.0
72.853,1.0,1.0799999237060547,-0.07999992370605469,gncbus_cmd,states_vx_gs,-0.25,states_theta,-0.12332668155431747,0.39008096297893446,0.22521947161433745,0.5202588407386413,0.5199570605385173,0.5180085421488237,0.5222073591283348,0.5175386987943363,0.5226772024828222,0.0,0.0,0.0,1.0,-0.07999992370605469,0.0,0.0,0.0,0.0,0.0,-0.6098110675811768,-0.35981106758117676,0.0,0.0,0.0,0.0
73.149,1.0,1.0799999237060547,-0.07999992370605469,gncbus_cmd,states_vx_gs,-0.26999998092651367,states_theta,-0.0006868427153676748,0.38971914541871794,0.22501093426946683,0.5195314844932744,0.5197195699566401,0.5173980891304835,0.521852965319431,0.517037974150697,0.5222130802992175,0.0,0.0,0.0,1.0,-0.07999992370605469,0.0,0.0,0.0,0.0,0.0,-0.603420078754425,-0.33342012763023376,0.0,0.0,0.0,0.0
73.586,1.0,1.0799999237060547,-0.07999992370605469,gncbus_cmd,states_vx_gs,-0.23999999463558197,states_theta,0.056820400059223175,0.3897031082991993,0.22500247042147875,0.5195353209955543,0.5196729678023105,0.5168739863428409,0.522334302455024,0.5172296705642532,0.5219786182336117,0.0,0.0,0.0,1.0,-0.07999992370605469,0.0,0.0,0.0,0.0,0.0,-0.5938336253166199,-0.3538336455821991,0.0,0.0,0.0,0.0
73.856,1.0,1.0799999237060547,-0.07999992370605469,gncbus_cmd,states_vx_gs,-0.25999999046325684,states_theta,-0.14540788531303406,0.39007884129232884,0.22521795473230383,0.519972099879306,0.5202381435669041,0.5179103359560587,0.5222999074901514,0.5177238355413089,0.5224864079049013,0.0,0.0,0.0,1.0,-0.07999992370605469,0.0,0.0,0.0,0.0,0.0,-0.5874426364898682,-0.3274426758289337,0.0,0.0,0.0,0.0
74.147,1.0,1.0799999237060547,-0.07999992370605469,gncbus_cmd,states_vx_gs,-0.29999998211860657,states_theta,-0.22609342634677887,0.3900924541946746,0.22522485498288547,0.5202640169394933,0.5199825275796389,0.5180163627764245,0.5222301817427077,0.5180451548150873,0.522201389704045,0.0,0.0,0.0,1.0,-0.07999992370605469,0.0,0.0,0.0,0.0,0.0,-0.5810517072677612,-0.2810516953468323,0.0,0.0,0.0,0.0
74.441,1.0,1.0799999237060547,-0.07999992370605469,gncbus_cmd,states_vx_gs,-0.29999998211860657,states_theta,-0.013042975217103958,0.38971850510780814,0.22501005876990499,0.5195019312509143,0.5197474157032408,0.5174803258452089,0.5217690211089462,0.5171463810196714,0.5221029659344837,0.0,0.0,0.0,1.0,-0.07999992370605469,0.0,0.0,0.0,0.0,0.0,-0.5743411779403687,-0.2743411660194397,0.0,0.0,0.0,0.0
74.757,1.0,1.0799999237060547,-0.07999992370605469,gncbus_cmd,states_vx_gs,-0.29999998211860657,states_theta,0.09669730067253113,0.3900947871067326,0.2252278554873773,0.5200975396987948,0.5201552259191589,0.5176044980261372,0.5226482675918165,0.5178034009911392,0.5224493646268145,0.0,0.0,0.0,1.0,-0.07999992370605469,0.0,0.0,0.0,0.0,0.0,-0.5679501891136169,-0.2679502069950104,0.0,0.0,0.0,0.0
75.078,1.0,1.0799999237060547,-0.07999992370605469,gncbus_cmd,states_vx_gs,-0.28999999165534973,states_theta,0.03154703974723816,0.39008227199891904,0.22522043453372556,0.5202109599203655,0.520008432076752,0.517547778453001,0.5226716135441164,0.5179117545608288,0.5223076374362886,0.0,0.0,0.0,1.0,-0.07999992370605469,0.0,0.0,0.0,0.0,0.0,-0.5615592002868652,-0.2715592086315155,0.0,0.0,0.0,0.0
75.357,1.0,1.0799999237060547,-0.07999992370605469,gncbus_cmd,states_vx_gs,-0.26999998092651367,states_theta,0.05440395697951317,0.3897103839254717,0.22500610499384863,0.5196860212496823,0.5195416692182422,0.5171583511259477,0.5220693393419769,0.5171555209670038,0.5220721695009207,0.0,0.0,0.0,1.0,-0.07999992370605469,0.0,0.0,0.0,0.0,0.0,-0.5551682114601135,-0.28516826033592224,0.0,0.0,0.0,0.0
75.656,1.0,1.0799999237060547,-0.07999992370605469,gncbus_cmd,states_vx_gs,-0.26999998092651367,states_theta,0.000761543633416295,0.3900871879348747,0.22522333698034028,0.5202109811359447,0.5200215200237212,0.5177304726250281,0.5225020285346377,0.517703869185005,0.5225286319746608,0.0,0.0,0.0,1.0,-0.07999992370605469,0.0,0.0,0.0,0.0,0.0,-0.5487772822380066,-0.27877727150917053,0.0,0.0,0.0,0.0
75.957,1.0,1.0799999237060547,-0.07999992370605469,gncbus_cmd,states_vx_gs,-0.26999998092651367,states_theta,0.04792006313800812,0.39010352029768885,0.22523301413127825,0.5201505105073105,0.5201255436198597,0.5176441907708316,0.5226318633563387,0.5177405606609347,0.5225354934662356,0.0,0.0,0.0,1.0,-0.07999992370605469,0.0,0.0,0.0,0.0,0.0,-0.5423862934112549,-0.2723863124847412,0.0,0.0,0.0,0.0
76.239,1.0,1.0799999237060547,-0.07999992370605469,gncbus_cmd,states_vx_gs,-0.25999999046325684,states_theta,0.055914923548698425,0.3901052523675208,0.22523419428510333,0.5201394453729051,0.5201412276071504,0.5176897771001903,0.5225908958798653,0.5176330219999847,0.5226476509800708,0.0,0.0,0.0,1.0,-0.07999992370605469,0.0,0.0,0.0,0.0,0.0,-0.5359953045845032,-0.27599531412124634,0.0,0.0,0.0,0.0
76.548,1.0,1.0799999237060547,-0.07999992370605469,gncbus_cmd,states_vx_gs,-0.25,states_theta,0.05683773010969162,0.38973442626522575,0.22502029237398852,0.5196312395272036,0.5196605638467318,0.5173364992793404,0.5219553040945949,0.5169446037034885,0.5223471996704468,0.0,0.0,0.0,1.0,-0.07999992370605469,0.0,0.0,0.0,0.0,0.0,-0.5296043157577515,-0.27960431575775146,0.0,0.0,0.0,0.0
76.841,1.0,1.0799999237060547,-0.07999992370605469,gncbus_cmd,states_vx_gs,-0.25,states_theta,-0.06619459390640259,0.39011601524638523,0.225239889020789,0.5201474987938568,0.5201618751965038,0.5175867544487414,0.5227226195416192,0.5179724191689037,0.5223369548214569,0.0,0.0,0.0,1.0,-0.07999992370605469,0.0,0.0,0.0,0.0,0.0,-0.5232133269309998,-0.27321335673332214,0.0,0.0,0.0,0.0
77.143,1.0,1.0799999237060547,-0.07999992370605469,gncbus_cmd,states_vx_gs,-0.25999999046325684,states_theta,0.01739075593650341,0.3901066921884895,0.2252347756481772,0.5201833850768914,0.5201011274257471,0.5176111377530852,0.5226733747495533,0.5178113038608361,0.5224732086418025,0.0,0.0,0.0,1.0,-0.07999992370605469,0.0,0.0,0.0,0.0,0.0,-0.5168223977088928,-0.2568223774433136,0.0,0.0,0.0,0.0
77.454,1.0,1.0799999237060547,-0.07999992370605469,gncbus_cmd,states_vx_gs,-0.25999999046325684,states_theta,-0.021226422861218452,0.3897360130951389,0.22502052526366198,0.5196737278050656,0.5196223071153048,0.5172288276418433,0.5220672072785271,0.5172927082209011,0.5220033266994693,0.0,0.0,0.0,1.0,-0.07999992370605469,0.0,0.0,0.0,0.0,0.0,-0.5104314088821411,-0.2504314184188843,0.0,0.0,0.0,0.0
77.729,1.0,1.0799999237060547,-0.07999992370605469,gncbus_cmd,states_vx_gs,-0.26999998092651367,states_theta,-0.09627150744199753,0.3897419990951672,0.2250234093332242,0.519663182780499,0.5196488148066136,0.5173745128572041,0.5219374847299084,0.5173831260502572,0.5219288715368554,0.0,0.0,0.0,1.0,-0.07999992370605469,0.0,0.0,0.0,0.0,0.0,-0.5040404200553894,-0.23404043912887573,0.0,0.0,0.0,0.0
78.073,1.0,1.0799999237060547,-0.07999992370605469,gncbus_cmd,states_vx_gs,-0.25999999046325684,states_theta,0.15513251721858978,0.39013883800334526,0.22525404718051065,0.5201437556171606,0.5202264790584268,0.5176757523896175,0.5226944822859699,0.5175722191838011,0.5227980154917863,0.0,0.0,0.0,1.0,-0.07999992370605469,0.0,0.0,0.0,0.0,0.0,-0.4976494312286377,-0.23764945566654205,0.0,0.0,0.0,0.0
78.363,1.0,1.0799999237060547,-0.07999992370605469,gncbus_cmd,states_vx_gs,-0.23999999463558197,states_theta,0.05894779413938522,0.3901432520554319,0.22525632086193167,0.5201619310267941,0.5202200744543576,0.5177158917661948,0.5226661137149569,0.5176407411207262,0.5227412643604255,0.0,0.0,0.0,1.0,-0.07999992370605469,0.0,0.0,0.0,0.0,0.0,-0.4912584722042084,-0.2512584626674652,0.0,0.0,0.0,0.0
78.646,1.0,1.0799999237060547,-0.07999992370605469,gncbus_cmd,states_vx_gs,-0.23999999463558197,states_theta,-0.0365658774971962,0.3897747059372835,0.22504298475836926,0.519658227208614,0.5197409886241421,0.5173419330123263,0.5220572828204297,0.5172383559629004,0.5221608598698557,0.0,0.0,0.0,1.0,-0.07999992370605469,0.0,0.0,0.0,0.0,0.0,-0.48486748337745667,-0.2448675036430359,0.0,0.0,0.0,0.0
78.929,1.0,1.0799999237060547,-0.07999992370605469,gncbus_cmd,states_vx_gs,-0.25999999046325684,states_theta,-0.14429408311843872,0.38976883583553357,0.22503871646815013,0.5196144489288479,0.5197691132992417,0.5175477038126305,0.5218358584154591,0.5173611003825099,0.5220224618455797,0.0,0.0,0.0,1.0,-0.07999992370605469,0.0,0.0,0.0,0.0,0.0,-0.47847652435302734,-0.21847651898860931,0.0,0.0,0.0,0.0
79.244,1.0,1.0799999237060547,-0.07999992370605469,gncbus_cmd,states_vx_gs,-0.26999998092651367,states_theta,-0.006052686367183924,0.3897782178308075,0.22504471029788475,0.519613113988977,0.5197954668931763,0.5172022412689525,0.5222063396132008,0.5175120673951503,0.521896513487003,0.0,0.0,0.0,1.0,-0.07999992370605469,0.0,0.0,0.0,0.0,0.0,-0.47208553552627563,-0.20208555459976196,0.0,0.0,0.0,0.0
79.541,1.0,1.0799999237060547,-0.07999992370605469,gncbus_cmd,states_vx_gs,-0.25,states_theta,0.09471459686756134,0.39016013977853525,0.2252660382086238,0.5200369255262756,0.5203901138831517,0.5178347084713435,0.5225923309380838,0.5175900887881653,0.522836950621262,0.0,0.0,0.0,1.0,-0.07999992370605469,0.0,0.0,0.0,0.0,0.0,-0.4656945466995239,-0.21569456160068512,0.0,0.0,0.0,0.0
79.824,1.0,1.0799999237060547,-0.07999992370605469,gncbus_cmd,states_vx_gs,-0.23999999463558197,states_theta,-0.011270496062934399,0.38979260170384017,0.22505337353721397,0.5195299207539201,0.519917017122987,0.5174472195406573,0.5219997183362498,0.5171735933262781,0.522273344550629,0.0,0.0,0.0,1.0,-0.07999992370605469,0.0,0.0,0.0,0.0,0.0,-0.4593035876750946,-0.21930359303951263,0.0,0.0,0.0,0.0
80.12,1.0,1.0799999237060547,-0.07999992370605469,gncbus_cmd,states_vx_gs,-0.25,states_theta,0.02913857065141201,0.389816237668476,0.22506704473990313,0.5195477510610024,0.5199622160549336,0.517339776892218,0.522170190223718,0.5173280218235153,0.5221819452924207,0.0,0.0,0.0,1.0,-0.07999992370605469,0.0,0.0,0.0,0.0,0.0,-0.4529125988483429,-0.2029126137495041,0.0,0.0,0.0,0.0
80.448,1.0,1.0799999237060547,-0.07999992370605469,gncbus_cmd,states_vx_gs,-0.23999999463558197,states_theta,-0.001183495856821537,0.39019932363374565,0.22528819120423016,0.5200579713998027,0.5204735582901857,0.5176855318644361,0.5228459978255523,0.5180238791130424,0.522507650576946,0.0,0.0,0.0,1.0,-0.07999992370605469,0.0,0.0,0.0,0.0,0.0,-0.4465216398239136,-0.2065216302871704,0.0,0.0,0.0,0.0
80.771,1.0,1.0799999237060547,-0.07999992370605469,gncbus_cmd,states_vx_gs,-0.22999998927116394,states_theta,0.06300058960914612,0.38983292257855173,0.22507711046713585,0.5195454398357646,0.5200090203737067,0.517297598279287,0.5222568619301843,0.5172585751642894,0.5222958850451819,0.0,0.0,0.0,1.0,-0.07999992370605469,0.0,0.0,0.0,0.0,0.0,-0.44013065099716187,-0.21013066172599792,0.0,0.0,0.0,0.0
81.093,1.0,1.0799999237060547,-0.07999992370605469,gncbus_cmd,states_vx_gs,-0.23999999463558197,states_theta,-0.06628280133008957,0.390204413485455,0.22529067043572196,0.5202632811795045,0.5202818214483755,0.5178116510628413,0.5227334515650387,0.5180718951640967,0.5224732074637833,0.0,0.0,0.0,1.0,-0.07999992370605469,0.0,0.0,0.0,0.0,0.0,-0.43373969197273254,-0.19373968243598938,0.0,0.0,0.0,0.0
81.377,1.0,1.0799999237060547,-0.07999992370605469,gncbus_cmd,states_vx_gs,-0.23999999463558197,states_theta,0.026473477482795715,0.3902140654746864,0.22529672510970128,0.5202667976242508,0.5203040436415796,0.5180309524688423,0.522539888796988,0.5176998424134772,0.5228709988523531,0.0,0.0,0.0,1.0,-0.07999992370605469,0.0,0.0,0.0,0.0,0.0,-0.42734870314598083,-0.18734870851039886,0.0,0.0,0.0,0.0
81.689,1.0,1.0699999332427979,-0.06999993324279785,gncbus_cmd,states_vx_gs,-0.23999999463558197,states_theta,-0.04172268137335777,0.38985038243310466,0.225086614027958,0.5198043913002957,0.5197966285213167,0.5174872984221311,0.5221137213994812,0.5173192364118432,0.5222817834097692,0.0,0.0,0.0,1.0,-0.06999993324279785,0.0,0.0,0.0,0.0,0.0,-0.4406333863735199,-0.20063340663909912,0.0,0.0,0.0,0.0
81.998,1.0,1.0699999332427979,-0.06999993324279785,gncbus_cmd,states_vx_gs,-0.25999999046325684,states_theta,-0.09187313169240952,0.38987610633257574,0.22510087356374534,0.5198828621471596,0.519786754739709,0.5175707500548723,0.5220988668319964,0.5175296414140758,0.5221399754727929,0.0,0.0,0.0,1.0,-0.06999993324279785,0.0,0.0,0.0,0.0,0.0,-0.43504127860069275,-0.1750413030385971,0.0,0.0,0.0,0.0
82.285,1.0,1.0699999332427979,-0.06999993324279785,gncbus_cmd,states_vx_gs,-0.26999998092651367,states_theta,-0.0790683925151825,0.39023645128873025,0.22530883318157635,0.5204408399096309,0.5201896968603165,0.5179270842435385,0.5227034525264088,0.5181756046317151,0.5224549321382322,0.0,0.0,0.0,1.0,-0.06999993324279785,0.0,0.0,0.0,0.0,0.0,-0.429449200630188,-0.15944920480251312,0.0,0.0,0.0,0.0
82.601,1.0,1.0699999332427979,-0.06999993324279785,gncbus_cmd,states_vx_gs,-0.26999998092651367,states_theta,0.00958269089460373,0.38987283426273944,0.22509935229310712,0.5199872871164047,0.5196736042509004,0.517626082020182,0.5220348093471231,0.5173363330236244,0.5223245583436807,0.0,0.0,0.0,1.0,-0.06999993324279785,0.0,0.0,0.0,0.0,0.0,-0.42385709285736084,-0.15385709702968597,0.0,0.0,0.0,0.0
82.929,1.0,1.0699999332427979,-0.06999993324279785,gncbus_cmd,states_vx_gs,-0.2800000011920929,states_theta,-0.05459150671958923,0.39026045318471125,0.22532266518591615,0.5202910320438483,0.5204035097820483,0.5183711725741896,0.522323369251707,0.5178285612099224,0.5228659806159742,0.0,0.0,0.0,1.0,-0.06999993324279785,0.0,0.0,0.0,0.0,0.0,-0.4182649850845337,-0.1382649838924408,0.0,0.0,0.0,0.0
83.24,1.0,1.0799999237060547,-0.07999992370605469,gncbus_cmd,states_vx_gs,-0.26999998092651367,states_theta,0.06277869641780853,0.38991209061259546,0.22512191087593464,0.5197992866022446,0.5199662883646766,0.5175416104543105,0.5222239645126108,0.5175533235386283,0.522212251428293,0.0,0.0,0.0,1.0,-0.07999992370605469,0.0,0.0,0.0,0.0,0.0,-0.39339664578437805,-0.12339665740728378,0.0,0.0,0.0,0.0
83.551,1.0,1.0799999237060547,-0.07999992370605469,gncbus_cmd,states_vx_gs,-0.26999998092651367,states_theta,0.04520679637789726,0.38992651266469186,0.2251300866402846,0.5198138280335974,0.5199902057389142,0.5175880398249257,0.5222159939475859,0.517603973427867,0.5222000603446446,0.0,0.0,0.0,1.0,-0.07999992370605469,0.0,0.0,0.0,0.0,0.0,-0.38700565695762634,-0.11700568348169327,0.0,0.0,0.0,0.0
83.868,1.0,1.0799999237060547,-0.07999992370605469,gncbus_cmd,states_vx_gs,-0.25,states_theta,0.05525762215256691,0.38993879561259864,0.22513747200358322,0.5198855744892019,0.5199512138110611,0.5174524883045578,0.5223842999957052,0.5176620696723829,0.5221747186278801,0.0,0.0,0.0,1.0,-0.07999992370605469,0.0,0.0,0.0,0.0,0.0,-0.380614697933197,-0.13061468303203583,0.0,0.0,0.0,0.0
84.191,1.0,1.0699999332427979,-0.06999993324279785,gncbus_cmd,states_vx_gs,-0.25,states_theta,0.013936374336481094,0.3899380314184181,0.22513702008089975,0.5199014123300096,0.5199333381191054,0.5175077412585486,0.5223270091905664,0.5176050478967976,0.5222297025523174,0.0,0.0,0.0,1.0,-0.06999993324279785,0.0,0.0,0.0,0.0,0.0,-0.3933801054954529,-0.14338012039661407,0.0,0.0,0.0,0.0
84.496,1.0,1.0699999332427979,-0.06999993324279785,gncbus_cmd,states_vx_gs,-0.23999999463558197,states_theta,0.10647372901439667,0.3899539654196748,0.22514684680848257,0.5198360541053818,0.520041187013751,0.5174726873512947,0.5224045537678381,0.5174501867739283,0.5224270543452045,0.0,0.0,0.0,1.0,-0.06999993324279785,0.0,0.0,0.0,0.0,0.0,-0.38778799772262573,-0.14778801798820496,0.0,0.0,0.0,0.0
84.815,1.0,1.0699999332427979,-0.06999993324279785,gncbus_cmd,states_vx_gs,-0.23999999463558197,states_theta,-0.010074959136545658,0.38996776038568304,0.22515412541441773,0.520008470930172,0.5199055567649828,0.51752453282318,0.5223894948719748,0.517692291835362,0.5222217358597928,0.0,0.0,0.0,1.0,-0.06999993324279785,0.0,0.0,0.0,0.0,0.0,-0.38219591975212097,-0.1421959102153778,0.0,0.0,0.0,0.0
85.138,1.0,1.0699999332427979,-0.06999993324279785,gncbus_cmd,states_vx_gs,-0.25999999046325684,states_theta,-0.16404466331005096,0.38998198732034206,0.22516122212154374,0.5199123908746176,0.5200395753129613,0.5178533390512704,0.5220986271363085,0.5178483361300156,0.5221036300575633,0.0,0.0,0.0,1.0,-0.06999993324279785,0.0,0.0,0.0,0.0,0.0,-0.3766038119792938,-0.11660381406545639,0.0,0.0,0.0,0.0
85.465,1.0,1.0699999332427979,-0.06999993324279785,gncbus_cmd,states_vx_gs,-0.28999999165534973,states_theta,-0.06038953363895416,0.38998327525266774,0.2251620681858178,0.5200088057121407,0.5199465949616399,0.518018324892027,0.5219370757817535,0.5176579927151214,0.5222974079586592,0.0,0.0,0.0,1.0,-0.06999993324279785,0.0,0.0,0.0,0.0,0.0,-0.3710117042064667,-0.08101170510053635,0.0,0.0,0.0,0.0
85.739,1.0,1.0699999332427979,-0.06999993324279785,gncbus_cmd,states_vx_gs,-0.25,states_theta,0.38140374422073364,0.3899983932518898,0.22517376732968863,0.5200269181060455,0.5199687972323273,0.5172685891678453,0.5227271261705274,0.5173289183086879,0.5226667970296849,0.0,0.0,0.0,1.0,-0.06999993324279785,0.0,0.0,0.0,0.0,0.0,-0.3654195964336395,-0.11541958898305893,0.0,0.0,0.0,0.0
86.062,1.0,1.0699999332427979,-0.06999993324279785,gncbus_cmd,states_vx_gs,-0.1899999976158142,states_theta,0.2416640818119049,0.39001394321976257,0.22518282599102293,0.5200033660034337,0.5200338159159331,0.5173064890269597,0.522730692892407,0.5173050050020199,0.5227321769173469,0.0,0.0,0.0,1.0,-0.06999993324279785,0.0,0.0,0.0,0.0,0.0,-0.3598274886608124,-0.16982749104499817,0.0,0.0,0.0,0.0
86.393,1.0,1.0699999332427979,-0.06999993324279785,gncbus_cmd,states_vx_gs,-0.1599999964237213,states_theta,0.06967692077159882,0.390002319614947,0.2251755228169224,0.5200413399475864,0.5199648456922724,0.5173268216636375,0.5226793639762213,0.5174559362418014,0.5225502493980574,0.0,0.0,0.0,1.0,-0.06999993324279785,0.0,0.0,0.0,0.0,0.0,-0.35395577549934387,-0.19395577907562256,0.0,0.0,0.0,0.0
86.613,1.0,1.0699999332427979,-0.06999993324279785,gncbus_cmd,states_vx_gs,-0.17000000178813934,states_theta,-0.11859981715679169,0.3900323335272413,0.22519158262505617,0.5200042875864778,0.5200819351528324,0.5176070966468587,0.5224791260924515,0.5177125313086857,0.5223736914306245,0.0,0.0,0.0,1.0,-0.06999993324279785,0.0,0.0,0.0,0.0,0.0,-0.3511597216129303,-0.19115972518920898,0.0,0.0,0.0,0.0
86.664,1.0,1.0699999332427979,-0.06999993324279785,gncbus_cmd,states_vx_gs,-0.17000000178813934,states_theta,-0.11859981715679169,0.3900323335272413,0.22519158262505617,0.5200042875864778,0.5200819351528324,0.5176070966468587,0.5224791260924515,0.5177125313086857,0.5223736914306245,0.0,0.0,0.0,1.0,-0.06999993324279785,0.0,0.0,0.0,0.0,0.0,-0.3483636677265167,-0.17836366593837738,0.0,0.0,0.0,0.0
86.971,1.0,1.059999942779541,-0.059999942779541016,gncbus_cmd,states_vx_gs,-0.2199999988079071,states_theta,-0.3290518522262573,0.3900220734978581,0.22518414584617094,0.5201438300864911,0.5199150325744639,0.517831340122033,0.522227522538922,0.5180810005727977,0.5219778620881573,0.0,0.0,0.0,1.0,-0.059999942779541016,0.0,0.0,0.0,0.0,0.0,-0.3621276915073395,-0.14212769269943237,0.0,0.0,0.0,0.0
87.24,1.0,1.059999942779541,-0.059999942779541016,gncbus_cmd,states_vx_gs,-0.25999999046325684,states_theta,-0.02182735875248909,0.39003918948131067,0.2251951647646994,0.5198256818676286,0.5202788234158666,0.5181596241056879,0.5219448811778072,0.5173958550449648,0.5227086502385304,0.0,0.0,0.0,1.0,-0.059999942779541016,0.0,0.0,0.0,0.0,0.0,-0.3573344647884369,-0.09733446687459946,0.0,0.0,0.0,0.0
87.568,1.0,1.059999942779541,-0.059999942779541016,gncbus_cmd,states_vx_gs,-0.22999998927116394,states_theta,0.14144454896450043,0.3900294694127409,0.22519074387609378,0.5202398294058442,0.5198387556947982,0.5173014479780345,0.522777137122608,0.5177373032448498,0.5223412818557926,0.0,0.0,0.0,1.0,-0.059999942779541016,0.0,0.0,0.0,0.0,0.0,-0.3525412380695343,-0.12254123389720917,0.0,0.0,0.0,0.0
87.856,1.0,1.059999942779541,-0.059999942779541016,gncbus_cmd,states_vx_gs,-0.22999998927116394,states_theta,-0.08200079202651978,0.39004696336876277,0.2251995189443925,0.5198589463577085,0.5202662892923257,0.5177684985465393,0.5223567371034948,0.5177945742726585,0.5223306613773756,0.0,0.0,0.0,1.0,-0.059999942779541016,0.0,0.0,0.0,0.0,0.0,-0.3477479815483093,-0.11774800717830658,0.0,0.0,0.0,0.0
88.148,1.0,1.059999942779541,-0.059999942779541016,gncbus_cmd,states_vx_gs,-0.26999998092651367,states_theta,-0.17989225685596466,0.3900377832610064,0.22519314377261296,0.5201589914298238,0.51994176393286,0.5179217576241791,0.5221789977385046,0.5180582196562163,0.5220425357064674,0.0,0.0,0.0,1.0,-0.059999942779541016,0.0,0.0,0.0,0.0,0.0,-0.34295475482940674,-0.07295478135347366,0.0,0.0,0.0,0.0
88.448,1.0,1.059999942779541,-0.059999942779541016,gncbus_cmd,states_vx_gs,-0.25999999046325684,states_theta,0.1788640022277832,0.39002860315324994,0.22518983821365715,0.5199114704150721,0.520164804660261,0.5177704943699906,0.5223057807053426,0.5174025506120123,0.5226737244633208,0.0,0.0,0.0,1.0,-0.059999942779541016,0.0,0.0,0.0,0.0,0.0,-0.33816152811050415,-0.07816153764724731,0.0,0.0,0.0,0.0
88.774,1.0,1.059999942779541,-0.059999942779541016,gncbus_cmd,states_vx_gs,-0.2199999988079071,states_theta,0.15677779912948608,0.39001942304549353,0.22518497576936938,0.5201184475731833,0.5199333472147996,0.5173147812802554,0.5227370135077274,0.5176734385593864,0.5223783562285964,0.0,0.0,0.0,1.0,-0.059999942779541016,0.0,0.0,0.0,0.0,0.0,-0.33336830139160156,-0.11336829513311386,0.0,0.0,0.0,0.0
89.072,1.0,1.059999942779541,-0.059999942779541016,gncbus_cmd,states_vx_gs,-0.20999999344348907,states_theta,-0.07087140530347824,0.3900102429377372,0.22517848985044062,0.5199053912476653,0.5201219232529671,0.5176128631521936,0.5224144513484389,0.5177818785126215,0.522245435988011,0.0,0.0,0.0,1.0,-0.059999942779541016,0.0,0.0,0.0,0.0,0.0,-0.328575074672699,-0.1185750737786293,0.0,0.0,0.0,0.0
89.367,1.0,1.059999942779541,-0.059999942779541016,gncbus_cmd,states_vx_gs,-0.25,states_theta,-0.11152385175228119,0.3900010628299808,0.22517237701231266,0.5199843199061425,0.5200185143071396,0.5178758693029754,0.5221269649103067,0.5178164944457276,0.5221863397675545,0.0,0.0,0.0,1.0,-0.059999942779541016,0.0,0.0,0.0,0.0,0.0,-0.323781818151474,-0.07378183305263519,0.0,0.0,0.0,0.0
89.678,1.0,1.059999942779541,-0.059999942779541016,gncbus_cmd,states_vx_gs,-0.23999999463558197,states_theta,0.17075273394584656,0.3899918827222244,0.225168684471668,0.5200607786711268,0.519917575254805,0.5174546535652113,0.5225237003607205,0.5175894244380276,0.5223889294879042,0.0,0.0,0.0,1.0,-0.059999942779541016,0.0,0.0,0.0,0.0,0.0,-0.3189885914325714,-0.07898860424757004,0.0,0.0,0.0,0.0
89.996,1.0,1.059999942779541,-0.059999942779541016,gncbus_cmd,states_vx_gs,-0.2199999988079071,states_theta,0.0010032008867710829,0.389982702614468,0.22516269839574818,0.5198600472946,0.5200938263439814,0.5175879981474929,0.5223658754910885,0.5176897581422819,0.5222641154962995,0.0,0.0,0.0,1.0,-0.059999942779541016,0.0,0.0,0.0,0.0,0.0,-0.3141953647136688,-0.09419536590576172,0.0,0.0,0.0,0.0
90.299,1.0,1.059999942779541,-0.059999942779541016,gncbus_cmd,states_vx_gs,-0.25,states_theta,-0.25180256366729736,0.38997352250671163,0.22515576705697948,0.5201041242870507,0.5198252690641804,0.517730401627508,0.522198991723723,0.5182320974943929,0.5216972958568381,0.0,0.0,0.0,1.0,-0.059999942779541016,0.0,0.0,0.0,0.0,0.0,-0.30940213799476624,-0.05940213426947594,0.0,0.0,0.0,0.0
90.599,1.0,1.059999942779541,-0.059999942779541016,gncbus_cmd,states_vx_gs,-0.25999999046325684,states_theta,0.07224234938621521,0.3899643423989553,0.22515204191036636,0.5197787729946921,0.5201261400691886,0.518122539461609,0.5217823736022716,0.517219078955636,0.5226858341082447,0.0,0.0,0.0,1.0,-0.059999942779541016,0.0,0.0,0.0,0.0,0.0,-0.30460891127586365,-0.044608913362026215,0.0,0.0,0.0,0.0
90.912,1.0,1.059999942779541,-0.059999942779541016,gncbus_cmd,states_vx_gs,-0.20999999344348907,states_theta,0.23880931735038757,0.38995516229119886,0.22514817048910374,0.5201309885396942,0.5197494442368361,0.5172211460656342,0.5226592867108961,0.5174920543180652,0.5223883784584651,0.0,0.0,0.0,1.0,-0.059999942779541016,0.0,0.0,0.0,0.0,0.0,-0.29981568455696106,-0.08981567621231079,0.0,0.0,0.0,0.0
91.226,1.0,1.059999942779541,-0.059999942779541016,gncbus_cmd,states_vx_gs,-0.19999998807907104,states_theta,-0.01663810946047306,0.38994598218344245,0.22514150752954465,0.5197545218373365,0.5201014306518434,0.5176480198854537,0.5222079326037262,0.5175321461323154,0.5223238063568646,0.0,0.0,0.0,1.0,-0.059999942779541016,0.0,0.0,0.0,0.0,0.0,-0.2950224280357361,-0.09502244740724564,0.0,0.0,0.0,0.0
91.52,1.0,1.0499999523162842,-0.04999995231628418,gncbus_cmd,states_vx_gs,-0.22999998927116394,states_theta,-0.28636544942855835,0.3899368020756861,0.2251347051281207,0.520111917613678,0.5197195545881516,0.5177230190376634,0.5221084531641662,0.5180675388222324,0.5217639333795971,0.0,0.0,0.0,1.0,-0.04999995231628418,0.0,0.0,0.0,0.0,0.0,-0.3097051680088043,-0.07970517128705978,0.0,0.0,0.0,0.0
91.833,1.0,1.0499999523162842,-0.04999995231628418,gncbus_cmd,states_vx_gs,-0.25,states_theta,0.08197695761919022,0.38992762196792974,0.2251309570896925,0.5197504955686458,0.5200564963458334,0.517769760503898,0.5220372314105812,0.5173576575962044,0.5224493343182748,0.0,0.0,0.0,1.0,-0.04999995231628418,0.0,0.0,0.0,0.0,0.0,-0.3057107925415039,-0.0557107999920845,0.0,0.0,0.0,0.0
92.14,1.0,1.0499999523162842,-0.04999995231628418,gncbus_cmd,states_vx_gs,-0.22999998927116394,states_theta,0.05334995687007904,0.3899184418601733,0.22512583692260132,0.5200662879818235,0.5197162236453053,0.517194525528455,0.5225879860986739,0.5178717493485042,0.5219107622786247,0.0,0.0,0.0,1.0,-0.04999995231628418,0.0,0.0,0.0,0.0,0.0,-0.3017164468765259,-0.07171645015478134,0.0,0.0,0.0,0.0
92.455,1.0,1.0499999523162842,-0.04999995231628418,gncbus_cmd,states_vx_gs,-0.2199999988079071,states_theta,-0.01150032039731741,0.3899092617524169,0.22512016416378278,0.5197363093010586,0.5200217220387199,0.5176063753945395,0.522151655945239,0.5175285278129875,0.522229503526791,0.0,0.0,0.0,1.0,-0.04999995231628418,0.0,0.0,0.0,0.0,0.0,-0.29772207140922546,-0.07772208005189896,0.0,0.0,0.0,0.0
92.739,1.0,1.0499999523162842,-0.04999995231628418,gncbus_cmd,states_vx_gs,-0.25999999046325684,states_theta,-0.2249571532011032,0.38990008164466056,0.22511324008107592,0.5199906112324199,0.5197429398200083,0.5178793423994784,0.5218542086529497,0.5179122956803689,0.5218212553720593,0.0,0.0,0.0,1.0,-0.04999995231628418,0.0,0.0,0.0,0.0,0.0,-0.29372772574424744,-0.033727727830410004,0.0,0.0,0.0,0.0
93.055,1.0,1.0499999523162842,-0.04999995231628418,gncbus_cmd,states_vx_gs,-0.26999998092651367,states_theta,0.07431335002183914,0.3898909015369042,0.225109215770883,0.5198249441088009,0.5198841266562769,0.5176668053194914,0.5220422654455864,0.5175533198104868,0.522155750954591,0.0,0.0,0.0,1.0,-0.04999995231628418,0.0,0.0,0.0,0.0,0.0,-0.289733350276947,-0.019733376801013947,0.0,0.0,0.0,0.0
93.331,1.0,1.0499999523162842,-0.04999995231628418,gncbus_cmd,states_vx_gs,-0.25999999046325684,states_theta,-0.08638811856508255,0.38992264342668903,0.22512682557741973,0.5198747974379131,0.519918918366591,0.5177331221945763,0.5220605936099277,0.517869298553859,0.5219244172506451,0.0,0.0,0.0,1.0,-0.04999995231628418,0.0,0.0,0.0,0.0,0.0,-0.285739004611969,-0.02573900669813156,0.0,0.0,0.0,0.0
93.651,1.0,1.0499999523162842,-0.04999995231628418,gncbus_cmd,states_vx_gs,-0.26999998092651367,states_theta,0.04496222734451294,0.3902922733809695,0.2253406954210106,0.5203333675560406,0.5204460281265446,0.5182491905189731,0.5225302051636121,0.5181418339470992,0.522637561735486,0.0,0.0,0.0,1.0,-0.04999995231628418,0.0,0.0,0.0,0.0,0.0,-0.2817446291446686,-0.011744655668735504,0.0,0.0,0.0,0.0
93.952,1.0,1.0499999523162842,-0.04999995231628418,gncbus_cmd,states_vx_gs,-0.22999998927116394,states_theta,0.12995225191116333,0.389936816353113,0.22513643881335377,0.5198584828341313,0.5199730274408367,0.5175530989625882,0.5222784113123798,0.5175106414638194,0.5223208688111486,0.0,0.0,0.0,1.0,-0.04999995231628418,0.0,0.0,0.0,0.0,0.0,-0.27775028347969055,-0.047750286757946014,0.0,0.0,0.0,0.0
94.214,1.0,1.0499999523162842,-0.04999995231628418,gncbus_cmd,states_vx_gs,-0.23999999463558197,states_theta,-0.1604727804660797,0.3899564432835686,0.22514611866588552,0.5200649064948814,0.5198189422613017,0.5178223300055814,0.5220615187506016,0.5179702114547068,0.5219136373014762,0.0,0.0,0.0,1.0,-0.04999995231628418,0.0,0.0,0.0,0.0,0.0,-0.27375590801239014,-0.03375592082738876,0.0,0.0,0.0,0.0
94.493,1.0,1.0499999523162842,-0.04999995231628418,gncbus_cmd,states_vx_gs,-0.25999999046325684,states_theta,0.0727977529168129,0.3899922982352224,0.22516765130411878,0.5199595570609339,0.5200199048996592,0.5178582649375231,0.52212119702307,0.5176766219091328,0.5223028400514603,0.0,0.0,0.0,1.0,-0.04999995231628418,0.0,0.0,0.0,0.0,0.0,-0.2697615623474121,-0.009761564433574677,0.0,0.0,0.0,0.0
94.79,1.0,1.0499999523162842,-0.04999995231628418,gncbus_cmd,states_vx_gs,-0.23999999463558197,states_theta,0.032611481845378876,0.3900128702606185,0.2251795750199153,0.5200307612201697,0.520003559474813,0.5176059727400532,0.5224283479549295,0.5179763952862263,0.5220579254087564,0.0,0.0,0.0,1.0,-0.04999995231628418,0.0,0.0,0.0,0.0,0.0,-0.2657671868801117,-0.02576719969511032,0.0,0.0,0.0,0.0
95.079,1.0,1.0499999523162842,-0.04999995231628418,gncbus_cmd,states_vx_gs,-0.25999999046325684,states_theta,-0.18183031678199768,0.3900069301761844,0.22517479019216582,0.5200223793704799,0.519996101099345,0.5179506714951955,0.5220678089746295,0.5181928627459532,0.5218256177238717,0.0,0.0,0.0,1.0,-0.04999995231628418,0.0,0.0,0.0,0.0,0.0,-0.26177284121513367,-0.0017728442326188087,0.0,0.0,0.0,0.0
95.365,1.0,1.0499999523162842,-0.04999995231628418,gncbus_cmd,states_vx_gs,-0.25,states_theta,0.20691245794296265,0.39002844708094875,0.22518929642556687,0.519880549463389,0.520195309419141,0.5179511000109435,0.5221247588715866,0.5174090076337569,0.5226668512487732,0.0,0.0,0.0,1.0,-0.04999995231628418,0.0,0.0,0.0,0.0,0.0,-0.25777846574783325,-0.0077784741297364235,0.0,0.0,0.0,0.0
95.658,1.0,1.0499999523162842,-0.04999995231628418,gncbus_cmd,states_vx_gs,-0.19999998807907104,states_theta,0.13001322746276855,0.39003663345348355,0.22519422692157412,0.5202338934540689,0.5198637957552206,0.5175104812921265,0.522587207917163,0.5177726102429823,0.5223250789663072,0.0,0.0,0.0,1.0,-0.04999995231628418,0.0,0.0,0.0,0.0,0.0,-0.2537841200828552,-0.05378412455320358,0.0,0.0,0.0,0.0
95.979,1.0,1.0499999523162842,-0.04999995231628418,gncbus_cmd,states_vx_gs,-0.20999999344348907,states_theta,-0.1560150384902954,0.390058690465343,0.22520529763701402,0.5198712536574264,0.520285254250155,0.5180939926781084,0.522062515229473,0.5179145727264104,0.522241935181171,0.0,0.0,0.0,1.0,-0.04999995231628418,0.0,0.0,0.0,0.0,0.0,-0.249789759516716,-0.03978975862264633,0.0,0.0,0.0,0.0
96.283,1.0,1.0499999523162842,-0.04999995231628418,gncbus_cmd,states_vx_gs,-0.23999999463558197,states_theta,0.0187522042542696,0.3900541004114648,0.22520308861938418,0.5202781960762201,0.5198660716876861,0.5177324623580728,0.5224118054058333,0.5180872812483388,0.5220569865155673,0.0,0.0,0.0,1.0,-0.04999995231628418,0.0,0.0,0.0,0.0,0.0,-0.24579539895057678,-0.005795398727059364,0.0,0.0,0.0,0.0
96.593,1.0,1.0499999523162842,-0.04999995231628418,gncbus_cmd,states_vx_gs,-0.20999999344348907,states_theta,0.11223015189170837,0.39004951035758656,0.22520136722120807,0.5199597611982423,0.5201722664219885,0.5180772147653628,0.522054812854868,0.5173897212830617,0.5227423063371691,0.0,0.0,0.0,1.0,-0.04999995231628418,0.0,0.0,0.0,0.0,0.0,-0.24180103838443756,-0.03180104121565819,0.0,0.0,0.0,0.0
96.878,1.0,1.0499999523162842,-0.04999995231628418,gncbus_cmd,states_vx_gs,-0.17999999225139618,states_theta,0.08092598617076874,0.39004492030370824,0.22519880147689122,0.5200985798002028,0.5200212076763525,0.5176659389249604,0.5224538485515949,0.5177043844617114,0.5224154030148439,0.0,0.0,0.0,1.0,-0.04999995231628418,0.0,0.0,0.0,0.0,0.0,-0.23780667781829834,-0.05780668184161186,0.0,0.0,0.0,0.0
97.181,1.0,1.0399999618530273,-0.039999961853027344,gncbus_cmd,states_vx_gs,-0.19999998807907104,states_theta,-0.23437079787254333,0.3900403302498301,0.2251944923142379,0.5200314569392073,0.520076090393673,0.5179855560690371,0.5221219912638432,0.5180503206287571,0.5220572267041231,0.0,0.0,0.0,1.0,-0.039999961853027344,0.0,0.0,0.0,0.0,0.0,-0.25272905826568604,-0.05272906646132469,0.0,0.0,0.0,0.0
97.54,1.0,1.0399999618530273,-0.039999961853027344,gncbus_cmd,states_vx_gs,-0.22999998927116394,states_theta,-0.0034672364126890898,0.3900357401959519,0.22519261684614822,0.5200473198439646,0.5200479873452404,0.5181211122808647,0.5219741949083403,0.5176031373682688,0.5224921698209362,0.0,0.0,0.0,1.0,-0.039999961853027344,0.0,0.0,0.0,0.0,0.0,-0.24953356385231018,-0.01953357830643654,0.0,0.0,0.0,0.0
97.827,1.0,1.0399999618530273,-0.039999961853027344,gncbus_cmd,states_vx_gs,-0.19999998807907104,states_theta,0.26254332065582275,0.3900311501420736,0.22519174214315968,0.5200677523456451,0.5200153146998846,0.5174647629353281,0.5226183041102016,0.5175425252661502,0.5225405417793795,0.0,0.0,0.0,1.0,-0.039999961853027344,0.0,0.0,0.0,0.0,0.0,-0.24633808434009552,-0.04633808881044388,0.0,0.0,0.0,0.0
98.123,1.0,1.0399999618530273,-0.039999961853027344,gncbus_cmd,states_vx_gs,-0.17999999225139618,states_theta,-0.06067723035812378,0.39002633058550146,0.22518745582564623,0.519934470709892,0.5201357441847786,0.5176683430810937,0.5224018718135769,0.5178986125912516,0.522171602303419,0.0,0.0,0.0,1.0,-0.039999961853027344,0.0,0.0,0.0,0.0,0.0,-0.24298281967639923,-0.06298281997442245,0.0,0.0,0.0,0.0
98.387,1.0,1.0399999618530273,-0.039999961853027344,gncbus_cmd,states_vx_gs,-0.22999998927116394,states_theta,-0.27995565533638,0.3899942835246656,0.22516724183602918,0.5201260823590892,0.5198586737066857,0.5180196009140927,0.5219651551516822,0.5182084081482976,0.5217763479174773,0.0,0.0,0.0,1.0,-0.039999961853027344,0.0,0.0,0.0,0.0,0.0,-0.23978732526302338,-0.00978733878582716,0.0,0.0,0.0,0.0
98.487,1.0,1.0399999618530273,-0.039999961853027344,gncbus_cmd,states_vx_gs,-0.23999999463558197,states_theta,0.024638330563902855,0.3899781860426707,0.22515924485165034,0.5199943948822435,0.5199474345648784,0.5179979260767914,0.5219439033703305,0.5176182961184553,0.5223235333286665,0.0,0.0,0.0,1.0,-0.039999961853027344,0.0,0.0,0.0,0.0,0.0,-0.23818957805633545,0.0018104111077263951,0.0,0.0,0.0,0.0
98.55,1.0,1.0399999618530273,-0.039999961853027344,gncbus_cmd,states_vx_gs,-0.17999999225139618,states_theta,0.1897730827331543,0.3899727859187007,0.22515779909864697,0.5199669893573133,0.5199604397592219,0.5175190198022671,0.5224084093142681,0.5174214530279301,0.5225059760886052,0.0,0.0,0.0,1.0,-0.039999961853027344,0.0,0.0,0.0,0.0,0.0,-0.2349940985441208,-0.05499410256743431,0.0,0.0,0.0,0.0
98.612,1.0,1.0399999618530273,-0.039999961853027344,gncbus_cmd,states_vx_gs,-0.1899999976158142,states_theta,-0.207112118601799,0.3899673857947307,0.22515243377607247,0.5199094351110866,0.520003593674862,0.5179638888700069,0.5219491399159417,0.5178545335527323,0.5220584952332163,0.0,0.0,0.0,1.0,-0.039999961853027344,0.0,0.0,0.0,0.0,0.0,-0.23179860413074493,-0.041798610240221024,0.0,0.0,0.0,0.0
98.673,1.0,1.0299999713897705,-0.029999971389770508,gncbus_cmd,states_vx_gs,-0.22999998927116394,states_theta,0.075499027967453,0.38993452868156214,0.22513467217217303,0.52007355681437,0.5197518530031291,0.5173256277755857,0.5224997820419134,0.5179510549120644,0.5218743549054347,0.0,0.0,0.0,1.0,-0.029999971389770508,0.0,0.0,0.0,0.0,0.0,-0.2475198656320572,-0.01751987263560295,0.0,0.0,0.0,0.0
98.728,1.0,1.0299999713897705,-0.029999971389770508,gncbus_cmd,states_vx_gs,-0.19999998807907104,states_theta,0.0642988309264183,0.389928588597128,0.22513150365398,0.5197343689794098,0.5200752006129314,0.5177117265444717,0.5220978430478695,0.5174151535990472,0.5223944159932941,0.0,0.0,0.0,1.0,-0.029999971389770508,0.0,0.0,0.0,0.0,0.0,-0.2451232522726059,-0.045123256742954254,0.0,0.0,0.0,0.0
98.787,1.0,1.0299999713897705,-0.029999971389770508,gncbus_cmd,states_vx_gs,-0.22999998927116394,states_theta,-0.23680943250656128,0.38989559644135174,0.2251105529077892,0.5200382109477844,0.5196833795624869,0.5177686940393877,0.5219528964708835,0.5180716822065097,0.5216499083037616,0.0,0.0,0.0,1.0,-0.029999971389770508,0.0,0.0,0.0,0.0,0.0,-0.2427266240119934,-0.012726640328764915,0.0,0.0,0.0,0.0
98.85,1.0,1.0299999713897705,-0.029999971389770508,gncbus_cmd,states_vx_gs,-0.23999999463558197,states_theta,0.05329753831028938,0.3898891163954057,0.22510814344399405,0.5196761032966494,0.5200282070910992,0.5179810111210812,0.5217232992666674,0.5173074823252,0.5223968280625486,0.0,0.0,0.0,1.0,-0.029999971389770508,0.0,0.0,0.0,0.0,0.0,-0.24033001065254211,-0.0003300183161627501,0.0,0.0,0.0,0.0
98.908,1.0,1.0299999713897705,-0.029999971389770508,gncbus_cmd,states_vx_gs,-0.22999998927116394,states_theta,0.012457610107958317,0.38988263634945974,0.22510418176118038,0.5199471026148359,0.51973992765039,0.5175251214818403,0.5221619087833856,0.5177880986487055,0.5218989316165205,0.0,0.0,0.0,1.0,-0.029999971389770508,0.0,0.0,0.0,0.0,0.0,-0.23793339729309082,-0.007933407090604305,0.0,0.0,0.0,0.0
98.966,1.0,1.0299999713897705,-0.029999971389770508,gncbus_cmd,states_vx_gs,-0.23999999463558197,states_theta,-0.06401076912879944,0.3899032353729314,0.2251155318156591,0.5200183457069402,0.5197236152875436,0.5178879448704957,0.5218540161239881,0.5177078255297515,0.5220341354647323,0.0,0.0,0.0,1.0,-0.029999971389770508,0.0,0.0,0.0,0.0,0.0,-0.23553678393363953,0.004463213961571455,0.0,0.0,0.0,0.0
99.028,1.0,1.0299999713897705,-0.029999971389770508,gncbus_cmd,states_vx_gs,-0.23999999463558197,states_theta,0.008421135134994984,0.38989729528849726,0.2251124070827242,0.5197590200320346,0.5199671007372915,0.5177214013780053,0.5220047193913208,0.5177218928909971,0.5220042278783289,0.0,0.0,0.0,1.0,-0.029999971389770508,0.0,0.0,0.0,0.0,0.0,-0.23314017057418823,0.006859830114990473,0.0,0.0,0.0,0.0
99.087,1.0,1.0299999713897705,-0.029999971389770508,gncbus_cmd,states_vx_gs,-0.25,states_theta,-0.05560256913304329,0.38991856921105283,0.2251242227995448,0.5197543403579157,0.5200285108715585,0.5178407391424138,0.5219421120870604,0.5178621803786587,0.5219206708508155,0.0,0.0,0.0,1.0,-0.029999971389770508,0.0,0.0,0.0,0.0,0.0,-0.23074354231357574,0.019256452098488808,0.0,0.0,0.0,0.0
99.144,1.0,1.0299999713897705,-0.029999971389770508,gncbus_cmd,states_vx_gs,-0.23999999463558197,states_theta,0.17183944582939148,0.3899308940890208,0.22513257525186267,0.5200316611312581,0.519784056439464,0.5175512638040881,0.522264453766634,0.5176716407432945,0.5221440768274276,0.0,0.0,0.0,1.0,-0.029999971389770508,0.0,0.0,0.0,0.0,0.0,-0.22834692895412445,0.011653062887489796,0.0,0.0,0.0,0.0
99.198,1.0,1.0299999713897705,-0.029999971389770508,gncbus_cmd,states_vx_gs,-0.20999999344348907,states_theta,-0.0032886373810470104,0.3899532210812869,0.22514494919614142,0.5197821157622566,0.5200931404545084,0.5178195123582013,0.5220557438585637,0.5176728646586087,0.5222023915581563,0.0,0.0,0.0,1.0,-0.029999971389770508,0.0,0.0,0.0,0.0,0.0,-0.22595031559467316,-0.015950322151184082,0.0,0.0,0.0,0.0
99.253,1.0,1.0299999713897705,-0.029999971389770508,gncbus_cmd,states_vx_gs,-0.23999999463558197,states_theta,-0.1468742936849594,0.3899759800422037,0.22515709212273577,0.5202191336676576,0.5197168131115522,0.5177352570899242,0.5222006896892856,0.5182957246238035,0.5216402221554063,0.0,0.0,0.0,1.0,-0.029999971389770508,0.0,0.0,0.0,0.0,0.0,-0.22355370223522186,0.016446294263005257,0.0,0.0,0.0,0.0
99.308,1.0,1.0299999713897705,-0.029999971389770508,gncbus_cmd,states_vx_gs,-0.2199999988079071,states_theta,0.06889423727989197,0.3899991979874488,0.2251718920838052,0.5197415857618746,0.5202562755379889,0.5182167110737268,0.5217811502261367,0.5173314416453343,0.5226664196545292,0.0,0.0,0.0,1.0,-0.029999971389770508,0.0,0.0,0.0,0.0,0.0,-0.22115708887577057,-0.0011570845963433385,0.0,0.0,0.0,0.0
99.36,1.0,1.0299999713897705,-0.029999971389770508,gncbus_cmd,states_vx_gs,-0.19999998807907104,states_theta,0.08014044165611267,0.3900094499052882,0.2251779644212252,0.5202404188417245,0.5197847809057108,0.5174693574206406,0.5225558423267946,0.5179841424988658,0.5220410572485694,0.0,0.0,0.0,1.0,-0.029999971389770508,0.0,0.0,0.0,0.0,0.0,-0.21876046061515808,-0.018760479986667633,0.0,0.0,0.0,0.0
99.415,1.0,1.0299999713897705,-0.029999971389770508,gncbus_cmd,states_vx_gs,-0.20999999344348907,states_theta,-0.017925679683685303,0.3900336399001031,0.22519127255332042,0.5198535857507631,0.5202361206495119,0.518182867191305,0.52190683920897,0.5176063379476393,0.5224833684526357,0.0,0.0,0.0,1.0,-0.029999971389770508,0.0,0.0,0.0,0.0,0.0,-0.2163638472557068,-0.006363857537508011,0.0,0.0,0.0,0.0
99.475,1.0,1.0299999713897705,-0.029999971389770508,gncbus_cmd,states_vx_gs,-0.19999998807907104,states_theta,0.026408573612570763,0.39005818086956023,0.22520584509194008,0.5203212225648345,0.5198339264206594,0.5174847744336287,0.5226703745518652,0.5182347342728609,0.521920414712633,0.0,0.0,0.0,1.0,-0.029999971389770508,0.0,0.0,0.0,0.0,0.0,-0.2139672338962555,-0.013967246748507023,0.0,0.0,0.0,0.0
99.528,1.0,1.0299999713897705,-0.029999971389770508,gncbus_cmd,states_vx_gs,-0.19999998807907104,states_theta,-0.0032249181531369686,0.3900560207685632,0.2252043294656014,0.5198990986999625,0.520250290016206,0.5181666557241676,0.5219827329920009,0.5176205527159253,0.5225288360002432,0.0,0.0,0.0,1.0,-0.029999971389770508,0.0,0.0,0.0,0.0,0.0,-0.2115706205368042,-0.011570630595088005,0.0,0.0,0.0,0.0
99.588,1.0,1.0199999809265137,-0.019999980926513672,gncbus_cmd,states_vx_gs,-0.20999999344348907,states_theta,-0.07130204886198044,0.3900813446725646,0.22521865813866368,0.5202533347523584,0.5199635843744805,0.5177840560945673,0.5224328630322715,0.5181733180337588,0.5220436010930801,0.0,0.0,0.0,1.0,-0.019999980926513672,0.0,0.0,0.0,0.0,0.0,-0.22829046845436096,-0.01829046942293644,0.0,0.0,0.0,0.0
99.642,1.0,1.0199999809265137,-0.019999980926513672,gncbus_cmd,states_vx_gs,-0.22999998927116394,states_theta,-0.12728027999401093,0.3900933785517917,0.22522505994202074,0.5199749475899754,0.5202740618814691,0.5182922813634344,0.5219567281080101,0.517932297221302,0.5223167122501425,0.0,0.0,0.0,1.0,-0.019999980926513672,0.0,0.0,0.0,0.0,0.0,-0.22669272124767303,0.0033072701189666986,0.0,0.0,0.0,0.0
99.7,1.0,1.0199999809265137,-0.019999980926513672,gncbus_cmd,states_vx_gs,-0.22999998927116394,states_theta,0.0643996000289917,0.3900784960505244,0.22521737515185222,0.5202238690542988,0.5199854537470996,0.5177126627449077,0.5224966600564908,0.518083695029235,0.5221256277721634,0.0,0.0,0.0,1.0,-0.019999980926513672,0.0,0.0,0.0,0.0,0.0,-0.2250949740409851,0.004905014298856258,0.0,0.0,0.0,0.0
99.755,1.0,1.0199999809265137,-0.019999980926513672,gncbus_cmd,states_vx_gs,-0.2199999988079071,states_theta,-0.043549589812755585,0.39007687591034074,0.2252160542922134,0.5199577130676886,0.5202472893598867,0.5182450982148195,0.5219599042127558,0.5177245382879838,0.5224804641395915,0.0,0.0,0.0,1.0,-0.019999980926513672,0.0,0.0,0.0,0.0,0.0,-0.22349722683429718,-0.003497231984511018,0.0,0.0,0.0,0.0
99.807,1.0,1.0199999809265137,-0.019999980926513672,gncbus_cmd,states_vx_gs,-0.2199999988079071,states_theta,-0.0491025373339653,0.39004806874360604,0.22519931115821248,0.5201210515442374,0.5200071317720454,0.517820582055525,0.5223076012607578,0.5180923334041417,0.522035849912141,0.0,0.0,0.0,1.0,-0.019999980926513672,0.0,0.0,0.0,0.0,0.0,-0.22189947962760925,-0.0018994879210367799,0.0,0.0,0.0,0.0
99.862,1.0,1.0199999809265137,-0.019999980926513672,gncbus_cmd,states_vx_gs,-0.22999998927116394,states_theta,-0.027535390108823776,0.390045908642609,0.2251979974718636,0.5201102015928147,0.5200122214541427,0.517944011199616,0.5221784118473415,0.5179828646659358,0.5221395583810217,0.0,0.0,0.0,1.0,-0.019999980926513672,0.0,0.0,0.0,0.0,0.0,-0.22030174732208252,0.009698246605694294,0.0,0.0,0.0,0.0
99.916,1.0,1.0199999809265137,-0.019999980926513672,gncbus_cmd,states_vx_gs,-0.2199999988079071,states_theta,0.09341229498386383,0.39001642651602186,0.22518169805050514,0.5199829259913867,0.5200608780513382,0.5178490099164897,0.5221947941262352,0.5177020675512886,0.5223417364914363,0.0,0.0,0.0,1.0,-0.019999980926513672,0.0,0.0,0.0,0.0,0.0,-0.2187040001153946,0.0012960004387423396,0.0,0.0,0.0,0.0
99.97,1.0,1.0199999809265137,-0.019999980926513672,gncbus_cmd,states_vx_gs,-0.2199999988079071,states_theta,-0.002690647728741169,0.38998659341479225,0.22516396022628446,0.5199889461648358,0.5199753029412769,0.5178556908285984,0.5221085582775143,0.5178241669112918,0.5221400821948209,0.0,0.0,0.0,1.0,-0.019999980926513672,0.0,0.0,0.0,0.0,0.0,-0.21710625290870667,0.0028937445022165775,0.0,0.0,0.0,0.0
100.029,1.0,1.0199999809265137,-0.019999980926513672,gncbus_cmd,states_vx_gs,-0.20999999344348907,states_theta,0.049232956022024155,0.3899833533918193,0.2251624699763898,0.5199475985035026,0.5200080105413488,0.5178233999050792,0.5221322091397722,0.5176927936156048,0.5222628154292466,0.0,0.0,0.0,1.0,-0.019999980926513672,0.0,0.0,0.0,0.0,0.0,-0.21550850570201874,-0.005508516915142536,0.0,0.0,0.0,0.0
100.083,1.0,1.0199999809265137,-0.019999980926513672,gncbus_cmd,states_vx_gs,-0.20999999344348907,states_theta,0.01935083419084549,0.38993912377146445,0.22513677592653228,0.520010249387915,0.519827414002657,0.5176213973947901,0.5222162659957819,0.5178472928297411,0.5219903705608309,0.0,0.0,0.0,1.0,-0.019999980926513672,0.0,0.0,0.0,0.0,0.0,-0.213910773396492,-0.003910772502422333,0.0,0.0,0.0,0.0
100.138,1.0,1.0199999809265137,-0.019999980926513672,gncbus_cmd,states_vx_gs,-0.20999999344348907,states_theta,0.02665376290678978,0.3899080486400926,0.22511886381571497,0.5197730983735637,0.5199816980000166,0.5178404523139617,0.5219143440596186,0.5175387026798726,0.5222160936937077,0.0,0.0,0.0,1.0,-0.019999980926513672,0.0,0.0,0.0,0.0,0.0,-0.21231302618980408,-0.002313028322532773,0.0,0.0,0.0,0.0
100.195,1.0,1.0199999809265137,-0.019999980926513672,gncbus_cmd,states_vx_gs,-0.2199999988079071,states_theta,0.006753185298293829,0.38990345858621434,0.22511596159353217,0.519972572327512,0.5197699839023929,0.5175779640052433,0.5221645922246617,0.5178949810867649,0.5218475751431401,0.0,0.0,0.0,1.0,-0.019999980926513672,0.0,0.0,0.0,0.0,0.0,-0.21071527898311615,0.00928472075611353,0.0,0.0,0.0,0.0
100.248,1.0,1.0199999809265137,-0.019999980926513672,gncbus_cmd,states_vx_gs,-0.20999999344348907,states_theta,0.05025774613022804,0.3898716005116632,0.22509790862097054,0.519735469163436,0.5199221322009991,0.517817312916148,0.5218402884482872,0.5174345253640406,0.5222230760003946,0.0,0.0,0.0,1.0,-0.019999980926513672,0.0,0.0,0.0,0.0,0.0,-0.20911753177642822,0.0008824598626233637,0.0,0.0,0.0,0.0
100.3,1.0,1.0199999809265137,-0.019999980926513672,gncbus_cmd,states_vx_gs,-0.2199999988079071,states_theta,-0.10201184451580048,0.38985284348407506,0.2250861493036387,0.5196868010413433,0.5199207815828568,0.5178152319896439,0.5217923506345563,0.5177680404352905,0.5218395421889097,0.0,0.0,0.0,1.0,-0.019999980926513672,0.0,0.0,0.0,0.0,0.0,-0.2075197845697403,0.012480209581553936,0.0,0.0,0.0,0.0
100.357,1.0,1.0199999809265137,-0.019999980926513672,gncbus_cmd,states_vx_gs,-0.2199999988079071,states_theta,0.08801472187042236,0.3898474433601051,0.22508393719824138,0.5196466226635026,0.5199465596301109,0.5175461166379078,0.5220470656557057,0.5176388407660055,0.521954341527608,0.0,0.0,0.0,1.0,-0.019999980926513672,0.0,0.0,0.0,0.0,0.0,-0.20592205226421356,0.014077953062951565,0.0,0.0,0.0,0.0
100.418,1.0,1.0199999809265137,-0.019999980926513672,gncbus_cmd,states_vx_gs,-0.19999998807907104,states_theta,-0.0326167531311512,0.3898557242708873,0.22508837529475273,0.519614500678967,0.5200007640433992,0.5177727768909279,0.5218424878314383,0.5175832585189144,0.5220320062034518,0.0,0.0,0.0,1.0,-0.019999980926513672,0.0,0.0,0.0,0.0,0.0,-0.20432430505752563,-0.004324313253164291,0.0,0.0,0.0,0.0
100.472,1.0,1.0099999904632568,-0.009999990463256836,gncbus_cmd,states_vx_gs,-0.22999998927116394,states_theta,-0.030844679102301598,0.38987791627295015,0.22510102814923813,0.5199019138930473,0.5197725295014864,0.5175875420483315,0.5220869013462023,0.5178946833261365,0.5217797600683972,0.0,0.0,0.0,1.0,-0.009999990463256836,0.0,0.0,0.0,0.0,0.0,-0.22176313400268555,0.008236858993768692,0.0,0.0,0.0,0.0
100.524,1.0,1.0099999904632568,-0.009999990463256836,gncbus_cmd,states_vx_gs,-0.22999998927116394,states_theta,-0.10350782424211502,0.3902766382372326,0.2253308649325273,0.5204701110750481,0.5202675908909055,0.5184755339125215,0.5222621680534321,0.5182254758827487,0.5225122260832049,0.0,0.0,0.0,1.0,-0.009999990463256836,0.0,0.0,0.0,0.0,0.0,-0.220964252948761,0.009035730734467506,0.0,0.0,0.0,0.0
100.576,1.0,1.0099999904632568,-0.009999990463256836,gncbus_cmd,states_vx_gs,-0.23999999463558197,states_theta,-0.008314304053783417,0.39030237319022565,0.2253460177789269,0.5205185022521219,0.5202878262551465,0.5183430785306856,0.5224632499765828,0.5182904325277108,0.5225158959795576,0.0,0.0,0.0,1.0,-0.009999990463256836,0.0,0.0,0.0,0.0,0.0,-0.22016538679599762,0.01983460783958435,0.0,0.0,0.0,0.0
100.631,1.0,1.0099999904632568,-0.009999990463256836,gncbus_cmd,states_vx_gs,-0.2199999988079071,states_theta,0.1329176425933838,0.38994094609463603,0.22513831900633538,0.5199032589372625,0.5199392639817668,0.5177196767694855,0.5221228461495439,0.5175516934575867,0.5222908294614427,0.0,0.0,0.0,1.0,-0.009999990463256836,0.0,0.0,0.0,0.0,0.0,-0.21936652064323425,0.0006334842764772475,0.0,0.0,0.0,0.0
100.681,1.0,1.0099999904632568,-0.009999990463256836,gncbus_cmd,states_vx_gs,-0.25,states_theta,-0.13625173270702362,0.39034107208186253,0.22536765019164864,0.520461193738974,0.5204483318126594,0.5183473106408432,0.5225622149107902,0.5187228436844569,0.5221866818671765,0.0,0.0,0.0,1.0,-0.009999990463256836,0.0,0.0,0.0,0.0,0.0,-0.21896708011627197,0.011032911017537117,0.0,0.0,0.0,0.0
100.733,1.0,1.0099999904632568,-0.009999990463256836,gncbus_cmd,states_vx_gs,-0.2199999988079071,states_theta,0.2258695513010025,0.38999262304993465,0.22516862438410426,0.5198511173551049,0.5201292107780541,0.517634180914655,0.522346147218504,0.5175944192913629,0.5223859088417961,0.0,0.0,0.0,1.0,-0.009999990463256836,0.0,0.0,0.0,0.0,0.0,-0.2181282639503479,0.02187173254787922,0.0,0.0,0.0,0.0
100.787,1.0,1.0099999904632568,-0.009999990463256836,gncbus_cmd,states_vx_gs,-0.2199999988079071,states_theta,-0.20540136098861694,0.3900177579676512,0.2251809861760519,0.5201595430530606,0.5198878115273426,0.5180653985528342,0.521981956027569,0.5181305003464024,0.5219168542340008,0.0,0.0,0.0,1.0,-0.009999990463256836,0.0,0.0,0.0,0.0,0.0,-0.21732939779758453,-0.007329397369176149,0.0,0.0,0.0,0.0
100.842,1.0,1.0099999904632568,-0.009999990463256836,gncbus_cmd,states_vx_gs,-0.23999999463558197,states_theta,0.24524353444576263,0.3900298863850952,0.22518997428369178,0.5198342864658585,0.5202454105610621,0.5178900616922739,0.5221896353346467,0.5175196895898937,0.5225600074370269,0.0,0.0,0.0,1.0,-0.009999990463256836,0.0,0.0,0.0,0.0,0.0,-0.21653051674365997,0.03346947953104973,0.0,0.0,0.0,0.0
100.895,1.0,1.0099999904632568,-0.009999990463256836,gncbus_cmd,states_vx_gs,-0.19999998807907104,states_theta,-0.012980175204575062,0.39005583137723,0.22520412706263246,0.520231188958658,0.5199176947139553,0.5177642679501281,0.5223846157224853,0.5180335786329037,0.5221153050397097,0.0,0.0,0.0,1.0,-0.009999990463256836,0.0,0.0,0.0,0.0,0.0,-0.2157316505908966,-0.005731652956455946,0.0,0.0,0.0,0.0
100.952,1.0,1.0099999904632568,-0.009999990463256836,gncbus_cmd,states_vx_gs,-0.22999998927116394,states_theta,-0.020931541919708252,0.39005502130713826,0.22520329237144465,0.5198885358762554,0.5202581876094466,0.5182784429943614,0.5218682804913406,0.5177049255591817,0.5224417979265203,0.0,0.0,0.0,1.0,-0.009999990463256836,0.0,0.0,0.0,0.0,0.0,-0.21493276953697205,0.005067224148660898,0.0,0.0,0.0,0.0
101.008,1.0,1.0099999904632568,-0.009999990463256836,gncbus_cmd,states_vx_gs,-0.2199999988079071,states_theta,0.006897890940308571,0.3900816412503989,0.225218949524905,0.5203182198707084,0.5198994901303553,0.5176418487269921,0.5225758612740715,0.5183046489892621,0.5219130610118016,0.0,0.0,0.0,1.0,-0.009999990463256836,0.0,0.0,0.0,0.0,0.0,-0.21413390338420868,0.005866096355021,0.0,0.0,0.0,0.0
101.067,1.0,1.0099999904632568,-0.009999990463256836,gncbus_cmd,states_vx_gs,-0.20999999344348907,states_theta,0.004832195118069649,0.3900813711412078,0.2252189714176736,0.5198589977998451,0.5203579919100423,0.5183506229885898,0.5218663667212976,0.517548579181674,0.5226684105282134,0.0,0.0,0.0,1.0,-0.009999990463256836,0.0,0.0,0.0,0.0,0.0,-0.2133350372314453,-0.003335037035867572,0.0,0.0,0.0,0.0
101.122,1.0,1.0099999904632568,-0.009999990463256836,gncbus_cmd,states_vx_gs,-0.20999999344348907,states_theta,-0.03585182875394821,0.39008110103201665,0.2252184838728434,0.5202606446025172,0.519955624816194,0.5177269038406732,0.5224893655780379,0.5182602848568189,0.5219559845618923,0.0,0.0,0.0,1.0,-0.009999990463256836,0.0,0.0,0.0,0.0,0.0,-0.21253615617752075,-0.00253616482950747,0.0,0.0,0.0,0.0
101.178,1.0,1.0099999904632568,-0.009999990463256836,gncbus_cmd,states_vx_gs,-0.2199999988079071,states_theta,-0.07464270293712616,0.3900808309228256,0.22521795630241898,0.5199973003721569,0.520218248755378,0.5182479799917735,0.5219675691357614,0.5178789963109743,0.5223365528165606,0.0,0.0,0.0,1.0,-0.009999990463256836,0.0,0.0,0.0,0.0,0.0,-0.21173729002475739,-0.001737292855978012,0.0,0.0,0.0,0.0
101.232,1.0,1.0099999904632568,-0.009999990463256836,gncbus_cmd,states_vx_gs,-0.2199999988079071,states_theta,-0.014469817280769348,0.3900805608136345,0.225218048331634,0.520193592734671,0.5200212361016876,0.5178952697832163,0.5223195590531423,0.518111351523404,0.5221034773129546,0.0,0.0,0.0,1.0,-0.009999990463256836,0.0,0.0,0.0,0.0,0.0,-0.21093840897083282,0.009061584249138832,0.0,0.0,0.0,0.0
101.284,1.0,1.0099999904632568,-0.009999990463256836,gncbus_cmd,states_vx_gs,-0.2199999988079071,states_theta,-0.03352547809481621,0.39005313067154124,0.22520211102919302,0.5199798393467328,0.520161842444044,0.5181111325533428,0.5220305492374339,0.517867468996483,0.5222742127942938,0.0,0.0,0.0,1.0,-0.009999990463256836,0.0,0.0,0.0,0.0,0.0,-0.21013954281806946,0.009860456921160221,0.0,0.0,0.0,0.0
101.339,1.0,1.0099999904632568,-0.009999990463256836,gncbus_cmd,states_vx_gs,-0.2199999988079071,states_theta,0.021712159737944603,0.39005232060144945,0.22520188446150732,0.5201192668677744,0.5200202547360907,0.5178652647985599,0.5222742568053053,0.5180019766878544,0.5221375449160107,0.0,0.0,0.0,1.0,-0.009999990463256836,0.0,0.0,0.0,0.0,0.0,-0.2093406766653061,0.010659328661859035,0.0,0.0,0.0,0.0
101.392,1.0,1.0099999904632568,-0.009999990463256836,gncbus_cmd,states_vx_gs,-0.2199999988079071,states_theta,0.0009784512221813202,0.3900242155082303,0.2251855383056026,0.5200601973711341,0.5200043773174801,0.5178886585390508,0.5221759161495634,0.5179524281909595,0.5221121464976546,0.0,0.0,0.0,1.0,-0.009999990463256836,0.0,0.0,0.0,0.0,0.0,-0.20854179561138153,0.01145820040255785,0.0,0.0,0.0,0.0
101.448,1.0,1.0099999904632568,-0.009999990463256836,gncbus_cmd,states_vx_gs,-0.2199999988079071,states_theta,0.03178451955318451,0.39000930599604394,0.22517708984298668,0.5199270167219447,0.5200977992675058,0.518003657917303,0.5220211580721476,0.5177394274121988,0.5222853885772517,0.0,0.0,0.0,1.0,-0.009999990463256836,0.0,0.0,0.0,0.0,0.0,-0.20774292945861816,0.012257073074579239,0.0,0.0,0.0,0.0
101.504,1.0,1.0099999904632568,-0.009999990463256836,gncbus_cmd,states_vx_gs,-0.2199999988079071,states_theta,0.05644338205456734,0.3899803638391059,0.2251605010273642,0.5200599813708066,0.5198876555334758,0.5176419958825921,0.5223056410216903,0.5179785329449752,0.5219691039593072,0.0,0.0,0.0,1.0,-0.009999990463256836,0.0,0.0,0.0,0.0,0.0,-0.2069440484046936,0.013055944815278053,0.0,0.0,0.0,0.0
101.562,1.0,1.0099999904632568,-0.009999990463256836,gncbus_cmd,states_vx_gs,-0.20999999344348907,states_theta,0.027415551245212555,0.38995101670276566,0.2251435075027528,0.5198811000961364,0.5199882777779053,0.5178572616910098,0.522012116183032,0.5176948816206217,0.52217449625342,0.0,0.0,0.0,1.0,-0.009999990463256836,0.0,0.0,0.0,0.0,0.0,-0.20614518225193024,0.003854811657220125,0.0,0.0,0.0,0.0
101.622,1.0,1.0099999904632568,-0.009999990463256836,gncbus_cmd,states_vx_gs,-0.2199999988079071,states_theta,-0.0044199153780937195,0.38992123759763503,0.22512605461489635,0.5200146554568659,0.5197753114701609,0.5176081758837783,0.5221817910432485,0.517991648839937,0.5217983180870898,0.0,0.0,0.0,1.0,-0.009999990463256836,0.0,0.0,0.0,0.0,0.0,-0.20534631609916687,0.004653683863580227,0.0,0.0,0.0,0.0
101.674,1.0,1.0099999904632568,-0.009999990463256836,gncbus_cmd,states_vx_gs,-0.2199999988079071,states_theta,0.037978775799274445,0.38991799757466195,0.22512443259394546,0.5197354012661093,0.5200459255996559,0.5180414150955008,0.5217399117702644,0.5174677862759178,0.5223135405898474,0.0,0.0,0.0,1.0,-0.009999990463256836,0.0,0.0,0.0,0.0,0.0,-0.2045474350452423,0.015452560968697071,0.0,0.0,0.0,0.0
101.728,1.0,1.0099999904632568,-0.009999990463256836,gncbus_cmd,states_vx_gs,-0.20999999344348907,states_theta,0.05483163520693779,0.38987399745705337,0.22509922946582112,0.5199722993775039,0.5196916938413051,0.5173677752644211,0.5222962179543879,0.5179394246737054,0.5217245685451036,0.0,0.0,0.0,1.0,-0.009999990463256836,0.0,0.0,0.0,0.0,0.0,-0.20374856889247894,0.01625143364071846,0.0,0.0,0.0,0.0
101.778,1.0,1.0099999904632568,-0.009999990463256836,gncbus_cmd,states_vx_gs,-0.20999999344348907,states_theta,-0.0540069118142128,0.3898699473639886,0.22509632642958644,0.5197415696249859,0.5199116233456504,0.5179580183706121,0.5216951746000242,0.517555459213012,0.5220977337576242,0.0,0.0,0.0,1.0,-0.009999990463256836,0.0,0.0,0.0,0.0,0.0,-0.20294968783855438,0.007050300016999245,0.0,0.0,0.0,0.0
101.835,1.0,1.0099999904632568,-0.009999990463256836,gncbus_cmd,states_vx_gs,-0.2199999988079071,states_theta,-0.04771960526704788,0.3898658972709238,0.22509343711552224,0.5197309523351871,0.5199114403872763,0.5178434804094899,0.5217989123129735,0.5178859739627372,0.5217564187597262,0.0,0.0,0.0,1.0,-0.009999990463256836,0.0,0.0,0.0,0.0,0.0,-0.20215082168579102,0.01784917712211609,0.0,0.0,0.0,0.0
101.898,1.0,1.0099999904632568,-0.009999990463256836,gncbus_cmd,states_vx_gs,-0.22999998927116394,states_theta,-0.02748190611600876,0.38986184717785893,0.22509182008125003,0.5196875448397139,0.5199440476345766,0.517634960840461,0.5219966316338295,0.5177686359434778,0.5218629565308127,0.0,0.0,0.0,1.0,-0.009999990463256836,0.0,0.0,0.0,0.0,0.0,-0.20135195553302765,0.02864803932607174,0.0,0.0,0.0,0.0
101.951,1.0,1.0099999904632568,-0.009999990463256836,gncbus_cmd,states_vx_gs,-0.2199999988079071,states_theta,0.11164083331823349,0.389857797084794,0.22508940371824726,0.5196086459370711,0.5200121462890462,0.5178807851128394,0.521740007113278,0.5175612556577919,0.5220595365683255,0.0,0.0,0.0,1.0,-0.009999990463256836,0.0,0.0,0.0,0.0,0.0,-0.2005530744791031,0.019446920603513718,0.0,0.0,0.0,0.0
102.01,1.0,1.0099999904632568,-0.009999990463256836,gncbus_cmd,states_vx_gs,-0.2199999988079071,states_theta,-0.10608375072479248,0.38988101503003914,0.22510232871913352,0.5198688032113069,0.5198139035354642,0.5176917238168879,0.5219909829298832,0.518014495256629,0.5216682114901421,0.0,0.0,0.0,1.0,-0.009999990463256836,0.0,0.0,0.0,0.0,0.0,-0.19975420832633972,0.02024579420685768,0.0,0.0,0.0,0.0
102.069,1.0,1.0099999904632568,-0.009999990463256836,gncbus_cmd,states_vx_gs,-0.2199999988079071,states_theta,0.13569888472557068,0.3898946284424071,0.22511164843890671,0.519889593766846,0.5198294154129062,0.5175882706671845,0.5221307385125676,0.5175294276997228,0.5221895814800294,0.0,0.0,0.0,1.0,-0.009999990463256836,0.0,0.0,0.0,0.0,0.0,-0.19895532727241516,0.021044665947556496,0.0,0.0,0.0,0.0
102.126,1.0,1.0,0.0,gncbus_cmd,states_vx_gs,-0.19999998807907104,states_theta,-0.03892811760306358,0.3902945954268838,0.22534028531700057,0.5204583764741199,0.5203272113309035,0.5186228786648344,0.522162709140189,0.5185638907557975,0.5222216970492259,0.0,0.0,0.0,1.0,0.0,0.0,0.0,0.0,0.0,0.0,-0.21735280752182007,-0.017352821305394173,0.0,0.0,0.0,0.0
102.18,1.0,1.0,0.0,gncbus_cmd,states_vx_gs,-0.25,states_theta,-0.16090093553066254,0.3899469503910491,0.2251404922189371,0.5199280417205265,0.5199304926556043,0.5179359703961317,0.5219225639799991,0.5178897687939692,0.5219687655821617,0.0,0.0,0.0,1.0,0.0,0.0,0.0,0.0,0.0,0.0,-0.21735280752182007,0.03264719247817993,0.0,0.0,0.0,0.0
102.246,1.0,1.0099999904632568,-0.009999990463256836,gncbus_cmd,states_vx_gs,-0.23999999463558197,states_theta,0.166269451379776,0.389988350784062,0.2251656774572728,0.5199717099625119,0.5199972254616536,0.5176349912063277,0.5223339442178377,0.5177654543737481,0.5222034810504174,0.0,0.0,0.0,1.0,-0.009999990463256836,0.0,0.0,0.0,0.0,0.0,-0.1981964111328125,0.04180359095335007,0.0,0.0,0.0,0.0
102.302,1.0,1.0,0.0,gncbus_cmd,states_vx_gs,-0.2199999988079071,states_theta,-0.20885489881038666,0.38998700075306963,0.22516312638440664,0.5198732907187917,0.5200920446227273,0.5180535195786966,0.5219118157628224,0.5181066749674874,0.5218586603740316,0.0,0.0,0.0,1.0,0.0,0.0,0.0,0.0,0.0,0.0,-0.21643410623073578,0.0035658925771713257,0.0,0.0,0.0,0.0
102.358,1.0,1.0,0.0,gncbus_cmd,states_vx_gs,-0.22999998927116394,states_theta,0.1049707680940628,0.3900131887276096,0.2251782514564397,0.5202258768473355,0.5198092930929569,0.5178811150895462,0.5221540548507462,0.5183880702497088,0.5216470996905835,0.0,0.0,0.0,0.9399999976158142,-0.05999999865889549,0.0,0.0,0.0,0.0,0.0,-0.1023343876004219,0.12766560912132263,0.0,0.0,0.0,0.0
102.413,0.48000001907348633,1.0,-0.5199999809265137,datactrl_ref_vx_fallback,states_vx_gs,-0.1899999976158142,states_theta,0.40132519602775574,0.3900398086708703,0.22519125334858334,0.5198493208547718,0.5202568356008824,0.5190392118851195,0.5210669445705347,0.5186639180079122,0.521442238447742,0.0,0.0,0.0,0.7400000095367432,-0.25999999046325684,0.0,0.0,0.0,0.0,0.0,0.2883833646774292,0.4783833622932434,0.0,0.0,0.0,0.0
102.468,0.08000001311302185,1.0,-0.9199999868869781,datactrl_ref_vx_fallback,states_vx_gs,0.6950785517692566,datactrl_est_theta_fallback,1.4453600645065308,0.39005316557017083,0.22520040227733093,0.5203091168053334,0.5198326580484555,0.5182300816992684,0.5219116931545205,0.5186068304693261,0.5215349443844628,0.0,0.0,0.0,0.5400000214576721,-0.46000000834465027,0.0,0.0,0.0,0.0,0.0,0.6950785517692566,0.6950785517692566,0.0,0.0,0.0,0.0
102.526,-0.3099999725818634,0.9899999499320984,-1.2999999225139618,datactrl_ref_vx_fallback,states_vx_gs,0.3799999952316284,states_theta,1.9972243309020996,0.39008051458938814,0.225218160102129,0.5199488626285411,0.5202658429431606,0.5182154698074032,0.5219992357642985,0.517755672027408,0.5224590335442937,0.0,0.0,0.0,0.3400000035762787,-0.6499999761581421,0.0,0.0,0.0,0.0,0.0,1.0984349250793457,0.7184349298477173,0.0,0.0,0.0,0.0
102.583,-0.6799999922513962,0.9599999785423279,-1.639999970793724,datactrl_ref_vx_fallback,states_vx_gs,0.7400000095367432,states_theta,1.854327917098999,0.3900810545502888,0.22521745485253272,0.5202991365505649,0.5199170089168719,0.5179062681286231,0.5223098773388137,0.5185531000580199,0.5216630454094169,0.0,0.0,0.0,0.14000000059604645,-0.8199999928474426,0.0,0.0,0.0,0.0,0.0,1.4782577753067017,0.7382577061653137,0.0,0.0,0.0,0.0
102.638,-0.9199999570846558,0.9199999570846558,-1.8399999141693115,datactrl_ref_vx_fallback,states_vx_gs,1.1200000047683716,states_theta,1.8595678806304932,0.3900816215092346,0.22521910195243428,0.5198884910931101,0.5203291662648488,0.5183073232552846,0.5219103341026743,0.5175817128851212,0.5226359444728377,0.0,0.0,0.0,0.0,-0.9199999570846558,0.0,0.0,0.0,0.0,0.0,1.7420799732208252,0.6220799684524536,0.0,0.0,0.0,0.0
102.694,-0.8700000047683716,0.8700000047683716,-1.7400000095367432,datactrl_ref_vx_fallback,states_vx_gs,1.4299999475479126,states_theta,1.1411869525909424,0.39010967247762285,0.2252359899144452,0.5203532729411103,0.5199391869992173,0.5175515292118127,0.5227409307285149,0.5181081283995508,0.5221843315407768,0.0,0.0,0.0,0.0,-0.8700000047683716,0.0,0.0,0.0,0.0,0.0,1.7191152572631836,0.2891152501106262,0.0,0.0,0.0,0.0
102.747,-0.8100000023841858,0.8100000023841858,-1.6200000047683716,datactrl_ref_vx_fallback,states_vx_gs,1.5099999904632568,states_theta,0.13604342937469482,0.3901107523994243,0.22523351817939874,0.5199625175379254,0.5203328221938726,0.5187972638175404,0.5214980759142576,0.518278413916341,0.522016925815457,0.0,0.0,0.0,0.0,-0.8100000023841858,0.0,0.0,0.0,0.0,0.0,1.672959566116333,0.16295962035655975,0.0,0.0,0.0,0.0
102.804,-0.7599999904632568,0.7599999904632568,-1.5199999809265137,datactrl_ref_vx_fallback,states_vx_gs,1.4900000095367432,states_theta,-0.27245691418647766,0.39011183232122565,0.22523281136370046,0.5202534952474094,0.520044724275859,0.5190241366093133,0.521274082913955,0.5188535369552685,0.5214446825679999,0.0,0.0,0.0,0.0,-0.7599999904632568,0.0,0.0,0.0,0.0,0.0,1.6411272287368774,0.15112723410129547,0.0,0.0,0.0,0.0
102.858,-0.699999988079071,0.699999988079071,-1.399999976158142,datactrl_ref_vx_fallback,states_vx_gs,1.409999966621399,states_theta,-0.4910973906517029,0.3900857522101249,0.22521704203995083,0.5202678320165057,0.5199608405438274,0.5191452563599152,0.521083416200418,0.5192721243422679,0.5209565482180653,0.0,0.0,0.0,0.0,-0.699999988079071,0.0,0.0,0.0,0.0,0.0,1.5859044790267944,0.17590448260307312,0.0,0.0,0.0,0.0
102.912,-0.6499999761581421,0.6499999761581421,-1.2999999523162842,datactrl_ref_vx_fallback,states_vx_gs,1.3399999141693115,states_theta,-0.20993876457214355,0.3900862921710256,0.22521784830941663,0.5199420665151888,0.5202880459408794,0.5192287801457697,0.5210013323102985,0.5187930912358408,0.5214370212202274,0.0,0.0,0.0,0.0,-0.6499999761581421,0.0,0.0,0.0,0.0,0.0,1.545643925666809,0.20564405620098114,0.0,0.0,0.0,0.0
102.97,-0.6100000143051147,0.6100000143051147,-1.2200000286102295,datactrl_ref_vx_fallback,states_vx_gs,1.2699999809265137,states_theta,-0.4943729341030121,0.39005964510097907,0.22520161177791184,0.5201857849919954,0.5199732686106154,0.5191700400891559,0.520989013513455,0.5196439993139106,0.5205150542887003,0.0,0.0,0.0,0.0,-0.6100000143051147,0.0,0.0,0.0,0.0,0.0,1.5203059911727905,0.25030601024627686,0.0,0.0,0.0,0.0
103.023,-0.5600000023841858,0.5600000023841858,-1.1200000047683716,datactrl_ref_vx_fallback,states_vx_gs,1.1699999570846558,states_theta,-0.40631401538848877,0.3900459640706492,0.22519357402855728,0.5199776165809803,0.5201449542740842,0.5195990796248718,0.5205234912301927,0.5193149276457242,0.5208076432093404,0.0,0.0,0.0,0.0,-0.5600000023841858,0.0,0.0,0.0,0.0,0.0,1.4723763465881348,0.302376389503479,0.0,0.0,0.0,0.0
103.086,-0.5199999809265137,0.5199999809265137,-1.0399999618530273,datactrl_ref_vx_fallback,states_vx_gs,1.1100000143051147,states_theta,-0.21915563941001892,0.390018533928556,0.22517787957666677,0.5200553834641731,0.5199940403453095,0.5194611739887958,0.5205882498206869,0.5191788140733087,0.5208706097361739,0.0,0.0,0.0,0.0,-0.5199999809265137,0.0,0.0,0.0,0.0,0.0,1.4399282932281494,0.3299282491207123,0.0,0.0,0.0,0.0
103.137,-0.5,0.5,-1.0,datactrl_ref_vx_fallback,states_vx_gs,1.090000033378601,states_theta,-0.1767171323299408,0.3900177238584641,0.2251772335698556,0.5200204687480577,0.5200267948745133,0.5194979018263787,0.5205493617961924,0.5193629964946237,0.5206842671279474,0.0,0.0,0.0,0.0,-0.5,0.0,0.0,0.0,0.0,0.0,1.4225059747695923,0.3325059413909912,0.0,0.0,0.0,0.0
103.19,-0.4599999785423279,0.4599999785423279,-0.9199999570846558,datactrl_ref_vx_fallback,states_vx_gs,1.0299999713897705,states_theta,-0.44784557819366455,0.38999007779638106,0.22516114676831878,0.5202738160800665,0.5196997247102829,0.5193603476107156,0.5206131931796338,0.5198762449937373,0.5200972957966121,0.0,0.0,0.0,0.0,-0.4599999785423279,0.0,0.0,0.0,0.0,0.0,1.3854244947433472,0.3554244935512543,0.0,0.0,0.0,0.0
103.244,-0.429999977350235,0.429999977350235,-0.85999995470047,datactrl_ref_vx_fallback,states_vx_gs,0.9300000071525574,states_theta,-0.5176674127578735,0.3899751547787351,0.22515228428881437,0.5197889183541147,0.5201448277225122,0.5198620675506455,0.5200716785259815,0.5199607990569529,0.519972947019674,0.0,0.0,0.0,0.0,-0.429999977350235,0.0,0.0,0.0,0.0,0.0,1.3642640113830566,0.4342639446258545,0.0,0.0,0.0,0.0
103.297,-0.3999999761581421,0.3999999761581421,-0.7999999523162842,datactrl_ref_vx_fallback,states_vx_gs,0.8499999642372131,states_theta,-0.390783429145813,0.3899462126217971,0.22513558528917058,0.5201192432555676,0.5197373237358912,0.519809301256974,0.5200472657344848,0.5200352763689653,0.5198212906224935,0.0,0.0,0.0,0.0,-0.3999999761581421,0.0,0.0,0.0,0.0,0.0,1.3404672145843506,0.49046722054481506,0.0,0.0,0.0,0.0
103.354,-0.3700000047683716,0.3700000047683716,-0.7400000095367432,datactrl_ref_vx_fallback,states_vx_gs,0.7999999523162842,states_theta,-0.14156533777713776,0.38994405252080006,0.22513443639388023,0.5197373971464577,0.5201134095756758,0.5200231547289274,0.5198276519932061,0.5194848301346855,0.520365976587448,0.0,0.0,0.0,0.0,-0.3700000047683716,0.0,0.0,0.0,0.0,0.0,1.3142338991165161,0.5142339468002319,0.0,0.0,0.0,0.0
103.414,-0.3400000035762787,0.3400000035762787,-0.6800000071525574,datactrl_ref_vx_fallback,states_vx_gs,0.7999999523162842,states_theta,-0.0803012102842331,0.38991435440981764,0.22511744067077105,0.5201197916838568,0.5196518200756569,0.5192178762782235,0.5205537354812902,0.5199813615713277,0.519790250188186,0.0,0.0,0.0,0.0,-0.3400000035762787,0.0,0.0,0.0,0.0,0.0,1.2858436107635498,0.48584362864494324,0.0,0.0,0.0,0.0
103.47,-0.3100000023841858,0.3100000023841858,-0.6200000047683716,datactrl_ref_vx_fallback,states_vx_gs,0.7799999713897705,states_theta,-0.12651734054088593,0.38991165434783265,0.22511571240244602,0.519698327476202,0.5200660841180184,0.51980709387608,0.5199573177181404,0.5194753883270914,0.520289023267129,0.0,0.0,0.0,0.0,-0.3100000023841858,0.0,0.0,0.0,0.0,0.0,1.2551765441894531,0.47517654299736023,0.0,0.0,0.0,0.0
103.524,-0.2800000011920929,0.2800000011920929,-0.5600000023841858,datactrl_ref_vx_fallback,states_vx_gs,0.7299999594688416,states_theta,-0.2705609202384949,0.3898816862563561,0.22509835622524274,0.5199873067194748,0.5196971899641415,0.5196184221387251,0.5200660745448912,0.5200330108208692,0.5196514858627471,0.0,0.0,0.0,0.0,-0.2800000011920929,0.0,0.0,0.0,0.0,0.0,1.222312569618225,0.49231255054473877,0.0,0.0,0.0,0.0
103.58,-0.25999999046325684,0.25999999046325684,-0.5199999809265137,datactrl_ref_vx_fallback,states_vx_gs,0.699999988079071,states_theta,-0.0994458943605423,0.3898784462333831,0.22509650478096688,0.5198975951598573,0.5197782614624976,0.5199402395707996,0.5197356170515554,0.5194800909709937,0.5201957656513613,0.0,0.0,0.0,0.0,-0.25999999046325684,0.0,0.0,0.0,0.0,0.0,1.2062482833862305,0.5062482953071594,0.0,0.0,0.0,0.0
103.641,-0.23999999463558197,0.23999999463558197,-0.47999998927116394,datactrl_ref_vx_fallback,states_vx_gs,0.6699999570846558,states_theta,-0.20857036113739014,0.38990269022429686,0.2251104448602102,0.5199556608828994,0.5197848463818923,0.5198006620854115,0.5199398451793801,0.5200344011466717,0.51970610611812,0.0,0.0,0.0,0.0,-0.23999999463558197,0.0,0.0,0.0,0.0,0.0,1.1883466243743896,0.5183466672897339,0.0,0.0,0.0,0.0
103.695,-0.20999999344348907,0.20999999344348907,-0.41999998688697815,datactrl_ref_vx_fallback,states_vx_gs,0.6499999761581421,states_theta,-0.029600780457258224,0.38989999016231186,0.2251089186439919,0.5199645474828047,0.5197687596166936,0.5198377239974139,0.5198955831020844,0.5195708709147515,0.5201624361847468,0.0,0.0,0.0,0.0,-0.20999999344348907,0.0,0.0,0.0,0.0,0.0,1.1496508121490479,0.49965089559555054,0.0,0.0,0.0,0.0
103.75,-0.1899999976158142,0.1899999976158142,-0.3799999952316284,datactrl_ref_vx_fallback,states_vx_gs,0.6200000047683716,states_theta,-0.1994962841272354,0.39030205110386423,0.22534102294036434,0.5205278759586563,0.5202775936516483,0.5203506226451812,0.5204548469651235,0.5205852416336659,0.5202202279766387,0.0,0.0,0.0,0.0,-0.1899999976158142,0.0,0.0,0.0,0.0,0.0,1.1279546022415161,0.5079545974731445,0.0,0.0,0.0,0.0
103.813,-0.17000000178813934,0.17000000178813934,-0.3400000035762787,datactrl_ref_vx_fallback,states_vx_gs,0.5999999642372131,states_theta,-0.06291495263576508,0.38996786351926566,0.22514809079397063,0.5199274548739574,0.5199868478440843,0.520078519980109,0.5198357827379327,0.5197202897624131,0.5201940129556286,0.0,0.0,0.0,0.0,-0.17000000178813934,0.0,0.0,0.0,0.0,0.0,1.1045806407928467,0.5045806765556335,0.0,0.0,0.0,0.0
103.87,-0.14999999105930328,0.14999999105930328,-0.29999998211860657,datactrl_ref_vx_fallback,states_vx_gs,0.5899999737739563,states_theta,-0.03067120350897312,0.3899936195250851,0.22516294587130636,0.5199654443958027,0.5200175410044242,0.5197823644639642,0.5202006209362627,0.5199909664017807,0.5199920189984463,0.0,0.0,0.0,0.0,-0.14999999105930328,0.0,0.0,0.0,0.0,0.0,1.0796489715576172,0.4896489381790161,0.0,0.0,0.0,0.0
103.928,-0.12999999523162842,0.12999999523162842,-0.25999999046325684,datactrl_ref_vx_fallback,states_vx_gs,0.5600000023841858,states_theta,-0.11488033086061478,0.38999280945499337,0.22516248674508588,0.5199162928251249,0.5200645323881907,0.5201735021280486,0.519807323085267,0.5198460821616119,0.5201347430517037,0.0,0.0,0.0,0.0,-0.12999999523162842,0.0,0.0,0.0,0.0,0.0,1.0530794858932495,0.4930795133113861,0.0,0.0,0.0,0.0
103.981,-0.10999999940395355,0.10999999940395355,-0.2199999988079071,datactrl_ref_vx_fallback,states_vx_gs,0.5399999618530273,states_theta,-0.08197344839572906,0.39001953739043416,0.22517798651056264,0.5201790742096318,0.5198730254981926,0.5197333588435544,0.52031874086427,0.5202979989775953,0.5197541007302291,0.0,0.0,0.0,0.0,-0.10999999940395355,0.0,0.0,0.0,0.0,0.0,1.0249522924423218,0.48495233058929443,0.0,0.0,0.0,0.0
104.039,-0.08999999612569809,0.08999999612569809,-0.17999999225139618,datactrl_ref_vx_fallback,states_vx_gs,0.5399999618530273,states_theta,-0.017321426421403885,0.3900600813721782,0.22520143720175312,0.519886333438194,0.5202738835542811,0.5202523350763157,0.5199078819161593,0.519641223455563,0.5205189935369121,0.0,0.0,0.0,0.0,-0.08999999612569809,0.0,0.0,0.0,0.0,0.0,0.9953471422195435,0.4553472101688385,0.0,0.0,0.0,0.0
104.098,-0.07999999821186066,0.07999999821186066,-0.1599999964237213,datactrl_ref_vx_fallback,states_vx_gs,0.5099999904632568,states_theta,-0.1293765902519226,0.39006062133307884,0.22520174659447906,0.5202688700307456,0.5198927868574645,0.5198124040353794,0.5203492528528307,0.5204657689386051,0.5196958879496051,0.0,0.0,0.0,0.0,-0.07999999821186066,0.0,0.0,0.0,0.0,0.0,0.9832208156585693,0.4732208251953125,0.0,0.0,0.0,0.0
104.156,-0.05999999865889549,0.05999999865889549,-0.11999999731779099,datactrl_ref_vx_fallback,states_vx_gs,0.5,states_theta,-0.08033517003059387,0.39008856430928684,0.2252178794084429,0.5199351688697958,0.5203010026216358,0.5204199978256601,0.5198161736657716,0.5197563239244916,0.5204798475669401,0.0,0.0,0.0,0.0,-0.05999999865889549,0.0,0.0,0.0,0.0,0.0,0.9506998062133789,0.4506998062133789,0.0,0.0,0.0,0.0
104.214,-0.03999999910593033,0.03999999910593033,-0.07999999821186066,datactrl_ref_vx_fallback,states_vx_gs,0.47999998927116394,states_theta,-0.10734659433364868,0.3900896442310884,0.2252185004841683,0.5202908903613997,0.5199481609215025,0.5197714404638053,0.520467610819097,0.5204366960609864,0.5198023552219159,0.0,0.0,0.0,0.0,-0.03999999910593033,0.0,0.0,0.0,0.0,0.0,0.9168606400489807,0.4368606507778168,0.0,0.0,0.0,0.0
104.277,-0.029999999329447746,0.029999999329447746,-0.05999999865889549,datactrl_ref_vx_fallback,states_vx_gs,0.4599999785423279,states_theta,-0.08416393399238586,0.3901179921735627,0.2252348928518652,0.5199673976162653,0.5203472481799019,0.5205141703724372,0.51980047542373,0.5197912670877638,0.5205233787084034,0.0,0.0,0.0,0.0,-0.029999999329447746,0.0,0.0,0.0,0.0,0.0,0.9006600379943848,0.4406600892543793,0.0,0.0,0.0,0.0
104.332,-0.009999999776482582,0.009999999776482582,-0.019999999552965164,datactrl_ref_vx_fallback,states_vx_gs,0.4399999976158142,states_theta,-0.09158869087696075,0.3901196120561774,0.22523586072667492,0.5203122246524124,0.5200067408307273,0.5197332214648783,0.5205857440182614,0.5205483090445778,0.5197706564385619,0.0,0.0,0.0,0.0,-0.009999999776482582,0.0,0.0,0.0,0.0,0.0,0.8642245531082153,0.4242245554924011,0.0,0.0,0.0,0.0
104.388,0.0,0.0,0.0,datactrl_ref_vx_fallback,datactrl_est_vx_fallback,0.41999998688697815,states_theta,-0.11912306398153305,0.39009412590636305,0.22522102061995497,0.5201916254416705,0.5200593769752977,0.5204101810867527,0.5198408213302155,0.5199149167911714,0.5203360856257968,0.0,0.0,0.0,0.0,0.0,0.0,0.0,0.0,0.0,0.0,0.845587432384491,0.42558741569519043,0.0,0.0,0.0,0.0
104.444,0.009999999776482582,-0.009999999776482582,0.019999999552965164,datactrl_ref_vx_fallback,states_vx_gs,0.3999999761581421,states_theta,-0.027015574276447296,0.3900952058281646,0.22522159891983048,0.5201904248694268,0.520063457339012,0.5199493430151413,0.5203045391932976,0.5202399097997245,0.5200139724087144,0.0,0.0,0.0,0.0,0.009999999776482582,0.0,0.0,0.0,0.0,0.0,0.8264709115028381,0.42647096514701843,0.0,0.0,0.0,0.0
104.498,0.019999999552965164,-0.019999999552965164,0.03999999910593033,datactrl_ref_vx_fallback,states_vx_gs,0.38999998569488525,states_theta,-0.146407812833786,0.3900690987190188,0.2252065354227009,0.5201338344868737,0.5200504287638431,0.5203346784046278,0.519849584846089,0.5200229481062425,0.5201613151444743,0.0,0.0,0.0,0.0,0.019999999552965164,0.0,0.0,0.0,0.0,0.0,0.8063158988952637,0.4163159132003784,0.0,0.0,0.0,0.0
104.554,0.03999999910593033,-0.03999999910593033,0.07999999821186066,datactrl_ref_vx_fallback,states_vx_gs,0.35999998450279236,states_theta,-0.1249336525797844,0.390038326649003,0.22518881626647447,0.5201652293050828,0.5199369750922586,0.5198556126711235,0.5202465917262179,0.5203656992313944,0.5197365051659469,0.0,0.0,0.0,0.0,0.03999999910593033,0.0,0.0,0.0,0.0,0.0,0.7662854790687561,0.40628549456596375,0.0,0.0,0.0,0.0
104.613,0.04999999701976776,-0.04999999701976776,0.09999999403953552,datactrl_ref_vx_fallback,states_vx_gs,0.3400000035762787,states_theta,-0.01738993264734745,0.3900246051022945,0.22518084965917956,0.519935345086856,0.5201302685192626,0.5201674718787751,0.5198981417273435,0.519826734363478,0.5202388792426406,0.0,0.0,0.0,0.0,0.04999999701976776,0.0,0.0,0.0,0.0,0.0,0.7440534234046936,0.4040534198284149,0.0,0.0,0.0,0.0
104.669,0.05999999865889549,-0.05999999865889549,0.11999999731779099,datactrl_ref_vx_fallback,states_vx_gs,0.32999998331069946,states_theta,-0.08368848264217377,0.38962008398423686,0.22494727715749777,0.5195880652890096,0.519398825335622,0.5194105917681491,0.5195762988564825,0.5196134152823635,0.5193734753422681,0.0,0.0,0.0,0.0,0.05999999865889549,0.0,0.0,0.0,0.0,0.0,0.7208626866340637,0.39086270332336426,0.0,0.0,0.0,0.0
104.724,0.07000000029802322,-0.07000000029802322,0.14000000059604645,datactrl_ref_vx_fallback,states_vx_gs,0.3199999928474426,states_theta,-0.05981063097715378,0.3899669248865458,0.22514758010765065,0.5200997964023367,0.5198120032951187,0.519701537748592,0.5202102619488634,0.5201622161171741,0.5197495835802813,0.0,0.0,0.0,0.0,0.07000000029802322,0.0,0.0,0.0,0.0,0.0,0.6967931985855103,0.3767932057380676,0.0,0.0,0.0,0.0
104.792,0.07999999821186066,-0.07999999821186066,0.1599999964237213,datactrl_ref_vx_fallback,states_vx_gs,0.29999998211860657,states_theta,-0.11558589339256287,0.3899519343416021,0.2251389495094746,0.519784116606823,0.5200877083041159,0.5202463153808072,0.5196255095301316,0.5197075327559872,0.5201642921549516,0.0,0.0,0.0,0.0,0.07999999821186066,0.0,0.0,0.0,0.0,0.0,0.6750803589820862,0.3650803864002228,0.0,0.0,0.0,0.0
104.933,0.08999999612569809,-0.08999999612569809,0.17999999225139618,datactrl_ref_vx_fallback,states_vx_gs,0.28999999165534973,states_theta,-0.07281534373760223,0.38992388324887783,0.2251227006242473,0.5197799676970584,0.5200170542999493,0.5200442475752204,0.5197527744217872,0.5196991372095806,0.520097884787427,0.0,0.0,0.0,0.0,0.08999999612569809,0.0,0.0,0.0,0.0,0.0,0.6497327089309692,0.3597326874732971,0.0,0.0,0.0,0.0
105.182,0.09999999403953552,-0.09999999403953552,0.19999998807907104,datactrl_ref_vx_fallback,states_vx_gs,0.26999998092651367,states_theta,-0.13946685194969177,0.38989461710668577,0.22510576620410103,0.519893488646886,0.519825490304276,0.5198733349278097,0.5198456440233523,0.5199367380521502,0.5197822408990118,0.0,0.0,0.0,0.0,0.09999999403953552,0.0,0.0,0.0,0.0,0.0,0.623586118221283,0.3535861670970917,0.0,0.0,0.0,0.0
105.461,0.09999999403953552,-0.09999999403953552,0.19999998807907104,datactrl_ref_vx_fallback,states_vx_gs,0.25,states_theta,-0.09682805836200714,0.38989178204160146,0.22510413185347752,0.5197917977637022,0.5199196210139018,0.5198805689647974,0.5198308498128066,0.5199397881372096,0.5197716306403943,0.0,0.0,0.0,0.0,0.09999999403953552,0.0,0.0,0.0,0.0,0.0,0.6151979565620422,0.36519795656204224,0.0,0.0,0.0,0.0
105.768,0.10999999940395355,-0.10999999940395355,0.2199999988079071,datactrl_ref_vx_fallback,states_vx_gs,0.22999998927116394,states_theta,-0.09877670556306839,0.38986178695207563,0.22508683996055903,0.5199354920952615,0.5196959397769403,0.5197332946736063,0.5198981371985955,0.5200082088128791,0.5196232230593226,0.0,0.0,0.0,0.0,0.10999999940395355,0.0,0.0,0.0,0.0,0.0,0.5875734686851501,0.3575735092163086,0.0,0.0,0.0,0.0
106.055,0.11999999731779099,-0.11999999731779099,0.23999999463558197,datactrl_ref_vx_fallback,states_vx_gs,0.20999999344348907,states_theta,-0.08739626407623291,0.38985854692910266,0.2250849928282289,0.5199294210244851,0.5196933707864553,0.5200553872241666,0.5195674045867739,0.5196469594496346,0.5199758323613058,0.0,0.0,0.0,0.0,0.11999999731779099,0.0,0.0,0.0,0.0,0.0,0.5593498349189758,0.34934985637664795,0.0,0.0,0.0,0.0
106.32,0.12999999523162842,-0.12999999523162842,0.25999999046325684,datactrl_ref_vx_fallback,states_vx_gs,0.19999998807907104,states_theta,-0.02414626069366932,0.3898553069061297,0.22508310166609144,0.5200198181596546,0.5195943335900245,0.5196728719069275,0.5199412798427516,0.5198230559897528,0.5197910957599263,0.0,0.0,0.0,0.0,0.12999999523162842,0.0,0.0,0.0,0.0,0.0,0.5306069850921631,0.33060696721076965,0.0,0.0,0.0,0.0
106.64,0.12999999523162842,-0.12999999523162842,0.25999999046325684,datactrl_ref_vx_fallback,states_vx_gs,0.1899999976158142,states_theta,-0.0795537456870079,0.38987928091654933,0.22509691352870922,0.51981459698067,0.5198634854634616,0.5199225960923085,0.5197554863518231,0.5197865277947445,0.5198915546493871,0.0,0.0,0.0,0.0,0.12999999523162842,0.0,0.0,0.0,0.0,0.0,0.5202216506004333,0.33022162318229675,0.0,0.0,0.0,0.0
106.951,0.14000000059604645,-0.14000000059604645,0.2800000011920929,datactrl_ref_vx_fallback,states_vx_gs,0.17000000178813934,states_theta,-0.14214174449443817,0.39028165988930574,0.22532924119768663,0.5202742326947702,0.5204768603433785,0.5205340288103567,0.520217064227792,0.5203578687273375,0.5203932243108113,0.0,0.0,0.0,0.0,0.14000000059604645,0.0,0.0,0.0,0.0,0.0,0.4902404546737671,0.32024046778678894,0.0,0.0,0.0,0.0
107.25,0.14999999105930328,-0.14999999105930328,0.29999998211860657,datactrl_ref_vx_fallback,states_vx_gs,0.14000000059604645,states_theta,-0.10963304340839386,0.38993382883106226,0.22512840620996907,0.5199172503684967,0.5199062931810027,0.5199254319142542,0.5198981116352451,0.5200071210246003,0.519816422524899,0.0,0.0,0.0,0.0,0.14999999105930328,0.0,0.0,0.0,0.0,0.0,0.46009954810142517,0.3200995624065399,0.0,0.0,0.0,0.0
107.538,0.14999999105930328,-0.14999999105930328,0.29999998211860657,datactrl_ref_vx_fallback,states_vx_gs,0.14000000059604645,states_theta,-0.030264055356383324,0.3903220012073587,0.22535263319647755,0.5202790429936994,0.5205796268925904,0.5206947762996068,0.520163893586683,0.5200763398472341,0.5207823300390557,0.0,0.0,0.0,0.0,0.14999999105930328,0.0,0.0,0.0,0.0,0.0,0.4481164515018463,0.30811646580696106,0.0,0.0,0.0,0.0
107.812,0.14999999105930328,-0.14999999105930328,0.29999998211860657,datactrl_ref_vx_fallback,states_vx_gs,0.10999999940395355,states_theta,-0.16709138453006744,0.3899748482059064,0.22515211845164998,0.5198972073628867,0.520035721186197,0.5201703358656475,0.5197625926834362,0.5200946644754936,0.5198382640735901,0.0,0.0,0.0,0.0,0.14999999105930328,0.0,0.0,0.0,0.0,0.0,0.43613338470458984,0.3261333703994751,0.0,0.0,0.0,0.0
108.125,0.1599999964237213,-0.1599999964237213,0.3199999928474426,datactrl_ref_vx_fallback,states_vx_gs,0.09999999403953552,states_theta,0.019648313522338867,0.3900012251667617,0.22516733600646419,0.5201059620493529,0.5198973050620117,0.5198268373259426,0.520176429785422,0.5200363236357021,0.5199669434756625,0.0,0.0,0.0,0.0,0.1599999964237213,0.0,0.0,0.0,0.0,0.0,0.4046742916107178,0.30467429757118225,0.0,0.0,0.0,0.0
108.417,0.1599999964237213,-0.1599999964237213,0.3199999928474426,datactrl_ref_vx_fallback,states_vx_gs,0.07999999821186066,states_theta,-0.14113615453243256,0.390014501033305,0.22517503838571398,0.5198845616743418,0.5201541077478048,0.5203209611463416,0.519717708275805,0.5199854121121609,0.5200532573099858,0.0,0.0,0.0,0.0,0.1599999964237213,0.0,0.0,0.0,0.0,0.0,0.39189234375953674,0.3118923306465149,0.0,0.0,0.0,0.0
108.697,0.1599999964237213,-0.1599999964237213,0.3199999928474426,datactrl_ref_vx_fallback,states_vx_gs,0.07000000029802322,states_theta,-0.018000636249780655,0.3900417960564322,0.22519076177027145,0.5201415522146952,0.5199699039357907,0.5199322003375229,0.520179255812963,0.5202103046337665,0.5199011515167193,0.0,0.0,0.0,0.0,0.1599999964237213,0.0,0.0,0.0,0.0,0.0,0.3791103661060333,0.3091103732585907,0.0,0.0,0.0,0.0
108.994,0.17000000178813934,-0.17000000178813934,0.3400000035762787,datactrl_ref_vx_fallback,states_vx_gs,0.05999999865889549,states_theta,-0.08787786960601807,0.39006941505609993,0.22520669174265295,0.5200389561536684,0.5201461506625981,0.5202116927120674,0.5199734141041991,0.5200630085628727,0.5201220982533937,0.0,0.0,0.0,0.0,0.17000000178813934,0.0,0.0,0.0,0.0,0.0,0.3473317325115204,0.287331759929657,0.0,0.0,0.0,0.0
109.29,0.17000000178813934,-0.17000000178813934,0.3400000035762787,datactrl_ref_vx_fallback,states_vx_gs,0.03999999910593033,states_theta,-0.06190577149391174,0.3900704949779013,0.22520732572570842,0.5201817248487114,0.5200062617590254,0.5200369399113052,0.5201510466964316,0.5202548880350197,0.5199330985727171,0.0,0.0,0.0,0.0,0.17000000178813934,0.0,0.0,0.0,0.0,0.0,0.3337509036064148,0.29375091195106506,0.0,0.0,0.0,0.0
109.573,0.17000000178813934,-0.17000000178813934,0.3400000035762787,datactrl_ref_vx_fallback,states_vx_gs,0.029999999329447746,states_theta,-0.07905283570289612,0.3900986809321316,0.22522361566818258,0.5200221677366695,0.5202409814156815,0.5203551801985874,0.5199079689537637,0.5200601886728425,0.5202029604795085,0.0,0.0,0.0,0.0,0.17000000178813934,0.0,0.0,0.0,0.0,0.0,0.3201700747013092,0.2901700735092163,0.0,0.0,0.0,0.0
109.86,0.17000000178813934,-0.17000000178813934,0.3400000035762787,datactrl_ref_vx_fallback,states_vx_gs,0.009999999776482582,states_theta,-0.020681800320744514,0.39010030081474634,0.22522452298079573,0.5201844627880384,0.5200830060512852,0.520115189235961,0.5201522796033626,0.5202513329284282,0.5200161359108955,0.0,0.0,0.0,0.0,0.17000000178813934,0.0,0.0,0.0,0.0,0.0,0.3065892457962036,0.2965892255306244,0.0,0.0,0.0,0.0
110.151,0.17000000178813934,-0.17000000178813934,0.3400000035762787,datactrl_ref_vx_fallback,states_vx_gs,0.009999999776482582,states_theta,-0.05411554500460625,0.39010192069736105,0.22522545355973544,0.5201335347701146,0.5201382537561816,0.5201830774386972,0.520088711087599,0.5202141070583169,0.5200576814679793,0.0,0.0,0.0,0.0,0.17000000178813934,0.0,0.0,0.0,0.0,0.0,0.29300838708877563,0.2830083966255188,0.0,0.0,0.0,0.0
110.429,0.17000000178813934,-0.17000000178813934,0.3400000035762787,datactrl_ref_vx_fallback,states_vx_gs,0.27942755818367004,datactrl_est_theta_fallback,-0.05278400331735611,0.39010354057997576,0.225226406246745,0.5202502221990257,0.520025886014243,0.5201099778261565,0.5201661303871122,0.520300583979815,0.5199755242334537,0.0,0.0,0.0,0.0,0.17000000178813934,0.0,0.0,0.0,0.0,0.0,0.27942755818367004,0.27942755818367004,0.0,0.0,0.0,0.0
110.723,0.17000000178813934,-0.17000000178813934,0.3400000035762787,datactrl_ref_vx_fallback,states_vx_gs,0.26584672927856445,datactrl_est_theta_fallback,-0.052321068942546844,0.39007805443016147,0.2252116788448314,0.5200673547325125,0.5201407904145847,0.5202230012599167,0.5199851438871805,0.520073584801086,0.5201345603460112,0.0,0.0,0.0,0.0,0.17000000178813934,0.0,0.0,0.0,0.0,0.0,0.26584672927856445,0.26584672927856445,0.0,0.0,0.0,0.0
111.018,0.17000000178813934,-0.17000000178813934,0.3400000035762787,datactrl_ref_vx_fallback,states_vx_gs,-0.009999999776482582,states_theta,0.005832795985043049,0.39007913435196295,0.22521229340150367,0.5201128835372426,0.5200981414013253,0.520091585674018,0.5201194392645498,0.5200969878441482,0.5201140370944197,0.0,0.0,0.0,0.0,0.17000000178813934,0.0,0.0,0.0,0.0,0.0,0.2522658705711365,0.2622658908367157,0.0,0.0,0.0,0.0
111.31,0.17000000178813934,-0.17000000178813934,0.3400000035762787,datactrl_ref_vx_fallback,states_vx_gs,-0.019999999552965164,states_theta,-0.10166998952627182,0.3896752132649034,0.22497910775290791,0.5195509823127279,0.5195829197270144,0.5195977689248549,0.5195361331148874,0.5197459827808052,0.5193879192589371,0.0,0.0,0.0,0.0,0.17000000178813934,0.0,0.0,0.0,0.0,0.0,0.23868504166603088,0.25868505239486694,0.0,0.0,0.0,0.0
111.625,0.17000000178813934,-0.17000000178813934,0.3400000035762787,datactrl_ref_vx_fallback,states_vx_gs,-0.03999999910593033,states_theta,-0.09837605059146881,0.3896333717363232,0.22495495335619292,0.5194679818108978,0.5195543428192972,0.5196616026630989,0.5193607219670962,0.5196287786650575,0.5193935459651375,0.0,0.0,0.0,0.0,0.17000000178813934,0.0,0.0,0.0,0.0,0.0,0.2251041978597641,0.265104204416275,0.0,0.0,0.0,0.0
111.925,0.1599999964237213,-0.1599999964237213,0.3199999928474426,datactrl_ref_vx_fallback,states_vx_gs,-0.05999999865889549,states_theta,-0.09350104629993439,0.38997804957805043,0.22515399224974345,0.5200432499493124,0.5198982155921554,0.5202549989608565,0.5196864665806114,0.5201211800424903,0.5198202854989775,0.0,0.0,0.0,0.0,0.1599999964237213,0.0,0.0,0.0,0.0,0.0,0.23119907081127167,0.29119905829429626,0.0,0.0,0.0,0.0
112.229,0.1599999964237213,-0.1599999964237213,0.3199999928474426,datactrl_ref_vx_fallback,states_vx_gs,-0.03999999910593033,states_theta,0.15678469836711884,0.3899772395079586,0.22515355798378267,0.5197967594081332,0.5201425459464231,0.5200873715100605,0.5198519338444958,0.5196158699426663,0.52032343541189,0.0,0.0,0.0,0.0,0.1599999964237213,0.0,0.0,0.0,0.0,0.0,0.21841709315776825,0.2584170997142792,0.0,0.0,0.0,0.0
112.568,0.1599999964237213,-0.1599999964237213,0.3199999928474426,datactrl_ref_vx_fallback,states_vx_gs,-0.04999999701976776,states_theta,-0.015015954151749611,0.38994891843037927,0.2251372620367595,0.5201119792700769,0.5197518032109344,0.5196618678229082,0.5202019146581031,0.5203356716174697,0.5195281108635416,0.0,0.0,0.0,0.0,0.1599999964237213,0.0,0.0,0.0,0.0,0.0,0.20563513040542603,0.255635142326355,0.0,0.0,0.0,0.0
112.883,0.1599999964237213,-0.1599999964237213,0.3199999928474426,datactrl_ref_vx_fallback,states_vx_gs,-0.04999999701976776,states_theta,-0.03489435464143753,0.3899067678182898,0.22511298549959508,0.5196530445263475,0.5200983363224253,0.5203391734227643,0.5194122074260086,0.519543344514898,0.5202080363338748,0.0,0.0,0.0,0.0,0.1599999964237213,0.0,0.0,0.0,0.0,0.0,0.1928531676530838,0.24285316467285156,0.0,0.0,0.0,0.0
113.194,0.14999999105930328,-0.14999999105930328,0.29999998211860657,datactrl_ref_vx_fallback,states_vx_gs,-0.05999999865889549,states_theta,-0.021585460752248764,0.38990460771729285,0.22511171793264584,0.5200685391814698,0.5196770813979777,0.5196118099695143,0.5201338106099332,0.5203540716333178,0.5193915489461297,0.0,0.0,0.0,0.0,0.14999999105930328,0.0,0.0,0.0,0.0,0.0,0.1990678608417511,0.2590678632259369,0.0,0.0,0.0,0.0
113.493,0.14999999105930328,-0.14999999105930328,0.29999998211860657,datactrl_ref_vx_fallback,states_vx_gs,-0.05999999865889549,states_theta,0.03754078969359398,0.38987501759850796,0.22509451550953266,0.5197074103324212,0.5199593032636,0.5200940704005392,0.5195726431954819,0.5196316494000217,0.5200350641959994,0.0,0.0,0.0,0.0,0.14999999105930328,0.0,0.0,0.0,0.0,0.0,0.18708476424217224,0.24708476662635803,0.0,0.0,0.0,0.0
113.801,0.14999999105930328,-0.14999999105930328,0.29999998211860657,datactrl_ref_vx_fallback,states_vx_gs,-0.04999999701976776,states_theta,-0.013018831610679626,0.38987231753652296,0.22509293110815734,0.519685386215151,0.5199741272155768,0.5196972289670158,0.5199622844637121,0.5200301511649975,0.5196293622657303,0.0,0.0,0.0,0.0,0.14999999105930328,0.0,0.0,0.0,0.0,0.0,0.17510168254375458,0.22510167956352234,0.0,0.0,0.0,0.0
114.144,0.14999999105930328,-0.14999999105930328,0.29999998211860657,datactrl_ref_vx_fallback,states_vx_gs,-0.03999999910593033,states_theta,0.08811791986227036,0.38986961747453797,0.22509136033818106,0.5196584821669155,0.519993831098519,0.5197131676364246,0.5199391456290099,0.5196985843982465,0.519953728867188,0.0,0.0,0.0,0.0,0.14999999105930328,0.0,0.0,0.0,0.0,0.0,0.16311858594417572,0.20311859250068665,0.0,0.0,0.0,0.0
114.457,0.14999999105930328,-0.14999999105930328,0.29999998211860657,datactrl_ref_vx_fallback,states_vx_gs,-0.029999999329447746,states_theta,0.013983388431370258,0.38986691741255297,0.225089792521458,0.519775098694184,0.5198700144059571,0.5196257610813939,0.5200193520187473,0.5198317771225485,0.5198133359775927,0.0,0.0,0.0,0.0,0.14999999105930328,0.0,0.0,0.0,0.0,0.0,0.15113548934459686,0.18113549053668976,0.0,0.0,0.0,0.0
114.741,0.14999999105930328,-0.14999999105930328,0.29999998211860657,datactrl_ref_vx_fallback,states_vx_gs,-0.04999999701976776,states_theta,-0.23027212917804718,0.38989129639371356,0.225103904260726,0.5200264269729751,0.5196836967435945,0.5200052707523054,0.5197048529642642,0.5200894124784504,0.5196207112381191,0.0,0.0,0.0,0.0,0.14999999105930328,0.0,0.0,0.0,0.0,0.0,0.1391524076461792,0.18915240466594696,0.0,0.0,0.0,0.0
115.06,0.14000000059604645,-0.14000000059604645,0.2800000011920929,datactrl_ref_vx_fallback,states_vx_gs,-0.04999999701976776,states_theta,0.18606048822402954,0.3902926883206712,0.22533565035637357,0.520289870571784,0.5204906316166726,0.520267400361258,0.5205131018271987,0.5200969217026481,0.5206835804858085,0.0,0.0,0.0,0.0,0.14000000059604645,0.0,0.0,0.0,0.0,0.0,0.14664526283740997,0.19664525985717773,0.0,0.0,0.0,0.0
115.411,0.14000000059604645,-0.14000000059604645,0.2800000011920929,datactrl_ref_vx_fallback,states_vx_gs,-0.03999999910593033,states_theta,-0.09000828117132187,0.3899319992191826,0.22512734661347614,0.5199462708655957,0.5198723937188912,0.519950191029005,0.5198684735554819,0.5199289684200872,0.5198896961643997,0.0,0.0,0.0,0.0,0.14000000059604645,0.0,0.0,0.0,0.0,0.0,0.13546104729175568,0.1754610389471054,0.0,0.0,0.0,0.0
115.715,0.14000000059604645,-0.14000000059604645,0.2800000011920929,datactrl_ref_vx_fallback,states_vx_gs,-0.07999999821186066,states_theta,-0.001420480664819479,0.38995789021522737,0.22514229541190536,0.519908167357272,0.5199795398833343,0.5199445641966689,0.5199431430439374,0.520001048059697,0.5198866591809093,0.0,0.0,0.0,0.0,0.14000000059604645,0.0,0.0,0.0,0.0,0.0,0.12427682429552078,0.20427682995796204,0.0,0.0,0.0,0.0
116.074,0.14000000059604645,-0.14000000059604645,0.2800000011920929,datactrl_ref_vx_fallback,states_vx_gs,-0.04999999701976776,states_theta,0.03949880599975586,0.38998657117215607,0.2251588704801812,0.5199458388220846,0.5200183509703316,0.5199119920912126,0.5200521977012035,0.5198167611395496,0.5201474286528666,0.0,0.0,0.0,0.0,0.14000000059604645,0.0,0.0,0.0,0.0,0.0,0.11309260874986649,0.16309259831905365,0.0,0.0,0.0,0.0
116.403,0.12999999523162842,-0.12999999523162842,0.25999999046325684,datactrl_ref_vx_fallback,states_vx_gs,-0.07999999821186066,states_theta,-0.01262050773948431,0.38999988755507786,0.22516654603544228,0.5200148053210357,0.5199848948258387,0.5200016027230185,0.5199980974238558,0.5201024663232352,0.5198972338236392,0.0,0.0,0.0,0.0,0.12999999523162842,0.0,0.0,0.0,0.0,0.0,0.12114470452070236,0.20114471018314362,0.0,0.0,0.0,0.0
116.689,0.12999999523162842,-0.12999999523162842,0.25999999046325684,datactrl_ref_vx_fallback,states_vx_gs,-0.05999999865889549,states_theta,-0.10293489694595337,0.39002726357234024,0.22518235163940115,0.5200443376482691,0.5200283652113049,0.5201229608842797,0.5199497419752943,0.5200936935839942,0.5199790092755798,0.0,0.0,0.0,0.0,0.12999999523162842,0.0,0.0,0.0,0.0,0.0,0.11075936257839203,0.17075936496257782,0.0,0.0,0.0,0.0
117.0,0.12999999523162842,-0.12999999523162842,0.25999999046325684,datactrl_ref_vx_fallback,states_vx_gs,-0.07999999821186066,states_theta,0.13148680329322815,0.3900550445602782,0.22519841208231225,0.5199819378211755,0.5201648476728996,0.5198927168004321,0.520254068693643,0.5199849211823964,0.5201618643116788,0.0,0.0,0.0,0.0,0.12999999523162842,0.0,0.0,0.0,0.0,0.0,0.1003740131855011,0.18037401139736176,0.0,0.0,0.0,0.0
117.275,0.12999999523162842,-0.12999999523162842,0.25999999046325684,datactrl_ref_vx_fallback,states_vx_gs,-0.08999999612569809,states_theta,-0.20411896705627441,0.3900561784781696,0.22519913654794904,0.5202347904213581,0.5199150188537608,0.5201370407052791,0.5200127685698398,0.5204559008153914,0.5196939084597275,0.0,0.0,0.0,0.0,0.12999999523162842,0.0,0.0,0.0,0.0,0.0,0.08946940302848816,0.17946939170360565,0.0,0.0,0.0,0.0
117.586,0.11999999731779099,-0.11999999731779099,0.23999999463558197,datactrl_ref_vx_fallback,states_vx_gs,-0.08999999612569809,states_theta,0.04758581519126892,0.39008476940300996,0.22521566047139674,0.5199154566442749,0.5203105950970851,0.5203976422833899,0.51982840945797,0.519821330991994,0.520404720749366,0.0,0.0,0.0,0.0,0.11999999731779099,0.0,0.0,0.0,0.0,0.0,0.0987597405910492,0.1887597292661667,0.0,0.0,0.0,0.0
117.905,0.11999999731779099,-0.11999999731779099,0.23999999463558197,datactrl_ref_vx_fallback,states_vx_gs,-0.07999999821186066,states_theta,-0.002301995176821947,0.39008638928562467,0.22521665653947112,0.5203015930916013,0.5199287783367312,0.5197449744184489,0.5204853970098836,0.5204932324008239,0.5197371390275086,0.0,0.0,0.0,0.0,0.11999999731779099,0.0,0.0,0.0,0.0,0.0,0.08917326480150223,0.16917327046394348,0.0,0.0,0.0,0.0
118.202,0.11999999731779099,-0.11999999731779099,0.23999999463558197,datactrl_ref_vx_fallback,states_vx_gs,-0.08999999612569809,states_theta,-0.02460087463259697,0.3900880091682394,0.22521763750298088,0.519897141251761,0.5203375498635441,0.5205709009413902,0.5196637901739148,0.5197393180189821,0.520495373096323,0.0,0.0,0.0,0.0,0.11999999731779099,0.0,0.0,0.0,0.0,0.0,0.07958679646253586,0.16958679258823395,0.0,0.0,0.0,0.0
118.515,0.10999999940395355,-0.10999999940395355,0.2199999988079071,datactrl_ref_vx_fallback,states_vx_gs,-0.08999999612569809,states_theta,0.016403231769800186,0.3900896290508541,0.2252184941385306,0.5203040929973031,0.5199349178049746,0.5198214027471957,0.520417608055082,0.5204835744776222,0.5197554363246555,0.0,0.0,0.0,0.0,0.10999999940395355,0.0,0.0,0.0,0.0,0.0,0.08959611505270004,0.17959611117839813,0.0,0.0,0.0,0.0
118.804,0.10999999940395355,-0.10999999940395355,0.2199999988079071,datactrl_ref_vx_fallback,states_vx_gs,-0.07999999821186066,states_theta,0.01537997368723154,0.3900912489334688,0.22521944585976666,0.5199126323522696,0.5203306981369806,0.520460397856284,0.5197829326329663,0.5197656506974687,0.5204776797917815,0.0,0.0,0.0,0.0,0.10999999940395355,0.0,0.0,0.0,0.0,0.0,0.08080852031707764,0.1608085185289383,0.0,0.0,0.0,0.0
119.096,0.10999999940395355,-0.10999999940395355,0.2199999988079071,datactrl_ref_vx_fallback,states_vx_gs,-0.07999999821186066,states_theta,-0.02807352878153324,0.3900928688160835,0.22522037145979396,0.5203196731157351,0.5199279770604877,0.5198065839522952,0.5204410662239276,0.5204827336361595,0.5197649165400633,0.0,0.0,0.0,0.0,0.10999999940395355,0.0,0.0,0.0,0.0,0.0,0.07202091813087463,0.1520209163427353,0.0,0.0,0.0,0.0
119.386,0.09999999403953552,-0.09999999403953552,0.19999998807907104,datactrl_ref_vx_fallback,states_vx_gs,-0.08999999612569809,states_theta,0.03535957261919975,0.3900671936799846,0.22520559238803822,0.5198775686234459,0.5203016145231797,0.5205000750980108,0.5196791080486148,0.5197228849302166,0.520456298216409,0.0,0.0,0.0,0.0,0.09999999403953552,0.0,0.0,0.0,0.0,0.0,0.08274924010038376,0.17274923622608185,0.0,0.0,0.0,0.0
119.66,0.09999999403953552,-0.09999999403953552,0.19999998807907104,datactrl_ref_vx_fallback,states_vx_gs,-0.07999999821186066,states_theta,0.050090204924345016,0.390068273601786,0.22520613707769432,0.5202587241491715,0.5199233387889245,0.5197605694409946,0.5204214934971014,0.5203529912719376,0.5198290716661584,0.0,0.0,0.0,0.0,0.09999999403953552,0.0,0.0,0.0,0.0,0.0,0.07476051151752472,0.15476050972938538,0.0,0.0,0.0,0.0
119.968,0.09999999403953552,-0.09999999403953552,0.19999998807907104,datactrl_ref_vx_fallback,states_vx_gs,-0.07999999821186066,states_theta,-0.019984088838100433,0.3900418155180547,0.22519087707571486,0.5198548519580726,0.5202566560900734,0.5203907142111636,0.5197207938369824,0.519770372890329,0.520341135157817,0.0,0.0,0.0,0.0,0.09999999403953552,0.0,0.0,0.0,0.0,0.0,0.06677178293466568,0.14677178859710693,0.0,0.0,0.0,0.0
120.252,0.08999999612569809,-0.08999999612569809,0.17999999225139618,datactrl_ref_vx_fallback,states_vx_gs,-0.07999999821186066,states_theta,0.004196833819150925,0.39000140648791365,0.2251674742743232,0.5201332559159269,0.5198704947185095,0.5198378237137915,0.5201659269206449,0.5202446930552569,0.5197590575791795,0.0,0.0,0.0,0.0,0.08999999612569809,0.0,0.0,0.0,0.0,0.0,0.07805930823087692,0.15805929899215698,0.0,0.0,0.0,0.0
120.537,0.08999999612569809,-0.08999999612569809,0.17999999225139618,datactrl_ref_vx_fallback,states_vx_gs,-0.07999999821186066,states_theta,0.03255840763449669,0.39000113637872263,0.22516726829421288,0.5199274906069007,0.5200755397363597,0.5200613988030769,0.5199416315401835,0.5199387215944207,0.5200643087488397,0.0,0.0,0.0,0.0,0.08999999612569809,0.0,0.0,0.0,0.0,0.0,0.07086945325136185,0.1508694440126419,0.0,0.0,0.0,0.0
120.819,0.08999999612569809,-0.08999999612569809,0.17999999225139618,datactrl_ref_vx_fallback,states_vx_gs,-0.07000000029802322,states_theta,0.00425321888178587,0.3899733282639989,0.22515122767416404,0.5200638646735026,0.5198650106971611,0.5198325756301541,0.5200962997405096,0.5200724947901576,0.5198563805805061,0.0,0.0,0.0,0.0,0.08999999612569809,0.0,0.0,0.0,0.0,0.0,0.06367959827184677,0.13367959856987,0.0,0.0,0.0,0.0
121.143,0.08999999612569809,-0.08999999612569809,0.17999999225139618,datactrl_ref_vx_fallback,states_vx_gs,-0.07999999821186066,states_theta,-0.059945300221443176,0.38994500718641956,0.22513486480476724,0.5198652612267352,0.5199880912703836,0.5200431317532975,0.5198102207438212,0.5199503996151021,0.5199029528820166,0.0,0.0,0.0,0.0,0.08999999612569809,0.0,0.0,0.0,0.0,0.0,0.056489743292331696,0.13648973405361176,0.0,0.0,0.0,0.0
121.422,0.07999999821186066,-0.07999999821186066,0.1599999964237213,datactrl_ref_vx_fallback,states_vx_gs,-0.07999999821186066,states_theta,0.028553759679198265,0.3899027215712482,0.22511044575445216,0.519834829045952,0.5199057618107099,0.519945876614915,0.519794714241747,0.5198366927876905,0.5199038980689714,0.0,0.0,0.0,0.0,0.07999999821186066,0.0,0.0,0.0,0.0,0.0,0.06893562525510788,0.14893563091754913,0.0,0.0,0.0,0.0
121.701,0.07999999821186066,-0.07999999821186066,0.1599999964237213,datactrl_ref_vx_fallback,states_vx_gs,-0.07999999821186066,states_theta,0.007141507230699062,0.38987353642320444,0.22509361159475477,0.5198079042111754,0.5198548595840364,0.5197347811036112,0.5199279826916007,0.5199951988233317,0.5196675649718802,0.0,0.0,0.0,0.0,0.07999999821186066,0.0,0.0,0.0,0.0,0.0,0.06254464387893677,0.14254464209079742,0.0,0.0,0.0,0.0
121.992,0.07999999821186066,-0.07999999821186066,0.1599999964237213,datactrl_ref_vx_fallback,states_vx_gs,-0.07000000029802322,states_theta,0.022638432681560516,0.38987083636121944,0.22509203462493446,0.5198811128589215,0.519774450770997,0.519822470076687,0.5198330935532315,0.5197920892343965,0.519863474395522,0.0,0.0,0.0,0.0,0.07999999821186066,0.0,0.0,0.0,0.0,0.0,0.056153662502765656,0.12615366280078888,0.0,0.0,0.0,0.0
122.295,0.07000000029802322,-0.07000000029802322,0.14000000059604645,datactrl_ref_vx_fallback,states_vx_gs,-0.07000000029802322,states_theta,0.06561966240406036,0.38986813629923445,0.22509048639846496,0.5198483361394816,0.5198000273251436,0.5199062000756736,0.5197421633889516,0.519697600948339,0.5199507625162862,0.0,0.0,0.0,0.0,0.07000000029802322,0.0,0.0,0.0,0.0,0.0,0.06899898499250412,0.13899898529052734,0.0,0.0,0.0,0.0
122.59,0.07000000029802322,-0.07000000029802322,0.14000000059604645,datactrl_ref_vx_fallback,states_vx_gs,-0.04999999701976776,states_theta,0.032125916332006454,0.38986543623724945,0.22508893001796765,0.5198452270726297,0.5197959362267022,0.519664317883761,0.5199768454155709,0.5198735988635845,0.5197675644357473,0.0,0.0,0.0,0.0,0.07000000029802322,0.0,0.0,0.0,0.0,0.0,0.06340687721967697,0.11340687423944473,0.0,0.0,0.0,0.0
122.878,0.07000000029802322,-0.07000000029802322,0.14000000059604645,datactrl_ref_vx_fallback,states_vx_gs,-0.04999999701976776,states_theta,-0.12288276106119156,0.38986273617526446,0.22508736957759054,0.5198667031118641,0.5197672600221744,0.5198816049153596,0.5197523582186789,0.5199525578961706,0.519681405237868,0.0,0.0,0.0,0.0,0.07000000029802322,0.0,0.0,0.0,0.0,0.0,0.05781476944684982,0.10781476646661758,0.0,0.0,0.0,0.0
123.174,0.07000000029802322,-0.07000000029802322,0.14000000059604645,datactrl_ref_vx_fallback,states_vx_gs,-0.07999999821186066,states_theta,-0.051531944423913956,0.3902642061324244,0.22531915713030334,0.5203794415570298,0.5203251081294353,0.5204835969935493,0.5202209526929158,0.5204218823754729,0.5202826673109922,0.0,0.0,0.0,0.0,0.07000000029802322,0.0,0.0,0.0,0.0,0.0,0.052222657948732376,0.13222265243530273,0.0,0.0,0.0,0.0
123.514,0.05999999865889549,-0.05999999865889549,0.11999999731779099,datactrl_ref_vx_fallback,states_vx_gs,-0.05999999865889549,states_theta,0.06652000546455383,0.39029231405207804,0.22533537984393884,0.5204644277753592,0.5203150763635156,0.5204070541709084,0.5203724499679664,0.520304795273851,0.5204747088650238,0.0,0.0,0.0,0.0,0.05999999865889549,0.0,0.0,0.0,0.0,0.0,0.06558725237846375,0.12558725476264954,0.0,0.0,0.0,0.0
123.83,0.05999999865889549,-0.05999999865889549,0.11999999731779099,datactrl_ref_vx_fallback,states_vx_gs,-0.05999999865889549,states_theta,-0.0228781308978796,0.3899313444888092,0.2251269722964025,0.5199753098451111,0.5198416087917134,0.5199666049964878,0.5198503136403366,0.5199555585125258,0.5198613601242986,0.0,0.0,0.0,0.0,0.05999999865889549,0.0,0.0,0.0,0.0,0.0,0.06079401820898056,0.12079402059316635,0.0,0.0,0.0,0.0
124.155,0.05999999865889549,-0.05999999865889549,0.11999999731779099,datactrl_ref_vx_fallback,states_vx_gs,-0.07000000029802322,states_theta,-0.07801791280508041,0.3899616574633185,0.22514449497643257,0.5200261930199485,0.5198715602155676,0.5200154601362381,0.5198822930992779,0.5201446814418078,0.5197530717937082,0.0,0.0,0.0,0.0,0.05999999865889549,0.0,0.0,0.0,0.0,0.0,0.05600078031420708,0.12600077688694,0.0,0.0,0.0,0.0
124.472,0.05999999865889549,-0.05999999865889549,0.11999999731779099,datactrl_ref_vx_fallback,states_vx_gs,-0.029999999329447746,states_theta,0.14852796494960785,0.3899883584007143,0.22515996712283562,0.5198324457533267,0.5201365099819114,0.5198810032367676,0.5200879524984705,0.5196432436117251,0.520325712123513,0.0,0.0,0.0,0.0,0.05999999865889549,0.0,0.0,0.0,0.0,0.0,0.05120754614472389,0.08120754361152649,0.0,0.0,0.0,0.0
124.814,0.05999999865889549,-0.05999999865889549,0.11999999731779099,datactrl_ref_vx_fallback,states_vx_gs,-0.05999999865889549,states_theta,-0.07115162909030914,0.39002883486803464,0.2251832710129108,0.5201149866775765,0.5199619063038492,0.5200366308042222,0.5200402621772034,0.5202025904632052,0.5198743025182205,0.0,0.0,0.0,0.0,0.05999999865889549,0.0,0.0,0.0,0.0,0.0,0.04641430824995041,0.1064143031835556,0.0,0.0,0.0,0.0
125.145,0.04999999701976776,-0.04999999701976776,0.09999999403953552,datactrl_ref_vx_fallback,states_vx_gs,-0.04999999701976776,states_theta,-0.07769536972045898,0.3900293748289353,0.22518358802855296,0.5199911641598253,0.5200871687173355,0.5202387860114791,0.5198395468656817,0.5200512021958245,0.5200271306813363,0.0,0.0,0.0,0.0,0.04999999701976776,0.0,0.0,0.0,0.0,0.0,0.06081743910908699,0.11081743985414505,0.0,0.0,0.0,0.0
125.419,0.04999999701976776,-0.04999999701976776,0.09999999403953552,datactrl_ref_vx_fallback,states_vx_gs,-0.04999999701976776,states_theta,0.06680483371019363,0.3900572908070984,0.22519968869938542,0.5201177401230651,0.5200350353625306,0.5199733548961388,0.5201794205894569,0.520080827987147,0.5200719474984487,0.0,0.0,0.0,0.0,0.04999999701976776,0.0,0.0,0.0,0.0,0.0,0.05682307854294777,0.10682307183742523,0.0,0.0,0.0,0.0
125.735,0.04999999701976776,-0.04999999701976776,0.09999999403953552,datactrl_ref_vx_fallback,states_vx_gs,-0.04999999701976776,states_theta,-0.01826058328151703,0.3900583707288998,0.22520031221799838,0.5200292773347536,0.5201263779423125,0.5201738835003336,0.5199817717767325,0.5200494099780122,0.5201062452990539,0.0,0.0,0.0,0.0,0.04999999701976776,0.0,0.0,0.0,0.0,0.0,0.05282871425151825,0.10282871127128601,0.0,0.0,0.0,0.0
126.105,0.04999999701976776,-0.04999999701976776,0.09999999403953552,datactrl_ref_vx_fallback,states_vx_gs,-0.04999999701976776,states_theta,-0.008650561794638634,0.3900869616537402,0.2252168416331419,0.5202302041044535,0.5200016936388536,0.5199944965797797,0.5202374011635275,0.5202741035998214,0.5199577941434858,0.0,0.0,0.0,0.0,0.04999999701976776,0.0,0.0,0.0,0.0,0.0,0.04883434996008873,0.09883434325456619,0.0,0.0,0.0,0.0
126.429,0.04999999701976776,-0.04999999701976776,0.09999999403953552,datactrl_ref_vx_fallback,states_vx_gs,-0.04999999701976776,states_theta,0.0005467950832098722,0.3900885815363549,0.22521774903871974,0.5200841600023354,0.5201520574279443,0.5201485544876592,0.5200876629426205,0.520093844537797,0.5201423728924828,0.0,0.0,0.0,0.0,0.04999999701976776,0.0,0.0,0.0,0.0,0.0,0.04483998566865921,0.09483998268842697,0.0,0.0,0.0,0.0
126.749,0.04999999701976776,-0.04999999701976776,0.09999999403953552,datactrl_ref_vx_fallback,states_vx_gs,-0.04999999701976776,states_theta,-0.006705488543957472,0.3900902014189696,0.22521869185204813,0.520082469877372,0.5201580672398803,0.5202111150517489,0.5200294220655034,0.5200388299769231,0.5202017071403292,0.0,0.0,0.0,0.0,0.04999999701976776,0.0,0.0,0.0,0.0,0.0,0.04084562137722969,0.09084561467170715,0.0,0.0,0.0,0.0
127.041,0.03999999910593033,-0.03999999910593033,0.07999999821186066,datactrl_ref_vx_fallback,states_vx_gs,-0.04999999701976776,states_theta,0.023136425763368607,0.3900918213015843,0.2252196505566573,0.5202174656427162,0.5200273911615086,0.5199898633058446,0.5202549934983802,0.5203012766240591,0.5199435801801657,0.0,0.0,0.0,0.0,0.03999999910593033,0.0,0.0,0.0,0.0,0.0,0.056526944041252136,0.1065269410610199,0.0,0.0,0.0,0.0
127.369,0.03999999910593033,-0.03999999910593033,0.07999999821186066,datactrl_ref_vx_fallback,states_vx_gs,-0.03999999910593033,states_theta,0.035393230617046356,0.39009344118419903,0.2252206006423111,0.5200127508064939,0.5202364256847035,0.5202935537497563,0.5199556227414411,0.519914149325977,0.5203350271652204,0.0,0.0,0.0,0.0,0.03999999910593033,0.0,0.0,0.0,0.0,0.0,0.05333145335316658,0.09333144873380661,0.0,0.0,0.0,0.0
127.701,0.03999999910593033,-0.03999999910593033,0.07999999821186066,datactrl_ref_vx_fallback,states_vx_gs,-0.03999999910593033,states_theta,0.00940566323697567,0.39009506106681374,0.22522157036592996,0.5202429172017922,0.5200105789763778,0.5198704361823375,0.5203830599958325,0.520388058308996,0.5198654378691739,0.0,0.0,0.0,0.0,0.03999999910593033,0.0,0.0,0.0,0.0,0.0,0.050135962665081024,0.09013596177101135,0.0,0.0,0.0,0.0
128.002,0.03999999910593033,-0.03999999910593033,0.07999999821186066,datactrl_ref_vx_fallback,states_vx_gs,-0.03999999910593033,states_theta,0.0031544161029160023,0.3900693589326741,0.22520675702649576,0.5199446267033793,0.5202403304504183,0.5203908058354682,0.5197941513183294,0.5198042459656035,0.5203807111881941,0.0,0.0,0.0,0.0,0.03999999910593033,0.0,0.0,0.0,0.0,0.0,0.04694046825170517,0.0869404673576355,0.0,0.0,0.0,0.0
128.337,0.03999999910593033,-0.03999999910593033,0.07999999821186066,datactrl_ref_vx_fallback,states_vx_gs,-0.03999999910593033,states_theta,-0.001609036698937416,0.39004341381179863,0.2251918698211718,0.5202772488466021,0.5198385213181942,0.5196688728151191,0.5204468973496772,0.5204586417848351,0.5196571283799611,0.0,0.0,0.0,0.0,0.03999999910593033,0.0,0.0,0.0,0.0,0.0,0.043744977563619614,0.08374498039484024,0.0,0.0,0.0,0.0
128.656,0.03999999910593033,-0.03999999910593033,0.07999999821186066,datactrl_ref_vx_fallback,states_vx_gs,-0.029999999329447746,states_theta,0.002441254910081625,0.3900439537726993,0.22519216650244597,0.5198256083936781,0.5202916016668533,0.5203997854768108,0.5197174245837206,0.5196558331193426,0.5204613769411888,0.0,0.0,0.0,0.0,0.03999999910593033,0.0,0.0,0.0,0.0,0.0,0.04054948687553406,0.07054948806762695,0.0,0.0,0.0,0.0
128.973,0.029999999329447746,-0.029999999329447746,0.05999999865889549,datactrl_ref_vx_fallback,states_vx_gs,-0.03999999910593033,states_theta,-0.024462880566716194,0.3900034502300895,0.22516879630155712,0.5202204673178229,0.519788733295749,0.5196900251806005,0.5203191754329715,0.5204666612625914,0.5195425393509805,0.0,0.0,0.0,0.0,0.029999999329447746,0.0,0.0,0.0,0.0,0.0,0.05651041865348816,0.09651041775941849,0.0,0.0,0.0,0.0
129.267,0.029999999329447746,-0.029999999329447746,0.05999999865889549,datactrl_ref_vx_fallback,states_vx_gs,-0.029999999329447746,states_theta,0.04719153046607971,0.3899760470860412,0.22515299507397396,0.5197071632903746,0.520228962272402,0.5203411683995981,0.5195949571631785,0.5195347588411042,0.5204013667216724,0.0,0.0,0.0,0.0,0.029999999329447746,0.0,0.0,0.0,0.0,0.0,0.05411380156874657,0.08411379903554916,0.0,0.0,0.0,0.0
129.601,0.029999999329447746,-0.029999999329447746,0.05999999865889549,datactrl_ref_vx_fallback,states_vx_gs,-0.029999999329447746,states_theta,0.012151263654232025,0.3899458134776045,0.22513563673520567,0.5202178589760542,0.5196376436308912,0.519439175966535,0.5204163266404104,0.5204246544430259,0.5194308481639195,0.0,0.0,0.0,0.0,0.029999999329447746,0.0,0.0,0.0,0.0,0.0,0.05159734934568405,0.08159735053777695,0.0,0.0,0.0,0.0
129.918,0.029999999329447746,-0.029999999329447746,0.05999999865889549,datactrl_ref_vx_fallback,states_vx_gs,-0.019999999552965164,states_theta,0.011177615262567997,0.38993091747087766,0.2251268343011745,0.5197417553882917,0.5200740245340487,0.5201802829889033,0.5196354969334371,0.5195857745954342,0.5202300053269062,0.0,0.0,0.0,0.0,0.029999999329447746,0.0,0.0,0.0,0.0,0.0,0.04920073226094246,0.06920073181390762,0.0,0.0,0.0,0.0
130.246,0.029999999329447746,-0.029999999329447746,0.05999999865889549,datactrl_ref_vx_fallback,states_vx_gs,-0.029999999329447746,states_theta,0.0010301023721694946,0.38990200231198036,0.22511013240200073,0.5200236532724825,0.5197150195594651,0.5195906697336146,0.520148003098333,0.5201696066017352,0.5195690662302124,0.0,0.0,0.0,0.0,0.029999999329447746,0.0,0.0,0.0,0.0,0.0,0.04680411517620087,0.07680411636829376,0.0,0.0,0.0,0.0
130.57,0.029999999329447746,-0.029999999329447746,0.05999999865889549,datactrl_ref_vx_fallback,states_vx_gs,-0.019999999552965164,states_theta,-0.01761372573673725,0.3898727091717389,0.2250932389547767,0.5196767480368442,0.5199838097544595,0.5201477656422636,0.51951279214904,0.5195118758467038,0.5201486819445998,0.0,0.0,0.0,0.0,0.029999999329447746,0.0,0.0,0.0,0.0,0.0,0.044407494366168976,0.06440749764442444,0.0,0.0,0.0,0.0
130.88,0.029999999329447746,-0.029999999329447746,0.05999999865889549,datactrl_ref_vx_fallback,states_vx_gs,-0.029999999329447746,states_theta,3.108693636022508e-05,0.3898700091097539,0.22509162118516476,0.5197160169453363,0.519937340680674,0.5196011585705267,0.5200521990554836,0.5200645891211797,0.5195887685048306,0.0,0.0,0.0,0.0,0.029999999329447746,0.0,0.0,0.0,0.0,0.0,0.04201087728142738,0.07201087474822998,0.0,0.0,0.0,0.0
131.193,0.029999999329447746,-0.029999999329447746,0.05999999865889549,datactrl_ref_vx_fallback,states_vx_gs,-0.019999999552965164,states_theta,0.00025111855939030647,0.3898673090477689,0.22509008073870282,0.5196456125359212,0.5200005449247957,0.5200433832964775,0.5196027741642395,0.5195531269945488,0.5200930304661682,0.0,0.0,0.0,0.0,0.029999999329447746,0.0,0.0,0.0,0.0,0.0,0.03961425647139549,0.05961425602436066,0.0,0.0,0.0,0.0
131.482,0.029999999329447746,-0.029999999329447746,0.05999999865889549,datactrl_ref_vx_fallback,states_vx_gs,-0.029999999329447746,states_theta,-0.007713837083429098,0.3898646089857839,0.22508849394802566,0.5198099257692921,0.5198290315261316,0.5196013608222388,0.5200375964731848,0.5200539532391654,0.5195850040562583,0.0,0.0,0.0,0.0,0.029999999329447746,0.0,0.0,0.0,0.0,0.0,0.0372176393866539,0.0672176405787468,0.0,0.0,0.0,0.0
131.779,0.019999999552965164,-0.019999999552965164,0.03999999910593033,datactrl_ref_vx_fallback,states_vx_gs,-0.019999999552965164,states_theta,-0.008300458081066608,0.3898619089237989,0.22508689640233842,0.5197775057823825,0.5198542513477479,0.5199687927103467,0.5196629644197837,0.5197255089688806,0.5199062481612498,0.0,0.0,0.0,0.0,0.019999999552965164,0.0,0.0,0.0,0.0,0.0,0.053977444767951965,0.07397744059562683,0.0,0.0,0.0,0.0
132.125,0.019999999552965164,-0.019999999552965164,0.03999999910593033,datactrl_ref_vx_fallback,states_vx_gs,-0.019999999552965164,states_theta,0.07548680901527405,0.3898592088618139,0.22508532739300507,0.5197612175290565,0.5198633394357806,0.5197019454745194,0.5199226114903176,0.5198102637942977,0.5198142931705393,0.0,0.0,0.0,0.0,0.019999999552965164,0.0,0.0,0.0,0.0,0.0,0.05237969756126404,0.0723797008395195,0.0,0.0,0.0,0.0
132.478,0.019999999552965164,-0.019999999552965164,0.03999999910593033,datactrl_ref_vx_fallback,states_vx_gs,-0.009999999776482582,states_theta,0.004188069142401218,0.39025968880922934,0.22531653712003685,0.5203143491375867,0.5203781543536915,0.5203294445344075,0.5203630589568706,0.520341835977024,0.5203506675142542,0.0,0.0,0.0,0.0,0.019999999552965164,0.0,0.0,0.0,0.0,0.0,0.05078195407986641,0.06078195199370384,0.0,0.0,0.0,0.0
132.789,0.019999999552965164,-0.019999999552965164,0.03999999910593033,datactrl_ref_vx_fallback,states_vx_gs,-0.019999999552965164,states_theta,-0.03512030094861984,0.38992611620866485,0.2251239550308215,0.5198699399008511,0.5199330366555885,0.5200078781631914,0.5197950983932482,0.5199095715110258,0.5198934050454138,0.0,0.0,0.0,0.0,0.019999999552965164,0.0,0.0,0.0,0.0,0.0,0.04918420687317848,0.06918420642614365,0.0,0.0,0.0,0.0
133.105,0.019999999552965164,-0.019999999552965164,0.03999999910593033,datactrl_ref_vx_fallback,states_vx_gs,-0.009999999776482582,states_theta,0.07653961330652237,0.38995487221446207,0.22514058294176303,0.5199318206064645,0.519947838632101,0.5197055443852008,0.5201741148533647,0.5199996402849822,0.5198800189535833,0.0,0.0,0.0,0.0,0.019999999552965164,0.0,0.0,0.0,0.0,0.0,0.047586459666490555,0.057586461305618286,0.0,0.0,0.0,0.0
133.43,0.019999999552965164,-0.019999999552965164,0.03999999910593033,datactrl_ref_vx_fallback,states_vx_gs,-0.019999999552965164,states_theta,-0.12291005998849869,0.39035876617473575,0.22537380819179015,0.5204746182535215,0.5204820915457739,0.5208277059320746,0.5201290038672207,0.5204219980885448,0.5205347117107505,0.0,0.0,0.0,0.0,0.019999999552965164,0.0,0.0,0.0,0.0,0.0,0.045988716185092926,0.06598871201276779,0.0,0.0,0.0,0.0
133.726,0.019999999552965164,-0.019999999552965164,0.03999999910593033,datactrl_ref_vx_fallback,states_vx_gs,-0.03999999910593033,states_theta,-0.13707073032855988,0.38998462107391824,0.22515781552487885,0.5201723000937196,0.519786689436729,0.5200722612057788,0.5198867283246699,0.5203194300691808,0.5196395594612678,0.0,0.0,0.0,0.0,0.019999999552965164,0.0,0.0,0.0,0.0,0.0,0.044390968978405,0.08439096808433533,0.0,0.0,0.0,0.0
134.067,0.019999999552965164,-0.019999999552965164,0.03999999910593033,datactrl_ref_vx_fallback,states_vx_gs,-0.029999999329447746,states_theta,0.10598089545965195,0.39002534056226607,0.22518135077794693,0.5199347725318866,0.5201328023008229,0.520278283215788,0.5197892916169216,0.5196618605001446,0.5204057143325649,0.0,0.0,0.0,0.0,0.019999999552965164,0.0,0.0,0.0,0.0,0.0,0.04279322549700737,0.07279322296380997,0.0,0.0,0.0,0.0
134.397,0.019999999552965164,-0.019999999552965164,0.03999999910593033,datactrl_ref_vx_fallback,states_vx_gs,-0.019999999552965164,states_theta,0.04696254804730415,0.3900529325638886,0.22519727557070518,0.520245721166638,0.519895432337065,0.5197521104025759,0.5203890431011272,0.5203274799207743,0.5198136735829287,0.0,0.0,0.0,0.0,0.019999999552965164,0.0,0.0,0.0,0.0,0.0,0.04119547829031944,0.06119547784328461,0.0,0.0,0.0,0.0
134.702,0.019999999552965164,-0.019999999552965164,0.03999999910593033,datactrl_ref_vx_fallback,states_vx_gs,-0.019999999552965164,states_theta,-0.007530298549681902,0.39005401248569005,0.22519791412022933,0.5198718859444983,0.5202721473506752,0.5204000527878769,0.5197439805072965,0.5197935180205089,0.5203505152746646,0.0,0.0,0.0,0.0,0.019999999552965164,0.0,0.0,0.0,0.0,0.0,0.039597734808921814,0.05959773436188698,0.0,0.0,0.0,0.0
135.02,0.019999999552965164,-0.019999999552965164,0.03999999910593033,datactrl_ref_vx_fallback,states_vx_gs,-0.019999999552965164,states_theta,0.02421664260327816,0.39008236042816447,0.22521438919981637,0.5203403319984746,0.519879295809964,0.5196719322569278,0.5205476955515108,0.5205289106059378,0.5196907172025008,0.0,0.0,0.0,0.0,0.019999999552965164,0.0,0.0,0.0,0.0,0.0,0.03799998760223389,0.05799998715519905,0.0,0.0,0.0,0.0
135.318,0.009999999776482582,-0.009999999776482582,0.019999999552965164,datactrl_ref_vx_fallback,states_vx_gs,-0.009999999776482582,states_theta,0.03202724829316139,0.3900839803107792,0.22521527734257535,0.5198985378899603,0.5203254096054508,0.5204997740659318,0.5197241734294793,0.5197381780550281,0.520485769440383,0.0,0.0,0.0,0.0,0.009999999776482582,0.0,0.0,0.0,0.0,0.0,0.055598609149456024,0.06559860706329346,0.0,0.0,0.0,0.0
135.657,0.009999999776482582,-0.009999999776482582,0.019999999552965164,datactrl_ref_vx_fallback,states_vx_gs,0.05479973554611206,datactrl_est_theta_fallback,0.04399245232343674,0.3900856001933939,0.22521612909896516,0.5202338818174458,0.5199943853649379,0.5197917368468513,0.5204365303355324,0.5203729288797493,0.5198553383026344,0.0,0.0,0.0,0.0,0.009999999776482582,0.0,0.0,0.0,0.0,0.0,0.05479973554611206,0.05479973554611206,0.0,0.0,0.0,0.0
135.958,0.009999999776482582,-0.009999999776482582,0.019999999552965164,datactrl_ref_vx_fallback,states_vx_gs,0.0540008619427681,datactrl_est_theta_fallback,0.007033785339444876,0.3900872200760086,0.2252170383666378,0.5199719798892554,0.5202606069801009,0.5203661115004649,0.5198664753688914,0.5198812936008491,0.5203512932685072,0.0,0.0,0.0,0.0,0.009999999776482582,0.0,0.0,0.0,0.0,0.0,0.0540008619427681,0.0540008619427681,0.0,0.0,0.0,0.0
136.289,0.009999999776482582,-0.009999999776482582,0.019999999552965164,datactrl_ref_vx_fallback,states_vx_gs,0.05320198833942413,datactrl_est_theta_fallback,0.023160215467214584,0.3900888399586233,0.22521799691432617,0.5202888874659981,0.5199480190903307,0.5198348507041498,0.520402055852179,0.5203848699082739,0.5198520366480549,0.0,0.0,0.0,0.0,0.009999999776482582,0.0,0.0,0.0,0.0,0.0,0.05320198833942413,0.05320198833942413,0.0,0.0,0.0,0.0
136.637,0.009999999776482582,-0.009999999776482582,0.019999999552965164,datactrl_ref_vx_fallback,states_vx_gs,0.05240311473608017,datactrl_est_theta_fallback,0.021728549152612686,0.390090459841238,0.22521890555471646,0.5200154925607978,0.5202257336825036,0.5203605938551813,0.5198806323881201,0.5198678475364927,0.5203733787068087,0.0,0.0,0.0,0.0,0.009999999776482582,0.0,0.0,0.0,0.0,0.0,0.05240311473608017,0.05240311473608017,0.0,0.0,0.0,0.0
136.967,0.009999999776482582,-0.009999999776482582,0.019999999552965164,datactrl_ref_vx_fallback,states_vx_gs,0.051604244858026505,datactrl_est_theta_fallback,0.020211312919855118,0.39009207972385274,0.225219787460004,0.5201985350880315,0.5200470108422425,0.5199948070907561,0.5202507388395179,0.5202424443722025,0.5200031015580715,0.0,0.0,0.0,0.0,0.009999999776482582,0.0,0.0,0.0,0.0,0.0,0.051604244858026505,0.051604244858026505,0.0,0.0,0.0,0.0
137.283,0.009999999776482582,-0.009999999776482582,0.019999999552965164,datactrl_ref_vx_fallback,states_vx_gs,0.05120480805635452,datactrl_est_theta_fallback,-2.1950323571218178e-05,0.3900662156014691,0.22520484188085174,0.5201191609770109,0.52005741396024,0.5200296703556309,0.52014690458162,0.5201819124792026,0.5199946624580483,0.0,0.0,0.0,0.0,0.009999999776482582,0.0,0.0,0.0,0.0,0.0,0.05120480805635452,0.05120480805635452,0.0,0.0,0.0,0.0
137.426,0.009999999776482582,-0.009999999776482582,0.019999999552965164,datactrl_ref_vx_fallback,states_vx_gs,0.009999999776482582,states_theta,0.012907123193144798,0.39006675556236975,0.2252053189989294,0.5202973018004748,0.5198807130325112,0.519700490763461,0.520477524069525,0.5204307138598732,0.5197473009731128,0.0,0.0,0.0,0.0,0.009999999776482582,0.0,0.0,0.0,0.0,0.0,0.05040593445301056,0.040405936539173126,0.0,0.0,0.0,0.0
137.723,0.019999999552965164,-0.019999999552965164,0.03999999910593033,datactrl_ref_vx_fallback,states_vx_gs,0.009999999776482582,states_theta,-0.015445731580257416,0.3900403514747287,0.2251901833140851,0.5198135823400314,0.5202940215925784,0.5204779709039736,0.5196296330286362,0.5195348466098612,0.5205727573227487,0.0,0.0,0.0,0.0,0.019999999552965164,0.0,0.0,0.0,0.0,0.0,0.030450640246272087,0.020450640469789505,0.0,0.0,0.0,0.0
138.067,0.019999999552965164,-0.019999999552965164,0.03999999910593033,datactrl_ref_vx_fallback,states_vx_gs,0.02885289303958416,datactrl_est_theta_fallback,-0.0713866800069809,0.389999928939128,0.22516672548800884,0.5201709835034972,0.5198288270008441,0.5196753307088814,0.5203244797954599,0.5203953225852157,0.5196044879191256,0.0,0.0,0.0,0.0,0.019999999552965164,0.0,0.0,0.0,0.0,0.0,0.02885289303958416,0.02885289303958416,0.0,0.0,0.0,0.0
138.36,0.019999999552965164,-0.019999999552965164,0.03999999910593033,datactrl_ref_vx_fallback,states_vx_gs,0.027255147695541382,datactrl_est_theta_fallback,-0.042412273585796356,0.38997257979116995,0.2251508518673595,0.5197855540992149,0.5201413253439049,0.5202321843743584,0.5196946950687614,0.5197723007657092,0.5201545786774106,0.0,0.0,0.0,0.0,0.019999999552965164,0.0,0.0,0.0,0.0,0.0,0.027255147695541382,0.027255147695541382,0.0,0.0,0.0,0.0
138.687,0.009999999776482582,-0.009999999776482582,0.019999999552965164,datactrl_ref_vx_fallback,states_vx_gs,-0.009999999776482582,states_theta,0.013323767110705376,0.3899447176803561,0.22513478652981417,0.5201250738263236,0.519727506654626,0.5197030653962639,0.5201495150846857,0.520223975708859,0.5196286047720905,0.0,0.0,0.0,0.0,0.009999999776482582,0.0,0.0,0.0,0.0,0.0,0.04461410641670227,0.05461410805583,0.0,0.0,0.0,0.0
139.027,0.010041039040515898,-0.009999999776482582,0.02004103881699848,datactrl_ref_vx_fallback,states_vx_gs,0.043774861842393875,datactrl_est_theta_fallback,0.06956291198730469,0.3899298486845484,0.22512625678606937,0.5196883274554491,0.5201246023700132,0.5202462954787991,0.5195666343466633,0.5195692472895811,0.5202436825358813,0.0,0.0,0.0,2.0519433746812865e-05,0.010020519606769085,0.0,0.0,0.0,0.0,0.0,0.043774861842393875,0.043774861842393875,0.0,0.0,0.0,0.0
139.332,0.016703152796253562,-0.009999999776482582,0.026703152572736144,datactrl_ref_vx_fallback,states_vx_gs,0.009999999776482582,states_theta,0.06807716190814972,0.3899009605236917,0.22510950796232534,0.5200350994524235,0.519700795277421,0.5195904027342972,0.5201454919955473,0.5200808000260677,0.5196550947037768,0.0,0.0,0.0,0.003351576393470168,0.013351576402783394,0.0,0.0,0.0,0.0,0.0,0.03655331954360008,0.02655331790447235,0.0,0.0,0.0,0.0
139.658,0.026703152572736144,-0.019999999552965164,0.04670315212570131,datactrl_ref_vx_fallback,states_vx_gs,0.019999999552965164,states_theta,0.028854098170995712,0.3898716133873514,0.2250925304184301,0.5197370632360265,0.5199205724635771,0.5199456194282375,0.5197120162713662,0.5195698992760465,0.5200877364235572,0.0,0.0,0.0,0.003351576393470168,0.023351576179265976,0.0,0.0,0.0,0.0,0.0,0.016170499846339226,-0.0038294990081340075,0.0,0.0,0.0,0.0
139.974,0.02674596686847508,-0.019999999552965164,0.046745966421440244,datactrl_ref_vx_fallback,states_vx_gs,0.009999999776482582,states_theta,-0.02929934859275818,0.3898689133253664,0.2250909569446177,0.5199425460480354,0.519707889486275,0.5196411273567668,0.5200093081775435,0.5199483752579895,0.5197020602763208,0.0,0.0,0.0,0.003372983308508992,0.023372983559966087,0.0,0.0,0.0,0.0,0.0,0.014263741672039032,0.004263742361217737,0.0,0.0,0.0,0.0
140.283,0.033406305592507124,-0.019999999552965164,0.05340630514547229,datactrl_ref_vx_fallback,states_vx_gs,0.005844199564307928,datactrl_est_theta_fallback,-0.08807095885276794,0.3898387562475441,0.22507357187447005,0.5198705397741257,0.5196994768859919,0.520021504059712,0.5195485126004056,0.5195691010319046,0.520000915628213,0.0,0.0,0.0,0.006703152786940336,0.026703152805566788,0.0,0.0,0.0,0.0,0.0,0.005844199564307928,0.005844199564307928,0.0,0.0,0.0,0.0
140.602,0.03340807091444731,-0.019999999552965164,0.05340807046741247,datactrl_ref_vx_fallback,states_vx_gs,0.0037092564161866903,datactrl_est_theta_fallback,-0.051041096448898315,0.3898355162245712,0.22507165567752493,0.5198996911384502,0.5196616854604063,0.519676213663705,0.5198851629351515,0.519832978773136,0.5197283978257206,0.0,0.0,0.0,0.006704035215079784,0.026704035699367523,0.0,0.0,0.0,0.0,0.0,0.0037092564161866903,0.0037092564161866903,0.0,0.0,0.0,0.0
140.886,0.03340807091444731,-0.019999999552965164,0.05340807046741247,datactrl_ref_vx_fallback,states_vx_gs,-0.009999999776482582,states_theta,-0.05296763777732849,0.3898593012486451,0.22508540781703282,0.519981835641649,0.5196429676880712,0.5196709223173245,0.5199538810123957,0.5199341839265389,0.5196906194031813,0.0,0.0,0.0,0.006704035215079784,0.026704035699367523,0.0,0.0,0.0,0.0,0.0,0.001575943548232317,0.011575943790376186,0.0,0.0,0.0,0.0
141.18,0.04007017333060503,-0.019999999552965164,0.060070172883570194,datactrl_ref_vx_fallback,states_vx_gs,-0.019999999552965164,states_theta,-0.054027315229177475,0.3898566011866601,0.22508381886206766,0.5198194493472005,0.5197981538172264,0.5197336394600341,0.5198839637043927,0.519869131144877,0.5197484720195499,0.0,0.0,0.0,0.01003508735448122,0.03003508597612381,0.0,0.0,0.0,0.0,0.0,-0.007111444137990475,0.01288855541497469,0.0,0.0,0.0,0.0
141.502,0.030070175416767597,-0.009999999776482582,0.04007017519325018,datactrl_ref_vx_fallback,states_vx_gs,-0.029999999329447746,states_theta,-0.029564280062913895,0.3872994551677365,0.22360745399866566,0.516358222378742,0.5164403247352221,0.5163570378276195,0.5164415092863445,0.5165140270816636,0.5162845200323004,0.0,0.0,0.0,0.01003508735448122,0.020035088062286377,0.0,0.0,0.0,0.0,0.0,0.010005049407482147,0.04000505059957504,0.0,0.0,0.0,0.0
141.804,0.03677157126367092,-0.009999999776482582,0.0467715710401535,datactrl_ref_vx_fallback,states_vx_gs,-0.029999999329447746,states_theta,0.0050024427473545074,0.3802566390065929,0.2195412732729691,0.5069941085313953,0.5070235954861858,0.5069908816100034,0.5070268224075777,0.5069974718998457,0.5070202321177354,0.0,0.0,0.0,0.01338578574359417,0.02338578552007675,0.0,0.0,0.0,0.0,0.0,0.0018521982710808516,0.03185219690203667,0.0,0.0,0.0,0.0
142.106,0.03677157126367092,-0.009999999776482582,0.0467715710401535,datactrl_ref_vx_fallback,states_vx_gs,-0.03999999910593033,states_theta,-0.030806655064225197,0.375989727331733,0.21707777222781402,0.5013234763657928,0.5013157965188286,0.5013647462239235,0.5012745266606979,0.501355967386099,0.5012833054985224,0.0,0.0,0.0,0.01338578574359417,0.02338578552007675,0.0,0.0,0.0,0.0,0.0,-1.6028645404730923e-05,0.03998396918177605,0.0,0.0,0.0,0.0
142.439,0.03677157126367092,-0.009999999776482582,0.0467715710401535,datactrl_ref_vx_fallback,states_vx_gs,-0.03999999910593033,states_theta,-0.01928592473268509,0.37636076225328524,0.21729198826654753,0.5018167361106532,0.5018119632314407,0.5018471562784621,0.5017815430636319,0.501834977740685,0.501793721601409,0.0,0.0,0.0,0.01338578574359417,0.02338578552007675,0.0,0.0,0.0,0.0,0.0,-0.0018842555582523346,0.038115743547677994,0.0,0.0,0.0,0.0
142.756,0.04343368671834469,-0.009999999776482582,0.05343368649482727,datactrl_ref_vx_fallback,states_vx_gs,-0.03999999910593033,states_theta,0.03331005200743675,0.3779065284853202,0.21818443832514806,0.5038788196807354,0.5038719229467851,0.5038219299032914,0.5039288127242291,0.5038396119663345,0.503911130661186,0.0,0.0,0.0,0.016716843470931053,0.026716843247413635,0.0,0.0,0.0,0.0,0.0,-0.010053765028715134,0.029946234077215195,0.0,0.0,0.0,0.0
143.077,0.04343368671834469,-0.009999999776482582,0.05343368649482727,datactrl_ref_vx_fallback,states_vx_gs,-0.03999999910593033,states_theta,-0.02562134526669979,0.3803822010002267,0.2196137667562042,0.5071992172127501,0.5071533187878544,0.5071710598882797,0.5071814761123248,0.5071991714337187,0.5071533645668858,0.0,0.0,0.0,0.016716843470931053,0.026716843247413635,0.0,0.0,0.0,0.0,0.0,-0.012188100256025791,0.027811897918581963,0.0,0.0,0.0,0.0
143.383,0.04343368671834469,-0.009999999776482582,0.05343368649482727,datactrl_ref_vx_fallback,states_vx_gs,-0.04999999701976776,states_theta,-0.03072497248649597,0.3826141475583289,0.22090238298983242,0.5101484655031898,0.5101559279856873,0.510207415199331,0.5100969782895461,0.510169429394963,0.5101349640939141,0.0,0.0,0.0,0.016716843470931053,0.026716843247413635,0.0,0.0,0.0,0.0,0.0,-0.014322436414659023,0.03567755967378616,0.0,0.0,0.0,0.0
143.695,0.03339264914393425,0.016696324571967125,0.016696324571967125,datactrl_ref_vx_fallback,datactrl_est_vx_fallback,-0.04999999701976776,states_theta,-0.006208857521414757,0.3844937546648611,0.2219875768263872,0.512667677085639,0.5126490020206572,0.5127159807696413,0.5126006983366549,0.512720115455636,0.5125965636506602,0.0,0.0,0.0,0.016696324571967125,0.016696324571967125,0.0,0.0,0.0,0.0,0.0,0.00277922791428864,0.05277922376990318,0.0,0.0,0.0,0.0
144.057,0.03339264914393425,0.016696324571967125,0.016696324571967125,datactrl_ref_vx_fallback,datactrl_est_vx_fallback,-0.029999999329447746,states_theta,0.09779257327318192,0.3860805280338378,0.22290370823805514,0.5147825127318417,0.5147655620250591,0.5146721155724976,0.5148759591844032,0.5146742574446592,0.5148738173122416,0.0,0.0,0.0,0.016696324571967125,0.016696324571967125,0.0,0.0,0.0,0.0,0.0,0.0014454040210694075,0.03144540265202522,0.0,0.0,0.0,0.0
144.346,0.04005476087331772,0.02002738043665886,0.02002738043665886,datactrl_ref_vx_fallback,datactrl_est_vx_fallback,-0.019999999552965164,states_theta,0.03233928978443146,0.38722478740595395,0.2235643427596915,0.5163074434083396,0.5162919896742043,0.5162177203566384,0.5163817127259055,0.5162181336739183,0.5163812994086255,0.0,0.0,0.0,0.02002738043665886,0.02002738043665886,0.0,0.0,0.0,0.0,0.0,-0.006322753150016069,0.013677245937287807,0.0,0.0,0.0,0.0
144.637,0.04005476087331772,0.02002738043665886,0.02002738043665886,datactrl_ref_vx_fallback,datactrl_est_vx_fallback,-0.029999999329447746,states_theta,-0.042015235871076584,0.3881541334289092,0.22410089408987324,0.5175483013336577,0.5175293878101002,0.5175401937180211,0.5175374954257368,0.5175720962661556,0.5175055928776022,0.0,0.0,0.0,0.02002738043665886,0.02002738043665886,0.0,0.0,0.0,0.0,0.0,-0.007922686636447906,0.02207731269299984,0.0,0.0,0.0,0.0
144.937,0.04005476087331772,0.02002738043665886,0.02002738043665886,datactrl_ref_vx_fallback,datactrl_est_vx_fallback,-0.03999999910593033,states_theta,-0.012689675204455853,0.3884737075005612,0.22428539992764185,0.5179681959351023,0.5179616907330609,0.5179890063893028,0.5179408802788604,0.5179639998615221,0.5179658868066411,0.0,0.0,0.0,0.02002738043665886,0.02002738043665886,0.0,0.0,0.0,0.0,0.0,-0.009522619657218456,0.030477380380034447,0.0,0.0,0.0,0.0
145.252,0.04005476087331772,0.02002738043665886,0.02002738043665886,datactrl_ref_vx_fallback,datactrl_est_vx_fallback,-0.019999999552965164,states_theta,0.05227479338645935,0.38882222810952166,0.22448664698379883,0.5184051750809153,0.5184540998778091,0.5184269153651628,0.5184323595935616,0.5182030816169065,0.5186561933418179,0.0,0.0,0.0,0.02002738043665886,0.02002738043665886,0.0,0.0,0.0,0.0,0.0,-0.011122552677989006,0.008877446874976158,0.0,0.0,0.0,0.0
145.557,0.04005476087331772,0.02002738043665886,0.02002738043665886,datactrl_ref_vx_fallback,datactrl_est_vx_fallback,-0.019999999552965164,states_theta,0.02156858704984188,0.3891914301834185,0.2246998003760028,0.5188769722522943,0.5189668415701549,0.5189469823468059,0.5188968314756434,0.5187234028188555,0.5191204110035937,0.0,0.0,0.0,0.02002738043665886,0.02002738043665886,0.0,0.0,0.0,0.0,0.0,-0.012722485698759556,0.007277514319866896,0.0,0.0,0.0,0.0
145.853,0.04001372307538986,0.02000686153769493,0.02000686153769493,datactrl_ref_vx_fallback,datactrl_est_vx_fallback,-0.03999999910593033,states_theta,-0.09410502016544342,0.3892192562197554,0.22471585706324318,0.5189810078272079,0.5189370087588066,0.5189690536870148,0.5189489628989996,0.5191198232056902,0.5187981933803243,0.0,0.0,0.0,0.02000686153769493,0.02000686153769493,0.0,0.0,0.0,0.0,0.0,-0.01428278349339962,0.02571721561253071,0.0,0.0,0.0,0.0
146.132,0.04001372307538986,0.02000686153769493,0.02000686153769493,datactrl_ref_vx_fallback,datactrl_est_vx_fallback,-0.019999999552965164,states_theta,0.10171385109424591,0.3972103683627051,0.22932957951397545,0.5296663898395326,0.529561259127681,0.5292688507215709,0.5299587982456427,0.5296050438529484,0.5296226051142653,0.0,0.0,0.0,0.02000686153769493,0.02000686153769493,0.0,0.0,0.0,0.0,0.0,-0.015881076455116272,0.004118922166526318,0.0,0.0,0.0,0.0
146.434,0.04001372307538986,0.02000686153769493,0.02000686153769493,datactrl_ref_vx_fallback,datactrl_est_vx_fallback,-0.019999999552965164,states_theta,0.03187701106071472,0.40299645230377323,0.23267012896825445,0.5372422713967395,0.5374149347466557,0.5372641001600487,0.5373931059833466,0.5371760140929209,0.5374811920504743,0.0,0.0,0.0,0.02000686153769493,0.02000686153769493,0.0,0.0,0.0,0.0,0.0,-0.017479371279478073,0.002520628273487091,0.0,0.0,0.0,0.0
146.723,0.04001372307538986,0.02000686153769493,0.02000686153769493,datactrl_ref_vx_fallback,datactrl_est_vx_fallback,-0.019999999552965164,states_theta,-0.054741270840168,0.39748446207451843,0.22948776491883205,0.5299055019482275,0.5300530635838216,0.5299692229269797,0.5299893426050695,0.5299428950937766,0.5300156704382726,0.0,0.0,0.0,0.02000686153769493,0.02000686153769493,0.0,0.0,0.0,0.0,0.0,-0.019077664241194725,0.0009223345550708473,0.0,0.0,0.0,0.0
147.032,0.039972685277462006,0.019986342638731003,0.019986342638731003,datactrl_ref_vx_fallback,datactrl_est_vx_fallback,-0.03999999910593033,states_theta,-0.0982719138264656,0.39400640396313313,0.22747972714534692,0.5253396181741321,0.5253441257275562,0.5252883855246122,0.5253953583770761,0.5255427798794348,0.5251409640222535,0.0,0.0,0.0,0.019986342638731003,0.019986342638731003,0.0,0.0,0.0,0.0,0.0,-0.02063632383942604,0.019363675266504288,0.0,0.0,0.0,0.0
147.323,0.039972737431526184,0.019986368715763092,0.019986368715763092,datactrl_ref_vx_fallback,datactrl_est_vx_fallback,-0.03999999910593033,states_theta,-0.03321350738406181,0.3922812517553388,0.2264836917363037,0.5230339269623878,0.5230494110518489,0.5231142914704785,0.5229690465437582,0.5229744548362312,0.5231088831780055,0.0,0.0,0.0,0.019986368715763092,0.019986368715763092,0.0,0.0,0.0,0.0,0.0,-0.022233029827475548,0.01776696927845478,0.0,0.0,0.0,0.0
147.643,0.039972685277462006,0.019986342638731003,0.019986342638731003,datactrl_ref_vx_fallback,datactrl_est_vx_fallback,-0.05999999865889549,states_theta,-0.08603282272815704,0.3912712381583938,0.22590056850823947,0.5216999225890137,0.5216900458333699,0.5217850317183527,0.5216049367040309,0.5218248422310535,0.52156512619133,0.0,0.0,0.0,0.019986342638731003,0.019986342638731003,0.0,0.0,0.0,0.0,0.0,-0.023829635232686996,0.036170363426208496,0.0,0.0,0.0,0.0
147.924,0.039972685277462006,0.019986342638731003,0.019986342638731003,datactrl_ref_vx_fallback,datactrl_est_vx_fallback,-0.07000000029802322,states_theta,-0.08603186905384064,0.39057298886977154,0.2254974431337189,0.5207199168590102,0.5208080534603805,0.5209355841181186,0.5205923862012721,0.5208633411153448,0.5206646292040459,0.0,0.0,0.0,0.019986342638731003,0.019986342638731003,0.0,0.0,0.0,0.0,0.0,-0.025426289066672325,0.04457370936870575,0.0,0.0,0.0,0.0
148.22,0.029931647703051567,0.009999999776482582,0.019931647926568985,datactrl_ref_vx_fallback,states_vx_gs,-0.08999999612569809,states_theta,-0.04175833612680435,0.3902403642323224,0.22530542384082428,0.5202902444228588,0.5203507268633343,0.5204951860077193,0.5201457852784738,0.520541344702732,0.5200996265834611,0.0,0.0,0.0,0.019965823739767075,0.009965823963284492,0.0,0.0,0.0,0.0,0.0,-0.0076679326593875885,0.0823320671916008,0.0,0.0,0.0,0.0
148.531,0.02327047474682331,0.009999999776482582,0.013270474970340729,datactrl_ref_vx_fallback,states_vx_gs,-0.08999999612569809,states_theta,-0.007994106039404869,0.3899021123605093,0.22511014310150443,0.5198320765857817,0.5199068897089097,0.5199326894972857,0.5198062767974058,0.5201712835936932,0.5195676827009982,0.0,0.0,0.0,0.016635237261652946,0.006635237485170364,0.0,0.0,0.0,0.0,0.0,-0.0021636844612658024,0.08783631026744843,0.0,0.0,0.0,0.0
148.835,0.02327047474682331,0.009999999776482582,0.013270474970340729,datactrl_ref_vx_fallback,states_vx_gs,-0.07000000029802322,states_theta,0.22398149967193604,0.3899321123323461,0.2251274395814951,0.5198469522490851,0.5199720139705045,0.5199098034646435,0.519909162754946,0.5196873812250197,0.5201315849945699,0.0,0.0,0.0,0.016635237261652946,0.006635237485170364,0.0,0.0,0.0,0.0,0.0,-0.002693755552172661,0.06730624288320541,0.0,0.0,0.0,0.0
149.12,0.0232695322483778,0.009999999776482582,0.013269532471895218,datactrl_ref_vx_fallback,states_vx_gs,-0.03999999910593033,states_theta,0.006200798321515322,0.3899621123041828,0.22514478485177147,0.520129096912311,0.5197698692321765,0.5198049071641622,0.5200940589803253,0.5201609308364785,0.519738035308009,0.0,0.0,0.0,0.01663476601243019,0.006634766235947609,0.0,0.0,0.0,0.0,0.0,-0.0032229351345449686,0.036777064204216,0.0,0.0,0.0,0.0
149.421,0.0066074188798666,0.019999999552965164,-0.013392580673098564,datactrl_ref_vx_fallback,states_vx_gs,-0.04999999701976776,states_theta,0.1662149578332901,0.3899921122760196,0.22516213467454357,0.5198158176363785,0.5201631484330071,0.5202014272605899,0.5197775388087957,0.5197144653108672,0.5202645007585185,0.0,0.0,0.0,0.013303709216415882,-0.006696290336549282,0.0,0.0,0.0,0.0,0.0,0.0221041701734066,0.07210417091846466,0.0,0.0,0.0,0.0
149.713,0.006566379219293594,0.019999999552965164,-0.01343362033367157,datactrl_ref_vx_fallback,states_vx_gs,-0.019999999552965164,states_theta,0.03588703274726868,0.39002211224785654,0.22517943209300428,0.5201653052647192,0.5198936607295649,0.519843056286536,0.520215909707748,0.5202660386962649,0.5197929272980192,0.0,0.0,0.0,0.01328318938612938,-0.006716810166835785,0.0,0.0,0.0,0.0,0.0,0.022677935659885406,0.04267793521285057,0.0,0.0,0.0,0.0
150.025,0.006566379219293594,0.019999999552965164,-0.01343362033367157,datactrl_ref_vx_fallback,states_vx_gs,-0.009999999776482582,states_theta,0.05496656522154808,0.3900521122196933,0.225196729256975,0.5199390245462726,0.5201999413729096,0.520207557648963,0.5199314082702192,0.5198932480382624,0.5202457178809198,0.0,0.0,0.0,0.01328318938612938,-0.006716810166835785,0.0,0.0,0.0,0.0,0.0,0.023214522749185562,0.03321452438831329,0.0,0.0,0.0,0.0
150.301,-9.57343727350235e-05,0.019999999552965164,-0.020095733925700188,datactrl_ref_vx_fallback,states_vx_gs,0.03018544614315033,datactrl_est_theta_fallback,0.008869260549545288,0.3897022375537345,0.22499482374452784,0.5198297025870993,0.5193762642228594,0.5193207168500044,0.5198852499599543,0.5199293249631111,0.5192766418468476,0.0,0.0,0.0,0.00995213259011507,-0.010047866962850094,0.0,0.0,0.0,0.0,0.0,0.03018544614315033,0.03018544614315033,0.0,0.0,0.0,0.0
150.583,-9.57343727350235e-05,0.019999999552965164,-0.020095733925700188,datactrl_ref_vx_fallback,states_vx_gs,0.030988143756985664,datactrl_est_theta_fallback,0.000947227468714118,0.3901008621739281,0.2252249171309886,0.5203999843313206,0.519868981465821,0.519981413054928,0.5202875527422136,0.520355932965673,0.5199130328314686,0.0,0.0,0.0,0.00995213259011507,-0.010047866962850094,0.0,0.0,0.0,0.0,0.0,0.030988143756985664,0.030988143756985664,0.0,0.0,0.0,0.0
150.868,-0.006757848430424929,0.019999999552965164,-0.026757847983390093,datactrl_ref_vx_fallback,states_vx_gs,0.03809212148189545,datactrl_est_theta_fallback,0.04051204025745392,0.38975136250761727,0.22502322096888225,0.5196151980109611,0.5197217686760183,0.5200684905357356,0.5192684761512438,0.5192975111491362,0.5200394555378431,0.0,0.0,0.0,0.006621075328439474,-0.013378923758864403,0.0,0.0,0.0,0.0,0.0,0.03809212148189545,0.03809212148189545,0.0,0.0,0.0,0.0
151.16,-0.0068015833385288715,0.019999999552965164,-0.026801582891494036,datactrl_ref_vx_fallback,states_vx_gs,0.03920232877135277,datactrl_est_theta_fallback,0.060644183307886124,0.390149237128515,0.22525276864855417,0.5201542442991495,0.5202437213768906,0.520218065841717,0.520179899834323,0.520177526478093,0.520220439197947,0.0,0.0,0.0,0.006599207874387503,-0.013400791212916374,0.0,0.0,0.0,0.0,0.0,0.03920232877135277,0.03920232877135277,0.0,0.0,0.0,0.0
151.464,-0.0068015833385288715,0.019999999552965164,-0.026801582891494036,datactrl_ref_vx_fallback,states_vx_gs,0.019999999552965164,states_theta,0.06305620819330215,0.3897997374622042,0.22505101290319265,0.5195608847058548,0.519905081860023,0.51977239846371,0.5196935681021678,0.5195845602474579,0.51988140631842,0.0,0.0,0.0,0.006599207874387503,-0.013400791212916374,0.0,0.0,0.0,0.0,0.0,0.04027288034558296,0.020272882655262947,0.0,0.0,0.0,0.0
151.791,-0.013461001683026552,0.019999999552965164,-0.033461001235991716,datactrl_ref_vx_fallback,states_vx_gs,0.029999999329447746,states_theta,0.06497133523225784,0.3901979870827499,0.22528096908833747,0.520038557764187,0.5204894077898127,0.5203479313873302,0.5201800341666695,0.520055563784296,0.5204724017697037,0.0,0.0,0.0,0.0032694987021386623,-0.016730500385165215,0.0,0.0,0.0,0.0,0.0,0.04777516797184944,0.017775166779756546,0.0,0.0,0.0,0.0
152.094,-0.013461001683026552,0.019999999552965164,-0.033461001235991716,datactrl_ref_vx_fallback,states_vx_gs,0.029999999329447746,states_theta,-0.05287984386086464,0.3898473624174951,0.2250784890110874,0.5197275021182367,0.519865464328417,0.5198178359091512,0.5197751305375025,0.5199045074012052,0.5196884590454485,0.0,0.0,0.0,0.0032694987021386623,-0.016730500385165215,0.0,0.0,0.0,0.0,0.0,0.04911172017455101,0.019111722707748413,0.0,0.0,0.0,0.0
152.395,-0.010123116640897933,0.009999999776482582,-0.020123116417380515,datactrl_ref_vx_fallback,states_vx_gs,0.029999999329447746,states_theta,0.05322234332561493,0.38986986239637283,0.22509148796520057,0.5199184965762673,0.5197344698140602,0.5196719656184079,0.5199810007719197,0.5198279389990308,0.5198250273912968,0.0,0.0,0.0,-6.15583048784174e-05,-0.010061558336019516,0.0,0.0,0.0,0.0,0.0,0.03759313374757767,0.007593134883791208,0.0,0.0,0.0,0.0
152.703,-0.010123116640897933,0.009999999776482582,-0.020123116417380515,datactrl_ref_vx_fallback,states_vx_gs,0.03999999910593033,states_theta,-0.09602004289627075,0.3898923623752504,0.22510447584317883,0.5199655735496992,0.5197473927843018,0.5199814275714042,0.5197315387625968,0.5198378112113687,0.5198751551226323,0.0,0.0,0.0,-6.15583048784174e-05,-0.010061558336019516,0.0,0.0,0.0,0.0,0.0,0.0383969247341156,-0.0016030746046453714,0.0,0.0,0.0,0.0
