time_s,vx_target,vx_actual,vx_error,vx_target_source,vx_actual_source,pitch_actual,pitch_actual_source,pitch_rate_q,pwm_mean,pwm_std,pwm_1,pwm_2,pwm_3,pwm_4,pwm_5,pwm_6,pwm_7,pwm_8,ctrl_vx_dX2Vx,ctrl_vx_var,ctrl_vx_delta,ctrl_vx_p,ctrl_vx_int,ctrl_vx_d,ctrl_ele_ffc,ctrl_theta_trim,ctrl_theta_var,ctrl_delta_theta,ctrl_theta_p,ctrl_theta_d,ctrl_ele_fbc,ctrl_ele_law_out
0.0,0.0,0.0,0.0,datactrl_ref_vx_fallback,datactrl_est_vx_fallback,0.029999999329447746,states_theta,0.0010003705974668264,1.7149863811864753e-06,2.824801261769581e-06,2.690440150884986e-06,0.0,0.0,8.621378140007456e-06,0.0,2.408072758599361e-06,0.0,0.0,0.0,0.0,0.0,0.0,0.0,0.0,0.0,0.0,0.0,-0.029999999329447746,0.0,0.0,0.0,0.0
0.064,0.0,0.0,0.0,datactrl_ref_vx_fallback,datactrl_est_vx_fallback,0.029999999329447746,states_theta,0.0010003705974668264,1.7149863811864753e-06,2.824801261769581e-06,2.690440150884986e-06,0.0,0.0,8.621378140007456e-06,0.0,2.408072758599361e-06,0.0,0.0,0.0,0.0,0.0,0.0,0.0,0.0,0.0,0.0,0.0,-0.029999999329447746,0.0,0.0,0.0,0.0
0.172,0.0,0.0,0.0,datactrl_ref_vx_fallback,datactrl_est_vx_fallback,0.029999999329447746,states_theta,0.0010003705974668264,1.7149863811864753e-06,2.824801261769581e-06,2.690440150884986e-06,0.0,0.0,8.621378140007456e-06,0.0,2.408072758599361e-06,0.0,0.0,0.0,0.0,0.0,0.0,0.0,0.0,0.0,0.0,0.0,-0.029999999329447746,0.0,0.0,0.0,0.0
0.225,0.0,0.0,0.0,datactrl_ref_vx_fallback,datactrl_est_vx_fallback,0.029999999329447746,states_theta,0.0010003705974668264,1.7149863811864753e-06,2.824801261769581e-06,2.690440150884986e-06,0.0,0.0,8.621378140007456e-06,0.0,2.408072758599361e-06,0.0,0.0,0.0,0.0,0.0,0.0,0.0,0.0,0.0,0.0,0.0,-0.029999999329447746,0.0,0.0,0.0,0.0
0.454,0.0,0.0,0.0,datactrl_ref_vx_fallback,datactrl_est_vx_fallback,0.029999999329447746,states_theta,0.0010003705974668264,1.7149863811864753e-06,2.824801261769581e-06,2.690440150884986e-06,0.0,0.0,8.621378140007456e-06,0.0,2.408072758599361e-06,0.0,0.0,0.0,0.0,0.0,0.0,0.0,0.0,0.0,0.0,0.0,-0.029999999329447746,0.0,0.0,0.0,0.0
0.651,0.0,0.0,0.0,datactrl_ref_vx_fallback,datactrl_est_vx_fallback,0.029999999329447746,states_theta,0.0010003705974668264,1.7149863811864753e-06,2.824801261769581e-06,2.690440150884986e-06,0.0,0.0,8.621378140007456e-06,0.0,2.408072758599361e-06,0.0,0.0,0.0,0.0,0.0,0.0,0.0,0.0,0.0,0.0,0.0,-0.029999999329447746,0.0,0.0,0.0,0.0
0.701,0.0,0.0,0.0,datactrl_ref_vx_fallback,datactrl_est_vx_fallback,0.029999999329447746,states_theta,0.0010003705974668264,1.7149863811864753e-06,2.824801261769581e-06,2.690440150884986e-06,0.0,0.0,8.621378140007456e-06,0.0,2.408072758599361e-06,0.0,0.0,0.0,0.0,0.0,0.0,0.0,0.0,0.0,0.0,0.0,-0.029999999329447746,0.0,0.0,0.0,0.0
0.871,0.0,0.0,0.0,datactrl_ref_vx_fallback,datactrl_est_vx_fallback,0.029999999329447746,states_theta,0.0010003705974668264,1.7149863811864753e-06,2.824801261769581e-06,2.690440150884986e-06,0.0,0.0,8.621378140007456e-06,0.0,2.408072758599361e-06,0.0,0.0,0.0,0.0,0.0,0.0,0.0,0.0,0.0,0.0,0.0,-0.029999999329447746,0.0,0.0,0.0,0.0
1.085,0.0,0.0,0.0,datactrl_ref_vx_fallback,datactrl_est_vx_fallback,0.029999999329447746,states_theta,0.0010003705974668264,1.7149863811864753e-06,2.824801261769581e-06,2.690440150884986e-06,0.0,0.0,8.621378140007456e-06,0.0,2.408072758599361e-06,0.0,0.0,0.0,0.0,0.0,0.0,0.0,0.0,0.0,0.0,0.0,-0.029999999329447746,0.0,0.0,0.0,0.0
1.288,0.0,0.0,0.0,datactrl_ref_vx_fallback,datactrl_est_vx_fallback,0.029999999329447746,states_theta,0.0010003705974668264,1.7149863811864753e-06,2.824801261769581e-06,2.690440150884986e-06,0.0,0.0,8.621378140007456e-06,0.0,2.408072758599361e-06,0.0,0.0,0.0,0.0,0.0,0.0,0.0,0.0,0.0,0.0,0.0,-0.029999999329447746,0.0,0.0,0.0,0.0
1.505,0.0,0.0,0.0,datactrl_ref_vx_fallback,datactrl_est_vx_fallback,0.029999999329447746,states_theta,0.0010003705974668264,1.7149863811864753e-06,2.824801261769581e-06,2.690440150884986e-06,0.0,0.0,8.621378140007456e-06,0.0,2.408072758599361e-06,0.0,0.0,0.0,0.0,0.0,0.0,0.0,0.0,0.0,0.0,0.0,-0.029999999329447746,0.0,0.0,0.0,0.0
1.74,0.0,0.0,0.0,datactrl_ref_vx_fallback,datactrl_est_vx_fallback,0.029999999329447746,states_theta,0.0010003705974668264,1.7149863811864753e-06,2.824801261769581e-06,2.690440150884986e-06,0.0,0.0,8.621378140007456e-06,0.0,2.408072758599361e-06,0.0,0.0,0.0,0.0,0.0,0.0,0.0,0.0,0.0,0.0,0.0,-0.029999999329447746,0.0,0.0,0.0,0.0
1.793,0.0,0.0,0.0,datactrl_ref_vx_fallback,datactrl_est_vx_fallback,0.029999999329447746,states_theta,0.0010003705974668264,1.7149863811864753e-06,2.824801261769581e-06,2.690440150884986e-06,0.0,0.0,8.621378140007456e-06,0.0,2.408072758599361e-06,0.0,0.0,0.0,0.0,0.0,0.0,0.0,0.0,0.0,0.0,0.0,-0.029999999329447746,0.0,0.0,0.0,0.0
1.978,0.0,0.0,0.0,datactrl_ref_vx_fallback,datactrl_est_vx_fallback,0.029999999329447746,states_theta,0.0010003705974668264,1.7149863811864753e-06,2.824801261769581e-06,2.690440150884986e-06,0.0,0.0,8.621378140007456e-06,0.0,2.408072758599361e-06,0.0,0.0,0.0,0.0,0.0,0.0,0.0,0.0,0.0,0.0,0.0,-0.029999999329447746,0.0,0.0,0.0,0.0
2.033,0.0,0.0,0.0,datactrl_ref_vx_fallback,datactrl_est_vx_fallback,0.029999999329447746,states_theta,0.0010003705974668264,1.7149863811864753e-06,2.824801261769581e-06,2.690440150884986e-06,0.0,0.0,8.621378140007456e-06,0.0,2.408072758599361e-06,0.0,0.0,0.0,0.0,0.0,0.0,0.0,0.0,0.0,0.0,0.0,-0.029999999329447746,0.0,0.0,0.0,0.0
2.204,0.0,0.0,0.0,datactrl_ref_vx_fallback,datactrl_est_vx_fallback,0.029999999329447746,states_theta,0.0010003705974668264,1.7149863811864753e-06,2.824801261769581e-06,2.690440150884986e-06,0.0,0.0,8.621378140007456e-06,0.0,2.408072758599361e-06,0.0,0.0,0.0,0.0,0.0,0.0,0.0,0.0,0.0,0.0,0.0,-0.029999999329447746,0.0,0.0,0.0,0.0
2.425,0.0,0.0,0.0,datactrl_ref_vx_fallback,datactrl_est_vx_fallback,0.029999999329447746,states_theta,0.0010003705974668264,1.7149863811864753e-06,2.824801261769581e-06,2.690440150884986e-06,0.0,0.0,8.621378140007456e-06,0.0,2.408072758599361e-06,0.0,0.0,0.0,0.0,0.0,0.0,0.0,0.0,0.0,0.0,0.0,-0.029999999329447746,0.0,0.0,0.0,0.0
2.633,0.0,0.0,0.0,datactrl_ref_vx_fallback,datactrl_est_vx_fallback,0.029999999329447746,states_theta,0.0010003705974668264,1.7149863811864753e-06,2.824801261769581e-06,2.690440150884986e-06,0.0,0.0,8.621378140007456e-06,0.0,2.408072758599361e-06,0.0,0.0,0.0,0.0,0.0,0.0,0.0,0.0,0.0,0.0,0.0,-0.029999999329447746,0.0,0.0,0.0,0.0
2.872,0.0,0.0,0.0,datactrl_ref_vx_fallback,datactrl_est_vx_fallback,0.029999999329447746,states_theta,0.0010003705974668264,1.7149863811864753e-06,2.824801261769581e-06,2.690440150884986e-06,0.0,0.0,8.621378140007456e-06,0.0,2.408072758599361e-06,0.0,0.0,0.0,0.0,0.0,0.0,0.0,0.0,0.0,0.0,0.0,-0.029999999329447746,0.0,0.0,0.0,0.0
3.095,0.0,0.0,0.0,datactrl_ref_vx_fallback,datactrl_est_vx_fallback,0.029999999329447746,states_theta,0.0010003705974668264,1.7149863811864753e-06,2.824801261769581e-06,2.690440150884986e-06,0.0,0.0,8.621378140007456e-06,0.0,2.408072758599361e-06,0.0,0.0,0.0,0.0,0.0,0.0,0.0,0.0,0.0,0.0,0.0,-0.029999999329447746,0.0,0.0,0.0,0.0
3.3,0.0,0.0,0.0,datactrl_ref_vx_fallback,datactrl_est_vx_fallback,0.029999999329447746,states_theta,0.0010003705974668264,1.7149863811864753e-06,2.824801261769581e-06,2.690440150884986e-06,0.0,0.0,8.621378140007456e-06,0.0,2.408072758599361e-06,0.0,0.0,0.0,0.0,0.0,0.0,0.0,0.0,0.0,0.0,0.0,-0.029999999329447746,0.0,0.0,0.0,0.0
3.509,0.0,0.0,0.0,datactrl_ref_vx_fallback,datactrl_est_vx_fallback,0.029999999329447746,states_theta,0.0010003705974668264,1.7149863811864753e-06,2.824801261769581e-06,2.690440150884986e-06,0.0,0.0,8.621378140007456e-06,0.0,2.408072758599361e-06,0.0,0.0,0.0,0.0,0.0,0.0,0.0,0.0,0.0,0.0,0.0,-0.029999999329447746,0.0,0.0,0.0,0.0
3.719,0.0,0.0,0.0,datactrl_ref_vx_fallback,datactrl_est_vx_fallback,0.029999999329447746,states_theta,0.0010003705974668264,1.7149863811864753e-06,2.824801261769581e-06,2.690440150884986e-06,0.0,0.0,8.621378140007456e-06,0.0,2.408072758599361e-06,0.0,0.0,0.0,0.0,0.0,0.0,0.0,0.0,0.0,0.0,0.0,-0.029999999329447746,0.0,0.0,0.0,0.0
3.912,0.0,0.0,0.0,datactrl_ref_vx_fallback,datactrl_est_vx_fallback,0.029999999329447746,states_theta,0.0010003705974668264,1.7149863811864753e-06,2.824801261769581e-06,2.690440150884986e-06,0.0,0.0,8.621378140007456e-06,0.0,2.408072758599361e-06,0.0,0.0,0.0,0.0,0.0,0.0,0.0,0.0,0.0,0.0,0.0,-0.029999999329447746,0.0,0.0,0.0,0.0
4.133,0.0,0.0,0.0,datactrl_ref_vx_fallback,datactrl_est_vx_fallback,0.029999999329447746,states_theta,0.0010003705974668264,1.7149863811864753e-06,2.824801261769581e-06,2.690440150884986e-06,0.0,0.0,8.621378140007456e-06,0.0,2.408072758599361e-06,0.0,0.0,0.0,0.0,0.0,0.0,0.0,0.0,0.0,0.0,0.0,-0.029999999329447746,0.0,0.0,0.0,0.0
4.185,0.0,0.0,0.0,datactrl_ref_vx_fallback,datactrl_est_vx_fallback,0.029999999329447746,states_theta,0.0010003705974668264,1.7149863811864753e-06,2.824801261769581e-06,2.690440150884986e-06,0.0,0.0,8.621378140007456e-06,0.0,2.408072758599361e-06,0.0,0.0,0.0,0.0,0.0,0.0,0.0,0.0,0.0,0.0,0.0,-0.029999999329447746,0.0,0.0,0.0,0.0
4.345,0.0,0.0,0.0,datactrl_ref_vx_fallback,datactrl_est_vx_fallback,0.029999999329447746,states_theta,0.0010003705974668264,1.7149863811864753e-06,2.824801261769581e-06,2.690440150884986e-06,0.0,0.0,8.621378140007456e-06,0.0,2.408072758599361e-06,0.0,0.0,0.0,0.0,0.0,0.0,0.0,0.0,0.0,0.0,0.0,-0.029999999329447746,0.0,0.0,0.0,0.0
4.553,0.0,0.0,0.0,datactrl_ref_vx_fallback,datactrl_est_vx_fallback,0.029999999329447746,states_theta,0.0010003705974668264,1.7149863811864753e-06,2.824801261769581e-06,2.690440150884986e-06,0.0,0.0,8.621378140007456e-06,0.0,2.408072758599361e-06,0.0,0.0,0.0,0.0,0.0,0.0,0.0,0.0,0.0,0.0,0.0,-0.029999999329447746,0.0,0.0,0.0,0.0
4.753,0.0,0.0,0.0,datactrl_ref_vx_fallback,datactrl_est_vx_fallback,0.029999999329447746,states_theta,0.0010003705974668264,1.7149863811864753e-06,2.824801261769581e-06,2.690440150884986e-06,0.0,0.0,8.621378140007456e-06,0.0,2.408072758599361e-06,0.0,0.0,0.0,0.0,0.0,0.0,0.0,0.0,0.0,0.0,0.0,-0.029999999329447746,0.0,0.0,0.0,0.0
5.011,0.0,0.0,0.0,datactrl_ref_vx_fallback,datactrl_est_vx_fallback,0.03999999910593033,states_theta,0.0010003705974668264,1.7149863811864753e-06,2.824801261769581e-06,2.690440150884986e-06,0.0,0.0,8.621378140007456e-06,0.0,2.408072758599361e-06,0.0,0.0,0.0,0.0,0.0,0.0,0.0,0.0,0.0,0.0,0.0,-0.03999999910593033,0.0,0.0,0.0,0.0
5.19,0.0,0.0,0.0,datactrl_ref_vx_fallback,datactrl_est_vx_fallback,0.03999999910593033,states_theta,0.0010003705974668264,1.7149863811864753e-06,2.824801261769581e-06,2.690440150884986e-06,0.0,0.0,8.621378140007456e-06,0.0,2.408072758599361e-06,0.0,0.0,0.0,0.0,0.0,0.0,0.0,0.0,0.0,0.0,0.0,-0.03999999910593033,0.0,0.0,0.0,0.0
5.396,0.0,0.0,0.0,datactrl_ref_vx_fallback,datactrl_est_vx_fallback,0.03999999910593033,states_theta,0.0010003705974668264,1.7149863811864753e-06,2.824801261769581e-06,2.690440150884986e-06,0.0,0.0,8.621378140007456e-06,0.0,2.408072758599361e-06,0.0,0.0,0.0,0.0,0.0,0.0,0.0,0.0,0.0,0.0,0.0,-0.03999999910593033,0.0,0.0,0.0,0.0
5.602,0.0,0.0,0.0,datactrl_ref_vx_fallback,datactrl_est_vx_fallback,0.03999999910593033,states_theta,0.0010003705974668264,1.7149863811864753e-06,2.824801261769581e-06,2.690440150884986e-06,0.0,0.0,8.621378140007456e-06,0.0,2.408072758599361e-06,0.0,0.0,0.0,0.0,0.0,0.0,0.0,0.0,0.0,0.0,0.0,-0.03999999910593033,0.0,0.0,0.0,0.0
5.791,0.0,0.0,0.0,datactrl_ref_vx_fallback,datactrl_est_vx_fallback,0.03999999910593033,states_theta,0.0010003705974668264,1.7149863811864753e-06,2.824801261769581e-06,2.690440150884986e-06,0.0,0.0,8.621378140007456e-06,0.0,2.408072758599361e-06,0.0,0.0,0.0,0.0,0.0,0.0,0.0,0.0,0.0,0.0,0.0,-0.03999999910593033,0.0,0.0,0.0,0.0
5.842,0.0,0.0,0.0,datactrl_ref_vx_fallback,datactrl_est_vx_fallback,0.03999999910593033,states_theta,0.0010003705974668264,1.7149863811864753e-06,2.824801261769581e-06,2.690440150884986e-06,0.0,0.0,8.621378140007456e-06,0.0,2.408072758599361e-06,0.0,0.0,0.0,0.0,0.0,0.0,0.0,0.0,0.0,0.0,0.0,-0.03999999910593033,0.0,0.0,0.0,0.0
6.014,0.0,0.0,0.0,datactrl_ref_vx_fallback,datactrl_est_vx_fallback,0.03999999910593033,states_theta,0.0010003705974668264,1.7149863811864753e-06,2.824801261769581e-06,2.690440150884986e-06,0.0,0.0,8.621378140007456e-06,0.0,2.408072758599361e-06,0.0,0.0,0.0,0.0,0.0,0.0,0.0,0.0,0.0,0.0,0.0,-0.03999999910593033,0.0,0.0,0.0,0.0
6.217,0.0,0.0,0.0,datactrl_ref_vx_fallback,datactrl_est_vx_fallback,0.03999999910593033,states_theta,0.0010003705974668264,1.7149863811864753e-06,2.824801261769581e-06,2.690440150884986e-06,0.0,0.0,8.621378140007456e-06,0.0,2.408072758599361e-06,0.0,0.0,0.0,0.0,0.0,0.0,0.0,0.0,0.0,0.0,0.0,-0.03999999910593033,0.0,0.0,0.0,0.0
6.509,0.0,0.0,0.0,datactrl_ref_vx_fallback,datactrl_est_vx_fallback,0.03999999910593033,states_theta,0.0010003705974668264,1.7149863811864753e-06,2.824801261769581e-06,2.690440150884986e-06,0.0,0.0,8.621378140007456e-06,0.0,2.408072758599361e-06,0.0,0.0,0.0,0.0,0.0,0.0,0.0,0.0,0.0,0.0,0.0,-0.03999999910593033,0.0,0.0,0.0,0.0
6.669,0.0,0.0,0.0,datactrl_ref_vx_fallback,datactrl_est_vx_fallback,0.03999999910593033,states_theta,0.0010003705974668264,1.7149863811864753e-06,2.824801261769581e-06,2.690440150884986e-06,0.0,0.0,8.621378140007456e-06,0.0,2.408072758599361e-06,0.0,0.0,0.0,0.0,0.0,0.0,0.0,0.0,0.0,0.0,0.0,-0.03999999910593033,0.0,0.0,0.0,0.0
6.877,0.0,0.0,0.0,datactrl_ref_vx_fallback,datactrl_est_vx_fallback,0.03999999910593033,states_theta,0.0010003705974668264,1.7149863811864753e-06,2.824801261769581e-06,2.690440150884986e-06,0.0,0.0,8.621378140007456e-06,0.0,2.408072758599361e-06,0.0,0.0,0.0,0.0,0.0,0.0,0.0,0.0,0.0,0.0,0.0,-0.03999999910593033,0.0,0.0,0.0,0.0
7.093,0.0,0.0,0.0,datactrl_ref_vx_fallback,datactrl_est_vx_fallback,0.03999999910593033,states_theta,0.0010003705974668264,1.7149863811864753e-06,2.824801261769581e-06,2.690440150884986e-06,0.0,0.0,8.621378140007456e-06,0.0,2.408072758599361e-06,0.0,0.0,0.0,0.0,0.0,0.0,0.0,0.0,0.0,0.0,0.0,-0.03999999910593033,0.0,0.0,0.0,0.0
7.297,0.0,0.0,0.0,datactrl_ref_vx_fallback,datactrl_est_vx_fallback,0.03999999910593033,states_theta,0.0010003705974668264,1.7149863811864753e-06,2.824801261769581e-06,2.690440150884986e-06,0.0,0.0,8.621378140007456e-06,0.0,2.408072758599361e-06,0.0,0.0,0.0,0.0,0.0,0.0,0.0,0.0,0.0,0.0,0.0,-0.03999999910593033,0.0,0.0,0.0,0.0
7.499,0.0,0.0,0.0,datactrl_ref_vx_fallback,datactrl_est_vx_fallback,0.03999999910593033,states_theta,0.0010003705974668264,1.7149863811864753e-06,2.824801261769581e-06,2.690440150884986e-06,0.0,0.0,8.621378140007456e-06,0.0,2.408072758599361e-06,0.0,0.0,0.0,0.0,0.0,0.0,0.0,0.0,0.0,0.0,0.0,-0.03999999910593033,0.0,0.0,0.0,0.0
7.779,0.0,0.0,0.0,datactrl_ref_vx_fallback,datactrl_est_vx_fallback,0.03999999910593033,states_theta,0.0010003705974668264,1.7149863811864753e-06,2.824801261769581e-06,2.690440150884986e-06,0.0,0.0,8.621378140007456e-06,0.0,2.408072758599361e-06,0.0,0.0,0.0,0.0,0.0,0.0,0.0,0.0,0.0,0.0,0.0,-0.03999999910593033,0.0,0.0,0.0,0.0
8.029,0.0,0.0,0.0,datactrl_ref_vx_fallback,datactrl_est_vx_fallback,0.03999999910593033,states_theta,0.0010003705974668264,1.7149863811864753e-06,2.824801261769581e-06,2.690440150884986e-06,0.0,0.0,8.621378140007456e-06,0.0,2.408072758599361e-06,0.0,0.0,0.0,0.0,0.0,0.0,0.0,0.0,0.0,0.0,0.0,-0.03999999910593033,0.0,0.0,0.0,0.0
8.202,0.0,0.0,0.0,datactrl_ref_vx_fallback,datactrl_est_vx_fallback,0.03999999910593033,states_theta,0.0010003705974668264,1.7149863811864753e-06,2.824801261769581e-06,2.690440150884986e-06,0.0,0.0,8.621378140007456e-06,0.0,2.408072758599361e-06,0.0,0.0,0.0,0.0,0.0,0.0,0.0,0.0,0.0,0.0,0.0,-0.03999999910593033,0.0,0.0,0.0,0.0
8.429,0.0,0.0,0.0,datactrl_ref_vx_fallback,datactrl_est_vx_fallback,0.03999999910593033,states_theta,0.0010003705974668264,1.7149863811864753e-06,2.824801261769581e-06,2.690440150884986e-06,0.0,0.0,8.621378140007456e-06,0.0,2.408072758599361e-06,0.0,0.0,0.0,0.0,0.0,0.0,0.0,0.0,0.0,0.0,0.0,-0.03999999910593033,0.0,0.0,0.0,0.0
8.708,0.0,0.0,0.0,datactrl_ref_vx_fallback,datactrl_est_vx_fallback,0.03999999910593033,states_theta,0.0010003705974668264,1.7149863811864753e-06,2.824801261769581e-06,2.690440150884986e-06,0.0,0.0,8.621378140007456e-06,0.0,2.408072758599361e-06,0.0,0.0,0.0,0.0,0.0,0.0,0.0,0.0,0.0,0.0,0.0,-0.03999999910593033,0.0,0.0,0.0,0.0
8.902,0.0,0.0,0.0,datactrl_ref_vx_fallback,datactrl_est_vx_fallback,0.03999999910593033,states_theta,0.0010003705974668264,4.014826111193112e-05,5.21963610362173e-05,9.858425988366067e-05,0.0,0.0,0.00012120294382754564,0.00010139888518424266,0.0,0.0,0.0,0.0,0.0,0.0,0.0,0.0,0.0,0.0,0.0,0.0,-0.03999999910593033,0.0,0.0,0.0,0.0
9.105,0.0,0.0,0.0,datactrl_ref_vx_fallback,datactrl_est_vx_fallback,0.03999999910593033,states_theta,0.0010003705974668264,0.00020740404411414594,0.0002689519108738088,0.0005047485424089733,0.0,0.0,0.0006057464452280456,0.0005487373652761487,0.0,0.0,0.0,0.0,0.0,0.0,0.0,0.0,0.0,0.0,0.0,0.0,-0.03999999910593033,0.0,0.0,0.0,0.0
9.319,0.0,0.0,0.0,datactrl_ref_vx_fallback,datactrl_est_vx_fallback,0.03999999910593033,states_theta,0.0010003705974668264,0.00035560578736943164,0.0004610557965385692,0.0008645175286582254,0.0,0.0,0.0010347839529904965,0.0009455448173067314,0.0,0.0,0.0,0.0,0.0,0.0,0.0,0.0,0.0,0.0,0.0,0.0,-0.03999999910593033,0.0,0.0,0.0,0.0
9.547,0.0,0.0,0.0,datactrl_ref_vx_fallback,datactrl_est_vx_fallback,0.03999999910593033,states_theta,0.0010003705974668264,0.00048002374477069964,0.0006223270226209879,0.001166518446743327,0.0,0.0,0.0013946491924535028,0.0012790223189687675,0.0,0.0,0.0,0.0,0.0,0.0,0.0,0.0,0.0,0.0,0.0,0.0,-0.03999999910593033,0.0,0.0,0.0,0.0
9.766,0.0,0.0,0.0,datactrl_ref_vx_fallback,datactrl_est_vx_fallback,0.03999999910593033,states_theta,0.0010003705974668264,0.000584736987302625,0.0007580521500205801,0.0014206615657686933,0.0,0.0,0.0016972328292894294,0.0015600015033628777,0.0,0.0,0.0,0.0,0.0,0.0,0.0,0.0,0.0,0.0,0.0,0.0,-0.03999999910593033,0.0,0.0,0.0,0.0
9.994,0.0,0.0,0.0,datactrl_ref_vx_fallback,datactrl_est_vx_fallback,0.03999999910593033,states_theta,0.0010003705974668264,0.0006731272661743006,0.0008726155035701599,0.001635162475174391,0.0,0.0,0.0019523876048820473,0.0017974680493379664,0.0,0.0,0.0,0.0,0.0,0.0,0.0,0.0,0.0,0.0,0.0,0.0,-0.03999999910593033,0.0,0.0,0.0,0.0
10.05,0.0,0.0,0.0,datactrl_ref_vx_fallback,datactrl_est_vx_fallback,0.03999999910593033,states_theta,0.0010003705974668264,0.0006731272661743006,0.0008726155035701599,0.001635162475174391,0.0,0.0,0.0019523876048820473,0.0017974680493379664,0.0,0.0,0.0,0.0,0.0,0.0,0.0,0.0,0.0,0.0,0.0,0.0,-0.03999999910593033,0.0,0.0,0.0,0.0
10.225,0.0,0.0,0.0,datactrl_ref_vx_fallback,datactrl_est_vx_fallback,0.03999999910593033,states_theta,0.0010003705974668264,0.0007412448167416585,0.0009609115531226716,0.0018005065053140622,0.0,0.0,0.0021494267408593325,0.001980025287759873,0.0,0.0,0.0,0.0,0.0,0.0,0.0,0.0,0.0,0.0,0.0,0.0,-0.03999999910593033,0.0,0.0,0.0,0.0
10.278,0.0,0.0,0.0,datactrl_ref_vx_fallback,datactrl_est_vx_fallback,0.03999999910593033,states_theta,0.0010003705974668264,0.0007412448167416585,0.0009609115531226716,0.0018005065053140622,0.0,0.0,0.0021494267408593325,0.001980025287759873,0.0,0.0,0.0,0.0,0.0,0.0,0.0,0.0,0.0,0.0,0.0,0.0,-0.03999999910593033,0.0,0.0,0.0,0.0
10.452,0.0,0.0,0.0,datactrl_ref_vx_fallback,datactrl_est_vx_fallback,0.03999999910593033,states_theta,0.0010003705974668264,0.0008043432899630524,0.001042687307546975,0.00195359443594083,0.0,0.0,0.002331205055877306,0.002149946827886283,0.0,0.0,0.0,0.0,0.0,0.0,0.0,0.0,0.0,0.0,0.0,0.0,-0.03999999910593033,0.0,0.0,0.0,0.0
10.666,0.0,0.0,0.0,datactrl_ref_vx_fallback,datactrl_est_vx_fallback,0.03999999910593033,states_theta,0.0010003705974668264,0.0008582748642482524,0.0011125791216320105,0.002084421839360561,0.0,0.0,0.00248637140442624,0.0022954056701992177,0.0,0.0,0.0,0.0,0.0,0.0,0.0,0.0,0.0,0.0,0.0,0.0,-0.03999999910593033,0.0,0.0,0.0,0.0
10.941,0.0,0.0,0.0,datactrl_ref_vx_fallback,datactrl_est_vx_fallback,0.03999999910593033,states_theta,0.0010003705974668264,0.0009046157956060546,0.0011726306589432392,0.002196817371966784,0.0,0.0,0.002619511280499893,0.0024205977123817595,0.0,0.0,0.0,0.0,0.0,0.0,0.0,0.0,0.0,0.0,0.0,0.0,-0.03999999910593033,0.0,0.0,0.0,0.0
11.111,0.0,0.0,0.0,datactrl_ref_vx_fallback,datactrl_est_vx_fallback,0.03999999910593033,states_theta,0.0010003705974668264,0.0009446720974799945,0.0012245351719295924,0.002293953103251193,0.0,0.0,0.002734422190366953,0.002529001486221811,0.0,0.0,0.0,0.0,0.0,0.0,0.0,0.0,0.0,0.0,0.0,0.0,-0.03999999910593033,0.0,0.0,0.0,0.0
11.161,0.0,0.0,0.0,datactrl_ref_vx_fallback,datactrl_est_vx_fallback,0.03999999910593033,states_theta,0.0010003705974668264,0.0009446720974799945,0.0012245351719295924,0.002293953103251193,0.0,0.0,0.002734422190366953,0.002529001486221811,0.0,0.0,0.0,0.0,0.0,0.0,0.0,0.0,0.0,0.0,0.0,0.0,-0.03999999910593033,0.0,0.0,0.0,0.0
11.342,0.0,0.0,0.0,datactrl_ref_vx_fallback,datactrl_est_vx_fallback,0.03999999910593033,states_theta,0.0010003705974668264,0.0009795258250387515,0.0012696955213771512,0.0023784570022127687,0.0,0.0,0.0028342489473110804,0.0026235006507861636,0.0,0.0,0.0,0.0,0.0,0.0,0.0,0.0,0.0,0.0,0.0,0.0,-0.03999999910593033,0.0,0.0,0.0,0.0
11.565,0.0,0.0,0.0,datactrl_ref_vx_fallback,datactrl_est_vx_fallback,0.03999999910593033,states_theta,0.0010003705974668264,0.0010066258948396806,0.0013036643052676694,0.0024800817154699267,0.0,0.0,0.0028940178017468196,0.0026789076415006984,0.0,0.0,0.0,0.0,0.0,0.0,0.0,0.0,0.0,0.0,0.0,0.0,-0.03999999910593033,0.0,0.0,0.0,0.0
11.786,0.0,0.0,0.0,datactrl_ref_vx_fallback,datactrl_est_vx_fallback,0.03999999910593033,states_theta,0.0010003705974668264,0.0010335553240556103,0.001338533182327165,0.002545904650886234,0.0,0.0,0.0029706096468870187,0.00275192829467163,0.0,0.0,0.0,0.0,0.0,0.0,0.0,0.0,0.0,0.0,0.0,0.0,-0.03999999910593033,0.0,0.0,0.0,0.0
11.836,0.0,0.0,0.0,datactrl_ref_vx_fallback,datactrl_est_vx_fallback,0.03999999910593033,states_theta,0.0010003705974668264,0.0010335553240556103,0.001338533182327165,0.002545904650886234,0.0,0.0,0.0029706096468870187,0.00275192829467163,0.0,0.0,0.0,0.0,0.0,0.0,0.0,0.0,0.0,0.0,0.0,0.0,-0.03999999910593033,0.0,0.0,0.0,0.0
12.012,0.0,0.0,0.0,datactrl_ref_vx_fallback,datactrl_est_vx_fallback,0.03999999910593033,states_theta,0.0010003705974668264,0.0010482577587405764,0.0013575744445391172,0.0025820391835678627,0.0,0.0,0.0030128140416312604,0.002791208844725487,0.0,0.0,0.0,0.0,0.0,0.0,0.0,0.0,0.0,0.0,0.0,0.0,-0.03999999910593033,0.0,0.0,0.0,0.0
12.223,0.0,0.0,0.0,datactrl_ref_vx_fallback,datactrl_est_vx_fallback,0.03999999910593033,states_theta,0.0010003705974668264,0.0010696984273915724,0.001385334684152791,0.002634354839163441,0.0,0.0,0.003073615809220077,0.0028496167707490606,0.0,0.0,0.0,0.0,0.0,0.0,0.0,0.0,0.0,0.0,0.0,0.0,-0.03999999910593033,0.0,0.0,0.0,0.0
12.522,0.0,0.0,0.0,datactrl_ref_vx_fallback,datactrl_est_vx_fallback,0.03999999910593033,states_theta,0.0010003705974668264,0.001089147379717501,0.0014105155063488188,0.0026817677234891295,0.0,0.0,0.003128685132214678,0.0029027261820362012,0.0,0.0,0.0,0.0,0.0,0.0,0.0,0.0,0.0,0.0,0.0,0.0,-0.03999999910593033,0.0,0.0,0.0,0.0
12.685,0.0,0.0,0.0,datactrl_ref_vx_fallback,datactrl_est_vx_fallback,0.03999999910593033,states_theta,0.0010003705974668264,0.0011069484064628885,0.0014335621918131155,0.0027251248680619997,0.0,0.0,0.0031790129869039034,0.002951449396737204,0.0,0.0,0.0,0.0,0.0,0.0,0.0,0.0,0.0,0.0,0.0,0.0,-0.03999999910593033,0.0,0.0,0.0,0.0
12.884,0.0,0.0,0.0,datactrl_ref_vx_fallback,datactrl_est_vx_fallback,0.03999999910593033,states_theta,0.0010003705974668264,0.0011233861058837413,0.0014548433505393382,0.00276512732077374,0.0,0.0,0.00322541944228443,0.0029965420840117603,0.0,0.0,0.0,0.0,0.0,0.0,0.0,0.0,0.0,0.0,0.0,0.0,-0.03999999910593033,0.0,0.0,0.0,0.0
13.101,0.0,0.0,0.0,datactrl_ref_vx_fallback,datactrl_est_vx_fallback,0.04999999701976776,states_theta,0.0010003705974668264,0.0011386960468414812,0.0014752533584373663,0.0028023552383559065,0.0,0.0,0.0032956375746755273,0.003011575561700416,0.0,0.0,0.0,0.0,0.0,0.0,0.0,0.0,0.0,0.0,0.0,0.0,-0.04999999701976776,0.0,0.0,0.0,0.0
13.31,0.0,0.0,0.0,datactrl_ref_vx_fallback,datactrl_est_vx_fallback,0.04999999701976776,states_theta,0.0010003705974668264,0.0011529956857358487,0.0014937393591174632,0.0028379087316822175,0.0,0.0,0.0033356190344013296,0.0030504377198032426,0.0,0.0,0.0,0.0,0.0,0.0,0.0,0.0,0.0,0.0,0.0,0.0,-0.04999999701976776,0.0,0.0,0.0,0.0
13.513,0.0,0.0,0.0,datactrl_ref_vx_fallback,datactrl_est_vx_fallback,0.04999999701976776,states_theta,0.0010003705974668264,0.0011841609534491934,0.0015341242016495547,0.0029132462734077326,0.0,0.0,0.0034251390843447463,0.003134902269841069,0.0,0.0,0.0,0.0,0.0,0.0,0.0,0.0,0.0,0.0,0.0,0.0,-0.04999999701976776,0.0,0.0,0.0,0.0
13.743,0.0,0.0,0.0,datactrl_ref_vx_fallback,datactrl_est_vx_fallback,0.04999999701976776,states_theta,0.0010003705974668264,0.0011841609534491934,0.0015341242016495547,0.0029132462734077326,0.0,0.0,0.0034251390843447463,0.003134902269841069,0.0,0.0,0.0,0.0,0.0,0.0,0.0,0.0,0.0,0.0,0.0,0.0,-0.04999999701976776,0.0,0.0,0.0,0.0
14.013,0.0,0.0,0.0,datactrl_ref_vx_fallback,datactrl_est_vx_fallback,0.04999999701976776,states_theta,0.0010003705974668264,0.0011940891479139191,0.001546970606673073,0.00293724625221828,0.0,0.0,0.003452851872798376,0.0031626150582946986,0.0,0.0,0.0,0.0,0.0,0.0,0.0,0.0,0.0,0.0,0.0,0.0,-0.04999999701976776,0.0,0.0,0.0,0.0
14.181,0.0,0.0,0.0,datactrl_ref_vx_fallback,datactrl_est_vx_fallback,0.04999999701976776,states_theta,0.0010003705974668264,0.001204017342378645,0.0015598172683718538,0.002961246231028827,0.0,0.0,0.003480564661252005,0.003190327846748328,0.0,0.0,0.0,0.0,0.0,0.0,0.0,0.0,0.0,0.0,0.0,0.0,-0.04999999701976776,0.0,0.0,0.0,0.0
14.41,0.0,0.0,0.0,datactrl_ref_vx_fallback,datactrl_est_vx_fallback,0.04999999701976776,states_theta,0.0010003705974668264,0.0012139455368433707,0.0015726641804557687,0.0029852462098393737,0.0,0.0,0.0035082774497056345,0.003218040635201957,0.0,0.0,0.0,0.0,0.0,0.0,0.0,0.0,0.0,0.0,0.0,0.0,-0.04999999701976776,0.0,0.0,0.0,0.0
14.709,0.0,0.0,0.0,datactrl_ref_vx_fallback,datactrl_est_vx_fallback,0.04999999701976776,states_theta,0.0010003705974668264,0.001223502414720134,0.0015850308461253222,0.003008348584329743,0.0,0.0,0.003534953773967503,0.0032447169594638256,0.0,0.0,0.0,0.0,0.0,0.0,0.0,0.0,0.0,0.0,0.0,0.0,-0.04999999701976776,0.0,0.0,0.0,0.0
14.898,0.0,0.0,0.0,datactrl_ref_vx_fallback,datactrl_est_vx_fallback,0.04999999701976776,states_theta,0.0010003705974668264,0.0012296759342542048,0.00159193154542789,0.0030623754122485443,0.0,0.0,0.003532634438144385,0.003242397623640708,0.0,0.0,0.0,0.0,0.0,0.0,0.0,0.0,0.0,0.0,0.0,0.0,-0.04999999701976776,0.0,0.0,0.0,0.0
15.108,0.0,0.0,0.0,datactrl_ref_vx_fallback,datactrl_est_vx_fallback,0.04999999701976776,states_theta,0.0010003705974668264,0.0012396041287189305,0.0016047764785271101,0.0030863753910590915,0.0,0.0,0.003560347226598015,0.0032701104120943375,0.0,0.0,0.0,0.0,0.0,0.0,0.0,0.0,0.0,0.0,0.0,0.0,-0.04999999701976776,0.0,0.0,0.0,0.0
15.16,0.0,0.0,0.0,datactrl_ref_vx_fallback,datactrl_est_vx_fallback,0.04999999701976776,states_theta,0.0010003705974668264,0.0012396041287189305,0.0016047764785271101,0.0030863753910590915,0.0,0.0,0.003560347226598015,0.0032701104120943375,0.0,0.0,0.0,0.0,0.0,0.0,0.0,0.0,0.0,0.0,0.0,0.0,-0.04999999701976776,0.0,0.0,0.0,0.0
15.349,0.0,0.0,0.0,datactrl_ref_vx_fallback,datactrl_est_vx_fallback,0.04999999701976776,states_theta,0.0010003705974668264,0.0012396041287189305,0.0016047764785271101,0.0030863753910590915,0.0,0.0,0.003560347226598015,0.0032701104120943375,0.0,0.0,0.0,0.0,0.0,0.0,0.0,0.0,0.0,0.0,0.0,0.0,-0.04999999701976776,0.0,0.0,0.0,0.0
15.569,0.0,0.0,0.0,datactrl_ref_vx_fallback,datactrl_est_vx_fallback,0.04999999701976776,states_theta,0.0010003705974668264,0.0012495323231836559,0.0016176216825068588,0.0031103753698696382,0.0,0.0,0.0035880600150516436,0.0032978232005479663,0.0,0.0,0.0,0.0,0.0,0.0,0.0,0.0,0.0,0.0,0.0,0.0,-0.04999999701976776,0.0,0.0,0.0,0.0
15.623,0.0,0.0,0.0,datactrl_ref_vx_fallback,datactrl_est_vx_fallback,0.04999999701976776,states_theta,0.0010003705974668264,0.0012495323231836559,0.0016176216825068588,0.0031103753698696382,0.0,0.0,0.0035880600150516436,0.0032978232005479663,0.0,0.0,0.0,0.0,0.0,0.0,0.0,0.0,0.0,0.0,0.0,0.0,-0.04999999701976776,0.0,0.0,0.0,0.0
15.794,0.0,0.0,0.0,datactrl_ref_vx_fallback,datactrl_est_vx_fallback,0.04999999701976776,states_theta,0.0010003705974668264,0.0012594605176483818,0.0016304671509649543,0.0031343753486801854,0.0,0.0,0.0036157728035052733,0.003325535989001596,0.0,0.0,0.0,0.0,0.0,0.0,0.0,0.0,0.0,0.0,0.0,0.0,-0.04999999701976776,0.0,0.0,0.0,0.0
16.068,0.0,0.0,0.0,datactrl_ref_vx_fallback,datactrl_est_vx_fallback,0.04999999701976776,states_theta,0.0010003705974668264,0.0012693887121131076,0.0016433128776992638,0.0031583753274907326,0.0,0.0,0.0036434855919589026,0.0033532487774552253,0.0,0.0,0.0,0.0,0.0,0.0,0.0,0.0,0.0,0.0,0.0,0.0,-0.04999999701976776,0.0,0.0,0.0,0.0
16.234,0.0,0.0,0.0,datactrl_ref_vx_fallback,datactrl_est_vx_fallback,0.04999999701976776,states_theta,0.0010003705974668264,0.0012793169065778334,0.0016561588566999547,0.00318237530630128,0.0,0.0,0.0036711983804125323,0.003380961565908855,0.0,0.0,0.0,0.0,0.0,0.0,0.0,0.0,0.0,0.0,0.0,0.0,-0.04999999701976776,0.0,0.0,0.0,0.0
16.464,0.0,0.0,0.0,datactrl_ref_vx_fallback,datactrl_est_vx_fallback,0.04999999701976776,states_theta,0.0010003705974668264,0.0012892451010425591,0.0016690050821421046,0.0032063752851118274,0.0,0.0,0.003698911168866162,0.0034086743543624847,0.0,0.0,0.0,0.0,0.0,0.0,0.0,0.0,0.0,0.0,0.0,0.0,-0.04999999701976776,0.0,0.0,0.0,0.0
16.666,0.0,0.0,0.0,datactrl_ref_vx_fallback,datactrl_est_vx_fallback,0.04999999701976776,states_theta,0.0010003705974668264,0.0073350352635607125,0.005192995205496748,0.013010422282003324,0.006549671754158577,0.006053423060761159,0.01350667097540074,0.013216434160897064,0.006343659875264836,0.0,0.0,0.0,0.0,0.0,0.0,0.0,0.0,0.0,0.0,0.0,-0.04999999701976776,0.0,0.0,0.0,0.0
16.907,0.0,0.0,0.0,datactrl_ref_vx_fallback,datactrl_est_vx_fallback,0.04999999701976776,states_theta,0.0010003705974668264,0.014835034816525879,0.009084652831814494,0.023034421664767425,0.016525671179301583,0.016025709676261084,0.023534383167807923,0.023244146353304244,0.016315946490764763,0.0,0.0,0.0,0.0,0.0,0.0,0.0,0.0,0.0,0.0,0.0,-0.04999999701976776,0.0,0.0,0.0,0.0
17.117,0.0,0.0,0.0,datactrl_ref_vx_fallback,datactrl_est_vx_fallback,0.04999999701976776,states_theta,0.0010003705974668264,0.022335036604665223,0.013245984968384266,0.033034424048953216,0.026525673563487374,0.026025712060446873,0.033534385551993715,0.03324414873749004,0.02631594887495055,0.0,0.0,0.0,0.0,0.0,0.0,0.0,0.0,0.0,0.0,0.0,-0.04999999701976776,0.0,0.0,0.0,0.0
17.167,0.0,0.0,0.0,datactrl_ref_vx_fallback,datactrl_est_vx_fallback,0.04999999701976776,states_theta,0.0010003705974668264,0.022335036604665223,0.013245984968384266,0.033034424048953216,0.026525673563487374,0.026025712060446873,0.033534385551993715,0.03324414873749004,0.02631594887495055,0.0,0.0,0.0,0.0,0.0,0.0,0.0,0.0,0.0,0.0,0.0,-0.04999999701976776,0.0,0.0,0.0,0.0
17.358,0.0,0.0,0.0,datactrl_ref_vx_fallback,datactrl_est_vx_fallback,0.04999999701976776,states_theta,0.0010003705974668264,0.02983503839280456,0.017493454157024673,0.043058426411949555,0.03650167596886261,0.035998001656179036,0.04356210072463313,0.04327186391012946,0.03628823847068271,0.0,0.0,0.0,0.0,0.0,0.0,0.0,0.0,0.0,0.0,0.0,-0.04999999701976776,0.0,0.0,0.0,0.0
17.568,0.0,0.0,0.0,datactrl_ref_vx_fallback,datactrl_est_vx_fallback,0.04999999701976776,states_theta,0.0010003705974668264,0.03733504018094391,0.021773535146703136,0.05308242877494589,0.046477678374237864,0.045970291251911204,0.053589815897272554,0.05329957908276888,0.046260528066414876,0.0,0.0,0.0,0.0,0.0,0.0,0.0,0.0,0.0,0.0,0.0,-0.04999999701976776,0.0,0.0,0.0,0.0
17.8,0.0,0.0,0.0,datactrl_ref_vx_fallback,datactrl_est_vx_fallback,0.04999999701976776,states_theta,-0.012342535890638828,0.04483504196908325,0.025890182199185586,0.06058863396279627,0.058971477954759065,0.06004704724799486,0.059513064669560474,0.059290426849080834,0.0602696850684745,0.0,0.0,0.0,0.0,0.0,0.0,0.0,0.0,0.0,0.0,0.0,-0.04999999701976776,0.0,0.0,0.0,0.0
17.853,0.0,0.0,0.0,datactrl_ref_vx_fallback,datactrl_est_vx_fallback,0.04999999701976776,states_theta,-0.0315232090651989,0.04483504196908325,0.025890182199185586,0.06058863396279627,0.058971477954759065,0.06004704724799486,0.059513064669560474,0.059290426849080834,0.0602696850684745,0.0,0.0,0.0,0.0,0.0,0.0,0.0,0.0,0.0,0.0,0.0,-0.04999999701976776,0.0,0.0,0.0,0.0
18.043,0.0,0.0,0.0,datactrl_ref_vx_fallback,datactrl_est_vx_fallback,0.03999999910593033,states_theta,-0.020673131570219994,0.05233504375722259,0.030243769374160547,0.06970300340484128,0.06985711328108563,0.07152107752810266,0.06803903915782425,0.06784025118693068,0.07171986549899623,0.0,0.0,0.0,0.0,0.0,0.0,0.0,0.0,0.0,0.0,0.0,-0.03999999910593033,0.0,0.0,0.0,0.0
18.266,0.0,0.0,0.0,datactrl_ref_vx_fallback,datactrl_est_vx_fallback,0.03999999910593033,states_theta,-0.015526486560702324,0.05983504554536193,0.03465483647911868,0.07860800328973068,0.08095211816456781,0.08347996481725957,0.07608015663703892,0.07589107764098409,0.0836690438133144,0.0,0.0,0.0,0.0,0.0,0.0,0.0,0.0,0.0,0.0,0.0,-0.03999999910593033,0.0,0.0,0.0,0.0
18.538,0.0,0.0,0.0,datactrl_ref_vx_fallback,datactrl_est_vx_fallback,0.029999999329447746,states_theta,-0.05442667007446289,0.06733504733350129,0.03913971269948047,0.0872542586216395,0.09230586760103059,0.09591002882659326,0.08365009739607683,0.08358591477644618,0.09597421144622391,0.0,0.0,0.0,0.0,0.0,0.0,0.0,0.0,0.0,0.0,0.0,-0.029999999329447746,0.0,0.0,0.0,0.0
18.727,0.0,0.0,0.0,datactrl_ref_vx_fallback,datactrl_est_vx_fallback,0.019999999552965164,states_theta,-0.08918548375368118,0.07483504018094392,0.04374917740908078,0.09554436069516903,0.10401574645401473,0.10913855502468747,0.09042155212449629,0.09064795995848482,0.10891214719069894,0.0,0.0,0.0,0.0,0.0,0.0,0.0,0.0,0.0,0.0,0.0,-0.019999999552965164,0.0,0.0,0.0,0.0
18.958,0.0,0.0,0.0,datactrl_ref_vx_fallback,datactrl_est_vx_fallback,0.0,datactrl_est_theta_fallback,-0.21139530837535858,0.08233503302838655,0.0484906091332964,0.10349819721196633,0.1160618908637311,0.12293084484808867,0.09662924322760877,0.09736199333477727,0.12219809474092017,0.0,0.0,0.0,0.0,0.0,0.0,0.0,0.0,0.0,0.0,0.0,0.0,0.0,0.0,0.0,0.0
19.165,0.0,0.0,0.0,datactrl_ref_vx_fallback,datactrl_est_vx_fallback,-0.05999999865889549,states_theta,-0.4190555810928345,0.08983502587582917,0.05329613586532582,0.1114564902086567,0.1281035787935544,0.1369149509953821,0.10264511800682903,0.10433389773386302,0.13522617126834807,0.0,0.0,0.0,0.0,0.0,0.0,0.0,0.0,0.0,0.0,0.0,0.05999999865889549,0.0,0.0,0.0,0.0
19.347,0.0,0.0,0.0,datactrl_ref_vx_fallback,datactrl_est_vx_fallback,-0.1599999964237213,states_theta,-0.6952565908432007,0.0973350187232718,0.05812133710657992,0.1194273775335865,0.14013267239513827,0.15092902212693254,0.10863102780179223,0.11173118127271367,0.14782886865601114,0.0,0.0,0.0,0.0,0.0,0.0,0.0,0.0,0.0,0.0,0.0,0.1599999964237213,0.0,0.0,0.0,0.0
19.529,0.0,0.0,0.0,datactrl_ref_vx_fallback,datactrl_est_vx_fallback,-0.32999998331069946,states_theta,-1.0169754028320312,0.10483501157071443,0.0627658147572956,0.1279228626430023,0.15163716821223616,0.16401424319111066,0.11554578766412782,0.12037742265167914,0.1591826082035593,0.0,0.0,0.0,0.0,0.0,0.0,0.0,0.0,0.0,0.0,0.0,0.32999998331069946,0.0,0.0,0.0,0.0
19.698,0.0,0.0,0.0,datactrl_ref_vx_fallback,datactrl_est_vx_fallback,-0.5600000023841858,states_theta,-1.2549197673797607,0.10858500799443574,0.06496452155751545,0.13249061322547967,0.15706940809301562,0.16991662544053784,0.11964339587795743,0.12534450351457607,0.16421551780391921,0.0,0.0,0.0,0.0,0.0,0.0,0.0,0.0,0.0,0.0,0.0,0.5600000023841858,0.0,0.0,0.0,0.0
19.824,0.0,0.0,0.0,datactrl_ref_vx_fallback,datactrl_est_vx_fallback,-0.8100000023841858,states_theta,-1.2420330047607422,0.11608500084187837,0.06906173062831192,0.1424618627132646,0.16709813953174435,0.17991780461516285,0.1296421976298461,0.13670216135682708,0.17285784088818187,0.0,0.0,0.0,0.0,0.0,0.0,0.0,0.0,0.0,0.0,0.0,0.6800000071525574,0.0,0.0,0.0,0.0
19.899,0.0,0.0,0.0,datactrl_ref_vx_fallback,datactrl_est_vx_fallback,-0.8100000023841858,states_theta,-1.2420330047607422,0.11983499726559968,0.07096691166595534,0.1479645286032532,0.17159546410501259,0.18384977120054663,0.13571022150771916,0.14307624108503675,0.17648375162322905,0.0,0.0,0.0,0.0,0.0,0.0,0.0,0.0,0.0,0.0,0.0,0.8100000023841858,0.0,0.0,0.0,0.0
20.102,0.0,0.0,0.0,datactrl_ref_vx_fallback,datactrl_est_vx_fallback,-1.0,states_theta,-0.8882336616516113,0.1273349901130423,0.07465392544701863,0.1597746254943305,0.17978534814044897,0.18989773970849522,0.14966223392628425,0.15677728866590074,0.18278268496887873,0.0,0.0,0.0,0.0,0.0,0.0,0.0,0.0,0.0,0.0,0.0,1.0,0.0,0.0,0.0,0.0
20.307,0.0,0.0,0.0,datactrl_ref_vx_fallback,datactrl_est_vx_fallback,-1.100000023841858,states_theta,-0.19581735134124756,0.13483498296048493,0.0783261460488725,0.17276549437405767,0.18679446018723547,0.1934209428642988,0.16613901169699433,0.17177800666687523,0.1877819478944179,0.0,0.0,0.0,0.0,0.0,0.0,0.0,0.0,0.0,0.0,0.0,1.100000023841858,0.0,0.0,0.0,0.0
20.525,0.0,0.0,0.0,datactrl_ref_vx_fallback,datactrl_est_vx_fallback,-1.0499999523162842,states_theta,0.6215788722038269,0.14233497580792756,0.08226373503754841,0.18638139876037796,0.19317853672742885,0.1959059670118378,0.18365396847596901,0.1869722723388422,0.1925876631489646,0.0,0.0,0.0,0.0,0.0,0.0,0.0,0.0,0.0,0.0,0.0,1.0499999523162842,0.0,0.0,0.0,0.0
20.735,0.0,0.0,0.0,datactrl_ref_vx_fallback,datactrl_est_vx_fallback,-0.8499999642372131,states_theta,1.2661149501800537,0.1498349775960669,0.08651257092135316,0.19994708800329275,0.1996128522528856,0.19900456589440133,0.20055537436177703,0.20152444176547737,0.19803549849070098,0.0,0.0,0.0,0.0,0.0,0.0,0.0,0.0,0.0,0.0,0.0,0.8499999642372131,0.0,0.0,0.0,0.0
20.954,0.0,0.0,0.0,datactrl_ref_vx_fallback,datactrl_est_vx_fallback,-0.5799999833106995,states_theta,1.5228278636932373,0.15733497044350953,0.09091911809163518,0.2127277746038598,0.20683214657883223,0.2043804292881449,0.21517949189454713,0.21442492487712597,0.20513499630556606,0.0,0.0,0.0,0.0,0.0,0.0,0.0,0.0,0.0,0.0,0.0,0.5799999833106995,0.0,0.0,0.0,0.0
21.167,3.033517350559123e-05,1.5167586752795614e-05,1.5167586752795614e-05,datactrl_ref_vx_fallback,datactrl_est_vx_fallback,-0.28999999165534973,states_theta,1.4076056480407715,0.16483496329095215,0.09531314277305943,0.22441343358803284,0.21514646852117286,0.21228540952289163,0.22727449258631408,0.2255525816316952,0.2140073204775105,0.0,0.0,0.0,1.5167586752795614e-05,1.5167586752795614e-05,0.0,0.0,0.0,0.0,0.0,-3.109355384367518e-05,0.28996890783309937,0.0,0.0,0.0,0.0
21.382,1.8736500351224095e-05,9.368250175612047e-06,9.368250175612047e-06,datactrl_ref_vx_fallback,datactrl_est_vx_fallback,-0.04999999701976776,states_theta,1.0352741479873657,0.17233495613839478,0.09961880653295203,0.23465237290889898,0.2249075101268204,0.22289557054623302,0.23666431248948636,0.23481731840472156,0.22474256463099782,0.0,0.0,0.0,9.368250175612047e-06,9.368250175612047e-06,0.0,0.0,0.0,0.0,0.0,-1.9204911950509995e-05,0.04998079314827919,0.0,0.0,0.0,0.0
21.466,1.4275441571953706e-05,7.137720785976853e-06,7.137720785976853e-06,datactrl_ref_vx_fallback,datactrl_est_vx_fallback,0.029999999329447746,states_theta,0.8032898306846619,0.1760849525621161,0.1017499955073735,0.23927986675116458,0.23028000674781163,0.2289456000105706,0.2406142734884056,0.23887181440269453,0.23068805909628168,0.0,0.0,0.0,7.137720785976853e-06,7.137720785976853e-06,0.0,0.0,0.0,0.0,0.0,-1.4632327292929403e-05,-0.030014632269740105,0.0,0.0,0.0,0.0
21.57,1.1598801393120084e-05,5.799400696560042e-06,5.799400696560042e-06,datactrl_ref_vx_fallback,datactrl_est_vx_fallback,0.08999999612569809,states_theta,0.5930027365684509,0.1798349489858374,0.10388124111831867,0.24370736454738917,0.23585249941484387,0.23527432526276185,0.2442855386994712,0.2427315368012599,0.23682832716097316,0.0,0.0,0.0,5.799400696560042e-06,5.799400696560042e-06,0.0,0.0,0.0,0.0,0.0,-1.1888771041412838e-05,-0.09001188725233078,0.0,0.0,0.0,0.0
21.621,8.922157576307654e-06,4.461078788153827e-06,4.461078788153827e-06,datactrl_ref_vx_fallback,datactrl_est_vx_fallback,0.12999999523162842,states_theta,0.39567187428474426,0.1798349489858374,0.10388124111831867,0.24370736454738917,0.23585249941484387,0.23527432526276185,0.2442855386994712,0.2427315368012599,0.23682832716097316,0.0,0.0,0.0,4.461078788153827e-06,4.461078788153827e-06,0.0,0.0,0.0,0.0,0.0,-9.145211151917465e-06,-0.13000914454460144,0.0,0.0,0.0,0.0
21.779,0.0,0.0,0.0,datactrl_ref_vx_fallback,datactrl_est_vx_fallback,0.1599999964237213,states_theta,0.2243209332227707,0.18733494183328003,0.10816845789795006,0.25210613225050427,0.24745371263824242,0.24798703784372336,0.2515728070450234,0.25050670067127867,0.24905314421746813,0.0,0.0,0.0,0.0,0.0,0.0,0.0,0.0,0.0,0.0,0.0,-0.1599999964237213,0.0,0.0,0.0,0.0
21.943,0.0,0.0,0.0,datactrl_ref_vx_fallback,datactrl_est_vx_fallback,0.17000000178813934,states_theta,-0.09519628435373306,0.19108493825700135,0.11032559908339652,0.25621280569328136,0.2533470296587222,0.25433925178576844,0.2552205835662351,0.2544651801634281,0.25509465518857544,0.0,0.0,0.0,0.0,0.0,0.0,0.0,0.0,0.0,0.0,0.0,-0.17000000178813934,0.0,0.0,0.0,0.0
22.148,0.0,0.0,0.0,datactrl_ref_vx_fallback,datactrl_est_vx_fallback,0.11999999731779099,states_theta,-0.27732762694358826,0.2023349275281653,0.11682371304594995,0.2691962705480976,0.2703635361936765,0.27142300482012993,0.26813680192164413,0.26830270581415216,0.2712571009276219,0.0,0.0,0.0,0.0,0.0,0.0,0.0,0.0,0.0,0.0,0.0,-0.11999999731779099,0.0,0.0,0.0,0.0
22.227,0.0,0.0,0.0,datactrl_ref_vx_fallback,datactrl_est_vx_fallback,0.08999999612569809,states_theta,-0.32512709498405457,0.2060849239518866,0.11898916536751668,0.27386371660804165,0.27569608059698925,0.27650069110223485,0.27305910610279605,0.27340480727742655,0.27615498992760434,0.0,0.0,0.0,0.0,0.0,0.0,0.0,0.0,0.0,0.0,0.0,-0.08999999612569809,0.0,0.0,0.0,0.0
22.327,0.0,0.0,0.0,datactrl_ref_vx_fallback,datactrl_est_vx_fallback,0.05999999865889549,states_theta,-0.3316321074962616,0.20983492037560791,0.12115351209040187,0.2786977719078526,0.2808620157604351,0.28143975955932365,0.2781200281089641,0.27869542166575245,0.2808643660025353,0.0,0.0,0.0,0.0,0.0,0.0,0.0,0.0,0.0,0.0,0.0,-0.05999999865889549,0.0,0.0,0.0,0.0
22.473,0.0,0.0,0.0,datactrl_ref_vx_fallback,datactrl_est_vx_fallback,0.0,datactrl_est_theta_fallback,-0.3049638867378235,0.21358491679932923,0.1233171629253961,0.2836492413696519,0.28591053676189265,0.28617052759900313,0.28338925053254144,0.2840120766559215,0.2855477014756231,0.0,0.0,0.0,0.0,0.0,0.0,0.0,0.0,0.0,0.0,0.0,0.0,0.0,0.0,0.0,0.0
22.523,0.0,0.0,0.0,datactrl_ref_vx_fallback,datactrl_est_vx_fallback,-0.029999999329447746,states_theta,-0.11016471683979034,0.22483490607049317,0.12980918288532853,0.29896359144826873,0.30059615807304635,0.2998910839186741,0.299668665602641,0.2999726852041547,0.29958706431716037,0.0,0.0,0.0,0.0,0.0,0.0,0.0,0.0,0.0,0.0,0.0,0.029999999329447746,0.0,0.0,0.0,0.0
22.575,0.0,0.0,0.0,datactrl_ref_vx_fallback,datactrl_est_vx_fallback,-0.029999999329447746,states_theta,0.06970441341400146,0.2323348989179358,0.13413914574486813,0.3093296922918348,0.3102300381559939,0.30935767332956615,0.3102020571182626,0.31021242663867504,0.3093473038091537,0.0,0.0,0.0,0.0,0.0,0.0,0.0,0.0,0.0,0.0,0.0,0.029999999329447746,0.0,0.0,0.0,0.0
22.631,0.0,0.0,0.0,datactrl_ref_vx_fallback,datactrl_est_vx_fallback,-0.019999999552965164,states_theta,0.0700271874666214,0.24358488818909974,0.14063410482805602,0.3247099928012277,0.32484970903637156,0.3243227410411657,0.32523696079643355,0.325137986967689,0.3244217148699103,0.0,0.0,0.0,0.0,0.0,0.0,0.0,0.0,0.0,0.0,0.0,0.019999999552965164,0.0,0.0,0.0,0.0
22.681,0.0,0.0,0.0,datactrl_ref_vx_fallback,datactrl_est_vx_fallback,0.0,datactrl_est_theta_fallback,0.06456200778484344,0.25108488103654236,0.14496396879923445,0.3347222101253836,0.3348374726387293,0.33456850981538794,0.334991172948725,0.3348459538823016,0.33471372888181133,0.0,0.0,0.0,0.0,0.0,0.0,0.0,0.0,0.0,0.0,0.0,0.009999999776482582,0.0,0.0,0.0,0.0
22.737,0.0,0.0,0.0,datactrl_ref_vx_fallback,datactrl_est_vx_fallback,0.0,datactrl_est_theta_fallback,-0.010998876765370369,0.258584873883985,0.1492940606700646,0.3446623126893968,0.3448973510012298,0.34474708727502257,0.34481257641560403,0.3448244077010886,0.344735255989538,0.0,0.0,0.0,0.0,0.0,0.0,0.0,0.0,0.0,0.0,0.0,0.0,0.0,0.0,0.0,0.0
22.789,0.0,0.0,0.0,datactrl_ref_vx_fallback,datactrl_est_vx_fallback,0.0,datactrl_est_theta_fallback,-0.011004078201949596,0.2660848667314276,0.15362418320270368,0.35466215884561575,0.3548974857715245,0.35474697476246353,0.35481266985467674,0.35482451195195075,0.3547351326651895,0.0,0.0,0.0,0.0,0.0,0.0,0.0,0.0,0.0,0.0,0.0,0.0,0.0,0.0,0.0,0.0
22.839,0.0,0.0,0.0,datactrl_ref_vx_fallback,datactrl_est_vx_fallback,0.0,datactrl_est_theta_fallback,-0.011004079133272171,0.27733485600259156,0.16011937139269147,0.3696381445784543,0.3699214714284565,0.3698023861259989,0.36975722988091186,0.3698244976087287,0.36973511839818207,0.0,0.0,0.0,0.0,0.0,0.0,0.0,0.0,0.0,0.0,0.0,0.0,0.0,0.0,0.0,0.0
22.892,0.0,0.0,0.0,datactrl_ref_vx_fallback,datactrl_est_vx_fallback,-0.009999999776482582,states_theta,-0.011004079133272171,0.2848348488500342,0.16444950335086736,0.37960810574438864,0.3799514911890358,0.37977234729193327,0.3797872496414912,0.37985451736930803,0.3797050795641164,0.0,0.0,0.0,0.0,0.0,0.0,0.0,0.0,0.0,0.0,0.0,0.009999999776482582,0.0,0.0,0.0,0.0
22.951,0.0,0.0,0.0,datactrl_ref_vx_fallback,datactrl_est_vx_fallback,-0.009999999776482582,states_theta,-0.011004079133272171,0.2960848381211981,0.17094468667074258,0.3946080914392739,0.39495147688392107,0.3947723329868185,0.39478723533637644,0.3948545030641933,0.3947050652590017,0.0,0.0,0.0,0.0,0.0,0.0,0.0,0.0,0.0,0.0,0.0,0.009999999776482582,0.0,0.0,0.0,0.0
23.005,0.0,0.0,0.0,datactrl_ref_vx_fallback,datactrl_est_vx_fallback,-0.009999999776482582,states_theta,-0.011004079133272171,0.29983483454491944,0.17310975198159742,0.39958408666974,0.3999754721167118,0.39980004103271016,0.39975951775374163,0.3998267854815585,0.3997327733048933,0.0,0.0,0.0,0.0,0.0,0.0,0.0,0.0,0.0,0.0,0.0,0.009999999776482582,0.0,0.0,0.0,0.0
23.106,0.0,0.0,0.0,datactrl_ref_vx_fallback,datactrl_est_vx_fallback,-0.009999999776482582,states_theta,-0.011004079133272171,0.3035848488500341,0.17527483086491366,0.404571187424067,0.4049884095093574,0.40476040973383104,0.40479918719959335,0.4048664549274102,0.4046931420060142,0.0,0.0,0.0,0.0,0.0,0.0,0.0,0.0,0.0,0.0,0.0,0.009999999776482582,0.0,0.0,0.0,0.0
23.207,0.0,0.0,0.0,datactrl_ref_vx_fallback,datactrl_est_vx_fallback,-0.009999999776482582,states_theta,-0.011004079133272171,0.3073348631551489,0.17743989921702794,0.40971298827131997,0.4098466468090771,0.4096712182987103,0.4098884167816868,0.40995568450950365,0.40960395057089344,0.0,0.0,0.0,0.0,0.0,0.0,0.0,0.0,0.0,0.0,0.0,0.009999999776482582,0.0,0.0,0.0,0.0
23.307,0.0,0.0,0.0,datactrl_ref_vx_fallback,datactrl_est_vx_fallback,-0.019999999552965164,states_theta,-0.011004079133272171,0.3110848774602637,0.17960498492363397,0.41473755926076206,0.41482211396660773,0.4146701898498825,0.41488948337748727,0.41501217673383045,0.41454749649353934,0.0,0.0,0.0,0.0,0.0,0.0,0.0,0.0,0.0,0.0,0.0,0.019999999552965164,0.0,0.0,0.0,0.0
23.407,0.0,0.0,0.0,datactrl_ref_vx_fallback,datactrl_est_vx_fallback,-0.009999999776482582,states_theta,0.06607027351856232,0.3148348917653784,0.18177002647256243,0.41972693988209747,0.4198327714922449,0.4196397249171592,0.4199199864571832,0.4198270581487956,0.41973265322554676,0.0,0.0,0.0,0.0,0.0,0.0,0.0,0.0,0.0,0.0,0.0,0.009999999776482582,0.0,0.0,0.0,0.0
23.507,0.0,0.0,0.0,datactrl_ref_vx_fallback,datactrl_est_vx_fallback,0.0,datactrl_est_theta_fallback,0.08610151708126068,0.31858490607049317,0.18393510787069392,0.4247492392592664,0.4248105102620487,0.42458452613374664,0.42497522338756843,0.42478523529403767,0.4247745142272774,0.0,0.0,0.0,0.0,0.0,0.0,0.0,0.0,0.0,0.0,0.0,0.0,0.0,0.0,0.0,0.0
23.607,0.0,0.0,0.0,datactrl_ref_vx_fallback,datactrl_est_vx_fallback,0.0,datactrl_est_theta_fallback,0.08603249490261078,0.32233492037560785,0.18610017932172404,0.42974931129520494,0.42981047637308273,0.4295845711654029,0.4299752165028848,0.42978537186216065,0.429774415806127,0.0,0.0,0.0,0.0,0.0,0.0,0.0,0.0,0.0,0.0,0.0,0.0,0.0,0.0,0.0,0.0
23.707,0.0,0.0,0.0,datactrl_ref_vx_fallback,datactrl_est_vx_fallback,0.0,datactrl_est_theta_fallback,0.08603186905384064,0.32608493468072264,0.18826524337459674,0.434779265777521,0.43478056003773935,0.43461452867898837,0.434945297136272,0.43475545380215724,0.4348043720131031,0.0,0.0,0.0,0.0,0.0,0.0,0.0,0.0,0.0,0.0,0.0,0.0,0.0,0.0,0.0,0.0
23.809,0.0,0.0,0.0,datactrl_ref_vx_fallback,datactrl_est_vx_fallback,0.009999999776482582,states_theta,0.08603186905384064,0.32983494898583743,0.19043032284721717,0.4397792848475149,0.4397805791147182,0.43958683494224426,0.4399730290199888,0.4397277600573477,0.43983210390488536,0.0,0.0,0.0,0.0,0.0,0.0,0.0,0.0,0.0,0.0,0.0,-0.009999999776482582,0.0,0.0,0.0,0.0
23.907,0.0,0.0,0.0,datactrl_ref_vx_fallback,datactrl_est_vx_fallback,0.019999999552965164,states_theta,0.07933652400970459,0.3335849632909521,0.19259540018032936,0.4447794173722092,0.44478048473699644,0.4445736486475847,0.44498625346162096,0.44469947487347844,0.4448604272357272,0.0,0.0,0.0,0.0,0.0,0.0,0.0,0.0,0.0,0.0,0.0,-0.019999999552965164,0.0,0.0,0.0,0.0
24.007,0.0,0.0,0.0,datactrl_ref_vx_fallback,datactrl_est_vx_fallback,0.019999999552965164,states_theta,0.009143779054284096,0.3373349775960669,0.19476044658903288,0.44977443837770287,0.4497855018784755,0.4497173031892704,0.44984263706690797,0.4497017513704371,0.44985818888574125,0.0,0.0,0.0,0.0,0.0,0.0,0.0,0.0,0.0,0.0,0.0,-0.019999999552965164,0.0,0.0,0.0,0.0
24.107,0.0,0.0,0.0,datactrl_ref_vx_fallback,datactrl_est_vx_fallback,0.019999999552965164,states_theta,0.009010015055537224,0.3410849919011816,0.19692551825758536,0.4547736429011466,0.45478633550200437,0.45471692764223304,0.4548430507609179,0.4547024430879395,0.45485753531521145,0.0,0.0,0.0,0.0,0.0,0.0,0.0,0.0,0.0,0.0,0.0,-0.019999999552965164,0.0,0.0,0.0,0.0
24.208,0.0,0.0,0.0,datactrl_ref_vx_fallback,datactrl_est_vx_fallback,0.029999999329447746,states_theta,0.009003320708870888,0.34483500620629637,0.1990905958128051,0.45977365891750843,0.4597863576326152,0.4596892516603627,0.459870764889761,0.45967474550122656,0.4598852710488971,0.0,0.0,0.0,0.0,0.0,0.0,0.0,0.0,0.0,0.0,0.0,-0.029999999329447746,0.0,0.0,0.0,0.0
24.308,0.0,0.0,0.0,datactrl_ref_vx_fallback,datactrl_est_vx_fallback,0.029999999329447746,states_theta,0.009003334678709507,0.34858502051141116,0.20125566943511408,0.4648037074084579,0.46475634728863846,0.4647193001070966,0.46484075458999974,0.464644735173236,0.46491531952386034,0.0,0.0,0.0,0.0,0.0,0.0,0.0,0.0,0.0,0.0,0.0,-0.029999999329447746,0.0,0.0,0.0,0.0
24.409,0.0,0.0,0.0,datactrl_ref_vx_fallback,datactrl_est_vx_fallback,0.029999999329447746,states_theta,0.009003334678709507,0.35233503481652584,0.20342074105455196,0.46980372648281726,0.4697563663612517,0.4697193191795747,0.4698407736644942,0.4696447542477305,0.46991533859633844,0.0,0.0,0.0,0.0,0.0,0.0,0.0,0.0,0.0,0.0,0.0,-0.029999999329447746,0.0,0.0,0.0,0.0
24.508,0.0,0.0,0.0,datactrl_ref_vx_fallback,datactrl_est_vx_fallback,0.029999999329447746,states_theta,0.009003334678709507,0.35608504912164063,0.20558581267713003,0.4748037455563036,0.474756385434738,0.47471933825306106,0.4748407927379806,0.47464477332121685,0.4749153576698248,0.0,0.0,0.0,0.0,0.0,0.0,0.0,0.0,0.0,0.0,0.0,-0.029999999329447746,0.0,0.0,0.0,0.0
24.608,0.0,0.0,0.0,datactrl_ref_vx_fallback,datactrl_est_vx_fallback,0.029999999329447746,states_theta,0.009003334678709507,0.3598350634267553,0.20775088430274996,0.4798037646297899,0.4797564045082243,0.47971935732654736,0.47984081181146687,0.47964479239470315,0.4799153767433111,0.0,0.0,0.0,0.0,0.0,0.0,0.0,0.0,0.0,0.0,0.0,-0.029999999329447746,0.0,0.0,0.0,0.0
24.709,0.0,0.0,0.0,datactrl_ref_vx_fallback,datactrl_est_vx_fallback,0.029999999329447746,states_theta,0.009003334678709507,0.3635850777318701,0.20991595593131773,0.48480378370327626,0.48475642358171067,0.4847193764000337,0.4848408308849532,0.4846448114681895,0.48491539581679743,0.0,0.0,0.0,0.0,0.0,0.0,0.0,0.0,0.0,0.0,0.0,-0.029999999329447746,0.0,0.0,0.0,0.0
24.809,0.0,0.0,0.0,datactrl_ref_vx_fallback,datactrl_est_vx_fallback,0.029999999329447746,states_theta,0.009003334678709507,0.3673350920369849,0.21208103263493894,0.4898338320740851,0.48972641335787453,0.48974942477084255,0.4898108206611171,0.48961480124435336,0.48994544418760627,0.0,0.0,0.0,0.0,0.0,0.0,0.0,0.0,0.0,0.0,0.0,-0.029999999329447746,0.0,0.0,0.0,0.0
24.909,0.0,0.0,0.0,datactrl_ref_vx_fallback,datactrl_est_vx_fallback,0.029999999329447746,states_theta,0.009003334678709507,0.37108510634209957,0.21424610421787785,0.4948338511475714,0.49472643243136083,0.49474944384432884,0.4948108397346034,0.49461482031783965,0.49494546326109257,0.0,0.0,0.0,0.0,0.0,0.0,0.0,0.0,0.0,0.0,0.0,-0.029999999329447746,0.0,0.0,0.0,0.0
25.009,0.0,0.0,0.0,datactrl_ref_vx_fallback,datactrl_est_vx_fallback,0.029999999329447746,states_theta,0.009003334678709507,0.37483512064721436,0.2164111758045301,0.49983387022105774,0.4997264515048472,0.4997494629178152,0.49981085880808973,0.499614839391326,0.4999454823345789,0.0,0.0,0.0,0.0,0.0,0.0,0.0,0.0,0.0,0.0,0.0,-0.029999999329447746,0.0,0.0,0.0,0.0
25.11,0.0,0.0,0.0,datactrl_ref_vx_fallback,datactrl_est_vx_fallback,0.029999999329447746,states_theta,0.009003334678709507,0.37858513495232904,0.21857624739478532,0.5048338892945441,0.5047264705783334,0.5047494819913015,0.504810877881576,0.5046148584648124,0.5049455014080652,0.0,0.0,0.0,0.0,0.0,0.0,0.0,0.0,0.0,0.0,0.0,-0.029999999329447746,0.0,0.0,0.0,0.0
25.209,0.0,0.0,0.0,datactrl_ref_vx_fallback,datactrl_est_vx_fallback,0.029999999329447746,states_theta,0.009003334678709507,0.38233514925744383,0.22074131898853752,0.5098339083680304,0.5097264896518198,0.5097495010647879,0.5098108969550623,0.5096148775382987,0.5099455204815515,0.0,0.0,0.0,0.0,0.0,0.0,0.0,0.0,0.0,0.0,0.0,-0.029999999329447746,0.0,0.0,0.0,0.0
25.31,0.0,0.0,0.0,datactrl_ref_vx_fallback,datactrl_est_vx_fallback,0.03999999910593033,states_theta,0.006303967908024788,0.3860851635625586,0.22290640405495407,0.514864194914268,0.5146962412525549,0.5147519262054875,0.5148085099613354,0.5145626754443581,0.5149977607224648,0.0,0.0,0.0,0.0,0.0,0.0,0.0,0.0,0.0,0.0,0.0,-0.03999999910593033,0.0,0.0,0.0,0.0
25.41,0.0,0.0,0.0,datactrl_ref_vx_fallback,datactrl_est_vx_fallback,0.029999999329447746,states_theta,-0.1007540225982666,0.38983517786767335,0.22507145024227368,0.519873764101242,0.5196867102125536,0.5197823306552702,0.5197781436585254,0.5198102506261413,0.5197502236876543,0.0,0.0,0.0,0.0,0.0,0.0,0.0,0.0,0.0,0.0,0.0,-0.029999999329447746,0.0,0.0,0.0,0.0
25.51,0.0,0.0,0.0,datactrl_ref_vx_fallback,datactrl_est_vx_fallback,0.019999999552965164,states_theta,-0.10301945358514786,0.39358519217278803,0.22723652410441136,0.5248735292540271,0.524686983206741,0.5248090964926722,0.5247514159680959,0.5248436571812203,0.5247168552795478,0.0,0.0,0.0,0.0,0.0,0.0,0.0,0.0,0.0,0.0,0.0,-0.019999999552965164,0.0,0.0,0.0,0.0
25.61,0.0,0.0,0.0,datactrl_ref_vx_fallback,datactrl_est_vx_fallback,0.009999999776482582,states_theta,-0.10303835570812225,0.39733520647790277,0.22940159942710212,0.5298735258088316,0.5296870247989092,0.5298368243428672,0.5297237262648736,0.5298714324015922,0.5296891182061486,0.0,0.0,0.0,0.0,0.0,0.0,0.0,0.0,0.0,0.0,0.0,-0.009999999776482582,0.0,0.0,0.0,0.0
25.71,0.0,0.0,0.0,datactrl_ref_vx_fallback,datactrl_est_vx_fallback,0.0,datactrl_est_theta_fallback,-0.10303818434476852,0.40108522078301756,0.23156668093263014,0.5348975450210832,0.5346630437336303,0.5348368435565802,0.5347237451981333,0.5349268765923656,0.5346337121623479,0.0,0.0,0.0,0.0,0.0,0.0,0.0,0.0,0.0,0.0,0.0,0.0,0.0,0.0,0.0,0.0
25.809,0.0,0.0,0.0,datactrl_ref_vx_fallback,datactrl_est_vx_fallback,0.0,datactrl_est_theta_fallback,-0.10303818434476852,0.40483523508813235,0.23373175250898565,0.5398975640973636,0.5396630628043226,0.5398368626328606,0.5397237642688256,0.539926895663058,0.5396337312386282,0.0,0.0,0.0,0.0,0.0,0.0,0.0,0.0,0.0,0.0,0.0,0.0,0.0,0.0,0.0,0.0
25.91,0.0,0.0,0.0,datactrl_ref_vx_fallback,datactrl_est_vx_fallback,-0.009999999776482582,states_theta,-0.10303818434476852,0.4085852493932471,0.2358968376143014,0.5449215831720122,0.5446390818766467,0.5448368817063469,0.544723783342312,0.5449823403650706,0.5445783246835882,0.0,0.0,0.0,0.0,0.0,0.0,0.0,0.0,0.0,0.0,0.0,0.009999999776482582,0.0,0.0,0.0,0.0
26.01,0.0,0.0,0.0,datactrl_ref_vx_fallback,datactrl_est_vx_fallback,-0.019999999552965164,states_theta,-0.09992425888776779,0.41233526369836176,0.23806191580845157,0.5499211626691779,0.5496395405264535,0.549864564796157,0.5496961383994744,0.550003648882108,0.5495570543135234,0.0,0.0,0.0,0.0,0.0,0.0,0.0,0.0,0.0,0.0,0.0,0.019999999552965164,0.0,0.0,0.0,0.0
26.11,0.0,0.0,0.0,datactrl_ref_vx_fallback,datactrl_est_vx_fallback,-0.019999999552965164,states_theta,0.04664144665002823,0.4160852780034765,0.24022696292575627,0.5549097239662699,0.5546510173763342,0.554863566305765,0.554697175036839,0.5547000544107825,0.5548606869318216,0.0,0.0,0.0,0.0,0.0,0.0,0.0,0.0,0.0,0.0,0.0,0.019999999552965164,0.0,0.0,0.0,0.0
26.21,0.0,0.0,0.0,datactrl_ref_vx_fallback,datactrl_est_vx_fallback,-0.019999999552965164,states_theta,0.06003129854798317,0.4198352923085913,0.24239203735971315,0.5599099884857304,0.5596507910038464,0.5598639282033224,0.5596968512862543,0.5596719003801627,0.5598888791094141,0.0,0.0,0.0,0.0,0.0,0.0,0.0,0.0,0.0,0.0,0.0,0.019999999552965164,0.0,0.0,0.0,0.0
26.311,0.0,0.0,0.0,datactrl_ref_vx_fallback,datactrl_est_vx_fallback,-0.009999999776482582,states_theta,0.06002308055758476,0.4235853066137061,0.24455712169659743,0.5649399842307595,0.56462083340579,0.5648662415095539,0.5646945761269956,0.5646142166670202,0.5649466009695293,0.0,0.0,0.0,0.0,0.0,0.0,0.0,0.0,0.0,0.0,0.0,0.009999999776482582,0.0,0.0,0.0,0.0
26.411,0.0,0.0,0.0,datactrl_ref_vx_fallback,datactrl_est_vx_fallback,0.0,datactrl_est_theta_fallback,0.0600222572684288,0.4273353209188208,0.24672220049463467,0.5699160034888825,0.5696448522946397,0.5698662599230847,0.5696945958604375,0.5695588124818195,0.5700020433017027,0.0,0.0,0.0,0.0,0.0,0.0,0.0,0.0,0.0,0.0,0.0,0.0,0.0,0.0,0.0,0.0
26.511,0.0,0.0,0.0,datactrl_ref_vx_fallback,datactrl_est_vx_fallback,0.0,datactrl_est_theta_fallback,0.008169250562787056,0.4310853352239355,0.24888725453719523,0.5749198334405865,0.5746410604899082,0.5748674455593211,0.5746934483711735,0.5746654394505429,0.5748954544799517,0.0,0.0,0.0,0.0,0.0,0.0,0.0,0.0,0.0,0.0,0.0,0.0,0.0,0.0,0.0,0.0
26.611,0.0,0.0,0.0,datactrl_ref_vx_fallback,datactrl_est_vx_fallback,-0.009999999776482582,states_theta,-0.06852229684591293,0.43483534952905023,0.25105232547237516,0.5799239430644303,0.5796369890130371,0.5798946629215886,0.5796662691558787,0.5798530862575293,0.5797078458199381,0.0,0.0,0.0,0.0,0.0,0.0,0.0,0.0,0.0,0.0,0.0,0.009999999776482582,0.0,0.0,0.0,0.0
26.711,0.0,0.0,0.0,datactrl_ref_vx_fallback,datactrl_est_vx_fallback,-0.009999999776482582,states_theta,-0.06904128938913345,0.4310887697588768,0.24888923702047533,0.5749293071492859,0.5746407455410522,0.5748997853811033,0.5746702673092348,0.5748581631217915,0.5747118895685466,0.0,0.0,0.0,0.0,0.0,0.0,0.0,0.0,0.0,0.0,0.0,0.009999999776482582,0.0,0.0,0.0,0.0
26.812,0.0,0.0,0.0,datactrl_ref_vx_fallback,datactrl_est_vx_fallback,-0.019999999552965164,states_theta,-0.006532676983624697,0.4241586492860598,0.24488812636518095,0.5656820924757746,0.5654076389537182,0.5656569073774969,0.5654328240519959,0.5655462237729698,0.565543507656523,0.0,0.0,0.0,0.0,0.0,0.0,0.0,0.0,0.0,0.0,0.0,0.019999999552965164,0.0,0.0,0.0,0.0
26.911,0.0,0.0,0.0,datactrl_ref_vx_fallback,datactrl_est_vx_fallback,-0.009999999776482582,states_theta,0.061354175209999084,0.4167079978856698,0.24058648864319798,0.5556022394854823,0.5556190882096372,0.5556770933179452,0.5555442343771743,0.5554614962721797,0.5557598314229398,0.0,0.0,0.0,0.0,0.0,0.0,0.0,0.0,0.0,0.0,0.0,0.009999999776482582,0.0,0.0,0.0,0.0
27.012,0.0,0.0,0.0,datactrl_ref_vx_fallback,datactrl_est_vx_fallback,0.0,datactrl_est_theta_fallback,0.06102161854505539,0.4092691917668695,0.23629170303405972,0.5456594810623068,0.5457250303160119,0.5457594090436477,0.545625102334671,0.5454881286362301,0.5458963827420886,0.0,0.0,0.0,0.0,0.0,0.0,0.0,0.0,0.0,0.0,0.0,0.0,0.0,0.0,0.0,0.0
27.112,0.0,0.0,0.0,datactrl_ref_vx_fallback,datactrl_est_vx_fallback,0.0,datactrl_est_theta_fallback,0.0448448471724987,0.4024855281500847,0.23237514548284743,0.5366188270206868,0.5366759147128725,0.5367103766452072,0.536584365088352,0.536481014175879,0.5368137275576802,0.0,0.0,0.0,0.0,0.0,0.0,0.0,0.0,0.0,0.0,0.0,0.0,0.0,0.0,0.0,0.0
27.212,0.0,0.0,0.0,datactrl_ref_vx_fallback,datactrl_est_vx_fallback,0.0,datactrl_est_theta_fallback,-0.00890409853309393,0.39665434892445106,0.22900849742704804,0.5288567664829336,0.5288881639822693,0.528832302990486,0.5289126274747169,0.5289209916553619,0.528823938809841,0.0,0.0,0.0,0.0,0.0,0.0,0.0,0.0,0.0,0.0,0.0,0.0,0.0,0.0,0.0,0.0
27.312,0.0,0.0,0.0,datactrl_ref_vx_fallback,datactrl_est_vx_fallback,0.0,datactrl_est_theta_fallback,-0.01883779466152191,0.3920912682975585,0.22637400493959256,0.5227721965723617,0.5228045188877943,0.5227338198395225,0.5228428956206336,0.5228719066029767,0.5227048088571794,0.0,0.0,0.0,0.0,0.0,0.0,0.0,0.0,0.0,0.0,0.0,0.0,0.0,0.0,0.0,0.0
27.412,0.0,0.0,0.0,datactrl_ref_vx_fallback,datactrl_est_vx_fallback,0.0,datactrl_est_theta_fallback,-0.019005505368113518,0.38845484486621695,0.22427452261838743,0.5178899349251108,0.5179896513848011,0.5178518426805607,0.5180277436293512,0.5180571031900776,0.5178224831198344,0.0,0.0,0.0,0.0,0.0,0.0,0.0,0.0,0.0,0.0,0.0,0.0,0.0,0.0,0.0,0.0
27.512,0.0,0.0,0.0,datactrl_ref_vx_fallback,datactrl_est_vx_fallback,0.0,datactrl_est_theta_fallback,0.00039162731263786554,0.38601808509499186,0.22286764992351496,0.5146361596697665,0.5147454005835451,0.5146346768983463,0.5147468833549653,0.5147359267319884,0.5146456335213232,0.0,0.0,0.0,0.0,0.0,0.0,0.0,0.0,0.0,0.0,0.0,0.0,0.0,0.0,0.0,0.0
27.613,0.0,0.0,0.0,datactrl_ref_vx_fallback,datactrl_est_vx_fallback,0.0,datactrl_est_theta_fallback,-1.0670164556358941e-05,0.3844053474760192,0.22193653517863296,0.5124852128852555,0.5125957137174624,0.5124874776734397,0.5125934489292782,0.5125833284659375,0.5124975981367804,0.0,0.0,0.0,0.0,0.0,0.0,0.0,0.0,0.0,0.0,0.0,0.0,0.0,0.0,0.0,0.0
27.713,0.0,0.0,0.0,datactrl_ref_vx_fallback,datactrl_est_vx_fallback,0.0,datactrl_est_theta_fallback,-6.472357227949033e-08,0.3835999661113323,0.22147154835619523,0.5114091791646177,0.511524063798935,0.5114120193291171,0.5115212236344356,0.5115110811280982,0.5114221618354545,0.0,0.0,0.0,0.0,0.0,0.0,0.0,0.0,0.0,0.0,0.0,0.0,0.0,0.0,0.0,0.0
27.813,0.0,0.0,0.0,datactrl_ref_vx_fallback,datactrl_est_vx_fallback,0.0,datactrl_est_theta_fallback,1.4818082316736536e-09,0.3835836475375704,0.22146212869546497,0.5113768365311713,0.5115128902356831,0.5113810755897004,0.511508651177154,0.5114985085332113,0.5113912182336431,0.0,0.0,0.0,0.0,0.0,0.0,0.0,0.0,0.0,0.0,0.0,0.0,0.0,0.0,0.0,0.0
27.913,0.0,0.0,0.0,datactrl_ref_vx_fallback,datactrl_est_vx_fallback,0.0,datactrl_est_theta_fallback,1.0473608091920994e-11,0.3840682086082631,0.22174189028811359,0.5120222704306657,0.5121596191913692,0.5120265081145521,0.5121553815074829,0.5121452388665984,0.5120366507554366,0.0,0.0,0.0,0.0,0.0,0.0,0.0,0.0,0.0,0.0,0.0,0.0,0.0,0.0,0.0,0.0
28.013,0.0,0.0,0.0,datactrl_ref_vx_fallback,datactrl_est_vx_fallback,0.0,datactrl_est_theta_fallback,-0.027350280433893204,0.384721824261675,0.22211925157612786,0.5129418931868811,0.512982971510919,0.5129444351536353,0.5129804295441648,0.5130271333969035,0.5128977313008966,0.0,0.0,0.0,0.0,0.0,0.0,0.0,0.0,0.0,0.0,0.0,0.0,0.0,0.0,0.0,0.0
28.113,0.0,0.0,0.0,datactrl_ref_vx_fallback,datactrl_est_vx_fallback,-0.009999999776482582,states_theta,-0.020050425082445145,0.3857581040859598,0.22271754756537746,0.5143438088776553,0.5143444686849041,0.5143751038475125,0.5143131737150469,0.5144006295617226,0.5142876480008368,0.0,0.0,0.0,0.0,0.0,0.0,0.0,0.0,0.0,0.0,0.0,0.009999999776482582,0.0,0.0,0.0,0.0
28.213,0.0,0.0,0.0,datactrl_ref_vx_fallback,datactrl_est_vx_fallback,-0.009999999776482582,states_theta,0.015864266082644463,0.38684014206222544,0.2233422609536237,0.5157858549987886,0.5157878571671459,0.515819424339402,0.5157542878265325,0.5157676506411607,0.5158060615247738,0.0,0.0,0.0,0.0,0.0,0.0,0.0,0.0,0.0,0.0,0.0,0.009999999776482582,0.0,0.0,0.0,0.0
28.314,1.0707486580940895e-05,5.353743290470447e-06,5.353743290470447e-06,datactrl_ref_vx_fallback,datactrl_est_vx_fallback,-0.009999999776482582,states_theta,0.018922770395874977,0.38790778493315226,0.2239586644079424,0.5172220560661568,0.5171987037555826,0.5172295148818679,0.5171912449398716,0.5171987429809363,0.5172220168408032,0.0,0.0,0.0,5.353743290470447e-06,5.353743290470447e-06,0.0,0.0,0.0,0.0,0.0,-1.1117583198938519e-05,0.009988882578909397,0.0,0.0,0.0,0.0
28.413,1.0707486580940895e-05,5.353743290470447e-06,5.353743290470447e-06,datactrl_ref_vx_fallback,datactrl_est_vx_fallback,-1.1321025340294e-05,datactrl_est_theta_fallback,0.019005082547664642,0.38891021334175796,0.22453741738413927,0.5185600049914069,0.518533897253281,0.5185388103309297,0.5185550919137581,0.5185069914957249,0.518586910748963,0.0,0.0,0.0,5.353743290470447e-06,5.353743290470447e-06,0.0,0.0,0.0,0.0,0.0,-1.1321025340294e-05,-1.1321025340294e-05,0.0,0.0,0.0,0.0
28.514,1.0707486580940895e-05,5.353743290470447e-06,5.353743290470447e-06,datactrl_ref_vx_fallback,datactrl_est_vx_fallback,-1.152446748164948e-05,datactrl_est_theta_fallback,0.009416185319423676,0.3901182232305155,0.2252348615956001,0.5201730712539645,0.5201421906940769,0.5201499224009829,0.5201653395470585,0.5201371675169464,0.520178094431095,0.0,0.0,0.0,5.353743290470447e-06,5.353743290470447e-06,0.0,0.0,0.0,0.0,0.0,-1.152446748164948e-05,-1.152446748164948e-05,0.0,0.0,0.0,0.0
28.614,1.0707486580940895e-05,5.353743290470447e-06,5.353743290470447e-06,datactrl_ref_vx_fallback,datactrl_est_vx_fallback,-1.1727909623004962e-05,datactrl_est_theta_fallback,-3.796945384237915e-05,0.39118760871994285,0.22585227188565427,0.5215756212838574,0.5215913353026569,0.5216031352290438,0.5215638213574705,0.5215552976472357,0.5216116589392785,0.0,0.0,0.0,5.353743290470447e-06,5.353743290470447e-06,0.0,0.0,0.0,0.0,0.0,-1.1727909623004962e-05,-1.1727909623004962e-05,0.0,0.0,0.0,0.0
28.714,1.0707486580940895e-05,5.353743290470447e-06,5.353743290470447e-06,datactrl_ref_vx_fallback,datactrl_est_vx_fallback,-1.1931351764360443e-05,datactrl_est_theta_fallback,-0.016808154061436653,0.391099177847474,0.22580121589165392,0.5214603334978273,0.5214708074287701,0.5214869382075363,0.521444202719061,0.5214705334011686,0.5214606075254288,0.0,0.0,0.0,5.353743290470447e-06,5.353743290470447e-06,0.0,0.0,0.0,0.0,0.0,-1.1931351764360443e-05,-1.1931351764360443e-05,0.0,0.0,0.0,0.0
28.814,1.0707486580940895e-05,5.353743290470447e-06,5.353743290470447e-06,datactrl_ref_vx_fallback,datactrl_est_vx_fallback,-1.2134793905715924e-05,datactrl_est_theta_fallback,-0.019016355276107788,0.390433504626895,0.22541688931575338,0.5205711727775161,0.5205848395608706,0.5205984739050545,0.5205575384333322,0.5205884569799765,0.5205675553584103,0.0,0.0,0.0,5.353743290470447e-06,5.353743290470447e-06,0.0,0.0,0.0,0.0,0.0,-1.2134793905715924e-05,-1.2134793905715924e-05,0.0,0.0,0.0,0.0
28.914,1.0707486580940895e-05,5.353743290470447e-06,5.353743290470447e-06,datactrl_ref_vx_fallback,datactrl_est_vx_fallback,-0.009999999776482582,states_theta,-0.019007232040166855,0.39016414473957345,0.22526137613664887,0.5202124343798074,0.5202252849257218,0.5202673577904762,0.520170361515053,0.5202571837530936,0.5201805355524356,0.0,0.0,0.0,5.353743290470447e-06,5.353743290470447e-06,0.0,0.0,0.0,0.0,0.0,-1.2338236956566107e-05,0.009987661615014076,0.0,0.0,0.0,0.0
29.014,1.0707486580940895e-05,5.353743290470447e-06,5.353743290470447e-06,datactrl_ref_vx_fallback,datactrl_est_vx_fallback,-0.009999999776482582,states_theta,0.036017633974552155,0.38961928457204575,0.22494680119648922,0.5195054652808117,0.519479293577977,0.5195220381298722,0.5194627207289164,0.5194357283657722,0.5195490304930164,0.0,0.0,0.0,5.353743290470447e-06,5.353743290470447e-06,0.0,0.0,0.0,0.0,0.0,-1.2541679097921588e-05,0.009987457655370235,0.0,0.0,0.0,0.0
29.114,-0.006652496289461851,-0.0033262481447309256,-0.0033262481447309256,datactrl_ref_vx_fallback,datactrl_est_vx_fallback,0.006905659101903439,datactrl_est_theta_fallback,0.057134926319122314,0.3894700504135431,0.22486064370633368,0.519295063122168,0.5192917379806137,0.5193025210192664,0.5192842800835152,0.5191965811862919,0.5193902199164898,0.0,0.0,0.0,-0.0033262481447309256,-0.0033262481447309256,0.0,0.0,0.0,0.0,0.0,0.006905659101903439,0.006905659101903439,0.0,0.0,0.0,0.0
29.214,-0.006652496289461851,-0.0033262481447309256,-0.0033262481447309256,datactrl_ref_vx_fallback,datactrl_est_vx_fallback,0.007032056804746389,datactrl_est_theta_fallback,0.05702189356088638,0.38937575337893227,0.2248062013422519,0.5191707321127206,0.5191646102310987,0.5191784052714121,0.5191569370724072,0.519070559925813,0.5192647824180063,0.0,0.0,0.0,-0.0033262481447309256,-0.0033262481447309256,0.0,0.0,0.0,0.0,0.0,0.007032056804746389,0.007032056804746389,0.0,0.0,0.0,0.0
29.314,-0.006652496289461851,-0.0033262481447309256,-0.0033262481447309256,datactrl_ref_vx_fallback,datactrl_est_vx_fallback,0.007158454041928053,datactrl_est_theta_fallback,0.04773254320025444,0.3893317362891942,0.22478078641154142,0.5191158031646665,0.5191021602731847,0.5191226858395384,0.5190952775983129,0.5190293018337242,0.519188661604127,0.0,0.0,0.0,-0.0033262481447309256,-0.0033262481447309256,0.0,0.0,0.0,0.0,0.0,0.007158454041928053,0.007158454041928053,0.0,0.0,0.0,0.0
29.415,-0.006652496289461851,-0.0033262481447309256,-0.0033262481447309256,datactrl_ref_vx_fallback,datactrl_est_vx_fallback,0.007284851279109716,datactrl_est_theta_fallback,0.01900096796452999,0.3893334422411986,0.22478176894423563,0.519092040937828,0.5191304717053683,0.5190779658006036,0.5191445468425927,0.5191393893655755,0.5190831232776209,0.0,0.0,0.0,-0.0033262481447309256,-0.0033262481447309256,0.0,0.0,0.0,0.0,0.0,0.007284851279109716,0.007284851279109716,0.0,0.0,0.0,0.0
29.516,-0.006652496289461851,-0.0033262481447309256,-0.0033262481447309256,datactrl_ref_vx_fallback,datactrl_est_vx_fallback,0.007411248981952667,datactrl_est_theta_fallback,-0.0024915083777159452,0.38760398983439864,0.22378326875812057,0.516810374870984,0.5168002646874124,0.5168064003497831,0.5168042392086133,0.5168448608439927,0.5167657787144037,0.0,0.0,0.0,-0.0033262481447309256,-0.0033262481447309256,0.0,0.0,0.0,0.0,0.0,0.007411248981952667,0.007411248981952667,0.0,0.0,0.0,0.0
29.615,-0.006651601288467646,-0.003325800644233823,-0.003325800644233823,datactrl_ref_vx_fallback,datactrl_est_vx_fallback,0.007536717224866152,datactrl_est_theta_fallback,0.005482833832502365,0.385402672431169,0.22251233739945764,0.513870677968165,0.5138697818482856,0.5139048741245883,0.5138355856918623,0.5138607426221612,0.5138797171942894,0.0,0.0,0.0,-0.003325800644233823,-0.003325800644233823,0.0,0.0,0.0,0.0,0.0,0.007536717224866152,0.007536717224866152,0.0,0.0,0.0,0.0
29.716,-0.006651601288467646,-0.003325800644233823,-0.003325800644233823,datactrl_ref_vx_fallback,datactrl_est_vx_fallback,0.009999999776482582,states_theta,0.019075321033596992,0.38360386781754463,0.22147379736171968,0.5114718718380539,0.5114717756753985,0.5114513342322349,0.5114923132812175,0.5114346931266842,0.5115089543867681,0.0,0.0,0.0,-0.003325800644233823,-0.003325800644233823,0.0,0.0,0.0,0.0,0.0,0.007663097698241472,-0.0023369023110717535,0.0,0.0,0.0,0.0
29.815,-0.006651601288467646,-0.003325800644233823,-0.003325800644233823,datactrl_ref_vx_fallback,datactrl_est_vx_fallback,0.009999999776482582,states_theta,0.01900610141456127,0.38257746092797307,0.22088120326230104,0.5101344759223745,0.5100720865522204,0.5101140705878018,0.5100924918867931,0.5100355900540039,0.510170972420591,0.0,0.0,0.0,-0.003325800644233823,-0.003325800644233823,0.0,0.0,0.0,0.0,0.0,0.007789477705955505,-0.002210521837696433,0.0,0.0,0.0,0.0
29.916,-0.006651601288467646,-0.003325800644233823,-0.003325800644233823,datactrl_ref_vx_fallback,datactrl_est_vx_fallback,0.009999999776482582,states_theta,0.002023117383942008,0.38188812958060514,0.22048321592422995,0.5092195121493333,0.5091488333989471,0.5091981011991187,0.5091702443491617,0.5091492224395304,0.50921912310875,0.0,0.0,0.0,-0.003325800644233823,-0.003325800644233823,0.0,0.0,0.0,0.0,0.0,0.007915858179330826,-0.0020841413643211126,0.0,0.0,0.0,0.0
30.016,-0.006652496289461851,-0.0033262481447309256,-0.0033262481447309256,datactrl_ref_vx_fallback,datactrl_est_vx_fallback,0.009999999776482582,states_theta,-1.050692026183242e-05,0.3814218282483137,0.22021399675876796,0.5086004507892286,0.5085244245396081,0.508578266624319,0.5085466087045176,0.5085304072492145,0.5085944680796222,0.0,0.0,0.0,-0.0033262481447309256,-0.0033262481447309256,0.0,0.0,0.0,0.0,0.0,0.008043168112635612,-0.0019568316638469696,0.0,0.0,0.0,0.0
30.116,-0.006652496289461851,-0.0033262481447309256,-0.0033262481447309256,datactrl_ref_vx_fallback,datactrl_est_vx_fallback,0.009999999776482582,states_theta,-1.6350634268746944e-07,0.3806771988184825,0.21978408558015902,0.507633040577621,0.5075061562716656,0.5075589126764924,0.5075802841727942,0.5075646568290121,0.5075745400202746,0.0,0.0,0.0,-0.0033262481447309256,-0.0033262481447309256,0.0,0.0,0.0,0.0,0.0,0.008169565349817276,-0.0018304343102499843,0.0,0.0,0.0,0.0
30.217,-0.006652496289461851,-0.0033262481447309256,-0.0033262481447309256,datactrl_ref_vx_fallback,datactrl_est_vx_fallback,0.009999999776482582,states_theta,1.380082936819349e-09,0.3804171266200484,0.2196339318232888,0.5072681282991125,0.5071775426876832,0.5072261359538456,0.5072195350329501,0.5072045099620183,0.5072411610247775,0.0,0.0,0.0,-0.0033262481447309256,-0.0033262481447309256,0.0,0.0,0.0,0.0,0.0,0.00829596258699894,-0.001704036840237677,0.0,0.0,0.0,0.0
30.316,-0.006652496289461851,-0.0033262481447309256,-0.0033262481447309256,datactrl_ref_vx_fallback,datactrl_est_vx_fallback,0.009999999776482582,states_theta,2.458615255829244e-11,0.3802814781476427,0.2195556163754681,0.506991397384527,0.50709254434252,0.5070656143380767,0.5070183273889703,0.5070039119420728,0.5070800297849742,0.0,0.0,0.0,-0.0033262481447309256,-0.0033262481447309256,0.0,0.0,0.0,0.0,0.0,0.008422360755503178,-0.0015776394866406918,0.0,0.0,0.0,0.0
30.415,-0.006652496289461851,-0.0033262481447309256,-0.0033262481447309256,datactrl_ref_vx_fallback,datactrl_est_vx_fallback,0.009999999776482582,states_theta,-1.7880968515744666e-13,0.38024497633194904,0.21953454170519726,0.5069311025229961,0.507055501028868,0.5069843230364423,0.5070022805154218,0.5069884816954499,0.5069981218564142,0.0,0.0,0.0,-0.0033262481447309256,-0.0033262481447309256,0.0,0.0,0.0,0.0,0.0,0.008548757992684841,-0.0014512420166283846,0.0,0.0,0.0,0.0
30.516,-0.006651601288467646,-0.003325800644233823,-0.003325800644233823,datactrl_ref_vx_fallback,datactrl_est_vx_fallback,0.009999999776482582,states_theta,-0.01395524013787508,0.38030741950734226,0.21957059215983057,0.5070924130703851,0.5070607056158609,0.5070560758032191,0.5070970428830269,0.5071128679331293,0.5070402507531168,0.0,0.0,0.0,-0.003325800644233823,-0.003325800644233823,0.0,0.0,0.0,0.0,0.0,0.008674225769937038,-0.0013257738901302218,0.0,0.0,0.0,0.0
30.616,-0.006651601288467646,-0.003325800644233823,-0.003325800644233823,datactrl_ref_vx_fallback,datactrl_est_vx_fallback,0.009999999776482582,states_theta,-0.016984928399324417,0.38049498055760017,0.21967888697247004,0.5073888702945841,0.5072644111923497,0.50727060616652,0.5073826753204138,0.5074054279515172,0.5072478535354166,0.0,0.0,0.0,-0.003325800644233823,-0.003325800644233823,0.0,0.0,0.0,0.0,0.0,0.008800606243312359,-0.0011993934167549014,0.0,0.0,0.0,0.0
30.716,-0.006651601288467646,-0.003325800644233823,-0.003325800644233823,datactrl_ref_vx_fallback,datactrl_est_vx_fallback,0.00892698671668768,datactrl_est_theta_fallback,-0.01700672321021557,0.3798594607841094,0.21931197117386317,0.5065418135695217,0.5064167485214368,0.5064510329428324,0.506507529148126,0.5065865010555091,0.5063720610354494,0.0,0.0,0.0,-0.003325800644233823,-0.003325800644233823,0.0,0.0,0.0,0.0,0.0,0.00892698671668768,0.00892698671668768,0.0,0.0,0.0,0.0
30.816,-0.006651601288467646,-0.003325800644233823,-0.003325800644233823,datactrl_ref_vx_fallback,datactrl_est_vx_fallback,0.009053367190063,datactrl_est_theta_fallback,-0.01700630411505699,0.38036924258244664,0.21960629398189588,0.5072219517143175,0.5070960285055401,0.5071308434239642,0.5071871367958934,0.5072673065898637,0.5070506736299939,0.0,0.0,0.0,-0.003325800644233823,-0.003325800644233823,0.0,0.0,0.0,0.0,0.0,0.009053367190063,0.009053367190063,0.0,0.0,0.0,0.0
30.917,-0.006651601288467646,-0.003325800644233823,-0.003325800644233823,datactrl_ref_vx_fallback,datactrl_est_vx_fallback,0.00917974766343832,datactrl_est_theta_fallback,0.015274526551365852,0.3807709579768871,0.2198382160658596,0.507700253691728,0.5076889675799708,0.507729918050074,0.5076593032216249,0.5076735843271055,0.5077156369445933,0.0,0.0,0.0,-0.003325800644233823,-0.003325800644233823,0.0,0.0,0.0,0.0,0.0,0.00917974766343832,0.00917974766343832,0.0,0.0,0.0,0.0
31.017,-0.006651601288467646,-0.003325800644233823,-0.003325800644233823,datactrl_ref_vx_fallback,datactrl_est_vx_fallback,0.009999999776482582,states_theta,0.019030200317502022,0.3814741901201251,0.22024422824127807,0.5086371776507576,0.5086273293362428,0.5086411064283698,0.5086234005586305,0.5085754965045373,0.5086890104824631,0.0,0.0,0.0,-0.003325800644233823,-0.003325800644233823,0.0,0.0,0.0,0.0,0.0,0.00930612813681364,-0.0006938717560842633,0.0,0.0,0.0,0.0
31.117,-0.006651601288467646,-0.003325800644233823,-0.003325800644233823,datactrl_ref_vx_fallback,datactrl_est_vx_fallback,0.009999999776482582,states_theta,0.019006691873073578,0.3818917666535964,0.22048531616175615,0.5091949752125073,0.5091830691970831,0.5091983858290581,0.5091796585805324,0.5091324689027092,0.5092455755068812,0.0,0.0,0.0,-0.003325800644233823,-0.003325800644233823,0.0,0.0,0.0,0.0,0.0,0.009432508610188961,-0.0005674913409166038,0.0,0.0,0.0,0.0
31.217,-0.006651601288467646,-0.003325800644233823,-0.003325800644233823,datactrl_ref_vx_fallback,datactrl_est_vx_fallback,0.009999999776482582,states_theta,0.00620312849059701,0.38239837942158605,0.22077781024692014,0.509848083674403,0.5098809281164931,0.5099032506578255,0.5098257611330707,0.5098058556839827,0.5099231561069134,0.0,0.0,0.0,-0.003325800644233823,-0.003325800644233823,0.0,0.0,0.0,0.0,0.0,0.009558889083564281,-0.0004411109257489443,0.0,0.0,0.0,0.0
31.317,-0.006651601288467646,-0.003325800644233823,-0.003325800644233823,datactrl_ref_vx_fallback,datactrl_est_vx_fallback,0.009999999776482582,states_theta,-3.79200246243272e-05,0.3826186593536033,0.22090499125586918,0.510172760051981,0.5101436648909612,0.5102225456388223,0.5100938793041199,0.510087625156423,0.5102287997865191,0.0,0.0,0.0,-0.003325800644233823,-0.003325800644233823,0.0,0.0,0.0,0.0,0.0,0.009685269556939602,-0.00031473051058128476,0.0,0.0,0.0,0.0
31.417,-0.006651601288467646,-0.003325800644233823,-0.003325800644233823,datactrl_ref_vx_fallback,datactrl_est_vx_fallback,0.009999999776482582,states_theta,-4.856031523559068e-07,0.3829276576380541,0.22108338724136273,0.5105641398577274,0.5105762805104168,0.5105377385474389,0.5106026818207053,0.510597036396698,0.5105433839714463,0.0,0.0,0.0,-0.003325800644233823,-0.003325800644233823,0.0,0.0,0.0,0.0,0.0,0.009811650030314922,-0.00018835008086171,0.0,0.0,0.0,0.0
31.517,-0.006651601288467646,-0.003325800644233823,-0.003325800644233823,datactrl_ref_vx_fallback,datactrl_est_vx_fallback,0.009999999776482582,states_theta,-0.00201481394469738,0.383530593481178,0.2214314922977544,0.5113675403758101,0.5113807089073313,0.5113457898849021,0.5114024593982394,0.5114017639503572,0.5113464853327843,0.0,0.0,0.0,-0.003325800644233823,-0.003325800644233823,0.0,0.0,0.0,0.0,0.0,0.009950668551027775,-4.933161471853964e-05,0.0,0.0,0.0,0.0
31.617,-0.006651601288467646,-0.003325800644233823,-0.003325800644233823,datactrl_ref_vx_fallback,datactrl_est_vx_fallback,0.009999999776482582,states_theta,-0.017546676099300385,0.3835996812663824,0.22147137980962592,0.5114560312963349,0.5114764520806848,0.511468540613187,0.5114639427638327,0.5114962309245886,0.5114362524524311,0.0,0.0,0.0,-0.003325800644233823,-0.003325800644233823,0.0,0.0,0.0,0.0,0.0,0.010077049024403095,7.70488113630563e-05,0.0,0.0,0.0,0.0
31.717,-0.006651601288467646,-0.003325800644233823,-0.003325800644233823,datactrl_ref_vx_fallback,datactrl_est_vx_fallback,0.009999999776482582,states_theta,-0.01800650916993618,0.38382345118754013,0.2216005734943467,0.5117536499432787,0.5117755532234951,0.5117670788911681,0.5117621242756056,0.5117960764291276,0.5117331267376461,0.0,0.0,0.0,-0.003325800644233823,-0.003325800644233823,0.0,0.0,0.0,0.0,0.0,0.010203428566455841,0.00020342922653071582,0.0,0.0,0.0,0.0
31.818,-0.006651601288467646,-0.003325800644233823,-0.003325800644233823,datactrl_ref_vx_fallback,datactrl_est_vx_fallback,0.009999999776482582,states_theta,0.033687714487314224,0.3840391970933157,0.22172513565707605,0.512067550345714,0.5120369752364612,0.5120021897400391,0.5121023358421362,0.5120295588144297,0.5120749667677456,0.0,0.0,0.0,-0.003325800644233823,-0.003325800644233823,0.0,0.0,0.0,0.0,0.0,0.010329809039831161,0.00032980964169837534,0.0,0.0,0.0,0.0
31.918,-0.006651601288467646,-0.003325800644233823,-0.003325800644233823,datactrl_ref_vx_fallback,datactrl_est_vx_fallback,0.009999999776482582,states_theta,0.032200343906879425,0.38427393107148655,0.22186065903230281,0.512378340330139,0.5123521425271584,0.5123241544310365,0.5124063284262609,0.5123373650900985,0.5123931177671989,0.0,0.0,0.0,-0.003325800644233823,-0.003325800644233823,0.0,0.0,0.0,0.0,0.0,0.010456189513206482,0.0004561900859698653,0.0,0.0,0.0,0.0
32.018,-0.006651601288467646,-0.003325800644233823,-0.003325800644233823,datactrl_ref_vx_fallback,datactrl_est_vx_fallback,0.009999999776482582,states_theta,0.018878601491451263,0.3845953714230238,0.22204624178266474,0.5128044537200307,0.5127832034080329,0.5127792280722759,0.5128084290557876,0.5127678837006756,0.5128197734273879,0.0,0.0,0.0,-0.003325800644233823,-0.003325800644233823,0.0,0.0,0.0,0.0,0.0,0.010582569986581802,0.0005825705011375248,0.0,0.0,0.0,0.0
32.119,-0.006651601288467646,-0.003325800644233823,-0.003325800644233823,datactrl_ref_vx_fallback,datactrl_est_vx_fallback,0.009999999776482582,states_theta,0.0009003232698887587,0.38496307680176056,0.2222585361863404,0.5132835046419448,0.5132847001627501,0.5132949893367156,0.5132732154679793,0.5132707735290816,0.5132974312756133,0.0,0.0,0.0,-0.003325800644233823,-0.003325800644233823,0.0,0.0,0.0,0.0,0.0,0.010708950459957123,0.0007089509163051844,0.0,0.0,0.0,0.0
32.218,-0.006651601288467646,-0.003325800644233823,-0.003325800644233823,datactrl_ref_vx_fallback,datactrl_est_vx_fallback,0.009999999776482582,states_theta,-0.008522958494722843,0.3850146687998547,0.22228832300755966,0.5133428874316207,0.5133628960346585,0.5133747564150366,0.5133310270512426,0.5133489143041738,0.5133568691621053,0.0,0.0,0.0,-0.003325800644233823,-0.003325800644233823,0.0,0.0,0.0,0.0,0.0,0.010835330933332443,0.0008353313314728439,0.0,0.0,0.0,0.0
32.32,-0.006651601288467646,-0.003325800644233823,-0.003325800644233823,datactrl_ref_vx_fallback,datactrl_est_vx_fallback,0.009999999776482582,states_theta,3.087320874328725e-05,0.3851387007697749,0.22235993261726508,0.513509239302568,0.5135272960834985,0.5135210947474483,0.5135154406386181,0.5135162993582237,0.5135202360278427,0.0,0.0,0.0,-0.003325800644233823,-0.003325800644233823,0.0,0.0,0.0,0.0,0.0,0.010961711406707764,0.0009617117466405034,0.0,0.0,0.0,0.0
32.419,-0.006651601288467646,-0.003325800644233823,-0.003325800644233823,datactrl_ref_vx_fallback,datactrl_est_vx_fallback,0.009999999776482582,states_theta,1.0900481584030786e-06,0.3856434218794441,0.222651333481312,0.514182381318819,0.5142000770263654,0.5141937736276608,0.5141886847175235,0.5141903626175593,0.514192095727625,0.0,0.0,0.0,-0.003325800644233823,-0.003325800644233823,0.0,0.0,0.0,0.0,0.0,0.011088091880083084,0.0010880922200158238,0.0,0.0,0.0,0.0
32.519,-0.006651601288467646,-0.003325800644233823,-0.003325800644233823,datactrl_ref_vx_fallback,datactrl_est_vx_fallback,0.009999999776482582,states_theta,-3.5721767766005996e-09,0.3859136251347429,0.22280733540273043,0.5145426477814324,0.514560352577882,0.5145539171415335,0.5145490832177809,0.5145515276728677,0.5145514726864467,0.0,0.0,0.0,-0.003325800644233823,-0.003325800644233823,0.0,0.0,0.0,0.0,0.0,0.011214472353458405,0.0012144725769758224,0.0,0.0,0.0,0.0
32.618,-0.006651601288467646,-0.003325800644233823,-0.003325800644233823,datactrl_ref_vx_fallback,datactrl_est_vx_fallback,0.009999999776482582,states_theta,-1.5944881526230859e-10,0.3857730741483181,0.22272618825309176,0.514355241901464,0.5143729558273843,0.5143663894155234,0.5143618083133249,0.5143650240480365,0.5143631736808117,0.0,0.0,0.0,-0.003325800644233823,-0.003325800644233823,0.0,0.0,0.0,0.0,0.0,0.011340852826833725,0.0013408530503511429,0.0,0.0,0.0,0.0
32.719,-0.006651601288467646,-0.003325800644233823,-0.003325800644233823,datactrl_ref_vx_fallback,datactrl_est_vx_fallback,0.009999999776482582,states_theta,3.869114501443144e-13,0.3860655990232144,0.22289507756942478,0.5147452729880749,0.5147629910738302,0.5147562968094713,0.5147519672524338,0.5147559612782454,0.5147523027836597,0.0,0.0,0.0,-0.003325800644233823,-0.003325800644233823,0.0,0.0,0.0,0.0,0.0,0.011467233300209045,0.0014672334073111415,0.0,0.0,0.0,0.0
32.819,-0.006651601288467646,-0.003325800644233823,-0.003325800644233823,datactrl_ref_vx_fallback,datactrl_est_vx_fallback,0.009999999776482582,states_theta,2.321621085481229e-14,0.38638983174716157,0.22308227342186726,0.515177583667218,0.5151953009918796,0.5151884819969117,0.5151844026621859,0.5151891819841452,0.5151837026749524,0.0,0.0,0.0,-0.003325800644233823,-0.003325800644233823,0.0,0.0,0.0,0.0,0.0,0.011593613773584366,0.001593613880686462,0.0,0.0,0.0,0.0
32.919,-0.006651601288467646,-0.003325800644233823,-0.003325800644233823,datactrl_ref_vx_fallback,datactrl_est_vx_fallback,0.009999999776482582,states_theta,-3.7195996040794506e-17,0.38635684407700843,0.22306322834395717,0.5151581305260065,0.5151267870126828,0.515129823918024,0.5151550936206652,0.5151606652434857,0.5151242522952035,0.0,0.0,0.0,-0.003325800644233823,-0.003325800644233823,0.0,0.0,0.0,0.0,0.0,0.011719994246959686,0.0017199943540617824,0.0,0.0,0.0,0.0
33.019,-0.006651601288467646,-0.003325800644233823,-0.003325800644233823,datactrl_ref_vx_fallback,datactrl_est_vx_fallback,0.009999999776482582,states_theta,-3.3651826968976833e-18,0.3867709138068219,0.22330229162640997,0.5157100907823765,0.5156790127024818,0.5156819566794317,0.5157071468054266,0.5157135177338223,0.515675585751036,0.0,0.0,0.0,-0.003325800644233823,-0.003325800644233823,0.0,0.0,0.0,0.0,0.0,0.011846374720335007,0.001846374711021781,0.0,0.0,0.0,0.0
33.119,-0.006651601288467646,-0.003325800644233823,-0.003325800644233823,datactrl_ref_vx_fallback,datactrl_est_vx_fallback,0.009999999776482582,states_theta,2.6779140304030316e-21,0.3868142337684565,0.22332730243609764,0.5157681097658776,0.515736513616673,0.5157398219007506,0.5157648014818,0.5157719787204856,0.515732644662065,0.0,0.0,0.0,-0.003325800644233823,-0.003325800644233823,0.0,0.0,0.0,0.0,0.0,0.011972755193710327,0.0019727551843971014,0.0,0.0,0.0,0.0
33.22,-0.006651601288467646,-0.003325800644233823,-0.003325800644233823,datactrl_ref_vx_fallback,datactrl_est_vx_fallback,0.009999999776482582,states_theta,4.85631860931683e-22,0.38691561494878585,0.2233858349061438,0.5159035350478263,0.515871438148936,0.5158751144320873,0.5158998587646749,0.5159078493183648,0.5158671238783975,0.0,0.0,0.0,-0.003325800644233823,-0.003325800644233823,0.0,0.0,0.0,0.0,0.0,0.012099135667085648,0.002099135657772422,0.0,0.0,0.0,0.0
33.32,-0.006651601288467646,-0.003325800644233823,-0.003325800644233823,datactrl_ref_vx_fallback,datactrl_est_vx_fallback,0.009999999776482582,states_theta,2.7166397423548594e-29,0.38707558263833675,0.22347819235875999,0.5161177948045097,0.5160837588977216,0.5160876953578327,0.5161138583443986,0.516122669217807,0.5160788844844243,0.0,0.0,0.0,-0.003325800644233823,-0.003325800644233823,0.0,0.0,0.0,0.0,0.0,0.012225516140460968,0.0022255158983170986,0.0,0.0,0.0,0.0
33.42,-0.006662309169769287,-0.0033311545848846436,-0.0033311545848846436,datactrl_ref_vx_fallback,datactrl_est_vx_fallback,0.009999999776482582,states_theta,0.009288563393056393,0.3872254749696373,0.22356473247573808,0.5162912279577344,0.516310038627965,0.5163088546008429,0.5162924119848565,0.5162828064899044,0.516318460095795,0.0,0.0,0.0,-0.0033311545848846436,-0.0033311545848846436,0.0,0.0,0.0,0.0,0.0,0.012363034300506115,0.0023630347568541765,0.0,0.0,0.0,0.0
33.52,-0.006662309169769287,-0.0033311545848846436,-0.0033311545848846436,datactrl_ref_vx_fallback,datactrl_est_vx_fallback,0.019999999552965164,states_theta,0.01906309276819229,0.3874057117255708,0.22366879528080885,0.5165168288710168,0.5165650690638387,0.5165286809412727,0.5165532169935828,0.5164686505447537,0.5166132473901018,0.0,0.0,0.0,-0.0033311545848846436,-0.0033311545848846436,0.0,0.0,0.0,0.0,0.0,0.012489618733525276,-0.007510381285101175,0.0,0.0,0.0,0.0
33.62,-0.006662309169769287,-0.0033311545848846436,-0.0033311545848846436,datactrl_ref_vx_fallback,datactrl_est_vx_fallback,0.019999999552965164,states_theta,0.019006719812750816,0.3872548315589824,0.22358168456079236,0.5163156301456454,0.5163639206783076,0.5163277394549886,0.5163518113689645,0.5162676509310289,0.5164118998929241,0.0,0.0,0.0,-0.0033311545848846436,-0.0033311545848846436,0.0,0.0,0.0,0.0,0.0,0.012616202235221863,-0.007383797317743301,0.0,0.0,0.0,0.0
33.721,-0.006662309169769287,-0.0033311545848846436,-0.0033311545848846436,datactrl_ref_vx_fallback,datactrl_est_vx_fallback,0.019999999552965164,states_theta,0.019007034599781036,0.38748317241439956,0.2237135172111962,0.5166199712769456,0.5166684884947866,0.5166324724067132,0.516655987365019,0.5165721221292555,0.5167163376424767,0.0,0.0,0.0,-0.0033311545848846436,-0.0033311545848846436,0.0,0.0,0.0,0.0,0.0,0.01274278573691845,-0.0072572133503854275,0.0,0.0,0.0,0.0
33.821,0.0,0.0,0.0,datactrl_ref_vx_fallback,datactrl_est_vx_fallback,0.019999999552965164,states_theta,0.01319381594657898,0.3877419334372394,0.22386291407931777,0.5169668932229655,0.5170115959430063,0.5169603036106842,0.5170181855552876,0.5169079899950084,0.5170704991709634,0.0,0.0,0.0,0.0,0.0,0.0,0.0,0.0,0.0,0.0,0.005939236376434565,-0.014060763642191887,0.0,0.0,0.0,0.0
33.92,0.0,0.0,0.0,datactrl_ref_vx_fallback,datactrl_est_vx_fallback,0.019999999552965164,states_theta,-0.060467224568128586,0.38768332854815807,0.22382907547947323,0.5169147115546733,0.5169074979070816,0.5169041139330419,0.5169180955287129,0.516960222246698,0.5168619872150568,0.0,0.0,0.0,0.0,0.0,0.0,0.0,0.0,0.0,0.0,0.005939236376434565,-0.014060763642191887,0.0,0.0,0.0,0.0
34.021,0.0,0.0,0.0,datactrl_ref_vx_fallback,datactrl_est_vx_fallback,0.009999999776482582,states_theta,-0.07582373917102814,0.38801745782723696,0.22402199032842274,0.5173647123578199,0.5173485085148121,0.5173797078183212,0.5173335130543107,0.5174625919723709,0.5172506289002611,0.0,0.0,0.0,0.0,0.0,0.0,0.0,0.0,0.0,0.0,0.005939236376434565,-0.0040607634000480175,0.0,0.0,0.0,0.0
34.121,0.0,0.0,0.0,datactrl_ref_vx_fallback,datactrl_est_vx_fallback,0.009999999776482582,states_theta,-0.001009643543511629,0.38795219879958065,0.2239843069812497,0.5172489323174961,0.5172902644813856,0.5172672806903914,0.5172719161084903,0.5172452717688946,0.5172939250299872,0.0,0.0,0.0,0.0,0.0,0.0,0.0,0.0,0.0,0.0,0.005939236376434565,-0.0040607634000480175,0.0,0.0,0.0,0.0
34.222,0.0,0.0,0.0,datactrl_ref_vx_fallback,datactrl_est_vx_fallback,0.009999999776482582,states_theta,-2.9815455491188914e-05,0.3879432922066393,0.22397916486008623,0.5172352929028771,0.5172801529814944,0.5172552554204878,0.5172601904638837,0.5172312845193839,0.5172841613649876,0.0,0.0,0.0,0.0,0.0,0.0,0.0,0.0,0.0,0.0,0.005939236376434565,-0.0040607634000480175,0.0,0.0,0.0,0.0
34.321,0.0,0.0,0.0,datactrl_ref_vx_fallback,datactrl_est_vx_fallback,0.009999999776482582,states_theta,9.794740662982804e-08,0.38793683549958335,0.223975437088878,0.5172263357579768,0.5172718922409122,0.5172463862424784,0.5172518417564106,0.5172226485676933,0.5172755794311957,0.0,0.0,0.0,0.0,0.0,0.0,0.0,0.0,0.0,0.0,0.005939236376434565,-0.0040607634000480175,0.0,0.0,0.0,0.0
34.421,0.0,0.0,0.0,datactrl_ref_vx_fallback,datactrl_est_vx_fallback,0.009999999776482582,states_theta,4.361500494098891e-09,0.38832226266521336,0.22419796357593627,0.5177398840942485,0.5177861496796538,0.5177600688507783,0.517765964923124,0.5177365468585472,0.5177894869153551,0.0,0.0,0.0,0.0,0.0,0.0,0.0,0.0,0.0,0.0,0.005939236376434565,-0.0040607634000480175,0.0,0.0,0.0,0.0
34.522,0.0,0.0,0.0,datactrl_ref_vx_fallback,datactrl_est_vx_fallback,0.009999999776482582,states_theta,-1.0617225848497114e-11,0.3883767036587489,0.22422939505773656,0.517813047292601,0.5178581624640626,0.517831362799783,0.5178398469568806,0.5178102038310171,0.5178610059256465,0.0,0.0,0.0,0.0,0.0,0.0,0.0,0.0,0.0,0.0,0.005939236376434565,-0.0040607634000480175,0.0,0.0,0.0,0.0
34.622,0.0,0.0,0.0,datactrl_ref_vx_fallback,datactrl_est_vx_fallback,0.009999999776482582,states_theta,-0.008319647051393986,0.3886754269690849,0.22440186251167193,0.5182228475138272,0.5182449577370659,0.5182243948096753,0.5182434104412178,0.5182308343068732,0.5182369709440199,0.0,0.0,0.0,0.0,0.0,0.0,0.0,0.0,0.0,0.0,0.005939236376434565,-0.0040607634000480175,0.0,0.0,0.0,0.0
34.721,-1.0707485671446193e-05,-5.3537428357230965e-06,-5.3537428357230965e-06,datactrl_ref_vx_fallback,datactrl_est_vx_fallback,0.005950374063104391,datactrl_est_theta_fallback,-0.037847962230443954,0.3887490891717883,0.22444440084684386,0.5183782580364946,0.5182859797549408,0.5183148908542223,0.5183493469372131,0.5184535733143802,0.5182106644770552,0.0,0.0,0.0,-5.3537428357230965e-06,-5.3537428357230965e-06,0.0,0.0,0.0,0.0,0.0,0.005950374063104391,0.005950374063104391,0.0,0.0,0.0,0.0
34.821,-1.0707485671446193e-05,-5.3537428357230965e-06,-5.3537428357230965e-06,datactrl_ref_vx_fallback,datactrl_est_vx_fallback,0.005950577557086945,datactrl_est_theta_fallback,-0.0003498581063468009,0.3888244864917574,0.22448792428745398,0.5184713019293785,0.5183939953819745,0.518411599053349,0.518453698258004,0.5184803172225828,0.5183849800887702,0.0,0.0,0.0,-5.3537428357230965e-06,-5.3537428357230965e-06,0.0,0.0,0.0,0.0,0.0,0.005950577557086945,0.005950577557086945,0.0,0.0,0.0,0.0
34.922,-1.0707485671446193e-05,-5.3537428357230965e-06,-5.3537428357230965e-06,datactrl_ref_vx_fallback,datactrl_est_vx_fallback,0.009999999776482582,states_theta,0.03456336259841919,0.38855441815879377,0.22433200515641155,0.5180588315894455,0.5180862835006711,0.5180840184928591,0.5180610965972575,0.5179599996865946,0.5181851154035221,0.0,0.0,0.0,-5.3537428357230965e-06,-5.3537428357230965e-06,0.0,0.0,0.0,0.0,0.0,0.005950781051069498,-0.004049218725413084,0.0,0.0,0.0,0.0
35.023,-1.0707485671446193e-05,-5.3537428357230965e-06,-5.3537428357230965e-06,datactrl_ref_vx_fallback,datactrl_est_vx_fallback,0.009999999776482582,states_theta,0.014270301908254623,0.3886617433744289,0.22439396828360572,0.5181824885987969,0.5182488270663468,0.5182498914528267,0.5181814242123169,0.5181222823396207,0.518309033325523,0.0,0.0,0.0,-5.3537428357230965e-06,-5.3537428357230965e-06,0.0,0.0,0.0,0.0,0.0,0.0059509845450520515,-0.0040490152314305305,0.0,0.0,0.0,0.0
35.122,-1.0707485671446193e-05,-5.3537428357230965e-06,-5.3537428357230965e-06,datactrl_ref_vx_fallback,datactrl_est_vx_fallback,0.009999999776482582,states_theta,-0.0009622081415727735,0.38878421609197056,0.22446467241283344,0.518392448306508,0.5183654612720802,0.5183492370256377,0.5184086725529504,0.5183809675735269,0.5183769420050612,0.0,0.0,0.0,-5.3537428357230965e-06,-5.3537428357230965e-06,0.0,0.0,0.0,0.0,0.0,0.005951188039034605,-0.004048811737447977,0.0,0.0,0.0,0.0
35.223,0.006651601288467646,0.003325800644233823,0.003325800644233823,datactrl_ref_vx_fallback,datactrl_est_vx_fallback,0.009999999776482582,states_theta,-0.019667036831378937,0.3885469049280543,0.22432766042827218,0.5180725682059558,0.5180525116021891,0.5180506480249305,0.5180744317832144,0.5180466650455671,0.5180784147625779,0.0,0.0,0.0,0.003325800644233823,0.003325800644233823,0.0,0.0,0.0,0.0,0.0,-0.0009787421440705657,-0.010978741571307182,0.0,0.0,0.0,0.0
35.323,0.016651600832119584,-0.009999999776482582,0.026651600608602166,datactrl_ref_vx_fallback,states_vx_gs,-0.021909121423959732,datactrl_est_theta_fallback,-0.019998738542199135,0.38870148531814014,0.22441690944716808,0.5182780294128322,0.5182592647688748,0.5182268598013254,0.5183104343803816,0.5182214133057471,0.5183158808759599,0.0,0.0,0.0,0.003325800644233823,0.013325800187885761,0.0,0.0,0.0,0.0,0.0,-0.021909121423959732,-0.021909121423959732,0.0,0.0,0.0,0.0
35.422,0.016651600832119584,-0.009999999776482582,0.026651600608602166,datactrl_ref_vx_fallback,states_vx_gs,-0.02241550199687481,datactrl_est_theta_fallback,-0.020007457584142685,0.3888579906110605,0.22450726802985127,0.5184876025304009,0.5184670390990939,0.5184330082625588,0.518521633366936,0.5184285954100882,0.5185260462194066,0.0,0.0,0.0,0.003325800644233823,0.013325800187885761,0.0,0.0,0.0,0.0,0.0,-0.02241550199687481,-0.02241550199687481,0.0,0.0,0.0,0.0
35.522,0.016651600832119584,-0.009999999776482582,0.026651600608602166,datactrl_ref_vx_fallback,states_vx_gs,-0.022921882569789886,datactrl_est_theta_fallback,-0.02080378867685795,0.3890300911186866,0.22460663043208773,0.5187170224831812,0.5186965538333164,0.5186618437612592,0.5187517325552383,0.5186562866659531,0.5187572896505445,0.0,0.0,0.0,0.003325800644233823,0.013325800187885761,0.0,0.0,0.0,0.0,0.0,-0.022921882569789886,-0.022921882569789886,0.0,0.0,0.0,0.0
35.623,0.016651600832119584,-0.009999999776482582,0.026651600608602166,datactrl_ref_vx_fallback,states_vx_gs,-0.023428263142704964,datactrl_est_theta_fallback,-0.021005071699619293,0.3888164953813694,0.22448331107946154,0.518432203082651,0.5184117846010007,0.5183757593361481,0.5184682283475036,0.5183691096809474,0.5184748780027043,0.0,0.0,0.0,0.003325800644233823,0.013325800187885761,0.0,0.0,0.0,0.0,0.0,-0.023428263142704964,-0.023428263142704964,0.0,0.0,0.0,0.0
35.723,0.016640893882140517,-0.009999999776482582,0.0266408936586231,datactrl_ref_vx_fallback,states_vx_gs,-0.02392350509762764,datactrl_est_theta_fallback,-0.021007809787988663,0.38862979031828404,0.22437551739997677,0.5181706700961165,0.5181754374193076,0.5181398519570417,0.5182062555583824,0.5181030855998068,0.5182430219156173,0.0,0.0,0.0,0.0033204469364136457,0.013320446945726871,0.0,0.0,0.0,0.0,0.0,-0.02392350509762764,-0.02392350509762764,0.0,0.0,0.0,0.0
35.823,0.016640893882140517,-0.009999999776482582,0.0266408936586231,datactrl_ref_vx_fallback,states_vx_gs,-0.02442968264222145,datactrl_est_theta_fallback,-0.02154778502881527,0.388847228902405,0.22450106325468455,0.5184112149906573,0.5185147287490893,0.5184853489971792,0.5184405947425674,0.5183344015803353,0.5185915421594114,0.0,0.0,0.0,0.0033204469364136457,0.013320446945726871,0.0,0.0,0.0,0.0,0.0,-0.02442968264222145,-0.02442968264222145,0.0,0.0,0.0,0.0
35.924,0.016640893882140517,-0.009999999776482582,0.0266408936586231,datactrl_ref_vx_fallback,states_vx_gs,-0.024935860186815262,datactrl_est_theta_fallback,-0.05942289158701897,0.3886781702926782,0.2244034497524274,0.5181914044009563,0.5182837163795189,0.5182645320868658,0.5182105886936094,0.5181789438891503,0.5182961768913249,0.0,0.0,0.0,0.0033204469364136457,0.013320446945726871,0.0,0.0,0.0,0.0,0.0,-0.024935860186815262,-0.024935860186815262,0.0,0.0,0.0,0.0
36.023,0.016640893882140517,-0.009999999776482582,0.0266408936586231,datactrl_ref_vx_fallback,states_vx_gs,-0.009999999776482582,states_theta,-0.05996287241578102,0.3889015849153376,0.2245324384908878,0.5184869248062692,0.5185839683012977,0.5185915472825203,0.5184793458250466,0.5185002690497112,0.5185706240578557,0.0,0.0,0.0,0.0033204469364136457,0.013320446945726871,0.0,0.0,0.0,0.0,0.0,-0.025442035868763924,-0.015442036092281342,0.0,0.0,0.0,0.0
36.124,0.016640893882140517,-0.009999999776482582,0.0266408936586231,datactrl_ref_vx_fallback,states_vx_gs,-0.009999999776482582,states_theta,-0.05947992950677872,0.38914110550006853,0.22467072590087706,0.5188048977387353,0.5189047169281141,0.5189096447180566,0.5187999699487928,0.5188162139691272,0.5188934006977222,0.0,0.0,0.0,0.0033204469364136457,0.013320446945726871,0.0,0.0,0.0,0.0,0.0,-0.025948213413357735,-0.015948213636875153,0.0,0.0,0.0,0.0
36.224,0.0066408938728272915,0.0033204469364136457,0.0033204469364136457,datactrl_ref_vx_fallback,datactrl_est_vx_fallback,-0.019999999552965164,states_theta,-0.04069460183382034,0.3893968669664563,0.2248183924638108,0.5191726731231472,0.5192189721207363,0.5192842131963513,0.5191074320475322,0.5192536170788293,0.5191380281650542,0.0,0.0,0.0,0.0033204469364136457,0.0033204469364136457,0.0,0.0,0.0,0.0,0.0,-0.005574391223490238,0.014425608329474926,0.0,0.0,0.0,0.0
36.324,0.013303202576935291,0.006651601288467646,0.006651601288467646,datactrl_ref_vx_fallback,datactrl_est_vx_fallback,-0.019999999552965164,states_theta,-0.04047686979174614,0.3892946756570907,0.22475939531659736,0.519107904971933,0.5190112301136421,0.5190457970902701,0.5190733379953051,0.5191804514468122,0.5189386836387629,0.0,0.0,0.0,0.006651601288467646,0.006651601288467646,0.0,0.0,0.0,0.0,0.0,-0.012630701065063477,0.0073692980222404,0.0,0.0,0.0,0.0
36.424,0.013303202576935291,0.006651601288467646,0.006651601288467646,datactrl_ref_vx_fallback,datactrl_est_vx_fallback,-0.019999999552965164,states_theta,0.08402379602193832,0.38917958582139345,0.2246929577291572,0.5188940939258982,0.518918134931151,0.5189359053911916,0.5188763234658577,0.5187236676373955,0.5190885612196537,0.0,0.0,0.0,0.006651601288467646,0.006651601288467646,0.0,0.0,0.0,0.0,0.0,-0.012883462011814117,0.0071165370754897594,0.0,0.0,0.0,0.0
36.525,0.013292495161294937,0.006646247580647469,0.006646247580647469,datactrl_ref_vx_fallback,datactrl_est_vx_fallback,-0.009999999776482582,states_theta,0.055179812014102936,0.38945705082052107,0.22485321868578184,0.5191065663629362,0.5194455691584534,0.5194400436595297,0.5191120918618599,0.518962566807593,0.5195895687137966,0.0,0.0,0.0,0.006646247580647469,0.006646247580647469,0.0,0.0,0.0,0.0,0.0,-0.013125085271894932,-0.0031250854954123497,0.0,0.0,0.0,0.0
36.624,0.013292495161294937,0.006646247580647469,0.006646247580647469,datactrl_ref_vx_fallback,datactrl_est_vx_fallback,-0.019999999552965164,states_theta,-0.09546897560358047,0.38936057941304847,0.22479748156470267,0.5189658861476928,0.519328992287103,0.5193713458952898,0.5189235325395061,0.5191410261486546,0.5191538522861412,0.0,0.0,0.0,0.006646247580647469,0.006646247580647469,0.0,0.0,0.0,0.0,0.0,-0.013377643190324306,0.006622356828302145,0.0,0.0,0.0,0.0
36.724,0.013292495161294937,0.006646247580647469,0.006646247580647469,datactrl_ref_vx_fallback,datactrl_est_vx_fallback,-0.019999999552965164,states_theta,-0.05411604419350624,0.38966726473430957,0.22497451184306783,0.519445373741508,0.5196673322166508,0.5196131354188449,0.519499570539314,0.5196300739307183,0.5194826320274406,0.0,0.0,0.0,0.006646247580647469,0.006646247580647469,0.0,0.0,0.0,0.0,0.0,-0.013630200177431107,0.006369799375534058,0.0,0.0,0.0,0.0
36.824,0.013292495161294937,0.006646247580647469,0.006646247580647469,datactrl_ref_vx_fallback,datactrl_est_vx_fallback,-0.019999999552965164,states_theta,0.10418421030044556,0.38957608344300604,0.22492199458883297,0.5195889116436943,0.5192806442043219,0.5190151954686618,0.5198543603793543,0.5196547890896809,0.5192147667583352,0.0,0.0,0.0,0.006646247580647469,0.006646247580647469,0.0,0.0,0.0,0.0,0.0,-0.013882757164537907,0.00611724192276597,0.0,0.0,0.0,0.0
36.924,0.013292495161294937,0.006646247580647469,0.006646247580647469,datactrl_ref_vx_fallback,datactrl_est_vx_fallback,-0.009999999776482582,states_theta,0.07949899137020111,0.38951277607348245,0.2248855114598971,0.5195806019204863,0.519120134275467,0.5188634529678515,0.5198372832281017,0.5196320269931607,0.5190687092027926,0.0,0.0,0.0,0.006646247580647469,0.006646247580647469,0.0,0.0,0.0,0.0,0.0,-0.014135315082967281,-0.004135315306484699,0.0,0.0,0.0,0.0
37.025,0.013292495161294937,0.006646247580647469,0.006646247580647469,datactrl_ref_vx_fallback,datactrl_est_vx_fallback,-0.009999999776482582,states_theta,-0.10468108206987381,0.38945038783553465,0.22484940395388417,0.5195253744291844,0.5190089931322414,0.5191006006019206,0.5194337669595052,0.5196096858055229,0.5189246817559029,0.0,0.0,0.0,0.006646247580647469,0.006646247580647469,0.0,0.0,0.0,0.0,0.0,-0.014387872070074081,-0.004387872759252787,0.0,0.0,0.0,0.0
37.125,0.013292495161294937,0.006646247580647469,0.006646247580647469,datactrl_ref_vx_fallback,datactrl_est_vx_fallback,-0.019999999552965164,states_theta,-0.0750022754073143,0.3897669041641863,0.22503206533879921,0.5199156495320201,0.5194627615724767,0.5197317892563685,0.5196466218481283,0.5198151288990026,0.5195632822054942,0.0,0.0,0.0,0.006646247580647469,0.006646247580647469,0.0,0.0,0.0,0.0,0.0,-0.014640429988503456,0.005359569564461708,0.0,0.0,0.0,0.0
37.225,0.013292495161294937,0.006646247580647469,0.006646247580647469,datactrl_ref_vx_fallback,datactrl_est_vx_fallback,-0.019999999552965164,states_theta,0.014515971764922142,0.3897101964211719,0.2249993121875941,0.5197153246539042,0.519511865802554,0.5197368477714936,0.5194903426849646,0.5194716797892602,0.519755510667198,0.0,0.0,0.0,0.006646247580647469,0.006646247580647469,0.0,0.0,0.0,0.0,0.0,-0.014892986975610256,0.005107012577354908,0.0,0.0,0.0,0.0
37.325,0.013292495161294937,0.006646247580647469,0.006646247580647469,datactrl_ref_vx_fallback,datactrl_est_vx_fallback,-0.019999999552965164,states_theta,0.013997727073729038,0.3896814582240429,0.22498274445271865,0.5196877480607398,0.5194628072033745,0.519761545563666,0.5193890097004482,0.5193703001999509,0.5197802550641634,0.0,0.0,0.0,0.006646247580647469,0.006646247580647469,0.0,0.0,0.0,0.0,0.0,-0.015145544894039631,0.004854455124586821,0.0,0.0,0.0,0.0
37.426,0.013292495161294937,0.006646247580647469,0.006646247580647469,datactrl_ref_vx_fallback,datactrl_est_vx_fallback,-0.019999999552965164,states_theta,0.01400511059910059,0.3896267349726297,0.22495116381257868,0.5195962917324228,0.5194083348612564,0.5197217645929093,0.5192828620007699,0.5192629994004814,0.5197416271931978,0.0,0.0,0.0,0.006646247580647469,0.006646247580647469,0.0,0.0,0.0,0.0,0.0,-0.015398101881146431,0.004601897671818733,0.0,0.0,0.0,0.0
37.525,0.013285362161695957,0.006642681080847979,0.006642681080847979,datactrl_ref_vx_fallback,datactrl_est_vx_fallback,-0.019999999552965164,states_theta,0.014005192555487156,0.38996301558402213,0.2251453401112039,0.5200133479623927,0.519888026928333,0.520218155676869,0.5196832192138567,0.5196622461438611,0.5202391287468646,0.0,0.0,0.0,0.006642681080847979,0.006642681080847979,0.0,0.0,0.0,0.0,0.0,-0.01564323902130127,0.004356760066002607,0.0,0.0,0.0,0.0
37.626,0.013285362161695957,0.006642681080847979,0.006642681080847979,datactrl_ref_vx_fallback,datactrl_est_vx_fallback,-0.019999999552965164,states_theta,0.014005192555487156,0.38991412135011905,0.22511707323738692,0.5199011400631678,0.5198698502038163,0.5200867049201281,0.519684285346856,0.5196621476935415,0.5201088425734426,0.0,0.0,0.0,0.006642681080847979,0.006642681080847979,0.0,0.0,0.0,0.0,0.0,-0.01589566096663475,0.0041043381206691265,0.0,0.0,0.0,0.0
37.726,0.013288934715092182,0.006644467357546091,0.006644467357546091,datactrl_ref_vx_fallback,datactrl_est_vx_fallback,-0.019999999552965164,states_theta,0.014005192555487156,0.3898933181460549,0.2251050499144736,0.5198295107893971,0.5198860042667492,0.5196632349704675,0.5200522800856788,0.5200289430977254,0.5196865719584209,0.0,0.0,0.0,0.006644467357546091,0.006644467357546091,0.0,0.0,0.0,0.0,0.0,-0.016151798889040947,0.0038481999654322863,0.0,0.0,0.0,0.0
37.826,0.019951246678829193,0.009975623339414597,0.009975623339414597,datactrl_ref_vx_fallback,datactrl_est_vx_fallback,-0.019999999552965164,states_theta,-0.0023548833560198545,0.3898466378935598,0.22507808571285157,0.5197799221314685,0.5198111122513576,0.5196338711796733,0.5199571632031528,0.5199279210871166,0.5196631132957095,0.0,0.0,0.0,0.009975623339414597,0.009975623339414597,0.0,0.0,0.0,0.0,0.0,-0.023334426805377007,-0.0033344265539199114,0.0,0.0,0.0,0.0
37.926,0.01994767226278782,0.00997383613139391,0.00997383613139391,datactrl_ref_vx_fallback,datactrl_est_vx_fallback,-0.019999999552965164,states_theta,-0.02155335061252117,0.38984162225002245,0.22507519487792313,0.5197254506488924,0.5198522086845008,0.519949164333325,0.5196284950000681,0.5196368805650532,0.51994077876834,0.0,0.0,0.0,0.00997383613139391,0.00997383613139391,0.0,0.0,0.0,0.0,0.0,-0.02370978146791458,-0.0037097821477800608,0.0,0.0,0.0,0.0
38.026,0.01994767226278782,0.00997383613139391,0.00997383613139391,datactrl_ref_vx_fallback,datactrl_est_vx_fallback,-0.019999999552965164,states_theta,-0.02299022674560547,0.3897972088944498,0.22504956794069333,0.5196428243728142,0.5198163993457185,0.5199244886036027,0.51953473511493,0.5195437903859259,0.5199154333326068,0.0,0.0,0.0,0.00997383613139391,0.00997383613139391,0.0,0.0,0.0,0.0,0.0,-0.02408878691494465,-0.004088787827640772,0.0,0.0,0.0,0.0
38.126,0.01994767226278782,0.00997383613139391,0.00997383613139391,datactrl_ref_vx_fallback,datactrl_est_vx_fallback,-0.019999999552965164,states_theta,-0.023008722811937332,0.3897809833159967,0.22504021669794075,0.5195966422625593,0.5198193132467652,0.5199321509062396,0.519483804603085,0.5194905605279478,0.5199253949813767,0.0,0.0,0.0,0.00997383613139391,0.00997383613139391,0.0,0.0,0.0,0.0,0.0,-0.024467792361974716,-0.004467793740332127,0.0,0.0,0.0,0.0
38.226,0.01994767226278782,0.00997383613139391,0.00997383613139391,datactrl_ref_vx_fallback,datactrl_est_vx_fallback,-0.019999999552965164,states_theta,-0.02300853095948696,0.39014462704277253,0.22525015942896837,0.5200818754308244,0.5203037966832357,0.5204011355911733,0.5199845365228868,0.5199889332515832,0.5203967388624768,0.0,0.0,0.0,0.00997383613139391,0.00997383613139391,0.0,0.0,0.0,0.0,0.0,-0.024846799671649933,-0.004846799187362194,0.0,0.0,0.0,0.0
38.326,0.01994767226278782,0.00997383613139391,0.00997383613139391,datactrl_ref_vx_fallback,datactrl_est_vx_fallback,-0.029999999329447746,states_theta,-0.023008525371551514,0.38974486831229377,0.22501933424849635,0.519538037837465,0.5197816109953184,0.5195530520249727,0.5197665968078107,0.5198243719031412,0.5194952769296421,0.0,0.0,0.0,0.00997383613139391,0.00997383613139391,0.0,0.0,0.0,0.0,0.0,-0.02522580511868,0.004774194676429033,0.0,0.0,0.0,0.0
38.427,0.01994767226278782,0.00997383613139391,0.00997383613139391,datactrl_ref_vx_fallback,datactrl_est_vx_fallback,-0.029999999329447746,states_theta,-0.023008525371551514,0.38973217861739456,0.22501201874520424,0.5195148336024384,0.5197709760439471,0.5195051085500428,0.5197807010963427,0.5198366296377552,0.5194491800086303,0.0,0.0,0.0,0.00997383613139391,0.00997383613139391,0.0,0.0,0.0,0.0,0.0,-0.025604810565710068,0.0043951887637376785,0.0,0.0,0.0,0.0
38.527,0.019944095984101295,0.009972047992050648,0.009972047992050648,datactrl_ref_vx_fallback,datactrl_est_vx_fallback,-0.029999999329447746,states_theta,-0.013719962909817696,0.39009907995272575,0.2252238656950182,0.5199878487907672,0.5202763644165014,0.5199481745302542,0.5203160386770144,0.5203508145262322,0.5199133986810364,0.0,0.0,0.0,0.009972047992050648,0.009972047992050648,0.0,0.0,0.0,0.0,0.0,-0.02598009631037712,0.004019903019070625,0.0,0.0,0.0,0.0
38.627,0.019944095984101295,0.009972047992050648,0.009972047992050648,datactrl_ref_vx_fallback,datactrl_est_vx_fallback,-0.029999999329447746,states_theta,0.004546760581433773,0.389730352274237,0.22501094245656694,0.5195180415419253,0.5197628978560401,0.51973433435269,0.5195466050452754,0.5195415262375608,0.5197394131604046,0.0,0.0,0.0,0.009972047992050648,0.009972047992050648,0.0,0.0,0.0,0.0,0.0,-0.026359034702181816,0.003640965325757861,0.0,0.0,0.0,0.0
38.727,0.01994052156805992,0.00997026078402996,0.00997026078402996,datactrl_ref_vx_fallback,datactrl_est_vx_fallback,-0.029999999329447746,states_theta,0.014088645577430725,0.3900966836256154,0.22522242976043721,0.520141317272418,0.5201165057292231,0.5201768367275664,0.5200809862740746,0.5200541868162735,0.5202036361853676,0.0,0.0,0.0,0.00997026078402996,0.00997026078402996,0.0,0.0,0.0,0.0,0.0,-0.026734253391623497,0.0032657457049936056,0.0,0.0,0.0,0.0
38.827,0.01994052156805992,0.00997026078402996,0.00997026078402996,datactrl_ref_vx_fallback,datactrl_est_vx_fallback,-0.029999999329447746,states_theta,0.014005548320710659,0.390079084367966,0.2252122694419533,0.5201197800055013,0.5200911116424081,0.5201564891992211,0.5200544024486883,0.5200258463014343,0.520185045346475,0.0,0.0,0.0,0.00997026078402996,0.00997026078402996,0.0,0.0,0.0,0.0,0.0,-0.02711312286555767,0.0028868757653981447,0.0,0.0,0.0,0.0
38.927,0.01994052156805992,0.00997026078402996,0.00997026078402996,datactrl_ref_vx_fallback,datactrl_est_vx_fallback,-0.029999999329447746,states_theta,0.014005180448293686,0.3896974966785499,0.22499196326801474,0.5196662300072054,0.5195270944689278,0.5196531000078747,0.5195402244682584,0.5195097186822494,0.5196836057938837,0.0,0.0,0.0,0.00997026078402996,0.00997026078402996,0.0,0.0,0.0,0.0,0.0,-0.027491994202136993,0.002508005825802684,0.0,0.0,0.0,0.0
39.027,0.019944095984101295,0.009972047992050648,0.009972047992050648,datactrl_ref_vx_fallback,datactrl_est_vx_fallback,-0.019999999552965164,states_theta,0.014005192555487156,0.39005740990962345,0.225199762010643,0.5201477025040747,0.5200053905882546,0.5201085737678349,0.5200445193244944,0.5199563419331442,0.5201967511591851,0.0,0.0,0.0,0.009972047992050648,0.009972047992050648,0.0,0.0,0.0,0.0,0.0,-0.027912475168704987,-0.007912475615739822,0.0,0.0,0.0,0.0
39.127,0.019944095984101295,0.009972047992050648,0.009972047992050648,datactrl_ref_vx_fallback,datactrl_est_vx_fallback,-0.029999999329447746,states_theta,-0.053170572966337204,0.38969363333228446,0.22498973053659635,0.5196686372844951,0.5195143849349301,0.5196525017657851,0.51953052045364,0.5196351741155547,0.5195478481038704,0.0,0.0,0.0,0.009972047992050648,0.009972047992050648,0.0,0.0,0.0,0.0,0.0,-0.02829141356050968,0.0017085862345993519,0.0,0.0,0.0,0.0
39.228,0.019944095984101295,0.009972047992050648,0.009972047992050648,datactrl_ref_vx_fallback,datactrl_est_vx_fallback,-0.03999999910593033,states_theta,-0.1002737358212471,0.3900660250724374,0.2252047536949481,0.5201922778875882,0.5199837889722448,0.5201498011600336,0.5200262656997994,0.5202823972668436,0.5198936695929894,0.0,0.0,0.0,0.009972047992050648,0.009972047992050648,0.0,0.0,0.0,0.0,0.0,-0.028670350089669228,0.011329648084938526,0.0,0.0,0.0,0.0
39.329,0.019944095984101295,0.009972047992050648,0.009972047992050648,datactrl_ref_vx_fallback,datactrl_est_vx_fallback,-0.04999999701976776,states_theta,-0.053277965635061264,0.39006804849952176,0.22520590720277334,0.5201472831768037,0.5200341794885877,0.5201875583929194,0.5199939042724719,0.520206355172065,0.5199751074933263,0.0,0.0,0.0,0.009972047992050648,0.009972047992050648,0.0,0.0,0.0,0.0,0.0,-0.029049288481473923,0.02095070853829384,0.0,0.0,0.0,0.0
39.427,0.019944095984101295,0.009972047992050648,0.009972047992050648,datactrl_ref_vx_fallback,datactrl_est_vx_fallback,-0.03999999910593033,states_theta,0.1474514603614807,0.38968164126368837,0.22498290955024444,0.5193945673889518,0.5197564759808838,0.5196990491456703,0.5194519942241653,0.5191904182348996,0.519960625134936,0.0,0.0,0.0,0.009972047992050648,0.009972047992050648,0.0,0.0,0.0,0.0,0.0,-0.029428226873278618,0.01057177223265171,0.0,0.0,0.0,0.0
39.529,0.019944095984101295,0.009972047992050648,0.009972047992050648,datactrl_ref_vx_fallback,datactrl_est_vx_fallback,-0.019999999552965164,states_theta,0.1739005297422409,0.3900591914886453,0.22520083492098045,0.5199948217009969,0.5201630222687239,0.5198862321628042,0.5202716118069166,0.5198419103804779,0.5203159335892429,0.0,0.0,0.0,0.009972047992050648,0.009972047992050648,0.0,0.0,0.0,0.0,0.0,-0.029807165265083313,-0.009807164780795574,0.0,0.0,0.0,0.0
39.628,0.013281787745654583,0.0066408938728272915,0.0066408938728272915,datactrl_ref_vx_fallback,datactrl_est_vx_fallback,-0.019999999552965164,states_theta,-0.07215791940689087,0.3900783648462314,0.22521185364843177,0.5200675706922744,0.5201414022310094,0.5201532233140389,0.5200557496092448,0.5201732530936511,0.5200357198296326,0.0,0.0,0.0,0.0066408938728272915,0.0066408938728272915,0.0,0.0,0.0,0.0,0.0,-0.023243311792612076,-0.0032433115411549807,0.0,0.0,0.0,0.0
39.729,0.013281787745654583,0.0066408938728272915,0.0066408938728272915,datactrl_ref_vx_fallback,datactrl_est_vx_fallback,-0.03999999910593033,states_theta,-0.2099204659461975,0.3897076222430488,0.22499787451801898,0.5195759516558709,0.5196443743255925,0.5198680509548343,0.5193522750266291,0.5198658218382455,0.5193545041432179,0.0,0.0,0.0,0.0066408938728272915,0.0066408938728272915,0.0,0.0,0.0,0.0,0.0,-0.023495664820075035,0.016504334285855293,0.0,0.0,0.0,0.0
39.829,0.013281787745654583,0.0066408938728272915,0.0066408938728272915,datactrl_ref_vx_fallback,datactrl_est_vx_fallback,-0.04999999701976776,states_theta,-0.15710662305355072,0.3900892059686738,0.225218167432764,0.520080375266107,0.5201575073170233,0.5203556048951651,0.5198822776879651,0.5203413202397412,0.519896562343389,0.0,0.0,0.0,0.0066408938728272915,0.0066408938728272915,0.0,0.0,0.0,0.0,0.0,-0.023748019710183144,0.026251977309584618,0.0,0.0,0.0,0.0
39.929,0.013281787745654583,0.0066408938728272915,0.0066408938728272915,datactrl_ref_vx_fallback,datactrl_est_vx_fallback,-0.04999999701976776,states_theta,0.08278004825115204,0.39008494575910196,0.2252156494736657,0.5200966093875932,0.5201299126366787,0.5200734714174174,0.5201530506068545,0.5201138799519639,0.520112642072308,0.0,0.0,0.0,0.0066408938728272915,0.0066408938728272915,0.0,0.0,0.0,0.0,0.0,-0.024000372737646103,0.02599962428212166,0.0,0.0,0.0,0.0
40.028,0.013281787745654583,0.0066408938728272915,0.0066408938728272915,datactrl_ref_vx_fallback,datactrl_est_vx_fallback,-0.029999999329447746,states_theta,0.3202550709247589,0.38971736515713307,0.2250035411327231,0.5196049182989086,0.5196413887867795,0.5193011681006148,0.5199451389850733,0.5193009601950369,0.5199453468906512,0.0,0.0,0.0,0.0066408938728272915,0.0066408938728272915,0.0,0.0,0.0,0.0,0.0,-0.02425272762775421,0.0057472726330161095,0.0,0.0,0.0,0.0
40.129,0.013281787745654583,0.0066408938728272915,0.0066408938728272915,datactrl_ref_vx_fallback,datactrl_est_vx_fallback,-0.02450508065521717,datactrl_est_theta_fallback,0.3200984001159668,0.3901017493867317,0.22522553340811832,0.5201145770827995,0.5201567546151518,0.5197307898540059,0.5205405418439454,0.5197281606828746,0.5205431710150766,0.0,0.0,0.0,0.0066408938728272915,0.0066408938728272915,0.0,0.0,0.0,0.0,0.0,-0.02450508065521717,-0.02450508065521717,0.0,0.0,0.0,0.0
40.229,0.013281787745654583,0.0066408938728272915,0.0066408938728272915,datactrl_ref_vx_fallback,datactrl_est_vx_fallback,0.009999999776482582,states_theta,0.06147770583629608,0.39012807771466806,0.2252405821801473,0.5201492765209693,0.5201922640514788,0.5199855702764723,0.5203559702959758,0.5200224892743809,0.5203190512980672,0.0,0.0,0.0,0.0066408938728272915,0.0066408938728272915,0.0,0.0,0.0,0.0,0.0,-0.02475743554532528,-0.03475743532180786,0.0,0.0,0.0,0.0
40.329,0.013281787745654583,0.0066408938728272915,0.0066408938728272915,datactrl_ref_vx_fallback,datactrl_est_vx_fallback,-0.02500978857278824,datactrl_est_theta_fallback,-0.24346104264259338,0.38976528061098675,0.22503112696372038,0.5196330141654907,0.5197410674638073,0.5198317470567245,0.5195423345725735,0.519895027491779,0.519479054137519,0.0,0.0,0.0,0.0066408938728272915,0.0066408938728272915,0.0,0.0,0.0,0.0,0.0,-0.02500978857278824,-0.02500978857278824,0.0,0.0,0.0,0.0
40.429,0.013281787745654583,0.0066408938728272915,0.0066408938728272915,datactrl_ref_vx_fallback,datactrl_est_vx_fallback,-0.019999999552965164,states_theta,-0.25206637382507324,0.39015292134384716,0.22525496068819914,0.5201454614278603,0.5202623288223988,0.5204144771412107,0.5199933131090484,0.5204724500887623,0.5199353401614968,0.0,0.0,0.0,0.0066408938728272915,0.0066408938728272915,0.0,0.0,0.0,0.0,0.0,-0.025262143462896347,-0.005262142978608608,0.0,0.0,0.0,0.0
40.529,0.0032782135531306267,0.009999999776482582,-0.006721786223351955,datactrl_ref_vx_fallback,states_vx_gs,-0.03999999910593033,states_theta,-0.08764562010765076,0.39015591064578925,0.22525665928461686,0.5201465491620246,0.52026921256008,0.5203589915415153,0.5200567701805893,0.5204179517746156,0.519997809947489,0.0,0.0,0.0,0.006639106664806604,-0.0033608931116759777,0.0,0.0,0.0,0.0,0.0,-0.0049727726727724075,0.03502722457051277,0.0,0.0,0.0,0.0
40.63,0.0032782135531306267,0.009999999776482582,-0.006721786223351955,datactrl_ref_vx_fallback,states_vx_gs,-0.029999999329447746,states_theta,0.12459930032491684,0.3897959815382845,0.22504882441479246,0.5196561297837565,0.5197998209850021,0.5197011732524105,0.5197547775163481,0.5196216555073362,0.5198342952614224,0.0,0.0,0.0,0.006639106664806604,-0.0033608931116759777,0.0,0.0,0.0,0.0,0.0,-0.004845058545470238,0.02515494078397751,0.0,0.0,0.0,0.0
40.73,0.0032898131757974625,0.009999999776482582,-0.00671018660068512,datactrl_ref_vx_fallback,states_vx_gs,-0.019999999552965164,states_theta,0.13062645494937897,0.39018797677216666,0.2252751476583147,0.5201890493121283,0.5203122220803161,0.5201823490012639,0.5203189223911805,0.5201194975857196,0.5203817738067248,0.0,0.0,0.0,0.006644906476140022,-0.00335509330034256,0.0,0.0,0.0,0.0,0.0,-0.004729432985186577,0.015270566567778587,0.0,0.0,0.0,0.0
40.83,0.0032898131757974625,0.009999999776482582,-0.00671018660068512,datactrl_ref_vx_fallback,states_vx_gs,-0.004601939115673304,datactrl_est_theta_fallback,0.131046861410141,0.389818377034994,0.225061779796278,0.5196708001230028,0.5198448719703146,0.5196622717513542,0.5198534003419633,0.5195431419439487,0.5199725301493687,0.0,0.0,0.0,0.006644906476140022,-0.00335509330034256,0.0,0.0,0.0,0.0,0.0,-0.004601939115673304,-0.004601939115673304,0.0,0.0,0.0,0.0
40.93,-0.003372492268681526,0.009999999776482582,-0.013372492045164108,datactrl_ref_vx_fallback,states_vx_gs,0.00246834265999496,datactrl_est_theta_fallback,0.12800221145153046,0.38983586095479317,0.2250718691814614,0.5197237035421305,0.5198385923373179,0.519737005084449,0.5198252907949994,0.5195606400170505,0.5200016558623979,0.0,0.0,0.0,0.003313753753900528,-0.006686246022582054,0.0,0.0,0.0,0.0,0.0,0.00246834265999496,0.00246834265999496,0.0,0.0,0.0,0.0
41.029,-0.003372492268681526,0.009999999776482582,-0.013372492045164108,datactrl_ref_vx_fallback,states_vx_gs,0.009999999776482582,states_theta,0.04608512669801712,0.39024567510961267,0.22530845401495744,0.5203270611146744,0.5203280725109594,0.5202075742201522,0.5204475594054816,0.5202990194326262,0.5203561141930075,0.0,0.0,0.0,0.003313753753900528,-0.006686246022582054,0.0,0.0,0.0,0.0,0.0,0.0027224200312048197,-0.007277579978108406,0.0,0.0,0.0,0.0
41.13,-0.0033698128536343575,0.009999999776482582,-0.01336981263011694,datactrl_ref_vx_fallback,states_vx_gs,0.009999999776482582,states_theta,0.036016084253787994,0.3898917141251263,0.22510410023885094,0.5198221452655807,0.5198890924014228,0.5197019878319799,0.5200092498350236,0.5198826342722788,0.5198286033947247,0.0,0.0,0.0,0.0033150934614241123,-0.00668490631505847,0.0,0.0,0.0,0.0,0.0,0.0029737050645053387,-0.007026294711977243,0.0,0.0,0.0,0.0
41.231,-0.003372492268681526,0.009999999776482582,-0.013372492045164108,datactrl_ref_vx_fallback,states_vx_gs,0.009999999776482582,states_theta,0.01469513587653637,0.3902893013522188,0.22533364102614026,0.520350540713309,0.5204209295592744,0.5202759237696806,0.5204955465029029,0.5204142868794499,0.5203571833931335,0.0,0.0,0.0,0.003313753753900528,-0.006686246022582054,0.0,0.0,0.0,0.0,0.0,0.003230523783713579,-0.006769475992769003,0.0,0.0,0.0,0.0
41.33,-0.003372492268681526,0.009999999776482582,-0.013372492045164108,datactrl_ref_vx_fallback,states_vx_gs,0.009999999776482582,states_theta,-0.020432408899068832,0.38992534760447756,0.2251235068424615,0.5198598508050779,0.5199410761401956,0.5198599979166353,0.5199409290286382,0.5199337207175115,0.519867206227762,0.0,0.0,0.0,0.003313753753900528,-0.006686246022582054,0.0,0.0,0.0,0.0,0.0,0.003484601154923439,-0.006515398621559143,0.0,0.0,0.0,0.0
41.432,-0.003372492268681526,0.009999999776482582,-0.013372492045164108,datactrl_ref_vx_fallback,states_vx_gs,0.009999999776482582,states_theta,-0.020002752542495728,0.39032426684815846,0.22535382318673247,0.5203908935134937,0.5204738180815957,0.5203898782673773,0.520474833327712,0.5204677861542462,0.5203969254408431,0.0,0.0,0.0,0.003313753753900528,-0.006686246022582054,0.0,0.0,0.0,0.0,0.0,0.003738678526133299,-0.006261321250349283,0.0,0.0,0.0,0.0
41.531,0.006627507507801056,0.003313753753900528,0.003313753753900528,datactrl_ref_vx_fallback,datactrl_est_vx_fallback,0.009999999776482582,states_theta,-0.020007355138659477,0.39035275027762745,0.2253702723230455,0.5204272377365284,0.5205134296704781,0.5203699059061279,0.5205707615008787,0.5204492203698393,0.5204914470371672,0.0,0.0,0.0,0.003313753753900528,0.003313753753900528,0.0,0.0,0.0,0.0,0.0,-0.016735242679715157,-0.02673524245619774,0.0,0.0,0.0,0.0
41.631,0.006639106664806604,0.003319553332403302,0.003319553332403302,datactrl_ref_vx_fallback,datactrl_est_vx_fallback,0.009999999776482582,states_theta,-0.02886706218123436,0.3899904720374306,0.225161110253419,0.5199596017500623,0.5200149903497526,0.5198849935104862,0.5200895985893287,0.5199842211774804,0.5199903709223345,0.0,0.0,0.0,0.003319553332403302,0.003319553332403302,0.0,0.0,0.0,0.0,0.0,-0.016873253509402275,-0.026873253285884857,0.0,0.0,0.0,0.0
41.731,0.006639106664806604,0.003319553332403302,0.003319553332403302,datactrl_ref_vx_fallback,datactrl_est_vx_fallback,-0.016999395564198494,datactrl_est_theta_fallback,-0.1960407793521881,0.39001752636076936,0.22517677022819577,0.5202072295502591,0.5198395074117925,0.5202260830188957,0.5198206539431559,0.5201165283731158,0.5199302085889358,0.0,0.0,0.0,0.003319553332403302,0.003319553332403302,0.0,0.0,0.0,0.0,0.0,-0.016999395564198494,-0.016999395564198494,0.0,0.0,0.0,0.0
41.832,0.006639106664806604,0.003319553332403302,0.003319553332403302,datactrl_ref_vx_fallback,datactrl_est_vx_fallback,-0.017125539481639862,datactrl_est_theta_fallback,0.057953935116529465,0.3900457686769669,0.22519311352785984,0.5200702076792217,0.5200518421260233,0.5201932153224048,0.5199288344828402,0.5196953121995037,0.5204267376057413,0.0,0.0,0.0,0.003319553332403302,0.003319553332403302,0.0,0.0,0.0,0.0,0.0,-0.017125539481639862,-0.017125539481639862,0.0,0.0,0.0,0.0
41.931,0.0066408938728272915,0.0033204469364136457,0.0033204469364136457,datactrl_ref_vx_fallback,datactrl_est_vx_fallback,-0.017253544181585312,datactrl_est_theta_fallback,0.12366659939289093,0.3900616805542403,0.22520227543006557,0.5199139686560753,0.5202505128218987,0.5199640559646332,0.5202004255133408,0.519828659751052,0.520335821726922,0.0,0.0,0.0,0.0033204469364136457,0.0033204469364136457,0.0,0.0,0.0,0.0,0.0,-0.017253544181585312,-0.017253544181585312,0.0,0.0,0.0,0.0
42.032,-2.141497316188179e-05,-1.0707486580940895e-05,-1.0707486580940895e-05,datactrl_ref_vx_fallback,datactrl_est_vx_fallback,-0.010436929762363434,datactrl_est_theta_fallback,-0.09961234033107758,0.3900922987846294,0.225219958028739,0.5202087700936853,0.5200373599986599,0.5199640222373441,0.5202821078550011,0.5204115838996288,0.5198345461927163,0.0,0.0,0.0,-1.0707486580940895e-05,-1.0707486580940895e-05,0.0,0.0,0.0,0.0,0.0,-0.010436929762363434,-0.010436929762363434,0.0,0.0,0.0,0.0
42.132,-2.141497316188179e-05,-1.0707486580940895e-05,-1.0707486580940895e-05,datactrl_ref_vx_fallback,datactrl_est_vx_fallback,-0.009999999776482582,states_theta,-0.18044817447662354,0.39012411860332463,0.2252383116575045,0.520305381096875,0.520025601845324,0.5203060900745504,0.5200248928676485,0.520377454179962,0.519953528762237,0.0,0.0,0.0,-1.0707486580940895e-05,-1.0707486580940895e-05,0.0,0.0,0.0,0.0,0.0,-0.010436522774398327,-0.00043652334716171026,0.0,0.0,0.0,0.0
42.232,-0.010021414678703877,0.009999999776482582,-0.02002141445518646,datactrl_ref_vx_fallback,states_vx_gs,-0.019999999552965164,states_theta,-0.02332710474729538,0.3901435674850917,0.2252495349481241,0.5203242168004594,0.5200586298264518,0.5204263959453648,0.5199564506815464,0.5201531548179279,0.5202296918089833,0.0,0.0,0.0,-1.0707486580940895e-05,-0.010010707192122936,0.0,0.0,0.0,0.0,0.0,0.010215883143246174,0.030215881764888763,0.0,0.0,0.0,0.0
42.332,-0.01001070769279977,0.009999999776482582,-0.02001070746928235,datactrl_ref_vx_fallback,states_vx_gs,-0.009999999776482582,states_theta,0.09710289537906647,0.3901776687069897,0.2252692073873061,0.5204262803667609,0.5200475028518784,0.5202300638351534,0.5202437193834859,0.5201382538613852,0.520335529357254,0.0,0.0,0.0,-5.3537428357230965e-06,-0.010005353949964046,0.0,0.0,0.0,0.0,0.0,0.010585131123661995,0.020585130900144577,0.0,0.0,0.0,0.0
42.432,-0.01000981550942015,0.009999999776482582,-0.020009815285902732,datactrl_ref_vx_fallback,states_vx_gs,0.010964404791593552,datactrl_est_theta_fallback,0.17126524448394775,0.3898088830528765,0.22505631363652032,0.5199452205811546,0.519545134226516,0.5195622477253744,0.5199281070822962,0.5196160488208853,0.5198743059867853,0.0,0.0,0.0,-4.907662969344528e-06,-0.010004907846450806,0.0,0.0,0.0,0.0,0.0,0.010964404791593552,0.010964404791593552,0.0,0.0,0.0,0.0
42.532,-0.01000981550942015,0.009999999776482582,-0.020009815285902732,datactrl_ref_vx_fallback,states_vx_gs,0.009999999776482582,states_theta,0.1721036434173584,0.39021666129723076,0.22529176388786323,0.5205179153406952,0.5200598481185869,0.5200531774557599,0.5205245860035222,0.5201579187240183,0.5204198447352638,0.0,0.0,0.0,-4.907662969344528e-06,-0.010004907846450806,0.0,0.0,0.0,0.0,0.0,0.011344591155648232,0.0013445918448269367,0.0,0.0,0.0,0.0
42.632,-0.01000981550942015,0.009999999776482582,-0.020009815285902732,datactrl_ref_vx_fallback,states_vx_gs,0.029999999329447746,states_theta,0.13899078965187073,0.39022688356333446,0.22529766549816643,0.5205072683966647,0.5200977544388938,0.5200955111596782,0.5205095116758803,0.5201025103395723,0.5205025124959862,0.0,0.0,0.0,-4.907662969344528e-06,-0.010004907846450806,0.0,0.0,0.0,0.0,0.0,0.011724778451025486,-0.018275221809744835,0.0,0.0,0.0,0.0
42.734,-9.815325938689057e-06,-4.907662969344528e-06,-4.907662969344528e-06,datactrl_ref_vx_fallback,datactrl_est_vx_fallback,0.03999999910593033,states_theta,0.11670930683612823,0.3898733023239719,0.22509356234987918,0.5200431903574717,0.5196189491731199,0.5196163695006829,0.5200457700299087,0.5195143142008033,0.5201478253297883,0.0,0.0,0.0,-4.907662969344528e-06,-4.907662969344528e-06,0.0,0.0,0.0,0.0,0.0,-0.008699034340679646,-0.0486990325152874,0.0,0.0,0.0,0.0
42.861,-9.815325938689057e-06,-4.907662969344528e-06,-4.907662969344528e-06,datactrl_ref_vx_fallback,datactrl_est_vx_fallback,0.029999999329447746,states_theta,-0.20344297587871552,0.389881894096984,0.22509846916488319,0.5197897330929685,0.5198953178323221,0.5201290720542241,0.5195559788710665,0.5197428962687892,0.5199421546565014,0.0,0.0,0.0,-4.907662969344528e-06,-4.907662969344528e-06,0.0,0.0,0.0,0.0,0.0,-0.008698848076164722,-0.03869884833693504,0.0,0.0,0.0,0.0
42.977,0.0,0.0,0.0,datactrl_ref_vx_fallback,datactrl_est_vx_fallback,-0.008708889596164227,datactrl_est_theta_fallback,-0.26101455092430115,0.3902939653398652,0.22533639455873716,0.5202815814548234,0.5205023261181505,0.5206168295135412,0.5201670780594327,0.5206387846827916,0.5201451228901823,0.0,0.0,0.0,0.0,0.0,0.0,0.0,0.0,0.0,0.0,-0.008708889596164227,-0.008708889596164227,0.0,0.0,0.0,0.0
43.085,0.0,0.0,0.0,datactrl_ref_vx_fallback,datactrl_est_vx_fallback,-0.008708889596164227,datactrl_est_theta_fallback,-0.023810872808098793,0.38993198068078216,0.22512734323924455,0.5198291955299724,0.5199894196187801,0.5198278285382086,0.5199907866105439,0.5199689919023113,0.5198496232464412,0.0,0.0,0.0,0.0,0.0,0.0,0.0,0.0,0.0,0.0,-0.008708889596164227,-0.008708889596164227,0.0,0.0,0.0,0.0
43.2,-0.006662311498075724,-0.003331155749037862,-0.003331155749037862,datactrl_ref_vx_fallback,datactrl_est_vx_fallback,-0.0017660954035818577,datactrl_est_theta_fallback,-0.011741348542273045,0.38997078297863963,0.22514975476989996,0.5200108817166141,0.519911206226425,0.519833616888436,0.5200884710546031,0.5200799319763009,0.5198421559667382,0.0,0.0,0.0,-0.003331155749037862,-0.003331155749037862,0.0,0.0,0.0,0.0,0.0,-0.0017660954035818577,-0.0017660954035818577,0.0,0.0,0.0,0.0
43.251,-0.006662311498075724,-0.003331155749037862,-0.003331155749037862,datactrl_ref_vx_fallback,datactrl_est_vx_fallback,-0.0017660954035818577,datactrl_est_theta_fallback,-0.011741348542273045,0.3899835867418773,0.22515716102580668,0.5200211406739218,0.519935090637751,0.5201483548627656,0.5198078764489072,0.5198130656068815,0.5201431657047914,0.0,0.0,0.0,-0.003331155749037862,-0.003331155749037862,0.0,0.0,0.0,0.0,0.0,-0.0017660954035818577,-0.0017660954035818577,0.0,0.0,0.0,0.0
43.307,-0.006662311498075724,-0.003331155749037862,-0.003331155749037862,datactrl_ref_vx_fallback,datactrl_est_vx_fallback,-0.0016395114362239838,datactrl_est_theta_fallback,-0.01805420033633709,0.3899835867418773,0.22515716102580668,0.5200211406739218,0.519935090637751,0.5201483548627656,0.5198078764489072,0.5198130656068815,0.5201431657047914,0.0,0.0,0.0,-0.003331155749037862,-0.003331155749037862,0.0,0.0,0.0,0.0,0.0,-0.0016395114362239838,-0.0016395114362239838,0.0,0.0,0.0,0.0
43.359,-0.006662311498075724,-0.003331155749037862,-0.003331155749037862,datactrl_ref_vx_fallback,datactrl_est_vx_fallback,-0.0016395114362239838,datactrl_est_theta_fallback,-0.01805420033633709,0.3900109754402151,0.22517313812557097,0.5197821950334987,0.5202470728070749,0.5204047019060144,0.5196245659345592,0.5196302721599148,0.5203989956806588,0.0,0.0,0.0,-0.003331155749037862,-0.003331155749037862,0.0,0.0,0.0,0.0,0.0,-0.0016395114362239838,-0.0016395114362239838,0.0,0.0,0.0,0.0
43.421,-0.006662311498075724,-0.003331155749037862,-0.003331155749037862,datactrl_ref_vx_fallback,datactrl_est_vx_fallback,-0.0015129275852814317,datactrl_est_theta_fallback,-0.018007449805736542,0.3900109754402151,0.22517313812557097,0.5197821950334987,0.5202470728070749,0.5204047019060144,0.5196245659345592,0.5196302721599148,0.5203989956806588,0.0,0.0,0.0,-0.003331155749037862,-0.003331155749037862,0.0,0.0,0.0,0.0,0.0,-0.0015129275852814317,-0.0015129275852814317,0.0,0.0,0.0,0.0
43.473,-0.006662311498075724,-0.003331155749037862,-0.003331155749037862,datactrl_ref_vx_fallback,datactrl_est_vx_fallback,-0.0015129275852814317,datactrl_est_theta_fallback,-0.018007449805736542,0.39002592571053923,0.22518158386168632,0.5200174040139162,0.5200517312141885,0.5199732318957789,0.5200959033323257,0.5201576530331903,0.5199114821949143,0.0,0.0,0.0,-0.003331155749037862,-0.003331155749037862,0.0,0.0,0.0,0.0,0.0,-0.0015129275852814317,-0.0015129275852814317,0.0,0.0,0.0,0.0
43.539,-0.006652496289461851,-0.0033262481447309256,-0.0033262481447309256,datactrl_ref_vx_fallback,datactrl_est_vx_fallback,-0.009999999776482582,states_theta,-0.018006663769483566,0.39002592571053923,0.22518158386168632,0.5200174040139162,0.5200517312141885,0.5199732318957789,0.5200959033323257,0.5201576530331903,0.5199114821949143,0.0,0.0,0.0,-0.0033262481447309256,-0.0033262481447309256,0.0,0.0,0.0,0.0,0.0,-0.001396572100929916,0.008603427559137344,0.0,0.0,0.0,0.0
43.593,-0.006652496289461851,-0.0033262481447309256,-0.0033262481447309256,datactrl_ref_vx_fallback,datactrl_est_vx_fallback,-0.009999999776482582,states_theta,-0.018006673082709312,0.3900689265205217,0.22520662283013965,0.5203070503720262,0.5198767536826985,0.5197028429992878,0.5204809610554368,0.5205438916953851,0.5196399123593396,0.0,0.0,0.0,-0.0033262481447309256,-0.0033262481447309256,0.0,0.0,0.0,0.0,0.0,-0.0012701746309176087,0.008729824796319008,0.0,0.0,0.0,0.0
43.784,-0.006651601288467646,-0.003325800644233823,-0.003325800644233823,datactrl_ref_vx_fallback,datactrl_est_vx_fallback,-0.009999999776482582,states_theta,-0.018006673082709312,0.390131157104491,0.2252424643370976,0.5199758046182712,0.5203739476603715,0.5204754003373375,0.5198743519413052,0.5198362119812532,0.5205135402973895,0.0,0.0,0.0,-0.003325800644233823,-0.003325800644233823,0.0,0.0,0.0,0.0,0.0,-0.001144709880463779,0.008855289779603481,0.0,0.0,0.0,0.0
44.019,-0.0066408938728272915,-0.0033204469364136457,-0.0033204469364136457,datactrl_ref_vx_fallback,datactrl_est_vx_fallback,-0.0009031072841025889,datactrl_est_theta_fallback,0.03269480541348457,0.39018401254882323,0.2252729291079733,0.5203591044560214,0.5201315956741739,0.5199710492271733,0.520519650903022,0.5204982853645529,0.5199924147656424,0.0,0.0,0.0,-0.0033204469364136457,-0.0033204469364136457,0.0,0.0,0.0,0.0,0.0,-0.0009031072841025889,-0.0009031072841025889,0.0,0.0,0.0,0.0
44.239,-0.016640893882140517,0.009999999776482582,-0.0266408936586231,datactrl_ref_vx_fallback,states_vx_gs,-0.009999999776482582,states_theta,-0.05043482407927513,0.390227224086113,0.22529782190035333,0.520366514164489,0.5202394167318124,0.5205225835430002,0.5200833473533012,0.5203101083996658,0.5202958224966355,0.0,0.0,0.0,-0.0033204469364136457,-0.013320446945726871,0.0,0.0,0.0,0.0,0.0,0.02003924548625946,0.030039245262742043,0.0,0.0,0.0,0.0
44.474,-0.016640893882140517,0.009999999776482582,-0.0266408936586231,datactrl_ref_vx_fallback,states_vx_gs,-0.009999999776482582,states_theta,-0.01862974837422371,0.39026747799534334,0.22532104910922132,0.5204413729148905,0.5202719017393584,0.5202132062013438,0.5205000684529051,0.5203359898463062,0.5203772848079427,0.0,0.0,0.0,-0.0033204469364136457,-0.013320446945726871,0.0,0.0,0.0,0.0,0.0,0.021051600575447083,0.031051600351929665,0.0,0.0,0.0,0.0
44.695,-0.02329249493777752,0.009999999776482582,-0.0332924947142601,datactrl_ref_vx_fallback,states_vx_gs,0.028995586559176445,datactrl_est_theta_fallback,0.1350390762090683,0.3899394724691545,0.2251316721717882,0.5200181761310104,0.5198204171200683,0.5198044657876388,0.5200341274634399,0.5199127021264454,0.5199258911246334,0.0,0.0,0.0,-0.006646247580647469,-0.01664624735713005,0.0,0.0,0.0,0.0,0.0,0.028995586559176445,0.028995586559176445,0.0,0.0,0.0,0.0
44.935,-0.02329249493777752,0.009999999776482582,-0.0332924947142601,datactrl_ref_vx_fallback,states_vx_gs,0.009999999776482582,states_theta,-0.048239029943943024,0.3899895234406038,0.2251605944753141,0.5198526358277971,0.5201194266804796,0.5201884095690804,0.5197836529391963,0.5198863216107213,0.5200857408975553,0.0,0.0,0.0,-0.006646247580647469,-0.01664624735713005,0.0,0.0,0.0,0.0,0.0,0.030260702595114708,0.020260702818632126,0.0,0.0,0.0,0.0
45.155,-0.013295176438987255,-0.0066475882194936275,-0.0066475882194936275,datactrl_ref_vx_fallback,datactrl_est_vx_fallback,0.009999999776482582,states_theta,0.001785722910426557,0.39001310035417763,0.2251744338852236,0.5202580298993386,0.5197769043784685,0.5195088371188082,0.5205260971589988,0.520419375106309,0.519615559171498,0.0,0.0,0.0,-0.0066475882194936275,-0.0066475882194936275,0.0,0.0,0.0,0.0,0.0,0.010990612208843231,0.0009906120831146836,0.0,0.0,0.0,0.0
45.376,-0.013281787745654583,-0.0066408938728272915,-0.0066408938728272915,datactrl_ref_vx_fallback,datactrl_est_vx_fallback,0.019999999552965164,states_theta,0.05901560187339783,0.39006740083269276,0.22520577158579305,0.5198526254812716,0.5203271100725757,0.5205037779351869,0.5196759576186605,0.5196126953550952,0.5205670401987521,0.0,0.0,0.0,-0.0066408938728272915,-0.0066408938728272915,0.0,0.0,0.0,0.0,0.0,0.011481689289212227,-0.008518310263752937,0.0,0.0,0.0,0.0
45.427,-0.013281787745654583,-0.0066408938728272915,-0.0066408938728272915,datactrl_ref_vx_fallback,datactrl_est_vx_fallback,0.019999999552965164,states_theta,0.0034644382540136576,0.39006740083269276,0.22520577158579305,0.5198526254812716,0.5203271100725757,0.5205037779351869,0.5196759576186605,0.5196126953550952,0.5205670401987521,0.0,0.0,0.0,-0.0066408938728272915,-0.0066408938728272915,0.0,0.0,0.0,0.0,0.0,0.01173404324799776,-0.008265956304967403,0.0,0.0,0.0,0.0
45.591,-0.013281787745654583,-0.0066408938728272915,-0.0066408938728272915,datactrl_ref_vx_fallback,datactrl_est_vx_fallback,0.019999999552965164,states_theta,-0.03529396280646324,0.3901253192932692,0.2252391260561608,0.5203515321201846,0.5199826526618667,0.5197866582225755,0.5205475265594758,0.5205190484988244,0.519815136283227,0.0,0.0,0.0,-0.0066408938728272915,-0.0066408938728272915,0.0,0.0,0.0,0.0,0.0,0.011986397206783295,-0.00801360234618187,0.0,0.0,0.0,0.0
45.801,-0.013281787745654583,-0.0066408938728272915,-0.0066408938728272915,datactrl_ref_vx_fallback,datactrl_est_vx_fallback,0.019999999552965164,states_theta,0.0020159422419965267,0.3901597766728109,0.22525898947305237,0.5200623092698252,0.5203637618576705,0.5206006874575748,0.5198253836699209,0.519939935875922,0.5204861352515737,0.0,0.0,0.0,-0.0066408938728272915,-0.0066408938728272915,0.0,0.0,0.0,0.0,0.0,0.012491105124354362,-0.007508893962949514,0.0,0.0,0.0,0.0
46.019,-0.019933389499783516,-0.009966694749891758,-0.009966694749891758,datactrl_ref_vx_fallback,datactrl_est_vx_fallback,0.009999999776482582,states_theta,-0.03223630413413048,0.39019751508357786,0.2252806715241799,0.5201383715043904,0.5203883353851506,0.5200889096025479,0.520437797286993,0.5203638283353765,0.5201628785541644,0.0,0.0,0.0,-0.009966694749891758,-0.009966694749891758,0.0,0.0,0.0,0.0,0.0,0.020054031163454056,0.010054031386971474,0.0,0.0,0.0,0.0
46.075,-0.019933389499783516,-0.009966694749891758,-0.009966694749891758,datactrl_ref_vx_fallback,datactrl_est_vx_fallback,0.009999999776482582,states_theta,0.05856592580676079,0.39019751508357786,0.2252806715241799,0.5201383715043904,0.5203883353851506,0.5200889096025479,0.520437797286993,0.5203638283353765,0.5201628785541644,0.0,0.0,0.0,-0.009966694749891758,-0.009966694749891758,0.0,0.0,0.0,0.0,0.0,0.020432766526937485,0.010432765819132328,0.0,0.0,0.0,0.0
46.211,-0.019933389499783516,-0.009966694749891758,-0.009966694749891758,datactrl_ref_vx_fallback,datactrl_est_vx_fallback,0.019999999552965164,states_theta,0.05699968338012695,0.3898257381276507,0.22506605386461015,0.5196318100745421,0.5199034915991931,0.5195055301428424,0.5200297715308928,0.5199058768203582,0.519629424853377,0.0,0.0,0.0,-0.009966694749891758,-0.009966694749891758,0.0,0.0,0.0,0.0,0.0,0.020811500027775764,0.000811500649433583,0.0,0.0,0.0,0.0
46.427,-0.01992892101407051,-0.009964460507035255,-0.009964460507035255,datactrl_ref_vx_fallback,datactrl_est_vx_fallback,0.02156422659754753,datactrl_est_theta_fallback,-0.11189976334571838,0.3898972917624943,0.22510735468525234,0.5196732422266958,0.5200528691399559,0.5199755033998126,0.519750607966839,0.5200589169281218,0.5196671944385298,0.0,0.0,0.0,-0.009964460507035255,-0.009964460507035255,0.0,0.0,0.0,0.0,0.0,0.02156422659754753,0.02156422659754753,0.0,0.0,0.0,0.0
46.478,-0.01992892101407051,-0.009964460507035255,-0.009964460507035255,datactrl_ref_vx_fallback,datactrl_est_vx_fallback,0.021942876279354095,datactrl_est_theta_fallback,-0.09365738928318024,0.3898972917624943,0.22510735468525234,0.5196732422266958,0.5200528691399559,0.5199755033998126,0.519750607966839,0.5200589169281218,0.5196671944385298,0.0,0.0,0.0,-0.009964460507035255,-0.009964460507035255,0.0,0.0,0.0,0.0,0.0,0.021942876279354095,0.021942876279354095,0.0,0.0,0.0,0.0
46.658,-0.019924450665712357,-0.009962225332856178,-0.009962225332856178,datactrl_ref_vx_fallback,datactrl_est_vx_fallback,0.022316867485642433,datactrl_est_theta_fallback,0.08191001415252686,0.3903017177460862,0.22534082113616347,0.5205327278911551,0.5202718527650747,0.5203429381466201,0.5204616425096097,0.5202826634846577,0.5205219171715721,0.0,0.0,0.0,-0.009962225332856178,-0.009962225332856178,0.0,0.0,0.0,0.0,0.0,0.022316867485642433,0.022316867485642433,0.0,0.0,0.0,0.0
46.94,-0.01992892101407051,-0.009964460507035255,-0.009964460507035255,datactrl_ref_vx_fallback,datactrl_est_vx_fallback,0.019999999552965164,states_theta,-0.11975252628326416,0.3899705035494867,0.22514960996839112,0.5198437868412722,0.5200775559573589,0.5201769388647641,0.519744403933867,0.5200074745808323,0.5199138682177988,0.0,0.0,0.0,-0.009964460507035255,-0.009964460507035255,0.0,0.0,0.0,0.0,0.0,0.023457305505871773,0.0034573054872453213,0.0,0.0,0.0,0.0
47.115,-0.01992892101407051,-0.009964460507035255,-0.009964460507035255,datactrl_ref_vx_fallback,datactrl_est_vx_fallback,0.023835955187678337,datactrl_est_theta_fallback,-0.15072660148143768,0.39001672541645527,0.2251763337097979,0.5201500518237013,0.519894549286846,0.5196892650115055,0.5203553360990418,0.519967411707992,0.5200771894025553,0.0,0.0,0.0,-0.009964460507035255,-0.009964460507035255,0.0,0.0,0.0,0.0,0.0,0.023835955187678337,0.023835955187678337,0.0,0.0,0.0,0.0
47.343,-0.01992892101407051,-0.009964460507035255,-0.009964460507035255,datactrl_ref_vx_fallback,datactrl_est_vx_fallback,0.03999999910593033,states_theta,0.18209196627140045,0.3900605568137775,0.22520168654736983,0.5198865041474287,0.5202749806893113,0.5204945123583354,0.5196669724784045,0.5200060081025811,0.5201554767341589,0.0,0.0,0.0,-0.009964460507035255,-0.009964460507035255,0.0,0.0,0.0,0.0,0.0,0.024631118401885033,-0.015368880704045296,0.0,0.0,0.0,0.0
47.564,-0.019933389499783516,-0.009966694749891758,-0.009966694749891758,datactrl_ref_vx_fallback,datactrl_est_vx_fallback,0.009999999776482582,states_theta,-0.1618138551712036,0.3901132451816761,0.22523208584322366,0.5203179801948465,0.5199840069562898,0.5198016524024456,0.5205003347486907,0.5203182094025043,0.519983777748632,0.0,0.0,0.0,-0.009966694749891758,-0.009966694749891758,0.0,0.0,0.0,0.0,0.0,0.025393081828951836,0.015393082983791828,0.0,0.0,0.0,0.0
47.774,-0.019933389499783516,-0.009966694749891758,-0.009966694749891758,datactrl_ref_vx_fallback,datactrl_est_vx_fallback,0.029999999329447746,states_theta,0.19518254697322845,0.3901553575692977,0.2252564490498005,0.5200182611401246,0.5203960257113359,0.5205252182415416,0.5198890686099189,0.5198459611635602,0.5205683256879003,0.0,0.0,0.0,-0.009966694749891758,-0.009966694749891758,0.0,0.0,0.0,0.0,0.0,0.026150550693273544,-0.003849447937682271,0.0,0.0,0.0,0.0
47.984,-0.026595698669552803,-0.013297849334776402,-0.013297849334776402,datactrl_ref_vx_fallback,datactrl_est_vx_fallback,0.029999999329447746,states_theta,-0.13052330911159515,0.39018688037225446,0.22527453618824356,0.5201322555753141,0.5203660920840312,0.5201883513626014,0.5203099962967438,0.520466192768109,0.5200321548912362,0.0,0.0,0.0,-0.013297849334776402,-0.013297849334776402,0.0,0.0,0.0,0.0,0.0,0.03386346995830536,0.0038634713273495436,0.0,0.0,0.0,0.0
48.198,-0.026595698669552803,-0.013297849334776402,-0.013297849334776402,datactrl_ref_vx_fallback,datactrl_est_vx_fallback,0.019999999552965164,states_theta,-0.025176553055644035,0.39020201265436827,0.22528325855844797,0.5201267456333689,0.5204119547782797,0.5201335936815464,0.5204051067301022,0.5202722240706065,0.5202664763410422,0.0,0.0,0.0,-0.013297849334776402,-0.013297849334776402,0.0,0.0,0.0,0.0,0.0,0.03487410768866539,0.014874108135700226,0.0,0.0,0.0,0.0
48.489,-0.0265912264585495,-0.01329561322927475,-0.01329561322927475,datactrl_ref_vx_fallback,datactrl_est_vx_fallback,0.04999999701976776,states_theta,0.11704406887292862,0.38986022603636955,0.2250859519599889,0.5196403616127548,0.519986907817564,0.5196320153571313,0.5199952540731875,0.5196760013630214,0.5199512680672974,0.0,0.0,0.0,-0.01329561322927475,-0.01329561322927475,0.0,0.0,0.0,0.0,0.0,0.03638530895113945,-0.013614688999950886,0.0,0.0,0.0,0.0
48.653,-0.0265912264585495,-0.01329561322927475,-0.01329561322927475,datactrl_ref_vx_fallback,datactrl_est_vx_fallback,0.05999999865889549,states_theta,0.09910722076892853,0.3899098849239409,0.22511458350047892,0.519978707708066,0.5197809854224431,0.5198385543676002,0.5199211387629089,0.5198936766338859,0.5198660164966232,0.0,0.0,0.0,-0.01329561322927475,-0.01329561322927475,0.0,0.0,0.0,0.0,0.0,0.03689054027199745,-0.02310945652425289,0.0,0.0,0.0,0.0
48.705,-0.02660282701253891,-0.013301413506269455,-0.013301413506269455,datactrl_ref_vx_fallback,datactrl_est_vx_fallback,0.05999999865889549,states_theta,-0.048329051584005356,0.3899098849239409,0.22511458350047892,0.519978707708066,0.5197809854224431,0.5198385543676002,0.5199211387629089,0.5198936766338859,0.5198660164966232,0.0,0.0,0.0,-0.013301413506269455,-0.013301413506269455,0.0,0.0,0.0,0.0,0.0,0.03740788623690605,-0.02259211242198944,0.0,0.0,0.0,0.0
48.889,-0.02660282701253891,-0.013301413506269455,-0.013301413506269455,datactrl_ref_vx_fallback,datactrl_est_vx_fallback,0.04999999701976776,states_theta,-0.05455129221081734,0.39032186316856554,0.22535243376140796,0.5204148126545075,0.5204434891283339,0.5204605772857577,0.5203977244970838,0.520404811995761,0.5204534897870804,0.0,0.0,0.0,-0.013301413506269455,-0.013301413506269455,0.0,0.0,0.0,0.0,0.0,0.03791334107518196,-0.01208665780723095,0.0,0.0,0.0,0.0
49.106,-0.01994052156805992,-0.00997026078402996,-0.00997026078402996,datactrl_ref_vx_fallback,datactrl_est_vx_fallback,0.03999999910593033,states_theta,-0.05448044836521149,0.389972299019021,0.22515063633847923,0.5200153712594546,0.5199107594579346,0.5197599596633673,0.520166171054022,0.5199766208064756,0.5199495099109137,0.0,0.0,0.0,-0.00997026078402996,-0.00997026078402996,0.0,0.0,0.0,0.0,0.0,0.03184221684932709,-0.008157783187925816,0.0,0.0,0.0,0.0
49.323,-0.019944095984101295,-0.009972047992050648,-0.009972047992050648,datactrl_ref_vx_fallback,datactrl_est_vx_fallback,0.04999999701976776,states_theta,0.00803650263696909,0.39001424832937137,0.2251748615370219,0.5198505293103517,0.5201874662346386,0.5201520544945221,0.5198859410504683,0.5199270525648839,0.5201109429801064,0.0,0.0,0.0,-0.009972047992050648,-0.009972047992050648,0.0,0.0,0.0,0.0,0.0,0.03260368853807449,-0.017396308481693268,0.0,0.0,0.0,0.0
49.547,-0.019952120259404182,-0.009976060129702091,-0.009976060129702091,datactrl_ref_vx_fallback,datactrl_est_vx_fallback,0.03999999910593033,states_theta,-0.08730318397283554,0.39004340860367814,0.2251917429542488,0.5202749925787487,0.5198407636977265,0.519781409866962,0.5203343464095131,0.5201734007337311,0.519942355542744,0.0,0.0,0.0,-0.009976060129702091,-0.009976060129702091,0.0,0.0,0.0,0.0,0.0,0.033369939774274826,-0.006630058400332928,0.0,0.0,0.0,0.0
49.786,-0.0099521204829216,-0.009999999776482582,4.787929356098175e-05,datactrl_ref_vx_fallback,states_vx_gs,0.029999999329447746,states_theta,-0.00701940106227994,0.3900885994243004,0.2252178935065327,0.5198981987101795,0.5203380664212883,0.5204734134110469,0.5197628517204209,0.5198540133691727,0.5203822517622951,0.0,0.0,0.0,-0.009976060129702091,2.3939646780490875e-05,0.0,0.0,0.0,0.0,0.0,0.013096122071146965,-0.01690387725830078,0.0,0.0,0.0,0.0
50.001,-0.009954804554581642,-0.009999999776482582,4.519522190093994e-05,datactrl_ref_vx_fallback,states_vx_gs,0.019999999552965164,states_theta,-0.08572548627853394,0.39012276818813435,0.22523757014850873,0.52032538222336,0.5200019996116649,0.5198730578442752,0.5204543239907498,0.5203696090052881,0.5199577728297369,0.0,0.0,0.0,-0.009977402165532112,2.259761095046997e-05,0.0,0.0,0.0,0.0,0.0,0.013097155839204788,-0.006902843713760376,0.0,0.0,0.0,0.0
50.223,-0.009965511038899422,-0.009999999776482582,3.44887375831604e-05,datactrl_ref_vx_fallback,states_vx_gs,0.019999999552965164,states_theta,-0.0024512866511940956,0.39015936751952224,0.22525866524973484,0.5201011509021076,0.5203238291499517,0.5204786135266508,0.5199463665254085,0.5201364772721309,0.5202885027799284,0.0,0.0,0.0,-0.009982755407691002,1.72443687915802e-05,0.0,0.0,0.0,0.0,0.0,0.013106616213917732,-0.006893383339047432,0.0,0.0,0.0,0.0
50.453,-0.003303202800452709,-0.009999999776482582,0.006696796976029873,datactrl_ref_vx_fallback,states_vx_gs,0.009999999776482582,states_theta,-0.021913208067417145,0.3898067011813888,0.2250550270857964,0.5196735683998062,0.5198109680838974,0.5195898779784339,0.5198946585052696,0.5198600646966794,0.5196244717870241,0.0,0.0,0.0,-0.006651601288467646,0.0033483984880149364,0.0,0.0,0.0,0.0,0.0,0.00614985590800643,-0.0038501438684761524,0.0,0.0,0.0,0.0
50.668,-0.003303202800452709,-0.009999999776482582,0.006696796976029873,datactrl_ref_vx_fallback,states_vx_gs,0.009999999776482582,states_theta,9.665059224062134e-07,0.3898176359159781,0.2250613604147779,0.5196623810312587,0.5198513147446829,0.5195544897633786,0.5199592060125631,0.5199248936410639,0.5195888021348778,0.0,0.0,0.0,-0.006651601288467646,0.0033483984880149364,0.0,0.0,0.0,0.0,0.0,0.005895377602428198,-0.004104622174054384,0.0,0.0,0.0,0.0
50.95,1.0,-0.009999999776482582,1.0099999997764826,gncbus_cmd,states_vx_gs,-0.412454754114151,datactrl_est_theta_fallback,-0.0835648626089096,0.39023117419310194,0.2253001376287503,0.5201979458742672,0.5204185186406713,0.520000030464492,0.5206164340504466,0.5202160664590684,0.5204003980558701,0.0,0.0,0.0,0.19334304332733154,0.20334304869174957,0.0,0.0,0.0,0.0,0.0,-0.412454754114151,-0.412454754114151,0.0,0.0,0.0,0.0
51.136,1.0,-0.009999999776482582,1.0099999997764826,gncbus_cmd,states_vx_gs,-0.009999999776482582,states_theta,-0.2628990411758423,0.38986798642935694,0.22509073221521042,0.5196670851002342,0.5199808787113843,0.5194173162908712,0.5202306475207473,0.5191668670908905,0.520481096720728,0.0,0.0,0.0,0.29334303736686707,0.3033430576324463,0.0,0.0,0.0,0.0,0.0,-0.6272717714309692,-0.6172717809677124,0.0,0.0,0.0,0.0
51.347,1.0,-0.009999999776482582,1.0099999997764826,gncbus_cmd,states_vx_gs,-0.14000000059604645,states_theta,-0.9441733360290527,0.3902561540941136,0.22531501736132548,0.5203773404593955,0.5203057371249075,0.5197007462997568,0.5209823312845462,0.5196145223398828,0.5210685552444202,0.0,0.0,0.0,0.4933430552482605,0.5033430457115173,0.0,0.0,0.0,0.0,0.0,-1.0683058500289917,-0.9283058643341064,0.0,0.0,0.0,0.0
51.4,1.0,0.5933430194854736,0.40665698051452637,gncbus_cmd,datactrl_est_vx_fallback,-0.25999999046325684,states_theta,-1.3480181694030762,0.3902561540941136,0.22531501736132548,0.5203773404593955,0.5203057371249075,0.5197007462997568,0.5209823312845462,0.5196145223398828,0.5210685552444202,0.0,0.0,0.0,0.5933430194854736,0.5933430194854736,0.0,0.0,0.0,0.0,0.0,-1.273870825767517,-1.0138708353042603,0.0,0.0,0.0,0.0
51.584,1.0,0.6933430433273315,0.30665695667266846,gncbus_cmd,datactrl_est_vx_fallback,-0.429999977350235,states_theta,-1.7854833602905273,0.389912170936104,0.2251160768219024,0.5199383811699535,0.5198274079929904,0.5195201210575301,0.5202456681054138,0.5194476560950386,0.5203181330679053,0.0,0.0,0.0,0.6933430433273315,0.6933430433273315,0.0,0.0,0.0,0.0,0.0,-1.5035078525543213,-1.0735079050064087,0.0,0.0,0.0,0.0
51.638,1.0,0.7933430671691895,0.20665693283081055,gncbus_cmd,datactrl_est_vx_fallback,-0.6499999761581421,states_theta,-2.3666439056396484,0.389912170936104,0.2251160768219024,0.5199383811699535,0.5198274079929904,0.5195201210575301,0.5202456681054138,0.5194476560950386,0.5203181330679053,0.0,0.0,0.0,0.7933430671691895,0.7933430671691895,0.0,0.0,0.0,0.0,0.0,-1.7369449138641357,-1.0869449377059937,0.0,0.0,0.0,0.0
51.811,1.0,0.009999999776482582,0.9900000002235174,gncbus_cmd,states_vx_gs,-0.9099999666213989,states_theta,-2.745737314224243,0.3899561460727746,0.22514132792453653,0.5199822476282807,0.519900808565785,0.5200863303616386,0.5197967258324271,0.5201718600542754,0.5197111961397903,0.0,0.0,0.0,0.8933430314064026,0.8833430409431458,0.0,0.0,0.0,0.0,0.0,-1.9533779621124268,-1.0433779954910278,0.0,0.0,0.0,0.0
52.093,1.0,0.07999999821186066,0.9200000017881393,gncbus_cmd,states_vx_gs,-1.75,states_theta,-2.4441967010498047,0.38997786880019314,0.22515461646762513,0.520034697097558,0.5199062863696238,0.5208115255627473,0.5191294579044344,0.5208128700623157,0.5191281134048661,0.0,0.0,0.0,1.0,0.9200000166893005,0.0,0.0,0.0,0.0,0.0,-2.1351656913757324,-0.3851657509803772,0.0,0.0,0.0,0.0
52.254,1.0,0.11999999731779099,0.880000002682209,gncbus_cmd,states_vx_gs,-1.9499999284744263,states_theta,-2.0551462173461914,0.38999911303807056,0.22516721782094273,0.5199656319019763,0.5200320028662118,0.520819088362593,0.519178546405595,0.5211617526784208,0.5188358820897673,0.0,0.0,0.0,1.0,0.8799999952316284,0.0,0.0,0.0,0.0,0.0,-2.087289810180664,-0.1372898370027542,0.0,0.0,0.0,0.0
52.532,1.0,0.2199999988079071,0.7800000011920929,gncbus_cmd,states_vx_gs,-2.190000057220459,states_theta,0.1036812961101532,0.39005204531206555,0.2251967137692561,0.5202647279773205,0.519874059521521,0.5201864322476607,0.5199523552511808,0.520308099113512,0.5198306883853295,0.0,0.0,0.0,1.0,0.7799999713897705,0.0,0.0,0.0,0.0,0.0,-1.9770617485046387,0.21293829381465912,0.0,0.0,0.0,0.0
52.698,1.0,0.25999999046325684,0.7400000095367432,gncbus_cmd,states_vx_gs,-2.1399998664855957,states_theta,0.5739862322807312,0.3900774745157946,0.22521147914632011,0.5199380717125853,0.5202685269962003,0.5198543507696466,0.520352247939139,0.5196902835820659,0.5205163151267197,0.0,0.0,0.0,1.0,0.7400000095367432,0.0,0.0,0.0,0.0,0.0,-1.9238277673721313,0.21617208421230316,0.0,0.0,0.0,0.0
52.924,1.0,0.32999998331069946,0.6700000166893005,gncbus_cmd,states_vx_gs,-2.0299999713897705,states_theta,0.4448636472225189,0.39011850144363125,0.22523503580113904,0.5203100083744197,0.5200059954752636,0.5201163982606166,0.5201996055890666,0.5201393551210968,0.5201766487285865,0.0,0.0,0.0,1.0,0.6700000166893005,0.0,0.0,0.0,0.0,0.0,-1.8337937593460083,0.19620618224143982,0.0,0.0,0.0,0.0
52.975,1.0,0.35999998450279236,0.6400000154972076,gncbus_cmd,states_vx_gs,-1.9900000095367432,states_theta,0.32256951928138733,0.39011850144363125,0.22523503580113904,0.5203100083744197,0.5200059954752636,0.5201163982606166,0.5201996055890666,0.5201393551210968,0.5201766487285865,0.0,0.0,0.0,1.0,0.6399999856948853,0.0,0.0,0.0,0.0,0.0,-1.797069787979126,0.1929302215576172,0.0,0.0,0.0,0.0
53.148,1.0,0.3999999761581421,0.6000000238418579,gncbus_cmd,states_vx_gs,-1.9499999284744263,states_theta,0.5073633193969727,0.39014804789665336,0.22525226555631528,0.5202982831766766,0.520096511214399,0.519820474915272,0.5205743194758037,0.5197716415549829,0.5206231528360927,0.0,0.0,0.0,1.0,0.6000000238418579,0.0,0.0,0.0,0.0,0.0,-1.738553762435913,0.2114461213350296,0.0,0.0,0.0,0.0
53.381,1.0,0.4599999785423279,0.5400000214576721,gncbus_cmd,states_vx_gs,-1.809999942779541,states_theta,0.6982324123382568,0.39017945734391224,0.22527049115371772,0.5203711635879902,0.520107389329109,0.5197217306327884,0.5207568222843109,0.5197778514204414,0.5207007014966578,0.0,0.0,0.0,1.0,0.5400000214576721,0.0,0.0,0.0,0.0,0.0,-1.658949851989746,0.1510501354932785,0.0,0.0,0.0,0.0
53.596,1.0,0.5199999809265137,0.48000001907348633,gncbus_cmd,states_vx_gs,-1.6799999475479126,states_theta,0.6787475347518921,0.390212648805046,0.22529002698690706,0.5205098817572252,0.5200571817228975,0.5194812248552374,0.5210858386248853,0.5195942869040406,0.5209727765760821,0.0,0.0,0.0,1.0,0.48000001907348633,0.0,0.0,0.0,0.0,0.0,-1.574861764907837,0.1051381379365921,0.0,0.0,0.0,0.0
53.809,1.0,0.5699999928474426,0.4300000071525574,gncbus_cmd,states_vx_gs,-1.5399999618530273,states_theta,0.6602259874343872,0.38984250293215666,0.22507620620944327,0.5199849605394896,0.5195950472795948,0.5191963833272364,0.520383624491848,0.519036419243724,0.5205435885753604,0.0,0.0,0.0,1.0,0.4300000071525574,0.0,0.0,0.0,0.0,0.0,-1.5070557594299316,0.032944172620773315,0.0,0.0,0.0,0.0
54.015,1.0,0.6200000047683716,0.3799999952316284,gncbus_cmd,states_vx_gs,-1.4299999475479126,states_theta,0.6427584886550903,0.3902502923735993,0.22531231715982883,0.5204508508697858,0.5202165954598124,0.5192685010746696,0.5213989452549286,0.5193212796758699,0.5213461666537282,0.0,0.0,0.0,1.0,0.3799999952316284,0.0,0.0,0.0,0.0,0.0,-1.435411810874939,-0.005411820486187935,0.0,0.0,0.0,0.0
54.227,1.0,0.6599999666213989,0.3400000333786011,gncbus_cmd,states_vx_gs,-1.2999999523162842,states_theta,0.6325951814651489,0.3902699633495935,0.22532375747071529,0.5204810097630305,0.5202388925025522,0.5192526804869761,0.5214672217786065,0.5193192964248661,0.5214006058407166,0.0,0.0,0.0,1.0,0.3400000333786011,0.0,0.0,0.0,0.0,0.0,-1.3808858394622803,-0.08088589459657669,0.0,0.0,0.0,0.0
54.499,1.0,0.7099999785423279,0.2900000214576721,gncbus_cmd,states_vx_gs,-1.1299999952316284,states_theta,0.4609363079071045,0.38990277548718794,0.22511199449267394,0.5199400503855576,0.5198006842469436,0.5187594087717282,0.520981325860773,0.5186447804727903,0.5210959541597109,0.0,0.0,0.0,1.0,0.2900000214576721,0.0,0.0,0.0,0.0,0.0,-1.3139917850494385,-0.18399183452129364,0.0,0.0,0.0,0.0
54.659,1.0,0.7299999594688416,0.27000004053115845,gncbus_cmd,states_vx_gs,-1.100000023841858,states_theta,0.20142225921154022,0.38994073243047667,0.22513344797388532,0.5199664732192542,0.5198754799286835,0.5188899920700454,0.5209519610778923,0.5190010981981135,0.5208408549498242,0.0,0.0,0.0,1.0,0.27000004053115845,0.0,0.0,0.0,0.0,0.0,-1.2834798097610474,-0.18347984552383423,0.0,0.0,0.0,0.0
54.875,1.0,0.7599999904632568,0.24000000953674316,gncbus_cmd,states_vx_gs,-1.0399999618530273,states_theta,0.4234488308429718,0.39032635527330994,0.22535655010125513,0.520416053350309,0.5204542273785175,0.5193926512895873,0.5214776294392393,0.5191467103981836,0.521723570330643,0.0,0.0,0.0,1.0,0.24000000953674316,0.0,0.0,0.0,0.0,0.0,-1.2411317825317383,-0.20113185048103333,0.0,0.0,0.0,0.0
54.925,1.0,0.7799999713897705,0.2200000286102295,gncbus_cmd,states_vx_gs,-1.0,states_theta,0.35938024520874023,0.39032635527330994,0.22535655010125513,0.520416053350309,0.5204542273785175,0.5193926512895873,0.5214776294392393,0.5191467103981836,0.521723570330643,0.0,0.0,0.0,1.0,0.2200000286102295,0.0,0.0,0.0,0.0,0.0,-1.2087578773498535,-0.20875784754753113,0.0,0.0,0.0,0.0
55.091,1.0,0.7899999618530273,0.21000003814697266,gncbus_cmd,states_vx_gs,-0.9699999690055847,states_theta,0.4283079504966736,0.38996199040513124,0.22514667128213772,0.5198871850813277,0.5200114559990222,0.5187339797454659,0.521164661334884,0.5184859354223171,0.5214127056580328,0.0,0.0,0.0,1.0,0.21000003814697266,0.0,0.0,0.0,0.0,0.0,-1.196427822113037,-0.22642789781093597,0.0,0.0,0.0,0.0
55.293,1.0,0.8199999928474426,0.18000000715255737,gncbus_cmd,states_vx_gs,-0.8899999856948853,states_theta,0.3224439024925232,0.3899977738579611,0.22516718394090804,0.520035302801124,0.5199587608201055,0.5187645193968522,0.5212295442243773,0.5186414783778852,0.5213525852433443,0.0,0.0,0.0,1.0,0.18000000715255737,0.0,0.0,0.0,0.0,0.0,-1.149633765220642,-0.2596338093280792,0.0,0.0,0.0,0.0
55.501,1.0,0.8399999737739563,0.1600000262260437,gncbus_cmd,states_vx_gs,-0.8399999737739563,states_theta,0.2185717523097992,0.3900379778051915,0.2251903550870603,0.5200534316854479,0.5200478424617294,0.5188832342069783,0.521218039940199,0.5186641237493416,0.5214371503978358,0.0,0.0,0.0,1.0,0.1600000262260437,0.0,0.0,0.0,0.0,0.0,-1.1220858097076416,-0.2820858657360077,0.0,0.0,0.0,0.0
55.731,1.0,0.8700000047683716,0.12999999523162842,gncbus_cmd,states_vx_gs,-0.7899999618530273,states_theta,0.24642834067344666,0.39005274989677047,0.2251993496713779,0.5200706268308317,0.5200700395605562,0.5187252900305344,0.5214153763608536,0.5185486151752714,0.5215920512161165,0.0,0.0,0.0,1.0,0.12999999523162842,0.0,0.0,0.0,0.0,0.0,-1.0714918375015259,-0.28149181604385376,0.0,0.0,0.0,0.0
55.953,1.0,0.8899999856948853,0.11000001430511475,gncbus_cmd,states_vx_gs,-0.7299999594688416,states_theta,0.38426473736763,0.39006899323841004,0.22521021461033625,0.5201484478621524,0.520035534106941,0.5183379905025579,0.5218459914665355,0.5181622139086649,0.5220217680604285,0.0,0.0,0.0,1.0,0.11000001430511475,0.0,0.0,0.0,0.0,0.0,-1.0398398637771606,-0.3098398745059967,0.0,0.0,0.0,0.0
56.147,1.0,0.8999999761581421,0.10000002384185791,gncbus_cmd,states_vx_gs,-0.6200000047683716,states_theta,0.6078199744224548,0.3901002414951642,0.22522885991682784,0.5200489628496425,0.5202183478041287,0.5182675189529503,0.5219997917008209,0.5180352828209142,0.522232027832857,0.0,0.0,0.0,1.0,0.10000002384185791,0.0,0.0,0.0,0.0,0.0,-1.0273199081420898,-0.4073198437690735,0.0,0.0,0.0,0.0
56.335,1.0,0.9199999570846558,0.08000004291534424,gncbus_cmd,states_vx_gs,-0.5399999618530273,states_theta,0.2728521525859833,0.3901193063441507,0.22523978340567882,0.5200504158781147,0.5202677343729538,0.5180503250434703,0.5222678252075983,0.518346920546203,0.5219712297048655,0.0,0.0,0.0,1.0,0.08000004291534424,0.0,0.0,0.0,0.0,0.0,-0.9931979179382324,-0.4531979262828827,0.0,0.0,0.0,0.0
56.558,1.0,0.9300000071525574,0.06999999284744263,gncbus_cmd,states_vx_gs,-0.4899999797344208,states_theta,0.23635420203208923,0.3901084903512495,0.2252334733367549,0.5199810482690739,0.5203082593342581,0.518183738130398,0.522105569472934,0.5182075349427964,0.5220817726605356,0.0,0.0,0.0,1.0,0.06999999284744263,0.0,0.0,0.0,0.0,0.0,-0.9786257743835449,-0.48862582445144653,0.0,0.0,0.0,0.0
56.654,1.0,0.9300000071525574,0.06999999284744263,gncbus_cmd,states_vx_gs,-0.47999998927116394,states_theta,0.16157397627830505,0.3901122351558553,0.22523501032740562,0.520072828672015,0.5202264650769325,0.5182868955735466,0.5220123981754009,0.5184111395920726,0.5218881541568748,0.0,0.0,0.0,1.0,0.06999999284744263,0.0,0.0,0.0,0.0,0.0,-0.981285810470581,-0.5012857913970947,0.0,0.0,0.0,0.0
56.922,1.0,0.949999988079071,0.050000011920928955,gncbus_cmd,states_vx_gs,-0.4699999988079071,states_theta,-0.02456781268119812,0.39012848324786864,0.2252441118581893,0.520199623835629,0.5201429981586874,0.5184908681174746,0.5218517538768418,0.5183907411803442,0.5219518808139721,0.0,0.0,0.0,1.0,0.050000011920928955,0.0,0.0,0.0,0.0,0.0,-0.9473158121109009,-0.47731584310531616,0.0,0.0,0.0,0.0
57.09,1.0,0.949999988079071,0.050000011920928955,gncbus_cmd,states_vx_gs,-0.47999998927116394,states_theta,0.022576026618480682,0.3897617921345531,0.22503415768671056,0.5197819622790673,0.5195828167464077,0.5175449554332682,0.5218198235922068,0.5175445198633025,0.5218202591621725,0.0,0.0,0.0,1.0,0.050000011920928955,0.0,0.0,0.0,0.0,0.0,-0.949215829372406,-0.46921584010124207,0.0,0.0,0.0,0.0
57.325,1.0,0.9599999785423279,0.04000002145767212,gncbus_cmd,states_vx_gs,-0.429999977350235,states_theta,0.23389077186584473,0.39013041158908857,0.2252469007318743,0.5203270469805239,0.5200207172570457,0.5179868946294619,0.5223608696081077,0.5181225277831101,0.5222252364544595,0.0,0.0,0.0,1.0,0.04000002145767212,0.0,0.0,0.0,0.0,0.0,-0.9321738481521606,-0.502173900604248,0.0,0.0,0.0,0.0
57.551,1.0,0.9699999690055847,0.030000030994415283,gncbus_cmd,states_vx_gs,-0.3999999761581421,states_theta,0.07049425691366196,0.39013747872103743,0.22525031225521247,0.5203499637191256,0.5200166462036409,0.5181800219871403,0.5221865879356261,0.5182419919892177,0.5221246179335487,0.0,0.0,0.0,1.0,0.030000030994415283,0.0,0.0,0.0,0.0,0.0,-0.9146378636360168,-0.5146378874778748,0.0,0.0,0.0,0.0
57.767,1.0,0.9699999690055847,0.030000030994415283,gncbus_cmd,states_vx_gs,-0.3999999761581421,states_theta,-0.00353268557228148,0.39013092697422025,0.22524645094381893,0.5203081018050197,0.5200410367929009,0.5182676727285619,0.5220814658693588,0.5181711580417777,0.522177980556143,0.0,0.0,0.0,1.0,0.030000030994415283,0.0,0.0,0.0,0.0,0.0,-0.9169178605079651,-0.516917884349823,0.0,0.0,0.0,0.0
57.993,1.0,0.9799999594688416,0.020000040531158447,gncbus_cmd,states_vx_gs,-0.3999999761581421,states_theta,-0.0367850624024868,0.38976660009009473,0.22503581628681787,0.5198064148478869,0.5195711853923657,0.5178816320375961,0.5214959682026565,0.5177246132469735,0.5216529869932791,0.0,0.0,0.0,1.0,0.020000040531158447,0.0,0.0,0.0,0.0,0.0,-0.8983559012413025,-0.4983559250831604,0.0,0.0,0.0,0.0
58.043,1.0,0.9799999594688416,0.020000040531158447,gncbus_cmd,states_vx_gs,-0.4099999964237213,states_theta,-0.04104059189558029,0.38976660009009473,0.22503581628681787,0.5198064148478869,0.5195711853923657,0.5178816320375961,0.5214959682026565,0.5177246132469735,0.5216529869932791,0.0,0.0,0.0,1.0,0.020000040531158447,0.0,0.0,0.0,0.0,0.0,-0.8991159200668335,-0.4891158938407898,0.0,0.0,0.0,0.0
58.201,1.0,0.9799999594688416,0.020000040531158447,gncbus_cmd,states_vx_gs,-0.4099999964237213,states_theta,-0.03256935253739357,0.38979148344812914,0.22505017925360946,0.5198593058876668,0.5195846499740109,0.517904940048146,0.5215390158135317,0.5177696755888249,0.5216742802728528,0.0,0.0,0.0,1.0,0.020000040531158447,0.0,0.0,0.0,0.0,0.0,-0.8998758792877197,-0.4898759126663208,0.0,0.0,0.0,0.0
58.434,1.0,0.9899999499320984,0.010000050067901611,gncbus_cmd,states_vx_gs,-0.4099999964237213,states_theta,0.048330001533031464,0.3897904219646192,0.2250499795436024,0.5198422181173002,0.5195989071216843,0.5178380379465847,0.5216030872923999,0.5176428080723939,0.5217983171665906,0.0,0.0,0.0,1.0,0.010000050067901611,0.0,0.0,0.0,0.0,0.0,-0.8802499175071716,-0.4702499210834503,0.0,0.0,0.0,0.0
58.645,1.0,1.0,0.0,gncbus_cmd,states_vx_gs,-0.3999999761581421,states_theta,0.08952589333057404,0.390177780810328,0.22527421582668414,0.520373082514081,0.5201009996467937,0.5182891896615455,0.5221848924993292,0.517969344277151,0.5225047378837236,0.0,0.0,0.0,1.0,0.0,0.0,0.0,0.0,0.0,0.0,-0.8602818250656128,-0.4602818489074707,0.0,0.0,0.0,0.0
58.868,1.0,1.0,0.0,gncbus_cmd,states_vx_gs,-0.3700000047683716,states_theta,0.1472608596086502,0.39020362743443093,0.22528916912107105,0.520473341018185,0.5200696654736308,0.5180397715455887,0.5225032349462271,0.5182740771861627,0.522268929305653,0.0,0.0,0.0,1.0,0.0,0.0,0.0,0.0,0.0,0.0,-0.8602818250656128,-0.4902818202972412,0.0,0.0,0.0,0.0
59.09,1.0,1.0099999904632568,-0.009999990463256836,gncbus_cmd,states_vx_gs,-0.3499999940395355,states_theta,0.11643094569444656,0.38983032295302605,0.22507401503757762,0.5199637757809925,0.5195837520937436,0.5174908183700131,0.522056709504723,0.5176697731188227,0.5218777547559135,0.0,0.0,0.0,1.0,-0.009999990463256836,0.0,0.0,0.0,0.0,0.0,-0.8395158648490906,-0.48951587080955505,0.0,0.0,0.0,0.0
59.33,1.0,1.0099999904632568,-0.009999990463256836,gncbus_cmd,states_vx_gs,-0.3400000035762787,states_theta,0.006433451548218727,0.3898462698309286,0.2250833396805321,0.5199808850674544,0.519609167815022,0.5177801241978919,0.5218099286845845,0.5173882240599903,0.5222018288224861,0.0,0.0,0.0,1.0,-0.009999990463256836,0.0,0.0,0.0,0.0,0.0,-0.8387558460235596,-0.4987558424472809,0.0,0.0,0.0,0.0
59.545,1.0,1.0099999904632568,-0.009999990463256836,gncbus_cmd,states_vx_gs,-0.32999998331069946,states_theta,0.022537831217050552,0.3902516809386565,0.22531665610293683,0.5204561198627871,0.5202150293069636,0.5181434828873338,0.5225276662824169,0.5184043473759027,0.522266801793848,0.0,0.0,0.0,1.0,-0.009999990463256836,0.0,0.0,0.0,0.0,0.0,-0.8379958271980286,-0.5079958438873291,0.0,0.0,0.0,0.0
59.752,1.0,1.0199999809265137,-0.019999980926513672,gncbus_cmd,states_vx_gs,-0.32999998331069946,states_theta,0.03403171896934509,0.38989165280967925,0.22510904842342103,0.5199636008976853,0.5197474732614593,0.5177567557377858,0.5219543184213589,0.517714604277006,0.5219964698821387,0.0,0.0,0.0,1.0,-0.019999980926513672,0.0,0.0,0.0,0.0,0.0,-0.8162798881530762,-0.4862798750400543,0.0,0.0,0.0,0.0
59.973,1.0,1.0199999809265137,-0.019999980926513672,gncbus_cmd,states_vx_gs,-0.32999998331069946,states_theta,-0.008712910115718842,0.389897654847929,0.22511318766538005,0.519957142187735,0.5197699374067423,0.5177122587856114,0.5220148208088659,0.5175019165864724,0.5222251630080049,0.0,0.0,0.0,1.0,-0.019999980926513672,0.0,0.0,0.0,0.0,0.0,-0.8147598505020142,-0.4847598969936371,0.0,0.0,0.0,0.0
60.176,1.0,1.0199999809265137,-0.019999980926513672,gncbus_cmd,states_vx_gs,-0.3199999928474426,states_theta,0.0078121367841959,0.38993052867032457,0.22513058889187174,0.5199952080549655,0.5198195350659001,0.517979865089619,0.5218348780312465,0.5179971436680924,0.5218175994527732,0.0,0.0,0.0,1.0,-0.019999980926513672,0.0,0.0,0.0,0.0,0.0,-0.8132398724555969,-0.4932398796081543,0.0,0.0,0.0,0.0
60.473,1.0,1.0299999713897705,-0.029999971389770508,gncbus_cmd,states_vx_gs,-0.3400000035762787,states_theta,0.10248851776123047,0.3903000637185659,0.2253453158637385,0.5204414383155471,0.5203587316006286,0.5181453004063755,0.5226548695098002,0.518215263421061,0.5225849064951148,0.0,0.0,0.0,1.0,-0.029999971389770508,0.0,0.0,0.0,0.0,0.0,-0.7896618843078613,-0.44966188073158264,0.0,0.0,0.0,0.0
60.618,1.0,1.0299999713897705,-0.029999971389770508,gncbus_cmd,states_vx_gs,-0.3199999928474426,states_theta,0.252577543258667,0.38995820918203283,0.22514861253778642,0.519962891066914,0.5199256667518403,0.5175676072411957,0.5223209505775586,0.517620033185221,0.5222685246335332,0.0,0.0,0.0,1.0,-0.029999971389770508,0.0,0.0,0.0,0.0,0.0,-0.7885218858718872,-0.4685218930244446,0.0,0.0,0.0,0.0
60.836,1.0,1.0299999713897705,-0.029999971389770508,gncbus_cmd,states_vx_gs,-0.3100000023841858,states_theta,-0.11419783532619476,0.3903537941808859,0.22537469501670482,0.520465856943291,0.520477594205738,0.5186065864312747,0.5223368647177543,0.5186221323376495,0.5223213188113794,0.0,0.0,0.0,1.0,-0.029999971389770508,0.0,0.0,0.0,0.0,0.0,-0.786241888999939,-0.4762418866157532,0.0,0.0,0.0,0.0
61.052,1.0,1.0399999618530273,-0.039999961853027344,gncbus_cmd,states_vx_gs,-0.3499999940395355,states_theta,-0.10684393346309662,0.3899891895817343,0.22516560055433416,0.5199659565911479,0.5200052156268102,0.5178188699882735,0.5221523022296846,0.5178088162345209,0.5221623559834372,0.0,0.0,0.0,1.0,-0.039999961853027344,0.0,0.0,0.0,0.0,0.0,-0.7634239196777344,-0.41342392563819885,0.0,0.0,0.0,0.0
61.265,1.0,1.0399999618530273,-0.039999961853027344,gncbus_cmd,states_vx_gs,-0.3499999940395355,states_theta,-0.051785632967948914,0.3900111305655076,0.22517745371542297,0.519999117671872,0.5200305638361483,0.5182415790961242,0.5217881024118961,0.5178189378396628,0.5222107436683575,0.0,0.0,0.0,1.0,-0.039999961853027344,0.0,0.0,0.0,0.0,0.0,-0.7603839039802551,-0.410383939743042,0.0,0.0,0.0,0.0
61.476,1.0,1.0399999618530273,-0.039999961853027344,gncbus_cmd,states_vx_gs,-0.3400000035762787,states_theta,0.22343766689300537,0.39002045659321494,0.22518604981091575,0.5200457467735395,0.5200088041417004,0.5172498724807126,0.5228046784345273,0.5175699609916276,0.5224845899236124,0.0,0.0,0.0,1.0,-0.039999961853027344,0.0,0.0,0.0,0.0,0.0,-0.7573439478874207,-0.4173439145088196,0.0,0.0,0.0,0.0
61.704,1.0,1.0399999618530273,-0.039999961853027344,gncbus_cmd,states_vx_gs,-0.2800000011920929,states_theta,0.220316082239151,0.3900578065555813,0.2252064398939619,0.5200611720170636,0.5200929787978199,0.5174391101737342,0.5227150406411493,0.5179137695829502,0.5222403812319333,0.0,0.0,0.0,1.0,-0.039999961853027344,0.0,0.0,0.0,0.0,0.0,-0.7543039321899414,-0.4743039309978485,0.0,0.0,0.0,0.0
61.932,1.0,1.0499999523162842,-0.04999995231628418,gncbus_cmd,states_vx_gs,-0.2800000011920929,states_theta,-0.12607507407665253,0.39005555748391063,0.2252031076520167,0.5200387238412753,0.5201094294491532,0.5178991640300887,0.5222489892603397,0.5182731349415486,0.5218750183488798,0.0,0.0,0.0,1.0,-0.04999995231628418,0.0,0.0,0.0,0.0,0.0,-0.7305739521980286,-0.45057395100593567,0.0,0.0,0.0,0.0
62.12,1.0,1.0499999523162842,-0.04999995231628418,gncbus_cmd,states_vx_gs,-0.3100000023841858,states_theta,-0.05811789631843567,0.39008111646385507,0.22521895162223676,0.5200660724923362,0.520150238077944,0.5182881143519694,0.5219281962183108,0.5175351291029439,0.5226811814673363,0.0,0.0,0.0,1.0,-0.04999995231628418,0.0,0.0,0.0,0.0,0.0,-0.7267739772796631,-0.4167739450931549,0.0,0.0,0.0,0.0
62.339,1.0,1.0499999523162842,-0.04999995231628418,gncbus_cmd,states_vx_gs,-0.3100000023841858,states_theta,0.07559099793434143,0.39006695438447725,0.22521218159839235,0.5201695161892186,0.5200090288360542,0.5174091514995441,0.5227693935257286,0.5177916788814528,0.5223868661438199,0.0,0.0,0.0,1.0,-0.04999995231628418,0.0,0.0,0.0,0.0,0.0,-0.7229739427566528,-0.41297397017478943,0.0,0.0,0.0,0.0
62.562,1.0,1.0499999523162842,-0.04999995231628418,gncbus_cmd,states_vx_gs,-0.2800000011920929,states_theta,0.05694623291492462,0.39009399838594916,0.22522680170429682,0.5200600736940219,0.5201905886685093,0.5177128653955245,0.5225377969670066,0.5179220445989825,0.5223286177635487,0.0,0.0,0.0,1.0,-0.04999995231628418,0.0,0.0,0.0,0.0,0.0,-0.7191739678382874,-0.43917396664619446,0.0,0.0,0.0,0.0
62.791,1.0,1.0499999523162842,-0.04999995231628418,gncbus_cmd,states_vx_gs,-0.28999999165534973,states_theta,-0.056984808295965195,0.3900810383664992,0.22521813929898793,0.520158434660972,0.5200576676496926,0.5179517750382219,0.5222643272724428,0.5181331196238264,0.5220829826868383,0.0,0.0,0.0,1.0,-0.04999995231628418,0.0,0.0,0.0,0.0,0.0,-0.7153739929199219,-0.42537397146224976,0.0,0.0,0.0,0.0
63.006,1.0,1.0499999523162842,-0.04999995231628418,gncbus_cmd,states_vx_gs,-0.32999998331069946,states_theta,-0.22832337021827698,0.39007845423439086,0.22521732407300782,0.5202732946804719,0.5199359166112371,0.5178418011971148,0.5223674100945942,0.5179545126388133,0.5222546986528956,0.0,0.0,0.0,1.0,-0.04999995231628418,0.0,0.0,0.0,0.0,0.0,-0.7115739583969116,-0.38157400488853455,0.0,0.0,0.0,0.0
63.056,1.0,1.0499999523162842,-0.04999995231628418,gncbus_cmd,states_vx_gs,-0.32999998331069946,states_theta,-0.0014292825944721699,0.39007845423439086,0.22521732407300782,0.5202732946804719,0.5199359166112371,0.5178418011971148,0.5223674100945942,0.5179545126388133,0.5222546986528956,0.0,0.0,0.0,1.0,-0.04999995231628418,0.0,0.0,0.0,0.0,0.0,-0.7096740007400513,-0.3796739876270294,0.0,0.0,0.0,0.0
63.217,1.0,1.059999942779541,-0.059999942779541016,gncbus_cmd,states_vx_gs,-0.32999998331069946,states_theta,0.045692939311265945,0.38970214714308504,0.22499994349515437,0.5194033183886493,0.5198024073262442,0.5176037320043135,0.5216019937105799,0.5172553893460491,0.5219503363688444,0.0,0.0,0.0,1.0,-0.059999942779541016,0.0,0.0,0.0,0.0,0.0,-0.6869320273399353,-0.35693201422691345,0.0,0.0,0.0,0.0
63.443,1.0,1.059999942779541,-0.059999942779541016,gncbus_cmd,states_vx_gs,-0.3199999928474426,states_theta,0.16535228490829468,0.3900758716322064,0.22521701550549544,0.520069545557454,0.5201327787950965,0.517641621385817,0.5225607029667334,0.5176821170205019,0.5225202073320485,0.0,0.0,0.0,1.0,-0.059999942779541016,0.0,0.0,0.0,0.0,0.0,-0.6821439862251282,-0.36214402318000793,0.0,0.0,0.0,0.0
63.658,1.0,1.059999942779541,-0.059999942779541016,gncbus_cmd,states_vx_gs,-0.28999999165534973,states_theta,0.05827599763870239,0.390092190541437,0.22522535565440246,0.5201107399548042,0.5201351014890279,0.5178316923245296,0.5224141491193024,0.5179540621636336,0.5222917792801984,0.0,0.0,0.0,1.0,-0.059999942779541016,0.0,0.0,0.0,0.0,0.0,-0.6775839924812317,-0.38758403062820435,0.0,0.0,0.0,0.0
63.864,1.0,1.059999942779541,-0.059999942779541016,gncbus_cmd,states_vx_gs,-0.28999999165534973,states_theta,-0.05595019459724426,0.3900925574486536,0.2252263786484262,0.5200198378059405,0.5202269820571358,0.5178098119805228,0.5224370078825535,0.5176633439639897,0.5225834758990866,0.0,0.0,0.0,1.0,-0.059999942779541016,0.0,0.0,0.0,0.0,0.0,-0.6730239987373352,-0.3830240070819855,0.0,0.0,0.0,0.0
64.095,1.0,1.059999942779541,-0.059999942779541016,gncbus_cmd,states_vx_gs,-0.28999999165534973,states_theta,-0.02131444588303566,0.3897211434605462,0.22501067978468028,0.5196764508070612,0.5195799317543953,0.5174882351591813,0.5217681474022752,0.5174952479596734,0.5217611346017831,0.0,0.0,0.0,1.0,-0.059999942779541016,0.0,0.0,0.0,0.0,0.0,-0.6684640049934387,-0.378464013338089,0.0,0.0,0.0,0.0
64.311,1.0,1.059999942779541,-0.059999942779541016,gncbus_cmd,states_vx_gs,-0.3100000023841858,states_theta,-0.13610517978668213,0.3900840303553106,0.22522108163496102,0.5201373862787633,0.5200866946687317,0.5177501420430387,0.5224739389044563,0.5178399796566789,0.522384101290816,0.0,0.0,0.0,1.0,-0.059999942779541016,0.0,0.0,0.0,0.0,0.0,-0.6639040112495422,-0.35390400886535645,0.0,0.0,0.0,0.0
64.542,1.0,1.0699999332427979,-0.06999993324279785,gncbus_cmd,states_vx_gs,-0.3100000023841858,states_theta,-0.021823937073349953,0.3900860712694314,0.2252225492053924,0.520184959280941,0.5200445641042094,0.5176901291923584,0.522539394192792,0.5177955131190328,0.5224340102661176,0.0,0.0,0.0,1.0,-0.06999993324279785,0.0,0.0,0.0,0.0,0.0,-0.6386920213699341,-0.3286920487880707,0.0,0.0,0.0,0.0
64.757,1.0,1.0699999332427979,-0.06999993324279785,gncbus_cmd,states_vx_gs,-0.28999999165534973,states_theta,0.08777059614658356,0.38971292929181933,0.22500660813305634,0.5197114335524575,0.5195230445590606,0.5172831177638629,0.5219513603476552,0.5174078327067181,0.5218266454048001,0.0,0.0,0.0,1.0,-0.06999993324279785,0.0,0.0,0.0,0.0,0.0,-0.6333720684051514,-0.34337204694747925,0.0,0.0,0.0,0.0
64.807,1.0,1.0699999332427979,-0.06999993324279785,gncbus_cmd,states_vx_gs,-0.28999999165534973,states_theta,0.009239587001502514,0.38971292929181933,0.22500660813305634,0.5197114335524575,0.5195230445590606,0.5172831177638629,0.5219513603476552,0.5174078327067181,0.5218266454048001,0.0,0.0,0.0,1.0,-0.06999993324279785,0.0,0.0,0.0,0.0,0.0,-0.6307120323181152,-0.3407120704650879,0.0,0.0,0.0,0.0
64.99,1.0,1.0699999332427979,-0.06999993324279785,gncbus_cmd,states_vx_gs,-0.2800000011920929,states_theta,0.17588239908218384,0.39010731565516277,0.22523539409031085,0.5202367453408698,0.5200494297395641,0.5176828040969071,0.5226033709835268,0.5176439675424797,0.5226422075379543,0.0,0.0,0.0,1.0,-0.06999993324279785,0.0,0.0,0.0,0.0,0.0,-0.6280520558357239,-0.348052054643631,0.0,0.0,0.0,0.0
65.205,1.0,1.0699999332427979,-0.06999993324279785,gncbus_cmd,states_vx_gs,-0.25999999046325684,states_theta,0.029083574190735817,0.3901091287193263,0.22523576921094238,0.5202606432988837,0.5200303666193198,0.5177330545285275,0.522557955389676,0.517851162483979,0.5224398474342244,0.0,0.0,0.0,1.0,-0.06999993324279785,0.0,0.0,0.0,0.0,0.0,-0.6227320432662964,-0.36273208260536194,0.0,0.0,0.0,0.0
65.436,1.0,1.0699999332427979,-0.06999993324279785,gncbus_cmd,states_vx_gs,-0.25999999046325684,states_theta,-0.026757409796118736,0.39011263360256726,0.22523729700463002,0.5202932587755807,0.520007097497932,0.5177833505562686,0.5225170057172441,0.518009701281434,0.5222906549920787,0.0,0.0,0.0,1.0,-0.06999993324279785,0.0,0.0,0.0,0.0,0.0,-0.6174120903015137,-0.35741207003593445,0.0,0.0,0.0,0.0
65.647,1.0,1.0699999332427979,-0.06999993324279785,gncbus_cmd,states_vx_gs,-0.26999998092651367,states_theta,-0.010068121366202831,0.38974242859483604,0.2250235143712456,0.5198127983584021,0.5195003445611607,0.5175125106521573,0.5218006322674055,0.5173129673223701,0.5220001755971927,0.0,0.0,0.0,1.0,-0.06999993324279785,0.0,0.0,0.0,0.0,0.0,-0.6120920777320862,-0.3420920968055725,0.0,0.0,0.0,0.0
65.858,1.0,1.0699999332427979,-0.06999993324279785,gncbus_cmd,states_vx_gs,-0.2800000011920929,states_theta,-0.010106755420565605,0.39013814400240543,0.22525234138451936,0.5202437372470967,0.5201246467593177,0.5178563539291918,0.5225120300772226,0.5178708365235742,0.5224975474828402,0.0,0.0,0.0,1.0,-0.06999993324279785,0.0,0.0,0.0,0.0,0.0,-0.6067720651626587,-0.3267720639705658,0.0,0.0,0.0,0.0
66.076,1.0,1.0699999332427979,-0.06999993324279785,gncbus_cmd,states_vx_gs,-0.2800000011920929,states_theta,-0.08427060395479202,0.3901440190364416,0.22525552679836439,0.5200553291692538,0.5203287215945904,0.5179963885719987,0.5223876621918455,0.5178335401118346,0.5225505106520096,0.0,0.0,0.0,1.0,-0.06999993324279785,0.0,0.0,0.0,0.0,0.0,-0.6014520525932312,-0.3214520812034607,0.0,0.0,0.0,0.0
66.293,1.0,1.0699999332427979,-0.06999993324279785,gncbus_cmd,states_vx_gs,-0.2800000011920929,states_theta,0.0985778346657753,0.3897615529195116,0.2250349924684222,0.5194966407008824,0.5198675004178152,0.5174248108728382,0.5219393302458594,0.5172798029040647,0.5220843382146328,0.0,0.0,0.0,1.0,-0.06999993324279785,0.0,0.0,0.0,0.0,0.0,-0.5961320996284485,-0.3161320984363556,0.0,0.0,0.0,0.0
66.546,1.0,1.0699999332427979,-0.06999993324279785,gncbus_cmd,states_vx_gs,-0.26999998092651367,states_theta,0.05853037163615227,0.39014538285686,0.2252568116661694,0.5201334496290269,0.5202542379892665,0.5176242769902889,0.5227634106280045,0.5180277103327237,0.5223599772855697,0.0,0.0,0.0,1.0,-0.06999993324279785,0.0,0.0,0.0,0.0,0.0,-0.590812087059021,-0.3208121061325073,0.0,0.0,0.0,0.0
66.762,1.0,1.0699999332427979,-0.06999993324279785,gncbus_cmd,states_vx_gs,-0.26999998092651367,states_theta,0.014349297620356083,0.39015062790327254,0.22526052588545523,0.52021119658906,0.5201904778196668,0.5176713011598588,0.522730373248868,0.5177237102880239,0.5226779641207029,0.0,0.0,0.0,1.0,-0.06999993324279785,0.0,0.0,0.0,0.0,0.0,-0.5854920744895935,-0.3154921233654022,0.0,0.0,0.0,0.0
66.976,1.0,1.0699999332427979,-0.06999993324279785,gncbus_cmd,states_vx_gs,-0.25,states_theta,0.0861428752541542,0.3897832877790284,0.22504794405090275,0.5197042073448123,0.5197178933992633,0.5173467987888373,0.5220753019552383,0.5172540512527438,0.5221680494913318,0.0,0.0,0.0,1.0,-0.06999993324279785,0.0,0.0,0.0,0.0,0.0,-0.5801721215248108,-0.3301720917224884,0.0,0.0,0.0,0.0
67.208,1.0,1.0699999332427979,-0.06999993324279785,gncbus_cmd,states_vx_gs,-0.25,states_theta,-0.08683127164840698,0.38980412173751383,0.22505879305838436,0.5197306790198837,0.5197469789468199,0.5176078085125181,0.5218698494541855,0.5175112176666378,0.5219664403000658,0.0,0.0,0.0,1.0,-0.06999993324279785,0.0,0.0,0.0,0.0,0.0,-0.5748521089553833,-0.3248521089553833,0.0,0.0,0.0,0.0
67.436,1.0,1.0699999332427979,-0.06999993324279785,gncbus_cmd,states_vx_gs,-0.26999998092651367,states_theta,-0.0025615496560931206,0.3901623366782558,0.22526705786770687,0.5202544043469259,0.5201784934617562,0.5177296025458866,0.5227032952627955,0.517779583482769,0.5226533143259131,0.0,0.0,0.0,1.0,-0.06999993324279785,0.0,0.0,0.0,0.0,0.0,-0.5695320963859558,-0.2995321452617645,0.0,0.0,0.0,0.0
67.639,1.0,1.0699999332427979,-0.06999993324279785,gncbus_cmd,states_vx_gs,-0.25999999046325684,states_theta,0.013569112867116928,0.38979321463687777,0.22505303180823513,0.5197840023155847,0.5196645700494226,0.5173879957006666,0.5220605766643407,0.5174867765965676,0.5219617957684397,0.0,0.0,0.0,1.0,-0.06999993324279785,0.0,0.0,0.0,0.0,0.0,-0.5642121434211731,-0.30421212315559387,0.0,0.0,0.0,0.0
67.689,1.0,1.0699999332427979,-0.06999993324279785,gncbus_cmd,states_vx_gs,-0.26999998092651367,states_theta,-0.07215404510498047,0.38979321463687777,0.22505303180823513,0.5197840023155847,0.5196645700494226,0.5173879957006666,0.5220605766643407,0.5174867765965676,0.5219617957684397,0.0,0.0,0.0,1.0,-0.06999993324279785,0.0,0.0,0.0,0.0,0.0,-0.561552107334137,-0.2915521264076233,0.0,0.0,0.0,0.0
67.878,1.0,1.0699999332427979,-0.06999993324279785,gncbus_cmd,states_vx_gs,-0.2800000011920929,states_theta,-0.09431485831737518,0.3898026325479088,0.22505875141411816,0.5198160544688946,0.5196576323255289,0.5175653483908096,0.5219083384036138,0.5172358637896757,0.5222378230047477,0.0,0.0,0.0,1.0,-0.06999993324279785,0.0,0.0,0.0,0.0,0.0,-0.5588921308517456,-0.2788921296596527,0.0,0.0,0.0,0.0
68.082,1.0,1.0699999332427979,-0.06999993324279785,gncbus_cmd,states_vx_gs,-0.2800000011920929,states_theta,0.059552907943725586,0.3898271805266273,0.2250735156190669,0.5198705502667026,0.5196685978043035,0.5172766213219925,0.5222625267490136,0.5173576964913197,0.5221814515796864,0.0,0.0,0.0,1.0,-0.06999993324279785,0.0,0.0,0.0,0.0,0.0,-0.5535721182823181,-0.2735721170902252,0.0,0.0,0.0,0.0
68.304,1.0,1.0699999332427979,-0.06999993324279785,gncbus_cmd,states_vx_gs,-0.25999999046325684,states_theta,0.00309234531596303,0.3902111514820946,0.2252943306108929,0.5204483163733906,0.5201147542455284,0.5179454024695581,0.522617668149361,0.5180456236171042,0.5225174470018149,0.0,0.0,0.0,1.0,-0.06999993324279785,0.0,0.0,0.0,0.0,0.0,-0.5482521057128906,-0.2882521450519562,0.0,0.0,0.0,0.0
68.54,1.0,1.0699999332427979,-0.06999993324279785,gncbus_cmd,states_vx_gs,-0.2800000011920929,states_theta,-0.07094669342041016,0.3898441354171097,0.22508232460945,0.5199581739945809,0.5196261871177117,0.5175935677574578,0.5219907933548348,0.5174647938607159,0.5221195672515767,0.0,0.0,0.0,1.0,-0.06999993324279785,0.0,0.0,0.0,0.0,0.0,-0.5429321527481079,-0.262932151556015,0.0,0.0,0.0,0.0
68.754,1.0,1.0699999332427979,-0.06999993324279785,gncbus_cmd,states_vx_gs,-0.2800000011920929,states_theta,0.03659594804048538,0.3898429438597851,0.22508303471125263,0.5199642295264181,0.5196169540996755,0.5172350698820617,0.5223461137440318,0.5172936509057574,0.5222875327203361,0.0,0.0,0.0,1.0,-0.06999993324279785,0.0,0.0,0.0,0.0,0.0,-0.5376121401786804,-0.2576121389865875,0.0,0.0,0.0,0.0
68.979,1.0,1.0699999332427979,-0.06999993324279785,gncbus_cmd,states_vx_gs,-0.25999999046325684,states_theta,0.09931375086307526,0.3898512308392309,0.2250873408096058,0.5198542696714048,0.5197490125665443,0.5174387491373981,0.522164533100551,0.5172820458750901,0.522321236362859,0.0,0.0,0.0,1.0,-0.06999993324279785,0.0,0.0,0.0,0.0,0.0,-0.5322921276092529,-0.2722921669483185,0.0,0.0,0.0,0.0
69.196,1.0,1.0699999332427979,-0.06999993324279785,gncbus_cmd,states_vx_gs,-0.25999999046325684,states_theta,-0.057323917746543884,0.3898634057814243,0.22509393905534092,0.5198806242534937,0.5197551244969711,0.5174317985386738,0.522203950211791,0.5174809078875824,0.5221548408628824,0.0,0.0,0.0,1.0,-0.06999993324279785,0.0,0.0,0.0,0.0,0.0,-0.5269721746444702,-0.266972154378891,0.0,0.0,0.0,0.0
69.41,1.0,1.0699999332427979,-0.06999993324279785,gncbus_cmd,states_vx_gs,-0.26999998092651367,states_theta,-0.09585019946098328,0.390263528181126,0.22532391900180182,0.5204467992563105,0.5202559425600254,0.5181239461733876,0.5225787956429483,0.5182677525899378,0.5224349892263981,0.0,0.0,0.0,1.0,-0.06999993324279785,0.0,0.0,0.0,0.0,0.0,-0.5216521620750427,-0.25165218114852905,0.0,0.0,0.0,0.0
69.623,1.0,1.0699999332427979,-0.06999993324279785,gncbus_cmd,states_vx_gs,-0.28999999165534973,states_theta,0.0024909875355660915,0.38989907718844663,0.2251147778281562,0.519954595062945,0.5197762774395793,0.517485209180948,0.5222456633215763,0.5174312013110355,0.5222996711914888,0.0,0.0,0.0,1.0,-0.06999993324279785,0.0,0.0,0.0,0.0,0.0,-0.5163321495056152,-0.2263321727514267,0.0,0.0,0.0,0.0
69.825,1.0,1.0699999332427979,-0.06999993324279785,gncbus_cmd,states_vx_gs,-0.2800000011920929,states_theta,-0.004367979243397713,0.38991241614818184,0.22512169168037388,0.5199524194666776,0.5198140235951407,0.5176541258767913,0.522112317185027,0.5176012087512611,0.5221652343105572,0.0,0.0,0.0,1.0,-0.06999993324279785,0.0,0.0,0.0,0.0,0.0,-0.5110121965408325,-0.23101216554641724,0.0,0.0,0.0,0.0
70.037,1.0,1.0699999332427979,-0.06999993324279785,gncbus_cmd,states_vx_gs,-0.2800000011920929,states_theta,0.07434584945440292,0.3899097349511104,0.2251202530952452,0.5199191016383222,0.5198401915646389,0.5175523639672134,0.5222069292357477,0.5176524509097927,0.5221068422931684,0.0,0.0,0.0,1.0,-0.06999993324279785,0.0,0.0,0.0,0.0,0.0,-0.505692183971405,-0.22569216787815094,0.0,0.0,0.0,0.0
70.257,1.0,1.0799999237060547,-0.07999992370605469,gncbus_cmd,states_vx_gs,-0.2800000011920929,states_theta,-0.05856872349977493,0.3899236979661773,0.22512810653642473,0.5199340209905696,0.5198625069192366,0.5176110501125031,0.5221854777973032,0.5177139705943006,0.5220825573155057,0.0,0.0,0.0,1.0,-0.07999992370605469,0.0,0.0,0.0,0.0,0.0,-0.47937819361686707,-0.19937819242477417,0.0,0.0,0.0,0.0
70.482,1.0,1.0799999237060547,-0.07999992370605469,gncbus_cmd,states_vx_gs,-0.2800000011920929,states_theta,0.06762687116861343,0.3899355220164038,0.22513505973080802,0.519958075955814,0.5198699827545961,0.5175866434797753,0.5222414152306347,0.517720088930294,0.5221079697801161,0.0,0.0,0.0,1.0,-0.07999992370605469,0.0,0.0,0.0,0.0,0.0,-0.47329819202423096,-0.19329820573329926,0.0,0.0,0.0,0.0
70.702,1.0,1.0799999237060547,-0.07999992370605469,gncbus_cmd,states_vx_gs,-0.2800000011920929,states_theta,-0.06653136759996414,0.3899504839603723,0.22514399207789085,0.5199740914049084,0.5198938658227511,0.5175475666886011,0.5223203905390583,0.5176833084336718,0.5221846487939876,0.0,0.0,0.0,1.0,-0.07999992370605469,0.0,0.0,0.0,0.0,0.0,-0.46721822023391724,-0.18721820414066315,0.0,0.0,0.0,0.0
70.931,1.0,1.0799999237060547,-0.07999992370605469,gncbus_cmd,states_vx_gs,-0.26999998092651367,states_theta,0.004033977631479502,0.38994974677701494,0.22514337214428928,0.519938620410635,0.5199273709947382,0.5175540179707598,0.5223119734346133,0.5177529727569425,0.5221130186484306,0.0,0.0,0.0,1.0,-0.07999992370605469,0.0,0.0,0.0,0.0,0.0,-0.46113821864128113,-0.19113823771476746,0.0,0.0,0.0,0.0
71.14,1.0,1.0799999237060547,-0.07999992370605469,gncbus_cmd,states_vx_gs,-0.2800000011920929,states_theta,-0.05344270542263985,0.3899657347743529,0.22515321871817093,0.5199535804736221,0.519955045591319,0.5174533264348171,0.5224552996301239,0.5176593334442068,0.5222492926207343,0.0,0.0,0.0,1.0,-0.07999992370605469,0.0,0.0,0.0,0.0,0.0,-0.455058217048645,-0.17505821585655212,0.0,0.0,0.0,0.0
71.363,1.0,1.0799999237060547,-0.07999992370605469,gncbus_cmd,states_vx_gs,-0.25999999046325684,states_theta,0.08003886789083481,0.38997893573184794,0.22516050906695617,0.519964394363645,0.5199794342546161,0.5175305096572798,0.5224133189609814,0.5177436622557541,0.5222001663625071,0.0,0.0,0.0,1.0,-0.07999992370605469,0.0,0.0,0.0,0.0,0.0,-0.4486742317676544,-0.18867424130439758,0.0,0.0,0.0,0.0
71.573,1.0,1.0799999237060547,-0.07999992370605469,gncbus_cmd,states_vx_gs,-0.25,states_theta,0.01511418353766203,0.3900094821468777,0.22517907362631237,0.5201417802724013,0.5198835054526059,0.5173112162834484,0.5227140694415587,0.5177137600577769,0.5223115256672303,0.0,0.0,0.0,1.0,-0.07999992370605469,0.0,0.0,0.0,0.0,0.0,-0.4425942301750183,-0.1925942301750183,0.0,0.0,0.0,0.0
71.786,1.0,1.0799999237060547,-0.07999992370605469,gncbus_cmd,states_vx_gs,-0.22999998927116394,states_theta,0.08985032886266708,0.38999733212542675,0.22517154818531443,0.5197902780657415,0.5202026076020632,0.5175673154102777,0.522425570257527,0.5176014762788576,0.5223914093889471,0.0,0.0,0.0,1.0,-0.07999992370605469,0.0,0.0,0.0,0.0,0.0,-0.4365142285823822,-0.20651425421237946,0.0,0.0,0.0,0.0
72.0,1.0,1.0799999237060547,-0.07999992370605469,gncbus_cmd,states_vx_gs,-0.22999998927116394,states_theta,-0.04479473829269409,0.39001266610897417,0.22517978903934896,0.5202404926538565,0.5197932836367413,0.5174174486073738,0.522616327683224,0.518075364234802,0.5219584120557957,0.0,0.0,0.0,1.0,-0.07999992370605469,0.0,0.0,0.0,0.0,0.0,-0.4304342567920685,-0.20043425261974335,0.0,0.0,0.0,0.0
72.228,1.0,1.0699999332427979,-0.06999993324279785,gncbus_cmd,states_vx_gs,-0.25,states_theta,-0.0743684321641922,0.39002832406900945,0.22518926476862408,0.5197643706370172,0.5203111602136747,0.5179164094595079,0.522159121391184,0.5174326030792584,0.5226429277714335,0.0,0.0,0.0,1.0,-0.06999993324279785,0.0,0.0,0.0,0.0,0.0,-0.4455762207508087,-0.1955762356519699,0.0,0.0,0.0,0.0
72.511,1.0,1.0699999332427979,-0.06999993324279785,gncbus_cmd,states_vx_gs,-0.25999999046325684,states_theta,-0.142713263630867,0.39001725396918524,0.22518183262318164,0.5201821735400993,0.5198638370443946,0.5179022659606223,0.5221437446238717,0.5177950960909303,0.5222509144935636,0.0,0.0,0.0,1.0,-0.06999993324279785,0.0,0.0,0.0,0.0,0.0,-0.43759623169898987,-0.17759625613689423,0.0,0.0,0.0,0.0
72.683,1.0,1.0699999332427979,-0.06999993324279785,gncbus_cmd,states_vx_gs,-0.2800000011920929,states_theta,-0.21850678324699402,0.3900336949079883,0.22519110544881643,0.5199220467899729,0.5201678062979959,0.5179703557439354,0.5221194973440334,0.5178602683332069,0.5222295847547619,0.0,0.0,0.0,1.0,-0.06999993324279785,0.0,0.0,0.0,0.0,0.0,-0.4349362552165985,-0.15493623912334442,0.0,0.0,0.0,0.0
72.906,1.0,1.0699999332427979,-0.06999993324279785,gncbus_cmd,states_vx_gs,-0.28999999165534973,states_theta,0.12504565715789795,0.3900369403248639,0.225194532261711,0.5202104923234467,0.5198880152095238,0.5172901532579818,0.5228083542749887,0.5179874459465726,0.5221110615863979,0.0,0.0,0.0,1.0,-0.06999993324279785,0.0,0.0,0.0,0.0,0.0,-0.429616242647171,-0.1396162509918213,0.0,0.0,0.0,0.0
73.124,1.0,1.0699999332427979,-0.06999993324279785,gncbus_cmd,states_vx_gs,-0.23999999463558197,states_theta,0.3849879503250122,0.39002668029548077,0.22519060444297087,0.5198528454328128,0.5202183020218025,0.5174023460588225,0.5226688013957929,0.5171170837819713,0.5229540636726441,0.0,0.0,0.0,1.0,-0.06999993324279785,0.0,0.0,0.0,0.0,0.0,-0.4238022565841675,-0.1838022619485855,0.0,0.0,0.0,0.0
73.332,1.0,1.0699999332427979,-0.06999993324279785,gncbus_cmd,states_vx_gs,-0.17999999225139618,states_theta,0.22800979018211365,0.3900435262985266,0.22520004791050052,0.5202661925262893,0.5198498776031151,0.5172751674126741,0.5228409027167302,0.5173768492915451,0.5227392208378592,0.0,0.0,0.0,1.0,-0.06999993324279785,0.0,0.0,0.0,0.0,0.0,-0.41848224401474,-0.238482266664505,0.0,0.0,0.0,0.0
73.545,1.0,1.0699999332427979,-0.06999993324279785,gncbus_cmd,states_vx_gs,-0.14999999105930328,states_theta,0.062491510063409805,0.3900338062299569,0.2251935321497335,0.5199192246681147,0.5201709252784371,0.5176235364233202,0.5224666135232316,0.5173123111573121,0.5227778387892397,0.0,0.0,0.0,1.0,-0.06999993324279785,0.0,0.0,0.0,0.0,0.0,-0.4131622612476349,-0.2631622850894928,0.0,0.0,0.0,0.0
73.762,1.0,1.0699999332427979,-0.06999993324279785,gncbus_cmd,states_vx_gs,-0.1599999964237213,states_theta,-0.1252363622188568,0.39002408616138706,0.22518660307867777,0.5200867340917452,0.5199774956719536,0.5177442067685187,0.5223200229951801,0.517636924639715,0.5224273051239838,0.0,0.0,0.0,1.0,-0.06999993324279785,0.0,0.0,0.0,0.0,0.0,-0.4078422784805298,-0.24784226715564728,0.0,0.0,0.0,0.0
73.989,1.0,1.059999942779541,-0.059999942779541016,gncbus_cmd,states_vx_gs,-0.20999999344348907,states_theta,-0.32911217212677,0.39001436609281726,0.2251796375253914,0.52002705995782,0.5200112496230261,0.5179397030172925,0.5220986065635536,0.5179669778027598,0.5220713317780863,0.0,0.0,0.0,1.0,-0.059999942779541016,0.0,0.0,0.0,0.0,0.0,-0.42347824573516846,-0.21347825229167938,0.0,0.0,0.0,0.0
74.195,1.0,1.059999942779541,-0.059999942779541016,gncbus_cmd,states_vx_gs,-0.25999999046325684,states_theta,-0.1173630878329277,0.3900046460242475,0.22517599281770156,0.5200484652400441,0.5199639241579492,0.5175002446463599,0.5225121447516334,0.517598395021436,0.5224139943765573,0.0,0.0,0.0,1.0,-0.059999942779541016,0.0,0.0,0.0,0.0,0.0,-0.418918251991272,-0.15891826152801514,0.0,0.0,0.0,0.0
74.416,1.0,1.059999942779541,-0.059999942779541016,gncbus_cmd,states_vx_gs,-0.23999999463558197,states_theta,0.15161745250225067,0.3899949259556778,0.2251705081303612,0.5199687328436587,0.5200177363714821,0.5177096464927318,0.522276822722409,0.5173300553997906,0.5226564138153502,0.0,0.0,0.0,1.0,-0.059999942779541016,0.0,0.0,0.0,0.0,0.0,-0.4143582582473755,-0.17435826361179352,0.0,0.0,0.0,0.0
74.631,1.0,1.059999942779541,-0.059999942779541016,gncbus_cmd,states_vx_gs,-0.23999999463558197,states_theta,-0.07218446582555771,0.38998520588710794,0.22516342718319865,0.5199289520594945,0.5200315969727933,0.5180799209625222,0.5218806280697657,0.5175211341180017,0.5224394149142861,0.0,0.0,0.0,1.0,-0.059999942779541016,0.0,0.0,0.0,0.0,0.0,-0.409798264503479,-0.16979826986789703,0.0,0.0,0.0,0.0
74.861,1.0,1.059999942779541,-0.059999942779541016,gncbus_cmd,states_vx_gs,-0.26999998092651367,states_theta,0.07872819900512695,0.38997548581853814,0.2251588905705215,0.5200711064677374,0.5198635223816978,0.5173299458786305,0.5226046829708046,0.5178152285490152,0.5221194003004199,0.0,0.0,0.0,1.0,-0.059999942779541016,0.0,0.0,0.0,0.0,0.0,-0.4052382707595825,-0.13523828983306885,0.0,0.0,0.0,0.0
75.064,1.0,1.059999942779541,-0.059999942779541016,gncbus_cmd,states_vx_gs,-0.26999998092651367,states_theta,0.0009881091536954045,0.3899657657499684,0.22515372096155722,0.5199081623875108,0.5200005462790716,0.5174090060203055,0.5224997026462769,0.5175226107208658,0.5223860979457166,0.0,0.0,0.0,1.0,-0.059999942779541016,0.0,0.0,0.0,0.0,0.0,-0.40067827701568604,-0.13067829608917236,0.0,0.0,0.0,0.0
75.286,1.0,1.059999942779541,-0.059999942779541016,gncbus_cmd,states_vx_gs,-0.23999999463558197,states_theta,0.17721901834011078,0.3899560456813987,0.22514806730479583,0.5199709641908452,0.5199118242928846,0.517521278933641,0.5223615095500889,0.5173995588377256,0.5224832296460042,0.0,0.0,0.0,1.0,-0.059999942779541016,0.0,0.0,0.0,0.0,0.0,-0.39611828327178955,-0.15611828863620758,0.0,0.0,0.0,0.0
75.502,1.0,1.059999942779541,-0.059999942779541016,gncbus_cmd,states_vx_gs,-0.22999998927116394,states_theta,-0.05020848661661148,0.3899191385862778,0.22512536255155208,0.5198001144535827,0.5199842551098248,0.5177987859927508,0.5219855835706567,0.5175658544921152,0.5222185150712922,0.0,0.0,0.0,1.0,-0.059999942779541016,0.0,0.0,0.0,0.0,0.0,-0.39155828952789307,-0.16155830025672913,0.0,0.0,0.0,0.0
75.68,1.0,1.059999942779541,-0.059999942779541016,gncbus_cmd,states_vx_gs,-0.26999998092651367,states_theta,-0.2375558316707611,0.38991400857158626,0.22512164571005522,0.519766587151718,0.520004102372512,0.5179356990250699,0.5218349904991602,0.5177341885318296,0.5220365009924004,0.0,0.0,0.0,1.0,-0.059999942779541016,0.0,0.0,0.0,0.0,0.0,-0.3869982957839966,-0.11699830740690231,0.0,0.0,0.0,0.0
75.889,1.0,1.059999942779541,-0.059999942779541016,gncbus_cmd,states_vx_gs,-0.28999999165534973,states_theta,-0.03786583989858627,0.3899256975618999,0.22512939307578922,0.5197801249547767,0.5200217352102896,0.5178376219794901,0.5219642381855761,0.5174576030529173,0.5223442571121489,0.0,0.0,0.0,1.0,-0.059999942779541016,0.0,0.0,0.0,0.0,0.0,-0.3824383020401001,-0.09243830293416977,0.0,0.0,0.0,0.0
76.104,1.0,1.059999942779541,-0.059999942779541016,gncbus_cmd,states_vx_gs,-0.28999999165534973,states_theta,0.004804011434316635,0.38991597749333007,0.22512397199957998,0.5200347639583232,0.5197411760238904,0.5174383619567874,0.5223375780254261,0.5177518657392867,0.5220240742429268,0.0,0.0,0.0,1.0,-0.059999942779541016,0.0,0.0,0.0,0.0,0.0,-0.3778783082962036,-0.08787830919027328,0.0,0.0,0.0,0.0
76.314,1.0,1.059999942779541,-0.059999942779541016,gncbus_cmd,states_vx_gs,-0.28999999165534973,states_theta,-0.05626033991575241,0.3899062574247602,0.22511790275307744,0.5197580483419436,0.5199919714574169,0.5178062639669455,0.521943755832415,0.5175366918307608,0.5222133279685998,0.0,0.0,0.0,1.0,-0.059999942779541016,0.0,0.0,0.0,0.0,0.0,-0.37331831455230713,-0.0833183079957962,0.0,0.0,0.0,0.0
76.542,1.0,1.0699999332427979,-0.06999993324279785,gncbus_cmd,states_vx_gs,-0.28999999165534973,states_theta,0.016058579087257385,0.38992383237490413,0.22512826428017815,0.5200133059144615,0.5197835804186163,0.5174211991310279,0.5223756872020499,0.5178988995892443,0.5218979867438335,0.0,0.0,0.0,1.0,-0.06999993324279785,0.0,0.0,0.0,0.0,0.0,-0.3478783369064331,-0.05787833407521248,0.0,0.0,0.0,0.0
76.748,1.0,1.0699999332427979,-0.06999993324279785,gncbus_cmd,states_vx_gs,-0.2800000011920929,states_theta,0.07143725454807281,0.38994170430349545,0.2251390771652719,0.5197731682024476,0.5200713766068736,0.5177330103606917,0.5221115344486295,0.5174274457290854,0.5224170990802358,0.0,0.0,0.0,1.0,-0.06999993324279785,0.0,0.0,0.0,0.0,0.0,-0.3425583243370056,-0.06255833059549332,0.0,0.0,0.0,0.0
76.965,1.0,1.0699999332427979,-0.06999993324279785,gncbus_cmd,states_vx_gs,-0.25999999046325684,states_theta,0.057803697884082794,0.3899467046925498,0.22514105759945807,0.5200820600706864,0.5197758191094464,0.517786792355832,0.5220710868243007,0.5177393369053044,0.5221185422748283,0.0,0.0,0.0,1.0,-0.06999993324279785,0.0,0.0,0.0,0.0,0.0,-0.3372383415699005,-0.07723834365606308,0.0,0.0,0.0,0.0
77.177,1.0,1.0699999332427979,-0.06999993324279785,gncbus_cmd,states_vx_gs,-0.26999998092651367,states_theta,-0.14128881692886353,0.38996549468374486,0.22515136640803982,0.5197907082350387,0.5201172775882809,0.517965197575769,0.5219427882475506,0.5178437430989239,0.5220642427243957,0.0,0.0,0.0,1.0,-0.06999993324279785,0.0,0.0,0.0,0.0,0.0,-0.331918329000473,-0.061918359249830246,0.0,0.0,0.0,0.0
77.233,1.0,1.0699999332427979,-0.06999993324279785,gncbus_cmd,states_vx_gs,-0.2800000011920929,states_theta,-0.08886291086673737,0.38996549468374486,0.22515136640803982,0.5197907082350387,0.5201172775882809,0.517965197575769,0.5219427882475506,0.5178437430989239,0.5220642427243957,0.0,0.0,0.0,1.0,-0.06999993324279785,0.0,0.0,0.0,0.0,0.0,-0.32925835251808167,-0.04925834387540817,0.0,0.0,0.0,0.0
77.408,1.0,1.0699999332427979,-0.06999993324279785,gncbus_cmd,states_vx_gs,-0.2800000011920929,states_theta,0.1150396317243576,0.38998477063967196,0.22516483618578872,0.520068002216149,0.5198913861563095,0.5172969130911725,0.522662475281286,0.5176458280639361,0.5223135603085224,0.0,0.0,0.0,1.0,-0.06999993324279785,0.0,0.0,0.0,0.0,0.0,-0.3265983462333679,-0.046598345041275024,0.0,0.0,0.0,0.0
77.614,1.0,1.0699999332427979,-0.06999993324279785,gncbus_cmd,states_vx_gs,-0.2199999988079071,states_theta,0.3559529781341553,0.38997748052398323,0.22516135406949997,0.5198679963464028,0.5200719517175525,0.5173881125326939,0.5225518355312614,0.51727096749596,0.5226689805679953,0.0,0.0,0.0,1.0,-0.06999993324279785,0.0,0.0,0.0,0.0,0.0,-0.3212783634662628,-0.10127834975719452,0.0,0.0,0.0,0.0
77.821,1.0,1.0699999332427979,-0.06999993324279785,gncbus_cmd,states_vx_gs,-0.17000000178813934,states_theta,0.15721186995506287,0.39001120698611524,0.2251801920808532,0.5201519767183486,0.5198779085779587,0.5174565958805871,0.5225732894157201,0.5175136884151007,0.5225161968812065,0.0,0.0,0.0,1.0,-0.06999993324279785,0.0,0.0,0.0,0.0,0.0,-0.3159583508968353,-0.14595834910869598,0.0,0.0,0.0,0.0
77.871,1.0,1.059999942779541,-0.059999942779541016,gncbus_cmd,states_vx_gs,-0.17000000178813934,states_theta,0.05058179050683975,0.39001120698611524,0.2251801920808532,0.5201519767183486,0.5198779085779587,0.5174565958805871,0.5225732894157201,0.5175136884151007,0.5225161968812065,0.0,0.0,0.0,1.0,-0.059999942779541016,0.0,0.0,0.0,0.0,0.0,-0.3341783285140991,-0.16417834162712097,0.0,0.0,0.0,0.0
78.036,1.0,1.059999942779541,-0.059999942779541016,gncbus_cmd,states_vx_gs,-0.17000000178813934,states_theta,-0.060632236301898956,0.39003188700381364,0.22519070105593753,0.5199777501460557,0.520107281864114,0.5178722038642102,0.5222128281459596,0.517691116596445,0.5223939154137248,0.0,0.0,0.0,1.0,-0.059999942779541016,0.0,0.0,0.0,0.0,0.0,-0.3318983316421509,-0.16189834475517273,0.0,0.0,0.0,0.0
78.254,1.0,1.059999942779541,-0.059999942779541016,gncbus_cmd,states_vx_gs,-0.20999999344348907,states_theta,-0.2992217242717743,0.39002594691937953,0.22518573213475312,0.5199820538414356,0.5200871379435764,0.5182491687537794,0.5218200230312326,0.517965870750591,0.522103321034421,0.0,0.0,0.0,1.0,-0.059999942779541016,0.0,0.0,0.0,0.0,0.0,-0.3273383378982544,-0.11733835190534592,0.0,0.0,0.0,0.0
78.542,1.0,1.059999942779541,-0.059999942779541016,gncbus_cmd,states_vx_gs,-0.22999998927116394,states_theta,0.19527415931224823,0.3900475448182136,0.22520105732480902,0.5202215512494873,0.5199052349324155,0.517308060673124,0.5228187255087788,0.5178276862325379,0.5222990999493649,0.0,0.0,0.0,1.0,-0.059999942779541016,0.0,0.0,0.0,0.0,0.0,-0.32049834728240967,-0.09049836546182632,0.0,0.0,0.0,0.0
78.708,1.0,1.059999942779541,-0.059999942779541016,gncbus_cmd,states_vx_gs,-0.2199999988079071,states_theta,0.0711548700928688,0.3900557041798205,0.22520444429452913,0.5199833302443503,0.520165214235171,0.5176477529720956,0.5225007915074257,0.5179924053995627,0.5221561390799586,0.0,0.0,0.0,1.0,-0.059999942779541016,0.0,0.0,0.0,0.0,0.0,-0.3182183504104614,-0.09821835905313492,0.0,0.0,0.0,0.0
78.918,1.0,1.059999942779541,-0.059999942779541016,gncbus_cmd,states_vx_gs,-0.23999999463558197,states_theta,-0.17951169610023499,0.39007765319951726,0.22521653287923596,0.5202045560583964,0.5200025191403163,0.5178734576335159,0.5223336175651968,0.5180551480687702,0.5221519271299425,0.0,0.0,0.0,1.0,-0.059999942779541016,0.0,0.0,0.0,0.0,0.0,-0.31365835666656494,-0.07365836203098297,0.0,0.0,0.0,0.0
79.13,1.0,1.059999942779541,-0.059999942779541016,gncbus_cmd,states_vx_gs,-0.23999999463558197,states_theta,0.06854413449764252,0.39007306314563905,0.22521446891879174,0.5199773852841478,0.5202174497708896,0.5182042560949093,0.5219905789601281,0.5175212217956943,0.5226736132593431,0.0,0.0,0.0,1.0,-0.059999942779541016,0.0,0.0,0.0,0.0,0.0,-0.30909836292266846,-0.06909836828708649,0.0,0.0,0.0,0.0
79.343,1.0,1.059999942779541,-0.059999942779541016,gncbus_cmd,states_vx_gs,-0.23999999463558197,states_theta,0.11284513771533966,0.3900684730917608,0.22521273253342355,0.5203018902563586,0.5198807046550035,0.5174537319449977,0.5227288629663644,0.517882177113923,0.5223004177974391,0.0,0.0,0.0,1.0,-0.059999942779541016,0.0,0.0,0.0,0.0,0.0,-0.304538369178772,-0.06453837454319,0.0,0.0,0.0,0.0
79.557,1.0,1.059999942779541,-0.059999942779541016,gncbus_cmd,states_vx_gs,-0.2199999988079071,states_theta,-0.017405414953827858,0.3900636535351886,0.22520849032169113,0.5198868900011704,0.5202828527593326,0.5179328297508986,0.5222369130096044,0.5179445692659411,0.5222251734945619,0.0,0.0,0.0,1.0,-0.059999942779541016,0.0,0.0,0.0,0.0,0.0,-0.29975035786628723,-0.07975037395954132,0.0,0.0,0.0,0.0
79.78,1.0,1.0499999523162842,-0.04999995231628418,gncbus_cmd,states_vx_gs,-0.25999999046325684,states_theta,-0.2873428463935852,0.39005906348131036,0.22520566491740912,0.5202180953340916,0.5199394072827361,0.5179333138243206,0.5222241887925071,0.5180019622183657,0.522155540398462,0.0,0.0,0.0,1.0,-0.04999995231628418,0.0,0.0,0.0,0.0,0.0,-0.3161843419075012,-0.05618436634540558,0.0,0.0,0.0,0.0
79.997,1.0,1.059999942779541,-0.059999942779541016,gncbus_cmd,states_vx_gs,-0.25999999046325684,states_theta,0.1624014973640442,0.39002728640088125,0.22518818469003582,0.5199201470154221,0.5201526167202611,0.5180112382681346,0.5220615254675487,0.5175104109282422,0.522562352807441,0.0,0.0,0.0,1.0,-0.059999942779541016,0.0,0.0,0.0,0.0,0.0,-0.2915423810482025,-0.03154239058494568,0.0,0.0,0.0,0.0
80.212,1.0,1.059999942779541,-0.059999942779541016,gncbus_cmd,states_vx_gs,-0.22999998927116394,states_theta,0.19330987334251404,0.3900085698896848,0.2251778836673153,0.5200930358808912,0.5199298171582684,0.5175146301928286,0.5225082228463309,0.5177390409047271,0.5222838121344324,0.0,0.0,0.0,1.0,-0.059999942779541016,0.0,0.0,0.0,0.0,0.0,-0.28698238730430603,-0.05698239430785179,0.0,0.0,0.0,0.0
80.262,1.0,1.0499999523162842,-0.04999995231628418,gncbus_cmd,states_vx_gs,-0.2199999988079071,states_theta,0.0720939040184021,0.3900085698896848,0.2251778836673153,0.5200930358808912,0.5199298171582684,0.5175146301928286,0.5225082228463309,0.5177390409047271,0.5222838121344324,0.0,0.0,0.0,1.0,-0.04999995231628418,0.0,0.0,0.0,0.0,0.0,-0.3055823743343353,-0.08558236807584763,0.0,0.0,0.0,0.0
80.433,1.0,1.0499999523162842,-0.04999995231628418,gncbus_cmd,states_vx_gs,-0.22999998927116394,states_theta,-0.0691283643245697,0.3900031697657148,0.22517300202867646,0.519935093968928,0.5200733587396449,0.5179498818256736,0.5220585708828993,0.5180038039097914,0.5220046487987815,0.0,0.0,0.0,1.0,-0.04999995231628418,0.0,0.0,0.0,0.0,0.0,-0.3036823570728302,-0.07368238270282745,0.0,0.0,0.0,0.0
80.639,1.0,1.0499999523162842,-0.04999995231628418,gncbus_cmd,states_vx_gs,-0.26999998092651367,states_theta,-0.29418134689331055,0.38997052863673204,0.22515514998237332,0.5199350645418879,0.5199863451560642,0.5179285960014844,0.5219928136964677,0.5175347637401048,0.5223866459578473,0.0,0.0,0.0,1.0,-0.04999995231628418,0.0,0.0,0.0,0.0,0.0,-0.2998823821544647,-0.029882391914725304,0.0,0.0,0.0,0.0
80.861,1.0,1.0499999523162842,-0.04999995231628418,gncbus_cmd,states_vx_gs,-0.23999999463558197,states_theta,0.3671584725379944,0.38996458855229776,0.22515326748708453,0.5200748807985527,0.5198306886742414,0.5173923943924827,0.5225131750803114,0.5174565539917744,0.5224490154810197,0.0,0.0,0.0,1.0,-0.04999995231628418,0.0,0.0,0.0,0.0,0.0,-0.29608237743377686,-0.056082382798194885,0.0,0.0,0.0,0.0
81.084,1.0,1.0499999523162842,-0.04999995231628418,gncbus_cmd,states_vx_gs,-0.19999998807907104,states_theta,0.09644340723752975,0.3899311914253877,0.22513274007420048,0.5197738196031305,0.5200426908645699,0.5177254023890928,0.5220911080786076,0.5175052782136501,0.5223112322540503,0.0,0.0,0.0,1.0,-0.04999995231628418,0.0,0.0,0.0,0.0,0.0,-0.292282372713089,-0.09228239208459854,0.0,0.0,0.0,0.0
81.293,1.0,1.0499999523162842,-0.04999995231628418,gncbus_cmd,states_vx_gs,-0.2199999988079071,states_theta,-0.18838098645210266,0.38989765934309395,0.22511214691508433,0.5200024876577586,0.5197246039238254,0.5176390774851689,0.522088014096415,0.518028468365239,0.521698623216345,0.0,0.0,0.0,1.0,-0.04999995231628418,0.0,0.0,0.0,0.0,0.0,-0.2884823977947235,-0.06848238408565521,0.0,0.0,0.0,0.0
81.516,1.0,1.0499999523162842,-0.04999995231628418,gncbus_cmd,states_vx_gs,-0.25,states_theta,-0.05756404250860214,0.3898906393363346,0.22510938942321176,0.519728140553761,0.5199802310097978,0.5178832211782982,0.5218251503852607,0.5172527667518096,0.5224556048117492,0.0,0.0,0.0,1.0,-0.04999995231628418,0.0,0.0,0.0,0.0,0.0,-0.28468239307403564,-0.03468238562345505,0.0,0.0,0.0,0.0
81.73,1.0,1.0499999523162842,-0.04999995231628418,gncbus_cmd,states_vx_gs,-0.22999998927116394,states_theta,0.08886957913637161,0.38986984377438705,0.22509781803528958,0.5196830700469387,0.5199698466847601,0.5174685073641655,0.5221844093675333,0.5174036230494513,0.5222492936822475,0.0,0.0,0.0,1.0,-0.04999995231628418,0.0,0.0,0.0,0.0,0.0,-0.2808823883533478,-0.050882402807474136,0.0,0.0,0.0,0.0
81.922,1.0,1.0499999523162842,-0.04999995231628418,gncbus_cmd,states_vx_gs,-0.2199999988079071,states_theta,0.03556117042899132,0.38986255365869843,0.22509230439475247,0.519669452298096,0.5199640241250998,0.5176562901978649,0.521977186225331,0.5177163171846183,0.5219171592385775,0.0,0.0,0.0,1.0,-0.04999995231628418,0.0,0.0,0.0,0.0,0.0,-0.2770823836326599,-0.0570823960006237,0.0,0.0,0.0,0.0
82.153,1.0,1.0499999523162842,-0.04999995231628418,gncbus_cmd,states_vx_gs,-0.23999999463558197,states_theta,-0.12290474772453308,0.3898552635430098,0.22508902108898035,0.519573374202014,0.5200406619126788,0.5175422215158348,0.522071814598858,0.5174440220557924,0.5221700140589004,0.0,0.0,0.0,1.0,-0.04999995231628418,0.0,0.0,0.0,0.0,0.0,-0.27328240871429443,-0.03328240290284157,0.0,0.0,0.0,0.0
82.203,1.0,1.0499999523162842,-0.04999995231628418,gncbus_cmd,states_vx_gs,-0.22999998927116394,states_theta,0.09511624276638031,0.3898552635430098,0.22508902108898035,0.519573374202014,0.5200406619126788,0.5175422215158348,0.522071814598858,0.5174440220557924,0.5221700140589004,0.0,0.0,0.0,1.0,-0.04999995231628418,0.0,0.0,0.0,0.0,0.0,-0.2713823914527893,-0.04138240963220596,0.0,0.0,0.0,0.0
82.377,1.0,1.0499999523162842,-0.04999995231628418,gncbus_cmd,states_vx_gs,-0.2199999988079071,states_theta,0.13477477431297302,0.38986170846616996,0.2250922174314667,0.5198993392603334,0.5197318833161199,0.5174302636045397,0.5222009589719135,0.517784307593843,0.5218469149826103,0.0,0.0,0.0,1.0,-0.04999995231628418,0.0,0.0,0.0,0.0,0.0,-0.26948240399360657,-0.049482401460409164,0.0,0.0,0.0,0.0
82.586,1.0,1.0499999523162842,-0.04999995231628418,gncbus_cmd,states_vx_gs,-0.2199999988079071,states_theta,-0.049801576882600784,0.38988211846832754,0.2251037933593806,0.5199694227844557,0.5197162264644178,0.5178250687310786,0.5218605805177949,0.5175272171324585,0.522158432116415,0.0,0.0,0.0,1.0,-0.04999995231628418,0.0,0.0,0.0,0.0,0.0,-0.2656823992729187,-0.045682407915592194,0.0,0.0,0.0,0.0
82.799,1.0,1.0499999523162842,-0.04999995231628418,gncbus_cmd,states_vx_gs,-0.22999998927116394,states_theta,-0.03795778006315231,0.390278977473787,0.2253329494421336,0.520526509407348,0.5202174305227506,0.5180581020277453,0.5226858379023533,0.5183386952874915,0.5224052446426071,0.0,0.0,0.0,1.0,-0.04999995231628418,0.0,0.0,0.0,0.0,0.0,-0.26188239455223083,-0.03188242018222809,0.0,0.0,0.0,0.0
83.016,1.0,1.0499999523162842,-0.04999995231628418,gncbus_cmd,states_vx_gs,-0.22999998927116394,states_theta,0.07199059426784515,0.38992677840273643,0.22512982012408372,0.5198847353890501,0.519920007018247,0.5176994759868419,0.5221052664204553,0.5176587378403918,0.5221460045669053,0.0,0.0,0.0,1.0,-0.04999995231628418,0.0,0.0,0.0,0.0,0.0,-0.25808241963386536,-0.02808242291212082,0.0,0.0,0.0,0.0
83.066,1.0,1.0499999523162842,-0.04999995231628418,gncbus_cmd,states_vx_gs,-0.2199999988079071,states_theta,0.01360531896352768,0.38992677840273643,0.22512982012408372,0.5198847353890501,0.519920007018247,0.5176994759868419,0.5221052664204553,0.5176587378403918,0.5221460045669053,0.0,0.0,0.0,1.0,-0.04999995231628418,0.0,0.0,0.0,0.0,0.0,-0.25618240237236023,-0.03618241474032402,0.0,0.0,0.0,0.0
83.243,1.0,1.0499999523162842,-0.04999995231628418,gncbus_cmd,states_vx_gs,-0.22999998927116394,states_theta,-0.1465774029493332,0.39031296476686694,0.22535180554732437,0.5203905032421365,0.5204440694695087,0.5183775560289627,0.5224570166826825,0.5184248297951486,0.5224097429164967,0.0,0.0,0.0,1.0,-0.04999995231628418,0.0,0.0,0.0,0.0,0.0,-0.2542824149131775,-0.0242824275046587,0.0,0.0,0.0,0.0
83.471,1.0,1.0499999523162842,-0.04999995231628418,gncbus_cmd,states_vx_gs,-0.23999999463558197,states_theta,0.10552268475294113,0.38996141676750656,0.22514969058952483,0.519944283820993,0.5199528275590245,0.5176994772454764,0.5221976341345411,0.5178040522411971,0.5220930591388204,0.0,0.0,0.0,1.0,-0.04999995231628418,0.0,0.0,0.0,0.0,0.0,-0.2504824101924896,-0.010482425801455975,0.0,0.0,0.0,0.0
83.521,1.0,1.0399999618530273,-0.039999961853027344,gncbus_cmd,states_vx_gs,-0.23999999463558197,states_theta,0.004492657259106636,0.38996141676750656,0.22514969058952483,0.519944283820993,0.5199528275590245,0.5176994772454764,0.5221976341345411,0.5178040522411971,0.5220930591388204,0.0,0.0,0.0,1.0,-0.039999961853027344,0.0,0.0,0.0,0.0,0.0,-0.2693864107131958,-0.029386406764388084,0.0,0.0,0.0,0.0
83.696,1.0,1.0399999618530273,-0.039999961853027344,gncbus_cmd,states_vx_gs,-0.25,states_theta,-0.1668165624141693,0.3903611047161088,0.2253791274371678,0.5204611278643888,0.5205018180452347,0.5186379263319522,0.5223250195776713,0.5185110688400921,0.5224518770695313,0.0,0.0,0.0,1.0,-0.039999961853027344,0.0,0.0,0.0,0.0,0.0,-0.2678664028644562,-0.017866402864456177,0.0,0.0,0.0,0.0
83.906,1.0,1.0499999523162842,-0.04999995231628418,gncbus_cmd,states_vx_gs,-0.25999999046325684,states_theta,0.12684163451194763,0.39002406112105376,0.225186864801809,0.5202154270639181,0.5198487359255586,0.5174919080991383,0.5225722548903384,0.5177991724543334,0.5222649905351433,0.0,0.0,0.0,1.0,-0.04999995231628418,0.0,0.0,0.0,0.0,0.0,-0.2439844310283661,0.016015565022826195,0.0,0.0,0.0,0.0
84.123,1.0,1.0499999523162842,-0.04999995231628418,gncbus_cmd,states_vx_gs,-0.2199999988079071,states_theta,0.09696301817893982,0.3900208210980808,0.2251836008263219,0.519911636798724,0.5201438861294914,0.5178778279635384,0.5221776949646769,0.5179478322801622,0.5221076906480532,0.0,0.0,0.0,1.0,-0.04999995231628418,0.0,0.0,0.0,0.0,0.0,-0.24018442630767822,-0.020184431225061417,0.0,0.0,0.0,0.0
84.333,1.0,1.0399999618530273,-0.039999961853027344,gncbus_cmd,states_vx_gs,-0.25,states_theta,-0.24572579562664032,0.3900450110928956,0.22519750360760057,0.5202865433905489,0.519833486190506,0.5177563254251286,0.5223637041559263,0.5181918642239148,0.52192816535714,0.0,0.0,0.0,1.0,-0.039999961853027344,0.0,0.0,0.0,0.0,0.0,-0.2576064169406891,-0.007606412749737501,0.0,0.0,0.0,0.0
84.588,1.0,1.0399999618530273,-0.039999961853027344,gncbus_cmd,states_vx_gs,-0.2199999988079071,states_theta,0.1626366525888443,0.3900693630760069,0.22521310984022755,0.5198509107479242,0.5203340574547609,0.5181079820323261,0.522076986170359,0.517328654249558,0.5228563139531271,0.0,0.0,0.0,1.0,-0.039999961853027344,0.0,0.0,0.0,0.0,0.0,-0.25456640124320984,-0.014566421508789062,0.0,0.0,0.0,0.0
84.795,1.0,1.0399999618530273,-0.039999961853027344,gncbus_cmd,states_vx_gs,-0.20999999344348907,states_theta,0.06998301297426224,0.39006720297500996,0.22521142502285907,0.520331145130641,0.5198480628027188,0.5177138733836438,0.522465334549716,0.5178215012999127,0.5223577066334472,0.0,0.0,0.0,1.0,-0.039999961853027344,0.0,0.0,0.0,0.0,0.0,-0.251526415348053,-0.0415264256298542,0.0,0.0,0.0,0.0
85.005,1.0,1.0399999618530273,-0.039999961853027344,gncbus_cmd,states_vx_gs,-0.20999999344348907,states_theta,-0.10086268931627274,0.39006504287401295,0.22520827459361245,0.5199539287913995,0.5202195188726351,0.5182508514750295,0.521922596189005,0.5180793648324649,0.5220940828315697,0.0,0.0,0.0,1.0,-0.039999961853027344,0.0,0.0,0.0,0.0,0.0,-0.24848641455173492,-0.03848642855882645,0.0,0.0,0.0,0.0
85.212,1.0,1.0399999618530273,-0.039999961853027344,gncbus_cmd,states_vx_gs,-0.23999999463558197,states_theta,0.008631173521280289,0.3900628827730159,0.22520956048151597,0.5201510430087786,0.5200166443859304,0.517552069836522,0.522615617558187,0.5177244416078676,0.5224432457868414,0.0,0.0,0.0,1.0,-0.039999961853027344,0.0,0.0,0.0,0.0,0.0,-0.24544642865657806,-0.005446430295705795,0.0,0.0,0.0,0.0
85.431,1.0,1.0399999618530273,-0.039999961853027344,gncbus_cmd,states_vx_gs,-0.19999998807907104,states_theta,0.1784958392381668,0.39006072267201897,0.22520738226566844,0.5200971418190852,0.5200647853062987,0.5178735311464157,0.5222883959789683,0.5177506002889406,0.5224113268364433,0.0,0.0,0.0,1.0,-0.039999961853027344,0.0,0.0,0.0,0.0,0.0,-0.24240642786026,-0.042406439781188965,0.0,0.0,0.0,0.0
85.668,1.0,1.0399999618530273,-0.039999961853027344,gncbus_cmd,states_vx_gs,-0.22999998927116394,states_theta,-0.27839186787605286,0.390058562571022,0.22520425569540953,0.5199936414797167,0.5201625253763419,0.5183435662938878,0.5218126005621708,0.5181027843283457,0.5220533825277129,0.0,0.0,0.0,1.0,-0.039999961853027344,0.0,0.0,0.0,0.0,0.0,-0.23936642706394196,-0.02936643734574318,0.0,0.0,0.0,0.0
85.893,1.0,1.0399999618530273,-0.039999961853027344,gncbus_cmd,states_vx_gs,-0.23999999463558197,states_theta,0.04316236078739166,0.39002932342687924,0.22518968443491205,0.5202145651578759,0.5198636306471355,0.5173796080349298,0.5226985877700816,0.5180454284141649,0.5220327673908465,0.0,0.0,0.0,1.0,-0.039999961853027344,0.0,0.0,0.0,0.0,0.0,-0.2363264262676239,0.0036735611502081156,0.0,0.0,0.0,0.0
86.12,1.0,1.0399999618530273,-0.039999961853027344,gncbus_cmd,states_vx_gs,-0.2199999988079071,states_theta,0.04427342116832733,0.39002662336489424,0.22518825150549798,0.519784924089663,0.520286071550055,0.5179324392939384,0.5221385563457797,0.5174240657425357,0.5226469298971823,0.0,0.0,0.0,1.0,-0.039999961853027344,0.0,0.0,0.0,0.0,0.0,-0.23328644037246704,-0.013286437839269638,0.0,0.0,0.0,0.0
86.337,1.0,1.0399999618530273,-0.039999961853027344,gncbus_cmd,states_vx_gs,-0.19999998807907104,states_theta,-0.040457338094711304,0.3899966822714672,0.22516955373872122,0.5202210211494719,0.5197701315744406,0.5177751168713266,0.5222160358525859,0.5180511276289254,0.5219400250949872,0.0,0.0,0.0,1.0,-0.039999961853027344,0.0,0.0,0.0,0.0,0.0,-0.230246439576149,-0.030246451497077942,0.0,0.0,0.0,0.0
86.598,1.0,1.0399999618530273,-0.039999961853027344,gncbus_cmd,states_vx_gs,-0.22999998927116394,states_theta,0.09593059867620468,0.38997990979134234,0.22516063774599124,0.5197273359011636,0.5202190902090826,0.5181396178081177,0.5218068083021286,0.5173805479263478,0.5225658781838984,0.0,0.0,0.0,1.0,-0.039999961853027344,0.0,0.0,0.0,0.0,0.0,-0.2256864458322525,0.004313545301556587,0.0,0.0,0.0,0.0
86.762,1.0,1.0299999713897705,-0.029999971389770508,gncbus_cmd,states_vx_gs,-0.19999998807907104,states_theta,0.28753870725631714,0.38994915861918833,0.22514412653339638,0.5201617241286791,0.5197026988558231,0.5171723260804405,0.5226920969040617,0.5177613139842664,0.5221031090002358,0.0,0.0,0.0,1.0,-0.029999971389770508,0.0,0.0,0.0,0.0,0.0,-0.24481841921806335,-0.044818438589572906,0.0,0.0,0.0,0.0
86.989,1.0,1.0299999713897705,-0.029999971389770508,gncbus_cmd,states_vx_gs,-0.17999999225139618,states_theta,-0.054382313042879105,0.3899180294917351,0.22512390025300308,0.5196764738163944,0.5201049381615659,0.5177919399504854,0.5219894720274748,0.5179230891822654,0.5218583227956949,0.0,0.0,0.0,1.0,-0.029999971389770508,0.0,0.0,0.0,0.0,0.0,-0.2425384223461151,-0.06253843754529953,0.0,0.0,0.0,0.0
87.265,1.0,1.0299999713897705,-0.029999971389770508,gncbus_cmd,states_vx_gs,-0.2199999988079071,states_theta,-0.017713330686092377,0.38991343943785683,0.22512186428107914,0.5200373805687912,0.5197317912654937,0.5176302505903896,0.5221389212438954,0.5178054683388413,0.5219637034954436,0.0,0.0,0.0,1.0,-0.029999971389770508,0.0,0.0,0.0,0.0,0.0,-0.23911842703819275,-0.019118431955575943,0.0,0.0,0.0,0.0
87.499,1.0,1.0299999713897705,-0.029999971389770508,gncbus_cmd,states_vx_gs,-0.23999999463558197,states_theta,-0.12542037665843964,0.38988179734763106,0.2251028356788435,0.5196917618677241,0.519993031059292,0.5180562542005427,0.5216285387264734,0.517641111164326,0.5220436817626901,0.0,0.0,0.0,1.0,-0.029999971389770508,0.0,0.0,0.0,0.0,0.0,-0.2368384301662445,0.003161561908200383,0.0,0.0,0.0,0.0
87.669,1.0,1.0299999713897705,-0.029999971389770508,gncbus_cmd,states_vx_gs,-0.23999999463558197,states_theta,0.013646125793457031,0.3898766673329394,0.22510114525474037,0.5197822002288006,0.5198889126590378,0.5173441871368137,0.5223269257510247,0.5178012741249044,0.521869838762934,0.0,0.0,0.0,1.0,-0.029999971389770508,0.0,0.0,0.0,0.0,0.0,-0.23569843173027039,0.004301560577005148,0.0,0.0,0.0,0.0
87.878,1.0,1.0299999713897705,-0.029999971389770508,gncbus_cmd,states_vx_gs,-0.2199999988079071,states_theta,0.08156079053878784,0.3898712808175134,0.225097184571081,0.5197215036213402,0.5199352452253622,0.5178142829846835,0.5218424658620189,0.5176494113902284,0.522007337456474,0.0,0.0,0.0,1.0,-0.029999971389770508,0.0,0.0,0.0,0.0,0.0,-0.2333044409751892,-0.013304437510669231,0.0,0.0,0.0,0.0
88.111,1.0,1.0299999713897705,-0.029999971389770508,gncbus_cmd,states_vx_gs,-0.22999998927116394,states_theta,-0.12145820260047913,0.3898936078097794,0.22511044952197642,0.5197586562524766,0.5199576312402684,0.5176455833784367,0.5220707041143083,0.5177167889803659,0.5219994985123791,0.0,0.0,0.0,1.0,-0.029999971389770508,0.0,0.0,0.0,0.0,0.0,-0.23102444410324097,-0.0010244491277262568,0.0,0.0,0.0,0.0
88.321,1.0,1.0299999713897705,-0.029999971389770508,gncbus_cmd,states_vx_gs,-0.22999998927116394,states_theta,0.06928738206624985,0.3899160697922488,0.22512254236827633,0.5197399027770695,0.520036283335594,0.5179744842215249,0.5218017018911386,0.5178312765885414,0.5219449095241221,0.0,0.0,0.0,1.0,-0.029999971389770508,0.0,0.0,0.0,0.0,0.0,-0.22874444723129272,0.00125554867554456,0.0,0.0,0.0,0.0
88.538,1.0,1.0299999713897705,-0.029999971389770508,gncbus_cmd,states_vx_gs,-0.23999999463558197,states_theta,-0.06378354132175446,0.3903174197465637,0.22535520471755804,0.5206262668902547,0.5202201857672485,0.5180497281655119,0.5227967244919913,0.5184363752147472,0.522410077442756,0.0,0.0,0.0,1.0,-0.029999971389770508,0.0,0.0,0.0,0.0,0.0,-0.2264644354581833,0.013535551726818085,0.0,0.0,0.0,0.0
88.743,1.0,1.0299999713897705,-0.029999971389770508,gncbus_cmd,states_vx_gs,-0.2199999988079071,states_theta,0.21898765861988068,0.389953688629205,0.22514534660382457,0.5199893755915167,0.5198871274196967,0.5176544603720681,0.5222220426391453,0.5177816245604052,0.5220948784508082,0.0,0.0,0.0,1.0,-0.029999971389770508,0.0,0.0,0.0,0.0,0.0,-0.22418443858623505,-0.004184446297585964,0.0,0.0,0.0,0.0
89.005,1.0,1.0299999713897705,-0.029999971389770508,gncbus_cmd,states_vx_gs,-0.23999999463558197,states_theta,-0.11302629113197327,0.38997763564157534,0.22515801753610515,0.5199638546832652,0.5199765070276023,0.5177957806050859,0.5221445811057817,0.5182204229971714,0.5217199387136962,0.0,0.0,0.0,1.0,-0.029999971389770508,0.0,0.0,0.0,0.0,0.0,-0.22076444327831268,0.01923554576933384,0.0,0.0,0.0,0.0
89.241,1.0,1.0299999713897705,-0.029999971389770508,gncbus_cmd,states_vx_gs,-0.1899999976158142,states_theta,0.2795529365539551,0.39000204162078533,0.22517478200329857,0.5199535322036902,0.5200519121184041,0.5177023517745221,0.5223030925475722,0.5172985797478975,0.5227068645741968,0.0,0.0,0.0,1.0,-0.029999971389770508,0.0,0.0,0.0,0.0,0.0,-0.21848444640636444,-0.02848445251584053,0.0,0.0,0.0,0.0
89.307,1.0,1.0299999713897705,-0.029999971389770508,gncbus_cmd,states_vx_gs,-0.1899999976158142,states_theta,0.2795529365539551,0.3900009615702869,0.22517315866982626,0.519737014618237,0.5202655495691948,0.5180631323133792,0.5219394318740526,0.5173594559854725,0.5226431082019593,0.0,0.0,0.0,1.0,-0.029999971389770508,0.0,0.0,0.0,0.0,0.0,-0.21848444640636444,-0.02848445251584053,0.0,0.0,0.0,0.0
89.518,1.0,1.0299999713897705,-0.029999971389770508,gncbus_cmd,states_vx_gs,-0.1899999976158142,states_theta,-0.05681384354829788,0.39002609648800357,0.22518756503301376,0.5202877189902636,0.5197818716444126,0.5174198751746185,0.5226497154600577,0.5181074269833646,0.5219621636513115,0.0,0.0,0.0,1.0,-0.029999971389770508,0.0,0.0,0.0,0.0,0.0,-0.2162044495344162,-0.026204455643892288,0.0,0.0,0.0,0.0
89.729,1.0,1.0199999809265137,-0.019999980926513672,gncbus_cmd,states_vx_gs,-0.1899999976158142,states_theta,-0.059752508997917175,0.3900382249054476,0.22519399755573022,0.5198241686605309,0.5202777644206626,0.5181868422861854,0.5219150907950082,0.5175884689974634,0.5225134640837302,0.0,0.0,0.0,1.0,-0.019999980926513672,0.0,0.0,0.0,0.0,0.0,-0.2351464331150055,-0.045146435499191284,0.0,0.0,0.0,0.0
89.957,1.0,1.0199999809265137,-0.019999980926513672,gncbus_cmd,states_vx_gs,-0.20999999344348907,states_theta,-0.11041203886270523,0.3900641698975824,0.22520885126813037,0.520349472930077,0.5198216467968093,0.5175764211812474,0.522594698545639,0.5183537552679823,0.521817364458904,0.0,0.0,0.0,1.0,-0.019999980926513672,0.0,0.0,0.0,0.0,0.0,-0.23362644016742706,-0.02362644299864769,0.0,0.0,0.0,0.0
90.01,1.0,1.0199999809265137,-0.019999980926513672,gncbus_cmd,states_vx_gs,-0.2199999988079071,states_theta,-0.052637502551078796,0.3900641698975824,0.22520885126813037,0.520349472930077,0.5198216467968093,0.5175764211812474,0.522594698545639,0.5183537552679823,0.521817364458904,0.0,0.0,0.0,1.0,-0.019999980926513672,0.0,0.0,0.0,0.0,0.0,-0.23286643624305725,-0.012866437435150146,0.0,0.0,0.0,0.0
90.175,1.0,1.0199999809265137,-0.019999980926513672,gncbus_cmd,states_vx_gs,-0.2199999988079071,states_theta,0.028681889176368713,0.3900633598274905,0.22520882384002008,0.519828373706288,0.5203405858336868,0.518306654776497,0.5218623047634778,0.5174517024562677,0.5227172570837071,0.0,0.0,0.0,1.0,-0.019999980926513672,0.0,0.0,0.0,0.0,0.0,-0.23210643231868744,-0.012106438167393208,0.0,0.0,0.0,0.0
90.476,1.0,1.0199999809265137,-0.019999980926513672,gncbus_cmd,states_vx_gs,-0.20999999344348907,states_theta,0.007391031365841627,0.390089871778571,0.22522401079902776,0.52031609032491,0.5199235677512795,0.5176095215911126,0.5226301364850768,0.5182217824979486,0.5220178755782409,0.0,0.0,0.0,1.0,-0.019999980926513672,0.0,0.0,0.0,0.0,0.0,-0.2298264354467392,-0.01982644572854042,0.0,0.0,0.0,0.0
90.652,1.0,1.0199999809265137,-0.019999980926513672,gncbus_cmd,states_vx_gs,-0.2199999988079071,states_theta,-0.08712928742170334,0.39008960166937995,0.2252232773825837,0.5199410484289839,0.5202978893560293,0.5182740884185268,0.5219648493664863,0.5177817357841306,0.5224572020008826,0.0,0.0,0.0,1.0,-0.019999980926513672,0.0,0.0,0.0,0.0,0.0,-0.22906644642353058,-0.009066441096365452,0.0,0.0,0.0,0.0
90.877,1.0,1.0199999809265137,-0.019999980926513672,gncbus_cmd,states_vx_gs,-0.22999998927116394,states_theta,-0.04137200117111206,0.39008933156018893,0.22522324388957005,0.5203358920528014,0.5199023254410358,0.5176873701713793,0.5225508473224578,0.5183407549309436,0.5218974625628936,0.0,0.0,0.0,1.0,-0.019999980926513672,0.0,0.0,0.0,0.0,0.0,-0.22754643857479095,0.0024535476695746183,0.0,0.0,0.0,0.0
91.078,1.0,1.0199999809265137,-0.019999980926513672,gncbus_cmd,states_vx_gs,-0.22999998927116394,states_theta,0.06229916960000992,0.39008906145099775,0.22522326386000324,0.5199181582962381,0.5203193389064226,0.5184191647994392,0.5218183324032215,0.5175670768983001,0.5226704203043606,0.0,0.0,0.0,1.0,-0.019999980926513672,0.0,0.0,0.0,0.0,0.0,-0.22602644562721252,0.00397354643791914,0.0,0.0,0.0,0.0
91.286,1.0,1.0199999809265137,-0.019999980926513672,gncbus_cmd,states_vx_gs,-0.2199999988079071,states_theta,0.06564298272132874,0.39006157731281454,0.22520733384451855,0.5202708167572851,0.5198933894102202,0.5176805994521924,0.522483606715313,0.5182047177028665,0.5219594884646389,0.0,0.0,0.0,1.0,-0.019999980926513672,0.0,0.0,0.0,0.0,0.0,-0.2245064377784729,-0.004506445489823818,0.0,0.0,0.0,0.0
91.501,1.0,1.0199999809265137,-0.019999980926513672,gncbus_cmd,states_vx_gs,-0.2199999988079071,states_theta,-0.019808124750852585,0.3900607672427226,0.22520636123530666,0.5199481618322868,0.5202138841483068,0.5182287604601024,0.5219332855204912,0.5178518574857991,0.5223101884947945,0.0,0.0,0.0,1.0,-0.019999980926513672,0.0,0.0,0.0,0.0,0.0,-0.22298644483089447,-0.002986447187140584,0.0,0.0,0.0,0.0
91.728,1.0,1.0199999809265137,-0.019999980926513672,gncbus_cmd,states_vx_gs,-0.22999998927116394,states_theta,0.005009109620004892,0.3900326351514585,0.2251906485685331,0.5201230549585498,0.5199639721120062,0.5177427326746536,0.5223442943959024,0.5180258629530389,0.5220611641175171,0.0,0.0,0.0,1.0,-0.019999980926513672,0.0,0.0,0.0,0.0,0.0,-0.22146645188331604,0.008533542044460773,0.0,0.0,0.0,0.0
91.954,1.0,1.0199999809265137,-0.019999980926513672,gncbus_cmd,states_vx_gs,-0.2199999988079071,states_theta,0.09185696393251419,0.390017698628353,0.22518182912990617,0.5199676173785416,0.520079578963733,0.5181111704986177,0.521936025843657,0.5177090406395719,0.5223381557027027,0.0,0.0,0.0,1.0,-0.019999980926513672,0.0,0.0,0.0,0.0,0.0,-0.21994644403457642,5.354989116312936e-05,0.0,0.0,0.0,0.0
92.171,1.0,1.0199999809265137,-0.019999980926513672,gncbus_cmd,states_vx_gs,-0.2199999988079071,states_theta,0.07455415278673172,0.38998867547729293,0.2251655699163728,0.520034288543593,0.5199355127291881,0.5176328881611962,0.5223369131115849,0.5178924298879088,0.5220773713848723,0.0,0.0,0.0,1.0,-0.019999980926513672,0.0,0.0,0.0,0.0,0.0,-0.21842645108699799,0.0015735484194010496,0.0,0.0,0.0,0.0
92.448,1.0,1.0199999809265137,-0.019999980926513672,gncbus_cmd,states_vx_gs,-0.20999999344348907,states_theta,-0.10250247269868851,0.3899591663526564,0.22514771506852638,0.5199236893067136,0.5199674209670366,0.5179682645451745,0.5219228457285757,0.5178174066059061,0.5220737036678441,0.0,0.0,0.0,1.0,-0.019999980926513672,0.0,0.0,0.0,0.0,0.0,-0.21614645421504974,-0.006146459374576807,0.0,0.0,0.0,0.0
92.627,1.0,1.0199999809265137,-0.019999980926513672,gncbus_cmd,states_vx_gs,-0.2199999988079071,states_theta,-0.03980587422847748,0.3899291442650811,0.2251308445921317,0.5198482482886663,0.5199628030848832,0.5178303088959919,0.5219807424775575,0.5176779234094488,0.5221331279641006,0.0,0.0,0.0,1.0,-0.019999980926513672,0.0,0.0,0.0,0.0,0.0,-0.21538645029067993,0.004613545257598162,0.0,0.0,0.0,0.0
92.896,1.0,1.0099999904632568,-0.009999990463256836,gncbus_cmd,states_vx_gs,-0.2199999988079071,states_theta,0.00851996149867773,0.389912277246831,0.22512131316073788,0.5199780463501111,0.5197880263081047,0.5175394140399184,0.5222266586182974,0.5178477556501396,0.5219183170080762,0.0,0.0,0.0,1.0,-0.009999990463256836,0.0,0.0,0.0,0.0,0.0,-0.2338724285364151,-0.013872436247766018,0.0,0.0,0.0,0.0
93.055,1.0,1.0099999904632568,-0.009999990463256836,gncbus_cmd,states_vx_gs,-0.2199999988079071,states_theta,-0.05286777764558792,0.38988133708827,0.22510338598505258,0.5197622120995886,0.5199213534691314,0.5177811456760263,0.5219024198926937,0.5175449099886117,0.5221386555801083,0.0,0.0,0.0,1.0,-0.009999990463256836,0.0,0.0,0.0,0.0,0.0,-0.2334924340248108,-0.013492437079548836,0.0,0.0,0.0,0.0
93.272,1.0,1.0099999904632568,-0.009999990463256836,gncbus_cmd,states_vx_gs,-0.22999998927116394,states_theta,-0.04460233449935913,0.38985009996865416,0.22508487765480464,0.5197359884511937,0.519864278131884,0.5177144124798384,0.5218858541032393,0.5177215948092376,0.5218786717738401,0.0,0.0,0.0,1.0,-0.009999990463256836,0.0,0.0,0.0,0.0,0.0,-0.23273243010044098,-0.0027324471157044172,0.0,0.0,0.0,0.0
93.48,1.0,1.0099999904632568,-0.009999990463256836,gncbus_cmd,states_vx_gs,-0.23999999463558197,states_theta,-0.010621858760714531,0.3898455099147759,0.22508221817226146,0.5198061365394138,0.5197818898999886,0.5176552784010751,0.5219327480383273,0.5177733001028657,0.5218147263365367,0.0,0.0,0.0,1.0,-0.009999990463256836,0.0,0.0,0.0,0.0,0.0,-0.23197244107723236,0.008027557283639908,0.0,0.0,0.0,0.0
93.676,1.0,1.0099999904632568,-0.009999990463256836,gncbus_cmd,states_vx_gs,-0.23999999463558197,states_theta,-0.04631497338414192,0.38984091986089764,0.22508006037098374,0.5197688656791852,0.5198069206165419,0.5176799268102685,0.5218958594854586,0.5175295696598257,0.5220462166359014,0.0,0.0,0.0,1.0,-0.009999990463256836,0.0,0.0,0.0,0.0,0.0,-0.23121243715286255,0.008787556551396847,0.0,0.0,0.0,0.0
93.878,1.0,1.0099999904632568,-0.009999990463256836,gncbus_cmd,states_vx_gs,-0.22999998927116394,states_theta,0.07475614547729492,0.38983632980701943,0.22507724240565716,0.5197653387289063,0.5197982074231455,0.5174553980607481,0.5221081480913037,0.5178249418627119,0.5217386042893399,0.0,0.0,0.0,1.0,-0.009999990463256836,0.0,0.0,0.0,0.0,0.0,-0.23045243322849274,-0.00045244928332976997,0.0,0.0,0.0,0.0
94.054,1.0,1.0099999904632568,-0.009999990463256836,gncbus_cmd,states_vx_gs,-0.22999998927116394,states_theta,-0.06441669166088104,0.38986119480859066,0.2250912488789614,0.5197836085790306,0.5198462442438778,0.5176902154386254,0.5219396373842831,0.5177906685404539,0.5218391842824546,0.0,0.0,0.0,1.0,-0.009999990463256836,0.0,0.0,0.0,0.0,0.0,-0.22969244420528412,0.00030754998442716897,0.0,0.0,0.0,0.0
94.228,1.0,1.0099999904632568,-0.009999990463256836,gncbus_cmd,states_vx_gs,-0.23999999463558197,states_theta,0.04962777718901634,0.39026104476291673,0.22532251329838196,0.5203079994896113,0.5203881198781667,0.5182451683196354,0.5224509510481425,0.5181257125242491,0.5225704068435288,0.0,0.0,0.0,1.0,-0.009999990463256836,0.0,0.0,0.0,0.0,0.0,-0.2289324402809143,0.011067554354667664,0.0,0.0,0.0,0.0
94.279,1.0,1.0099999904632568,-0.009999990463256836,gncbus_cmd,states_vx_gs,-0.22999998927116394,states_theta,0.16035281121730804,0.38990007216248257,0.225114818578639,0.5198036132146377,0.5199299125519825,0.5176502929754413,0.522083232791179,0.5174748839226978,0.5222586418439225,0.0,0.0,0.0,1.0,-0.009999990463256836,0.0,0.0,0.0,0.0,0.0,-0.22855244576931,0.001447548856958747,0.0,0.0,0.0,0.0
94.358,1.0,1.0099999904632568,-0.009999990463256836,gncbus_cmd,states_vx_gs,-0.20999999344348907,states_theta,0.08325718343257904,0.38989845215099606,0.22511375343084364,0.5198022960720434,0.5199269096639461,0.5176739687016412,0.5220552370343483,0.517497919877054,0.5222312858589355,0.0,0.0,0.0,1.0,-0.009999990463256836,0.0,0.0,0.0,0.0,0.0,-0.22855244576931,0.001447548856958747,0.0,0.0,0.0,0.0
94.412,1.0,1.0099999904632568,-0.009999990463256836,gncbus_cmd,states_vx_gs,-0.2199999988079071,states_theta,-0.173516184091568,0.3898968321395096,0.2251114198141232,0.5198011738283227,0.5199237118770362,0.5179645197729456,0.5217603659324134,0.5177936653283538,0.5219312203770051,0.0,0.0,0.0,1.0,-0.009999990463256836,0.0,0.0,0.0,0.0,0.0,-0.22779244184494019,-0.0077924421057105064,0.0,0.0,0.0,0.0
94.473,1.0,1.0099999904632568,-0.009999990463256836,gncbus_cmd,states_vx_gs,-0.25999999046325684,states_theta,-0.07704311609268188,0.39032724412050124,0.22536101509732878,0.5203864630227816,0.5204861879652217,0.5182639842993527,0.5226086666886506,0.5181669026625332,0.5227057483254701,0.0,0.0,0.0,1.0,-0.009999990463256836,0.0,0.0,0.0,0.0,0.0,-0.22703243792057037,0.032967548817396164,0.0,0.0,0.0,0.0
94.525,0.8800000101327896,1.0199999809265137,-0.13999997079372406,datactrl_ref_vx_fallback,states_vx_gs,-0.20999999344348907,states_theta,0.312008798122406,0.38997920005050446,0.22515735660388989,0.519958607165818,0.519985926302194,0.5183623023578082,0.5215822311102037,0.5184294996896023,0.5215150337784097,0.0,0.0,0.0,0.949999988079071,-0.06999997794628143,0.0,0.0,0.0,0.0,0.0,-0.10236046463251114,0.13763952255249023,0.0,0.0,0.0,0.0
94.579,0.28999999165534973,1.0099999904632568,-0.7199999988079071,datactrl_ref_vx_fallback,states_vx_gs,-0.04999999701976776,states_theta,1.2445554733276367,0.39001778648730934,0.22518187008775334,0.5197933172571418,0.5202541133756831,0.5179629900997775,0.5220844405330474,0.5178556690592431,0.5221917615735818,0.0,0.0,0.0,0.6499999761581421,-0.35999998450279236,0.0,0.0,0.0,0.0,0.0,0.517067551612854,0.567067563533783,0.0,0.0,0.0,0.0
94.638,-0.28999993205070496,0.9899999499320984,-1.2799998819828033,datactrl_ref_vx_fallback,states_vx_gs,0.4599999785423279,states_theta,1.6367616653442383,0.3900438934033439,0.22519536325613884,0.5200068724504207,0.5201101766251631,0.5185364305091602,0.5215806185664236,0.5181001114637915,0.5220169376117922,0.0,0.0,0.0,0.3499999940395355,-0.6399999260902405,0.0,0.0,0.0,0.0,0.0,1.1489794254302979,0.68897944688797,0.0,0.0,0.0,0.0
94.689,-0.6599999964237213,0.9399999976158142,-1.5999999940395355,datactrl_ref_vx_fallback,states_vx_gs,1.0,states_theta,1.8606926202774048,0.39005722329172543,0.22520351973869604,0.520219348320368,0.5199332471242332,0.517980194547038,0.5221724008975631,0.5184730169007347,0.5216795785438665,0.0,0.0,0.0,0.15000000596046448,-0.8100000023841858,0.0,0.0,0.0,0.0,0.0,1.5529974699020386,0.7429974675178528,0.0,0.0,0.0,0.0
94.741,-0.8899999856948853,0.8899999856948853,-1.7799999713897705,datactrl_ref_vx_fallback,states_vx_gs,1.3600000143051147,states_theta,1.6420912742614746,0.3900845993089877,0.2252218896322152,0.5199594229715919,0.5202661751857086,0.5179773756998876,0.522248222457413,0.5174629129084927,0.5227626852488079,0.0,0.0,0.0,0.0,-0.8899999856948853,0.0,0.0,0.0,0.0,0.0,1.8187994956970215,0.45879948139190674,0.0,0.0,0.0,0.0
94.798,-0.8100000023841858,0.8100000023841858,-1.6200000047683716,datactrl_ref_vx_fallback,states_vx_gs,1.5699999332427979,states_theta,0.2442074418067932,0.39011273127151114,0.22523498351676016,0.5203652007693191,0.5199354159547105,0.5181317422782717,0.5221688744457579,0.5188038520591919,0.5214967646648377,0.0,0.0,0.0,0.0,-0.8100000023841858,0.0,0.0,0.0,0.0,0.0,1.75200355052948,0.18200360238552094,0.0,0.0,0.0,0.0
94.85,-0.75,0.75,-1.5,datactrl_ref_vx_fallback,states_vx_gs,1.5499999523162842,states_theta,-0.3200377821922302,0.39011440515030327,0.22523360522629074,0.5200153496562333,0.5202897307445754,0.5192763224493478,0.5210287579514609,0.5191921723345879,0.5211129080662208,0.0,0.0,0.0,0.0,-0.75,0.0,0.0,0.0,0.0,0.0,1.6910954713821411,0.1410955786705017,0.0,0.0,0.0,0.0
94.905,-0.6899999976158142,0.6699999570846558,-1.35999995470047,datactrl_ref_vx_fallback,states_vx_gs,1.399999976158142,states_theta,-0.4444419741630554,0.3901428880829809,0.22524996959250448,0.5199954159187875,0.5203856189691617,0.5193404176120894,0.5210406172758598,0.5192940564047014,0.5210869784832478,0.0,0.0,0.0,0.0,-0.6899999976158142,0.0,0.0,0.0,0.0,0.0,1.6227774620056152,0.18277758359909058,0.0,0.0,0.0,0.0
94.962,-0.6200000047683716,0.6200000047683716,-1.2400000095367432,datactrl_ref_vx_fallback,states_vx_gs,1.309999942779541,states_theta,-0.41338562965393066,0.3901170779566787,0.2252349836307546,0.5203168195009221,0.5199953883835545,0.5191091036131275,0.5212031042713492,0.5196175743435225,0.5206946335409541,0.0,0.0,0.0,0.0,-0.6200000047683716,0.0,0.0,0.0,0.0,0.0,1.553871512413025,0.24387159943580627,0.0,0.0,0.0,0.0
95.015,-0.550000011920929,0.550000011920929,-1.100000023841858,datactrl_ref_vx_fallback,states_vx_gs,1.1999999284744263,states_theta,-0.41664984822273254,0.3901186978393808,0.2252356720518728,0.5200187011051517,0.5202978264665304,0.5196073818679341,0.520709145703748,0.5193555362602085,0.5209609913114737,0.0,0.0,0.0,0.0,-0.550000011920929,0.0,0.0,0.0,0.0,0.0,1.4768335819244385,0.2768336236476898,0.0,0.0,0.0,0.0
95.073,-0.5099999904632568,0.5099999904632568,-1.0199999809265137,datactrl_ref_vx_fallback,states_vx_gs,1.1200000047683716,states_theta,-0.4164954721927643,0.3900654306973329,0.22520473418833103,0.5202059744324821,0.5199685074270723,0.5193758351384428,0.5207986467211116,0.5197475733839694,0.520426908475585,0.0,0.0,0.0,0.0,-0.5099999904632568,0.0,0.0,0.0,0.0,0.0,1.4349615573883057,0.3149614930152893,0.0,0.0,0.0,0.0
95.13,-0.44999998807907104,0.44999998807907104,-0.8999999761581421,datactrl_ref_vx_fallback,states_vx_gs,1.0,states_theta,-0.42265886068344116,0.39005174966700307,0.2251966761142133,0.5198264700863653,0.5203115290256428,0.5196364276197245,0.5205015714922836,0.5197487369315865,0.5203892621804216,0.0,0.0,0.0,0.0,-0.44999998807907104,0.0,0.0,0.0,0.0,0.0,1.366681456565857,0.3666815161705017,0.0,0.0,0.0,0.0
95.181,-0.3999999761581421,0.3999999761581421,-0.7999999523162842,datactrl_ref_vx_fallback,states_vx_gs,0.8700000047683716,states_theta,-0.2601919174194336,0.3899940754608912,0.22516328683991835,0.5200482710792534,0.5199359301497898,0.519661956123383,0.5203222451056603,0.5197232408218161,0.5202609604072271,0.0,0.0,0.0,0.0,-0.3999999761581421,0.0,0.0,0.0,0.0,0.0,1.3128215074539185,0.4428214728832245,0.0,0.0,0.0,0.0
95.234,-0.3700000047683716,0.3700000047683716,-0.7400000095367432,datactrl_ref_vx_fallback,states_vx_gs,0.7999999523162842,states_theta,-0.42908647656440735,0.38997843691137035,0.22515434994902978,0.5202174959321162,0.5197250024982047,0.5195053551336741,0.5204371432966468,0.5202405099790914,0.5197019884512295,0.0,0.0,0.0,0.0,-0.3700000047683716,0.0,0.0,0.0,0.0,0.0,1.280733585357666,0.48073357343673706,0.0,0.0,0.0,0.0
95.292,-0.32999998331069946,0.32999998331069946,-0.6599999666213989,datactrl_ref_vx_fallback,states_vx_gs,0.7699999809265137,states_theta,-0.013022723607718945,0.38994938676226965,0.22513772091097894,0.519694843496631,0.5201701878694215,0.5198346184339113,0.5200304129321411,0.5191964534169422,0.5206685779491103,0.0,0.0,0.0,0.0,-0.32999998331069946,0.0,0.0,0.0,0.0,0.0,1.2389755249023438,0.4689755141735077,0.0,0.0,0.0,0.0
95.342,-0.28999999165534973,0.28999999165534973,-0.5799999833106995,datactrl_ref_vx_fallback,states_vx_gs,0.699999988079071,states_theta,-0.32126283645629883,0.3899185546046899,0.22511958359518755,0.5198816320315682,0.5199011802476048,0.51993049986484,0.519852312414333,0.5198710325626703,0.5199117797165027,0.0,0.0,0.0,0.0,-0.28999999165534973,0.0,0.0,0.0,0.0,0.0,1.192657470703125,0.49265751242637634,0.0,0.0,0.0,0.0
95.398,-0.26999998092651367,0.26999998092651367,-0.5399999618530273,datactrl_ref_vx_fallback,states_vx_gs,0.6599999666213989,states_theta,-0.03325613588094711,0.3898869125056281,0.22510139081907374,0.5198702539297201,0.5198281794186216,0.5194918571817643,0.5202065761665774,0.519951142091959,0.5197472912563826,0.0,0.0,0.0,0.0,-0.26999998092651367,0.0,0.0,0.0,0.0,0.0,1.17301344871521,0.5130135416984558,0.0,0.0,0.0,0.0
95.448,-0.23999999463558197,0.23999999463558197,-0.47999998927116394,datactrl_ref_vx_fallback,states_vx_gs,0.6100000143051147,states_theta,-0.2171761393547058,0.3898836724826551,0.22509945559973576,0.5198408081125652,0.5198489851745152,0.5199938499441753,0.519695943342905,0.5198489756237895,0.5198408176632908,0.0,0.0,0.0,0.0,-0.23999999463558197,0.0,0.0,0.0,0.0,0.0,1.1403934955596924,0.5303934812545776,0.0,0.0,0.0,0.0
95.501,-0.2199999988079071,0.2199999988079071,-0.4399999976158142,datactrl_ref_vx_fallback,states_vx_gs,0.5899999737739563,states_theta,-0.04722866415977478,0.3898804324596821,0.22509761366785513,0.5198102781263544,0.5198708750994646,0.5199313601466241,0.5197497930791949,0.5195861433763184,0.5200950098495006,0.0,0.0,0.0,0.0,-0.2199999988079071,0.0,0.0,0.0,0.0,0.0,1.1165695190429688,0.5265695452690125,0.0,0.0,0.0,0.0
95.602,-0.19999998807907104,0.19999998807907104,-0.3999999761581421,datactrl_ref_vx_fallback,states_vx_gs,0.5699999928474426,states_theta,-0.17090517282485962,0.39030843245239416,0.22534469212322428,0.5203843049788266,0.5204381815608912,0.5202823265139785,0.5205401600257392,0.5203267685321517,0.5204957180075661,0.0,0.0,0.0,0.0,-0.19999998807907104,0.0,0.0,0.0,0.0,0.0,1.0911874771118164,0.5211874842643738,0.0,0.0,0.0,0.0
95.703,-0.17999999225139618,0.17999999225139618,-0.35999998450279236,datactrl_ref_vx_fallback,states_vx_gs,0.5699999928474426,states_theta,0.05974195897579193,0.38993272741027474,0.22512782308610135,0.5198755269060334,0.5199450795213659,0.5197062951068202,0.5201143113205792,0.5196622297816059,0.5201583766457935,0.0,0.0,0.0,0.0,-0.17999999225139618,0.0,0.0,0.0,0.0,0.0,1.064247488975525,0.49424752593040466,0.0,0.0,0.0,0.0
95.803,-0.17000000178813934,0.17000000178813934,-0.3400000035762787,datactrl_ref_vx_fallback,states_vx_gs,0.550000011920929,states_theta,-0.22750209271907806,0.389958699396124,0.22514277309712044,0.5199094698438146,0.519980395212516,0.5200708466602184,0.5198190183961122,0.520024639406182,0.5198652256501486,0.0,0.0,0.0,0.0,-0.17000000178813934,0.0,0.0,0.0,0.0,0.0,1.0502835512161255,0.5002835392951965,0.0,0.0,0.0,0.0
95.904,-0.1599999964237213,0.1599999964237213,-0.3199999928474426,datactrl_ref_vx_fallback,states_vx_gs,0.5199999809265137,states_theta,-0.25215116143226624,0.3903482832824514,0.22536772847843023,0.5204598674944473,0.5204688879254232,0.520591904724569,0.5203368506953016,0.520708356983017,0.5202203984368535,0.0,0.0,0.0,0.0,-0.1599999964237213,0.0,0.0,0.0,0.0,0.0,1.0359395742416382,0.5159395337104797,0.0,0.0,0.0,0.0
96.003,-0.14999999105930328,0.14999999105930328,-0.29999998211860657,datactrl_ref_vx_fallback,states_vx_gs,0.5099999904632568,states_theta,-0.06734185665845871,0.38997335827533147,0.2251512248097566,0.51994606725823,0.5199828881426539,0.5199262054363467,0.5200027499645372,0.5199923506911341,0.5199366047097498,0.0,0.0,0.0,0.0,-0.14999999105930328,0.0,0.0,0.0,0.0,0.0,1.0212534666061401,0.5112535357475281,0.0,0.0,0.0,0.0
96.103,-0.14000000059604645,0.14000000059604645,-0.2800000011920929,datactrl_ref_vx_fallback,states_vx_gs,0.5099999904632568,states_theta,-0.05839831382036209,0.3903480582514505,0.22536759863557,0.5204254769436802,0.5205026783935212,0.5206101146304705,0.5203180407067309,0.5202335680747756,0.5206945872624258,0.0,0.0,0.0,0.0,-0.14000000059604645,0.0,0.0,0.0,0.0,0.0,1.0062255859375,0.4962255358695984,0.0,0.0,0.0,0.0
96.204,-0.12999999523162842,0.12999999523162842,-0.25999999046325684,datactrl_ref_vx_fallback,states_vx_gs,0.5,states_theta,-0.0620359405875206,0.39000190126940176,0.22516770980311956,0.5200922395688866,0.5199128304828514,0.5199342579218235,0.5200708121299146,0.5199916601975588,0.5200134098541792,0.0,0.0,0.0,0.0,-0.12999999523162842,0.0,0.0,0.0,0.0,0.0,0.9908555150032043,0.49085551500320435,0.0,0.0,0.0,0.0
96.304,-0.11999999731779099,0.11999999731779099,-0.23999999463558197,datactrl_ref_vx_fallback,states_vx_gs,0.4899999797344208,states_theta,-0.2242702841758728,0.39000149623435587,0.2251674908423775,0.5199226298153765,0.5200813601429057,0.5201525658076294,0.5198514241506529,0.5201052998191711,0.5198986901391112,0.0,0.0,0.0,0.0,-0.11999999731779099,0.0,0.0,0.0,0.0,0.0,0.975181519985199,0.4851815402507782,0.0,0.0,0.0,0.0
96.404,-0.10999999940395355,0.10999999940395355,-0.2199999988079071,datactrl_ref_vx_fallback,states_vx_gs,0.4699999988079071,states_theta,-0.055432435125112534,0.39002830522830206,0.2251830210965147,0.5198076952332921,0.5202677853755134,0.5202135461670561,0.5198619344417494,0.5198149702540051,0.5202605103548004,0.0,0.0,0.0,0.0,-0.10999999940395355,0.0,0.0,0.0,0.0,0.0,0.9592035412788391,0.489203542470932,0.0,0.0,0.0,0.0
96.505,-0.10999999940395355,0.10999999940395355,-0.2199999988079071,datactrl_ref_vx_fallback,states_vx_gs,0.4899999797344208,states_theta,0.1592382937669754,0.39002817017370656,0.22518297279710323,0.5200921924000819,0.5199829280631356,0.5196371937198446,0.5204379267433729,0.5198838260028881,0.5201912944603294,0.0,0.0,0.0,0.0,-0.10999999940395355,0.0,0.0,0.0,0.0,0.0,0.9633835554122925,0.4733835458755493,0.0,0.0,0.0,0.0
96.604,-0.09999999403953552,0.09999999403953552,-0.19999998807907104,datactrl_ref_vx_fallback,states_vx_gs,0.47999998927116394,states_theta,-0.10694967955350876,0.3900415810948453,0.22519076997609602,0.5203051356798684,0.5198057472397192,0.519715895306727,0.5203949876128605,0.5203829272741584,0.5197279556454292,0.0,0.0,0.0,0.0,-0.09999999403953552,0.0,0.0,0.0,0.0,0.0,0.9467595219612122,0.4667595326900482,0.0,0.0,0.0,0.0
96.705,-0.08999999612569809,0.08999999612569809,-0.17999999225139618,datactrl_ref_vx_fallback,states_vx_gs,0.4699999988079071,states_theta,-0.1849001944065094,0.3900415810948453,0.22519062617697344,0.5200194654038361,0.5200914175157514,0.5202109521443669,0.5198999307752207,0.5200367303873635,0.520074152532224,0.0,0.0,0.0,0.0,-0.08999999612569809,0.0,0.0,0.0,0.0,0.0,0.9297935366630554,0.4597935378551483,0.0,0.0,0.0,0.0
96.805,-0.07999999821186066,0.07999999821186066,-0.1599999964237213,datactrl_ref_vx_fallback,states_vx_gs,0.44999998807907104,states_theta,-0.08804447948932648,0.39006882212188254,0.22520651471620481,0.519914423000122,0.5202691026582313,0.5204569260454536,0.5197265996128998,0.519703218339116,0.5204803073192373,0.0,0.0,0.0,0.0,-0.07999999821186066,0.0,0.0,0.0,0.0,0.0,0.9125615358352661,0.46256154775619507,0.0,0.0,0.0,0.0
96.904,-0.07000000029802322,0.07000000029802322,-0.14000000059604645,datactrl_ref_vx_fallback,states_vx_gs,0.44999998807907104,states_theta,-0.06414864957332611,0.39006909210233287,0.22520652916604944,0.5202149349764437,0.5199693106297772,0.5198866964665755,0.5202975491396454,0.5201528013063249,0.520031444299896,0.0,0.0,0.0,0.0,-0.07000000029802322,0.0,0.0,0.0,0.0,0.0,0.8950255513191223,0.4450255334377289,0.0,0.0,0.0,0.0
97.005,-0.07000000029802322,0.07000000029802322,-0.14000000059604645,datactrl_ref_vx_fallback,states_vx_gs,0.4399999976158142,states_theta,-0.10629033297300339,0.3900693620827832,0.22520675615294117,0.5202193733914598,0.5199655921626286,0.5198181037440294,0.5203668618100591,0.5204050555635916,0.5197799099904968,0.0,0.0,0.0,0.0,-0.07000000029802322,0.0,0.0,0.0,0.0,0.0,0.8976855278015137,0.45768553018569946,0.0,0.0,0.0,0.0
97.105,-0.05999999865889549,0.05999999865889549,-0.11999999731779099,datactrl_ref_vx_fallback,states_vx_gs,0.429999977350235,states_theta,-0.10412560403347015,0.3900967920961356,0.22522257157410555,0.519945444031621,0.5203126682247406,0.5203774340448608,0.5198806782115009,0.5198938769907666,0.520364235265595,0.0,0.0,0.0,0.0,-0.05999999865889549,0.0,0.0,0.0,0.0,0.0,0.8795035481452942,0.4495035409927368,0.0,0.0,0.0,0.0
97.205,-0.04999999701976776,0.04999999701976776,-0.09999999403953552,datactrl_ref_vx_fallback,states_vx_gs,0.41999998688697815,states_theta,-0.0988769382238388,0.3900973320570363,0.22522286794787416,0.5200072899144361,0.5202522622376606,0.52035222835717,0.5199073237949268,0.5198878502715611,0.5203717018805356,0.0,0.0,0.0,0.0,-0.04999999701976776,0.0,0.0,0.0,0.0,0.0,0.8610935211181641,0.4410935342311859,0.0,0.0,0.0,0.0
97.305,-0.04999999701976776,0.04999999701976776,-0.09999999403953552,datactrl_ref_vx_fallback,states_vx_gs,0.4099999964237213,states_theta,-0.09940418601036072,0.390097872017937,0.2252232615850319,0.5202910451604026,0.5199699468874295,0.5198187615327343,0.5204422305150977,0.5205146978158546,0.5197462942319775,0.0,0.0,0.0,0.0,-0.04999999701976776,0.0,0.0,0.0,0.0,0.0,0.8629935383796692,0.4529935419559479,0.0,0.0,0.0,0.0
97.406,-0.03999999910593033,0.03999999910593033,-0.07999999821186066,datactrl_ref_vx_fallback,states_vx_gs,0.3999999761581421,states_theta,-0.09042821824550629,0.39009841197883777,0.22522350101858188,0.5202779125613051,0.5199845193822623,0.5199021783308408,0.5203602536127265,0.5203886939777878,0.5198737379657796,0.0,0.0,0.0,0.0,-0.03999999910593033,0.0,0.0,0.0,0.0,0.0,0.844013512134552,0.4440135657787323,0.0,0.0,0.0,0.0
97.505,-0.029999999329447746,0.029999999329447746,-0.05999999865889549,datactrl_ref_vx_fallback,states_vx_gs,0.38999998569488525,states_theta,-0.06999792158603668,0.3900989519397384,0.22522379848981097,0.520025549345166,0.5202383224941365,0.5203378637573587,0.5199260080819438,0.5198853032065215,0.520378568632781,0.0,0.0,0.0,0.0,-0.029999999329447746,0.0,0.0,0.0,0.0,0.0,0.8248055577278137,0.4348055422306061,0.0,0.0,0.0,0.0
97.605,-0.019999999552965164,0.019999999552965164,-0.03999999910593033,datactrl_ref_vx_fallback,states_vx_gs,0.38999998569488525,states_theta,-0.028073357418179512,0.3900994919006392,0.22522409806221008,0.5200161176711913,0.5202491940638465,0.5201953648775235,0.5200699468575143,0.5198586060110868,0.520406705723951,0.0,0.0,0.0,0.0,-0.019999999552965164,0.0,0.0,0.0,0.0,0.0,0.8054075241088867,0.41540753841400146,0.0,0.0,0.0,0.0
97.706,-0.019999999552965164,0.019999999552965164,-0.03999999910593033,datactrl_ref_vx_fallback,states_vx_gs,0.3799999952316284,states_theta,-0.06769870966672897,0.3901000318615399,0.22522446597112813,0.5202720597212653,0.5199946919095078,0.5198157911650193,0.5204509604657538,0.520404884288462,0.5198618673423111,0.0,0.0,0.0,0.0,-0.019999999552965164,0.0,0.0,0.0,0.0,0.0,0.8061675429344177,0.4261675477027893,0.0,0.0,0.0,0.0
97.806,-0.009999999776482582,0.009999999776482582,-0.019999999552965164,datactrl_ref_vx_fallback,states_vx_gs,0.3700000047683716,states_theta,-0.1604507714509964,0.39010057182244057,0.22522468320270797,0.5202114307875549,0.5200567607389532,0.5201174280718963,0.5201507634546119,0.5202654537826328,0.5200027377438754,0.0,0.0,0.0,0.0,-0.009999999776482582,0.0,0.0,0.0,0.0,0.0,0.7861995100975037,0.41619953513145447,0.0,0.0,0.0,0.0
97.906,-0.009999999776482582,0.009999999776482582,-0.019999999552965164,datactrl_ref_vx_fallback,states_vx_gs,0.3499999940395355,states_theta,-0.10641422122716904,0.3901011117833412,0.22522512000490244,0.5200210402157726,0.5202485912064707,0.5205406312207623,0.5197290002014809,0.5198679680621587,0.5204016633600845,0.0,0.0,0.0,0.0,-0.009999999776482582,0.0,0.0,0.0,0.0,0.0,0.7865795493125916,0.43657955527305603,0.0,0.0,0.0,0.0
98.006,0.0,0.0,0.0,datactrl_ref_vx_fallback,datactrl_est_vx_fallback,0.3499999940395355,states_theta,-0.04557446762919426,0.3901016517442419,0.2252253036253483,0.5200762763778977,0.5201947949400807,0.5201720896378296,0.5200989816801488,0.5200209354067994,0.520250135911179,0.0,0.0,0.0,0.0,0.0,0.0,0.0,0.0,0.0,0.0,0.7660795450210571,0.4160795509815216,0.0,0.0,0.0,0.0
98.106,0.0,0.0,0.0,datactrl_ref_vx_fallback,datactrl_est_vx_fallback,0.3400000035762787,states_theta,-0.07829887419939041,0.3901021917051426,0.22522569436685466,0.5200937214429949,0.5201787897707187,0.5198911164325178,0.5203813947811958,0.5204499628211191,0.5198225483925946,0.0,0.0,0.0,0.0,0.0,0.0,0.0,0.0,0.0,0.0,0.7660795450210571,0.42607954144477844,0.0,0.0,0.0,0.0
98.207,0.0,0.0,0.0,datactrl_ref_vx_fallback,datactrl_est_vx_fallback,0.32999998331069946,states_theta,-0.1024119108915329,0.3900755986311863,0.2252102660454335,0.520033196687126,0.5201683996627041,0.5201733316421777,0.5200282647076524,0.5202261030707711,0.519975493279059,0.0,0.0,0.0,0.0,0.0,0.0,0.0,0.0,0.0,0.0,0.7660795450210571,0.43607956171035767,0.0,0.0,0.0,0.0
98.307,0.009999999776482582,-0.009999999776482582,0.019999999552965164,datactrl_ref_vx_fallback,states_vx_gs,0.32999998331069946,states_theta,-0.021299567073583603,0.3900758686116366,0.22521049657503525,0.5199902752061457,0.520212041091552,0.5203400940377464,0.5198622222599513,0.5198000699898732,0.5204022463078245,0.0,0.0,0.0,0.0,0.009999999776482582,0.0,0.0,0.0,0.0,0.0,0.7453515529632568,0.4153515696525574,0.0,0.0,0.0,0.0
98.407,0.009999999776482582,-0.009999999776482582,0.019999999552965164,datactrl_ref_vx_fallback,states_vx_gs,0.32999998331069946,states_theta,0.02717408910393715,0.39007613859208695,0.22521059304644728,0.5202062246402627,0.5199968116053025,0.5199040853599548,0.5202989508856104,0.5201569524260079,0.5200460838195573,0.0,0.0,0.0,0.0,0.009999999776482582,0.0,0.0,0.0,0.0,0.0,0.744971513748169,0.41497156023979187,0.0,0.0,0.0,0.0
98.507,0.019999999552965164,-0.019999999552965164,0.03999999910593033,datactrl_ref_vx_fallback,states_vx_gs,0.3199999928474426,states_theta,-0.0914674624800682,0.3900491675455,0.22519503546809685,0.5201720433490197,0.519959070105647,0.5199175180036636,0.5202135954510031,0.5202783299914472,0.5198527834632195,0.0,0.0,0.0,0.0,0.019999999552965164,0.0,0.0,0.0,0.0,0.0,0.7237875461578369,0.4037875533103943,0.0,0.0,0.0,0.0
98.607,0.019999999552965164,-0.019999999552965164,0.03999999910593033,datactrl_ref_vx_fallback,states_vx_gs,0.3100000023841858,states_theta,-0.10461830347776413,0.3900332905370252,0.2251859609534559,0.5198428792580002,0.5202458955074002,0.5204355150875369,0.5196532596778635,0.519818955500248,0.5202698192651524,0.0,0.0,0.0,0.0,0.019999999552965164,0.0,0.0,0.0,0.0,0.0,0.7230275273323059,0.4130275249481201,0.0,0.0,0.0,0.0
98.707,0.029999999329447746,-0.029999999329447746,0.05999999865889549,datactrl_ref_vx_fallback,states_vx_gs,0.29999998211860657,states_theta,-0.10615518689155579,0.39003315548242956,0.22518575517487774,0.5199986918510595,0.5200897227687526,0.5201527608093002,0.519935653810512,0.52006186401542,0.5200265506043922,0.0,0.0,0.0,0.0,0.029999999329447746,0.0,0.0,0.0,0.0,0.0,0.7013875246047974,0.4013875722885132,0.0,0.0,0.0,0.0
98.806,0.03999999910593033,-0.03999999910593033,0.07999999821186066,datactrl_ref_vx_fallback,states_vx_gs,0.29999998211860657,states_theta,-0.047548796981573105,0.39000580639884186,0.22517016483185873,0.5202529269421373,0.5197625567881076,0.5195675046334144,0.5204479790968305,0.520354003811785,0.5196614799184599,0.0,0.0,0.0,0.0,0.03999999910593033,0.0,0.0,0.0,0.0,0.0,0.6796715259552002,0.379671573638916,0.0,0.0,0.0,0.0
98.908,0.03999999910593033,-0.03999999910593033,0.07999999821186066,datactrl_ref_vx_fallback,states_vx_gs,0.28999999165534973,states_theta,-0.01517042238265276,0.3900054013637959,0.22516972638183244,0.5200272959153113,0.5199871077214778,0.5199766709331746,0.5200377327036145,0.5199445733734542,0.5200698302633349,0.0,0.0,0.0,0.0,0.03999999910593033,0.0,0.0,0.0,0.0,0.0,0.678151547908783,0.3881515562534332,0.0,0.0,0.0,0.0
99.007,0.04999999701976776,-0.04999999701976776,0.09999999403953552,datactrl_ref_vx_fallback,states_vx_gs,0.28999999165534973,states_theta,-0.07508271932601929,0.38997783629584787,0.22515409216779805,0.5196839901780126,0.5202569066109151,0.5203970266771443,0.5195438701117834,0.5194740114645959,0.5204668853243317,0.0,0.0,0.0,0.0,0.04999999701976776,0.0,0.0,0.0,0.0,0.0,0.6560555696487427,0.36605554819107056,0.0,0.0,0.0,0.0
99.107,0.04999999701976776,-0.04999999701976776,0.09999999403953552,datactrl_ref_vx_fallback,states_vx_gs,0.2800000011920929,states_theta,-0.09923212230205536,0.3899771612803517,0.22515342019586224,0.5199578175537709,0.5199812791938336,0.5199712927099917,0.5199678040376129,0.5200135470245936,0.519925549723011,0.0,0.0,0.0,0.0,0.04999999701976776,0.0,0.0,0.0,0.0,0.0,0.6541555523872375,0.37415555119514465,0.0,0.0,0.0,0.0
99.207,0.05999999865889549,-0.05999999865889549,0.11999999731779099,datactrl_ref_vx_fallback,states_vx_gs,0.26999998092651367,states_theta,-0.10455147176980972,0.38996291327820193,0.22514541981868866,0.5202035870341902,0.5196975150410149,0.5195398436661333,0.5203612584090719,0.5203699677084564,0.5195311343667487,0.0,0.0,0.0,0.0,0.05999999865889549,0.0,0.0,0.0,0.0,0.0,0.6317175626754761,0.36171755194664,0.0,0.0,0.0,0.0
99.308,0.05999999865889549,-0.05999999865889549,0.11999999731779099,datactrl_ref_vx_fallback,states_vx_gs,0.25999999046325684,states_theta,-0.11057110130786896,0.38993499717568103,0.22512908097778753,0.5199126630498135,0.519913996085336,0.5200109688318468,0.5198156903033027,0.5199000174871715,0.519926641647978,0.0,0.0,0.0,0.0,0.05999999865889549,0.0,0.0,0.0,0.0,0.0,0.6294375658035278,0.3694375455379486,0.0,0.0,0.0,0.0
99.408,0.05999999865889549,-0.05999999865889549,0.11999999731779099,datactrl_ref_vx_fallback,states_vx_gs,0.25,states_theta,-0.06438450515270233,0.3899339171251826,0.2251286457208867,0.5197122007278333,0.5201115782726536,0.5203300226072755,0.5194937563932115,0.5195456207518659,0.520278158248621,0.0,0.0,0.0,0.0,0.05999999865889549,0.0,0.0,0.0,0.0,0.0,0.6271575689315796,0.3771575391292572,0.0,0.0,0.0,0.0
99.508,0.07000000029802322,-0.07000000029802322,0.14000000059604645,datactrl_ref_vx_fallback,states_vx_gs,0.23999999463558197,states_theta,-0.06788896024227142,0.38990575803153843,0.22511221827701713,0.5199254407649672,0.5198232473191353,0.5197354470853193,0.5200132409987832,0.5200198510630527,0.5197288370210498,0.0,0.0,0.0,0.0,0.07000000029802322,0.0,0.0,0.0,0.0,0.0,0.6040735244750977,0.3640735447406769,0.0,0.0,0.0,0.0
99.608,0.07000000029802322,-0.07000000029802322,0.14000000059604645,datactrl_ref_vx_fallback,states_vx_gs,0.23999999463558197,states_theta,-0.0959450751543045,0.38990440800054593,0.2251115576619994,0.520063279298083,0.5196818087033728,0.5195773705417104,0.5201677174597454,0.5202380031373774,0.5195070848640784,0.0,0.0,0.0,0.0,0.07000000029802322,0.0,0.0,0.0,0.0,0.0,0.6014135479927063,0.36141353845596313,0.0,0.0,0.0,0.0
99.708,0.07999999821186066,-0.07999999821186066,0.1599999964237213,datactrl_ref_vx_fallback,states_vx_gs,0.22999998927116394,states_theta,-0.09991762787103653,0.38990305796955343,0.2251106648433319,0.5197987401091929,0.5199427478096162,0.520037089678992,0.5197043982398172,0.5197292141174638,0.5200122738013454,0.0,0.0,0.0,0.0,0.07999999821186066,0.0,0.0,0.0,0.0,0.0,0.5781015753746033,0.34810155630111694,0.0,0.0,0.0,0.0
99.808,0.07999999821186066,-0.07999999821186066,0.1599999964237213,datactrl_ref_vx_fallback,states_vx_gs,0.2199999988079071,states_theta,-0.04138069599866867,0.38987427790792084,0.22509411172116658,0.5196950559091807,0.5199696851786081,0.520084218506746,0.5195805225810428,0.5195422938381291,0.5201224472496597,0.0,0.0,0.0,0.0,0.07999999821186066,0.0,0.0,0.0,0.0,0.0,0.5747575163841248,0.35475754737854004,0.0,0.0,0.0,0.0
99.908,0.07999999821186066,-0.07999999821186066,0.1599999964237213,datactrl_ref_vx_fallback,states_vx_gs,0.2199999988079071,states_theta,-0.05166402831673622,0.38987265789643427,0.22509311917246008,0.5197485032346268,0.5199119178225312,0.5196549427033998,0.5200054783537582,0.519991352133377,0.5196690689237811,0.0,0.0,0.0,0.0,0.07999999821186066,0.0,0.0,0.0,0.0,0.0,0.5717175602912903,0.3517175614833832,0.0,0.0,0.0,0.0
100.01,0.08999999612569809,-0.08999999612569809,0.17999999225139618,datactrl_ref_vx_fallback,states_vx_gs,0.20999999344348907,states_theta,-0.07753245532512665,0.3898710378849478,0.22509220644574207,0.5197661410065219,0.5198899600200056,0.5195953782481564,0.5200607227783711,0.5200426803458997,0.5196134206806278,0.0,0.0,0.0,0.0,0.08999999612569809,0.0,0.0,0.0,0.0,0.0,0.5478735566139221,0.33787354826927185,0.0,0.0,0.0,0.0
100.109,0.08999999612569809,-0.08999999612569809,0.17999999225139618,datactrl_ref_vx_fallback,states_vx_gs,0.19999998807907104,states_theta,-0.0975077748298645,0.3898558178890771,0.22508339176746092,0.5196904943185484,0.5199250200523239,0.5199847106081172,0.5196308037627551,0.5197097139887621,0.5199058003821102,0.0,0.0,0.0,0.0,0.08999999612569809,0.0,0.0,0.0,0.0,0.0,0.5444535613059998,0.3444535732269287,0.0,0.0,0.0,0.0
100.208,0.08999999612569809,-0.08999999612569809,0.17999999225139618,datactrl_ref_vx_fallback,states_vx_gs,0.1899999976158142,states_theta,-0.09459158778190613,0.38985406282312607,0.22508239771187136,0.5196625108000068,0.519948323394996,0.5200438225302464,0.5195670116647564,0.5196956600506555,0.5199151741443473,0.0,0.0,0.0,0.0,0.08999999612569809,0.0,0.0,0.0,0.0,0.0,0.5410335659980774,0.3510335683822632,0.0,0.0,0.0,0.0
100.308,0.09999999403953552,-0.09999999403953552,0.19999998807907104,datactrl_ref_vx_fallback,states_vx_gs,0.1899999976158142,states_theta,0.03661720082163811,0.3898523077571749,0.22508136397616116,0.5196715330108911,0.519934621008242,0.5196977435643746,0.5199084104547584,0.5196478769505792,0.5199582770685538,0.0,0.0,0.0,0.0,0.09999999403953552,0.0,0.0,0.0,0.0,0.0,0.5167335271835327,0.3267335593700409,0.0,0.0,0.0,0.0
100.41,0.09999999403953552,-0.09999999403953552,0.19999998807907104,datactrl_ref_vx_fallback,states_vx_gs,0.1899999976158142,states_theta,0.025687403976917267,0.3898505526912238,0.22508034796503834,0.5196672349655552,0.5199342388777083,0.5196996537044821,0.5199018201387814,0.5196609461554925,0.519940527687771,0.0,0.0,0.0,0.0,0.09999999403953552,0.0,0.0,0.0,0.0,0.0,0.5129335522651672,0.322933554649353,0.0,0.0,0.0,0.0
100.509,0.09999999403953552,-0.09999999403953552,0.19999998807907104,datactrl_ref_vx_fallback,states_vx_gs,0.1899999976158142,states_theta,0.00746966153383255,0.3898623300824246,0.22508714890951204,0.5196482336858825,0.5199846465339164,0.5197012209050923,0.5199316593147066,0.5197253819491968,0.5199074982706021,0.0,0.0,0.0,0.0,0.09999999403953552,0.0,0.0,0.0,0.0,0.0,0.5091335773468018,0.31913354992866516,0.0,0.0,0.0,0.0
100.61,0.10999999940395355,-0.10999999940395355,0.2199999988079071,datactrl_ref_vx_fallback,states_vx_gs,0.1899999976158142,states_theta,-0.010462280362844467,0.389860710070938,0.22508622589803756,0.519641415182391,0.5199871450067769,0.5196563351624394,0.5199722250267286,0.5196831903460258,0.5199453698431421,0.0,0.0,0.0,0.0,0.10999999940395355,0.0,0.0,0.0,0.0,0.0,0.4844915568828583,0.29449155926704407,0.0,0.0,0.0,0.0
100.709,0.10999999940395355,-0.10999999940395355,0.2199999988079071,datactrl_ref_vx_fallback,states_vx_gs,0.1899999976158142,states_theta,-0.029204852879047394,0.3898590900594515,0.22508528668308922,0.519634586856877,0.5199896533016604,0.5196688360885703,0.5199554040699671,0.5196983637222167,0.5199258764363207,0.0,0.0,0.0,0.0,0.10999999940395355,0.0,0.0,0.0,0.0,0.0,0.4803115427494049,0.2903115451335907,0.0,0.0,0.0,0.0
100.81,0.10999999940395355,-0.10999999940395355,0.2199999988079071,datactrl_ref_vx_fallback,states_vx_gs,0.1899999976158142,states_theta,-0.05075580254197121,0.39026297807880245,0.22531846751193133,0.5201684259819773,0.5205328488948292,0.5202248285596699,0.5204764463171366,0.5202570057252599,0.5204442691515466,0.0,0.0,0.0,0.0,0.10999999940395355,0.0,0.0,0.0,0.0,0.0,0.4761315584182739,0.2861315608024597,0.0,0.0,0.0,0.0
100.911,0.11999999731779099,-0.11999999731779099,0.23999999463558197,datactrl_ref_vx_fallback,states_vx_gs,0.17999999225139618,states_theta,-0.07359360158443451,0.38988812805618067,0.22510205138248646,0.5196639719868864,0.5200377028295954,0.5197134923481616,0.5199881824683202,0.5197483750927937,0.5199532997236881,0.0,0.0,0.0,0.0,0.11999999731779099,0.0,0.0,0.0,0.0,0.0,0.45114755630493164,0.27114754915237427,0.0,0.0,0.0,0.0
101.009,0.11999999731779099,-0.11999999731779099,0.23999999463558197,datactrl_ref_vx_fallback,states_vx_gs,0.17000000178813934,states_theta,-0.09836039692163467,0.38991391106443263,0.22511692082759902,0.5198666971638735,0.5199037323412803,0.5197036699874846,0.5200667595176691,0.5199237043014384,0.5198467252037153,0.0,0.0,0.0,0.0,0.11999999731779099,0.0,0.0,0.0,0.0,0.0,0.44658756256103516,0.2765875458717346,0.0,0.0,0.0,0.0
101.11,0.11999999731779099,-0.11999999731779099,0.23999999463558197,datactrl_ref_vx_fallback,states_vx_gs,0.14999999105930328,states_theta,-0.2599569857120514,0.3902900810055355,0.22533412145660814,0.5205076288510742,0.5202659204970206,0.5204599953821927,0.5203135539659021,0.5206075952759561,0.5201659540721386,0.0,0.0,0.0,0.0,0.11999999731779099,0.0,0.0,0.0,0.0,0.0,0.4420275390148163,0.2920275628566742,0.0,0.0,0.0,0.0
101.21,0.12999999523162842,-0.12999999523162842,0.25999999046325684,datactrl_ref_vx_fallback,states_vx_gs,0.11999999731779099,states_theta,-0.31602954864501953,0.38994223199583955,0.22513332093945482,0.520060990874108,0.5197849611147974,0.5201277486649788,0.5197182033239266,0.5201721421247792,0.5196738098641261,0.0,0.0,0.0,0.0,0.12999999523162842,0.0,0.0,0.0,0.0,0.0,0.41685354709625244,0.29685357213020325,0.0,0.0,0.0,0.0
101.311,0.12999999523162842,-0.12999999523162842,0.25999999046325684,datactrl_ref_vx_fallback,states_vx_gs,0.10999999940395355,states_theta,-0.031466998159885406,0.38995496790148204,0.2251406270791941,0.5198862658114456,0.5199936485925065,0.5200188306745817,0.5198610837293705,0.5197684309172852,0.5201114834866669,0.0,0.0,0.0,0.0,0.12999999523162842,0.0,0.0,0.0,0.0,0.0,0.41191354393959045,0.3019135594367981,0.0,0.0,0.0,0.0
101.41,0.12999999523162842,-0.12999999523162842,0.25999999046325684,datactrl_ref_vx_fallback,states_vx_gs,0.11999999731779099,states_theta,0.12946495413780212,0.3899542928859858,0.2251402889520222,0.5198497333977303,0.5200283809648985,0.5197216410371607,0.5201564733254681,0.5196630098364942,0.5202151045261346,0.0,0.0,0.0,0.0,0.12999999523162842,0.0,0.0,0.0,0.0,0.0,0.40697357058525085,0.2869735658168793,0.0,0.0,0.0,0.0
101.511,0.12999999523162842,-0.12999999523162842,0.25999999046325684,datactrl_ref_vx_fallback,states_vx_gs,0.10999999940395355,states_theta,-0.14573702216148376,0.38995361787048954,0.2251399484073583,0.5201524341956787,0.5197238801256268,0.5197107609262743,0.5201655533950311,0.5202880115087816,0.5195883028125239,0.0,0.0,0.0,0.0,0.12999999523162842,0.0,0.0,0.0,0.0,0.0,0.40203356742858887,0.2920335531234741,0.0,0.0,0.0,0.0
101.611,0.12999999523162842,-0.12999999523162842,0.25999999046325684,datactrl_ref_vx_fallback,states_vx_gs,0.07999999821186066,states_theta,-0.3371890187263489,0.3899801838820305,0.22515529451181124,0.5200499781860194,0.5198971788327286,0.5202976546612793,0.5196495023574687,0.5203256632377539,0.5196214937809941,0.0,0.0,0.0,0.0,0.12999999523162842,0.0,0.0,0.0,0.0,0.0,0.3970935642719269,0.31709355115890503,0.0,0.0,0.0,0.0
101.711,0.12999999523162842,-0.12999999523162842,0.25999999046325684,datactrl_ref_vx_fallback,states_vx_gs,0.05999999865889549,states_theta,-0.1455569565296173,0.38997977884698454,0.225155123365979,0.5197489493809063,0.5201971275443859,0.5204986107471059,0.5194474661781863,0.5198270124484323,0.5201190644768598,0.0,0.0,0.0,0.0,0.12999999523162842,0.0,0.0,0.0,0.0,0.0,0.3921535611152649,0.3321535587310791,0.0,0.0,0.0,0.0
101.811,0.14000000059604645,-0.14000000059604645,0.2800000011920929,datactrl_ref_vx_fallback,states_vx_gs,0.05999999865889549,states_theta,0.0210254043340683,0.3900065878409309,0.2251704112448529,0.520037836758284,0.5199797308175317,0.5199703876455578,0.5200471799302578,0.5199571124073054,0.5200604551685103,0.0,0.0,0.0,0.0,0.14000000059604645,0.0,0.0,0.0,0.0,0.0,0.36663755774497986,0.30663755536079407,0.0,0.0,0.0,0.0
101.912,0.14000000059604645,-0.14000000059604645,0.2800000011920929,datactrl_ref_vx_fallback,states_vx_gs,0.05999999865889549,states_theta,-0.06061091646552086,0.3900064527863353,0.22517042204718937,0.5201677875075187,0.5198494199227087,0.5197800552074077,0.5202371522228197,0.5203041243248319,0.5197130831053955,0.0,0.0,0.0,0.0,0.14000000059604645,0.0,0.0,0.0,0.0,0.0,0.36131754517555237,0.3013175427913666,0.0,0.0,0.0,0.0
102.011,0.14000000059604645,-0.14000000059604645,0.2800000011920929,datactrl_ref_vx_fallback,states_vx_gs,0.04999999701976776,states_theta,-0.08229467272758484,0.3900199042238527,0.22517820044674727,0.5198563050999564,0.5201967728303175,0.5203741547310926,0.5196789231991813,0.5198339554558552,0.5202191224744187,0.0,0.0,0.0,0.0,0.14000000059604645,0.0,0.0,0.0,0.0,0.0,0.35599756240844727,0.3059975504875183,0.0,0.0,0.0,0.0
102.111,0.14000000059604645,-0.14000000059604645,0.2800000011920929,datactrl_ref_vx_fallback,states_vx_gs,0.04999999701976776,states_theta,0.0019608372822403908,0.39004703725870987,0.22519376463700397,0.5200347855297105,0.5200906471601825,0.5200882252387429,0.5200372074511501,0.5200044441557194,0.5201209885341735,0.0,0.0,0.0,0.0,0.14000000059604645,0.0,0.0,0.0,0.0,0.0,0.3506775498390198,0.3006775379180908,0.0,0.0,0.0,0.0
102.211,0.14000000059604645,-0.14000000059604645,0.2800000011920929,datactrl_ref_vx_fallback,states_vx_gs,0.04999999701976776,states_theta,-0.0356932058930397,0.3900473072391602,0.22519405206913323,0.5202565800991678,0.5198695725385928,0.5197600738805657,0.5203660787571949,0.5203986092952675,0.519727543342493,0.0,0.0,0.0,0.0,0.14000000059604645,0.0,0.0,0.0,0.0,0.0,0.3453575372695923,0.2953575551509857,0.0,0.0,0.0,0.0
102.312,0.14000000059604645,-0.14000000059604645,0.2800000011920929,datactrl_ref_vx_fallback,states_vx_gs,0.03999999910593033,states_theta,-0.07794145494699478,0.39004757721961053,0.22519410684358185,0.519999883542245,0.5201269890433831,0.5202905141204303,0.5198363584651978,0.5199994167262018,0.5201274558594263,0.0,0.0,0.0,0.0,0.14000000059604645,0.0,0.0,0.0,0.0,0.0,0.3400375545024872,0.30003756284713745,0.0,0.0,0.0,0.0
102.411,0.14000000059604645,-0.14000000059604645,0.2800000011920929,datactrl_ref_vx_fallback,states_vx_gs,0.029999999329447746,states_theta,-0.018519345670938492,0.390075061229053,0.22521004348217913,0.5199822395072368,0.5202179237702379,0.5204294528716176,0.5197707104058571,0.5198527390886101,0.5203474241888646,0.0,0.0,0.0,0.0,0.14000000059604645,0.0,0.0,0.0,0.0,0.0,0.3347175419330597,0.3047175407409668,0.0,0.0,0.0,0.0
102.511,0.14000000059604645,-0.14000000059604645,0.2800000011920929,datactrl_ref_vx_fallback,states_vx_gs,0.029999999329447746,states_theta,-0.04330975562334061,0.39007560118995377,0.22521032255426818,0.5202492124703444,0.5199523907028656,0.5199428508351062,0.5202587523381038,0.5203795622150308,0.5198220409581792,0.0,0.0,0.0,0.0,0.14000000059604645,0.0,0.0,0.0,0.0,0.0,0.3293975591659546,0.2993975579738617,0.0,0.0,0.0,0.0
102.612,0.14000000059604645,-0.14000000059604645,0.2800000011920929,datactrl_ref_vx_fallback,states_vx_gs,0.029999999329447746,states_theta,-0.02550596185028553,0.3900761411508544,0.22521056997572184,0.5200851729903354,0.5201178700786097,0.5200820540676092,0.5201209890013359,0.5201917548199178,0.5200112882490273,0.0,0.0,0.0,0.0,0.14000000059604645,0.0,0.0,0.0,0.0,0.0,0.3240775465965271,0.2940775454044342,0.0,0.0,0.0,0.0
102.712,0.14000000059604645,-0.14000000059604645,0.2800000011920929,datactrl_ref_vx_fallback,states_vx_gs,0.029999999329447746,states_theta,-0.025333397090435028,0.39007668111175514,0.22521094954748913,0.5200108329990208,0.5201936499656595,0.5203767493353918,0.5198277336292886,0.5198848063455573,0.520319676619123,0.0,0.0,0.0,0.0,0.14000000059604645,0.0,0.0,0.0,0.0,0.0,0.3187575340270996,0.2887575626373291,0.0,0.0,0.0,0.0
102.812,0.14000000059604645,-0.14000000059604645,0.2800000011920929,datactrl_ref_vx_fallback,states_vx_gs,0.019999999552965164,states_theta,-0.019965775310993195,0.3901044620952881,0.2252269450332682,0.520155242844646,0.5201233227427889,0.5200287893015904,0.5202497762858446,0.5203379877713833,0.5199405778160516,0.0,0.0,0.0,0.0,0.14000000059604645,0.0,0.0,0.0,0.0,0.0,0.3134375512599945,0.29343754053115845,0.0,0.0,0.0,0.0
102.913,0.14000000059604645,-0.14000000059604645,0.2800000011920929,datactrl_ref_vx_fallback,states_vx_gs,0.019999999552965164,states_theta,0.018871456384658813,0.39010527203659545,0.22522740033497074,0.520171394612815,0.5201093308181062,0.5200174810106293,0.5202632444202919,0.5202573643243533,0.5200233611065679,0.0,0.0,0.0,0.0,0.14000000059604645,0.0,0.0,0.0,0.0,0.0,0.308117538690567,0.28811755776405334,0.0,0.0,0.0,0.0
103.012,0.14000000059604645,-0.14000000059604645,0.2800000011920929,datactrl_ref_vx_fallback,states_vx_gs,0.019999999552965164,states_theta,-0.00493042916059494,0.3901060819779028,0.2252278802719002,0.520127404580355,0.5201554806940525,0.5203165631125536,0.5199663221618539,0.5199962485876789,0.5202866366867286,0.0,0.0,0.0,0.0,0.14000000059604645,0.0,0.0,0.0,0.0,0.0,0.3027975559234619,0.28279754519462585,0.0,0.0,0.0,0.0
103.112,0.14000000059604645,-0.14000000059604645,0.2800000011920929,datactrl_ref_vx_fallback,states_vx_gs,0.019999999552965164,states_theta,0.0263238362967968,0.39010689191921016,0.225228324979781,0.520218036919798,0.5200670081980958,0.5201613826850968,0.520123662432797,0.5200746684516899,0.5202103766662038,0.0,0.0,0.0,0.0,0.14000000059604645,0.0,0.0,0.0,0.0,0.0,0.2974775433540344,0.27747756242752075,0.0,0.0,0.0,0.0
103.212,0.14000000059604645,-0.14000000059604645,0.2800000011920929,datactrl_ref_vx_fallback,states_vx_gs,0.029999999329447746,states_theta,0.056235890835523605,0.39008048783592597,0.22521308844630342,0.520189449561725,0.5200251846674109,0.5199879434373615,0.5202266907917743,0.5200452913866345,0.5201693428425014,0.0,0.0,0.0,0.0,0.14000000059604645,0.0,0.0,0.0,0.0,0.0,0.2921575605869293,0.2621575593948364,0.0,0.0,0.0,0.0
103.313,0.14000000059604645,-0.14000000059604645,0.2800000011920929,datactrl_ref_vx_fallback,states_vx_gs,0.029999999329447746,states_theta,-0.08736767619848251,0.39008102779682663,0.22521340059774225,0.5201857123771232,0.5200303617477477,0.5202436984784248,0.5199723756464462,0.5200743470429418,0.5201417270819292,0.0,0.0,0.0,0.0,0.14000000059604645,0.0,0.0,0.0,0.0,0.0,0.28683754801750183,0.25683754682540894,0.0,0.0,0.0,0.0
103.413,0.14000000059604645,-0.14000000059604645,0.2800000011920929,datactrl_ref_vx_fallback,states_vx_gs,0.019999999552965164,states_theta,-0.023867059499025345,0.38970619276611207,0.22499697798138915,0.5196739050407571,0.5195426090022084,0.5196287705035179,0.5195877435394476,0.5195983127735133,0.5196182012694521,0.0,0.0,0.0,0.0,0.14000000059604645,0.0,0.0,0.0,0.0,0.0,0.28151753544807434,0.26151755452156067,0.0,0.0,0.0,0.0
103.514,0.14000000059604645,-0.14000000059604645,0.2800000011920929,datactrl_ref_vx_fallback,states_vx_gs,0.019999999552965164,states_theta,0.03021775186061859,0.3900514646935709,0.2251963392425727,0.5201681240571133,0.5199691151257423,0.5199069860135825,0.5202302531692731,0.5201132701395141,0.5200239690433415,0.0,0.0,0.0,0.0,0.14000000059604645,0.0,0.0,0.0,0.0,0.0,0.27619755268096924,0.2561975419521332,0.0,0.0,0.0,0.0
103.613,0.14999999105930328,-0.14999999105930328,0.29999998211860657,datactrl_ref_vx_fallback,states_vx_gs,0.019999999552965164,states_theta,-0.08655816316604614,0.39005173467402127,0.22519647501661158,0.520055672120722,0.5200822870100014,0.5200947941753612,0.5200431649553622,0.5200378905022959,0.5201000686284275,0.0,0.0,0.0,0.0,0.14999999105930328,0.0,0.0,0.0,0.0,0.0,0.25014957785606384,0.23014956712722778,0.0,0.0,0.0,0.0
103.714,0.14999999105930328,-0.14999999105930328,0.29999998211860657,datactrl_ref_vx_fallback,states_vx_gs,0.24444957077503204,datactrl_est_theta_fallback,-0.23150819540023804,0.3896467366377936,0.22496273133776049,0.5194027801090466,0.519655184258403,0.5198936371614039,0.5191643272060457,0.5195527923163624,0.5195051720510871,0.0,0.0,0.0,0.0,0.14999999105930328,0.0,0.0,0.0,0.0,0.0,0.24444957077503204,0.24444957077503204,0.0,0.0,0.0,0.0
103.814,0.14999999105930328,-0.14999999105930328,0.29999998211860657,datactrl_ref_vx_fallback,states_vx_gs,-0.009999999776482582,states_theta,-0.2021891474723816,0.39000810962092,0.22517135221558385,0.5199214959934931,0.5201001296622935,0.5203395198031324,0.5196821058526542,0.5200470779752944,0.5199745476804922,0.0,0.0,0.0,0.0,0.14999999105930328,0.0,0.0,0.0,0.0,0.0,0.23874956369400024,0.24874956905841827,0.0,0.0,0.0,0.0
103.913,0.14000000059604645,-0.14000000059604645,0.2800000011920929,datactrl_ref_vx_fallback,states_vx_gs,-0.009999999776482582,states_theta,0.11084169149398804,0.39000797456632447,0.22517123589546784,0.5201850440917493,0.5198362214184493,0.5199061221167453,0.5201151433934533,0.5199274269096187,0.5200938386005799,0.0,0.0,0.0,0.0,0.14000000059604645,0.0,0.0,0.0,0.0,0.0,0.25381556153297424,0.2638155519962311,0.0,0.0,0.0,0.0
104.014,0.14000000059604645,-0.14000000059604645,0.2800000011920929,datactrl_ref_vx_fallback,states_vx_gs,0.24849554896354675,datactrl_est_theta_fallback,0.016399260610342026,0.3899806524807818,0.22515544737264967,0.5200126374216167,0.5199357691938014,0.5198444894089737,0.5201039172064444,0.5200416148822834,0.5199067917331347,0.0,0.0,0.0,0.0,0.14000000059604645,0.0,0.0,0.0,0.0,0.0,0.24849554896354675,0.24849554896354675,0.0,0.0,0.0,0.0
104.114,0.14000000059604645,-0.14000000059604645,0.2800000011920929,datactrl_ref_vx_fallback,states_vx_gs,-0.019999999552965164,states_theta,-0.18628722429275513,0.3899802474457359,0.22515529641774049,0.5197627288710168,0.5201845976509455,0.5203113358236907,0.5196359906982716,0.5200904535974432,0.5198568729245191,0.0,0.0,0.0,0.0,0.14000000059604645,0.0,0.0,0.0,0.0,0.0,0.24317555129528046,0.2631755471229553,0.0,0.0,0.0,0.0
104.215,0.14000000059604645,-0.14000000059604645,0.2800000011920929,datactrl_ref_vx_fallback,states_vx_gs,-0.009999999776482582,states_theta,0.1384061574935913,0.38995268237778774,0.22513931189712258,0.5199901921748326,0.5198836274992681,0.5197667888650561,0.5201070308090445,0.51981604747331,0.5200577722007906,0.0,0.0,0.0,0.0,0.14000000059604645,0.0,0.0,0.0,0.0,0.0,0.23785555362701416,0.247855544090271,0.0,0.0,0.0,0.0
104.314,0.14000000059604645,-0.14000000059604645,0.2800000011920929,datactrl_ref_vx_fallback,states_vx_gs,0.23253555595874786,datactrl_est_theta_fallback,0.04620714485645294,0.3899520073622916,0.22513891695061836,0.5200579467578784,0.5198140728748991,0.5197893426332513,0.5200826769995263,0.51991161579058,0.5199604038421975,0.0,0.0,0.0,0.0,0.14000000059604645,0.0,0.0,0.0,0.0,0.0,0.23253555595874786,0.23253555595874786,0.0,0.0,0.0,0.0
104.415,0.14000000059604645,-0.14000000059604645,0.2800000011920929,datactrl_ref_vx_fallback,states_vx_gs,-0.019999999552965164,states_theta,-0.23116625845432281,0.38993778637106097,0.2251307920754038,0.5197327742244936,0.5201013227650023,0.5202939446309748,0.5195401523585211,0.5200402056019512,0.5197938913875447,0.0,0.0,0.0,0.0,0.14000000059604645,0.0,0.0,0.0,0.0,0.0,0.22721554338932037,0.24721555411815643,0.0,0.0,0.0,0.0
104.515,0.14000000059604645,-0.14000000059604645,0.2800000011920929,datactrl_ref_vx_fallback,states_vx_gs,-0.019999999552965164,states_theta,0.044933173805475235,0.3899099512626621,0.22511461773232022,0.5198800696488539,0.5198798003849117,0.5198476249225461,0.5199122451112195,0.5198225046626388,0.5199373653711268,0.0,0.0,0.0,0.0,0.14000000059604645,0.0,0.0,0.0,0.0,0.0,0.22189554572105408,0.24189555644989014,0.0,0.0,0.0,0.0
104.615,0.14000000059604645,-0.14000000059604645,0.2800000011920929,datactrl_ref_vx_fallback,states_vx_gs,-0.009999999776482582,states_theta,0.08954961597919464,0.38990887121216367,0.2251140363718181,0.5200139689308241,0.519743020968279,0.5196295545024756,0.5201274353966274,0.5198731428436063,0.5198838470554967,0.0,0.0,0.0,0.0,0.14000000059604645,0.0,0.0,0.0,0.0,0.0,0.21657554805278778,0.2265755534172058,0.0,0.0,0.0,0.0
104.715,0.14000000059604645,-0.14000000059604645,0.2800000011920929,datactrl_ref_vx_fallback,states_vx_gs,-0.019999999552965164,states_theta,-0.12025009095668793,0.3899077911616651,0.2251134162395577,0.5198651261171071,0.5198889836473332,0.5201634560911591,0.5195906536732812,0.5198109377789523,0.519943171985488,0.0,0.0,0.0,0.0,0.14000000059604645,0.0,0.0,0.0,0.0,0.0,0.21125555038452148,0.23125554621219635,0.0,0.0,0.0,0.0
104.817,0.14000000059604645,-0.14000000059604645,0.2800000011920929,datactrl_ref_vx_fallback,states_vx_gs,-0.029999999329447746,states_theta,-0.12443678081035614,0.38990671111116665,0.22511279542168472,0.5198252861964097,0.5199259434333681,0.5201724720416067,0.5195787575881711,0.51984674079236,0.5199044888374177,0.0,0.0,0.0,0.0,0.14000000059604645,0.0,0.0,0.0,0.0,0.0,0.2059355527162552,0.23593555390834808,0.0,0.0,0.0,0.0
104.924,0.14000000059604645,-0.14000000059604645,0.2800000011920929,datactrl_ref_vx_fallback,states_vx_gs,-0.03999999910593033,states_theta,0.031869180500507355,0.3898784980214236,0.22509646111295223,0.5197532660532721,0.5199227286705242,0.5197955938954988,0.5198804008282976,0.5198628756450148,0.5198131190787816,0.0,0.0,0.0,0.0,0.14000000059604645,0.0,0.0,0.0,0.0,0.0,0.2006155550479889,0.24061554670333862,0.0,0.0,0.0,0.0
105.02,0.14000000059604645,-0.14000000059604645,0.2800000011920929,datactrl_ref_vx_fallback,states_vx_gs,-0.029999999329447746,states_theta,0.050905004143714905,0.3898771479904312,0.22509569418039752,0.5197513520399377,0.5199210426012122,0.5196805355322649,0.519991859108885,0.5198624912246175,0.5198099034165324,0.0,0.0,0.0,0.0,0.14000000059604645,0.0,0.0,0.0,0.0,0.0,0.1952955573797226,0.2252955436706543,0.0,0.0,0.0,0.0
105.131,0.14000000059604645,-0.14000000059604645,0.2800000011920929,datactrl_ref_vx_fallback,states_vx_gs,-0.029999999329447746,states_theta,0.01793486252427101,0.3898757979594386,0.22509491291647826,0.5197470647930681,0.5199217297654349,0.5197000895695829,0.5199687049889201,0.5198907175392309,0.5197780770192721,0.0,0.0,0.0,0.0,0.14000000059604645,0.0,0.0,0.0,0.0,0.0,0.1899755448102951,0.219975546002388,0.0,0.0,0.0,0.0
105.232,0.14000000059604645,-0.14000000059604645,0.2800000011920929,datactrl_ref_vx_fallback,states_vx_gs,-0.029999999329447746,states_theta,-0.011302466504275799,0.3899015539696412,0.22510978308824536,0.5197788085773367,0.5199586686750399,0.5197513347743532,0.5199861424780234,0.5199514820931348,0.5197859951592418,0.0,0.0,0.0,0.0,0.14000000059604645,0.0,0.0,0.0,0.0,0.0,0.1846555471420288,0.2146555483341217,0.0,0.0,0.0,0.0
105.334,0.14000000059604645,-0.14000000059604645,0.2800000011920929,datactrl_ref_vx_fallback,states_vx_gs,-0.029999999329447746,states_theta,-0.0459076426923275,0.3899004739191428,0.22510917156420945,0.5197428116369885,0.5199917854807256,0.5197453084724104,0.5199892886453037,0.5200088173242647,0.5197257797934494,0.0,0.0,0.0,0.0,0.14000000059604645,0.0,0.0,0.0,0.0,0.0,0.1793355494737625,0.2093355506658554,0.0,0.0,0.0,0.0
105.441,0.14000000059604645,-0.14000000059604645,0.2800000011920929,datactrl_ref_vx_fallback,states_vx_gs,-0.03999999910593033,states_theta,-0.0692274272441864,0.38989939386864425,0.22510853209247694,0.5197392239416213,0.51999249304143,0.5199270663782065,0.5198046506048448,0.5199103754097278,0.5198213415733235,0.0,0.0,0.0,0.0,0.14000000059604645,0.0,0.0,0.0,0.0,0.0,0.17401555180549622,0.21401554346084595,0.0,0.0,0.0,0.0
105.539,0.14000000059604645,-0.14000000059604645,0.2800000011920929,datactrl_ref_vx_fallback,states_vx_gs,-0.03999999910593033,states_theta,0.006473118904978037,0.38992539285253414,0.2251235649279262,0.519750728292034,0.5200503193147237,0.5200020450861698,0.5197990025205879,0.5197296147749386,0.520071432831819,0.0,0.0,0.0,0.0,0.14000000059604645,0.0,0.0,0.0,0.0,0.0,0.16869555413722992,0.20869554579257965,0.0,0.0,0.0,0.0
105.646,0.14000000059604645,-0.14000000059604645,0.2800000011920929,datactrl_ref_vx_fallback,states_vx_gs,-0.03999999910593033,states_theta,-0.061718545854091644,0.39031387874978907,0.2253478802333454,0.5205243328287772,0.5203126771706603,0.5202328414026148,0.5206041685968227,0.5206584477872834,0.5201785622121541,0.0,0.0,0.0,0.0,0.14000000059604645,0.0,0.0,0.0,0.0,0.0,0.16337555646896362,0.20337554812431335,0.0,0.0,0.0,0.0
105.747,0.12999999523162842,-0.12999999523162842,0.25999999046325684,datactrl_ref_vx_fallback,states_vx_gs,-0.04999999701976776,states_theta,-0.09252887964248657,0.38994045374265796,0.22513236271021422,0.5201051228751804,0.5197360871052409,0.5197601485839106,0.5200810613965107,0.5203525132972321,0.5194886966831892,0.0,0.0,0.0,0.0,0.12999999523162842,0.0,0.0,0.0,0.0,0.0,0.1787835657596588,0.22878356277942657,0.0,0.0,0.0,0.0
105.853,0.12999999523162842,-0.12999999523162842,0.25999999046325684,datactrl_ref_vx_fallback,states_vx_gs,-0.05999999865889549,states_theta,-0.11467505991458893,0.38996683076788363,0.22514749153904923,0.5199469526516206,0.5199645960627358,0.5201664617536239,0.5197450869607325,0.5201036011946112,0.5198079475197452,0.0,0.0,0.0,0.0,0.12999999523162842,0.0,0.0,0.0,0.0,0.0,0.17384356260299683,0.23384356498718262,0.0,0.0,0.0,0.0
105.962,0.12999999523162842,-0.12999999523162842,0.25999999046325684,datactrl_ref_vx_fallback,states_vx_gs,-0.05999999865889549,states_theta,0.1037786602973938,0.38996642573283774,0.22514728702599207,0.5198616354784225,0.5200488331424782,0.5201287634325673,0.5197817051883333,0.5196718927607431,0.5202385758601575,0.0,0.0,0.0,0.0,0.12999999523162842,0.0,0.0,0.0,0.0,0.0,0.16890355944633484,0.22890356183052063,0.0,0.0,0.0,0.0
106.023,0.12999999523162842,-0.12999999523162842,0.25999999046325684,datactrl_ref_vx_fallback,states_vx_gs,-0.05999999865889549,states_theta,0.1037786602973938,0.3899660206977919,0.2251470565881238,0.5201179302522203,0.5197914582752248,0.5196589714582917,0.5202504170691534,0.5200605151351544,0.5198488733922907,0.0,0.0,0.0,0.0,0.12999999523162842,0.0,0.0,0.0,0.0,0.0,0.16890355944633484,0.22890356183052063,0.0,0.0,0.0,0.0
106.082,0.12999999523162842,-0.12999999523162842,0.25999999046325684,datactrl_ref_vx_fallback,states_vx_gs,-0.04999999701976776,states_theta,0.10834996402263641,0.3899660206977919,0.2251470565881238,0.5201179302522203,0.5197914582752248,0.5196589714582917,0.5202504170691534,0.5200605151351544,0.5198488733922907,0.0,0.0,0.0,0.0,0.12999999523162842,0.0,0.0,0.0,0.0,0.0,0.16396355628967285,0.2139635533094406,0.0,0.0,0.0,0.0
106.184,0.12999999523162842,-0.12999999523162842,0.25999999046325684,datactrl_ref_vx_fallback,states_vx_gs,-0.04999999701976776,states_theta,-0.05474139004945755,0.3899928566897832,0.22516248687107526,0.5199864084124176,0.5199945427603375,0.520025297760542,0.5199556534122132,0.5200890724044291,0.519891878768326,0.0,0.0,0.0,0.0,0.12999999523162842,0.0,0.0,0.0,0.0,0.0,0.15902356803417206,0.20902356505393982,0.0,0.0,0.0,0.0
106.235,0.12999999523162842,-0.12999999523162842,0.25999999046325684,datactrl_ref_vx_fallback,states_vx_gs,-0.04999999701976776,states_theta,-0.05474139004945755,0.38999272163518767,0.22516261809741014,0.5197262305491789,0.5202543604779882,0.5204430374706593,0.5195375535565078,0.51965402611626,0.5203265649109071,0.0,0.0,0.0,0.0,0.12999999523162842,0.0,0.0,0.0,0.0,0.0,0.15902356803417206,0.20902356505393982,0.0,0.0,0.0,0.0
106.29,0.12999999523162842,-0.12999999523162842,0.25999999046325684,datactrl_ref_vx_fallback,states_vx_gs,-0.05999999865889549,states_theta,-0.027453266084194183,0.38999272163518767,0.22516261809741014,0.5197262305491789,0.5202543604779882,0.5204430374706593,0.5195375535565078,0.51965402611626,0.5203265649109071,0.0,0.0,0.0,0.0,0.12999999523162842,0.0,0.0,0.0,0.0,0.0,0.15408356487751007,0.21408356726169586,0.0,0.0,0.0,0.0
106.341,0.12999999523162842,-0.12999999523162842,0.25999999046325684,datactrl_ref_vx_fallback,states_vx_gs,-0.05999999865889549,states_theta,-0.027453266084194183,0.3900061865781646,0.22517018703797193,0.5200215824065274,0.5199949151352449,0.5199930336484254,0.5200234638933469,0.5201424920291552,0.5198740055126171,0.0,0.0,0.0,0.0,0.12999999523162842,0.0,0.0,0.0,0.0,0.0,0.15408356487751007,0.21408356726169586,0.0,0.0,0.0,0.0
106.399,0.12999999523162842,-0.12999999523162842,0.25999999046325684,datactrl_ref_vx_fallback,states_vx_gs,-0.05999999865889549,states_theta,-0.03621312230825424,0.3900061865781646,0.22517018703797193,0.5200215824065274,0.5199949151352449,0.5199930336484254,0.5200234638933469,0.5201424920291552,0.5198740055126171,0.0,0.0,0.0,0.0,0.12999999523162842,0.0,0.0,0.0,0.0,0.0,0.14914356172084808,0.20914356410503387,0.0,0.0,0.0,0.0
106.456,0.12999999523162842,-0.12999999523162842,0.25999999046325684,datactrl_ref_vx_fallback,states_vx_gs,-0.05999999865889549,states_theta,-0.02699780836701393,0.3900333736091118,0.22518599613870774,0.5202307809918207,0.519858215299144,0.5197838472803623,0.5203051490106024,0.5203890982268872,0.5196998980640776,0.0,0.0,0.0,0.0,0.12999999523162842,0.0,0.0,0.0,0.0,0.0,0.1442035585641861,0.2042035609483719,0.0,0.0,0.0,0.0
106.626,0.12999999523162842,-0.12999999523162842,0.25999999046325684,datactrl_ref_vx_fallback,states_vx_gs,-0.07000000029802322,states_theta,-0.04905284568667412,0.39006101960682454,0.22520188686878234,0.5199510726499834,0.5202116463015487,0.520344016095673,0.5198187028558591,0.5199914803253941,0.520171238626138,0.0,0.0,0.0,0.0,0.12999999523162842,0.0,0.0,0.0,0.0,0.0,0.1392635703086853,0.20926356315612793,0.0,0.0,0.0,0.0
106.822,0.11999999731779099,-0.11999999731779099,0.23999999463558197,datactrl_ref_vx_fallback,states_vx_gs,-0.07000000029802322,states_theta,0.017041880637407303,0.39006209952862586,0.22520245877882802,0.520086440465357,0.5200791582776453,0.5200506030047869,0.5201149957382154,0.5200751389198004,0.5200904598232019,0.0,0.0,0.0,0.0,0.11999999731779099,0.0,0.0,0.0,0.0,0.0,0.15056756138801575,0.22056755423545837,0.0,0.0,0.0,0.0
107.01,0.11999999731779099,-0.11999999731779099,0.23999999463558197,datactrl_ref_vx_fallback,states_vx_gs,-0.05999999865889549,states_theta,0.027245210483670235,0.39008982651607754,0.22521857650450067,0.5199480194987385,0.5202915178774683,0.5204179279725025,0.5198216094037043,0.5198367863795943,0.5204027509966125,0.0,0.0,0.0,0.0,0.11999999731779099,0.0,0.0,0.0,0.0,0.0,0.14144755899906158,0.20144756138324738,0.0,0.0,0.0,0.0
107.194,0.11999999731779099,-0.11999999731779099,0.23999999463558197,datactrl_ref_vx_fallback,states_vx_gs,-0.05999999865889549,states_theta,-0.011218957602977753,0.39009144639869225,0.225219512811428,0.5202974165709956,0.5199464404921837,0.5198658200717167,0.5203780369914627,0.5204444373030116,0.5197994197601677,0.0,0.0,0.0,0.0,0.11999999731779099,0.0,0.0,0.0,0.0,0.0,0.13232755661010742,0.1923275589942932,0.0,0.0,0.0,0.0
107.264,0.11999999731779099,-0.11999999731779099,0.23999999463558197,datactrl_ref_vx_fallback,states_vx_gs,-0.05999999865889549,states_theta,-0.02019582875072956,0.3900922563399996,0.22521992820572004,0.520022987318369,0.5202230295882966,0.520374760898676,0.5198712560079897,0.5199415738142525,0.5203044430924131,0.0,0.0,0.0,0.0,0.11999999731779099,0.0,0.0,0.0,0.0,0.0,0.12776756286621094,0.18776756525039673,0.0,0.0,0.0,0.0
107.423,0.11999999731779099,-0.11999999731779099,0.23999999463558197,datactrl_ref_vx_fallback,states_vx_gs,-0.05999999865889549,states_theta,-0.001391228404827416,0.3901075842682944,0.22522875564544273,0.5201192932262209,0.5201675981558975,0.5200353981878187,0.5202514931942996,0.5203761456004532,0.5199107457816652,0.0,0.0,0.0,0.0,0.11999999731779099,0.0,0.0,0.0,0.0,0.0,0.12320756167173386,0.18320755660533905,0.0,0.0,0.0,0.0
107.619,0.10999999940395355,-0.10999999940395355,0.2199999988079071,datactrl_ref_vx_fallback,states_vx_gs,-0.05999999865889549,states_theta,0.08877871930599213,0.3900959282800746,0.22522201174074813,0.5201077244162783,0.5201480843305873,0.519993734821827,0.5202620739250386,0.5199789057983798,0.5202769029484858,0.0,0.0,0.0,0.0,0.10999999940395355,0.0,0.0,0.0,0.0,0.0,0.13511955738067627,0.19511955976486206,0.0,0.0,0.0,0.0
107.807,0.10999999940395355,-0.10999999940395355,0.2199999988079071,datactrl_ref_vx_fallback,states_vx_gs,-0.04999999701976776,states_theta,-0.07569555193185806,0.3900968192155127,0.2252225218390289,0.5200821534186032,0.5201760311560973,0.5203042713040913,0.5199539132706092,0.5201284328238678,0.5201297517508328,0.0,0.0,0.0,0.0,0.10999999940395355,0.0,0.0,0.0,0.0,0.0,0.1263415515422821,0.17634154856204987,0.0,0.0,0.0,0.0
107.859,0.10999999940395355,-0.10999999940395355,0.2199999988079071,datactrl_ref_vx_fallback,states_vx_gs,-0.05999999865889549,states_theta,-0.10312356054782867,0.39009762915682006,0.2252229996659575,0.5201003010768869,0.5201600433413,0.5201865563764547,0.5200737880417321,0.5203474530707319,0.5199128913474549,0.0,0.0,0.0,0.0,0.10999999940395355,0.0,0.0,0.0,0.0,0.0,0.12216155230998993,0.18216155469417572,0.0,0.0,0.0,0.0
107.921,0.10999999940395355,-0.10999999940395355,0.2199999988079071,datactrl_ref_vx_fallback,states_vx_gs,-0.05999999865889549,states_theta,-0.10312356054782867,0.39007138706177974,0.22520784408157238,0.5200284971125523,0.520161868385527,0.5199176450794539,0.5202727204186254,0.5200124916777648,0.5201778738203146,0.0,0.0,0.0,0.0,0.10999999940395355,0.0,0.0,0.0,0.0,0.0,0.12216155230998993,0.18216155469417572,0.0,0.0,0.0,0.0
108.109,0.10999999940395355,-0.10999999940395355,0.2199999988079071,datactrl_ref_vx_fallback,states_vx_gs,-0.04999999701976776,states_theta,-0.00799541361629963,0.38969430203108185,0.2249901208259114,0.51955664922916,0.5196281561870583,0.5196834442567924,0.5195013611594259,0.5194944426722772,0.5196903627439411,0.0,0.0,0.0,0.0,0.10999999940395355,0.0,0.0,0.0,0.0,0.0,0.11380155384540558,0.16380155086517334,0.0,0.0,0.0,0.0
108.159,0.10999999940395355,-0.10999999940395355,0.2199999988079071,datactrl_ref_vx_fallback,states_vx_gs,-0.04999999701976776,states_theta,-0.08768585324287415,0.39004203994288433,0.2251908992089299,0.5199985284705425,0.5201135780438156,0.5202438469154128,0.5198682595989453,0.520012769644517,0.5200993368698411,0.0,0.0,0.0,0.0,0.10999999940395355,0.0,0.0,0.0,0.0,0.0,0.11380155384540558,0.16380155086517334,0.0,0.0,0.0,0.0
108.215,0.10999999940395355,-0.10999999940395355,0.2199999988079071,datactrl_ref_vx_fallback,states_vx_gs,-0.04999999701976776,states_theta,-0.08768585324287415,0.39004203994288433,0.2251908992089299,0.5199985284705425,0.5201135780438156,0.5202438469154128,0.5198682595989453,0.520012769644517,0.5200993368698411,0.0,0.0,0.0,0.0,0.10999999940395355,0.0,0.0,0.0,0.0,0.0,0.1096215546131134,0.15962155163288116,0.0,0.0,0.0,0.0
108.271,0.10999999940395355,-0.10999999940395355,0.2199999988079071,datactrl_ref_vx_fallback,states_vx_gs,-0.04999999701976776,states_theta,0.05906426161527634,0.38966580993172767,0.22497367870337776,0.5195895723686663,0.5195192541159408,0.519375681748179,0.5197331447364281,0.5195584808776933,0.5195503456069138,0.0,0.0,0.0,0.0,0.10999999940395355,0.0,0.0,0.0,0.0,0.0,0.10544155538082123,0.155441552400589,0.0,0.0,0.0,0.0
108.506,0.09999999403953552,-0.09999999403953552,0.19999998807907104,datactrl_ref_vx_fallback,states_vx_gs,-0.03999999910593033,states_theta,-0.00682925246655941,0.39001220685917815,0.22517366148682968,0.5198969673223538,0.5201355843021213,0.519982929432544,0.5200496221919311,0.52004139199944,0.5199911596250351,0.0,0.0,0.0,0.0,0.09999999403953552,0.0,0.0,0.0,0.0,0.0,0.11777156591415405,0.15777157247066498,0.0,0.0,0.0,0.0
108.669,0.09999999403953552,-0.09999999403953552,0.19999998807907104,datactrl_ref_vx_fallback,states_vx_gs,-0.03999999910593033,states_theta,-0.037617508322000504,0.38999843129063144,0.22516571409245742,0.5200794329672012,0.519916383807816,0.51998314761239,0.5200126691626272,0.5201386257983986,0.5198571909766185,0.0,0.0,0.0,0.0,0.09999999403953552,0.0,0.0,0.0,0.0,0.0,0.11397156864404678,0.1539715677499771,0.0,0.0,0.0,0.0
108.871,0.09999999403953552,-0.09999999403953552,0.19999998807907104,datactrl_ref_vx_fallback,states_vx_gs,-0.04999999701976776,states_theta,-0.003469333751127124,0.3899687751739667,0.22514864910905955,0.519834798200854,0.5200819355963906,0.5202057201587735,0.519711013638471,0.5197284783005074,0.5201882554967372,0.0,0.0,0.0,0.0,0.09999999403953552,0.0,0.0,0.0,0.0,0.0,0.10637156665325165,0.1563715636730194,0.0,0.0,0.0,0.0
109.082,0.09999999403953552,-0.09999999403953552,0.19999998807907104,datactrl_ref_vx_fallback,states_vx_gs,-0.04999999701976776,states_theta,-0.03381694108247757,0.3899404540963873,0.22513234052066994,0.5200981991341724,0.519743011789527,0.5196867698609428,0.5201544410627567,0.5202667077539286,0.5195745031697708,0.0,0.0,0.0,0.0,0.09999999403953552,0.0,0.0,0.0,0.0,0.0,0.09877156466245651,0.14877156913280487,0.0,0.0,0.0,0.0
109.27,0.09999999403953552,-0.09999999403953552,0.19999998807907104,datactrl_ref_vx_fallback,states_vx_gs,-0.05999999865889549,states_theta,-0.028551189228892326,0.38989828999171683,0.22510806217646,0.5196553277582396,0.5200734455530052,0.520295361605609,0.5194334117056358,0.5195581225310077,0.520170650780237,0.0,0.0,0.0,0.0,0.09999999403953552,0.0,0.0,0.0,0.0,0.0,0.09117157012224197,0.15117156505584717,0.0,0.0,0.0,0.0
109.484,0.09999999403953552,-0.09999999403953552,0.19999998807907104,datactrl_ref_vx_fallback,states_vx_gs,-0.07000000029802322,states_theta,-0.0036929387133568525,0.3898961298907198,0.22510675791420365,0.5200092121471774,0.5197138008947421,0.5196270776541875,0.520095935387732,0.5202404379771893,0.5194825750647302,0.0,0.0,0.0,0.0,0.09999999403953552,0.0,0.0,0.0,0.0,0.0,0.08357156813144684,0.15357157588005066,0.0,0.0,0.0,0.0
109.707,0.08999999612569809,-0.08999999612569809,0.17999999225139618,datactrl_ref_vx_fallback,states_vx_gs,-0.05999999865889549,states_theta,0.05908309295773506,0.38986648577583605,0.22508956183794576,0.5198254038535812,0.519818558215315,0.5200269928711675,0.5196169691977287,0.5196420446813012,0.520001917387595,0.0,0.0,0.0,0.0,0.08999999612569809,0.0,0.0,0.0,0.0,0.0,0.09715556353330612,0.15715555846691132,0.0,0.0,0.0,0.0
109.822,0.08999999612569809,-0.08999999612569809,0.17999999225139618,datactrl_ref_vx_fallback,states_vx_gs,-0.05999999865889549,states_theta,0.00948316603899002,0.38986513574484366,0.2250887615086237,0.5198113613698153,0.5198290006164344,0.5199694272550338,0.519670934731216,0.519699964862712,0.5199403971235378,0.0,0.0,0.0,0.0,0.08999999612569809,0.0,0.0,0.0,0.0,0.0,0.09373556822538376,0.15373556315898895,0.0,0.0,0.0,0.0
109.891,0.08999999612569809,-0.08999999612569809,0.17999999225139618,datactrl_ref_vx_fallback,states_vx_gs,-0.05999999865889549,states_theta,0.00948316603899002,0.38986378571385105,0.22508797484461987,0.5198334580164872,0.5198033038871157,0.5197127338021417,0.5199240281014612,0.519929774204053,0.5197069876995499,0.0,0.0,0.0,0.0,0.08999999612569809,0.0,0.0,0.0,0.0,0.0,0.0903155654668808,0.1503155678510666,0.0,0.0,0.0,0.0
110.093,0.08999999612569809,-0.08999999612569809,0.17999999225139618,datactrl_ref_vx_fallback,states_vx_gs,-0.05999999865889549,states_theta,0.0032517577055841684,0.38986108565186606,0.22508643884863755,0.5198789248649849,0.5197506368733247,0.5196590121136822,0.5199705496246274,0.5200061662209516,0.5196233955173579,0.0,0.0,0.0,0.0,0.08999999612569809,0.0,0.0,0.0,0.0,0.0,0.08347556740045547,0.14347556233406067,0.0,0.0,0.0,0.0
110.167,0.08999999612569809,-0.08999999612569809,0.17999999225139618,datactrl_ref_vx_fallback,states_vx_gs,-0.05999999865889549,states_theta,-0.00943090207874775,0.38985973562087367,0.22508563924450195,0.5198573927535894,0.5197685689020737,0.5196497670026977,0.5199761946529654,0.5198223304662656,0.5198036311893975,0.0,0.0,0.0,0.0,0.08999999612569809,0.0,0.0,0.0,0.0,0.0,0.08005556464195251,0.1400555670261383,0.0,0.0,0.0,0.0
110.266,0.08999999612569809,-0.08999999612569809,0.17999999225139618,datactrl_ref_vx_fallback,states_vx_gs,-0.04999999701976776,states_theta,0.04960895702242851,0.38985838558988106,0.22508485932569064,0.5198535995696337,0.5197687620033825,0.5196518167958081,0.5199705447772082,0.5197858542940971,0.5198365072789192,0.0,0.0,0.0,0.0,0.08999999612569809,0.0,0.0,0.0,0.0,0.0,0.07663556933403015,0.1266355663537979,0.0,0.0,0.0,0.0
110.46,0.07999999821186066,-0.07999999821186066,0.1599999964237213,datactrl_ref_vx_fallback,states_vx_gs,-0.03999999910593033,states_theta,0.045937541872262955,0.3902597745528929,0.22531660152519273,0.5204153014623798,0.5202774306786679,0.520201949753386,0.5204907823876618,0.5203970729667285,0.5202956591743192,0.0,0.0,0.0,0.0,0.07999999821186066,0.0,0.0,0.0,0.0,0.0,0.09056156128644943,0.13056156039237976,0.0,0.0,0.0,0.0
110.645,0.07999999821186066,-0.07999999821186066,0.1599999964237213,datactrl_ref_vx_fallback,states_vx_gs,-0.03999999910593033,states_theta,0.022051066160202026,0.38988594451075964,0.22510077046163718,0.5199182384152939,0.5197776136133984,0.5197087263055646,0.5199871257231277,0.519907029611439,0.5197888224172533,0.0,0.0,0.0,0.0,0.07999999821186066,0.0,0.0,0.0,0.0,0.0,0.08448155969381332,0.12448155879974365,0.0,0.0,0.0,0.0
110.698,0.07999999821186066,-0.07999999821186066,0.1599999964237213,datactrl_ref_vx_fallback,states_vx_gs,-0.03999999910593033,states_theta,0.00967465341091156,0.389912051486812,0.2251158430940924,0.5199542225350391,0.5198112480964596,0.5197500239046802,0.5200154467268185,0.5199510403366367,0.519814430294862,0.0,0.0,0.0,0.0,0.07999999821186066,0.0,0.0,0.0,0.0,0.0,0.08144155889749527,0.1214415580034256,0.0,0.0,0.0,0.0
110.84,0.07999999821186066,-0.07999999821186066,0.1599999964237213,datactrl_ref_vx_fallback,states_vx_gs,-0.03999999910593033,states_theta,-0.12256468087434769,0.3903035779004234,0.2253418895601239,0.5204678340826473,0.5203417069851485,0.520525389332162,0.5202841517356338,0.5204843969958188,0.5203251440719769,0.0,0.0,0.0,0.0,0.07999999821186066,0.0,0.0,0.0,0.0,0.0,0.07840155810117722,0.11840155720710754,0.0,0.0,0.0,0.0
110.923,0.07999999821186066,-0.07999999821186066,0.1599999964237213,datactrl_ref_vx_fallback,states_vx_gs,-0.05999999865889549,states_theta,-0.12853208184242249,0.38995476291071207,0.22514051109863645,0.5199911895490532,0.5198881782128457,0.519754781957756,0.5201245858041429,0.5198625230119865,0.5200168447499124,0.0,0.0,0.0,0.0,0.07999999821186066,0.0,0.0,0.0,0.0,0.0,0.07536156475543976,0.13536156713962555,0.0,0.0,0.0,0.0
111.023,0.07999999821186066,-0.07999999821186066,0.1599999964237213,datactrl_ref_vx_fallback,states_vx_gs,-0.03999999910593033,states_theta,0.13945823907852173,0.39033273286725917,0.22535875580533182,0.5205220962942231,0.5203651913518014,0.5203251699915521,0.5205621176544724,0.5201881348429003,0.5206991528031242,0.0,0.0,0.0,0.0,0.07999999821186066,0.0,0.0,0.0,0.0,0.0,0.06928156316280365,0.10928156226873398,0.0,0.0,0.0,0.0
111.123,0.07999999821186066,-0.07999999821186066,0.1599999964237213,datactrl_ref_vx_fallback,states_vx_gs,-0.029999999329447746,states_theta,0.04446772485971451,0.38998448787349727,0.2251576812368389,0.5200037213148085,0.5199549130145176,0.5199754671140788,0.5199831672152473,0.5197398173892269,0.5202188169400992,0.0,0.0,0.0,0.0,0.07999999821186066,0.0,0.0,0.0,0.0,0.0,0.0662415623664856,0.09624156355857849,0.0,0.0,0.0,0.0
111.223,0.07999999821186066,-0.07999999821186066,0.1599999964237213,datactrl_ref_vx_fallback,states_vx_gs,-0.04999999701976776,states_theta,-0.2589332163333893,0.3899843528189017,0.22515768216338228,0.5198126480086734,0.5201456261750644,0.5203866417905209,0.519571632393217,0.5200585848669709,0.519899689316767,0.0,0.0,0.0,0.0,0.07999999821186066,0.0,0.0,0.0,0.0,0.0,0.06320156157016754,0.1132015585899353,0.0,0.0,0.0,0.0
111.323,0.07999999821186066,-0.07999999821186066,0.1599999964237213,datactrl_ref_vx_fallback,states_vx_gs,-0.07000000029802322,states_theta,-0.16662214696407318,0.3899977367291214,0.22516538060526337,0.5199959499124475,0.5199980146985429,0.5200078339417172,0.5199861306692731,0.5203819089381297,0.5196120556728606,0.0,0.0,0.0,0.0,0.07999999821186066,0.0,0.0,0.0,0.0,0.0,0.06016156077384949,0.1301615685224533,0.0,0.0,0.0,0.0
111.423,0.07000000029802322,-0.07000000029802322,0.14000000059604645,datactrl_ref_vx_fallback,states_vx_gs,-0.05999999865889549,states_theta,0.1648194044828415,0.3899977367291214,0.22516541472944704,0.5201994046004949,0.5197945600104955,0.5196113733052627,0.5203825913057276,0.5201387106826807,0.5198552539283097,0.0,0.0,0.0,0.0,0.07000000029802322,0.0,0.0,0.0,0.0,0.0,0.07773555815219879,0.13773556053638458,0.0,0.0,0.0,0.0
111.523,0.07000000029802322,-0.07000000029802322,0.14000000059604645,datactrl_ref_vx_fallback,states_vx_gs,-0.03999999910593033,states_theta,0.16857536137104034,0.39002500475420365,0.2251811377654837,0.5199533611022087,0.5201133182423343,0.5200700686399308,0.5199966107046122,0.5196262797009933,0.5204403996435497,0.0,0.0,0.0,0.0,0.07000000029802322,0.0,0.0,0.0,0.0,0.0,0.07507555931806564,0.11507555842399597,0.0,0.0,0.0,0.0
111.624,0.07000000029802322,-0.07000000029802322,0.14000000059604645,datactrl_ref_vx_fallback,states_vx_gs,-0.03999999910593033,states_theta,-0.05511892959475517,0.390025274734654,0.22518129365525702,0.5199030224626217,0.5201643768297889,0.5203530852957637,0.5197143139966468,0.5198004840567353,0.5202669152356753,0.0,0.0,0.0,0.0,0.07000000029802322,0.0,0.0,0.0,0.0,0.0,0.0724155604839325,0.11241555958986282,0.0,0.0,0.0,0.0
111.724,0.07000000029802322,-0.07000000029802322,0.14000000059604645,datactrl_ref_vx_fallback,states_vx_gs,-0.04999999701976776,states_theta,-0.06450773030519485,0.39005267774996133,0.22519716891479433,0.5202661577725951,0.5198743162273018,0.5198143086909086,0.5203261653089883,0.5204790215620119,0.5196614524378851,0.0,0.0,0.0,0.0,0.07000000029802322,0.0,0.0,0.0,0.0,0.0,0.06975555419921875,0.11975555121898651,0.0,0.0,0.0,0.0
111.824,0.07000000029802322,-0.07000000029802322,0.14000000059604645,datactrl_ref_vx_fallback,states_vx_gs,-0.04999999701976776,states_theta,0.017346130684018135,0.3900532177108621,0.2251973792385121,0.5201827063639676,0.5199592075316647,0.5198639930517404,0.5202779208438919,0.5202524676299192,0.5198894462657131,0.0,0.0,0.0,0.0,0.07000000029802322,0.0,0.0,0.0,0.0,0.0,0.0670955553650856,0.11709555238485336,0.0,0.0,0.0,0.0
111.924,0.07000000029802322,-0.07000000029802322,0.14000000059604645,datactrl_ref_vx_fallback,states_vx_gs,-0.04999999701976776,states_theta,0.0078107332810759544,0.39005375767176287,0.22519778997374404,0.5198732110762886,0.520270142715079,0.5204016817158541,0.5197416720755135,0.5197277109745007,0.5204156428168669,0.0,0.0,0.0,0.0,0.07000000029802322,0.0,0.0,0.0,0.0,0.0,0.06443555653095245,0.11443555355072021,0.0,0.0,0.0,0.0
112.025,0.07000000029802322,-0.07000000029802322,0.14000000059604645,datactrl_ref_vx_fallback,states_vx_gs,-0.04999999701976776,states_theta,-0.01906454749405384,0.3900814576611738,0.22521364140908437,0.5200613570918607,0.5201558633379361,0.5201942451744137,0.5200229752553831,0.5200563991066025,0.5201608213231943,0.0,0.0,0.0,0.0,0.07000000029802322,0.0,0.0,0.0,0.0,0.0,0.061775557696819305,0.11177555471658707,0.0,0.0,0.0,0.0
112.124,0.07000000029802322,-0.07000000029802322,0.14000000059604645,datactrl_ref_vx_fallback,states_vx_gs,-0.04999999701976776,states_theta,-0.010527029633522034,0.39008226760248116,0.22521426804193045,0.5203193003825491,0.519900079890734,0.5197562686484877,0.5204631116247954,0.5204701688760643,0.5197492113972187,0.0,0.0,0.0,0.0,0.07000000029802322,0.0,0.0,0.0,0.0,0.0,0.05911555886268616,0.10911555588245392,0.0,0.0,0.0,0.0
112.224,0.07000000029802322,-0.07000000029802322,0.14000000059604645,datactrl_ref_vx_fallback,states_vx_gs,-0.04999999701976776,states_theta,0.0021388153545558453,0.3900830775437885,0.22521457355062302,0.5201625781005212,0.5200589620162481,0.5200541298410066,0.5201674102757627,0.5201393729259911,0.5200821671907783,0.0,0.0,0.0,0.0,0.07000000029802322,0.0,0.0,0.0,0.0,0.0,0.05645555630326271,0.10645555704832077,0.0,0.0,0.0,0.0
112.324,0.07000000029802322,-0.07000000029802322,0.14000000059604645,datactrl_ref_vx_fallback,states_vx_gs,-0.04999999701976776,states_theta,-0.004981467500329018,0.39008388748509587,0.22521528153985934,0.5199118566091306,0.520311843351125,0.5205477324986496,0.519675967461606,0.5196538127755344,0.5205698871847213,0.0,0.0,0.0,0.0,0.07000000029802322,0.0,0.0,0.0,0.0,0.0,0.05379555746912956,0.10379555821418762,0.0,0.0,0.0,0.0
112.424,0.07000000029802322,-0.07000000029802322,0.14000000059604645,datactrl_ref_vx_fallback,states_vx_gs,-0.04999999701976776,states_theta,-0.013236884027719498,0.3900846974264032,0.2252155119085746,0.5200895156550945,0.5201363441486474,0.5201823248469033,0.5200435349568386,0.5200294748330672,0.5201963849706748,0.0,0.0,0.0,0.0,0.07000000029802322,0.0,0.0,0.0,0.0,0.0,0.051135558634996414,0.10113555192947388,0.0,0.0,0.0,0.0
112.525,0.05999999865889549,-0.05999999865889549,0.11999999731779099,datactrl_ref_vx_fallback,states_vx_gs,-0.04999999701976776,states_theta,-0.021004531532526016,0.39009913438060706,0.22522402390338703,0.5203088261926255,0.51995553215566,0.5198027360448542,0.5204616223034314,0.520569416703739,0.5196949416445465,0.0,0.0,0.0,0.0,0.05999999865889549,0.0,0.0,0.0,0.0,0.0,0.06912755966186523,0.119127556681633,0.0,0.0,0.0,0.0
112.625,0.05999999865889549,-0.05999999865889549,0.11999999731779099,datactrl_ref_vx_fallback,states_vx_gs,-0.05999999865889549,states_theta,-0.028803197667002678,0.3901000793765538,0.22522439426476137,0.5201293659107313,0.5201375124267453,0.5202122918656206,0.5200545864718561,0.5202280290771807,0.520038849260296,0.0,0.0,0.0,0.0,0.05999999865889549,0.0,0.0,0.0,0.0,0.0,0.06684756278991699,0.12684756517410278,0.0,0.0,0.0,0.0
112.726,0.05999999865889549,-0.05999999865889549,0.11999999731779099,datactrl_ref_vx_fallback,states_vx_gs,-0.04999999701976776,states_theta,0.035257890820503235,0.3901010243725003,0.2252250410776265,0.5199839175009698,0.5202854808256977,0.5204197414956561,0.5198496568310115,0.5198288002674559,0.5204405980592116,0.0,0.0,0.0,0.0,0.05999999865889549,0.0,0.0,0.0,0.0,0.0,0.06456755846738815,0.11456755548715591,0.0,0.0,0.0,0.0
112.826,0.05999999865889549,-0.05999999865889549,0.11999999731779099,datactrl_ref_vx_fallback,states_vx_gs,-0.04999999701976776,states_theta,0.07028158009052277,0.3901019693684468,0.22522549755984148,0.5202089043077999,0.5200630140080583,0.5199704672759157,0.5203014510399425,0.5202014488557866,0.5200704694600716,0.0,0.0,0.0,0.0,0.05999999865889549,0.0,0.0,0.0,0.0,0.0,0.06228756159543991,0.11228755861520767,0.0,0.0,0.0,0.0
112.925,0.05999999865889549,-0.05999999865889549,0.11999999731779099,datactrl_ref_vx_fallback,states_vx_gs,-0.04999999701976776,states_theta,0.004687529057264328,0.39010291436439337,0.22522611726387534,0.520284737181536,0.5199897011235131,0.5198798210018211,0.520394617303228,0.5204244731791822,0.5198499651258669,0.0,0.0,0.0,0.0,0.05999999865889549,0.0,0.0,0.0,0.0,0.0,0.06000756099820137,0.11000756174325943,0.0,0.0,0.0,0.0
113.025,0.05999999865889549,-0.05999999865889549,0.11999999731779099,datactrl_ref_vx_fallback,states_vx_gs,-0.04999999701976776,states_theta,-0.01752401702105999,0.39009025935837127,0.22521873601568376,0.5201681807532688,0.5200725108690547,0.5202793880027733,0.5199613036195502,0.5200307223390733,0.5202099692832501,0.0,0.0,0.0,0.0,0.05999999865889549,0.0,0.0,0.0,0.0,0.0,0.05772756040096283,0.10772755742073059,0.0,0.0,0.0,0.0
113.126,0.05999999865889549,-0.05999999865889549,0.11999999731779099,datactrl_ref_vx_fallback,states_vx_gs,-0.04999999701976776,states_theta,0.0255567766726017,0.39009106929967863,0.22521933811160066,0.5200150880523937,0.520227763413416,0.5204728554391786,0.5197699960266311,0.5197431436331672,0.5204997078326425,0.0,0.0,0.0,0.0,0.05999999865889549,0.0,0.0,0.0,0.0,0.0,0.05544755980372429,0.10544756054878235,0.0,0.0,0.0,0.0
113.226,0.05999999865889549,-0.05999999865889549,0.11999999731779099,datactrl_ref_vx_fallback,states_vx_gs,-0.03999999910593033,states_theta,0.02534693107008934,0.390091879240986,0.22521965669506852,0.5200491559103534,0.5201958553989426,0.520074528039556,0.52017048326974,0.5200812868538551,0.5201637244554409,0.0,0.0,0.0,0.0,0.05999999865889549,0.0,0.0,0.0,0.0,0.0,0.05316756293177605,0.09316755831241608,0.0,0.0,0.0,0.0
113.326,0.05999999865889549,-0.05999999865889549,0.11999999731779099,datactrl_ref_vx_fallback,states_vx_gs,-0.04999999701976776,states_theta,-0.05142218992114067,0.39009268918229334,0.22522018236846444,0.5200270173417572,0.5202201538110252,0.5199617703159132,0.5202854008368691,0.520403710733967,0.5198434604188154,0.0,0.0,0.0,0.0,0.05999999865889549,0.0,0.0,0.0,0.0,0.0,0.050887562334537506,0.10088755935430527,0.0,0.0,0.0,0.0
113.426,0.05999999865889549,-0.05999999865889549,0.11999999731779099,datactrl_ref_vx_fallback,states_vx_gs,-0.04999999701976776,states_theta,-0.06381119042634964,0.39006628509900915,0.22520489689322376,0.5199741609954954,0.520202599268529,0.5202505405284483,0.5199262197355761,0.5200631712136714,0.520113589050353,0.0,0.0,0.0,0.0,0.05999999865889549,0.0,0.0,0.0,0.0,0.0,0.048607561737298965,0.09860755503177643,0.0,0.0,0.0,0.0
113.526,0.05999999865889549,-0.05999999865889549,0.11999999731779099,datactrl_ref_vx_fallback,states_vx_gs,-0.04999999701976776,states_theta,0.08102896809577942,0.3900668250599098,0.22520520058118024,0.5201923965373656,0.5199858036223939,0.5199959522050179,0.5201822479547416,0.5200109199712302,0.5201672801885293,0.0,0.0,0.0,0.0,0.05999999865889549,0.0,0.0,0.0,0.0,0.0,0.046327561140060425,0.09632755815982819,0.0,0.0,0.0,0.0
113.626,0.04999999701976776,-0.04999999701976776,0.09999999403953552,datactrl_ref_vx_fallback,states_vx_gs,-0.03999999910593033,states_theta,0.01445893757045269,0.3896614279982732,0.22497118314298603,0.5196800504437721,0.5194170908849564,0.5193616101408467,0.5197355311878817,0.5197553998503999,0.5193417414783286,0.0,0.0,0.0,0.0,0.04999999701976776,0.0,0.0,0.0,0.0,0.0,0.06481356173753738,0.10481356084346771,0.0,0.0,0.0,0.0
113.727,0.04999999701976776,-0.04999999701976776,0.09999999403953552,datactrl_ref_vx_fallback,states_vx_gs,-0.03999999910593033,states_theta,-0.002469731727614999,0.3900366979703416,0.22518784768430833,0.520187770862298,0.5199100903919462,0.519875635158308,0.5202222260959362,0.5202725061728806,0.5198253550813636,0.0,0.0,0.0,0.0,0.04999999701976776,0.0,0.0,0.0,0.0,0.0,0.06291356682777405,0.10291356593370438,0.0,0.0,0.0,0.0
113.827,0.04999999701976776,-0.04999999701976776,0.09999999403953552,datactrl_ref_vx_fallback,states_vx_gs,-0.04999999701976776,states_theta,-0.00543789379298687,0.3900098349159348,0.225172449118128,0.519810998158058,0.5202152282844349,0.520421893715481,0.5196043327270119,0.5197114944339061,0.5203147320085868,0.0,0.0,0.0,0.0,0.04999999701976776,0.0,0.0,0.0,0.0,0.0,0.061013564467430115,0.11101356148719788,0.0,0.0,0.0,0.0
113.927,0.04999999701976776,-0.04999999701976776,0.09999999403953552,datactrl_ref_vx_fallback,states_vx_gs,-0.03999999910593033,states_theta,0.02440483309328556,0.38999627543474097,0.22516451617991562,0.5198522920349428,0.5201377757910332,0.5202000267563099,0.519790041069666,0.5197747654285886,0.5202153023973873,0.0,0.0,0.0,0.0,0.04999999701976776,0.0,0.0,0.0,0.0,0.0,0.05911356583237648,0.09911356121301651,0.0,0.0,0.0,0.0
114.027,0.04999999701976776,-0.04999999701976776,0.09999999403953552,datactrl_ref_vx_fallback,states_vx_gs,-0.03999999910593033,states_theta,0.014341644942760468,0.38999614038014546,0.22516452620362631,0.5201860810701688,0.5198036266102191,0.5196539114235673,0.5203357962568206,0.5203363464691683,0.5196533612112196,0.0,0.0,0.0,0.0,0.04999999701976776,0.0,0.0,0.0,0.0,0.0,0.05721356347203255,0.09721356630325317,0.0,0.0,0.0,0.0
114.127,0.04999999701976776,-0.04999999701976776,0.09999999403953552,datactrl_ref_vx_fallback,states_vx_gs,-0.03999999910593033,states_theta,-0.023344777524471283,0.3899689262867829,0.22514868663688944,0.5200503069676716,0.5198668297970828,0.5198757843751189,0.5200413523896354,0.5201150369628631,0.5198020998018913,0.0,0.0,0.0,0.0,0.04999999701976776,0.0,0.0,0.0,0.0,0.0,0.05531356483697891,0.09531356394290924,0.0,0.0,0.0,0.0
114.227,0.04999999701976776,-0.04999999701976776,0.09999999403953552,datactrl_ref_vx_fallback,states_vx_gs,-0.03999999910593033,states_theta,-0.0007469821721315384,0.38996852125173687,0.22514864347693908,0.5197234086345062,0.5201926480367922,0.5203736676049342,0.5195423890663642,0.5195638042938318,0.5203522523774666,0.0,0.0,0.0,0.0,0.04999999701976776,0.0,0.0,0.0,0.0,0.0,0.05341356620192528,0.09341356158256531,0.0,0.0,0.0,0.0
114.328,0.04999999701976776,-0.04999999701976776,0.09999999403953552,datactrl_ref_vx_fallback,states_vx_gs,-0.03999999910593033,states_theta,0.023551270365715027,0.389941037177924,0.2251325655497547,0.5198856065601678,0.5199571592476295,0.5199435611097913,0.519899204698006,0.5198647109354639,0.5199780548723334,0.0,0.0,0.0,0.0,0.04999999701976776,0.0,0.0,0.0,0.0,0.0,0.051513563841581345,0.09151356667280197,0.0,0.0,0.0,0.0
114.428,0.04999999701976776,-0.04999999701976776,0.09999999403953552,datactrl_ref_vx_fallback,states_vx_gs,-0.03999999910593033,states_theta,-0.0012356521328911185,0.3899403621624278,0.22513240956640437,0.5201789492722226,0.5196620164942514,0.5195025142877211,0.5203384514787529,0.5203499650437148,0.5194910007227592,0.0,0.0,0.0,0.0,0.04999999701976776,0.0,0.0,0.0,0.0,0.0,0.04961356520652771,0.08961356431245804,0.0,0.0,0.0,0.0
114.527,0.04999999701976776,-0.04999999701976776,0.09999999403953552,datactrl_ref_vx_fallback,states_vx_gs,-0.03999999910593033,states_theta,-0.022234026342630386,0.38992616818211634,0.22512397964640765,0.5199313669619348,0.5198717481903754,0.5199096849603945,0.5198934301919157,0.5199429714231042,0.519860143729206,0.0,0.0,0.0,0.0,0.04999999701976776,0.0,0.0,0.0,0.0,0.0,0.047713566571474075,0.0877135619521141,0.0,0.0,0.0,0.0
114.627,0.04999999701976776,-0.04999999701976776,0.09999999403953552,datactrl_ref_vx_fallback,states_vx_gs,-0.03999999910593033,states_theta,-0.005203901324421167,0.38992535811202444,0.22512380771106585,0.5196236216178547,0.5201773333475439,0.5203835644698191,0.5194173904955794,0.5194258133332423,0.5203751416321563,0.0,0.0,0.0,0.0,0.04999999701976776,0.0,0.0,0.0,0.0,0.0,0.04581356421113014,0.08581356704235077,0.0,0.0,0.0,0.0
114.728,0.04999999701976776,-0.04999999701976776,0.09999999403953552,datactrl_ref_vx_fallback,states_vx_gs,-0.03999999910593033,states_theta,0.00683836592361331,0.3898972800212596,0.2251073043890712,0.5198147973888914,0.519911282667801,0.5199069939120722,0.5198190861446201,0.5197966523464752,0.5199294277102171,0.0,0.0,0.0,0.0,0.04999999701976776,0.0,0.0,0.0,0.0,0.0,0.04391356557607651,0.08391356468200684,0.0,0.0,0.0,0.0
114.828,0.03999999910593033,-0.03999999910593033,0.07999999821186066,datactrl_ref_vx_fallback,states_vx_gs,-0.03999999910593033,states_theta,0.0028459394816309214,0.3898961999707612,0.22510679873847161,0.5200170360694432,0.5197061638525866,0.5195992736749578,0.5201239262470719,0.5202194297350601,0.5195037701869697,0.0,0.0,0.0,0.0,0.03999999910593033,0.0,0.0,0.0,0.0,0.0,0.06274156272411346,0.10274156183004379,0.0,0.0,0.0,0.0
114.929,0.03999999910593033,-0.03999999910593033,0.07999999821186066,datactrl_ref_vx_fallback,states_vx_gs,-0.03999999910593033,states_theta,0.00011287973029538989,0.38986795988296874,0.22509037670746299,0.5198813559481068,0.5197665370731432,0.5198964175969836,0.5197514754242665,0.5198498871672566,0.5197980058539935,0.0,0.0,0.0,0.0,0.03999999910593033,0.0,0.0,0.0,0.0,0.0,0.06122156232595444,0.10122156143188477,0.0,0.0,0.0,0.0
115.03,0.03999999910593033,-0.03999999910593033,0.07999999821186066,datactrl_ref_vx_fallback,states_vx_gs,-0.03999999910593033,states_theta,0.06786496937274933,0.3898666098519763,0.22508967442442515,0.5197478926433083,0.519896400295295,0.5200656173194547,0.5195786756191487,0.5195334107334417,0.5201108822051617,0.0,0.0,0.0,0.0,0.03999999910593033,0.0,0.0,0.0,0.0,0.0,0.05970156192779541,0.09970156103372574,0.0,0.0,0.0,0.0
115.128,0.03999999910593033,-0.03999999910593033,0.07999999821186066,datactrl_ref_vx_fallback,states_vx_gs,-0.029999999329447746,states_theta,0.08453047275543213,0.38986525982098374,0.22508882176236736,0.5197740703211403,0.5198666225348164,0.519703283779364,0.5199374090765927,0.5197988066091623,0.5198418862467944,0.0,0.0,0.0,0.0,0.03999999910593033,0.0,0.0,0.0,0.0,0.0,0.05818156152963638,0.08818156272172928,0.0,0.0,0.0,0.0
115.229,0.03999999910593033,-0.03999999910593033,0.07999999821186066,datactrl_ref_vx_fallback,states_vx_gs,-0.029999999329447746,states_theta,0.02649659290909767,0.3898639097899913,0.2250880739717899,0.519800722908774,0.5198363698645361,0.5196170417229212,0.5200200510503888,0.5199984904409832,0.5196386023323268,0.0,0.0,0.0,0.0,0.03999999910593033,0.0,0.0,0.0,0.0,0.0,0.056661561131477356,0.08666156232357025,0.0,0.0,0.0,0.0
115.329,0.03999999910593033,-0.03999999910593033,0.07999999821186066,datactrl_ref_vx_fallback,states_vx_gs,-0.029999999329447746,states_theta,-0.036579035222530365,0.3898353457256061,0.22507156078699328,0.5197413596749774,0.5198195622599722,0.5197170720573273,0.5198438498776222,0.5199497259592195,0.51961119597573,0.0,0.0,0.0,0.0,0.03999999910593033,0.0,0.0,0.0,0.0,0.0,0.05514156073331833,0.08514156192541122,0.0,0.0,0.0,0.0
115.429,0.03999999910593033,-0.03999999910593033,0.07999999821186066,datactrl_ref_vx_fallback,states_vx_gs,-0.03999999910593033,states_theta,-0.07522942125797272,0.38983356371297095,0.2250705425664298,0.5197568350689983,0.5197993348322576,0.5197858863990892,0.5197702835021667,0.5200079021859276,0.5195482677153282,0.0,0.0,0.0,0.0,0.03999999910593033,0.0,0.0,0.0,0.0,0.0,0.05346956104040146,0.09346956014633179,0.0,0.0,0.0,0.0
115.528,0.03999999910593033,-0.03999999910593033,0.07999999821186066,datactrl_ref_vx_fallback,states_vx_gs,-0.03999999910593033,states_theta,-0.014926727861166,0.3898590767407289,0.22508525479412894,0.519752502912161,0.5198717017297827,0.5197893948338488,0.5198348098080949,0.519943805475527,0.5196803991664167,0.0,0.0,0.0,0.0,0.03999999910593033,0.0,0.0,0.0,0.0,0.0,0.05194956064224243,0.09194955974817276,0.0,0.0,0.0,0.0
115.629,0.03999999910593033,-0.03999999910593033,0.07999999821186066,datactrl_ref_vx_fallback,states_vx_gs,-0.029999999329447746,states_theta,0.10815280675888062,0.3898577267097364,0.22508448716494825,0.5197115181438317,0.5199090864154654,0.5197839965520091,0.5198366080072879,0.5196307698605126,0.5199898346987845,0.0,0.0,0.0,0.0,0.03999999910593033,0.0,0.0,0.0,0.0,0.0,0.050429560244083405,0.0804295614361763,0.0,0.0,0.0,0.0
115.73,0.03999999910593033,-0.03999999910593033,0.07999999821186066,datactrl_ref_vx_fallback,states_vx_gs,-0.019999999552965164,states_theta,0.0751524567604065,0.3898563766787439,0.22508370403229835,0.5197434950765762,0.5198735094000742,0.51978886159607,0.5198281428805804,0.5196312383867916,0.5199857660898588,0.0,0.0,0.0,0.0,0.03999999910593033,0.0,0.0,0.0,0.0,0.0,0.048909563571214676,0.06890956312417984,0.0,0.0,0.0,0.0
115.83,0.03999999910593033,-0.03999999910593033,0.07999999821186066,datactrl_ref_vx_fallback,states_vx_gs,-0.029999999329447746,states_theta,-0.06586315482854843,0.3898820516947983,0.22509852683915801,0.5197579339669405,0.5199275372191883,0.5198245657147578,0.519860905471371,0.5200079854518296,0.5196774857342992,0.0,0.0,0.0,0.0,0.03999999910593033,0.0,0.0,0.0,0.0,0.0,0.04738956317305565,0.07738956063985825,0.0,0.0,0.0,0.0
115.928,0.03999999910593033,-0.03999999910593033,0.07999999821186066,datactrl_ref_vx_fallback,states_vx_gs,-0.029999999329447746,states_theta,-0.027569260448217392,0.3902585966358983,0.22531591432125014,0.5202546022831018,0.5204349887459603,0.5203255463609796,0.5203640446680825,0.5204273548293962,0.5202622361996659,0.0,0.0,0.0,0.0,0.03999999910593033,0.0,0.0,0.0,0.0,0.0,0.04586956277489662,0.07586956024169922,0.0,0.0,0.0,0.0
116.03,0.03999999910593033,-0.03999999910593033,0.07999999821186066,datactrl_ref_vx_fallback,states_vx_gs,-0.029999999329447746,states_theta,0.0017876982456073165,0.3898832665937762,0.22509921438545552,0.5197486722822723,0.5199400386344643,0.5198248758532154,0.5198638350635212,0.5198618662296663,0.5198268446870702,0.0,0.0,0.0,0.0,0.03999999910593033,0.0,0.0,0.0,0.0,0.0,0.044349562376737595,0.07434955984354019,0.0,0.0,0.0,0.0
116.129,0.03999999910593033,-0.03999999910593033,0.07999999821186066,datactrl_ref_vx_fallback,states_vx_gs,-0.029999999329447746,states_theta,-4.704298044089228e-05,0.3902863025575142,0.22533190764427016,0.5202832520888072,0.5204802213978972,0.5203610432399015,0.5204024302468029,0.5203999289033439,0.5203635445833605,0.0,0.0,0.0,0.0,0.03999999910593033,0.0,0.0,0.0,0.0,0.0,0.04282956197857857,0.07282955944538116,0.0,0.0,0.0,0.0
116.229,0.03999999910593033,-0.03999999910593033,0.07999999821186066,datactrl_ref_vx_fallback,states_vx_gs,-0.029999999329447746,states_theta,-0.0026301611214876175,0.3899271195042735,0.22512453620567305,0.5197774467979378,0.5200282052134583,0.5199097770128481,0.519895874998548,0.5198943123707501,0.519911339640646,0.0,0.0,0.0,0.0,0.03999999910593033,0.0,0.0,0.0,0.0,0.0,0.04130956158041954,0.07130955904722214,0.0,0.0,0.0,0.0
116.329,0.029999999329447746,-0.029999999329447746,0.05999999865889549,datactrl_ref_vx_fallback,states_vx_gs,-0.029999999329447746,states_theta,-0.005047431215643883,0.3899264444887773,0.2251241469379176,0.5198879074348136,0.5199159445352591,0.5198876475206257,0.5199162044494471,0.5200294230183732,0.5197744289516996,0.0,0.0,0.0,0.0,0.029999999329447746,0.0,0.0,0.0,0.0,0.0,0.06036556139588356,0.09036555886268616,0.0,0.0,0.0,0.0
116.43,0.029999999329447746,-0.029999999329447746,0.05999999865889549,datactrl_ref_vx_fallback,states_vx_gs,-0.029999999329447746,states_theta,0.03427605703473091,0.39033026049191966,0.225357311477571,0.5205932889608678,0.5202874056842512,0.5203306014363218,0.5205500932087972,0.5205802378930899,0.5203004567520291,0.0,0.0,0.0,0.0,0.029999999329447746,0.0,0.0,0.0,0.0,0.0,0.05922556295990944,0.08922556042671204,0.0,0.0,0.0,0.0
116.53,0.029999999329447746,-0.029999999329447746,0.05999999865889549,datactrl_ref_vx_fallback,states_vx_gs,-0.019999999552965164,states_theta,0.057779572904109955,0.38995560546525,0.2251409873948609,0.5200871778687516,0.5197944367052484,0.5198924192044931,0.5199891953695068,0.5199135477015955,0.5199680668724045,0.0,0.0,0.0,0.0,0.029999999329447746,0.0,0.0,0.0,0.0,0.0,0.05808556079864502,0.07808556407690048,0.0,0.0,0.0,0.0
116.63,0.029999999329447746,-0.029999999329447746,0.05999999865889549,datactrl_ref_vx_fallback,states_vx_gs,-0.019999999552965164,states_theta,0.007282468490302563,0.3899824144591963,0.22515650352434471,0.5198381833459252,0.5201149218785982,0.5201817017056847,0.5197714035188388,0.5197986899418761,0.5201544152826474,0.0,0.0,0.0,0.0,0.029999999329447746,0.0,0.0,0.0,0.0,0.0,0.0569455623626709,0.07694555819034576,0.0,0.0,0.0,0.0
116.73,0.029999999329447746,-0.029999999329447746,0.05999999865889549,datactrl_ref_vx_fallback,states_vx_gs,-0.019999999552965164,states_theta,0.0036812261678278446,0.3899822794046008,0.22515639457181316,0.5199144197251097,0.5200383253538258,0.519864859242381,0.5200878858365544,0.5201205719429499,0.5198321731359855,0.0,0.0,0.0,0.0,0.029999999329447746,0.0,0.0,0.0,0.0,0.0,0.05580556020140648,0.07580555975437164,0.0,0.0,0.0,0.0
116.83,0.029999999329447746,-0.029999999329447746,0.05999999865889549,datactrl_ref_vx_fallback,states_vx_gs,-0.019999999552965164,states_theta,0.001157331862486899,0.3899957443475777,0.22516441418585348,0.520226054641824,0.5197625969517166,0.519551143455859,0.5204375081376816,0.5204732915169318,0.5195153600766088,0.0,0.0,0.0,0.0,0.029999999329447746,0.0,0.0,0.0,0.0,0.0,0.05466556176543236,0.07466556131839752,0.0,0.0,0.0,0.0
116.932,0.029999999329447746,-0.029999999329447746,0.05999999865889549,datactrl_ref_vx_fallback,states_vx_gs,-0.019999999552965164,states_theta,-8.287134551210329e-05,0.39002290438047976,0.2251798322934399,0.520096175828081,0.519964902519865,0.5200738137414115,0.5199872646065345,0.5200234139712606,0.5200376643766854,0.0,0.0,0.0,0.0,0.029999999329447746,0.0,0.0,0.0,0.0,0.0,0.05352556332945824,0.0735255628824234,0.0,0.0,0.0,0.0
117.031,0.029999999329447746,-0.029999999329447746,0.05999999865889549,datactrl_ref_vx_fallback,states_vx_gs,-0.019999999552965164,states_theta,0.02524985931813717,0.3900231743609301,0.2251803264142644,0.5197395602671837,0.5203222380286299,0.5205365389715971,0.5195252593242164,0.5195064806808468,0.5205553176149668,0.0,0.0,0.0,0.0,0.029999999329447746,0.0,0.0,0.0,0.0,0.0,0.05238556116819382,0.07238556444644928,0.0,0.0,0.0,0.0
117.131,0.029999999329447746,-0.029999999329447746,0.05999999865889549,datactrl_ref_vx_fallback,states_vx_gs,-0.019999999552965164,states_theta,0.032697562128305435,0.3900505773762376,0.22519583306812027,0.5199306679157508,0.5202042050875494,0.5201709324049772,0.519963940598323,0.5199273440955816,0.5202075289077186,0.0,0.0,0.0,0.0,0.029999999329447746,0.0,0.0,0.0,0.0,0.0,0.051245562732219696,0.07124555855989456,0.0,0.0,0.0,0.0
117.23,0.029999999329447746,-0.029999999329447746,0.05999999865889549,datactrl_ref_vx_fallback,states_vx_gs,-0.009999999776482582,states_theta,0.011547975242137909,0.3900511173371383,0.22519635469672902,0.5202970341452624,0.5198392787537731,0.5196107249841936,0.5205255879148419,0.5204750122406893,0.5196613006583463,0.0,0.0,0.0,0.0,0.029999999329447746,0.0,0.0,0.0,0.0,0.0,0.050105560570955276,0.06010556221008301,0.0,0.0,0.0,0.0
117.331,0.029999999329447746,-0.029999999329447746,0.05999999865889549,datactrl_ref_vx_fallback,states_vx_gs,-0.019999999552965164,states_theta,-0.008702676743268967,0.39007870933438665,0.2252120574495437,0.5201832317775262,0.5200266597808382,0.5200557801466028,0.5201541114117616,0.5201985870882662,0.5200113044700982,0.0,0.0,0.0,0.0,0.029999999329447746,0.0,0.0,0.0,0.0,0.0,0.048965562134981155,0.06896556168794632,0.0,0.0,0.0,0.0
117.431,0.029999999329447746,-0.029999999329447746,0.05999999865889549,datactrl_ref_vx_fallback,states_vx_gs,-0.019999999552965164,states_theta,0.011023622006177902,0.390079519275694,0.2252126870536622,0.5199040097374578,0.5203080416643929,0.5204727992922853,0.5197392521095654,0.5197401997892857,0.520471851612565,0.0,0.0,0.0,0.0,0.029999999329447746,0.0,0.0,0.0,0.0,0.0,0.047825559973716736,0.0678255632519722,0.0,0.0,0.0,0.0
117.532,0.029999999329447746,-0.029999999329447746,0.05999999865889549,datactrl_ref_vx_fallback,states_vx_gs,-0.009999999776482582,states_theta,0.024837838485836983,0.39008032921700136,0.2252129858025408,0.520073425110847,0.52014078613449,0.5200587359946048,0.5201554752507321,0.5200692507451371,0.5201449605001999,0.0,0.0,0.0,0.0,0.029999999329447746,0.0,0.0,0.0,0.0,0.0,0.046685561537742615,0.056685563176870346,0.0,0.0,0.0,0.0
117.631,0.029999999329447746,-0.029999999329447746,0.05999999865889549,datactrl_ref_vx_fallback,states_vx_gs,-0.009999999776482582,states_theta,-0.01778411492705345,0.39009468513842166,0.22522147180946187,0.5203471615060743,0.5199053321963835,0.519730758180987,0.5205217355214707,0.5205208908030975,0.5197316028993603,0.0,0.0,0.0,0.0,0.029999999329447746,0.0,0.0,0.0,0.0,0.0,0.045545563101768494,0.055545561015605927,0.0,0.0,0.0,0.0
117.732,0.029999999329447746,-0.029999999329447746,0.05999999865889549,datactrl_ref_vx_fallback,states_vx_gs,-0.019999999552965164,states_theta,-0.035726990550756454,0.3900956301343682,0.22522181998892143,0.5201428578851157,0.5201121558065329,0.5201951606461166,0.520059853045532,0.5201487331892785,0.5201062805023702,0.0,0.0,0.0,0.0,0.029999999329447746,0.0,0.0,0.0,0.0,0.0,0.044405560940504074,0.06440556049346924,0.0,0.0,0.0,0.0
117.832,0.029999999329447746,-0.029999999329447746,0.05999999865889549,datactrl_ref_vx_fallback,states_vx_gs,-0.019999999552965164,states_theta,0.0034376392140984535,0.3901236541647032,0.22523823239473462,0.5199278117031678,0.5204019327360407,0.5205964074929403,0.5197333369462682,0.5197380345345894,0.5205917099046191,0.0,0.0,0.0,0.0,0.029999999329447746,0.0,0.0,0.0,0.0,0.0,0.04326556250452995,0.06326556205749512,0.0,0.0,0.0,0.0
117.932,0.029999999329447746,-0.029999999329447746,0.05999999865889549,datactrl_ref_vx_fallback,states_vx_gs,-0.019999999552965164,states_theta,0.01708294451236725,0.3901248691410565,0.22523870208875738,0.5201079069650363,0.5202250774111143,0.5201932043831862,0.5201397799929645,0.5201132727648222,0.5202197116113284,0.0,0.0,0.0,0.0,0.029999999329447746,0.0,0.0,0.0,0.0,0.0,0.04212556034326553,0.0621255598962307,0.0,0.0,0.0,0.0
118.032,0.029999999329447746,-0.029999999329447746,0.05999999865889549,datactrl_ref_vx_fallback,states_vx_gs,-0.009999999776482582,states_theta,0.013386791571974754,0.3901260841174098,0.2252395141593568,0.520305532958574,0.5200306913545187,0.5198258278387125,0.5205103964743802,0.5204331283113153,0.5199030960017774,0.0,0.0,0.0,0.0,0.029999999329447746,0.0,0.0,0.0,0.0,0.0,0.04098556190729141,0.050985563546419144,0.0,0.0,0.0,0.0
118.132,0.029999999329447746,-0.029999999329447746,0.05999999865889549,datactrl_ref_vx_fallback,states_vx_gs,-0.019999999552965164,states_theta,-0.004455569665879011,0.39012729909376304,0.22524011210245007,0.5203034368541943,0.5200360273958404,0.5201458087379061,0.5201936555121287,0.5202055951253179,0.5201338691247168,0.0,0.0,0.0,0.0,0.029999999329447746,0.0,0.0,0.0,0.0,0.0,0.03984556347131729,0.059845563024282455,0.0,0.0,0.0,0.0
118.232,0.029999999329447746,-0.029999999329447746,0.05999999865889549,datactrl_ref_vx_fallback,states_vx_gs,-0.019999999552965164,states_theta,-0.025376014411449432,0.3901285140701163,0.22524084916658957,0.5203263837809459,0.520016320406031,0.520368531806206,0.5199741723807708,0.5200265611880382,0.5203161429989386,0.0,0.0,0.0,0.0,0.029999999329447746,0.0,0.0,0.0,0.0,0.0,0.03870556131005287,0.058705560863018036,0.0,0.0,0.0,0.0
118.332,0.029999999329447746,-0.029999999329447746,0.05999999865889549,datactrl_ref_vx_fallback,states_vx_gs,-0.019999999552965164,states_theta,0.06401307135820389,0.3901297290464696,0.22524153254557977,0.5203397071686481,0.5200062369552708,0.5201888933279059,0.520157050796013,0.520020551543812,0.5203253925801069,0.0,0.0,0.0,0.0,0.029999999329447746,0.0,0.0,0.0,0.0,0.0,0.03756556287407875,0.057565562427043915,0.0,0.0,0.0,0.0
118.432,0.029999999329447746,-0.029999999329447746,0.05999999865889549,datactrl_ref_vx_fallback,states_vx_gs,0.03642556071281433,datactrl_est_theta_fallback,0.10595200955867767,0.3901309440228229,0.22524225469159254,0.5203512790065037,0.5199979050543573,0.5200128967470963,0.5203362873137647,0.5199979991703716,0.5203511848904894,0.0,0.0,0.0,0.0,0.029999999329447746,0.0,0.0,0.0,0.0,0.0,0.03642556071281433,0.03642556071281433,0.0,0.0,0.0,0.0
118.534,0.029999999329447746,-0.029999999329447746,0.05999999865889549,datactrl_ref_vx_fallback,states_vx_gs,-0.009999999776482582,states_theta,-0.06758636981248856,0.39010489097850304,0.225227170726732,0.5201805489496318,0.5200991603263763,0.5201130473482666,0.5201666619277415,0.5202402163995751,0.520039492876433,0.0,0.0,0.0,0.0,0.029999999329447746,0.0,0.0,0.0,0.0,0.0,0.03528556227684021,0.04528556019067764,0.0,0.0,0.0,0.0
118.642,0.029999999329447746,-0.029999999329447746,0.05999999865889549,datactrl_ref_vx_fallback,states_vx_gs,-0.019999999552965164,states_theta,-0.18396776914596558,0.3900922629834088,0.22521994652535993,0.5199604006441503,0.5202856339782733,0.5204454099031985,0.5198006247192251,0.5201679360245071,0.5200780985979165,0.0,0.0,0.0,0.0,0.029999999329447746,0.0,0.0,0.0,0.0,0.0,0.03414556384086609,0.05414556339383125,0.0,0.0,0.0,0.0
118.738,0.029999999329447746,-0.029999999329447746,0.05999999865889549,datactrl_ref_vx_fallback,states_vx_gs,-0.029999999329447746,states_theta,-0.046590760350227356,0.389716197933112,0.2250027622933205,0.5195881491307992,0.5196550453574995,0.5196225461516445,0.5196206483366542,0.5197550022685261,0.5194881922197726,0.0,0.0,0.0,0.0,0.029999999329447746,0.0,0.0,0.0,0.0,0.0,0.03300556167960167,0.06300555914640427,0.0,0.0,0.0,0.0
118.835,0.019999999552965164,-0.019999999552965164,0.03999999910593033,datactrl_ref_vx_fallback,states_vx_gs,-0.029999999329447746,states_theta,0.022273410111665726,0.39006337483557907,0.22520325650823406,0.5201821489610136,0.5199868506005306,0.5199160128925386,0.5202529866690055,0.5203562722922612,0.519812727269283,0.0,0.0,0.0,0.0,0.019999999552965164,0.0,0.0,0.0,0.0,0.0,0.05251756310462952,0.08251756429672241,0.0,0.0,0.0,0.0
118.941,0.019999999552965164,-0.019999999552965164,0.03999999910593033,datactrl_ref_vx_fallback,states_vx_gs,-0.029999999329447746,states_theta,0.020906176418066025,0.3900639147964797,0.22520351945950642,0.5200231689175538,0.5201472705397254,0.5202231726852498,0.5199472667720295,0.5200537343158413,0.5201167051414379,0.0,0.0,0.0,0.0,0.019999999552965164,0.0,0.0,0.0,0.0,0.0,0.05175756290555,0.0817575603723526,0.0,0.0,0.0,0.0
119.036,0.019999999552965164,-0.019999999552965164,0.03999999910593033,datactrl_ref_vx_fallback,states_vx_gs,-0.019999999552965164,states_theta,0.10340160876512527,0.3896601257270121,0.22497043319325616,0.5195203267202875,0.5195733418850781,0.5196994115769015,0.5193942570284641,0.5192739117600306,0.519819756845335,0.0,0.0,0.0,0.0,0.019999999552965164,0.0,0.0,0.0,0.0,0.0,0.05099756270647049,0.07099755853414536,0.0,0.0,0.0,0.0
119.135,0.019999999552965164,-0.019999999552965164,0.03999999910593033,datactrl_ref_vx_fallback,states_vx_gs,-0.009999999776482582,states_theta,0.1109788715839386,0.3900342706990889,0.22518641987182403,0.5200403935170068,0.520050995013897,0.520078501741622,0.5200128867892818,0.5198207913922083,0.5202705971386955,0.0,0.0,0.0,0.0,0.019999999552965164,0.0,0.0,0.0,0.0,0.0,0.050237562507390976,0.06023756042122841,0.0,0.0,0.0,0.0
119.25,0.019999999552965164,-0.019999999552965164,0.03999999910593033,datactrl_ref_vx_fallback,states_vx_gs,-0.009999999776482582,states_theta,-0.028649449348449707,0.38963139064525265,0.22495379106222263,0.5195178725339954,0.5194991691866783,0.519547015282125,0.5194700264385487,0.5195672483574275,0.5194497933632461,0.0,0.0,0.0,0.0,0.019999999552965164,0.0,0.0,0.0,0.0,0.0,0.04947756230831146,0.059477560222148895,0.0,0.0,0.0,0.0
119.356,0.019999999552965164,-0.019999999552965164,0.03999999910593033,datactrl_ref_vx_fallback,states_vx_gs,-0.019999999552965164,states_theta,-0.1547831892967224,0.389989483166621,0.2251606245448109,0.5199970999985934,0.5199748551123959,0.5199944883116303,0.5199774667993591,0.5203916186997641,0.5195803364112253,0.0,0.0,0.0,0.0,0.019999999552965164,0.0,0.0,0.0,0.0,0.0,0.04871756210923195,0.06871756166219711,0.0,0.0,0.0,0.0
119.459,0.019999999552965164,-0.019999999552965164,0.03999999910593033,datactrl_ref_vx_fallback,states_vx_gs,-0.03999999910593033,states_theta,-0.11731022596359253,0.3899893481120255,0.22516054662037976,0.5199924543951214,0.5199791405702799,0.5200295236940555,0.5199420712713458,0.5203893733326042,0.5195822216327972,0.0,0.0,0.0,0.0,0.019999999552965164,0.0,0.0,0.0,0.0,0.0,0.047957561910152435,0.08795756101608276,0.0,0.0,0.0,0.0
119.572,0.019999999552965164,-0.019999999552965164,0.03999999910593033,datactrl_ref_vx_fallback,states_vx_gs,-0.019999999552965164,states_theta,0.19929075241088867,0.38998921305743,0.2251604288409917,0.5199835352107273,0.5199876996090861,0.5196809081964481,0.5202903266233653,0.5199689883564417,0.5200022464633717,0.0,0.0,0.0,0.0,0.019999999552965164,0.0,0.0,0.0,0.0,0.0,0.04719756171107292,0.06719756126403809,0.0,0.0,0.0,0.0
119.675,0.019999999552965164,-0.019999999552965164,0.03999999910593033,datactrl_ref_vx_fallback,states_vx_gs,-0.009999999776482582,states_theta,0.13024912774562836,0.3899618639738422,0.22514467919947395,0.5197636792354773,0.5201346246947686,0.52006014841364,0.5198381555166058,0.5196040504535526,0.5202942534766932,0.0,0.0,0.0,0.0,0.019999999552965164,0.0,0.0,0.0,0.0,0.0,0.04643756151199341,0.05643755942583084,0.0,0.0,0.0,0.0
119.779,0.019999999552965164,-0.019999999552965164,0.03999999910593033,datactrl_ref_vx_fallback,states_vx_gs,-0.009999999776482582,states_theta,-0.08280663192272186,0.3899614589387963,0.22514437074485485,0.5200222024621178,0.5198750213746722,0.5200051589239193,0.5198920649128708,0.5200996826148293,0.5197975412219608,0.0,0.0,0.0,0.0,0.019999999552965164,0.0,0.0,0.0,0.0,0.0,0.045677561312913895,0.055677562952041626,0.0,0.0,0.0,0.0
119.887,0.019999999552965164,-0.019999999552965164,0.03999999910593033,datactrl_ref_vx_fallback,states_vx_gs,-0.009999999776482582,states_theta,0.030318884178996086,0.3899340288610735,0.22512865290945913,0.5201097814130289,0.5197142955498337,0.5195767661901205,0.5202473107727421,0.5202188203201621,0.5196052566427005,0.0,0.0,0.0,0.0,0.019999999552965164,0.0,0.0,0.0,0.0,0.0,0.04491756111383438,0.05491756275296211,0.0,0.0,0.0,0.0
119.992,0.019999999552965164,-0.019999999552965164,0.03999999910593033,datactrl_ref_vx_fallback,states_vx_gs,-0.009999999776482582,states_theta,0.047184910625219345,0.38993335384557715,0.22512818919332664,0.5197823156242952,0.5200399612972438,0.5200951795496788,0.5197270973718603,0.5196623619758939,0.5201599149456452,0.0,0.0,0.0,0.0,0.019999999552965164,0.0,0.0,0.0,0.0,0.0,0.04415756091475487,0.0541575625538826,0.0,0.0,0.0,0.0
120.083,0.019999999552965164,-0.019999999552965164,0.03999999910593033,datactrl_ref_vx_fallback,states_vx_gs,-0.009999999776482582,states_theta,-0.009018332697451115,0.38993267883008087,0.22512779613018585,0.5197799461997433,0.5200405306804724,0.520145504287076,0.5196749725931398,0.5197258217540324,0.5200946551261834,0.0,0.0,0.0,0.0,0.019999999552965164,0.0,0.0,0.0,0.0,0.0,0.043397560715675354,0.053397562354803085,0.0,0.0,0.0,0.0
120.193,0.019999999552965164,-0.019999999552965164,0.03999999910593033,datactrl_ref_vx_fallback,states_vx_gs,-0.009999999776482582,states_theta,-0.008493535220623016,0.38991848484976943,0.225119627952994,0.5200290248117834,0.5197536014542685,0.5196564072888388,0.5201262189772131,0.520174703551221,0.5196079227148309,0.0,0.0,0.0,0.0,0.019999999552965164,0.0,0.0,0.0,0.0,0.0,0.04263756051659584,0.05263756215572357,0.0,0.0,0.0,0.0
120.244,0.019999999552965164,-0.019999999552965164,0.03999999910593033,datactrl_ref_vx_fallback,states_vx_gs,-0.009999999776482582,states_theta,-0.008493535220623016,0.38991767477967765,0.22511916065856602,0.5200470876618896,0.5197333784172508,0.5196239033952613,0.520156562683879,0.5201344463953176,0.5196460196838227,0.0,0.0,0.0,0.0,0.019999999552965164,0.0,0.0,0.0,0.0,0.0,0.04263756051659584,0.05263756215572357,0.0,0.0,0.0,0.0
120.298,0.019999999552965164,-0.019999999552965164,0.03999999910593033,datactrl_ref_vx_fallback,states_vx_gs,-0.009999999776482582,states_theta,0.0248411875218153,0.38991767477967765,0.22511916065856602,0.5200470876618896,0.5197333784172508,0.5196239033952613,0.520156562683879,0.5201344463953176,0.5196460196838227,0.0,0.0,0.0,0.0,0.019999999552965164,0.0,0.0,0.0,0.0,0.0,0.04187756031751633,0.05187756195664406,0.0,0.0,0.0,0.0
120.352,0.019999999552965164,-0.019999999552965164,0.03999999910593033,datactrl_ref_vx_fallback,states_vx_gs,-0.009999999776482582,states_theta,0.0248411875218153,0.38988975867715675,0.22510306736708688,0.519689833417978,0.5200161897211066,0.5201368143834663,0.5195692087556184,0.5195507654833588,0.5201552576557259,0.0,0.0,0.0,0.0,0.019999999552965164,0.0,0.0,0.0,0.0,0.0,0.04187756031751633,0.05187756195664406,0.0,0.0,0.0,0.0
120.408,0.019999999552965164,-0.019999999552965164,0.03999999910593033,datactrl_ref_vx_fallback,states_vx_gs,-0.009999999776482582,states_theta,0.02242060750722885,0.38988975867715675,0.22510306736708688,0.519689833417978,0.5200161897211066,0.5201368143834663,0.5195692087556184,0.5195507654833588,0.5201552576557259,0.0,0.0,0.0,0.0,0.019999999552965164,0.0,0.0,0.0,0.0,0.0,0.04111756011843681,0.051117561757564545,0.0,0.0,0.0,0.0
120.481,0.019999999552965164,-0.019999999552965164,0.03999999910593033,datactrl_ref_vx_fallback,states_vx_gs,-0.009999999776482582,states_theta,-0.013176778331398964,0.3898886786266583,0.2251024328871637,0.5196838914915045,0.5200192515129176,0.5201518555789137,0.5195512874255084,0.519605431748027,0.5200977112563951,0.0,0.0,0.0,0.0,0.019999999552965164,0.0,0.0,0.0,0.0,0.0,0.0403575599193573,0.05035756155848503,0.0,0.0,0.0,0.0
120.652,0.019999999552965164,-0.019999999552965164,0.03999999910593033,datactrl_ref_vx_fallback,states_vx_gs,-0.009999999776482582,states_theta,-0.005418882705271244,0.3898865185256613,0.22510111291990428,0.5199650812881264,0.5197323014469705,0.5197085196105946,0.5199888631245022,0.5199691860499123,0.5197281966851846,0.0,0.0,0.0,0.0,0.019999999552965164,0.0,0.0,0.0,0.0,0.0,0.039597563445568085,0.04959756135940552,0.0,0.0,0.0,0.0
120.845,0.019999999552965164,-0.019999999552965164,0.03999999910593033,datactrl_ref_vx_fallback,states_vx_gs,0.03807756304740906,datactrl_est_theta_fallback,0.020991183817386627,0.3898843584246643,0.22509987193325326,0.5199849259539545,0.519706696511817,0.5200432217139507,0.5196484007518208,0.5198243314372576,0.5198672910285139,0.0,0.0,0.0,0.0,0.019999999552965164,0.0,0.0,0.0,0.0,0.0,0.03807756304740906,0.03807756304740906,0.0,0.0,0.0,0.0
121.043,0.019999999552965164,-0.019999999552965164,0.03999999910593033,datactrl_ref_vx_fallback,states_vx_gs,-0.019999999552965164,states_theta,-0.06054980307817459,0.38988219832366733,0.22509859662736684,0.519801715119115,0.5198841470773312,0.5198249061791254,0.5198609560173209,0.5197652703524156,0.5199205918440306,0.0,0.0,0.0,0.0,0.019999999552965164,0.0,0.0,0.0,0.0,0.0,0.03655756264925003,0.056557562202215195,0.0,0.0,0.0,0.0
121.247,0.019999999552965164,-0.019999999552965164,0.03999999910593033,datactrl_ref_vx_fallback,states_vx_gs,-0.009999999776482582,states_theta,0.07507845014333725,0.38988003822267037,0.2250973648484923,0.5197341846258168,0.5199459173013041,0.5197935196360064,0.5198865822911145,0.519690602821097,0.5199894991060239,0.0,0.0,0.0,0.0,0.019999999552965164,0.0,0.0,0.0,0.0,0.0,0.035037562251091,0.045037560164928436,0.0,0.0,0.0,0.0
121.461,0.019999999552965164,-0.019999999552965164,0.03999999910593033,datactrl_ref_vx_fallback,states_vx_gs,0.033517561852931976,datactrl_est_theta_fallback,0.07307982444763184,0.3902967731037984,0.22533795130681064,0.5203773136987989,0.5204140812446635,0.5203163624892994,0.520475032454163,0.5204289282180782,0.5203624667253842,0.0,0.0,0.0,0.0,0.019999999552965164,0.0,0.0,0.0,0.0,0.0,0.033517561852931976,0.033517561852931976,0.0,0.0,0.0,0.0
121.676,0.019999999552965164,-0.019999999552965164,0.03999999910593033,datactrl_ref_vx_fallback,states_vx_gs,0.03199756145477295,datactrl_est_theta_fallback,-0.03820587694644928,0.39032322511352224,0.22535325564255762,0.5204330040114956,0.5204289296245638,0.520621585378935,0.5202403482571244,0.5202590428464898,0.5206028907895696,0.0,0.0,0.0,0.0,0.019999999552965164,0.0,0.0,0.0,0.0,0.0,0.03199756145477295,0.03199756145477295,0.0,0.0,0.0,0.0
121.936,0.019999999552965164,-0.019999999552965164,0.03999999910593033,datactrl_ref_vx_fallback,states_vx_gs,0.029717562720179558,datactrl_est_theta_fallback,0.01199313160032034,0.38995041505179007,0.22513798235264973,0.519932300776493,0.5199354726949471,0.5199482823420981,0.519919491129342,0.5198377126493391,0.520030060822101,0.0,0.0,0.0,0.0,0.019999999552965164,0.0,0.0,0.0,0.0,0.0,0.029717562720179558,0.029717562720179558,0.0,0.0,0.0,0.0
122.103,0.019999999552965164,-0.019999999552965164,0.03999999910593033,datactrl_ref_vx_fallback,states_vx_gs,0.028957562521100044,datactrl_est_theta_fallback,-0.033902719616889954,0.38997714298723085,0.22515343225378856,0.5198169550521886,0.5201220929137603,0.5201072792992448,0.5198317686667041,0.5199457431326592,0.5199933048332898,0.0,0.0,0.0,0.0,0.019999999552965164,0.0,0.0,0.0,0.0,0.0,0.028957562521100044,0.028957562521100044,0.0,0.0,0.0,0.0
122.319,0.019999999552965164,-0.019999999552965164,0.03999999910593033,datactrl_ref_vx_fallback,states_vx_gs,-0.009999999776482582,states_theta,-0.034079305827617645,0.39001787596816423,0.22517700876019675,0.5201544729693931,0.5198931962790448,0.5197916350391485,0.5202560342092895,0.5203043355628103,0.5197433336856276,0.0,0.0,0.0,0.0,0.019999999552965164,0.0,0.0,0.0,0.0,0.0,0.027437562122941017,0.0374375618994236,0.0,0.0,0.0,0.0
122.537,0.019999999552965164,-0.019999999552965164,0.03999999910593033,datactrl_ref_vx_fallback,states_vx_gs,-0.009999999776482582,states_theta,0.0077964188531041145,0.39004560296001206,0.22519307783381584,0.519876998312959,0.5202446095804065,0.5203818466325694,0.5197397612607961,0.5197107855207526,0.5204108223726129,0.0,0.0,0.0,0.0,0.019999999552965164,0.0,0.0,0.0,0.0,0.0,0.02591756172478199,0.03591756150126457,0.0,0.0,0.0,0.0
122.723,0.019999999552965164,-0.019999999552965164,0.03999999910593033,datactrl_ref_vx_fallback,states_vx_gs,-0.009999999776482582,states_theta,-0.011885261163115501,0.3900737889142424,0.22520938972132148,0.5203040818622575,0.5198926885757222,0.5197224397052073,0.5204743307327725,0.5204798271034888,0.5197169433344909,0.0,0.0,0.0,0.0,0.019999999552965164,0.0,0.0,0.0,0.0,0.0,0.024397563189268112,0.034397561103105545,0.0,0.0,0.0,0.0
122.948,0.019999999552965164,-0.019999999552965164,0.03999999910593033,datactrl_ref_vx_fallback,states_vx_gs,-0.009999999776482582,states_theta,-0.013005645014345646,0.3900754087968571,0.22521024907988602,0.5199767069099573,0.520224383214995,0.5204266439661218,0.5197744461588305,0.5198345461890372,0.5203665439359151,0.0,0.0,0.0,0.0,0.019999999552965164,0.0,0.0,0.0,0.0,0.0,0.022877562791109085,0.03287756070494652,0.0,0.0,0.0,0.0
123.266,0.009999999776482582,-0.009999999776482582,0.019999999552965164,datactrl_ref_vx_fallback,states_vx_gs,-0.019999999552965164,states_theta,0.0057642217725515366,0.3900907502306158,0.22521916013210436,0.5203150047810103,0.5199269958339652,0.5198381975605868,0.5204038030543887,0.5205351580868183,0.5197068425281572,0.0,0.0,0.0,0.0,0.009999999776482582,0.0,0.0,0.0,0.0,0.0,0.041401561349630356,0.06140156090259552,0.0,0.0,0.0,0.0
123.453,0.009999999776482582,-0.009999999776482582,0.019999999552965164,datactrl_ref_vx_fallback,states_vx_gs,-0.009999999776482582,states_theta,0.040360644459724426,0.3901202457251427,0.2252361212046646,0.5200549110797456,0.5202657441873016,0.5204420360231188,0.5198786192439284,0.5198848713540116,0.5204357839130356,0.0,0.0,0.0,0.0,0.009999999776482582,0.0,0.0,0.0,0.0,0.0,0.04098356142640114,0.05098356306552887,0.0,0.0,0.0,0.0
123.677,0.009999999776482582,-0.009999999776482582,0.019999999552965164,datactrl_ref_vx_fallback,states_vx_gs,0.040223561227321625,datactrl_est_theta_fallback,0.03896775841712952,0.39012267567784925,0.22523751171466516,0.520068100624558,0.5202590345163733,0.5198822034390136,0.5204449317019177,0.5203995404877209,0.5199275946532105,0.0,0.0,0.0,0.0,0.009999999776482582,0.0,0.0,0.0,0.0,0.0,0.040223561227321625,0.040223561227321625,0.0,0.0,0.0,0.0
123.904,0.009999999776482582,-0.009999999776482582,0.019999999552965164,datactrl_ref_vx_fallback,states_vx_gs,0.03946356102824211,datactrl_est_theta_fallback,-0.018053773790597916,0.3901251056305558,0.22523890679069727,0.5199812118611974,0.5203524031536181,0.5204013227324658,0.5199322922823497,0.5199659055349459,0.5203677094798695,0.0,0.0,0.0,0.0,0.009999999776482582,0.0,0.0,0.0,0.0,0.0,0.03946356102824211,0.03946356102824211,0.0,0.0,0.0,0.0
124.197,0.009999999776482582,-0.009999999776482582,0.019999999552965164,datactrl_ref_vx_fallback,states_vx_gs,0.03832356259226799,datactrl_est_theta_fallback,0.004280782304704189,0.39010026756258925,0.2252246004412768,0.5202742032670666,0.519993176899838,0.5198543949334401,0.5204129852334646,0.5204389049649972,0.5198284752019074,0.0,0.0,0.0,0.0,0.009999999776482582,0.0,0.0,0.0,0.0,0.0,0.03832356259226799,0.03832356259226799,0.0,0.0,0.0,0.0
124.423,0.009999999776482582,-0.009999999776482582,0.019999999552965164,datactrl_ref_vx_fallback,states_vx_gs,0.03756356239318848,datactrl_est_theta_fallback,0.03161262348294258,0.39008846301426636,0.2252177341611513,0.5201807279354405,0.5200551734359364,0.5203201445550558,0.5199157568163211,0.5198848621232242,0.5203510392481527,0.0,0.0,0.0,0.0,0.009999999776482582,0.0,0.0,0.0,0.0,0.0,0.03756356239318848,0.03756356239318848,0.0,0.0,0.0,0.0
124.59,0.009999999776482582,-0.009999999776482582,0.019999999552965164,datactrl_ref_vx_fallback,states_vx_gs,0.03718356043100357,datactrl_est_theta_fallback,0.032514821738004684,0.3900582878782009,0.2252003489103713,0.5202294135393659,0.5199260208025032,0.5198135264422324,0.5203419078996366,0.5203457947430125,0.5198096395988566,0.0,0.0,0.0,0.0,0.009999999776482582,0.0,0.0,0.0,0.0,0.0,0.03718356043100357,0.03718356043100357,0.0,0.0,0.0,0.0
124.875,0.009999999776482582,-0.009999999776482582,0.019999999552965164,datactrl_ref_vx_fallback,states_vx_gs,0.009999999776482582,states_theta,0.023530665785074234,0.39003209977492,0.2251853156579963,0.5198190679913971,0.5202665314083895,0.520373821113767,0.5197117782860197,0.5196418244707486,0.520443774929038,0.0,0.0,0.0,0.0,0.009999999776482582,0.0,0.0,0.0,0.0,0.0,0.03604356199502945,0.026043562218546867,0.0,0.0,0.0,0.0
125.073,0.009999999776482582,-0.009999999776482582,0.019999999552965164,datactrl_ref_vx_fallback,states_vx_gs,0.009999999776482582,states_theta,0.0320424847304821,0.39000545270487347,0.2251699593758232,0.5202491385954943,0.519765401950835,0.5196141132403538,0.5204004273059755,0.5204053855713515,0.5196091549749777,0.0,0.0,0.0,0.0,0.009999999776482582,0.0,0.0,0.0,0.0,0.0,0.03566356003284454,0.02566356211900711,0.0,0.0,0.0,0.0
125.309,0.009999999776482582,-0.009999999776482582,0.019999999552965164,datactrl_ref_vx_fallback,states_vx_gs,0.009999999776482582,states_theta,-0.025037765502929688,0.38999059265271374,0.22516141847026866,0.519710981377477,0.5202639323630931,0.5203487777083378,0.5196261360322323,0.5195037194335237,0.5204711943070464,0.0,0.0,0.0,0.0,0.009999999776482582,0.0,0.0,0.0,0.0,0.0,0.03490355983376503,0.024903561919927597,0.0,0.0,0.0,0.0
125.522,0.019999999552965164,-0.019999999552965164,0.03999999910593033,datactrl_ref_vx_fallback,states_vx_gs,0.009999999776482582,states_theta,-0.007296661380678415,0.38996286553212517,0.2251453719511972,0.5201846383285468,0.519716336423787,0.5195943334627764,0.5203066412895574,0.5203868127800793,0.5195141619722545,0.0,0.0,0.0,0.0,0.019999999552965164,0.0,0.0,0.0,0.0,0.0,0.013225562870502472,0.003225562861189246,0.0,0.0,0.0,0.0
125.765,0.019999999552965164,-0.019999999552965164,0.03999999910593033,datactrl_ref_vx_fallback,states_vx_gs,0.011705562472343445,datactrl_est_theta_fallback,-0.12383963167667389,0.389934679444771,0.22512915096285951,0.5196471614561167,0.5201786503966059,0.5203809286124874,0.5194448832402352,0.5194928153662162,0.5203329964865064,0.0,0.0,0.0,0.0,0.019999999552965164,0.0,0.0,0.0,0.0,0.0,0.011705562472343445,0.011705562472343445,0.0,0.0,0.0,0.0
126.003,0.009999999776482582,-0.009999999776482582,0.019999999552965164,datactrl_ref_vx_fallback,states_vx_gs,-0.009999999776482582,states_theta,0.008184239268302917,0.3899196753943676,0.22512044094685177,0.5201364999095094,0.5196493011421376,0.5194922732845423,0.5202935277671047,0.5202939899277824,0.5194918111238646,0.0,0.0,0.0,0.0,0.009999999776482582,0.0,0.0,0.0,0.0,0.0,0.030913561582565308,0.04091356322169304,0.0,0.0,0.0,0.0
126.222,0.009999999776482582,-0.009999999776482582,0.019999999552965164,datactrl_ref_vx_fallback,states_vx_gs,0.030153561383485794,datactrl_est_theta_fallback,0.04506243020296097,0.38989054425114494,0.2251035674377776,0.5196775930007681,0.5200305250022851,0.5201990620300871,0.519509055972966,0.5194905617591496,0.5202175562439035,0.0,0.0,0.0,0.0,0.009999999776482582,0.0,0.0,0.0,0.0,0.0,0.030153561383485794,0.030153561383485794,0.0,0.0,0.0,0.0
126.521,0.009999999776482582,-0.009999999776482582,0.019999999552965164,datactrl_ref_vx_fallback,states_vx_gs,0.029013561084866524,datactrl_est_theta_fallback,0.005002974066883326,0.3898610891226071,0.22508652136327403,0.5199516119134158,0.5196779590802032,0.519507528208435,0.5201220427851839,0.5201259982027896,0.5195035727908294,0.0,0.0,0.0,0.0,0.009999999776482582,0.0,0.0,0.0,0.0,0.0,0.029013561084866524,0.029013561084866524,0.0,0.0,0.0,0.0
126.695,0.009999999776482582,-0.009999999776482582,0.019999999552965164,datactrl_ref_vx_fallback,states_vx_gs,0.028633560985326767,datactrl_est_theta_fallback,0.003951678983867168,0.3898583890606221,0.2250849186014471,0.5199418424321292,0.5196805283961965,0.5200326483568491,0.5195897224714765,0.5195565308814136,0.520065839946912,0.0,0.0,0.0,0.0,0.009999999776482582,0.0,0.0,0.0,0.0,0.0,0.028633560985326767,0.028633560985326767,0.0,0.0,0.0,0.0
126.913,0.009999999776482582,-0.009999999776482582,0.019999999552965164,datactrl_ref_vx_fallback,states_vx_gs,0.027873562648892403,datactrl_est_theta_fallback,-0.014330204576253891,0.3898556889986371,0.22508332936322323,0.5200016171119486,0.5196135535510837,0.5196930764296301,0.5199220942334022,0.5199674045305491,0.5196477661324832,0.0,0.0,0.0,0.0,0.009999999776482582,0.0,0.0,0.0,0.0,0.0,0.027873562648892403,0.027873562648892403,0.0,0.0,0.0,0.0
127.136,0.009999999776482582,-0.009999999776482582,0.019999999552965164,datactrl_ref_vx_fallback,states_vx_gs,0.02711356244981289,datactrl_est_theta_fallback,-0.016003772616386414,0.3898529889366521,0.22508173043762952,0.5198235542694459,0.5197844162282931,0.5197901910743895,0.5198177794233495,0.5198641808456747,0.5197437896520644,0.0,0.0,0.0,0.0,0.009999999776482582,0.0,0.0,0.0,0.0,0.0,0.02711356244981289,0.02711356244981289,0.0,0.0,0.0,0.0
127.362,0.009999999776482582,-0.009999999776482582,0.019999999552965164,datactrl_ref_vx_fallback,states_vx_gs,0.026353562250733376,datactrl_est_theta_fallback,-0.017006341367959976,0.3898774219139116,0.2250958407730724,0.5198267409922905,0.5198463841114738,0.5197890768789226,0.5198840482248417,0.5199312075497626,0.5197419175540017,0.0,0.0,0.0,0.0,0.009999999776482582,0.0,0.0,0.0,0.0,0.0,0.026353562250733376,0.026353562250733376,0.0,0.0,0.0,0.0
127.413,0.009999999776482582,-0.009999999776482582,0.019999999552965164,datactrl_ref_vx_fallback,states_vx_gs,0.02597356215119362,datactrl_est_theta_fallback,-0.018024887889623642,0.3898774219139116,0.2250958407730724,0.5198267409922905,0.5198463841114738,0.5197890768789226,0.5198840482248417,0.5199312075497626,0.5197419175540017,0.0,0.0,0.0,0.0,0.009999999776482582,0.0,0.0,0.0,0.0,0.0,0.02597356215119362,0.02597356215119362,0.0,0.0,0.0,0.0
127.661,0.009999999776482582,-0.009999999776482582,0.019999999552965164,datactrl_ref_vx_fallback,states_vx_gs,-0.009999999776482582,states_theta,-0.019014334306120872,0.38990686784531003,0.22511284487085526,0.5198643927790124,0.5198872548084811,0.5198504994029107,0.5199011481845828,0.5200054674823158,0.5197461801051777,0.0,0.0,0.0,0.0,0.009999999776482582,0.0,0.0,0.0,0.0,0.0,0.025213561952114105,0.03521356359124184,0.0,0.0,0.0,0.0
127.832,0.009999999776482582,-0.009999999776482582,0.019999999552965164,datactrl_ref_vx_fallback,states_vx_gs,-0.009999999776482582,states_theta,0.043770935386419296,0.39029767872704646,0.22533847467887777,0.5203554216386472,0.5204383883001433,0.5203667437377125,0.520427066201078,0.5203192805403899,0.5204745293984007,0.0,0.0,0.0,0.0,0.009999999776482582,0.0,0.0,0.0,0.0,0.0,0.02483356185257435,0.03483356162905693,0.0,0.0,0.0,0.0
128.079,0.009999999776482582,-0.009999999776482582,0.019999999552965164,datactrl_ref_vx_fallback,states_vx_gs,0.024073561653494835,datactrl_est_theta_fallback,0.03733343631029129,0.3903255527152574,0.22535458056669672,0.5203762302410384,0.5204919103329813,0.5204296044485686,0.5204385361254511,0.5206026749262718,0.5202654656477479,0.0,0.0,0.0,0.0,0.009999999776482582,0.0,0.0,0.0,0.0,0.0,0.024073561653494835,0.024073561653494835,0.0,0.0,0.0,0.0
128.321,0.009999999776482582,-0.009999999776482582,0.019999999552965164,datactrl_ref_vx_fallback,states_vx_gs,-0.009999999776482582,states_theta,-0.0405983105301857,0.38997931467470304,0.22515466468690162,0.5199440347061367,0.5200008044264047,0.5199175050206595,0.520027334111882,0.5199940430585477,0.5199507960739937,0.0,0.0,0.0,0.0,0.009999999776482582,0.0,0.0,0.0,0.0,0.0,0.02331356145441532,0.0333135612308979,0.0,0.0,0.0,0.0
128.533,0.009999999776482582,-0.009999999776482582,0.019999999552965164,datactrl_ref_vx_fallback,states_vx_gs,0.022553561255335808,datactrl_est_theta_fallback,0.1093001663684845,0.3899926715740035,0.22516250499494422,0.5199656643206707,0.5200147932100054,0.5204751735471318,0.5195052839835443,0.5199718176715731,0.5200086398591031,0.0,0.0,0.0,0.0,0.009999999776482582,0.0,0.0,0.0,0.0,0.0,0.022553561255335808,0.022553561255335808,0.0,0.0,0.0,0.0
128.741,0.009999999776482582,-0.009999999776482582,0.019999999552965164,datactrl_ref_vx_fallback,states_vx_gs,-0.029999999329447746,states_theta,-0.18840745091438293,0.3900201825814912,0.22517831865772323,0.520142315546145,0.5199115046711648,0.5197277813621504,0.5203260388551594,0.5201137996264833,0.5199400205908264,0.0,0.0,0.0,0.0,0.009999999776482582,0.0,0.0,0.0,0.0,0.0,0.021793562918901443,0.05179356038570404,0.0,0.0,0.0,0.0
128.964,0.009999999776482582,-0.009999999776482582,0.019999999552965164,datactrl_ref_vx_fallback,states_vx_gs,0.02103356271982193,datactrl_est_theta_fallback,0.27221471071243286,0.39004817955378934,0.22519454935291547,0.5198601099331409,0.5202683688769639,0.5204057882978687,0.5197226905122362,0.5197957666942042,0.5203327121159006,0.0,0.0,0.0,0.0,0.009999999776482582,0.0,0.0,0.0,0.0,0.0,0.02103356271982193,0.02103356271982193,0.0,0.0,0.0,0.0
129.169,0.009999999776482582,-0.009999999776482582,0.019999999552965164,datactrl_ref_vx_fallback,states_vx_gs,0.020273562520742416,datactrl_est_theta_fallback,-0.13987168669700623,0.39007663548842636,0.22521099140143572,0.520305732439107,0.5198986288633632,0.5197521696818088,0.5204521916206615,0.5204020346717171,0.5198023266307532,0.0,0.0,0.0,0.0,0.009999999776482582,0.0,0.0,0.0,0.0,0.0,0.020273562520742416,0.020273562520742416,0.0,0.0,0.0,0.0
129.373,0.009999999776482582,-0.009999999776482582,0.019999999552965164,datactrl_ref_vx_fallback,states_vx_gs,0.019513562321662903,datactrl_est_theta_fallback,0.048979245126247406,0.39009181485661804,0.22521976746962902,0.5199204010320484,0.5203244385855996,0.5204822043207765,0.5197626352968715,0.5197973214023518,0.5204475182152962,0.0,0.0,0.0,0.0,0.009999999776482582,0.0,0.0,0.0,0.0,0.0,0.019513562321662903,0.019513562321662903,0.0,0.0,0.0,0.0
129.597,0.009999999776482582,-0.009999999776482582,0.019999999552965164,datactrl_ref_vx_fallback,states_vx_gs,0.01875356212258339,datactrl_est_theta_fallback,-0.027046730741858482,0.3901208108809402,0.22523655631933961,0.5203819897174783,0.5199401726316956,0.5197730504687805,0.5205491118803933,0.5205648947835753,0.5197572675655986,0.0,0.0,0.0,0.0,0.009999999776482582,0.0,0.0,0.0,0.0,0.0,0.01875356212258339,0.01875356212258339,0.0,0.0,0.0,0.0
129.797,0.009999999776482582,-0.009999999776482582,0.019999999552965164,datactrl_ref_vx_fallback,states_vx_gs,0.017993561923503876,datactrl_est_theta_fallback,-0.009012823924422264,0.39012324083364674,0.22523782547310386,0.5200491538662422,0.5202794883568158,0.5203916229094775,0.5199370193135805,0.5199267337708039,0.5204019084522541,0.0,0.0,0.0,0.0,0.009999999776482582,0.0,0.0,0.0,0.0,0.0,0.017993561923503876,0.017993561923503876,0.0,0.0,0.0,0.0
130.059,0.009999999776482582,-0.009999999776482582,0.019999999552965164,datactrl_ref_vx_fallback,states_vx_gs,-0.009999999776482582,states_theta,-0.011303992941975594,0.3901256707863533,0.2252392074855956,0.5200474181708178,0.5202877039261243,0.5200214272507783,0.5203136948461639,0.5203863993967158,0.5199487227002263,0.0,0.0,0.0,0.0,0.009999999776482582,0.0,0.0,0.0,0.0,0.0,0.016853561624884605,0.026853561401367188,0.0,0.0,0.0,0.0
130.222,0.009999999776482582,-0.009999999776482582,0.019999999552965164,datactrl_ref_vx_fallback,states_vx_gs,0.01647356152534485,datactrl_est_theta_fallback,0.13902732729911804,0.3901010757007528,0.22522502233298378,0.519957130471479,0.5203124047305285,0.5199685716939892,0.5203009635080182,0.5199084646398096,0.5203610705621979,0.0,0.0,0.0,0.0,0.009999999776482582,0.0,0.0,0.0,0.0,0.0,0.01647356152534485,0.01647356152534485,0.0,0.0,0.0,0.0
130.497,0.009999999776482582,-0.009999999776482582,0.019999999552965164,datactrl_ref_vx_fallback,states_vx_gs,0.015333562158048153,datactrl_est_theta_fallback,-0.21922250092029572,0.3900893656906773,0.22521828090745005,0.5202543495239705,0.5199839589845022,0.520221605368228,0.5200167031402447,0.5204604444973115,0.5197778640111612,0.0,0.0,0.0,0.0,0.009999999776482582,0.0,0.0,0.0,0.0,0.0,0.015333562158048153,0.015333562158048153,0.0,0.0,0.0,0.0
130.724,0.009999999776482582,-0.009999999776482582,0.019999999552965164,datactrl_ref_vx_fallback,states_vx_gs,0.01457356195896864,datactrl_est_theta_fallback,0.19115036725997925,0.3896862275512238,0.2249855134015118,0.5195522421580268,0.5196110313119033,0.5195017197843248,0.5196615536856053,0.5192502951162097,0.5199129783537204,0.0,0.0,0.0,0.0,0.009999999776482582,0.0,0.0,0.0,0.0,0.0,0.01457356195896864,0.01457356195896864,0.0,0.0,0.0,0.0
130.976,0.009999999776482582,-0.009999999776482582,0.019999999552965164,datactrl_ref_vx_fallback,states_vx_gs,0.009999999776482582,states_theta,-0.11147721856832504,0.3900340494297945,0.22518627792820975,0.5200103257804264,0.5200804726990257,0.5202031504906993,0.5198876479887528,0.520045883400227,0.5200449150792251,0.0,0.0,0.0,0.0,0.009999999776482582,0.0,0.0,0.0,0.0,0.0,0.0138135626912117,0.0038135626818984747,0.0,0.0,0.0,0.0
131.147,0.009999999776482582,-0.009999999776482582,0.019999999552965164,datactrl_ref_vx_fallback,states_vx_gs,0.013433562591671944,datactrl_est_theta_fallback,-0.24686110019683838,0.39000373335391114,0.2251688477499982,0.5200047915429113,0.5200051640675183,0.5201372217888712,0.5198727338215584,0.5203788669466728,0.5196310886637568,0.0,0.0,0.0,0.0,0.009999999776482582,0.0,0.0,0.0,0.0,0.0,0.013433562591671944,0.013433562591671944,0.0,0.0,0.0,0.0
131.368,0.009999999776482582,-0.009999999776482582,0.019999999552965164,datactrl_ref_vx_fallback,states_vx_gs,-0.019999999552965164,states_theta,0.11100935935974121,0.38999005232358125,0.22516090474615116,0.5199248181142462,0.5200486547486372,0.519946840029306,0.5200266328335773,0.5202553073798316,0.5197181654830517,0.0,0.0,0.0,0.0,0.009999999776482582,0.0,0.0,0.0,0.0,0.0,0.01267356239259243,0.032673563808202744,0.0,0.0,0.0,0.0
131.589,0.00998840063721218,-0.009999999776482582,0.019988400413694762,datactrl_ref_vx_fallback,states_vx_gs,0.07000000029802322,states_theta,0.6354254484176636,0.3899624601932178,0.2251451546818011,0.5198886832253005,0.5200112106232804,0.5202219953011449,0.519677898547436,0.5193803301415951,0.5205195637069857,0.0,0.0,0.0,-5.799793598271208e-06,0.009994200430810452,0.0,0.0,0.0,0.0,0.0,0.011925672180950642,-0.05807432904839516,0.0,0.0,0.0,0.0
131.8,0.019989292595255392,-0.019999999552965164,0.03998929214822056,datactrl_ref_vx_fallback,states_vx_gs,0.19999998807907104,states_theta,0.5571817755699158,0.38993428759844906,0.22512893477616827,0.5200938092734805,0.5197309576557171,0.5192543828005123,0.5205703841286853,0.5197769075225431,0.5200478594066544,0.0,0.0,0.0,-5.353715550882043e-06,0.019994646310806274,0.0,0.0,0.0,0.0,0.0,-0.009486779570579529,-0.20948676764965057,0.0,0.0,0.0,0.0
132.009,0.026651602005586028,-0.019999999552965164,0.04665160155855119,datactrl_ref_vx_fallback,states_vx_gs,0.25,states_theta,0.04580298438668251,0.3899193105589649,0.22512008796362376,0.5197114419214232,0.5200733862358166,0.5196732341441685,0.5201115940130712,0.5196836897098727,0.520101138447367,0.0,0.0,0.0,0.00332580110989511,0.023325800895690918,0.0,0.0,0.0,0.0,0.0,-0.017974482849240303,-0.26797449588775635,0.0,0.0,0.0,0.0
132.214,0.036640892969444394,-0.029999999329447746,0.06664089229889214,datactrl_ref_vx_fallback,states_vx_gs,0.1899999976158142,states_theta,-0.6081647872924805,0.3898902334118236,0.22510337370138084,0.5199917478000051,0.5197155412981911,0.5198501846530585,0.5198571044451377,0.5203409937670722,0.519366295331124,0.0,0.0,0.0,0.003320447402074933,0.03332044556736946,0.0,0.0,0.0,0.0,0.0,-0.04095824807882309,-0.2309582382440567,0.0,0.0,0.0,0.0
132.509,0.053303204011172056,-0.03999999910593033,0.09330320311710238,datactrl_ref_vx_fallback,states_vx_gs,0.009999999776482582,states_theta,-0.3745800852775574,0.3898608322793845,0.22508634111693981,0.519783399063486,0.5198454870148727,0.5201828968777448,0.5194459892006139,0.5196890891928817,0.519939796885477,0.0,0.0,0.0,0.00665160221979022,0.046651601791381836,0.0,0.0,0.0,0.0,0.0,-0.07303540408611298,-0.08303540199995041,0.0,0.0,0.0,0.0
132.674,0.059965512715280056,-0.03999999910593033,0.09996551182121038,datactrl_ref_vx_fallback,states_vx_gs,-0.009999999776482582,states_theta,-0.1991439163684845,0.3898581322173995,0.2250847053279103,0.5197228359199867,0.5198988499930787,0.5197570864450425,0.5198645994680229,0.5197532771503235,0.5198684087627419,0.0,0.0,0.0,0.009982756339013577,0.04998275637626648,0.0,0.0,0.0,0.0,0.0,-0.08164969086647034,-0.07164968550205231,0.0,0.0,0.0,0.0
132.885,0.059965512715280056,-0.03999999910593033,0.09996551182121038,datactrl_ref_vx_fallback,states_vx_gs,-0.029999999329447746,states_theta,-0.11362890154123306,0.3898554321554145,0.22508314637940252,0.5197168971741469,0.5198975885736251,0.5197517185369536,0.5198627672108185,0.5197564216640365,0.5198580640837356,0.0,0.0,0.0,0.009982756339013577,0.04998275637626648,0.0,0.0,0.0,0.0,0.0,-0.08544837683439255,-0.05544837564229965,0.0,0.0,0.0,0.0
133.151,0.056627824902534485,-0.029999999329447746,0.08662782423198223,datactrl_ref_vx_fallback,states_vx_gs,-0.05999999865889549,states_theta,-0.12107565999031067,0.3898798381346246,0.22509723504314236,0.5197448469385995,0.5199347214203995,0.5198577215888903,0.5198218467701087,0.5198652714091249,0.5198142969498741,0.0,0.0,0.0,0.013313911855220795,0.04331391304731369,0.0,0.0,0.0,0.0,0.0,-0.077019102871418,-0.017019107937812805,0.0,0.0,0.0,0.0
133.337,0.06329013407230377,-0.029999999329447746,0.09329013340175152,datactrl_ref_vx_fallback,states_vx_gs,-0.07999999821186066,states_theta,-0.12338012456893921,0.39028348006156544,0.225330288909097,0.520234357962386,0.5205215888684551,0.5204199256023344,0.5203360212285068,0.520465163374984,0.5202907834558571,0.0,0.0,0.0,0.016645066440105438,0.046645067632198334,0.0,0.0,0.0,0.0,0.0,-0.08550655841827393,-0.005506562069058418,0.0,0.0,0.0,0.0
133.56,0.0632767379283905,-0.029999999329447746,0.09327673725783825,datactrl_ref_vx_fallback,states_vx_gs,-0.09999999403953552,states_theta,-0.12737107276916504,0.3902966524462437,0.22533789067853882,0.5204783527469413,0.5203127204430419,0.5203352170354506,0.5204558561545326,0.5205118287109151,0.5202792444790681,0.0,0.0,0.0,0.016638368368148804,0.0466383695602417,0.0,0.0,0.0,0.0,0.0,-0.08903757482767105,0.010962420143187046,0.0,0.0,0.0,0.0
133.769,0.05993904545903206,-0.019999999552965164,0.07993904501199722,datactrl_ref_vx_fallback,states_vx_gs,-0.10999999940395355,states_theta,0.05662704259157181,0.38995019544869575,0.22513785808864095,0.5199847703724714,0.5198824174907173,0.5199541296129423,0.5199130582502464,0.5198288835986765,0.5200383042645121,0.0,0.0,0.0,0.019969522953033447,0.03996952250599861,0.0,0.0,0.0,0.0,0.0,-0.07897420227527618,0.031025798991322517,0.0,0.0,0.0,0.0
133.997,0.06660404242575169,-0.019999999552965164,0.08660404197871685,datactrl_ref_vx_fallback,states_vx_gs,-0.10999999940395355,states_theta,-0.15449973940849304,0.3899796264056189,0.22515489476412404,0.519902963510894,0.5200427069040896,0.5198175635679372,0.5201281068470465,0.5202288397991695,0.5197168306158142,0.0,0.0,0.0,0.023302020505070686,0.043302021920681,0.0,0.0,0.0,0.0,0.0,-0.08885622024536133,0.021143781021237373,0.0,0.0,0.0,0.0
134.273,0.056601349264383316,-0.009999999776482582,0.0666013490408659,datactrl_ref_vx_fallback,states_vx_gs,-0.12999999523162842,states_theta,-0.028744595125317574,0.3899929562940003,0.2251626356187157,0.5200695401874353,0.5199116765965655,0.520363418716914,0.5196177980670867,0.5198171569942228,0.520164059789778,0.0,0.0,0.0,0.023300673812627792,0.033300675451755524,0.0,0.0,0.0,0.0,0.0,-0.0731758326292038,0.05682416260242462,0.0,0.0,0.0,0.0
134.462,0.056604040786623955,-0.009999999776482582,0.06660404056310654,datactrl_ref_vx_fallback,states_vx_gs,-0.12999999523162842,states_theta,0.07317756116390228,0.39002038630735275,0.22517843057437473,0.520064505579112,0.519989857907162,0.5197599983368334,0.5202943651494406,0.5201923783848122,0.5198619851014618,0.0,0.0,0.0,0.023302020505070686,0.03330202028155327,0.0,0.0,0.0,0.0,0.0,-0.07444402575492859,0.05555597320199013,0.0,0.0,0.0,0.0
134.692,0.06326635554432869,-0.009999999776482582,0.07326635532081127,datactrl_ref_vx_fallback,states_vx_gs,-0.10999999940395355,states_theta,0.03409053757786751,0.39004824828942575,0.22519449752205994,0.5199855678076979,0.5201430942974374,0.5201824225274146,0.5199462395777207,0.5198512987989435,0.5202773633061918,0.0,0.0,0.0,0.02663317695260048,0.03663317859172821,0.0,0.0,0.0,0.0,0.0,-0.08394309133291245,0.026056909933686256,0.0,0.0,0.0,0.0
134.926,0.05325564742088318,0.02662782371044159,0.02662782371044159,datactrl_ref_vx_fallback,datactrl_est_vx_fallback,-0.10999999940395355,states_theta,-0.036065444350242615,0.3900764612416968,0.22521076710138793,0.5201195477284208,0.520084348916104,0.5201409964625653,0.5200629001819596,0.5202726897233102,0.5199312069212146,0.0,0.0,0.0,0.02662782371044159,0.02662782371044159,0.0,0.0,0.0,0.0,0.0,-0.06606421619653702,0.043935783207416534,0.0,0.0,0.0,0.0
134.976,0.05325564742088318,0.02662782371044159,0.02662782371044159,datactrl_ref_vx_fallback,datactrl_est_vx_fallback,-0.11999999731779099,states_theta,-0.04255291819572449,0.3900764612416968,0.22521076710138793,0.5201195477284208,0.520084348916104,0.5201409964625653,0.5200629001819596,0.5202726897233102,0.5199312069212146,0.0,0.0,0.0,0.02662782371044159,0.02662782371044159,0.0,0.0,0.0,0.0,0.0,-0.06707607209682465,0.05292392149567604,0.0,0.0,0.0,0.0
135.161,0.05325564742088318,0.02662782371044159,0.02662782371044159,datactrl_ref_vx_fallback,datactrl_est_vx_fallback,-0.11999999731779099,states_theta,0.031845178455114365,0.3900780811243115,0.22521170207700905,0.5200440086282676,0.5201642077032298,0.5201964963484265,0.5200117199830709,0.5199685943412937,0.5202396219902037,0.0,0.0,0.0,0.02662782371044159,0.02662782371044159,0.0,0.0,0.0,0.0,0.0,-0.06808793544769287,0.05191206559538841,0.0,0.0,0.0,0.0
135.443,0.05325564742088318,0.02662782371044159,0.02662782371044159,datactrl_ref_vx_fallback,datactrl_est_vx_fallback,-0.10999999940395355,states_theta,0.014015687629580498,0.39009334152528663,0.22522056680279154,0.5202521367675429,0.5199967739665549,0.5199007937566305,0.5203481169774673,0.5203728777388847,0.519876032995213,0.0,0.0,0.0,0.02662782371044159,0.02662782371044159,0.0,0.0,0.0,0.0,0.0,-0.07112350314855576,0.0388764962553978,0.0,0.0,0.0,0.0
135.633,0.05325564742088318,0.02662782371044159,0.02662782371044159,datactrl_ref_vx_fallback,datactrl_est_vx_fallback,-0.09999999403953552,states_theta,0.02720414102077484,0.3900952315171799,0.2252216967123057,0.5199685630444467,0.520285387668033,0.5203858068677236,0.5198681438447561,0.5198018265526112,0.5204521241598685,0.0,0.0,0.0,0.02662782371044159,0.02662782371044159,0.0,0.0,0.0,0.0,0.0,-0.07213535904884338,0.02786463312804699,0.0,0.0,0.0,0.0
135.902,0.0532592311501503,0.02662961557507515,0.02662961557507515,datactrl_ref_vx_fallback,datactrl_est_vx_fallback,-0.09999999403953552,states_theta,-0.028795845806598663,0.3901243355336647,0.2252385051330829,0.5203077693312685,0.5200237920918374,0.5198758674820906,0.5204556939410153,0.5204867175433402,0.5198448438797657,0.0,0.0,0.0,0.02662961557507515,0.02662961557507515,0.0,0.0,0.0,0.0,0.0,-0.07517461478710175,0.024825381115078926,0.0,0.0,0.0,0.0
136.147,0.0432556476444006,0.009999999776482582,0.033255647867918015,datactrl_ref_vx_fallback,states_vx_gs,-0.10999999940395355,states_theta,-0.012201943434774876,0.3900993624754949,0.2252240726646296,0.5199878199452708,0.520277146656049,0.5204847458032182,0.5197802207981015,0.51994149683803,0.5203234697632897,0.0,0.0,0.0,0.02662782371044159,0.016627823933959007,0.0,0.0,0.0,0.0,0.0,-0.05631471797823906,0.05368528142571449,0.0,0.0,0.0,0.0
136.333,0.0432556476444006,0.009999999776482582,0.033255647867918015,datactrl_ref_vx_fallback,states_vx_gs,-0.09999999403953552,states_theta,0.1073358952999115,0.39010125246738797,0.22522515527214348,0.5202454698896103,0.520024536690091,0.5197980690631263,0.520471937516575,0.5203357678336671,0.5199342387460342,0.0,0.0,0.0,0.02662782371044159,0.016627823933959007,0.0,0.0,0.0,0.0,0.0,-0.05694657564163208,0.04305341839790344,0.0,0.0,0.0,0.0
136.557,0.0432556476444006,0.009999999776482582,0.033255647867918015,datactrl_ref_vx_fallback,states_vx_gs,-0.08999999612569809,states_theta,-0.0007639674004167318,0.39008942090813714,0.22521839106867003,0.5199989427679957,0.5202395129870366,0.5204953215319069,0.5197431342231255,0.5197581442730678,0.5204803114819646,0.0,0.0,0.0,0.02662782371044159,0.016627823933959007,0.0,0.0,0.0,0.0,0.0,-0.058210358023643494,0.031789638102054596,0.0,0.0,0.0,0.0
136.782,0.02659691870212555,0.019999999552965164,0.006596919149160385,datactrl_ref_vx_fallback,states_vx_gs,-0.08999999612569809,states_theta,0.034810036420822144,0.39006396175636354,0.22520360356182234,0.5202257942081905,0.5199447704754456,0.5198982824529989,0.5202722822306373,0.5203533027743935,0.5198172619092426,0.0,0.0,0.0,0.023298459127545357,0.0032984595745801926,0.0,0.0,0.0,0.0,0.0,-0.03206022456288338,0.05793977156281471,0.0,0.0,0.0,0.0
137.006,0.02659691870212555,0.019999999552965164,0.006596919149160385,datactrl_ref_vx_fallback,states_vx_gs,-0.07999999821186066,states_theta,0.07495903223752975,0.3900650416781649,0.22520431400653887,0.5198593002292904,0.5203141442458161,0.5203779516955516,0.519795492779555,0.5197037504310413,0.5204696940440652,0.0,0.0,0.0,0.023298459127545357,0.0032984595745801926,0.0,0.0,0.0,0.0,0.0,-0.032310906797647476,0.04768909141421318,0.0,0.0,0.0,0.0
137.277,0.01994442567229271,0.019999999552965164,-5.5573880672454834e-05,datactrl_ref_vx_fallback,states_vx_gs,-0.05999999865889549,states_theta,0.058970481157302856,0.39003670859444767,0.22518791278277167,0.5202486501235993,0.5198492394615944,0.5197271546549306,0.5203707349302632,0.5202981190541859,0.5197997705310079,0.0,0.0,0.0,0.019972212612628937,-2.7786940336227417e-05,0.0,0.0,0.0,0.0,0.0,-0.025855552405118942,0.03414444625377655,0.0,0.0,0.0,0.0
137.465,0.01994173228740692,0.019999999552965164,-5.82672655582428e-05,datactrl_ref_vx_fallback,states_vx_gs,-0.04999999701976776,states_theta,0.0600447878241539,0.3899961240448287,0.2251645197566402,0.519799909485581,0.5201897546339622,0.5203124266125272,0.519677237507016,0.5196261300239036,0.5203635340956396,0.0,0.0,0.0,0.019970865920186043,-2.91336327791214e-05,0.0,0.0,0.0,0.0,0.0,-0.02585173211991787,0.02414826489984989,0.0,0.0,0.0,0.0
137.689,0.01994442567229271,0.019999999552965164,-5.5573880672454834e-05,datactrl_ref_vx_fallback,states_vx_gs,-0.04999999701976776,states_theta,0.02406928688287735,0.3899686939027355,0.22514874858166983,0.5201782842486509,0.5197382328253104,0.5196414326967626,0.5202750843771987,0.520452420488018,0.5194640965859433,0.0,0.0,0.0,0.019972212612628937,-2.7786940336227417e-05,0.0,0.0,0.0,0.0,0.0,-0.02585233375430107,0.02414766326546669,0.0,0.0,0.0,0.0
137.957,0.0032794270664453506,0.029999999329447746,-0.026720572263002396,datactrl_ref_vx_fallback,states_vx_gs,-0.03999999910593033,states_theta,0.11724105477333069,0.3899407237997416,0.22513245610881563,0.5197871559554176,0.5200547741772267,0.5200859110517017,0.5197560190809426,0.5196232644228828,0.5202186657097615,0.0,0.0,0.0,0.01663971319794655,-0.013360286131501198,0.0,0.0,0.0,0.0,0.0,0.0028883384075015783,0.0428883358836174,0.0,0.0,0.0,0.0
138.167,0.0032794270664453506,0.029999999329447746,-0.026720572263002396,datactrl_ref_vx_fallback,states_vx_gs,-0.029999999329447746,states_theta,0.10782098025083542,0.3899258007820956,0.2251237792248389,0.519955888374298,0.5198462470446236,0.5198447880988215,0.5199573473201,0.5200335936244236,0.5197685417944979,0.0,0.0,0.0,0.01663971319794655,-0.013360286131501198,0.0,0.0,0.0,0.0,0.0,0.0033960293512791395,0.033396027982234955,0.0,0.0,0.0,0.0
138.219,-0.0033828821033239365,0.029999999329447746,-0.03338288143277168,datactrl_ref_vx_fallback,states_vx_gs,-0.029999999329447746,states_theta,0.012903187423944473,0.3899258007820956,0.2251237792248389,0.519955888374298,0.5198462470446236,0.5198447880988215,0.5199573473201,0.5200335936244236,0.5197685417944979,0.0,0.0,0.0,0.013308558613061905,-0.01669144071638584,0.0,0.0,0.0,0.0,0.0,0.010745245032012463,0.040745243430137634,0.0,0.0,0.0,0.0
138.46,-0.003372175619006157,0.029999999329447746,-0.0333721749484539,datactrl_ref_vx_fallback,states_vx_gs,-0.019999999552965164,states_theta,0.054714981466531754,0.38989683162711686,0.2251070431193621,0.5198229002540801,0.5199019840848983,0.5198601181701428,0.5198647661688356,0.5198095745399272,0.5199153097990512,0.0,0.0,0.0,0.013313911855220795,-0.01668608747422695,0.0,0.0,0.0,0.0,0.0,0.012002800591289997,0.03200279921293259,0.0,0.0,0.0,0.0
138.627,-0.010034487582743168,0.029999999329447746,-0.040034486912190914,datactrl_ref_vx_fallback,states_vx_gs,-0.009999999776482582,states_theta,0.03678556904196739,0.3898674844907767,0.2250901106353026,0.5199139992162122,0.5197326260925256,0.5197391719127511,0.5199074533959867,0.5199183669171306,0.5197282583916072,0.0,0.0,0.0,0.009982756339013577,-0.020017243921756744,0.0,0.0,0.0,0.0,0.0,0.01947839930653572,0.029478399083018303,0.0,0.0,0.0,0.0
138.838,-0.010034487582743168,0.029999999329447746,-0.040034486912190914,datactrl_ref_vx_fallback,states_vx_gs,-0.009999999776482582,states_theta,0.022106735035777092,0.3898647844287917,0.22508856083364165,0.51966260349032,0.5199768216531244,0.5199313253471654,0.5197080997962791,0.5197601445099331,0.5198792806335113,0.0,0.0,0.0,0.009982756339013577,-0.020017243921756744,0.0,0.0,0.0,0.0,0.0,0.020999709144234657,0.03099970892071724,0.0,0.0,0.0,0.0
139.048,-0.01669679442420602,0.029999999329447746,-0.046696793753653765,datactrl_ref_vx_fallback,states_vx_gs,-0.009999999776482582,states_theta,0.026042014360427856,0.3898347083451175,0.22507122999774096,0.5196131824366328,0.5199460398170139,0.5195888382344125,0.5199703840192342,0.5199722003654943,0.5195870218881524,0.0,0.0,0.0,0.00665160221979022,-0.02334839664399624,0.0,0.0,0.0,0.0,0.0,0.029489127919077873,0.039489127695560455,0.0,0.0,0.0,0.0
139.253,-0.0233492914121598,0.029999999329447746,-0.05334929074160755,datactrl_ref_vx_fallback,states_vx_gs,0.03809485211968422,datactrl_est_theta_fallback,0.03004184551537037,0.3898314683221446,0.2250693676262917,0.5195963913786695,0.5199541908137161,0.5195910719923025,0.5199595102000831,0.5199991379394353,0.5195514442529503,0.0,0.0,0.0,0.0033253536093980074,-0.026674645021557808,0.0,0.0,0.0,0.0,0.0,0.03809485211968422,0.03809485211968422,0.0,0.0,0.0,0.0
139.464,-0.0233492914121598,0.029999999329447746,-0.05334929074160755,datactrl_ref_vx_fallback,states_vx_gs,0.009999999776482582,states_theta,0.1774565875530243,0.3898556583169595,0.22508327869007122,0.5197382217393944,0.5198768671058309,0.5196993586753492,0.5199157301698761,0.5197864565371973,0.519828632308028,0.0,0.0,0.0,0.0033253536093980074,-0.026674645021557808,0.0,0.0,0.0,0.0,0.0,0.040122125297784805,0.030122125521302223,0.0,0.0,0.0,0.0
139.698,-0.030012490650278778,0.029999999329447746,-0.060012489979726524,datactrl_ref_vx_fallback,states_vx_gs,0.019999999552965164,states_theta,-0.016042422503232956,0.3898800642961695,0.22509736769869657,0.5199018904306418,0.5197782810258103,0.5199395588072522,0.5197406126491999,0.5198442531092933,0.5198359183471588,0.0,0.0,0.0,-6.2458716456603725e-06,-0.030006244778633118,0.0,0.0,0.0,0.0,0.0,0.04911843687295914,0.029118437319993973,0.0,0.0,0.0,0.0
139.906,-0.029999999329447746,0.029999999329447746,-0.05999999865889549,datactrl_ref_vx_fallback,states_vx_gs,0.019999999552965164,states_theta,-0.01417847815901041,0.38990913522757087,0.22511416280341537,0.5199914330837357,0.5197662608564532,0.5200231725226179,0.519734521417571,0.5198841399988741,0.5198735539413148,0.0,0.0,0.0,0.0,-0.029999999329447746,0.0,0.0,0.0,0.0,0.0,0.051386065781116486,0.03138606622815132,0.0,0.0,0.0,0.0
140.173,-0.036662310594692826,0.029999999329447746,-0.06666230992414057,datactrl_ref_vx_fallback,states_vx_gs,0.029999999329447746,states_theta,0.14295247197151184,0.38992457111769196,0.2251230854305954,0.5200309701919593,0.5197678861218858,0.5197123546033726,0.5200865017104725,0.5198764733789025,0.5199223829349426,0.0,0.0,0.0,-0.003331154817715287,-0.03333115577697754,0.0,0.0,0.0,0.0,0.0,0.06190076097846031,0.031900759786367416,0.0,0.0,0.0,0.0
140.361,-0.04332461999729276,0.029999999329447746,-0.0733246193267405,datactrl_ref_vx_fallback,states_vx_gs,0.029999999329447746,states_theta,-0.09998565912246704,0.3899516006063137,0.225138713403211,0.5198354066853523,0.5200355282648175,0.5202148422018541,0.5196560927483157,0.5200080974400746,0.5198628375100952,0.0,0.0,0.0,-0.006662309635430574,-0.03666231036186218,0.0,0.0,0.0,0.0,0.0,0.07014818489551544,0.030148187652230263,0.0,0.0,0.0,0.0
140.574,-0.04331390932202339,0.029999999329447746,-0.07331390865147114,datactrl_ref_vx_fallback,states_vx_gs,0.019999999552965164,states_theta,-0.022151941433548927,0.3899780855593492,0.22515396519054895,0.5199756179567001,0.5199659435348978,0.5198391384967207,0.5201024229948772,0.5198987461667977,0.5200428153248002,0.0,0.0,0.0,-0.006656955927610397,-0.036656953394412994,0.0,0.0,0.0,0.0,0.0,0.07292350381612778,0.05292350798845291,0.0,0.0,0.0,0.0
140.826,-0.03997621964663267,0.019999999552965164,-0.059976219199597836,datactrl_ref_vx_fallback,states_vx_gs,0.04999999701976776,states_theta,0.03808749094605446,0.39001849451224585,0.22517728957096073,0.5200417461285081,0.5200075725708142,0.5199181294252552,0.5201311892740671,0.5200484231041235,0.5200008955951988,0.0,0.0,0.0,-0.009988109581172466,-0.029988110065460205,0.0,0.0,0.0,0.0,0.0,0.06340575218200684,0.01340575236827135,0.0,0.0,0.0,0.0
140.996,-0.03997621964663267,0.019999999552965164,-0.059976219199597836,datactrl_ref_vx_fallback,states_vx_gs,0.04999999701976776,states_theta,-0.027867138385772705,0.3900190344731465,0.2251776057616468,0.5200167247769627,0.5200340338180947,0.5201659774357803,0.519884781159277,0.5200061881701123,0.520044570424945,0.0,0.0,0.0,-0.009988109581172466,-0.029988110065460205,0.0,0.0,0.0,0.0,0.0,0.06454529613256454,0.014545300044119358,0.0,0.0,0.0,0.0
141.197,-0.046627823263406754,0.019999999552965164,-0.06662782281637192,datactrl_ref_vx_fallback,states_vx_gs,0.04999999701976776,states_theta,0.04487688094377518,0.39004711243957974,0.22519380957331903,0.5200780842722351,0.5200475488999775,0.5200154116203107,0.5201102215519019,0.5199913768317547,0.520134256340458,0.0,0.0,0.0,-0.013313911855220795,-0.03331391140818596,0.0,0.0,0.0,0.0,0.0,0.07379414886236191,0.023794151842594147,0.0,0.0,0.0,0.0
141.404,-0.04662961699068546,0.019999999552965164,-0.06662961654365063,datactrl_ref_vx_fallback,states_vx_gs,0.05999999865889549,states_theta,0.008118897676467896,0.39007562237029814,0.2252102685776186,0.5200776691221396,0.5201239905319888,0.520123533032698,0.5200781266214304,0.5201667787320327,0.5200348809220957,0.0,0.0,0.0,-0.013314807787537575,-0.03331480920314789,0.0,0.0,0.0,0.0,0.0,0.07632788270711899,0.016327884048223495,0.0,0.0,0.0,0.0
141.609,-0.05329013243317604,0.019999999552965164,-0.0732901319861412,datactrl_ref_vx_fallback,states_vx_gs,0.05999999865889549,states_theta,0.02778000943362713,0.39009088277127324,0.22521908207748917,0.5201753340689271,0.5200670199878016,0.5200350414552207,0.520207312601508,0.5201379089400385,0.5201044451166902,0.0,0.0,0.0,-0.016645066440105438,-0.0366450659930706,0.0,0.0,0.0,0.0,0.0,0.08583873510360718,0.025838732719421387,0.0,0.0,0.0,0.0
141.826,-0.04329192452132702,0.009999999776482582,-0.0532919242978096,datactrl_ref_vx_fallback,states_vx_gs,0.07000000029802322,states_theta,0.034458838403224945,0.39012014877600215,0.22523598671239356,0.520287731375224,0.5200326653607817,0.5200961518159782,0.5202242449200275,0.5200931169750177,0.520227279760988,0.0,0.0,0.0,-0.01664596237242222,-0.0266459621489048,0.0,0.0,0.0,0.0,0.0,0.06801160424947739,-0.0019883988425135612,0.0,0.0,0.0,0.0
142.096,-0.049944425001740456,0.009999999776482582,-0.05994442477822304,datactrl_ref_vx_fallback,states_vx_gs,0.05999999865889549,states_theta,-0.0916065201163292,0.3901225787287087,0.22523739970107604,0.5202973484859013,0.5200295281239886,0.5202626278639505,0.5200642487459394,0.520286783297755,0.5200400933121349,0.0,0.0,0.0,-0.019972212612628937,-0.02997221238911152,0.0,0.0,0.0,0.0,0.0,0.0780196487903595,0.018019646406173706,0.0,0.0,0.0,0.0
142.269,-0.049944425001740456,0.009999999776482582,-0.05994442477822304,datactrl_ref_vx_fallback,states_vx_gs,0.05999999865889549,states_theta,0.009554967284202576,0.39012500868141525,0.22523879937603775,0.520231948226811,0.520101408256963,0.5200510839823269,0.5202822725014471,0.5203062860248671,0.520027070458907,0.0,0.0,0.0,-0.019972212612628937,-0.02997221238911152,0.0,0.0,0.0,0.0,0.0,0.07915858924388885,0.019158590584993362,0.0,0.0,0.0,0.0
142.512,-0.049944425001740456,0.009999999776482582,-0.05994442477822304,datactrl_ref_vx_fallback,states_vx_gs,0.05999999865889549,states_theta,0.011002675630152225,0.3901001706134488,0.22522445820630335,0.5201878420513383,0.5200792795845252,0.5200270257698731,0.5202400958659903,0.5202791089780865,0.5199880126577769,0.0,0.0,0.0,-0.019972212612628937,-0.02997221238911152,0.0,0.0,0.0,0.0,0.0,0.08143647760152817,0.021436478942632675,0.0,0.0,0.0,0.0
142.735,-0.04994173161685467,0.009999999776482582,-0.05994173139333725,datactrl_ref_vx_fallback,states_vx_gs,0.07000000029802322,states_theta,0.06274812668561935,0.3900838120433037,0.22521502810312172,0.5201622882157123,0.520061210566431,0.5201161499069974,0.5201073488751459,0.5198687073338634,0.5203547914482799,0.0,0.0,0.0,-0.019970865920186043,-0.029970865696668625,0.0,0.0,0.0,0.0,0.0,0.08371159434318542,0.013711594976484776,0.0,0.0,0.0,0.0
143.003,-0.046596918255090714,-0.023298459127545357,-0.023298459127545357,datactrl_ref_vx_fallback,datactrl_est_vx_fallback,0.07000000029802322,states_theta,-0.14545398950576782,0.38968032292932153,0.22498206628882716,0.5196389148580717,0.5195086129534524,0.519622459298902,0.519525068512622,0.5197784247777641,0.5193691030337599,0.0,0.0,0.0,-0.023298459127545357,-0.023298459127545357,0.0,0.0,0.0,0.0,0.0,0.07253781706094742,0.002537816297262907,0.0,0.0,0.0,0.0
143.177,-0.046596918255090714,-0.023298459127545357,-0.023298459127545357,datactrl_ref_vx_fallback,datactrl_est_vx_fallback,0.04999999701976776,states_theta,-0.19831782579421997,0.3900270708313574,0.2251822588327376,0.5199511656078035,0.5201210232758162,0.5199753349169349,0.5200968539666848,0.5202183736538384,0.5198538152297814,0.0,0.0,0.0,-0.023298459127545357,-0.023298459127545357,0.0,0.0,0.0,0.0,0.0,0.07342315465211868,0.02342316135764122,0.0,0.0,0.0,0.0
143.234,-0.046596918255090714,-0.023298459127545357,-0.023298459127545357,datactrl_ref_vx_fallback,datactrl_est_vx_fallback,0.03999999910593033,states_theta,0.0039469776675105095,0.3900270708313574,0.2251822588327376,0.5199511656078035,0.5201210232758162,0.5199753349169349,0.5200968539666848,0.5202183736538384,0.5198538152297814,0.0,0.0,0.0,-0.023298459127545357,-0.023298459127545357,0.0,0.0,0.0,0.0,0.0,0.07430849969387054,0.034308500587940216,0.0,0.0,0.0,0.0
143.409,-0.04659333452582359,-0.023296667262911797,-0.023296667262911797,datactrl_ref_vx_fallback,datactrl_est_vx_fallback,0.05999999865889549,states_theta,0.24670106172561646,0.38998668879926146,0.22515893905055762,0.5200930327636395,0.5198714707010577,0.5200243380880077,0.5199401653766894,0.5201261486052832,0.519838354859414,0.0,0.0,0.0,-0.023296667262911797,-0.023296667262911797,0.0,0.0,0.0,0.0,0.0,0.07519015669822693,0.015190155245363712,0.0,0.0,0.0,0.0
143.643,-0.04659333452582359,-0.023296667262911797,-0.023296667262911797,datactrl_ref_vx_fallback,datactrl_est_vx_fallback,0.03999999910593033,states_theta,-0.20143598318099976,0.3899593666493483,0.2251432019808149,0.5197579973894866,0.5201336470087756,0.519936875503342,0.5199547688949202,0.5196875244141581,0.5202041199841041,0.0,0.0,0.0,-0.023296667262911797,-0.023296667262911797,0.0,0.0,0.0,0.0,0.0,0.07696069777011871,0.036960702389478683,0.0,0.0,0.0,0.0
143.863,-0.04659333452582359,-0.023296667262911797,-0.023296667262911797,datactrl_ref_vx_fallback,datactrl_est_vx_fallback,0.07999999821186066,states_theta,0.28194770216941833,0.3899585565792565,0.22514278355584927,0.5201683173773339,0.5197211668340167,0.5197327656662757,0.520156718545075,0.5202544140096167,0.5196350702017339,0.0,0.0,0.0,-0.023296667262911797,-0.023296667262911797,0.0,0.0,0.0,0.0,0.0,0.0787312462925911,-0.0012687508715316653,0.0,0.0,0.0,0.0
144.093,-0.04659333452582359,-0.023296667262911797,-0.023296667262911797,datactrl_ref_vx_fallback,datactrl_est_vx_fallback,0.05999999865889549,states_theta,-0.21429944038391113,0.38993023550167716,0.22512649233260382,0.5196793228221104,0.5201346385156953,0.5202840626818938,0.5195298986559119,0.5195832990401265,0.5202306622976792,0.0,0.0,0.0,-0.023296667262911797,-0.023296667262911797,0.0,0.0,0.0,0.0,0.0,0.08050179481506348,0.020501796156167984,0.0,0.0,0.0,0.0
144.299,-0.046582628041505814,-0.023291314020752907,-0.023291314020752907,datactrl_ref_vx_fallback,datactrl_est_vx_fallback,0.05999999865889549,states_theta,0.10730406641960144,0.38988805789154707,0.22510211438027383,0.5200443346335477,0.5196571530772445,0.519512545226966,0.5201889424838262,0.5201651049875642,0.519536382723228,0.0,0.0,0.0,-0.023291314020752907,-0.023291314020752907,0.0,0.0,0.0,0.0,0.0,0.08226132392883301,0.022261327132582664,0.0,0.0,0.0,0.0
144.553,-0.046582628041505814,-0.023291314020752907,-0.023291314020752907,datactrl_ref_vx_fallback,datactrl_est_vx_fallback,0.07000000029802322,states_theta,0.011990435421466827,0.38988589779055,0.22510082651064006,0.5196758563781452,0.5200198710633215,0.5201248530354847,0.5195708744059819,0.5195813825222968,0.5201143449191699,0.0,0.0,0.0,-0.023291314020752907,-0.023291314020752907,0.0,0.0,0.0,0.0,0.0,0.08403146266937256,0.014031465165317059,0.0,0.0,0.0,0.0
144.787,-0.03658262826502323,-0.009999999776482582,-0.02658262848854065,datactrl_ref_vx_fallback,states_vx_gs,0.07000000029802322,states_theta,0.011006162501871586,0.3898563076717651,0.22508378130399434,0.5199904217761397,0.5196263986819005,0.5194628547717017,0.5201539656863385,0.5201156219215723,0.5195011985364679,0.0,0.0,0.0,-0.023291314020752907,-0.013291314244270325,0.0,0.0,0.0,0.0,0.0,0.06518760323524475,-0.004812393803149462,0.0,0.0,0.0,0.0
144.993,-0.029920319095253944,-0.009999999776482582,-0.019920319318771362,datactrl_ref_vx_fallback,states_vx_gs,0.07000000029802322,states_theta,-0.026588251814246178,0.3898536076097801,0.2250821710346108,0.5198145095592264,0.5197951107335206,0.5200591072898116,0.5195505130029353,0.5195054424479418,0.5201041778448051,0.0,0.0,0.0,-0.019960159435868263,-0.009960159659385681,0.0,0.0,0.0,0.0,0.0,0.05934356153011322,-0.010656437836587429,0.0,0.0,0.0,0.0
145.045,-0.029920319095253944,-0.009999999776482582,-0.019920319318771362,datactrl_ref_vx_fallback,states_vx_gs,0.07000000029802322,states_theta,-0.029303284361958504,0.3898536076097801,0.2250821710346108,0.5198145095592264,0.5197951107335206,0.5200591072898116,0.5195505130029353,0.5195054424479418,0.5201041778448051,0.0,0.0,0.0,-0.019960159435868263,-0.009960159659385681,0.0,0.0,0.0,0.0,0.0,0.05972204729914665,-0.010277951136231422,0.0,0.0,0.0,0.0
145.229,-0.029920319095253944,-0.009999999776482582,-0.019920319318771362,datactrl_ref_vx_fallback,states_vx_gs,0.05999999865889549,states_theta,-0.045778367668390274,0.3898509075477951,0.22508056409459612,0.5198784868656191,0.5197239332618345,0.5196309129808901,0.5199715071465635,0.5199825163788082,0.5196199037486454,0.0,0.0,0.0,-0.019960159435868263,-0.009960159659385681,0.0,0.0,0.0,0.0,0.0,0.06010053679347038,0.00010053636651718989,0.0,0.0,0.0,0.0
145.447,-0.029920319095253944,-0.009999999776482582,-0.019920319318771362,datactrl_ref_vx_fallback,states_vx_gs,0.05999999865889549,states_theta,-0.028011256828904152,0.3898482074858101,0.22507900403190984,0.519895071902472,0.5197001480596883,0.5195957248930532,0.5199994950691071,0.519921952406329,0.5196732675558313,0.0,0.0,0.0,-0.019960159435868263,-0.009960159659385681,0.0,0.0,0.0,0.0,0.0,0.06085759401321411,0.0008575934916734695,0.0,0.0,0.0,0.0
145.679,-0.029920319095253944,-0.009999999776482582,-0.019920319318771362,datactrl_ref_vx_fallback,states_vx_gs,0.07000000029802322,states_theta,0.12555727362632751,0.3898455074238251,0.22507744871722585,0.5198480742997649,0.5197399454971021,0.5198409784501756,0.5197470413466914,0.5195351460387825,0.5200528737580845,0.0,0.0,0.0,-0.019960159435868263,-0.009960159659385681,0.0,0.0,0.0,0.0,0.0,0.061614565551280975,-0.008385435678064823,0.0,0.0,0.0,0.0
145.948,-0.013262484222650528,-0.019999999552965164,0.006737515330314636,datactrl_ref_vx_fallback,states_vx_gs,0.029999999329447746,states_theta,-0.23625347018241882,0.39024831836537194,0.2253100348872482,0.5204160571958727,0.5202461251117858,0.5205662547155273,0.5200959275921312,0.5205579092353106,0.5201042730723479,0.0,0.0,0.0,-0.016631241887807846,0.003368757665157318,0.0,0.0,0.0,0.0,0.0,0.03415927663445473,0.004159275908023119,0.0,0.0,0.0,0.0
146.122,-0.013262484222650528,-0.019999999552965164,0.006737515330314636,datactrl_ref_vx_fallback,states_vx_gs,0.009999999776482582,states_theta,-0.22297649085521698,0.38991374227531655,0.22511681291444852,0.5199989652868479,0.5197710141139963,0.5198346774959891,0.519935301904855,0.5199054451906485,0.5198645342101956,0.0,0.0,0.0,-0.016631241887807846,0.003368757665157318,0.0,0.0,0.0,0.0,0.0,0.03403126075863838,0.02403126284480095,0.0,0.0,0.0,0.0
146.339,-0.006600173190236092,-0.019999999552965164,0.013399826362729073,datactrl_ref_vx_fallback,states_vx_gs,0.029999999329447746,states_theta,0.21666881442070007,0.38994255227720387,0.22513347324081795,0.5197717707089372,0.5200750353636064,0.5200229428266162,0.5198238632459274,0.5197461327604461,0.5201006733120975,0.0,0.0,0.0,-0.013300086371600628,0.006699913181364536,0.0,0.0,0.0,0.0,0.0,0.026921050623059273,-0.0030789480078965425,0.0,0.0,0.0,0.0
146.614,-0.006595702841877937,-0.019999999552965164,0.013404296711087227,datactrl_ref_vx_fallback,states_vx_gs,0.029999999329447746,states_theta,-0.06457999348640442,0.38996879424783404,0.22514879603928767,0.5202025952856141,0.5197141893752767,0.5195945873226966,0.5203221973381942,0.5203851550865577,0.5195316295743331,0.0,0.0,0.0,-0.01329785119742155,0.0067021483555436134,0.0,0.0,0.0,0.0,0.0,0.026152662932872772,-0.003847337095066905,0.0,0.0,0.0,0.0
146.85,6.661005318164825e-05,-0.019999999552965164,0.020066609606146812,datactrl_ref_vx_fallback,states_vx_gs,0.019999999552965164,states_theta,-0.008323200978338718,0.38996852413864286,0.22514872526675436,0.5196520770560458,0.5202639873136685,0.5204038859175208,0.5195121784521934,0.5194731221681517,0.5204429422015626,0.0,0.0,0.0,-0.009966694749891758,0.010033304803073406,0.0,0.0,0.0,0.0,0.0,0.018789110705256462,-0.0012108880328014493,0.0,0.0,0.0,0.0
147.037,6.661005318164825e-05,-0.019999999552965164,0.020066609606146812,datactrl_ref_vx_fallback,states_vx_gs,0.019999999552965164,states_theta,-0.00181035534478724,0.3900092706250358,0.2251721867764462,0.5202693273522808,0.5197553943144814,0.5196024142159351,0.5204223074508271,0.5204356079198279,0.5195891137469343,0.0,0.0,0.0,-0.009966694749891758,0.010033304803073406,0.0,0.0,0.0,0.0,0.0,0.018407845869660378,-0.0015921536833047867,0.0,0.0,0.0,0.0
147.239,6.661005318164825e-05,-0.019999999552965164,0.020066609606146812,datactrl_ref_vx_fallback,states_vx_gs,0.009999999776482582,states_theta,-0.04210134223103523,0.39003699761688365,0.22518816049287174,0.5198073145657599,0.5202913457459298,0.5203982488072437,0.519700411504446,0.5196359995072285,0.5204626608044612,0.0,0.0,0.0,-0.009966694749891758,0.010033304803073406,0.0,0.0,0.0,0.0,0.0,0.01764531433582306,0.007645315025001764,0.0,0.0,0.0,0.0
147.508,0.006718210410326719,-0.019999999552965164,0.026718209963291883,datactrl_ref_vx_fallback,states_vx_gs,0.009999999776482582,states_theta,-0.03438683599233627,0.3900651565730734,0.22520452731647544,0.5203824801898086,0.5197912706717204,0.5196166253943894,0.5205571254671396,0.5205762439796041,0.5195975068819249,0.0,0.0,0.0,-0.006640894804149866,0.013359105214476585,0.0,0.0,0.0,0.0,0.0,0.009405591525137424,-0.0005944083677604795,0.0,0.0,0.0,0.0
147.683,0.006718210410326719,-0.019999999552965164,0.026718209963291883,datactrl_ref_vx_fallback,states_vx_gs,0.008897945284843445,datactrl_est_theta_fallback,-0.04713190346956253,0.3900667764556881,0.2252054428397289,0.5198310870733024,0.5203469834751991,0.520556190295114,0.5196218802533875,0.5196118475857393,0.5205662229627622,0.0,0.0,0.0,-0.006640894804149866,0.013359105214476585,0.0,0.0,0.0,0.0,0.0,0.008897945284843445,0.008897945284843445,0.0,0.0,0.0,0.0
147.932,0.01338051981292665,-0.019999999552965164,0.033380519365891814,datactrl_ref_vx_fallback,states_vx_gs,0.000901885621715337,datactrl_est_theta_fallback,0.006097462959587574,0.39010915643321775,0.22522980458281142,0.520344238695441,0.5199468451264729,0.5197564859185151,0.5205345979033988,0.520506190335291,0.5197848934866229,0.0,0.0,0.0,-0.003309739986434579,0.01669025979936123,0.0,0.0,0.0,0.0,0.0,0.000901885621715337,0.000901885621715337,0.0,0.0,0.0,0.0
148.178,0.013369812862947583,-0.019999999552965164,0.03336981241591275,datactrl_ref_vx_fallback,states_vx_gs,-0.0003555582952685654,datactrl_est_theta_fallback,-0.014117857441306114,0.3901115863859242,0.22523114120923143,0.5200124734392951,0.5202850902565027,0.5204194683039495,0.5198780953918484,0.51981774239198,0.5204798213038179,0.0,0.0,0.0,-0.003315093694254756,0.01668490655720234,0.0,0.0,0.0,0.0,0.0,-0.0003555582952685654,-0.0003555582952685654,0.0,0.0,0.0,0.0
148.289,0.020032122285556397,-0.019999999552965164,0.04003212183852156,datactrl_ref_vx_fallback,states_vx_gs,-0.007843769155442715,datactrl_est_theta_fallback,-0.015292232856154442,0.39011280136227744,0.2252317402928495,0.5200296178319807,0.5202711858007593,0.5201350287268881,0.5201657749058518,0.5201042067805309,0.520196596852209,0.0,0.0,0.0,1.6061143469414674e-05,0.020016061142086983,0.0,0.0,0.0,0.0,0.0,-0.007843769155442715,-0.007843769155442715,0.0,0.0,0.0,0.0
148.519,0.020032122285556397,-0.019999999552965164,0.04003212183852156,datactrl_ref_vx_fallback,states_vx_gs,-0.009364989586174488,datactrl_est_theta_fallback,-0.055614061653614044,0.3901153528126194,0.22523320579507575,0.5201030878311602,0.5202045196691581,0.5201429349242552,0.5201646725760631,0.5201785797997316,0.5201290277005868,0.0,0.0,0.0,1.6061143469414674e-05,0.020016061142086983,0.0,0.0,0.0,0.0,0.0,-0.009364989586174488,-0.009364989586174488,0.0,0.0,0.0,0.0
148.747,0.026697105960920453,-0.019999999552965164,0.04669710551388562,datactrl_ref_vx_fallback,states_vx_gs,-0.009999999776482582,states_theta,-0.05877899378538132,0.39011778276532594,0.22523461060046546,0.5201047339540439,0.5202093534201586,0.5201664194719366,0.5201476679022659,0.5200949777461745,0.520219109628028,0.0,0.0,0.0,0.003348552854731679,0.023348553106188774,0.0,0.0,0.0,0.0,0.0,-0.017831919714808464,-0.007831919938325882,0.0,0.0,0.0,0.0
149.027,0.02668550587259233,-0.019999999552965164,0.046685505425557494,datactrl_ref_vx_fallback,states_vx_gs,-0.019999999552965164,states_theta,-0.07391444593667984,0.39009318767972545,0.2252204146214803,0.5200498313973498,0.520198669081918,0.5202151886892856,0.5200333117899822,0.5201329458850403,0.5201155545942275,0.0,0.0,0.0,0.003342753043398261,0.02334275282919407,0.0,0.0,0.0,0.0,0.0,-0.020481225103139877,-0.0004812250845134258,0.0,0.0,0.0,0.0
149.221,0.03334781201556325,-0.019999999552965164,0.053347811568528414,datactrl_ref_vx_fallback,states_vx_gs,-0.019999999552965164,states_theta,0.011544167064130306,0.38970533917257627,0.22499650044718603,0.5194798928530316,0.5197343449405051,0.5194799927696476,0.5197342450238891,0.5196076224947273,0.5196066152988095,0.0,0.0,0.0,0.006673906464129686,0.026673905551433563,0.0,0.0,0.0,0.0,0.0,-0.028235089033842087,0.001764910644851625,0.0,0.0,0.0,0.0
149.444,0.033336211927235126,-0.019999999552965164,0.05333621148020029,datactrl_ref_vx_fallback,states_vx_gs,-0.029999999329447746,states_theta,-0.08554486930370331,0.39005252202027485,0.2251969692025814,0.5201216608560661,0.5200183978646669,0.5199938373032493,0.5201462214174837,0.5203243950484917,0.5198156636722413,0.0,0.0,0.0,0.0066681066527962685,0.026668105274438858,0.0,0.0,0.0,0.0,0.0,-0.030250350013375282,-0.0002503504802007228,0.0,0.0,0.0,0.0
149.495,0.033336211927235126,-0.019999999552965164,0.05333621148020029,datactrl_ref_vx_fallback,states_vx_gs,-0.03999999910593033,states_theta,-0.08704796433448792,0.39005252202027485,0.2251969692025814,0.5201216608560661,0.5200183978646669,0.5199938373032493,0.5201462214174837,0.5203243950484917,0.5198156636722413,0.0,0.0,0.0,0.0066681066527962685,0.026668105274438858,0.0,0.0,0.0,0.0,0.0,-0.03126373887062073,0.008736261166632175,0.0,0.0,0.0,0.0
149.657,0.039998521097004414,-0.019999999552965164,0.05999852064996958,datactrl_ref_vx_fallback,states_vx_gs,-0.04999999701976776,states_theta,-0.06943442672491074,0.39002269190920213,0.22517980558978884,0.5200564021244947,0.5200041096333776,0.520248276151866,0.5198122356060063,0.5196684641971748,0.5203920475606975,0.0,0.0,0.0,0.009999261237680912,0.0299992598593235,0.0,0.0,0.0,0.0,0.0,-0.039143968373537064,0.010856029577553272,0.0,0.0,0.0,0.0
149.947,0.039986927062273026,-0.019999999552965164,0.05998692661523819,datactrl_ref_vx_fallback,states_vx_gs,-0.03999999910593033,states_theta,0.01605420559644699,0.3896207238436304,0.2249476655273879,0.5194668734146568,0.5195217235016909,0.5192739876725165,0.5197146092438312,0.5196168464013367,0.519371750515011,0.0,0.0,0.0,0.00999346375465393,0.029993463307619095,0.0,0.0,0.0,0.0,0.0,-0.042551711201667786,-0.002551713027060032,0.0,0.0,0.0,0.0
150.148,0.039986927062273026,-0.019999999552965164,0.05998692661523819,datactrl_ref_vx_fallback,states_vx_gs,-0.04999999701976776,states_theta,-0.12991935014724731,0.3899801407940135,0.22515514531959369,0.5200211830878491,0.5199258590295203,0.520005737804194,0.5199413043131753,0.5200606665514003,0.5198863755659691,0.0,0.0,0.0,0.00999346375465393,0.029993463307619095,0.0,0.0,0.0,0.0,0.0,-0.04369146376848221,0.006308533251285553,0.0,0.0,0.0,0.0
150.362,0.036638532765209675,-0.009999999776482582,0.04663853254169226,datactrl_ref_vx_fallback,states_vx_gs,-0.04999999701976776,states_theta,0.1829409897327423,0.3899525756616951,0.22513928019524238,0.5197907150876723,0.5200828200101814,0.5198201730853645,0.5200533620124891,0.5196811607865924,0.5201923743112612,0.0,0.0,0.0,0.013319266028702259,0.023319266736507416,0.0,0.0,0.0,0.0,0.0,-0.0322253592312336,0.017774635925889015,0.0,0.0,0.0,0.0
150.615,0.036638532765209675,-0.009999999776482582,0.04663853254169226,datactrl_ref_vx_fallback,states_vx_gs,-0.029999999329447746,states_theta,-0.1054297685623169,0.38992474054892634,0.22512324173671777,0.5199951580211606,0.5198041501093096,0.5201879162663694,0.5196113918641008,0.5201564443087547,0.5196428638217154,0.0,0.0,0.0,0.013319266028702259,0.023319266736507416,0.0,0.0,0.0,0.0,0.0,-0.03399762511253357,-0.003997625317424536,0.0,0.0,0.0,0.0
150.836,0.04329013265669346,-0.009999999776482582,0.05329013243317604,datactrl_ref_vx_fallback,states_vx_gs,-0.05999999865889549,states_theta,0.00817800872027874,0.38992339051793373,0.22512239790075364,0.519879809915773,0.5199158981320503,0.5197459080934017,0.5200497999544216,0.5197608533526261,0.5200348546951972,0.0,0.0,0.0,0.016645066440105438,0.02664506621658802,0.0,0.0,0.0,0.0,0.0,-0.04262569546699524,0.017374305054545403,0.0,0.0,0.0,0.0
151.053,0.04329013265669346,-0.009999999776482582,0.05329013243317604,datactrl_ref_vx_fallback,states_vx_gs,-0.04999999701976776,states_theta,0.0006846725009381771,0.3899084810057474,0.2251137782521692,0.5198454182980355,0.5199105310506241,0.52000339554272,0.5197525538059397,0.5198114018347647,0.519944547513895,0.0,0.0,0.0,0.016645066440105438,0.02664506621658802,0.0,0.0,0.0,0.0,0.0,-0.044650718569755554,0.005349278450012207,0.0,0.0,0.0,0.0
151.274,0.04329013265669346,-0.009999999776482582,0.05329013243317604,datactrl_ref_vx_fallback,states_vx_gs,-0.04999999701976776,states_theta,-0.006897491868585348,0.3899068608655637,0.22511285527699085,0.5199301491579748,0.5198214798168618,0.5197186391010257,0.5200329898738109,0.5200019919887119,0.5197496369861246,0.0,0.0,0.0,0.016645066440105438,0.02664506621658802,0.0,0.0,0.0,0.0,0.0,-0.04667574539780617,0.003324253251776099,0.0,0.0,0.0,0.0
151.502,0.04327942617237568,-0.009999999776482582,0.05327942594885826,datactrl_ref_vx_fallback,states_vx_gs,-0.04999999701976776,states_theta,-0.020344115793704987,0.389877729722341,0.2250960273843408,0.5198339600886147,0.519839985837628,0.5199960590940874,0.5196778868321553,0.5197920866910518,0.5198818592351909,0.0,0.0,0.0,0.01663971319794655,0.02663971297442913,0.0,0.0,0.0,0.0,0.0,-0.04868952929973602,0.0013104669051244855,0.0,0.0,0.0,0.0
151.735,0.0332794263958931,0.01663971319794655,0.01663971319794655,datactrl_ref_vx_fallback,datactrl_est_vx_fallback,-0.05999999865889549,states_theta,0.0068506235256791115,0.3898755696213441,0.22509477935986133,0.5196775896032354,0.5199905960536823,0.5198219077294889,0.5198462779274288,0.51980110142942,0.5198670842274976,0.0,0.0,0.0,0.01663971319794655,0.01663971319794655,0.0,0.0,0.0,0.0,0.0,-0.02972014993429184,0.030279848724603653,0.0,0.0,0.0,0.0
152.039,0.039931025356054306,0.019965512678027153,0.019965512678027153,datactrl_ref_vx_fallback,datactrl_est_vx_fallback,-0.04999999701976776,states_theta,-0.00219565792940557,0.38987340952034705,0.2250935345019557,0.5196876328520298,0.5199747925355623,0.5199106594597876,0.5197517659278045,0.5197773299884719,0.5198850953991202,0.0,0.0,0.0,0.019965512678027153,0.019965512678027153,0.0,0.0,0.0,0.0,0.0,-0.0387258417904377,0.011274153366684914,0.0,0.0,0.0,0.0
152.229,0.039927445352077484,0.019963722676038742,0.019963722676038742,datactrl_ref_vx_fallback,datactrl_est_vx_fallback,-0.04999999701976776,states_theta,-0.0020009265281260014,0.3898983554517791,0.22510794071673104,0.5197644902958425,0.5199644575755684,0.5199573375632502,0.5197716103081607,0.5197309479389574,0.5199979999324535,0.0,0.0,0.0,0.019963722676038742,0.019963722676038742,0.0,0.0,0.0,0.0,0.0,-0.039480842649936676,0.010519154369831085,0.0,0.0,0.0,0.0
152.279,0.039927445352077484,0.019963722676038742,0.019963722676038742,datactrl_ref_vx_fallback,datactrl_est_vx_fallback,-0.04999999701976776,states_theta,0.026192177087068558,0.3898983554517791,0.22510794071673104,0.5197644902958425,0.5199644575755684,0.5199573375632502,0.5197716103081607,0.5197309479389574,0.5199979999324535,0.0,0.0,0.0,0.019963722676038742,0.019963722676038742,0.0,0.0,0.0,0.0,0.0,-0.04023946449160576,0.009760532528162003,0.0,0.0,0.0,0.0
152.472,0.039931025356054306,0.019965512678027153,0.019965512678027153,datactrl_ref_vx_fallback,datactrl_est_vx_fallback,-0.04999999701976776,states_theta,-0.0021466298494488,0.38986589171292585,0.22508919112641843,0.5197492888365457,0.51989308906459,0.519728474634516,0.5199139032666197,0.519924729879944,0.5197176480211917,0.0,0.0,0.0,0.019965512678027153,0.019965512678027153,0.0,0.0,0.0,0.0,0.0,-0.04100177437067032,0.008998220786452293,0.0,0.0,0.0,0.0
152.689,0.039927445352077484,0.019963722676038742,0.019963722676038742,datactrl_ref_vx_fallback,datactrl_est_vx_fallback,-0.04999999701976776,states_theta,0.012197832576930523,0.38653744976534105,0.22316753657729713,0.5152736723918694,0.5154928603157067,0.5154930858229222,0.5152734468846539,0.51518319476668,0.5155833379408962,0.0,0.0,0.0,0.019963722676038742,0.019963722676038742,0.0,0.0,0.0,0.0,0.0,-0.04251539707183838,0.007484599947929382,0.0,0.0,0.0,0.0
152.74,0.039915844798088074,0.019957922399044037,0.019957922399044037,datactrl_ref_vx_fallback,datactrl_est_vx_fallback,-0.03999999910593033,states_theta,0.016016744077205658,0.38653744976534105,0.22316753657729713,0.5152736723918694,0.5154928603157067,0.5154930858229222,0.5152734468846539,0.51518319476668,0.5155833379408962,0.0,0.0,0.0,0.019957922399044037,0.019957922399044037,0.0,0.0,0.0,0.0,0.0,-0.0432620607316494,-0.003262062557041645,0.0,0.0,0.0,0.0
152.98,0.039920318871736526,0.019960159435868263,0.019960159435868263,datactrl_ref_vx_fallback,datactrl_est_vx_fallback,-0.03999999910593033,states_theta,-0.0019963798113167286,0.37951677493543257,0.2191141326144069,0.5061206998718978,0.5059240332892557,0.5058813774343786,0.506163355726775,0.5061016649057007,0.5059430682554528,0.0,0.0,0.0,0.019960159435868263,0.019960159435868263,0.0,0.0,0.0,0.0,0.0,-0.04478347674012184,-0.004783476237207651,0.0,0.0,0.0,0.0
153.145,0.039920318871736526,0.019960159435868263,0.019960159435868263,datactrl_ref_vx_fallback,datactrl_est_vx_fallback,-0.04999999701976776,states_theta,-0.03870224207639694,0.3758226110677202,0.2169812934495323,0.5011078164507572,0.5010858130631632,0.5011811941311592,0.5010124353827612,0.5010176470008212,0.5011759825130992,0.0,0.0,0.0,0.019960159435868263,0.019960159435868263,0.0,0.0,0.0,0.0,0.0,-0.04554196074604988,0.004458035808056593,0.0,0.0,0.0,0.0
153.42,0.039920318871736526,0.019960159435868263,0.019960159435868263,datactrl_ref_vx_fallback,datactrl_est_vx_fallback,-0.04999999701976776,states_theta,-0.021135501563549042,0.3761281979007261,0.21715771683579027,0.501488957816914,0.5015195699183556,0.5015292434274208,0.5014792843078488,0.5014965816943022,0.5015119460409674,0.0,0.0,0.0,0.019960159435868263,0.019960159435868263,0.0,0.0,0.0,0.0,0.0,-0.0478174202144146,0.0021825775038450956,0.0,0.0,0.0,0.0
153.598,0.039920318871736526,0.019960159435868263,0.019960159435868263,datactrl_ref_vx_fallback,datactrl_est_vx_fallback,-0.04999999701976776,states_theta,-0.022761670872569084,0.3779910325913075,0.2182332263237938,0.5039862107101427,0.5039898762000106,0.5039951764912669,0.5039809104188864,0.5040452559756967,0.5039308309344566,0.0,0.0,0.0,0.019960159435868263,0.019960159435868263,0.0,0.0,0.0,0.0,0.0,-0.048575904220342636,0.001424091518856585,0.0,0.0,0.0,0.0
153.827,0.03990961238741875,0.019954806193709373,0.019954806193709373,datactrl_ref_vx_fallback,datactrl_est_vx_fallback,-0.05999999865889549,states_theta,-0.005793461576104164,0.3805481590588853,0.21970958242436656,0.5073881382983962,0.5074069525252978,0.5074200813924267,0.5073750094312673,0.5073928000600801,0.5074022907636139,0.0,0.0,0.0,0.019954806193709373,0.019954806193709373,0.0,0.0,0.0,0.0,0.0,-0.05008164048194885,0.00991836003959179,0.0,0.0,0.0,0.0
153.877,0.03990961238741875,0.019954806193709373,0.019954806193709373,datactrl_ref_vx_fallback,datactrl_est_vx_fallback,-0.05999999865889549,states_theta,-0.0019744616001844406,0.3805481590588853,0.21970958242436656,0.5073881382983962,0.5074069525252978,0.5074200813924267,0.5073750094312673,0.5073928000600801,0.5074022907636139,0.0,0.0,0.0,0.019954806193709373,0.019954806193709373,0.0,0.0,0.0,0.0,0.0,-0.050839923322200775,0.009160077199339867,0.0,0.0,0.0,0.0
154.121,0.029909612610936165,0.009999999776482582,0.019909612834453583,datactrl_ref_vx_fallback,states_vx_gs,-0.05999999865889549,states_theta,-0.0020007456187158823,0.38283492855408374,0.22102985410799278,0.5104557086931347,0.5104374341177553,0.5104862357253879,0.5104069070855022,0.5105318742390825,0.5103612685718075,0.0,0.0,0.0,0.019954806193709373,0.009954806417226791,0.0,0.0,0.0,0.0,0.0,-0.031742487102746964,0.02825751155614853,0.0,0.0,0.0,0.0
154.314,0.02324729971587658,0.009999999776482582,0.013247299939393997,datactrl_ref_vx_fallback,states_vx_gs,-0.05999999865889549,states_theta,-0.0015282416716217995,0.3847514767734377,0.2221363702750784,0.5130042775984142,0.5129996604640864,0.5129968571377753,0.5130070809247252,0.5129491293578795,0.5130548087046211,0.0,0.0,0.0,0.01662364974617958,0.006623649969696999,0.0,0.0,0.0,0.0,0.0,-0.02525392547249794,0.03474607318639755,0.0,0.0,0.0,0.0
154.539,0.02324729971587658,0.009999999776482582,0.013247299939393997,datactrl_ref_vx_fallback,states_vx_gs,-0.03999999910593033,states_theta,0.09484146535396576,0.38636282136578964,0.2230666794380654,0.5151248985077543,0.5151759584676847,0.5151346955910124,0.5151661613844266,0.5151553765995046,0.5151454803759344,0.0,0.0,0.0,0.01662364974617958,0.006623649969696999,0.0,0.0,0.0,0.0,0.0,-0.02575732208788395,0.014242677018046379,0.0,0.0,0.0,0.0
154.75,0.02324729971587658,0.009999999776482582,0.013247299939393997,datactrl_ref_vx_fallback,states_vx_gs,-0.03999999910593033,states_theta,0.017001856118440628,0.38752518320894647,0.2237377727253948,0.516710855603986,0.5166896329532046,0.5166237457955769,0.5167767427616137,0.516731608166699,0.5166688803904915,0.0,0.0,0.0,0.01662364974617958,0.006623649969696999,0.0,0.0,0.0,0.0,0.0,-0.02626071870326996,0.013739279471337795,0.0,0.0,0.0,0.0
155.046,0.02324729971587658,0.009999999776482582,0.013247299939393997,datactrl_ref_vx_fallback,states_vx_gs,-0.029999999329447746,states_theta,0.01800747774541378,0.3881336107865242,0.22408904836657764,0.5175183787472772,0.5175045833501206,0.5174349440664648,0.517588018030933,0.5175383688187091,0.5174845932786888,0.0,0.0,0.0,0.01662364974617958,0.006623649969696999,0.0,0.0,0.0,0.0,0.0,-0.027015816420316696,0.0029841838404536247,0.0,0.0,0.0,0.0
155.294,0.01658499240875244,0.009999999776482582,0.006584992632269859,datactrl_ref_vx_fallback,states_vx_gs,-0.029999999329447746,states_theta,-0.026558177545666695,0.388453785192845,0.22427389922143257,0.5179347248889705,0.5179420356252828,0.5179716742137414,0.517905086300512,0.5179837516127205,0.5178930089015329,0.0,0.0,0.0,0.013292496092617512,0.0032924963161349297,0.0,0.0,0.0,0.0,0.0,-0.020652372390031815,0.009347626008093357,0.0,0.0,0.0,0.0
155.463,0.01658499240875244,0.009999999776482582,0.006584992632269859,datactrl_ref_vx_fallback,states_vx_gs,-0.03999999910593033,states_theta,-0.10250481963157654,0.3888028314816574,0.2244754709602326,0.5183650364040996,0.5184425142136534,0.5187053153401437,0.5181022352776092,0.5183922294148327,0.5184153212029203,0.0,0.0,0.0,0.013292496092617512,0.0032924963161349297,0.0,0.0,0.0,0.0,0.0,-0.020777488127350807,0.01922251097857952,0.0,0.0,0.0,0.0
155.684,0.01658499240875244,0.009999999776482582,0.006584992632269859,datactrl_ref_vx_fallback,states_vx_gs,-0.04999999701976776,states_theta,-0.07402516156435013,0.38917321429218266,0.22468927887224857,0.5188777202412502,0.5189175178712369,0.5190790776352513,0.5187161604772358,0.5188743668136581,0.518920871298829,0.0,0.0,0.0,0.013292496092617512,0.0032924963161349297,0.0,0.0,0.0,0.0,0.0,-0.021027717739343643,0.028972279280424118,0.0,0.0,0.0,0.0
155.909,0.006590355187654495,0.019999999552965164,-0.013409644365310669,datactrl_ref_vx_fallback,states_vx_gs,-0.03999999910593033,states_theta,0.2294902205467224,0.389200412682011,0.22470498728625687,0.518949390428734,0.5189183767232953,0.5187258279251572,0.5191419392268721,0.518942554651064,0.5189252125009653,0.0,0.0,0.0,0.01329517737030983,-0.0067048221826553345,0.0,0.0,0.0,0.0,0.0,-2.35772840824211e-05,0.03997642174363136,0.0,0.0,0.0,0.0
156.13,-6.660819053649902e-05,0.019999999552965164,-0.020066607743501663,datactrl_ref_vx_fallback,states_vx_gs,-0.019999999552965164,states_theta,-0.018645334988832474,0.398657571494053,0.2301651237952836,0.5315904148562319,0.5314964424612428,0.5318929194080438,0.5311939379094309,0.5315525166495033,0.5315343406679714,0.0,0.0,0.0,0.009966695681214333,-0.010033303871750832,0.0,0.0,0.0,0.0,0.0,0.007473718374967575,0.02747371792793274,0.0,0.0,0.0,0.0
156.353,-6.213970482349396e-05,0.019999999552965164,-0.020062139257788658,datactrl_ref_vx_fallback,states_vx_gs,-0.019999999552965164,states_theta,0.09035100787878036,0.4022906750884619,0.23226266876843105,0.5362609855252726,0.5365141480439591,0.5365351106523547,0.536240022916877,0.5362002945576642,0.5365748390115676,0.0,0.0,0.0,0.009968929924070835,-0.010031069628894329,0.0,0.0,0.0,0.0,0.0,0.008231643587350845,0.03823164477944374,0.0,0.0,0.0,0.0
156.608,-0.0067244525998830795,0.019999999552965164,-0.026724452152848244,datactrl_ref_vx_fallback,states_vx_gs,-0.009999999776482582,states_theta,0.1313755214214325,0.39712141508062687,0.22927817789051244,0.5294324742576831,0.5295579659573219,0.529308064207895,0.52968237600711,0.5295323049035446,0.5294581353114604,0.0,0.0,0.0,0.006637773476541042,-0.013362226076424122,0.0,0.0,0.0,0.0,0.0,0.015860851854085922,0.025860851630568504,0.0,0.0,0.0,0.0
156.66,-0.0067244525998830795,0.019999999552965164,-0.026724452152848244,datactrl_ref_vx_fallback,states_vx_gs,0.016368616372346878,datactrl_est_theta_fallback,0.11204105615615845,0.39712141508062687,0.22927817789051244,0.5294324742576831,0.5295579659573219,0.529308064207895,0.52968237600711,0.5295323049035446,0.5294581353114604,0.0,0.0,0.0,0.006637773476541042,-0.013362226076424122,0.0,0.0,0.0,0.0,0.0,0.016368616372346878,0.016368616372346878,0.0,0.0,0.0,0.0
156.841,-0.006728917360305786,0.019999999552965164,-0.02672891691327095,datactrl_ref_vx_fallback,states_vx_gs,0.016880981624126434,datactrl_est_theta_fallback,0.0716242790222168,0.3939998013308909,0.2274758917971175,0.5253484763287462,0.5253176605536296,0.5253264434304653,0.5253396934519104,0.5253557820176465,0.5253103548647292,0.0,0.0,0.0,0.006635541096329689,-0.013364458456635475,0.0,0.0,0.0,0.0,0.0,0.016880981624126434,0.016880981624126434,0.0,0.0,0.0,0.0
157.04,-0.01338051981292665,0.019999999552965164,-0.033380519365891814,datactrl_ref_vx_fallback,states_vx_gs,0.009999999776482582,states_theta,0.03681346774101257,0.3923139819891707,0.2265025853608956,0.5231250012478097,0.5230456173899789,0.5230457986810692,0.5231248199567194,0.5231160535377072,0.5230545651000814,0.0,0.0,0.0,0.003309739986434579,-0.01669025979936123,0.0,0.0,0.0,0.0,0.0,0.024752283468842506,0.014752283692359924,0.0,0.0,0.0,0.0
157.091,-0.01338051981292665,0.019999999552965164,-0.033380519365891814,datactrl_ref_vx_fallback,states_vx_gs,0.009999999776482582,states_theta,0.04310382902622223,0.3923139819891707,0.2265025853608956,0.5231250012478097,0.5230456173899789,0.5230457986810692,0.5231248199567194,0.5231160535377072,0.5230545651000814,0.0,0.0,0.0,0.003309739986434579,-0.01669025979936123,0.0,0.0,0.0,0.0,0.0,0.025386514142155647,0.01538651343435049,0.0,0.0,0.0,0.0
157.277,-0.01338051981292665,0.019999999552965164,-0.033380519365891814,datactrl_ref_vx_fallback,states_vx_gs,0.019999999552965164,states_theta,0.05794577673077583,0.39125760581163055,0.22589268757494127,0.5216860372319951,0.5216675782656863,0.5216664680940698,0.5216871474036117,0.5215980679076108,0.5217555475900707,0.0,0.0,0.0,0.003309739986434579,-0.01669025979936123,0.0,0.0,0.0,0.0,0.0,0.02602074295282364,0.006020743865519762,0.0,0.0,0.0,0.0
157.507,-0.01338051981292665,0.019999999552965164,-0.033380519365891814,datactrl_ref_vx_fallback,states_vx_gs,0.029999999329447746,states_theta,0.05981601029634476,0.3905604815241874,0.22549020882163698,0.5207457639919916,0.5207488534058414,0.5207191612910331,0.5207754561067999,0.5206182150677845,0.5208764023300485,0.0,0.0,0.0,0.003309739986434579,-0.01669025979936123,0.0,0.0,0.0,0.0,0.0,0.02728920243680477,-0.002710796194151044,0.0,0.0,0.0,0.0
157.752,-0.020032122287375387,0.019999999552965164,-0.04003212184034055,datactrl_ref_vx_fallback,states_vx_gs,0.03999999910593033,states_theta,0.06102342903614044,0.39022635688814633,0.22529731791539429,0.5203081292486949,0.5202954891196954,0.5203083080012039,0.5202953103671863,0.5200866881875819,0.5205169301808084,0.0,0.0,0.0,-1.6061145288404077e-05,-0.020016061142086983,0.0,0.0,0.0,0.0,0.0,0.03561590984463692,-0.004384088329970837,0.0,0.0,0.0,0.0
157.803,-0.020032122287375387,0.019999999552965164,-0.04003212184034055,datactrl_ref_vx_fallback,states_vx_gs,0.04999999701976776,states_theta,0.06206975132226944,0.39022635688814633,0.22529731791539429,0.5203081292486949,0.5202954891196954,0.5203083080012039,0.5202953103671863,0.5200866881875819,0.5205169301808084,0.0,0.0,0.0,-1.6061145288404077e-05,-0.020016061142086983,0.0,0.0,0.0,0.0,0.0,0.03637652099132538,-0.013623476028442383,0.0,0.0,0.0,0.0
158.005,-0.01002944596712041,0.009999999776482582,-0.02002944574360299,datactrl_ref_vx_fallback,states_vx_gs,0.04999999701976776,states_theta,0.062302298843860626,0.38988735501256705,0.22510162376936008,0.5198594055381554,0.5198402078286901,0.5197771332228006,0.5199224801440449,0.5195455218723021,0.5201540914945434,0.0,0.0,0.0,-1.4722912055731285e-05,-0.010014723055064678,0.0,0.0,0.0,0.0,0.0,0.016558367758989334,-0.03344162926077843,0.0,0.0,0.0,0.0
158.235,-0.01668194169178605,0.009999999776482582,-0.026681941468268633,datactrl_ref_vx_fallback,states_vx_gs,0.05999999865889549,states_theta,-0.017849601805210114,0.3899173549844038,0.22511894863200616,0.519929302991091,0.5198503103006524,0.5197982873812418,0.5199813259105016,0.5201994940218205,0.5195801192699229,0.0,0.0,0.0,-0.003340971190482378,-0.013340970501303673,0.0,0.0,0.0,0.0,0.0,0.024188855662941933,-0.03581114485859871,0.0,0.0,0.0,0.0
158.525,-0.01668372401036322,0.009999999776482582,-0.026683723786845803,datactrl_ref_vx_fallback,states_vx_gs,0.03999999910593033,states_theta,0.0958818718791008,0.38994735495624055,0.2251362402034135,0.51994209414281,0.5199175190738315,0.5198587984014755,0.520000814815166,0.5197094234349866,0.520150189781655,0.0,0.0,0.0,-0.0033418622333556414,-0.01334186177700758,0.0,0.0,0.0,0.0,0.0,0.02571156620979309,-0.014288432896137238,0.0,0.0,0.0,0.0
158.707,-0.01668372401036322,0.009999999776482582,-0.026683723786845803,datactrl_ref_vx_fallback,states_vx_gs,0.03999999910593033,states_theta,-0.08207089453935623,0.3899773549280774,0.22515360199401294,0.5200165887529729,0.5199230243885669,0.5201570301829372,0.5197825829586025,0.5202713249402517,0.519668288201288,0.0,0.0,0.0,-0.0033418622333556414,-0.01334186177700758,0.0,0.0,0.0,0.0,0.0,0.026218555867671967,-0.013781442306935787,0.0,0.0,0.0,0.0
158.95,-0.016673017060384154,0.009999999776482582,-0.026673016836866736,datactrl_ref_vx_fallback,states_vx_gs,0.019999999552965164,states_theta,0.11745316535234451,0.3900073548999143,0.22517099010790126,0.5199809354324936,0.5200386776339445,0.5195406635208402,0.5204789495455979,0.5198393719508427,0.5201802411155954,0.0,0.0,0.0,-0.0033365085255354643,-0.01333650853484869,0.0,0.0,0.0,0.0,0.0,0.027221277356147766,0.0072212787345051765,0.0,0.0,0.0,0.0
159.177,-0.02333532739430666,0.009999999776482582,-0.03333532717078924,datactrl_ref_vx_fallback,states_vx_gs,0.04999999701976776,states_theta,-0.09412971138954163,0.390037354871751,0.22518822102616026,0.5200453391968162,0.5200542737945199,0.5203198948128614,0.5197797181784746,0.5201749500735436,0.5199246629177924,0.0,0.0,0.0,-0.0066676633432507515,-0.016667664051055908,0.0,0.0,0.0,0.0,0.0,0.035240937024354935,-0.014759059064090252,0.0,0.0,0.0,0.0
159.467,-0.013324619270861149,-0.006662309635430574,-0.006662309635430574,datactrl_ref_vx_fallback,datactrl_est_vx_fallback,0.029999999329447746,states_theta,0.06562311947345734,0.3900673548435878,0.22520553804171256,0.5201643696085113,0.5200152433077229,0.5198168383504989,0.5203627745657353,0.5201377767255597,0.5200418361906745,0.0,0.0,0.0,-0.006662309635430574,-0.006662309635430574,0.0,0.0,0.0,0.0,0.0,0.016553588211536407,-0.013446410186588764,0.0,0.0,0.0,0.0
159.702,-0.013313911855220795,-0.006656955927610397,-0.006656955927610397,datactrl_ref_vx_fallback,datactrl_est_vx_fallback,0.019999999552965164,states_theta,-0.10495980083942413,0.38971560517938925,0.22500249712402803,0.5198030463220217,0.519438567489683,0.5194827232301615,0.5197588905815431,0.5199453724152263,0.5192962413964783,0.0,0.0,0.0,-0.006656955927610397,-0.006656955927610397,0.0,0.0,0.0,0.0,0.0,0.017048867419362068,-0.0029511319007724524,0.0,0.0,0.0,0.0
159.943,-0.013313911855220795,-0.006656955927610397,-0.006656955927610397,datactrl_ref_vx_fallback,datactrl_est_vx_fallback,0.01755479723215103,datactrl_est_theta_fallback,-0.08665591478347778,0.38974223015439446,0.2250178210633622,0.5196154412794216,0.5196971724656303,0.5199200474903374,0.5193925662547145,0.5196553027106054,0.5196573110344465,0.0,0.0,0.0,-0.006656955927610397,-0.006656955927610397,0.0,0.0,0.0,0.0,0.0,0.01755479723215103,0.01755479723215103,0.0,0.0,0.0,0.0
160.217,-0.01330320443958044,-0.00665160221979022,-0.00665160221979022,datactrl_ref_vx_fallback,datactrl_est_vx_fallback,0.009999999776482582,states_theta,0.1291041523218155,0.39014197977353193,0.2252486841192024,0.5199524684715368,0.5204261442578818,0.5203043657765613,0.5200742469528573,0.5198377146626113,0.5205408980668073,0.0,0.0,0.0,-0.00665160221979022,-0.00665160221979022,0.0,0.0,0.0,0.0,0.0,0.01804966852068901,0.008049668744206429,0.0,0.0,0.0,0.0
160.459,-0.019965510815382004,-0.009982755407691002,-0.009982755407691002,datactrl_ref_vx_fallback,datactrl_est_vx_fallback,0.029999999329447746,states_theta,0.0863000676035881,0.3901659797510014,0.22526248059415735,0.5201210463967736,0.5203215662725635,0.5199525840836743,0.5204900285856628,0.5202734275140473,0.5201691851552899,0.0,0.0,0.0,-0.009982755407691002,-0.009982755407691002,0.0,0.0,0.0,0.0,0.0,0.025561271235346794,-0.004438727628439665,0.0,0.0,0.0,0.0
160.647,-0.019963720813393593,-0.009981860406696796,-0.009981860406696796,datactrl_ref_vx_fallback,datactrl_est_vx_fallback,0.03999999910593033,states_theta,0.004641866311430931,0.3898153550857467,0.22506001125016742,0.5196598053124232,0.519847808249568,0.5198060956554135,0.5197015179065777,0.519845118319545,0.5196624952424461,0.0,0.0,0.0,-0.009981860406696796,-0.009981860406696796,0.0,0.0,0.0,0.0,0.0,0.025938767939805984,-0.014061231166124344,0.0,0.0,0.0,0.0
160.864,-0.019952120259404182,-0.009976060129702091,-0.009976060129702091,datactrl_ref_vx_fallback,datactrl_est_vx_fallback,0.019999999552965164,states_theta,-0.08502591401338577,0.3898404800621601,0.22507453140566694,0.5196787670695397,0.5198958464295538,0.519904481607245,0.5196701318918485,0.5199288894188309,0.5196457240802627,0.0,0.0,0.0,-0.009976060129702091,-0.009976060129702091,0.0,0.0,0.0,0.0,0.0,0.026685411110520363,0.006685411091893911,0.0,0.0,0.0,0.0
161.087,-0.019952120259404182,-0.009976060129702091,-0.009976060129702091,datactrl_ref_vx_fallback,datactrl_est_vx_fallback,0.027443591505289078,datactrl_est_theta_fallback,-0.08503152430057526,0.39023910468235373,0.22530468779200516,0.5202093663917815,0.5204282460944951,0.520459881542748,0.5201777309435286,0.520498770620372,0.5201388418659046,0.0,0.0,0.0,-0.009976060129702091,-0.009976060129702091,0.0,0.0,0.0,0.0,0.0,0.027443591505289078,0.027443591505289078,0.0,0.0,0.0,0.0
161.33,-0.019952120259404182,-0.009976060129702091,-0.009976060129702091,datactrl_ref_vx_fallback,datactrl_est_vx_fallback,0.028201771900057793,datactrl_est_theta_fallback,-0.08503152430057526,0.3898884800170989,0.22510223040925628,0.5197212776197737,0.5199813357591567,0.5199046533108023,0.5197979600681282,0.5198198836352899,0.5198827297436406,0.0,0.0,0.0,-0.009976060129702091,-0.009976060129702091,0.0,0.0,0.0,0.0,0.0,0.028201771900057793,0.028201771900057793,0.0,0.0,0.0,0.0
161.537,-0.01994052156805992,-0.00997026078402996,-0.00997026078402996,datactrl_ref_vx_fallback,datactrl_est_vx_fallback,0.028947755694389343,datactrl_est_theta_fallback,0.20151165127754211,0.3899109799959766,0.22511523933531485,0.5197249303739045,0.5200376829486998,0.5198923960314809,0.5198702172911235,0.5197093020980815,0.5200533112245228,0.0,0.0,0.0,-0.00997026078402996,-0.00997026078402996,0.0,0.0,0.0,0.0,0.0,0.028947755694389343,0.028947755694389343,0.0,0.0,0.0,0.0
161.829,-0.01994052156805992,-0.00997026078402996,-0.00997026078402996,datactrl_ref_vx_fallback,datactrl_est_vx_fallback,0.009999999776482582,states_theta,0.00784821156412363,0.3899334799748543,0.22512827650799053,0.5200517345512742,0.5197708787150038,0.5197185331014056,0.5201040801648724,0.5201969260736965,0.5196256871925815,0.0,0.0,0.0,-0.00997026078402996,-0.00997026078402996,0.0,0.0,0.0,0.0,0.0,0.030084364116191864,0.020084364339709282,0.0,0.0,0.0,0.0
162.014,-0.01994052156805992,-0.00997026078402996,-0.00997026078402996,datactrl_ref_vx_fallback,datactrl_est_vx_fallback,0.019999999552965164,states_theta,0.12516473233699799,0.3899559799537319,0.22514143946766937,0.5197262676771275,0.5201563455328242,0.5203800405870981,0.5195025726228536,0.5194823975919655,0.5204002156179862,0.0,0.0,0.0,-0.00997026078402996,-0.00997026078402996,0.0,0.0,0.0,0.0,0.0,0.030463235452771187,0.010463234968483448,0.0,0.0,0.0,0.0
162.229,-0.01992892101407051,-0.009964460507035255,-0.009964460507035255,datactrl_ref_vx_fallback,datactrl_est_vx_fallback,0.019999999552965164,states_theta,-0.027143510058522224,0.3899784799326094,0.22515436471925546,0.5202112551149702,0.5197313580386549,0.5196149602153852,0.5203276529382399,0.5203553678968162,0.5195872452568089,0.0,0.0,0.0,-0.009964460507035255,-0.009964460507035255,0.0,0.0,0.0,0.0,0.0,0.03120899572968483,0.011208996176719666,0.0,0.0,0.0,0.0
162.519,-0.019933389499783516,-0.009966694749891758,-0.009966694749891758,datactrl_ref_vx_fallback,datactrl_est_vx_fallback,0.029999999329447746,states_theta,-0.007327725645154715,0.39000097991148713,0.22516730599600673,0.5197941777567692,0.5202084353405299,0.5203319704119835,0.5196706426853155,0.5196989692478398,0.5203036438494593,0.0,0.0,0.0,-0.009966694749891758,-0.009966694749891758,0.0,0.0,0.0,0.0,0.0,0.03234972804784775,0.002349728951230645,0.0,0.0,0.0,0.0
162.697,-0.019933389499783516,-0.009966694749891758,-0.009966694749891758,datactrl_ref_vx_fallback,datactrl_est_vx_fallback,0.029999999329447746,states_theta,-0.007983353920280933,0.3900234798903648,0.22518028242225444,0.5202346831106451,0.5198279299303276,0.5197133799891723,0.5203492330518004,0.5203071809399881,0.5197554321009846,0.0,0.0,0.0,-0.009966694749891758,-0.009966694749891758,0.0,0.0,0.0,0.0,0.0,0.03272846341133118,0.002728463150560856,0.0,0.0,0.0,0.0
162.967,-0.019933389499783516,-0.009966694749891758,-0.009966694749891758,datactrl_ref_vx_fallback,datactrl_est_vx_fallback,0.029999999329447746,states_theta,0.029010798782110214,0.3900414798734668,0.225190703151802,0.5198692955054652,0.5202413174904462,0.5203786334419127,0.5197319795539987,0.519693863420819,0.5204167495750924,0.0,0.0,0.0,-0.009966694749891758,-0.009966694749891758,0.0,0.0,0.0,0.0,0.0,0.033864665776491165,0.003864666447043419,0.0,0.0,0.0,0.0
163.158,-0.019933389499783516,-0.009966694749891758,-0.009966694749891758,datactrl_ref_vx_fallback,datactrl_est_vx_fallback,0.03999999910593033,states_theta,0.029010752215981483,0.3900587298572729,0.22520068756841974,0.5203189924422963,0.5198376205104315,0.5196776036723392,0.5204790092803886,0.5203890832333444,0.5197675297193833,0.0,0.0,0.0,-0.009966694749891758,-0.009966694749891758,0.0,0.0,0.0,0.0,0.0,0.034243401139974594,-0.005756598897278309,0.0,0.0,0.0,0.0
163.377,-0.019933389499783516,-0.009966694749891758,-0.009966694749891758,datactrl_ref_vx_fallback,datactrl_est_vx_fallback,0.03999999910593033,states_theta,0.029010752215981483,0.38970285519694675,0.22499511194519345,0.5195152873779194,0.5196923264806053,0.5197525301719988,0.5194550836865258,0.519313099051811,0.5198945148067137,0.0,0.0,0.0,-0.009966694749891758,-0.009966694749891758,0.0,0.0,0.0,0.0,0.0,0.035000868141651154,-0.0049991300329566,0.0,0.0,0.0,0.0
163.646,-0.01993785798549652,-0.00996892899274826,-0.00996892899274826,datactrl_ref_vx_fallback,datactrl_est_vx_fallback,0.04999999701976776,states_theta,0.029010752215981483,0.3897219801789928,0.22500609711132033,0.5196819523056472,0.5195766615050003,0.5195561998999467,0.5197024139107007,0.519563074564815,0.5196955392458324,0.0,0.0,0.0,-0.00996892899274826,-0.00996892899274826,0.0,0.0,0.0,0.0,0.0,0.036141686141490936,-0.013858310878276825,0.0,0.0,0.0,0.0
163.819,-0.01993785798549652,-0.00996892899274826,-0.00996892899274826,datactrl_ref_vx_fallback,datactrl_est_vx_fallback,0.04999999701976776,states_theta,0.029010752215981483,0.39011610480341075,0.2252337120883756,0.520270103535919,0.5200395092731764,0.519854086759941,0.5204555260491543,0.520326705763293,0.5199829070458024,0.0,0.0,0.0,-0.00996892899274826,-0.00996892899274826,0.0,0.0,0.0,0.0,0.0,0.03652050718665123,-0.01347949169576168,0.0,0.0,0.0,0.0
164.053,-0.019933389499783516,-0.009966694749891758,-0.009966694749891758,datactrl_ref_vx_fallback,datactrl_est_vx_fallback,0.04999999701976776,states_theta,-0.08533085137605667,0.3901314797889771,0.2252425712149264,0.5201006924932472,0.5202499202773585,0.5204586733313469,0.5198919394392588,0.5200501816353623,0.5203004311352434,0.0,0.0,0.0,-0.009966694749891758,-0.009966694749891758,0.0,0.0,0.0,0.0,0.0,0.037273529917001724,-0.012726467102766037,0.0,0.0,0.0,0.0
164.268,-0.009933389723300934,-0.009999999776482582,6.661005318164825e-05,datactrl_ref_vx_fallback,states_vx_gs,0.029999999329447746,states_theta,-0.0702640637755394,0.38977448012970706,0.2250364173846672,0.5195750843237558,0.519823529355463,0.519626792218426,0.5197718214607928,0.519792904505097,0.5196057091741219,0.0,0.0,0.0,-0.009966694749891758,3.330502659082413e-05,0.0,0.0,0.0,0.0,0.0,0.0171509999781847,-0.012848999351263046,0.0,0.0,0.0,0.0
164.485,-0.009933389723300934,-0.009999999776482582,6.661005318164825e-05,datactrl_ref_vx_fallback,states_vx_gs,0.019999999552965164,states_theta,-0.0480273999273777,0.3897924801128092,0.22504681746867886,0.5196188164988889,0.5198277971352689,0.5196396980701583,0.5198069155639995,0.5198831999521729,0.5195634136819849,0.0,0.0,0.0,-0.009966694749891758,3.330502659082413e-05,0.0,0.0,0.0,0.0,0.0,0.01714855432510376,-0.002851446159183979,0.0,0.0,0.0,0.0
164.694,-0.009933389723300934,-0.009999999776482582,6.661005318164825e-05,datactrl_ref_vx_fallback,states_vx_gs,0.009999999776482582,states_theta,-0.04801778122782707,0.39018285474074754,0.2252722198827442,0.5201017714601144,0.5203858411818791,0.5201270263501875,0.520360586291806,0.5204556567764335,0.5200319558655601,0.0,0.0,0.0,-0.009966694749891758,3.330502659082413e-05,0.0,0.0,0.0,0.0,0.0,0.017146022990345955,0.007146022282540798,0.0,0.0,0.0,0.0
164.941,-0.00326661579310894,-0.009999999776482582,0.006733383983373642,datactrl_ref_vx_fallback,states_vx_gs,0.010132711380720139,datactrl_est_theta_fallback,-0.049016084522008896,0.3898258550814776,0.22506610459019546,0.5195824365937984,0.5199531769568084,0.5196335182753902,0.5199020952752167,0.5199215146377005,0.5196140989129063,0.0,0.0,0.0,-0.006633307784795761,0.003366691991686821,0.0,0.0,0.0,0.0,0.0,0.010132711380720139,0.010132711380720139,0.0,0.0,0.0,0.0
165.167,-0.003262150101363659,-0.009999999776482582,0.006737849675118923,datactrl_ref_vx_fallback,states_vx_gs,0.009999999776482582,states_theta,0.12214859575033188,0.38984085506739596,0.2250747836841226,0.5195475081059511,0.5200281054071048,0.5196602617226688,0.5199153517903871,0.5195981990826789,0.5199774144303769,0.0,0.0,0.0,-0.0066310749389231205,0.0033689248375594616,0.0,0.0,0.0,0.0,0.0,0.009872231632471085,-0.0001277678384212777,0.0,0.0,0.0,0.0
165.439,-0.0032746409997344017,-0.009999999776482582,0.00672535877674818,datactrl_ref_vx_fallback,states_vx_gs,0.04999999701976776,states_theta,0.06613466143608093,0.38985810505120205,0.22508473122488765,0.5199023216510306,0.5197192918188416,0.5195495173288457,0.5200720961410265,0.5197004601570651,0.5199211533128071,0.0,0.0,0.0,-0.006637320388108492,0.00336267938837409,0.0,0.0,0.0,0.0,0.0,0.009501547552645206,-0.04049845039844513,0.0,0.0,0.0,0.0
165.621,-0.0032746409997344017,-0.009999999776482582,0.00672535877674818,datactrl_ref_vx_fallback,states_vx_gs,0.03999999910593033,states_theta,-0.11076009273529053,0.38987385503641636,0.2250938211027811,0.5199699309914257,0.5196936824390178,0.5200775122905423,0.5195861011399012,0.5197744442792234,0.5198891691512202,0.0,0.0,0.0,-0.006637320388108492,0.00336267938837409,0.0,0.0,0.0,0.0,0.0,0.00937376543879509,-0.03062623366713524,0.0,0.0,0.0,0.0
165.84,0.003384091192856431,-0.009999999776482582,0.013384090969339013,datactrl_ref_vx_fallback,states_vx_gs,0.019999999552965164,states_theta,0.002067157533019781,0.38989148001987045,0.22510396353020198,0.5199493021266371,0.5197613112596841,0.5197815286353925,0.5199290847509287,0.5197637266588871,0.519946886727434,0.0,0.0,0.0,-0.0033079541753977537,0.006692045368254185,0.0,0.0,0.0,0.0,0.0,0.0020904492121189833,-0.017909551039338112,0.0,0.0,0.0,0.0
166.091,0.0033698121551424265,-0.009999999776482582,0.013369811931625009,datactrl_ref_vx_fallback,states_vx_gs,0.019999999552965164,states_theta,-0.1349891722202301,0.3899064800057888,0.22511262267711096,0.5197938606221796,0.5199567527265906,0.519930267104328,0.5198203462444422,0.5199803439133734,0.5197702694353967,0.0,0.0,0.0,-0.003315093694254756,0.0066849058493971825,0.0,0.0,0.0,0.0,0.0,0.0013424634234979749,-0.018657535314559937,0.0,0.0,0.0,0.0
166.279,0.0033671334385871887,-0.009999999776482582,0.01336713321506977,datactrl_ref_vx_fallback,states_vx_gs,0.0010912083089351654,datactrl_est_theta_fallback,-0.15751276910305023,0.3913984643205586,0.22597402337615682,0.5217809548470019,0.5219482833411543,0.5219630272518934,0.5217662109362629,0.5219635266482507,0.5217657115399055,0.0,0.0,0.0,-0.0033164331689476967,0.006683566607534885,0.0,0.0,0.0,0.0,0.0,0.0010912083089351654,0.0010912083089351654,0.0,0.0,0.0,0.0
166.491,0.010032122509073815,-0.009999999776482582,0.020032122285556397,datactrl_ref_vx_fallback,states_vx_gs,-0.009999999776482582,states_theta,-0.03366222232580185,0.3927273585164382,0.22674124775867133,0.5236260231672877,0.5236469328765475,0.5236128116774571,0.5236601443663781,0.5236837520969214,0.5235892039469138,0.0,0.0,0.0,1.6061143469414674e-05,0.0100160613656044,0.0,0.0,0.0,0.0,0.0,-0.006311723962426186,0.003688275581225753,0.0,0.0,0.0,0.0
166.715,0.010032122509073815,-0.009999999776482582,0.020032122285556397,datactrl_ref_vx_fallback,states_vx_gs,-0.009999999776482582,states_theta,0.001086669391952455,0.39347636768228544,0.2271736870299967,0.52463307168678,0.524637242132648,0.5246470932265436,0.5246232205928844,0.5246187517992872,0.5246515620201407,0.0,0.0,0.0,1.6061143469414674e-05,0.0100160613656044,0.0,0.0,0.0,0.0,0.0,-0.007072944659739733,0.0029270548839122057,0.0,0.0,0.0,0.0
166.996,0.010021414619586722,-0.009999999776482582,0.020021414396069304,datactrl_ref_vx_fallback,states_vx_gs,-0.009999999776482582,states_theta,2.082458422592026e-06,0.3935803632728836,0.22723372910586406,0.5247761687309714,0.5247714666633848,0.5247898993261421,0.5247577360682142,0.5247513693262537,0.5247962660681026,0.0,0.0,0.0,1.070742746378528e-05,0.010010707192122936,0.0,0.0,0.0,0.0,0.0,-0.008203292265534401,0.0017967077437788248,0.0,0.0,0.0,0.0
167.185,0.01668372401036322,-0.009999999776482582,0.026683723786845803,datactrl_ref_vx_fallback,states_vx_gs,-0.009999999776482582,states_theta,-6.139611485878049e-08,0.39321335883469766,0.22702184202826037,0.5243445348539691,0.524224422038558,0.5242862321541129,0.5242827247384143,0.524232835275559,0.5243361216169682,0.0,0.0,0.0,0.0033418622333556414,0.01334186177700758,0.0,0.0,0.0,0.0,0.0,-0.015475858002901077,-0.005475858226418495,0.0,0.0,0.0,0.0
167.238,0.01668194169178605,-0.009999999776482582,0.026681941468268633,datactrl_ref_vx_fallback,states_vx_gs,-0.009999999776482582,states_theta,-3.4785524460900774e-10,0.39321335883469766,0.22702184202826037,0.5243445348539691,0.524224422038558,0.5242862321541129,0.5242827247384143,0.524232835275559,0.5243361216169682,0.0,0.0,0.0,0.003340971190482378,0.013340970501303673,0.0,0.0,0.0,0.0,0.0,-0.015981005504727364,-0.005981005262583494,0.0,0.0,0.0,0.0
167.409,0.016672126948833466,-0.009999999776482582,0.026672126725316048,datactrl_ref_vx_fallback,states_vx_gs,-0.009999999776482582,states_theta,8.545785606939305e-12,0.3926503109150716,0.22669676350616255,0.5235316826930291,0.5235358130804951,0.5235658150985985,0.5235016806749258,0.5235132092633463,0.5235542865101779,0.0,0.0,0.0,0.0033360635861754417,0.013336063362658024,0.0,0.0,0.0,0.0,0.0,-0.016477808356285095,-0.006477808579802513,0.0,0.0,0.0,0.0
167.618,0.016672126948833466,-0.009999999776482582,0.026672126725316048,datactrl_ref_vx_fallback,states_vx_gs,-0.009999999776482582,states_theta,-0.040044043213129044,0.39208832973709906,0.22637230354837798,0.5227787345913489,0.5227901447075819,0.5227993046956074,0.5227695746033234,0.5228197521751887,0.5227491271237421,0.0,0.0,0.0,0.0033360635861754417,0.013336063362658024,0.0,0.0,0.0,0.0,0.0,-0.017491349950432777,-0.007491349242627621,0.0,0.0,0.0,0.0
167.832,0.016672126948833466,-0.009999999776482582,0.026672126725316048,datactrl_ref_vx_fallback,states_vx_gs,-0.019999999552965164,states_theta,-0.020970331504940987,0.39130878095299193,0.2259222317220156,0.5217055023345102,0.5217845802068016,0.5217065465970686,0.5217835359442432,0.5217393872246768,0.521750695316635,0.0,0.0,0.0,0.0033360635861754417,0.013336063362658024,0.0,0.0,0.0,0.0,0.0,-0.01850488968193531,0.0014951096381992102,0.0,0.0,0.0,0.0
168.05,0.023324618581682444,-0.009999999776482582,0.033324618358165026,datactrl_ref_vx_fallback,states_vx_gs,-0.019999999552965164,states_theta,-0.0030177286826074123,0.39064780434534835,0.22554061706892578,0.5208201474446863,0.520907330809576,0.5208221457974767,0.5209053324567856,0.5208533484912643,0.520874129762998,0.0,0.0,0.0,0.006662309635430574,0.01666230894625187,0.0,0.0,0.0,0.0,0.0,-0.026526831090450287,-0.006526831537485123,0.0,0.0,0.0,0.0
168.318,0.023324618581682444,-0.009999999776482582,0.033324618358165026,datactrl_ref_vx_fallback,states_vx_gs,-0.029999999329447746,states_theta,-0.06079899147152901,0.39018735466667337,0.22527478511633975,0.5203085888693261,0.5201910235751362,0.5202392272264789,0.5202603852179835,0.5203763520069824,0.5201232604374799,0.0,0.0,0.0,0.006662309635430574,0.01666230894625187,0.0,0.0,0.0,0.0,0.0,-0.028426334261894226,0.0015736650675535202,0.0,0.0,0.0,0.0
168.524,0.023313911631703377,-0.009999999776482582,0.03331391140818596,datactrl_ref_vx_fallback,states_vx_gs,-0.029999999329447746,states_theta,-0.022602781653404236,0.39005320907187224,0.22519732962560923,0.5201165378651612,0.5200253529931648,0.5201202474259161,0.5200216434324099,0.520012954252878,0.520128936605448,0.0,0.0,0.0,0.006656955927610397,0.01665695570409298,0.0,0.0,0.0,0.0,0.0,-0.02904842607676983,0.0009515741257928312,0.0,0.0,0.0,0.0
168.736,0.023313911631703377,-0.009999999776482582,0.03331391140818596,datactrl_ref_vx_fallback,states_vx_gs,-0.029999999329447746,states_theta,-0.004008957650512457,0.38987343291744947,0.22509353214735991,0.5198456854367816,0.5198168023430837,0.5198447971508784,0.5198176906289869,0.5198016984490854,0.5198607893307798,0.0,0.0,0.0,0.006656955927610397,0.01665695570409298,0.0,0.0,0.0,0.0,0.0,-0.030314354225993156,-0.00031435448909178376,0.0,0.0,0.0,0.0
168.949,0.01997712068259716,0.00998856034129858,0.00998856034129858,datactrl_ref_vx_fallback,datactrl_est_vx_fallback,-0.029999999329447746,states_theta,0.0015322535764425993,0.38968463696681555,0.22498453394402346,0.5195598701593427,0.5195991617521654,0.5195008932511688,0.5196581386603393,0.5195585889622728,0.5196004429492352,0.0,0.0,0.0,0.00998856034129858,0.00998856034129858,0.0,0.0,0.0,0.0,0.0,-0.01766938902437687,0.012330609373748302,0.0,0.0,0.0,0.0
169.159,0.019967302680015564,0.009983651340007782,0.009983651340007782,datactrl_ref_vx_fallback,datactrl_est_vx_fallback,-0.019999999552965164,states_theta,0.07102274894714355,0.38952622278377314,0.22489308345792497,0.5193441928321479,0.5193924012579137,0.5192339904461445,0.5195026036439172,0.5192886227975637,0.519447971292498,0.0,0.0,0.0,0.009983651340007782,0.009983651340007782,0.0,0.0,0.0,0.0,0.0,-0.01841817796230316,0.0015818224055692554,0.0,0.0,0.0,0.0
169.376,0.019965512678027153,0.009982756339013577,0.009982756339013577,datactrl_ref_vx_fallback,datactrl_est_vx_fallback,-0.009999999776482582,states_theta,0.06169416755437851,0.38968615780061644,0.2249854095166449,0.5195997306443659,0.5195633568239445,0.519559243774876,0.5196038436934345,0.5196229147605873,0.5195401727077231,0.0,0.0,0.0,0.009982756339013577,0.009982756339013577,0.0,0.0,0.0,0.0,0.0,-0.019175048917531967,-0.009175049141049385,0.0,0.0,0.0,0.0
169.617,0.019965512678027153,0.009982756339013577,0.009982756339013577,datactrl_ref_vx_fallback,datactrl_est_vx_fallback,-0.009999999776482582,states_theta,-0.043001819401979446,0.38951531226236563,0.22488677195900095,0.5193606843713784,0.51934681499493,0.5193770640131519,0.5193304353531565,0.5194010196166687,0.5193064797496396,0.0,0.0,0.0,0.009982756339013577,0.009982756339013577,0.0,0.0,0.0,0.0,0.0,-0.019933737814426422,-0.009933738969266415,0.0,0.0,0.0,0.0
169.836,0.019954806193709373,0.009977403096854687,0.009977403096854687,datactrl_ref_vx_fallback,datactrl_est_vx_fallback,-0.019999999552965164,states_theta,-0.044014863669872284,0.38974396695554586,0.2250187901703064,0.5196864975683037,0.5196307476464853,0.5196844776520866,0.5196327675627024,0.519754725031593,0.5195625201831959,0.0,0.0,0.0,0.009977403096854687,0.009977403096854687,0.0,0.0,0.0,0.0,0.0,-0.020681148394942284,-0.0006811489001847804,0.0,0.0,0.0,0.0
170.055,0.019954806193709373,0.009977403096854687,0.009977403096854687,datactrl_ref_vx_fallback,datactrl_est_vx_fallback,-0.029999999329447746,states_theta,-0.04401630163192749,0.3895882142814601,0.22492888017639895,0.5195243903361715,0.5193775144143888,0.5194513717351149,0.5194505330154454,0.5196247730765916,0.5192771316739687,0.0,0.0,0.0,0.009977403096854687,0.009977403096854687,0.0,0.0,0.0,0.0,0.0,-0.021439431235194206,0.00856056809425354,0.0,0.0,0.0,0.0
170.276,0.019954806193709373,0.009977403096854687,0.009977403096854687,datactrl_ref_vx_fallback,datactrl_est_vx_fallback,-0.03999999910593033,states_theta,-0.04401630163192749,0.38942887250350067,0.22483688406640395,0.5193129657400475,0.519164027602621,0.5192376453382878,0.5192393480043808,0.5194113586420298,0.5190656347006387,0.0,0.0,0.0,0.009977403096854687,0.009977403096854687,0.0,0.0,0.0,0.0,0.0,-0.02219771407544613,0.0178022850304842,0.0,0.0,0.0,0.0
170.517,0.02660640887916088,0.01330320443958044,0.01330320443958044,datactrl_ref_vx_fallback,datactrl_est_vx_fallback,-0.03999999910593033,states_theta,0.018303418532013893,0.38969406453490013,0.22498999577131207,0.5196190057747017,0.5195651663183654,0.5196452237169142,0.5195389483761528,0.5193988794858011,0.5197852926072659,0.0,0.0,0.0,0.01330320443958044,0.01330320443958044,0.0,0.0,0.0,0.0,0.0,-0.029837079346179962,0.010162919759750366,0.0,0.0,0.0,0.0
170.808,0.026609987020492554,0.013304993510246277,0.013304993510246277,datactrl_ref_vx_fallback,datactrl_est_vx_fallback,-0.029999999329447746,states_theta,0.03169393166899681,0.3895799456902932,0.22492410727395326,0.5194272328445613,0.5194526223295539,0.519525223380469,0.5193546317936462,0.5192669632128537,0.5196128919612615,0.0,0.0,0.0,0.013304993510246277,0.013304993510246277,0.0,0.0,0.0,0.0,0.0,-0.03135748207569122,-0.0013574827462434769,0.0,0.0,0.0,0.0
171.017,0.026609987020492554,0.013304993510246277,0.013304993510246277,datactrl_ref_vx_fallback,datactrl_est_vx_fallback,-0.019999999552965164,states_theta,0.03201359510421753,0.38986694324040255,0.22508981931641936,0.5197882883798483,0.5198568935945586,0.5199064200962487,0.5197387618781582,0.5195896529743473,0.5200555290000595,0.0,0.0,0.0,0.013304993510246277,0.013304993510246277,0.0,0.0,0.0,0.0,0.0,-0.03186307102441788,-0.011863072402775288,0.0,0.0,0.0,0.0
171.067,0.026609987020492554,0.013304993510246277,0.013304993510246277,datactrl_ref_vx_fallback,datactrl_est_vx_fallback,-0.019999999552965164,states_theta,0.03147191181778908,0.38986694324040255,0.22508981931641936,0.5197882883798483,0.5198568935945586,0.5199064200962487,0.5197387618781582,0.5195896529743473,0.5200555290000595,0.0,0.0,0.0,0.013304993510246277,0.013304993510246277,0.0,0.0,0.0,0.0,0.0,-0.03236865997314453,-0.012368662282824516,0.0,0.0,0.0,0.0
171.25,0.026609987020492554,0.013304993510246277,0.013304993510246277,datactrl_ref_vx_fallback,datactrl_est_vx_fallback,-0.019999999552965164,states_theta,-0.0394921600818634,0.38974152034955706,0.22501739023327896,0.5196921996806231,0.5196185212515291,0.5196156033709484,0.5196951175612038,0.5198298482393325,0.5194808726928196,0.0,0.0,0.0,0.013304993510246277,0.013304993510246277,0.0,0.0,0.0,0.0,0.0,-0.032874252647161484,-0.012874252162873745,0.0,0.0,0.0,0.0
171.528,0.026609987020492554,0.013304993510246277,0.013304993510246277,datactrl_ref_vx_fallback,datactrl_est_vx_fallback,-0.03999999910593033,states_theta,-0.04402074217796326,0.3896817074348903,0.22498285999168766,0.5195977889279157,0.5195534308984584,0.5195019837112304,0.5196492361151438,0.5197557069308231,0.5193955128955511,0.0,0.0,0.0,0.013304993510246277,0.013304993510246277,0.0,0.0,0.0,0.0,0.0,-0.034391019493341446,0.005608978681266308,0.0,0.0,0.0,0.0
171.715,0.026609987020492554,0.013304993510246277,0.013304993510246277,datactrl_ref_vx_fallback,datactrl_est_vx_fallback,-0.03999999910593033,states_theta,-0.04401632770895958,0.3899970722286923,0.2251649614577893,0.5200608125196339,0.5199313800902122,0.5198898573521071,0.520102335257739,0.520258525301599,0.5197336673082471,0.0,0.0,0.0,0.013304993510246277,0.013304993510246277,0.0,0.0,0.0,0.0,0.0,-0.0348966084420681,0.005103388801217079,0.0,0.0,0.0,0.0
171.929,0.019944097846746445,0.009972048923373222,0.009972048923373222,datactrl_ref_vx_fallback,datactrl_est_vx_fallback,-0.04999999701976776,states_theta,0.01972644403576851,0.38994238335971937,0.22513334568840299,0.5199090602688691,0.5199372953570492,0.5199178764800365,0.5199284791458818,0.5198230995327082,0.5200232560932101,0.0,0.0,0.0,0.009972048923373222,0.009972048923373222,0.0,0.0,0.0,0.0,0.0,-0.029011860489845276,0.020988136529922485,0.0,0.0,0.0,0.0
172.147,0.019944097846746445,0.009972048923373222,0.009972048923373222,datactrl_ref_vx_fallback,datactrl_est_vx_fallback,-0.03999999910593033,states_theta,0.023736443370580673,0.38985958785813396,0.2250855393706562,0.5197991768013775,0.519826390820313,0.5198269130406789,0.5197986545810117,0.5198585052020662,0.5197670624196243,0.0,0.0,0.0,0.009972048923373222,0.009972048923373222,0.0,0.0,0.0,0.0,0.0,-0.029769735410809517,0.010230263695120811,0.0,0.0,0.0,0.0
172.382,0.019944097846746445,0.009972048923373222,0.009972048923373222,datactrl_ref_vx_fallback,datactrl_est_vx_fallback,-0.029999999329447746,states_theta,0.03167875111103058,0.38980217198759903,0.22505239211152492,0.5197330499284368,0.5197394087051607,0.5197640734606839,0.5197083851729136,0.519665896249365,0.5198065623842325,0.0,0.0,0.0,0.009972048923373222,0.009972048923373222,0.0,0.0,0.0,0.0,0.0,-0.030527610331773758,-0.0005276116426102817,0.0,0.0,0.0,0.0
172.594,0.019944097846746445,0.009972048923373222,0.009972048923373222,datactrl_ref_vx_fallback,datactrl_est_vx_fallback,-0.029999999329447746,states_theta,-0.005123380571603775,0.38974379766831996,0.2250186895416095,0.519660384062269,0.5196564097199176,0.5197085685686978,0.5196082252134887,0.5197127695047116,0.519604024277475,0.0,0.0,0.0,0.009972048923373222,0.009972048923373222,0.0,0.0,0.0,0.0,0.0,-0.03128548711538315,-0.0012854873202741146,0.0,0.0,0.0,0.0
172.81,0.009944098070263863,0.009999999776482582,-5.590170621871948e-05,datactrl_ref_vx_fallback,states_vx_gs,-0.029999999329447746,states_theta,-0.005001833662390709,0.39010249827797433,0.22522578542513116,0.5201367275236771,0.5201366012175878,0.5201890589146517,0.5200842698266132,0.5201888114770116,0.5200845172642533,0.0,0.0,0.0,0.009972048923373222,-2.795085310935974e-05,0.0,0.0,0.0,0.0,0.0,-0.010973363183438778,0.019026635214686394,0.0,0.0,0.0,0.0
173.071,0.009944098070263863,0.009999999776482582,-5.590170621871948e-05,datactrl_ref_vx_fallback,states_vx_gs,-0.029999999329447746,states_theta,0.06938084214925766,0.3900736046310398,0.22520910381298587,0.5200962329084129,0.5201000461076932,0.5200471239781969,0.5201491550379093,0.5200423275925633,0.5201539514235428,0.0,0.0,0.0,0.009972048923373222,-2.795085310935974e-05,0.0,0.0,0.0,0.0,0.0,-0.01097123883664608,0.019028760492801666,0.0,0.0,0.0,0.0
173.121,0.009944098070263863,0.009999999776482582,-5.590170621871948e-05,datactrl_ref_vx_fallback,states_vx_gs,-0.019999999552965164,states_theta,0.07201878726482391,0.3900736046310398,0.22520910381298587,0.5200962329084129,0.5201000461076932,0.5200471239781969,0.5201491550379093,0.5200423275925633,0.5201539514235428,0.0,0.0,0.0,0.009972048923373222,-2.795085310935974e-05,0.0,0.0,0.0,0.0,0.0,-0.010970177128911018,0.009029822424054146,0.0,0.0,0.0,0.0
173.389,0.00328178983181715,0.009999999776482582,-0.006718209944665432,datactrl_ref_vx_fallback,states_vx_gs,-0.019999999552965164,states_theta,-0.0029625119641423225,0.38999070267242,0.22516123937225416,0.5199837218718345,0.5199914852546187,0.520036493124861,0.5199387140015922,0.5200271354602083,0.5199480716662449,0.0,0.0,0.0,0.006640894804149866,-0.003359104972332716,0.0,0.0,0.0,0.0,0.0,-0.0040758950635790825,0.015924105420708656,0.0,0.0,0.0,0.0
173.575,0.00328178983181715,0.009999999776482582,-0.006718209944665432,datactrl_ref_vx_fallback,states_vx_gs,-0.019999999552965164,states_theta,0.037135519087314606,0.38996376355227136,0.22514568748553465,0.5199447585531645,0.5199586109195591,0.5198974210335849,0.5200059484391386,0.5198922231610765,0.520011146311647,0.0,0.0,0.0,0.006640894804149866,-0.003359104972332716,0.0,0.0,0.0,0.0,0.0,-0.00394824892282486,0.016051750630140305,0.0,0.0,0.0,0.0
173.786,0.00328178983181715,0.009999999776482582,-0.006718209944665432,datactrl_ref_vx_fallback,states_vx_gs,-0.009999999776482582,states_theta,0.016300760209560394,0.3899475485733322,0.22513633083315907,0.5199936583742065,0.5198664711546793,0.5198740947178991,0.5199860348109867,0.5200221669300896,0.5198379625987962,0.0,0.0,0.0,0.006640894804149866,-0.003359104972332716,0.0,0.0,0.0,0.0,0.0,-0.003692957106977701,0.006307042669504881,0.0,0.0,0.0,0.0
174.018,0.0032924963161349297,0.009999999776482582,-0.0067075034603476524,datactrl_ref_vx_fallback,states_vx_gs,-0.009999999776482582,states_theta,0.021759383380413055,0.3899599922836562,0.22514351157572626,0.5199284150568476,0.5199648976995689,0.5199788615411828,0.5199144512152337,0.5198586818393599,0.5200346309170566,0.0,0.0,0.0,0.006646248046308756,-0.0033537517301738262,0.0,0.0,0.0,0.0,0.0,-0.0034359965939074755,0.006564002949744463,0.0,0.0,0.0,0.0
174.208,0.0032924963161349297,0.009999999776482582,-0.0067075034603476524,datactrl_ref_vx_fallback,states_vx_gs,-0.009999999776482582,states_theta,-0.025604359805583954,0.38989024522076876,0.22510325051998406,0.5198755980623277,0.5198317225263889,0.519862888320615,0.5198444322681016,0.5200017182123723,0.5197056023763443,0.0,0.0,0.0,0.006646248046308756,-0.0033537517301738262,0.0,0.0,0.0,0.0,0.0,-0.0031811115331947803,0.006818888243287802,0.0,0.0,0.0,0.0
174.544,-0.0033698121551424265,0.009999999776482582,-0.013369811931625009,datactrl_ref_vx_fallback,states_vx_gs,0.004359200596809387,datactrl_est_theta_fallback,0.06395769119262695,0.3898876876148487,0.22510177103723442,0.5198024256230775,0.5198980746831856,0.5198624821446973,0.5198380181615658,0.5197280970295379,0.5199724032767252,0.0,0.0,0.0,0.003315093694254756,-0.0066849058493971825,0.0,0.0,0.0,0.0,0.0,0.004359200596809387,0.004359200596809387,0.0,0.0,0.0,0.0
174.733,-0.0033698121551424265,0.009999999776482582,-0.013369811931625009,datactrl_ref_vx_fallback,states_vx_gs,0.004613226745277643,datactrl_est_theta_fallback,0.020761553198099136,0.38987127920129205,0.22509229435042796,0.5198507380430666,0.5198060064937122,0.5197899753359667,0.5198667692008121,0.5199256749099654,0.5197310696268134,0.0,0.0,0.0,0.003315093694254756,-0.0066849058493971825,0.0,0.0,0.0,0.0,0.0,0.004613226745277643,0.004613226745277643,0.0,0.0,0.0,0.0
175.029,-0.0033591052051633596,0.009999999776482582,-0.013359104981645942,datactrl_ref_vx_fallback,states_vx_gs,0.005363801959902048,datactrl_est_theta_fallback,0.052892234176397324,0.3898277091575525,0.22506713579061027,0.5197793332324281,0.5197612245210452,0.5197621181038222,0.5197784396496511,0.5196981631642167,0.5198423945892566,0.0,0.0,0.0,0.003320447402074933,-0.006679552607238293,0.0,0.0,0.0,0.0,0.0,0.005363801959902048,0.005363801959902048,0.0,0.0,0.0,0.0
175.211,-0.010021414620496216,0.009999999776482582,-0.0200214143969788,datactrl_ref_vx_fallback,states_vx_gs,0.012522442266345024,datactrl_est_theta_fallback,0.0012203018413856626,0.38981458795265833,0.22505955809580108,0.5197220332388783,0.5197835346348771,0.5197626040912556,0.5197429637824998,0.5197324992837739,0.5197730685899816,0.0,0.0,0.0,-1.0707428373279981e-05,-0.010010707192122936,0.0,0.0,0.0,0.0,0.0,0.012522442266345024,0.012522442266345024,0.0,0.0,0.0,0.0
175.428,-0.010021414620496216,0.009999999776482582,-0.0200214143969788,datactrl_ref_vx_fallback,states_vx_gs,0.013283256441354752,datactrl_est_theta_fallback,0.040561918169260025,0.3898143629088278,0.22505943005444481,0.519749946130903,0.5197550216259712,0.5196832903777169,0.5198216773791573,0.5197601122283417,0.5197448555285324,0.0,0.0,0.0,-1.0707428373279981e-05,-0.010010707192122936,0.0,0.0,0.0,0.0,0.0,0.013283256441354752,0.013283256441354752,0.0,0.0,0.0,0.0
175.688,-0.010010707665514929,0.009999999776482582,-0.02001070744199751,datactrl_ref_vx_fallback,states_vx_gs,0.009999999776482582,states_theta,-0.01517425011843443,0.39018872203941574,0.22527556466813461,0.5202551574743665,0.5202481012974088,0.5202819914828356,0.5202212672889397,0.5202799645242879,0.5202232942474874,0.0,0.0,0.0,-5.353715550882043e-06,-0.010005353949964046,0.0,0.0,0.0,0.0,0.0,0.014413176104426384,0.004413176793605089,0.0,0.0,0.0,0.0
175.862,-0.010010707665514929,0.009999999776482582,-0.02001070744199751,datactrl_ref_vx_fallback,states_vx_gs,0.009999999776482582,states_theta,-0.014055767096579075,0.3830533961151697,0.2211559882052369,0.5107449157317515,0.5107308072420343,0.5108179895732946,0.5106577334004913,0.5108129528546045,0.5106627701191814,0.0,0.0,0.0,-5.353715550882043e-06,-0.010005353949964046,0.0,0.0,0.0,0.0,0.0,0.014793380163609982,0.004793379921466112,0.0,0.0,0.0,0.0
176.09,-0.016673017060384154,0.009999999776482582,-0.026673016836866736,datactrl_ref_vx_fallback,states_vx_gs,0.009999999776482582,states_theta,0.022555479779839516,0.3731789285154642,0.21545495557910604,0.4975935972804812,0.49755021209408995,0.49757366595048685,0.4975701434240843,0.49760036707815275,0.4975434422964184,0.0,0.0,0.0,-0.0033365085255354643,-0.01333650853484869,0.0,0.0,0.0,0.0,0.0,0.02258518896996975,0.012585188262164593,0.0,0.0,0.0,0.0
176.314,-0.016662309179082513,0.009999999776482582,-0.026662308955565095,datactrl_ref_vx_fallback,states_vx_gs,0.009999999776482582,states_theta,0.03830050677061081,0.3684209025255567,0.21270790843949572,0.49122781637871926,0.4912279236894319,0.4912124549016577,0.49124328516649346,0.491185567203737,0.49127017286441416,0.0,0.0,0.0,-0.003331154817715287,-0.013331154361367226,0.0,0.0,0.0,0.0,0.0,0.023587461560964584,0.013587462715804577,0.0,0.0,0.0,0.0
176.61,-0.016662309179082513,0.009999999776482582,-0.026662308955565095,datactrl_ref_vx_fallback,states_vx_gs,0.019999999552965164,states_theta,0.024975869804620743,0.3664843504380625,0.2115898384590215,0.4886474256972663,0.4886441754709003,0.4886366315174436,0.488654969650723,0.4886388434539885,0.4886527577141781,0.0,0.0,0.0,-0.003331154817715287,-0.013331154361367226,0.0,0.0,0.0,0.0,0.0,0.025107214227318764,0.005107214208692312,0.0,0.0,0.0,0.0
176.793,-0.013324619270861149,-0.006662309635430574,-0.006662309635430574,datactrl_ref_vx_fallback,datactrl_est_vx_fallback,0.019999999552965164,states_theta,0.02500821463763714,0.3123988974624844,0.18036359391866985,0.4165139774868164,0.4165497490798086,0.4164673037866671,0.4165964227799579,0.4164632374578566,0.41660048910876835,0.0,0.0,0.0,-0.006662309635430574,-0.006662309635430574,0.0,0.0,0.0,0.0,0.0,0.011942615732550621,-0.008057383820414543,0.0,0.0,0.0,0.0
176.985,-0.013313911855220795,-0.006656955927610397,-0.006656955927610397,datactrl_ref_vx_fallback,datactrl_est_vx_fallback,0.019999999552965164,states_theta,-0.08784913271665573,0.2730952774232134,0.15767166555293224,0.36414457732571454,0.3641094958028544,0.3642506046019346,0.36400346852663434,0.36429083030297194,0.363963242825597,0.0,0.0,0.0,-0.006656955927610397,-0.006656955927610397,0.0,0.0,0.0,0.0,0.0,0.012285872362554073,-0.007714127190411091,0.0,0.0,0.0,0.0
177.179,-0.013313911855220795,-0.006656955927610397,-0.006656955927610397,datactrl_ref_vx_fallback,datactrl_est_vx_fallback,0.012285872362554073,datactrl_est_theta_fallback,-0.06785567104816437,0.22608828493970182,0.13053214329542012,0.30146359187405686,0.3014385012984813,0.30155296622795325,0.30134912694458493,0.3014837913422955,0.30141830183024265,0.0,0.0,0.0,-0.006656955927610397,-0.006656955927610397,0.0,0.0,0.0,0.0,0.0,0.012285872362554073,0.012285872362554073,0.0,0.0,0.0,0.0
177.459,-0.013313911855220795,-0.006656955927610397,-0.006656955927610397,datactrl_ref_vx_fallback,datactrl_est_vx_fallback,0.012285872362554073,datactrl_est_theta_fallback,0.04209218919277191,0.1885882920643195,0.10888150306565693,0.2514716058528602,0.2514305063186585,0.25142087104079364,0.25148124113072506,0.2514684035351969,0.2514337086363218,0.0,0.0,0.0,-0.006656955927610397,-0.006656955927610397,0.0,0.0,0.0,0.0,0.0,0.012285872362554073,0.012285872362554073,0.0,0.0,0.0,0.0
177.655,-0.013313911855220795,-0.006656955927610397,-0.006656955927610397,datactrl_ref_vx_fallback,datactrl_est_vx_fallback,0.009999999776482582,states_theta,0.04201607033610344,0.13721329921967085,0.07922013947514016,0.1829687559297395,0.18293337532271609,0.18290302218281276,0.1829991090696428,0.18294316663178725,0.18295896462066832,0.0,0.0,0.0,-0.006656955927610397,-0.006656955927610397,0.0,0.0,0.0,0.0,0.0,0.012285872362554073,0.0022858725860714912,0.0,0.0,0.0,0.0
177.876,-0.013313911855220795,-0.006656955927610397,-0.006656955927610397,datactrl_ref_vx_fallback,datactrl_est_vx_fallback,0.009999999776482582,states_theta,0.017349721863865852,0.0925883063638463,0.053455884495170386,0.1234668908374434,0.12343525946614674,0.12344371644054758,0.12345843386304256,0.12344228556525544,0.1234598647383347,0.0,0.0,0.0,-0.006656955927610397,-0.006656955927610397,0.0,0.0,0.0,0.0,0.0,0.012285872362554073,0.0022858725860714912,0.0,0.0,0.0,0.0
178.16,-0.013313911855220795,-0.006656955927610397,-0.006656955927610397,datactrl_ref_vx_fallback,datactrl_est_vx_fallback,0.019999999552965164,states_theta,0.017914917320013046,0.04871330902090962,0.028124668863111886,0.06498964189116953,0.06491251549792278,0.0648840012660034,0.06501815612308891,0.06494471879030579,0.06495743859878651,0.0,0.0,0.0,-0.006656955927610397,-0.006656955927610397,0.0,0.0,0.0,0.0,0.0,0.012285872362554073,-0.007714127190411091,0.0,0.0,0.0,0.0
178.329,-0.013313911855220795,-0.006656955927610397,-0.006656955927610397,datactrl_ref_vx_fallback,datactrl_est_vx_fallback,0.019999999552965164,states_theta,0.0272607933729887,0.0033383072411521716,0.0019280040847721217,0.004492266535082342,0.004409886107990116,0.004361678107079918,0.00454047453599254,0.004444004260547386,0.004458148382525072,0.0,0.0,0.0,-0.006656955927610397,-0.006656955927610397,0.0,0.0,0.0,0.0,0.0,0.012285872362554073,-0.007714127190411091,0.0,0.0,0.0,0.0
178.538,-0.013313911855220795,-0.006656955927610397,-0.006656955927610397,datactrl_ref_vx_fallback,datactrl_est_vx_fallback,0.029999999329447746,states_theta,0.029010992497205734,0.0033748851588687487,0.0019494539296513581,0.004539090592534406,0.004460603164448924,0.004388507728716563,0.004611186028266767,0.004466990028907545,0.0045327037280757845,0.0,0.0,0.0,-0.006656955927610397,-0.006656955927610397,0.0,0.0,0.0,0.0,0.0,0.012285872362554073,-0.0177141260355711,0.0,0.0,0.0,0.0
178.749,0.0,0.0,0.0,datactrl_ref_vx_fallback,datactrl_est_vx_fallback,0.029999999329447746,states_theta,0.029010750353336334,0.003504206590771672,0.0020237711300031672,0.004704657867336653,0.0046398930413878055,0.004581421281780774,0.004763129626943685,0.004646259995211015,0.004698290913513444,0.0,0.0,0.0,0.0,0.0,0.0,0.0,0.0,0.0,0.0,0.0,-0.029999999329447746,0.0,0.0,0.0,0.0
179.011,0.0,0.0,0.0,datactrl_ref_vx_fallback,datactrl_est_vx_fallback,0.03999999910593033,states_theta,0.029010750353336334,0.0036100860241021627,0.002084681197524968,0.00484021288691991,0.004786683177352524,0.004739365540359219,0.004887530523913215,0.004793033829726207,0.004833862234546227,0.0,0.0,0.0,0.0,0.0,0.0,0.0,0.0,0.0,0.0,0.0,-0.03999999910593033,0.0,0.0,0.0,0.0
179.18,0.0,0.0,0.0,datactrl_ref_vx_fallback,datactrl_est_vx_fallback,0.03999999910593033,states_theta,0.029010750353336334,0.003696772772288321,0.0021345894998197348,0.00495119595018683,0.004906864775915359,0.004868679362129516,0.0049893813639726725,0.004913202081790996,0.004944858644311193,0.0,0.0,0.0,0.0,0.0,0.0,0.0,0.0,0.0,0.0,0.0,-0.03999999910593033,0.0,0.0,0.0,0.0
179.408,0.0,0.0,0.0,datactrl_ref_vx_fallback,datactrl_est_vx_fallback,0.04999999701976776,states_theta,0.029010750353336334,0.0037677458789126686,0.002175475503572625,0.005042061197154273,0.005005261146612843,0.004974552564810924,0.0050727697789561925,0.005011587525300084,0.005035734818467032,0.0,0.0,0.0,0.0,0.0,0.0,0.0,0.0,0.0,0.0,0.0,-0.04999999701976776,0.0,0.0,0.0,0.0
179.458,0.0,0.0,0.0,datactrl_ref_vx_fallback,datactrl_est_vx_fallback,0.04999999701976776,states_theta,0.029010750353336334,0.0037677458789126686,0.002175475503572625,0.005042061197154273,0.005005261146612843,0.004974552564810924,0.0050727697789561925,0.005011587525300084,0.005035734818467032,0.0,0.0,0.0,0.0,0.0,0.0,0.0,0.0,0.0,0.0,0.0,-0.04999999701976776,0.0,0.0,0.0,0.0
179.62,0.0,0.0,0.0,datactrl_ref_vx_fallback,datactrl_est_vx_fallback,0.04999999701976776,states_theta,0.029010750353336334,0.0038258537439475157,0.0022089656574527843,0.005116455369232559,0.005085821281294149,0.0050612342117730665,0.005141042438753642,0.005092138713556206,0.005110137936970503,0.0,0.0,0.0,0.0,0.0,0.0,0.0,0.0,0.0,0.0,0.0,-0.04999999701976776,0.0,0.0,0.0,0.0
179.843,0.0,0.0,0.0,datactrl_ref_vx_fallback,datactrl_est_vx_fallback,0.05999999865889549,states_theta,0.029010750353336334,0.0038734284400474533,0.0022363950094721045,0.0051773641657630876,0.005151778341030122,0.005132203141868725,0.005196939364924484,0.005158088448578749,0.005171054058214461,0.0,0.0,0.0,0.0,0.0,0.0,0.0,0.0,0.0,0.0,0.0,-0.05999999865889549,0.0,0.0,0.0,0.0
180.065,0.0,0.0,0.0,datactrl_ref_vx_fallback,datactrl_est_vx_fallback,0.07000000029802322,states_theta,0.029010750353336334,0.003912379306812623,0.0022588586760768003,0.005227232070615359,0.005205779414218303,0.005190307587450801,0.005242703897382861,0.005212083524798788,0.005220927960034874,0.0,0.0,0.0,0.0,0.0,0.0,0.0,0.0,0.0,0.0,0.0,-0.07000000029802322,0.0,0.0,0.0,0.0
180.292,0.0,0.0,0.0,datactrl_ref_vx_fallback,datactrl_est_vx_fallback,0.07000000029802322,states_theta,0.029010750353336334,0.003944269579292317,0.002277254540323379,0.00526806045790949,0.005249991753536689,0.0052378794839394015,0.005280172727506777,0.005256290954214931,0.005261761257231247,0.0,0.0,0.0,0.0,0.0,0.0,0.0,0.0,0.0,0.0,0.0,-0.07000000029802322,0.0,0.0,0.0,0.0
180.576,0.0,0.0,0.0,datactrl_ref_vx_fallback,datactrl_est_vx_fallback,0.07999999821186066,states_theta,0.029010750353336334,0.003970379126095483,0.0022923185268709997,0.005301487914185778,0.005286189755402177,0.005276828058576869,0.005310849611011086,0.005292484936192458,0.005295192733395497,0.0,0.0,0.0,0.0,0.0,0.0,0.0,0.0,0.0,0.0,0.0,-0.07999999821186066,0.0,0.0,0.0,0.0
180.797,0.0,0.0,0.0,datactrl_ref_vx_fallback,datactrl_est_vx_fallback,0.08999999612569809,states_theta,0.029010750353336334,0.003991755815012168,0.0023046536674027926,0.0053288560006363485,0.005315826172729432,0.005308716454421121,0.00533596571894466,0.005322118062313817,0.005322564111051964,0.0,0.0,0.0,0.0,0.0,0.0,0.0,0.0,0.0,0.0,0.0,-0.08999999612569809,0.0,0.0,0.0,0.0
180.977,0.0,0.0,0.0,datactrl_ref_vx_fallback,datactrl_est_vx_fallback,0.08999999612569809,states_theta,0.029010750353336334,0.004009257567627314,0.002314754007711055,0.005351263094666424,0.005340090419006413,0.005334824464765247,0.00535652904890759,0.005346379613979314,0.005344973899693524,0.0,0.0,0.0,0.0,0.0,0.0,0.0,0.0,0.0,0.0,0.0,-0.08999999612569809,0.0,0.0,0.0,0.0
181.028,0.0,0.0,0.0,datactrl_ref_vx_fallback,datactrl_est_vx_fallback,0.08999999612569809,states_theta,0.029010750353336334,0.004009257567627314,0.002314754007711055,0.005351263094666424,0.005340090419006413,0.005334824464765247,0.00535652904890759,0.005346379613979314,0.005344973899693524,0.0,0.0,0.0,0.0,0.0,0.0,0.0,0.0,0.0,0.0,0.0,-0.08999999612569809,0.0,0.0,0.0,0.0
181.205,0.0,0.0,0.0,datactrl_ref_vx_fallback,datactrl_est_vx_fallback,0.09999999403953552,states_theta,0.029010750353336334,0.004023586790726029,0.0023230242483938636,0.005369608471635871,0.005359956303633539,0.0053561998957355585,0.005373364879533851,0.005366243292445152,0.005363321482824258,0.0,0.0,0.0,0.0,0.0,0.0,0.0,0.0,0.0,0.0,0.0,-0.09999999403953552,0.0,0.0,0.0,0.0
181.485,0.0,0.0,0.0,datactrl_ref_vx_fallback,datactrl_est_vx_fallback,0.09999999403953552,states_theta,0.029010750353336334,0.004035318566344663,0.0023297958669488447,0.0053846283959375655,0.00537622111431487,0.005373700618431251,0.005387148891821184,0.005382506296874388,0.005378343213378047,0.0,0.0,0.0,0.0,0.0,0.0,0.0,0.0,0.0,0.0,0.0,-0.09999999403953552,0.0,0.0,0.0,0.0
181.718,0.0,0.0,0.0,datactrl_ref_vx_fallback,datactrl_est_vx_fallback,0.10999999940395355,states_theta,0.029010750353336334,0.004044923731831852,0.0023353403435875265,0.00539692566987227,0.005389537615012668,0.005388028998303307,0.005398434286581631,0.005395821318738051,0.005390641966146887,0.0,0.0,0.0,0.0,0.0,0.0,0.0,0.0,0.0,0.0,0.0,-0.10999999940395355,0.0,0.0,0.0,0.0
181.942,0.0,0.0,0.0,datactrl_ref_vx_fallback,datactrl_est_vx_fallback,0.11999999731779099,states_theta,0.029010750353336334,0.004053141197948615,0.002340084030188588,0.005407446304006242,0.00540093022385673,0.005400287295806224,0.0054080892320567476,0.005407212662401473,0.005401163865461499,0.0,0.0,0.0,0.0,0.0,0.0,0.0,0.0,0.0,0.0,0.0,-0.11999999731779099,0.0,0.0,0.0,0.0
182.127,0.0,0.0,0.0,datactrl_ref_vx_fallback,datactrl_est_vx_fallback,0.11999999731779099,states_theta,0.029010750353336334,0.004059515668426789,0.0023437639671450208,0.005415607392929005,0.0054097677228757655,0.005409796328692365,0.0054155787871124055,0.005416049179991864,0.005409325935812906,0.0,0.0,0.0,0.0,0.0,0.0,0.0,0.0,0.0,0.0,0.0,-0.11999999731779099,0.0,0.0,0.0,0.0
182.342,0.0,0.0,0.0,datactrl_ref_vx_fallback,datactrl_est_vx_fallback,0.12999999523162842,states_theta,0.029010750353336334,0.00406473464344188,0.0023467769445112484,0.005422289127408702,0.005417003255102977,0.005417581666348309,0.00542171071616337,0.005423283908693262,0.005416008473818417,0.0,0.0,0.0,0.0,0.0,0.0,0.0,0.0,0.0,0.0,0.0,-0.12999999523162842,0.0,0.0,0.0,0.0
182.568,0.0,0.0,0.0,datactrl_ref_vx_fallback,datactrl_est_vx_fallback,0.12999999523162842,states_theta,0.029010750353336334,0.004066977845567114,0.0023480719997342977,0.005425161047841693,0.005420113207003943,0.005420927933752345,0.005424346321093291,0.005426393515225491,0.0054188807396201456,0.0,0.0,0.0,0.0,0.0,0.0,0.0,0.0,0.0,0.0,0.0,-0.12999999523162842,0.0,0.0,0.0,0.0
182.626,0.0,0.0,0.0,datactrl_ref_vx_fallback,datactrl_est_vx_fallback,0.12999999523162842,states_theta,0.029010750353336334,0.004069007578786261,0.002349243828383472,0.005427759668911107,0.005422927207852255,0.0054239557617102975,0.005426731115053064,0.005429207203571246,0.005421479673192116,0.0,0.0,0.0,0.0,0.0,0.0,0.0,0.0,0.0,0.0,0.0,-0.12999999523162842,0.0,0.0,0.0,0.0
182.686,0.0,0.0,0.0,datactrl_ref_vx_fallback,datactrl_est_vx_fallback,0.12999999523162842,states_theta,0.029010750353336334,0.0040708441573515585,0.0023503041544216665,0.005430110998489989,0.005425473421114168,0.0054266954537420045,0.005428888965862152,0.005431753134069153,0.005423831285535004,0.0,0.0,0.0,0.0,0.0,0.0,0.0,0.0,0.0,0.0,0.0,-0.12999999523162842,0.0,0.0,0.0,0.0
