time_s,vx_target,vx_actual,vx_error,vx_target_source,vx_actual_source,pitch_actual,pitch_actual_source,pitch_rate_q,pwm_mean,pwm_std,pwm_1,pwm_2,pwm_3,pwm_4,pwm_5,pwm_6,pwm_7,pwm_8,ctrl_vx_dX2Vx,ctrl_vx_var,ctrl_vx_delta,ctrl_vx_p,ctrl_vx_int,ctrl_vx_d,ctrl_ele_ffc,ctrl_theta_trim,ctrl_theta_var,ctrl_delta_theta,ctrl_theta_p,ctrl_theta_d,ctrl_ele_fbc,ctrl_ele_law_out
0.0,0.0,0.0,0.0,datactrl_ref_vx_fallback,datactrl_est_vx_fallback,0.20999999344348907,states_theta,0.013004819862544537,1.3727053197413983e-06,2.340563865121731e-06,2.5014887465545408e-06,0.0,0.0,7.12854730808449e-06,0.0,1.3516065032921547e-06,0.0,0.0,0.0,0.0,0.0,0.0,0.0,0.0,0.0,0.0,0.0,-0.20999999344348907,0.0,0.0,0.0,0.0
0.075,0.0,0.0,0.0,datactrl_ref_vx_fallback,datactrl_est_vx_fallback,0.20999999344348907,states_theta,0.013004819862544537,1.3727053197413983e-06,2.340563865121731e-06,2.5014887465545408e-06,0.0,0.0,7.12854730808449e-06,0.0,1.3516065032921547e-06,0.0,0.0,0.0,0.0,0.0,0.0,0.0,0.0,0.0,0.0,0.0,-0.20999999344348907,0.0,0.0,0.0,0.0
0.426,0.0,0.0,0.0,datactrl_ref_vx_fallback,datactrl_est_vx_fallback,0.20999999344348907,states_theta,0.013004819862544537,1.3727053197413983e-06,2.340563865121731e-06,2.5014887465545408e-06,0.0,0.0,7.12854730808449e-06,0.0,1.3516065032921547e-06,0.0,0.0,0.0,0.0,0.0,0.0,0.0,0.0,0.0,0.0,0.0,-0.20999999344348907,0.0,0.0,0.0,0.0
0.79,0.0,0.0,0.0,datactrl_ref_vx_fallback,datactrl_est_vx_fallback,0.20999999344348907,states_theta,0.013004819862544537,1.3727053197413983e-06,2.340563865121731e-06,2.5014887465545408e-06,0.0,0.0,7.12854730808449e-06,0.0,1.3516065032921547e-06,0.0,0.0,0.0,0.0,0.0,0.0,0.0,0.0,0.0,0.0,0.0,-0.20999999344348907,0.0,0.0,0.0,0.0
1.135,0.0,0.0,0.0,datactrl_ref_vx_fallback,datactrl_est_vx_fallback,0.2199999988079071,states_theta,0.013004819862544537,1.3727053197413983e-06,2.340563865121731e-06,2.5014887465545408e-06,0.0,0.0,7.12854730808449e-06,0.0,1.3516065032921547e-06,0.0,0.0,0.0,0.0,0.0,0.0,0.0,0.0,0.0,0.0,0.0,-0.2199999988079071,0.0,0.0,0.0,0.0
1.49,0.0,0.0,0.0,datactrl_ref_vx_fallback,datactrl_est_vx_fallback,0.2199999988079071,states_theta,0.013004819862544537,1.3727053197413983e-06,2.340563865121731e-06,2.5014887465545408e-06,0.0,0.0,7.12854730808449e-06,0.0,1.3516065032921547e-06,0.0,0.0,0.0,0.0,0.0,0.0,0.0,0.0,0.0,0.0,0.0,-0.2199999988079071,0.0,0.0,0.0,0.0
1.848,0.0,0.0,0.0,datactrl_ref_vx_fallback,datactrl_est_vx_fallback,0.2199999988079071,states_theta,0.013004819862544537,1.3727053197413983e-06,2.340563865121731e-06,2.5014887465545408e-06,0.0,0.0,7.12854730808449e-06,0.0,1.3516065032921547e-06,0.0,0.0,0.0,0.0,0.0,0.0,0.0,0.0,0.0,0.0,0.0,-0.2199999988079071,0.0,0.0,0.0,0.0
2.217,0.0,0.0,0.0,datactrl_ref_vx_fallback,datactrl_est_vx_fallback,0.2199999988079071,states_theta,0.013004819862544537,1.3727053197413983e-06,2.340563865121731e-06,2.5014887465545408e-06,0.0,0.0,7.12854730808449e-06,0.0,1.3516065032921547e-06,0.0,0.0,0.0,0.0,0.0,0.0,0.0,0.0,0.0,0.0,0.0,-0.2199999988079071,0.0,0.0,0.0,0.0
2.608,0.0,0.0,0.0,datactrl_ref_vx_fallback,datactrl_est_vx_fallback,0.22999998927116394,states_theta,0.013004819862544537,1.3727053197413983e-06,2.340563865121731e-06,2.5014887465545408e-06,0.0,0.0,7.12854730808449e-06,0.0,1.3516065032921547e-06,0.0,0.0,0.0,0.0,0.0,0.0,0.0,0.0,0.0,0.0,0.0,-0.22999998927116394,0.0,0.0,0.0,0.0
2.971,0.0,0.0,0.0,datactrl_ref_vx_fallback,datactrl_est_vx_fallback,0.22999998927116394,states_theta,0.013004819862544537,1.3727053197413983e-06,2.340563865121731e-06,2.5014887465545408e-06,0.0,0.0,7.12854730808449e-06,0.0,1.3516065032921547e-06,0.0,0.0,0.0,0.0,0.0,0.0,0.0,0.0,0.0,0.0,0.0,-0.22999998927116394,0.0,0.0,0.0,0.0
3.307,0.0,0.0,0.0,datactrl_ref_vx_fallback,datactrl_est_vx_fallback,0.22999998927116394,states_theta,0.013004819862544537,1.3727053197413983e-06,2.340563865121731e-06,2.5014887465545408e-06,0.0,0.0,7.12854730808449e-06,0.0,1.3516065032921547e-06,0.0,0.0,0.0,0.0,0.0,0.0,0.0,0.0,0.0,0.0,0.0,-0.22999998927116394,0.0,0.0,0.0,0.0
3.695,0.0,0.0,0.0,datactrl_ref_vx_fallback,datactrl_est_vx_fallback,0.22999998927116394,states_theta,0.013004819862544537,1.3727053197413983e-06,2.340563865121731e-06,2.5014887465545408e-06,0.0,0.0,7.12854730808449e-06,0.0,1.3516065032921547e-06,0.0,0.0,0.0,0.0,0.0,0.0,0.0,0.0,0.0,0.0,0.0,-0.22999998927116394,0.0,0.0,0.0,0.0
4.051,0.0,0.0,0.0,datactrl_ref_vx_fallback,datactrl_est_vx_fallback,0.23999999463558197,states_theta,0.013004819862544537,1.3727053197413983e-06,2.340563865121731e-06,2.5014887465545408e-06,0.0,0.0,7.12854730808449e-06,0.0,1.3516065032921547e-06,0.0,0.0,0.0,0.0,0.0,0.0,0.0,0.0,0.0,0.0,0.0,-0.23999999463558197,0.0,0.0,0.0,0.0
4.399,0.0,0.0,0.0,datactrl_ref_vx_fallback,datactrl_est_vx_fallback,0.23999999463558197,states_theta,0.013004819862544537,1.3727053197413983e-06,2.340563865121731e-06,2.5014887465545408e-06,0.0,0.0,7.12854730808449e-06,0.0,1.3516065032921547e-06,0.0,0.0,0.0,0.0,0.0,0.0,0.0,0.0,0.0,0.0,0.0,-0.23999999463558197,0.0,0.0,0.0,0.0
4.763,0.0,0.0,0.0,datactrl_ref_vx_fallback,datactrl_est_vx_fallback,0.23999999463558197,states_theta,0.013004819862544537,1.3727053197413983e-06,2.340563865121731e-06,2.5014887465545408e-06,0.0,0.0,7.12854730808449e-06,0.0,1.3516065032921547e-06,0.0,0.0,0.0,0.0,0.0,0.0,0.0,0.0,0.0,0.0,0.0,-0.23999999463558197,0.0,0.0,0.0,0.0
5.146,0.0,0.0,0.0,datactrl_ref_vx_fallback,datactrl_est_vx_fallback,0.23999999463558197,states_theta,0.013004819862544537,1.3727053197413983e-06,2.340563865121731e-06,2.5014887465545408e-06,0.0,0.0,7.12854730808449e-06,0.0,1.3516065032921547e-06,0.0,0.0,0.0,0.0,0.0,0.0,0.0,0.0,0.0,0.0,0.0,-0.23999999463558197,0.0,0.0,0.0,0.0
5.504,0.0,0.0,0.0,datactrl_ref_vx_fallback,datactrl_est_vx_fallback,0.25,states_theta,0.013004819862544537,1.3727053197413983e-06,2.340563865121731e-06,2.5014887465545408e-06,0.0,0.0,7.12854730808449e-06,0.0,1.3516065032921547e-06,0.0,0.0,0.0,0.0,0.0,0.0,0.0,0.0,0.0,0.0,0.0,-0.25,0.0,0.0,0.0,0.0
5.884,0.0,0.0,0.0,datactrl_ref_vx_fallback,datactrl_est_vx_fallback,0.25,states_theta,0.013004819862544537,1.3727053197413983e-06,2.340563865121731e-06,2.5014887465545408e-06,0.0,0.0,7.12854730808449e-06,0.0,1.3516065032921547e-06,0.0,0.0,0.0,0.0,0.0,0.0,0.0,0.0,0.0,0.0,0.0,-0.25,0.0,0.0,0.0,0.0
6.236,0.0,0.0,0.0,datactrl_ref_vx_fallback,datactrl_est_vx_fallback,0.25,states_theta,0.013004819862544537,1.3727053197413983e-06,2.340563865121731e-06,2.5014887465545408e-06,0.0,0.0,7.12854730808449e-06,0.0,1.3516065032921547e-06,0.0,0.0,0.0,0.0,0.0,0.0,0.0,0.0,0.0,0.0,0.0,-0.25,0.0,0.0,0.0,0.0
6.62,0.0,0.0,0.0,datactrl_ref_vx_fallback,datactrl_est_vx_fallback,0.25999999046325684,states_theta,0.013004819862544537,1.3727053197413983e-06,2.340563865121731e-06,2.5014887465545408e-06,0.0,0.0,7.12854730808449e-06,0.0,1.3516065032921547e-06,0.0,0.0,0.0,0.0,0.0,0.0,0.0,0.0,0.0,0.0,0.0,-0.25999999046325684,0.0,0.0,0.0,0.0
6.959,0.0,0.0,0.0,datactrl_ref_vx_fallback,datactrl_est_vx_fallback,0.25999999046325684,states_theta,0.013004819862544537,1.3727053197413983e-06,2.340563865121731e-06,2.5014887465545408e-06,0.0,0.0,7.12854730808449e-06,0.0,1.3516065032921547e-06,0.0,0.0,0.0,0.0,0.0,0.0,0.0,0.0,0.0,0.0,0.0,-0.25999999046325684,0.0,0.0,0.0,0.0
7.338,0.0,0.0,0.0,datactrl_ref_vx_fallback,datactrl_est_vx_fallback,0.25999999046325684,states_theta,0.013004819862544537,1.3727053197413983e-06,2.340563865121731e-06,2.5014887465545408e-06,0.0,0.0,7.12854730808449e-06,0.0,1.3516065032921547e-06,0.0,0.0,0.0,0.0,0.0,0.0,0.0,0.0,0.0,0.0,0.0,-0.25999999046325684,0.0,0.0,0.0,0.0
7.696,0.0,0.0,0.0,datactrl_ref_vx_fallback,datactrl_est_vx_fallback,0.25999999046325684,states_theta,0.013004819862544537,1.3727053197413983e-06,2.340563865121731e-06,2.5014887465545408e-06,0.0,0.0,7.12854730808449e-06,0.0,1.3516065032921547e-06,0.0,0.0,0.0,0.0,0.0,0.0,0.0,0.0,0.0,0.0,0.0,-0.25999999046325684,0.0,0.0,0.0,0.0
8.035,0.0,0.0,0.0,datactrl_ref_vx_fallback,datactrl_est_vx_fallback,0.26999998092651367,states_theta,0.013004819862544537,1.3727053197413983e-06,2.340563865121731e-06,2.5014887465545408e-06,0.0,0.0,7.12854730808449e-06,0.0,1.3516065032921547e-06,0.0,0.0,0.0,0.0,0.0,0.0,0.0,0.0,0.0,0.0,0.0,-0.26999998092651367,0.0,0.0,0.0,0.0
8.434,0.0,0.0,0.0,datactrl_ref_vx_fallback,datactrl_est_vx_fallback,0.26999998092651367,states_theta,0.013004819862544537,1.3727053197413983e-06,2.340563865121731e-06,2.5014887465545408e-06,0.0,0.0,7.12854730808449e-06,0.0,1.3516065032921547e-06,0.0,0.0,0.0,0.0,0.0,0.0,0.0,0.0,0.0,0.0,0.0,-0.26999998092651367,0.0,0.0,0.0,0.0
8.767,0.0,0.0,0.0,datactrl_ref_vx_fallback,datactrl_est_vx_fallback,0.26999998092651367,states_theta,0.013004819862544537,1.3727053197413983e-06,2.340563865121731e-06,2.5014887465545408e-06,0.0,0.0,7.12854730808449e-06,0.0,1.3516065032921547e-06,0.0,0.0,0.0,0.0,0.0,0.0,0.0,0.0,0.0,0.0,0.0,-0.26999998092651367,0.0,0.0,0.0,0.0
9.116,0.0,0.0,0.0,datactrl_ref_vx_fallback,datactrl_est_vx_fallback,0.26999998092651367,states_theta,0.013004819862544537,1.3727053197413983e-06,2.340563865121731e-06,2.5014887465545408e-06,0.0,0.0,7.12854730808449e-06,0.0,1.3516065032921547e-06,0.0,0.0,0.0,0.0,0.0,0.0,0.0,0.0,0.0,0.0,0.0,-0.26999998092651367,0.0,0.0,0.0,0.0
9.464,0.0,0.0,0.0,datactrl_ref_vx_fallback,datactrl_est_vx_fallback,0.2800000011920929,states_theta,0.013004819862544537,1.3727053197413983e-06,2.340563865121731e-06,2.5014887465545408e-06,0.0,0.0,7.12854730808449e-06,0.0,1.3516065032921547e-06,0.0,0.0,0.0,0.0,0.0,0.0,0.0,0.0,0.0,0.0,0.0,-0.2800000011920929,0.0,0.0,0.0,0.0
9.867,0.0,0.0,0.0,datactrl_ref_vx_fallback,datactrl_est_vx_fallback,0.2800000011920929,states_theta,0.013004819862544537,1.3727053197413983e-06,2.340563865121731e-06,2.5014887465545408e-06,0.0,0.0,7.12854730808449e-06,0.0,1.3516065032921547e-06,0.0,0.0,0.0,0.0,0.0,0.0,0.0,0.0,0.0,0.0,0.0,-0.2800000011920929,0.0,0.0,0.0,0.0
10.191,0.0,0.0,0.0,datactrl_ref_vx_fallback,datactrl_est_vx_fallback,0.2800000011920929,states_theta,0.013004819862544537,1.3727053197413983e-06,2.340563865121731e-06,2.5014887465545408e-06,0.0,0.0,7.12854730808449e-06,0.0,1.3516065032921547e-06,0.0,0.0,0.0,0.0,0.0,0.0,0.0,0.0,0.0,0.0,0.0,-0.2800000011920929,0.0,0.0,0.0,0.0
10.527,0.0,0.0,0.0,datactrl_ref_vx_fallback,datactrl_est_vx_fallback,0.2800000011920929,states_theta,0.013004819862544537,1.3727053197413983e-06,2.340563865121731e-06,2.5014887465545408e-06,0.0,0.0,7.12854730808449e-06,0.0,1.3516065032921547e-06,0.0,0.0,0.0,0.0,0.0,0.0,0.0,0.0,0.0,0.0,0.0,-0.2800000011920929,0.0,0.0,0.0,0.0
10.912,0.0,0.0,0.0,datactrl_ref_vx_fallback,datactrl_est_vx_fallback,0.28999999165534973,states_theta,0.013004819862544537,1.3727053197413983e-06,2.340563865121731e-06,2.5014887465545408e-06,0.0,0.0,7.12854730808449e-06,0.0,1.3516065032921547e-06,0.0,0.0,0.0,0.0,0.0,0.0,0.0,0.0,0.0,0.0,0.0,-0.28999999165534973,0.0,0.0,0.0,0.0
11.276,0.0,0.0,0.0,datactrl_ref_vx_fallback,datactrl_est_vx_fallback,0.28999999165534973,states_theta,0.013004819862544537,1.3727053197413983e-06,2.340563865121731e-06,2.5014887465545408e-06,0.0,0.0,7.12854730808449e-06,0.0,1.3516065032921547e-06,0.0,0.0,0.0,0.0,0.0,0.0,0.0,0.0,0.0,0.0,0.0,-0.28999999165534973,0.0,0.0,0.0,0.0
11.656,0.0,0.0,0.0,datactrl_ref_vx_fallback,datactrl_est_vx_fallback,0.28999999165534973,states_theta,0.013004819862544537,1.3727053197413983e-06,2.340563865121731e-06,2.5014887465545408e-06,0.0,0.0,7.12854730808449e-06,0.0,1.3516065032921547e-06,0.0,0.0,0.0,0.0,0.0,0.0,0.0,0.0,0.0,0.0,0.0,-0.28999999165534973,0.0,0.0,0.0,0.0
12.049,0.0,0.0,0.0,datactrl_ref_vx_fallback,datactrl_est_vx_fallback,0.28999999165534973,states_theta,0.013004819862544537,1.3727053197413983e-06,2.340563865121731e-06,2.5014887465545408e-06,0.0,0.0,7.12854730808449e-06,0.0,1.3516065032921547e-06,0.0,0.0,0.0,0.0,0.0,0.0,0.0,0.0,0.0,0.0,0.0,-0.28999999165534973,0.0,0.0,0.0,0.0
12.404,0.0,0.0,0.0,datactrl_ref_vx_fallback,datactrl_est_vx_fallback,0.29999998211860657,states_theta,0.013004819862544537,1.3727053197413983e-06,2.340563865121731e-06,2.5014887465545408e-06,0.0,0.0,7.12854730808449e-06,0.0,1.3516065032921547e-06,0.0,0.0,0.0,0.0,0.0,0.0,0.0,0.0,0.0,0.0,0.0,-0.29999998211860657,0.0,0.0,0.0,0.0
12.745,0.0,0.0,0.0,datactrl_ref_vx_fallback,datactrl_est_vx_fallback,0.29999998211860657,states_theta,0.013004819862544537,1.3727053197413983e-06,2.340563865121731e-06,2.5014887465545408e-06,0.0,0.0,7.12854730808449e-06,0.0,1.3516065032921547e-06,0.0,0.0,0.0,0.0,0.0,0.0,0.0,0.0,0.0,0.0,0.0,-0.29999998211860657,0.0,0.0,0.0,0.0
13.11,0.0,0.0,0.0,datactrl_ref_vx_fallback,datactrl_est_vx_fallback,0.29999998211860657,states_theta,0.013004819862544537,1.3727053197413983e-06,2.340563865121731e-06,2.5014887465545408e-06,0.0,0.0,7.12854730808449e-06,0.0,1.3516065032921547e-06,0.0,0.0,0.0,0.0,0.0,0.0,0.0,0.0,0.0,0.0,0.0,-0.29999998211860657,0.0,0.0,0.0,0.0
13.502,0.0,0.0,0.0,datactrl_ref_vx_fallback,datactrl_est_vx_fallback,0.29999998211860657,states_theta,0.013004819862544537,1.3727053197413983e-06,2.340563865121731e-06,2.5014887465545408e-06,0.0,0.0,7.12854730808449e-06,0.0,1.3516065032921547e-06,0.0,0.0,0.0,0.0,0.0,0.0,0.0,0.0,0.0,0.0,0.0,-0.29999998211860657,0.0,0.0,0.0,0.0
13.823,0.0,0.0,0.0,datactrl_ref_vx_fallback,datactrl_est_vx_fallback,0.3100000023841858,states_theta,0.013004819862544537,1.3727053197413983e-06,2.340563865121731e-06,2.5014887465545408e-06,0.0,0.0,7.12854730808449e-06,0.0,1.3516065032921547e-06,0.0,0.0,0.0,0.0,0.0,0.0,0.0,0.0,0.0,0.0,0.0,-0.3100000023841858,0.0,0.0,0.0,0.0
14.192,0.0,0.0,0.0,datactrl_ref_vx_fallback,datactrl_est_vx_fallback,0.3100000023841858,states_theta,0.013004819862544537,1.3727053197413983e-06,2.340563865121731e-06,2.5014887465545408e-06,0.0,0.0,7.12854730808449e-06,0.0,1.3516065032921547e-06,0.0,0.0,0.0,0.0,0.0,0.0,0.0,0.0,0.0,0.0,0.0,-0.3100000023841858,0.0,0.0,0.0,0.0
14.563,0.0,0.0,0.0,datactrl_ref_vx_fallback,datactrl_est_vx_fallback,0.3100000023841858,states_theta,0.013004819862544537,1.3727053197413983e-06,2.340563865121731e-06,2.5014887465545408e-06,0.0,0.0,7.12854730808449e-06,0.0,1.3516065032921547e-06,0.0,0.0,0.0,0.0,0.0,0.0,0.0,0.0,0.0,0.0,0.0,-0.3100000023841858,0.0,0.0,0.0,0.0
14.905,0.0,0.0,0.0,datactrl_ref_vx_fallback,datactrl_est_vx_fallback,0.3100000023841858,states_theta,0.013004819862544537,1.3727053197413983e-06,2.340563865121731e-06,2.5014887465545408e-06,0.0,0.0,7.12854730808449e-06,0.0,1.3516065032921547e-06,0.0,0.0,0.0,0.0,0.0,0.0,0.0,0.0,0.0,0.0,0.0,-0.3100000023841858,0.0,0.0,0.0,0.0
15.227,0.0,0.0,0.0,datactrl_ref_vx_fallback,datactrl_est_vx_fallback,0.3199999928474426,states_theta,0.013004819862544537,1.3727053197413983e-06,2.340563865121731e-06,2.5014887465545408e-06,0.0,0.0,7.12854730808449e-06,0.0,1.3516065032921547e-06,0.0,0.0,0.0,0.0,0.0,0.0,0.0,0.0,0.0,0.0,0.0,-0.3199999928474426,0.0,0.0,0.0,0.0
15.989,0.0,0.0,0.0,datactrl_ref_vx_fallback,datactrl_est_vx_fallback,0.3199999928474426,states_theta,0.013004819862544537,2.9168593673230336e-05,5.271495219436509e-05,0.0,6.986711328109624e-05,8.280460907006118e-06,0.0,0.0,0.00015520117519774031,0.0,0.0,0.0,0.0,0.0,0.0,0.0,0.0,0.0,0.0,0.0,-0.3199999928474426,0.0,0.0,0.0,0.0
16.334,0.0,0.0,0.0,datactrl_ref_vx_fallback,datactrl_est_vx_fallback,0.3199999928474426,states_theta,0.013004819862544537,9.348437469461571e-05,0.00016272872064864122,0.0,0.00022474954277935697,4.428727894804876e-05,0.0,0.0,0.00047883817582952,0.0,0.0,0.0,0.0,0.0,0.0,0.0,0.0,0.0,0.0,0.0,-0.3199999928474426,0.0,0.0,0.0,0.0
16.68,0.0,0.0,0.0,datactrl_ref_vx_fallback,datactrl_est_vx_fallback,0.32999998331069946,states_theta,0.013004819862544537,0.00014928374160629515,0.00026107619703229543,0.0,0.0003591520257718821,6.693793852377298e-05,0.0,0.0,0.0007681799685547061,0.0,0.0,0.0,0.0,0.0,0.0,0.0,0.0,0.0,0.0,0.0,-0.32999998331069946,0.0,0.0,0.0,0.0
17.064,0.0,0.0,0.0,datactrl_ref_vx_fallback,datactrl_est_vx_fallback,0.32999998331069946,states_theta,0.013004819862544537,0.00019496839929959424,0.0003403439526202001,0.0,0.0004691914718889269,8.922033569155949e-05,0.0,0.0,0.0010013353868162675,0.0,0.0,0.0,0.0,0.0,0.0,0.0,0.0,0.0,0.0,0.0,-0.32999998331069946,0.0,0.0,0.0,0.0
17.23,0.0,0.0,0.0,datactrl_ref_vx_fallback,datactrl_est_vx_fallback,0.32999998331069946,states_theta,0.013004819862544537,0.0002146044237934273,0.0003744148491699932,0.0,0.0005164882530916686,9.879768000494697e-05,0.0,0.0,0.0011015494572508028,0.0,0.0,0.0,0.0,0.0,0.0,0.0,0.0,0.0,0.0,0.0,-0.32999998331069946,0.0,0.0,0.0,0.0
17.29,0.0,0.0,0.0,datactrl_ref_vx_fallback,datactrl_est_vx_fallback,0.32999998331069946,states_theta,0.013004819862544537,0.0002542586169904282,0.0004387624894265998,0.0,0.0006120527193453361,0.00013152293152860923,0.0,0.0,0.00129049328504948,0.0,0.0,0.0,0.0,0.0,0.0,0.0,0.0,0.0,0.0,0.0,-0.32999998331069946,0.0,0.0,0.0,0.0
17.351,0.0,0.0,0.0,datactrl_ref_vx_fallback,datactrl_est_vx_fallback,0.3400000035762787,states_theta,0.013004819862544537,0.0002827142397744309,0.0004936535989033301,0.0,0.0006805995182426485,0.00012881984288131283,0.0,0.0,0.0014522945570714858,0.0,0.0,0.0,0.0,0.0,0.0,0.0,0.0,0.0,0.0,0.0,-0.3400000035762787,0.0,0.0,0.0,0.0
17.419,0.0,0.0,0.0,datactrl_ref_vx_fallback,datactrl_est_vx_fallback,0.3400000035762787,states_theta,0.013004819862544537,0.00030601173324547207,0.0005341763081818268,0.0,0.0007367208905244283,0.00013988495384797983,0.0,0.0,0.0015714880215913682,0.0,0.0,0.0,0.0,0.0,0.0,0.0,0.0,0.0,0.0,0.0,-0.3400000035762787,0.0,0.0,0.0,0.0
17.469,0.0,0.0,0.0,datactrl_ref_vx_fallback,datactrl_est_vx_fallback,0.3400000035762787,states_theta,0.013004819862544537,0.0003160253828062954,0.0005515936569709039,0.0,0.0007608427882556495,0.00014464092228336345,0.0,0.0,0.0016227193519113502,0.0,0.0,0.0,0.0,0.0,0.0,0.0,0.0,0.0,0.0,0.0,-0.3400000035762787,0.0,0.0,0.0,0.0
17.534,0.0,0.0,0.0,datactrl_ref_vx_fallback,datactrl_est_vx_fallback,0.3400000035762787,states_theta,0.013004819862544537,0.0003250861076200245,0.0005673535328390992,0.0,0.0007826691839168873,0.00014894430048269507,0.0,0.0,0.0016690753765606135,0.0,0.0,0.0,0.0,0.0,0.0,0.0,0.0,0.0,0.0,0.0,-0.3400000035762787,0.0,0.0,0.0,0.0
17.588,0.0,0.0,0.0,datactrl_ref_vx_fallback,datactrl_est_vx_fallback,0.3400000035762787,states_theta,0.013004819862544537,0.0003487807219036247,0.0006023289440939124,0.0,0.0008398154721034811,0.00017890931205771337,0.0,0.0,0.001771520991067803,0.0,0.0,0.0,0.0,0.0,0.0,0.0,0.0,0.0,0.0,0.0,-0.3400000035762787,0.0,0.0,0.0,0.0
17.658,0.0,0.0,0.0,datactrl_ref_vx_fallback,datactrl_est_vx_fallback,0.3499999940395355,states_theta,0.013004819862544537,0.00036190207024628626,0.0006327154120175636,0.0,0.00087142634641619,0.00016243412782850053,0.0,0.0,0.0018613560877255996,0.0,0.0,0.0,0.0,0.0,0.0,0.0,0.0,0.0,0.0,0.0,-0.3499999940395355,0.0,0.0,0.0,0.0
17.71,0.0,0.0,0.0,datactrl_ref_vx_fallback,datactrl_est_vx_fallback,0.3499999940395355,states_theta,0.013004819862544537,0.00036754184365076116,0.00064254767347756,0.0,0.0008850132251107657,0.0001650442586467344,0.0,0.0,0.0018902772654485892,0.0,0.0,0.0,0.0,0.0,0.0,0.0,0.0,0.0,0.0,0.0,-0.3499999940395355,0.0,0.0,0.0,0.0
17.764,0.0,0.0,0.0,datactrl_ref_vx_fallback,datactrl_est_vx_fallback,0.3499999940395355,states_theta,0.013004819862544537,0.0003726449216563721,0.0006514442727577139,0.0,0.0008973071413479286,0.00016740600267703984,0.0,0.0,0.0019164462292260087,0.0,0.0,0.0,0.0,0.0,0.0,0.0,0.0,0.0,0.0,0.0,-0.3499999940395355,0.0,0.0,0.0,0.0
17.819,0.0,0.0,0.0,datactrl_ref_vx_fallback,datactrl_est_vx_fallback,0.3499999940395355,states_theta,0.011997159570455551,0.00038144042448147794,0.0006664627869325414,0.0,0.0009184965440724581,0.00017241671029425651,0.0,0.0,0.001960610141485109,0.0,0.0,0.0,0.0,0.0,0.0,0.0,0.0,0.0,0.0,0.0,-0.3499999940395355,0.0,0.0,0.0,0.0
17.877,0.0,0.0,0.0,datactrl_ref_vx_fallback,datactrl_est_vx_fallback,0.3499999940395355,states_theta,0.012004307471215725,0.000397738348569186,0.0006877990955721111,0.0,0.0009578351028933531,0.00020115396175915157,0.0,0.0,0.0020229177239009834,0.0,0.0,0.0,0.0,0.0,0.0,0.0,0.0,0.0,0.0,0.0,-0.3499999940395355,0.0,0.0,0.0,0.0
17.951,0.0,0.0,0.0,datactrl_ref_vx_fallback,datactrl_est_vx_fallback,0.35999998450279236,states_theta,0.012004445306956768,0.00040378486112909275,0.0007068302378171075,0.0,0.0009724031056961034,0.0001785063405031161,0.0,0.0,0.0020793694428335226,0.0,0.0,0.0,0.0,0.0,0.0,0.0,0.0,0.0,0.0,0.0,-0.35999998450279236,0.0,0.0,0.0,0.0
18.007,0.0,0.0,0.0,datactrl_ref_vx_fallback,datactrl_est_vx_fallback,0.35999998450279236,states_theta,0.012004445306956768,0.0004063837526327486,0.0007113687593498734,0.0,0.0009786646752098012,0.0001796859310364083,0.0,0.0,0.0020927194148157796,0.0,0.0,0.0,0.0,0.0,0.0,0.0,0.0,0.0,0.0,0.0,-0.35999998450279236,0.0,0.0,0.0,0.0
18.063,0.0,0.0,0.0,datactrl_ref_vx_fallback,datactrl_est_vx_fallback,0.35999998450279236,states_theta,0.012004445306956768,0.0004087353269107164,0.000715475383624066,0.0,0.0009843303776015345,0.00018075326868891231,0.0,0.0,0.0021047989689952844,0.0,0.0,0.0,0.0,0.0,0.0,0.0,0.0,0.0,0.0,0.0,-0.35999998450279236,0.0,0.0,0.0,0.0
18.121,0.0,0.0,0.0,datactrl_ref_vx_fallback,datactrl_est_vx_fallback,0.35999998450279236,states_theta,0.012004445306956768,0.0004127884254882296,0.0007225534308817924,0.0,0.000994095601910925,0.00018259289789459865,0.0,0.0,0.002125618904100313,0.0,0.0,0.0,0.0,0.0,0.0,0.0,0.0,0.0,0.0,0.0,-0.35999998450279236,0.0,0.0,0.0,0.0
18.181,0.0,0.0,0.0,datactrl_ref_vx_fallback,datactrl_est_vx_fallback,0.35999998450279236,states_theta,0.012004445306956768,0.00042566146422763694,0.0007375589692281197,0.0,0.001025187661642348,0.00021076914291527632,0.0,0.0,0.002169334909263471,0.0,0.0,0.0,0.0,0.0,0.0,0.0,0.0,0.0,0.0,0.0,-0.35999998450279236,0.0,0.0,0.0,0.0
18.249,0.0,0.0,0.0,datactrl_ref_vx_fallback,datactrl_est_vx_fallback,0.3700000047683716,states_theta,0.012004445306956768,0.0004284460563377838,0.0007513513177013753,0.0,0.001031897187892891,0.00018533219923338572,0.0,0.0,0.0022103390635759934,0.0,0.0,0.0,0.0,0.0,0.0,0.0,0.0,0.0,0.0,0.0,-0.3700000047683716,0.0,0.0,0.0,0.0
18.317,0.0,0.0,0.0,datactrl_ref_vx_fallback,datactrl_est_vx_fallback,0.3700000047683716,states_theta,0.012004445306956768,0.00043072588753313777,0.0007553410169017205,0.0,0.0010373904833727908,0.0001863418091475643,0.0,0.0,0.002222074807744747,0.0,0.0,0.0,0.0,0.0,0.0,0.0,0.0,0.0,0.0,0.0,-0.3700000047683716,0.0,0.0,0.0,0.0
18.387,0.0,0.0,0.0,datactrl_ref_vx_fallback,datactrl_est_vx_fallback,0.3700000047683716,states_theta,0.012004445306956768,0.0004423219671504616,0.0007679702871128594,0.0,0.0010653416315663479,0.00021435964553218894,0.0,0.0,0.002258874460105156,0.0,0.0,0.0,0.0,0.0,0.0,0.0,0.0,0.0,0.0,0.0,-0.3700000047683716,0.0,0.0,0.0,0.0
18.458,0.0,0.0,0.0,datactrl_ref_vx_fallback,datactrl_est_vx_fallback,0.3700000047683716,states_theta,0.012004445306956768,0.00045095129425614755,0.0007829136225993605,0.0,0.0010862017857889076,0.00021861465783966808,0.0,0.0,0.002302793910420605,0.0,0.0,0.0,0.0,0.0,0.0,0.0,0.0,0.0,0.0,0.0,-0.3700000047683716,0.0,0.0,0.0,0.0
18.509,0.0,0.0,0.0,datactrl_ref_vx_fallback,datactrl_est_vx_fallback,0.3799999952316284,states_theta,0.012004445306956768,0.00045095129425614755,0.0007922028432126315,0.0,0.0010862017857889076,0.00019090186938603882,0.0,0.0,0.0023305066988742336,0.0,0.0,0.0,0.0,0.0,0.0,0.0,0.0,0.0,0.0,0.0,-0.3799999952316284,0.0,0.0,0.0,0.0
18.577,0.0,0.0,0.0,datactrl_ref_vx_fallback,datactrl_est_vx_fallback,0.3799999952316284,states_theta,0.012004445306956768,0.00045095129425614755,0.0007922028432126315,0.0,0.0010862017857889076,0.00019090186938603882,0.0,0.0,0.0023305066988742336,0.0,0.0,0.0,0.0,0.0,0.0,0.0,0.0,0.0,0.0,0.0,-0.3799999952316284,0.0,0.0,0.0,0.0
18.628,0.0,0.0,0.0,datactrl_ref_vx_fallback,datactrl_est_vx_fallback,0.3799999952316284,states_theta,0.012004445306956768,0.00045095129425614755,0.0007922028432126315,0.0,0.0010862017857889076,0.00019090186938603882,0.0,0.0,0.0023305066988742336,0.0,0.0,0.0,0.0,0.0,0.0,0.0,0.0,0.0,0.0,0.0,-0.3799999952316284,0.0,0.0,0.0,0.0
18.682,0.0,0.0,0.0,datactrl_ref_vx_fallback,datactrl_est_vx_fallback,0.3799999952316284,states_theta,0.012004445306956768,0.0004608794887208733,0.0008017371960441652,0.0,0.0011102017645994548,0.0002186146578396683,0.0,0.0,0.0023582194873278633,0.0,0.0,0.0,0.0,0.0,0.0,0.0,0.0,0.0,0.0,0.0,-0.3799999952316284,0.0,0.0,0.0,0.0
18.748,0.0,0.0,0.0,datactrl_ref_vx_fallback,datactrl_est_vx_fallback,0.3799999952316284,states_theta,0.012004445306956768,0.0004608794887208733,0.0008110475542070401,0.0,0.0011102017645994548,0.0001909018693860386,0.0,0.0,0.002385932275781493,0.0,0.0,0.0,0.0,0.0,0.0,0.0,0.0,0.0,0.0,0.0,-0.3799999952316284,0.0,0.0,0.0,0.0
18.817,0.0,0.0,0.0,datactrl_ref_vx_fallback,datactrl_est_vx_fallback,0.38999998569488525,states_theta,0.012004445306956768,0.0004608794887208733,0.0008110475542070401,0.0,0.0011102017645994548,0.0001909018693860386,0.0,0.0,0.002385932275781493,0.0,0.0,0.0,0.0,0.0,0.0,0.0,0.0,0.0,0.0,0.0,-0.38999998569488525,0.0,0.0,0.0,0.0
18.885,0.0,0.0,0.0,datactrl_ref_vx_fallback,datactrl_est_vx_fallback,0.38999998569488525,states_theta,0.012004445306956768,0.006649534933269024,0.004059456575233443,0.007755844813092577,0.009976248342291487,0.00905694844707807,0.008675144708305995,0.0064801143019105395,0.011251978853473526,0.0,0.0,0.0,0.0,0.0,0.0,0.0,0.0,0.0,0.0,0.0,-0.38999998569488525,0.0,0.0,0.0,0.0
18.952,0.0,0.0,0.0,datactrl_ref_vx_fallback,datactrl_est_vx_fallback,0.38999998569488525,states_theta,0.012004445306956768,0.01414953448623419,0.008279466181034301,0.01776184422795378,0.01997024773533739,0.019114660783319654,0.018617431179971517,0.016422400773576065,0.021309691189715107,0.0,0.0,0.0,0.0,0.0,0.0,0.0,0.0,0.0,0.0,0.0,-0.38999998569488525,0.0,0.0,0.0,0.0
19.003,0.0,0.0,0.0,datactrl_ref_vx_fallback,datactrl_est_vx_fallback,0.38999998569488525,states_theta,0.012004445306956768,0.01789953538030386,0.010421655680717453,0.022761845420046674,0.024970248927430286,0.02411466197541255,0.02361743237206441,0.02142240196566896,0.026309692381808,0.0,0.0,0.0,0.0,0.0,0.0,0.0,0.0,0.0,0.0,0.0,-0.38999998569488525,0.0,0.0,0.0,0.0
19.055,0.0,0.0,0.0,datactrl_ref_vx_fallback,datactrl_est_vx_fallback,0.3999999761581421,states_theta,0.012004445306956768,0.021649536274373535,0.012572909674705045,0.02776184661213957,0.029970250119523183,0.029086950379051815,0.02864514635261094,0.026394690369308225,0.03133740636235453,0.0,0.0,0.0,0.0,0.0,0.0,0.0,0.0,0.0,0.0,0.0,-0.3999999761581421,0.0,0.0,0.0,0.0
19.105,0.0,0.0,0.0,datactrl_ref_vx_fallback,datactrl_est_vx_fallback,0.3999999761581421,states_theta,0.012004445306956768,0.029149538062512872,0.016884187093523798,0.037761848996325356,0.039970252503708975,0.0390869527632376,0.03864514873679673,0.036394692753494017,0.041337408746540315,0.0,0.0,0.0,0.0,0.0,0.0,0.0,0.0,0.0,0.0,0.0,-0.3999999761581421,0.0,0.0,0.0,0.0
19.166,0.0,0.0,0.0,datactrl_ref_vx_fallback,datactrl_est_vx_fallback,0.3999999761581421,states_theta,0.012004445306956768,0.036649539850652224,0.021194837735802,0.04777448735278834,0.049957618915617584,0.04911851694506741,0.048613589323338514,0.04669557598138748,0.05103653028701844,0.0,0.0,0.0,0.0,0.0,0.0,0.0,0.0,0.0,0.0,0.0,-0.3999999761581421,0.0,0.0,0.0,0.0
19.217,0.0,0.0,0.0,datactrl_ref_vx_fallback,datactrl_est_vx_fallback,0.3100000023841858,states_theta,-1.147493600845337,0.04039954074472189,0.023330937638383818,0.05289136165319243,0.05484074699939928,0.05419770949122971,0.053534399161362,0.05419274512291842,0.05353936352967329,0.0,0.0,0.0,0.0,0.0,0.0,0.0,0.0,0.0,0.0,0.0,-0.3100000023841858,0.0,0.0,0.0,0.0
19.272,0.0,0.0,0.0,datactrl_ref_vx_fallback,datactrl_est_vx_fallback,0.17999999225139618,states_theta,-1.2417665719985962,0.04414954163879156,0.025500716062918566,0.05789055332180334,0.05984155771497416,0.05950334524685322,0.05822876578992428,0.05980358788172492,0.05792852315505258,0.0,0.0,0.0,0.0,0.0,0.0,0.0,0.0,0.0,0.0,0.0,-0.17999999225139618,0.0,0.0,0.0,0.0
19.324,0.0,0.0,0.0,datactrl_ref_vx_fallback,datactrl_est_vx_fallback,-0.05999999865889549,states_theta,-1.412182092666626,0.0516495434269309,0.029848672339941786,0.06784326348128097,0.0698888523238681,0.06998819093303162,0.06774392487211746,0.0710031640258146,0.06672895177933448,0.0,0.0,0.0,0.0,0.0,0.0,0.0,0.0,0.0,0.0,0.0,-0.07000000029802322,0.0,0.0,0.0,0.0
19.381,0.0,0.0,0.0,datactrl_ref_vx_fallback,datactrl_est_vx_fallback,-0.20999999344348907,states_theta,-1.5602264404296875,0.059149545215070244,0.03422009779871935,0.07776667442640446,0.07996544614711619,0.08087682451151738,0.07685529606200327,0.08259660347937571,0.07513551709414494,0.0,0.0,0.0,0.0,0.0,0.0,0.0,0.0,0.0,0.0,0.0,0.20999999344348907,0.0,0.0,0.0,0.0
19.431,0.0,0.0,0.0,datactrl_ref_vx_fallback,datactrl_est_vx_fallback,-0.5699999928474426,states_theta,-1.9758822917938232,0.06289954610913992,0.036417529095402704,0.08271364821226847,0.08501847474543799,0.08645941549760598,0.08127270746010047,0.08853028266500372,0.07920184029270273,0.0,0.0,0.0,0.0,0.0,0.0,0.0,0.0,0.0,0.0,0.0,0.5699999928474426,0.0,0.0,0.0,0.0
19.482,0.0,0.0,0.0,datactrl_ref_vx_fallback,datactrl_est_vx_fallback,-0.7899999618530273,states_theta,-2.2325832843780518,0.0666495470032096,0.038626960569000675,0.08764609144157182,0.09008603390032044,0.09210584127368195,0.08562628406821031,0.09463676583640972,0.08309535950548254,0.0,0.0,0.0,0.0,0.0,0.0,0.0,0.0,0.0,0.0,0.0,0.7899999618530273,0.0,0.0,0.0,0.0
19.534,0.0,0.0,0.0,datactrl_ref_vx_fallback,datactrl_est_vx_fallback,-1.2999999523162842,states_theta,-2.793804168701172,0.07414953985065223,0.0430783927400983,0.09746651066700501,0.10026559560140091,0.103692628601634,0.09403947766677193,0.10704314232712711,0.09068896394127882,0.0,0.0,0.0,0.0,0.0,0.0,0.0,0.0,0.0,0.0,0.0,1.0299999713897705,0.0,0.0,0.0,0.0
19.598,0.0,0.0,0.0,datactrl_ref_vx_fallback,datactrl_est_vx_fallback,-1.5699999332427979,states_theta,-3.0718235969543457,0.08164953269809486,0.047569741509694265,0.10732038073838479,0.11041170645653481,0.11549565919402864,0.10223642800089096,0.11965116140587127,0.09808092578904833,0.0,0.0,0.0,0.0,0.0,0.0,0.0,0.0,0.0,0.0,0.0,1.5699999332427979,0.0,0.0,0.0,0.0
19.667,0.0,0.0,0.0,datactrl_ref_vx_fallback,datactrl_est_vx_fallback,-2.240000009536743,states_theta,-3.5446882247924805,0.08914952554553748,0.05209851670447698,0.11714788135115388,0.12058418677027939,0.12756480091570627,0.110167267205727,0.1323401068563949,0.10539196126503836,0.0,0.0,0.0,0.0,0.0,0.0,0.0,0.0,0.0,0.0,0.0,2.240000009536743,0.0,0.0,0.0,0.0
19.719,0.0,0.0,0.0,datactrl_ref_vx_fallback,datactrl_est_vx_fallback,-2.990000009536743,states_theta,-3.7934772968292236,0.0928995219692588,0.054365602919132894,0.12206554007203052,0.1256665185126596,0.13351370376524038,0.11421835481944975,0.13866673297111776,0.10906532561357235,0.0,0.0,0.0,0.0,0.0,0.0,0.0,0.0,0.0,0.0,0.0,2.990000009536743,0.0,0.0,0.0,0.0
19.769,0.0,0.0,0.0,datactrl_ref_vx_fallback,datactrl_est_vx_fallback,-3.369999885559082,states_theta,-3.7657582759857178,0.09664951839298011,0.0566220956927185,0.12696656238944176,0.13076548665850518,0.13939825999446928,0.11833378905347766,0.14483072729837523,0.11290132174957171,0.0,0.0,0.0,0.0,0.0,0.0,0.0,0.0,0.0,0.0,0.0,3.369999885559082,0.0,0.0,0.0,0.0
19.82,0.0,0.0,0.0,datactrl_ref_vx_fallback,datactrl_est_vx_fallback,-4.069999694824219,states_theta,-3.315110206604004,0.10414951124042274,0.06106748616895595,0.13680541588353784,0.14092661409092277,0.1507121404249776,0.127019889549483,0.15645996629454806,0.12127206367991257,0.0,0.0,0.0,0.0,0.0,0.0,0.0,0.0,0.0,0.0,0.0,3.7300000190734863,0.0,0.0,0.0,0.0
19.877,0.0,0.0,0.0,datactrl_ref_vx_fallback,datactrl_est_vx_fallback,-4.339999675750732,states_theta,-2.918600559234619,0.11164950408786536,0.06538410621468914,0.14668153246146778,0.1510504784395065,0.16112024849023596,0.13661176241073833,0.16688186799352597,0.1308501429074483,0.0,0.0,0.0,0.0,0.0,0.0,0.0,0.0,0.0,0.0,0.0,4.339999675750732,0.0,0.0,0.0,0.0
19.927,0.0,0.0,0.0,datactrl_ref_vx_fallback,datactrl_est_vx_fallback,-4.769999980926514,states_theta,-1.5823216438293457,0.11539950051158668,0.06748799583514253,0.15167766402664828,0.15605433733758284,0.16588967624058792,0.1418423251236432,0.17156066404970194,0.13617133731452918,0.0,0.0,0.0,0.0,0.0,0.0,0.0,0.0,0.0,0.0,0.0,4.769999980926514,0.0,0.0,0.0,0.0
19.981,0.0,0.0,0.0,datactrl_ref_vx_fallback,datactrl_est_vx_fallback,-4.869999885559082,states_theta,-0.702506959438324,0.11914949693530799,0.06955909842554314,0.15667220947772048,0.16105978234976748,0.17028369800403087,0.1474482938234571,0.17589222808351312,0.14183976374397483,0.0,0.0,0.0,0.0,0.0,0.0,0.0,0.0,0.0,0.0,0.0,4.869999885559082,0.0,0.0,0.0,0.0
20.033,0.0,0.0,0.0,datactrl_ref_vx_fallback,datactrl_est_vx_fallback,-4.759999752044678,states_theta,1.3636661767959595,0.12664948978275062,0.07362395070746225,0.16676540651027638,0.17096656624372525,0.17802052979695174,0.1597114429570499,0.1832512341603029,0.15448073859369874,0.0,0.0,0.0,0.0,0.0,0.0,0.0,0.0,0.0,0.0,0.0,4.869999885559082,0.0,0.0,0.0,0.0
20.096,0.0,0.0,0.0,datactrl_ref_vx_fallback,datactrl_est_vx_fallback,-4.549999713897705,states_theta,2.448213577270508,0.13414948263019325,0.07768660478878697,0.1769855406906851,0.1807464129898302,0.18466939780704994,0.17306255587346536,0.18929863068008213,0.16843332300043318,0.0,0.0,0.0,0.0,0.0,0.0,0.0,0.0,0.0,0.0,0.0,4.549999713897705,0.0,0.0,0.0,0.0
20.164,0.0,0.0,0.0,datactrl_ref_vx_fallback,datactrl_est_vx_fallback,-3.859999895095825,states_theta,4.329607963562012,0.14164947547763587,0.08184690209677724,0.1872445292314337,0.19048740537559528,0.1908837535005571,0.18684818110647186,0.19488226223312274,0.18284967237390623,0.0,0.0,0.0,0.0,0.0,0.0,0.0,0.0,0.0,0.0,0.0,3.859999895095825,0.0,0.0,0.0,0.0
20.228,0.0,0.0,0.0,datactrl_ref_vx_fallback,datactrl_est_vx_fallback,-2.809999942779541,states_theta,5.733530044555664,0.1491494772657752,0.0861211218933116,0.19758478944344468,0.20014714993195584,0.19709552995116705,0.20063640942423347,0.20022950923592672,0.1975024301394738,0.0,0.0,0.0,0.0,0.0,0.0,0.0,0.0,0.0,0.0,0.0,2.809999942779541,0.0,0.0,0.0,0.0
20.278,0.0,0.0,0.0,datactrl_ref_vx_fallback,datactrl_est_vx_fallback,-1.5999999046325684,states_theta,6.106869697570801,0.15289947368949652,0.08829385143166961,0.20278260515366855,0.2049493246849888,0.20058965814162272,0.20714227169703464,0.20330900109575234,0.20442292874290502,0.0,0.0,0.0,0.0,0.0,0.0,0.0,0.0,0.0,0.0,0.0,1.5999999046325684,0.0,0.0,0.0,0.0
20.333,0.0,0.0,0.0,datactrl_ref_vx_fallback,datactrl_est_vx_fallback,-1.0,states_theta,5.870480060577393,0.15664947011321784,0.09047695431822964,0.2080195414091303,0.2097123788927839,0.20438526924630324,0.21334665105561096,0.206679169624503,0.2110527506774112,0.0,0.0,0.0,0.0,0.0,0.0,0.0,0.0,0.0,0.0,0.0,1.0,0.0,0.0,0.0,0.0
20.392,0.0,0.0,0.0,datactrl_ref_vx_fallback,datactrl_est_vx_fallback,0.029999999329447746,states_theta,4.634463787078857,0.16414946296066046,0.09483684874982716,0.2183180108124457,0.21941389041598217,0.21325824518045455,0.2244736560479733,0.21466634691451236,0.2230655543139155,0.0,0.0,0.0,0.0,0.0,0.0,0.0,0.0,0.0,0.0,0.0,0.44999998807907104,0.0,0.0,0.0,0.0
20.451,0.0,0.0,0.0,datactrl_ref_vx_fallback,datactrl_est_vx_fallback,0.429999977350235,states_theta,3.8170547485351562,0.1716494558081031,0.09916297779385656,0.22860487395366305,0.2291270082012785,0.22366537736071287,0.23406650479422866,0.22424464236313382,0.23348723979180772,0.0,0.0,0.0,0.0,0.0,0.0,0.0,0.0,0.0,0.0,0.0,-0.429999977350235,0.0,0.0,0.0,0.0
20.522,0.0,0.0,0.0,datactrl_ref_vx_fallback,datactrl_est_vx_fallback,0.9099999666213989,states_theta,1.833219051361084,0.17914944865554572,0.10346565242891512,0.2389155584537211,0.23881630462773412,0.23520335229676198,0.24252851078469323,0.23506487346424576,0.24266698961720945,0.0,0.0,0.0,0.0,0.0,0.0,0.0,0.0,0.0,0.0,0.0,-0.9099999666213989,0.0,0.0,0.0,0.0
20.572,0.0,0.0,0.0,datactrl_ref_vx_fallback,datactrl_est_vx_fallback,1.0499999523162842,states_theta,-0.04211766645312309,0.18289944507926703,0.10561666982986473,0.2440346937137883,0.24369715983092374,0.24118951644539247,0.24654233709931958,0.2408017060102777,0.24693014753443435,0.0,0.0,0.0,0.0,0.0,0.0,0.0,0.0,0.0,0.0,0.0,-1.0499999523162842,0.0,0.0,0.0,0.0
20.628,0.0,0.0,0.0,datactrl_ref_vx_fallback,datactrl_est_vx_fallback,0.9899999499320984,states_theta,-0.7821412086486816,0.18664944150298834,0.10777104145754397,0.24906774250375208,0.2486641015042168,0.2472268281261378,0.25050501588183105,0.24663504864357486,0.25109679536439405,0.0,0.0,0.0,0.0,0.0,0.0,0.0,0.0,0.0,0.0,0.0,-0.9899999499320984,0.0,0.0,0.0,0.0
20.678,0.0,0.0,0.0,datactrl_ref_vx_fallback,datactrl_est_vx_fallback,0.7099999785423279,states_theta,-1.6536258459091187,0.19414943435043097,0.1120929727484944,0.25911933743383875,0.2586124875006438,0.2590999429590989,0.25863188197538367,0.25812517920151057,0.259606645732972,0.0,0.0,0.0,0.0,0.0,0.0,0.0,0.0,0.0,0.0,0.0,-0.8700000047683716,0.0,0.0,0.0,0.0
20.737,0.0,0.0,0.0,datactrl_ref_vx_fallback,datactrl_est_vx_fallback,0.5299999713897705,states_theta,-1.7875208854675293,0.2016494271978736,0.11642440644952833,0.2690629378456053,0.2686688680153909,0.27020507725954884,0.2675267286014474,0.2691525017520228,0.2685793041089734,0.0,0.0,0.0,0.0,0.0,0.0,0.0,0.0,0.0,0.0,0.0,-0.5299999713897705,0.0,0.0,0.0,0.0
20.808,0.0,0.0,0.0,datactrl_ref_vx_fallback,datactrl_est_vx_fallback,0.20999999344348907,states_theta,-1.580292820930481,0.20914942004531623,0.12075573851662535,0.2789867560475881,0.2787450307399218,0.28052489593428853,0.27720689085322137,0.27948780001775697,0.2782439867697529,0.0,0.0,0.0,0.0,0.0,0.0,0.0,0.0,0.0,0.0,0.0,-0.20999999344348907,0.0,0.0,0.0,0.0
20.863,0.0,0.0,0.0,datactrl_ref_vx_fallback,datactrl_est_vx_fallback,-0.019999999552965164,states_theta,-0.9867284297943115,0.21289941646903754,0.12292039395521043,0.28395447285490594,0.2837773043958608,0.2854348902047709,0.2822968870459958,0.2844501347086204,0.28328164254214633,0.0,0.0,0.0,0.0,0.0,0.0,0.0,0.0,0.0,0.0,0.0,0.019999999552965164,0.0,0.0,0.0,0.0
20.916,0.0,0.0,0.0,datactrl_ref_vx_fallback,datactrl_est_vx_fallback,-0.09999999403953552,states_theta,-0.6748560070991516,0.21664941289275885,0.12508482858536396,0.28902641924395306,0.2887053484700705,0.29023332646477096,0.2874984412492526,0.2894468792563737,0.2882848884576499,0.0,0.0,0.0,0.0,0.0,0.0,0.0,0.0,0.0,0.0,0.0,0.09999999403953552,0.0,0.0,0.0,0.0
20.971,0.0,0.0,0.0,datactrl_ref_vx_fallback,datactrl_est_vx_fallback,-0.1599999964237213,states_theta,-0.024851055815815926,0.2278994021639228,0.13157833459308094,0.30394670509100147,0.3037850340127926,0.30459877907524097,0.3031329600285531,0.3040629418821696,0.3036687972216245,0.0,0.0,0.0,0.0,0.0,0.0,0.0,0.0,0.0,0.0,0.0,0.14999999105930328,0.0,0.0,0.0,0.0
21.034,0.0,0.0,0.0,datactrl_ref_vx_fallback,datactrl_est_vx_fallback,-0.14999999105930328,states_theta,0.1765705645084381,0.23539939501136542,0.13590799599773165,0.31405439131097085,0.3136773287193369,0.3140700111558881,0.31366170887441963,0.3137151269700215,0.31401659306028623,0.0,0.0,0.0,0.0,0.0,0.0,0.0,0.0,0.0,0.0,0.0,0.14999999105930328,0.0,0.0,0.0,0.0
21.085,0.0,0.0,0.0,datactrl_ref_vx_fallback,datactrl_est_vx_fallback,-0.08999999612569809,states_theta,0.31228768825531006,0.23914939143508673,0.13807301940700378,0.31901372505083353,0.31871798544273106,0.31889842530804596,0.3188332851855186,0.31867455787856674,0.31905715261499784,0.0,0.0,0.0,0.0,0.0,0.0,0.0,0.0,0.0,0.0,0.0,0.08999999612569809,0.0,0.0,0.0,0.0
21.143,0.0,0.0,0.0,datactrl_ref_vx_fallback,datactrl_est_vx_fallback,-0.05999999865889549,states_theta,0.24557830393314362,0.24289938785880805,0.14023804646107366,0.32391419183551384,0.3238175091213076,0.3238056217703608,0.3239260791864606,0.32373972787648625,0.32399197308033517,0.0,0.0,0.0,0.0,0.0,0.0,0.0,0.0,0.0,0.0,0.0,0.05999999865889549,0.0,0.0,0.0,0.0
21.199,0.0,0.0,0.0,datactrl_ref_vx_fallback,datactrl_est_vx_fallback,-0.019999999552965164,states_theta,0.19078309834003448,0.2503993807062507,0.1445681987169838,0.3339695743161414,0.3337621075671937,0.3336835207851939,0.33404816109814117,0.33375399696243646,0.33397768492089863,0.0,0.0,0.0,0.0,0.0,0.0,0.0,0.0,0.0,0.0,0.0,0.03999999910593033,0.0,0.0,0.0,0.0
21.256,0.0,0.0,0.0,datactrl_ref_vx_fallback,datactrl_est_vx_fallback,-0.009999999776482582,states_theta,0.12755703926086426,0.2578993735536933,0.1488982828210777,0.3439661954558265,0.34376546735402225,0.34385762211999177,0.343874040689857,0.34382267960790563,0.34390898320194313,0.0,0.0,0.0,0.0,0.0,0.0,0.0,0.0,0.0,0.0,0.0,0.009999999776482582,0.0,0.0,0.0,0.0
21.311,0.0,0.0,0.0,datactrl_ref_vx_fallback,datactrl_est_vx_fallback,0.0,datactrl_est_theta_fallback,0.008968738839030266,0.2616493699774146,0.15106334312723899,0.34896769548976064,0.34876395778334496,0.348857555647515,0.3488740976255906,0.3488469762973538,0.3488846769757518,0.0,0.0,0.0,0.0,0.0,0.0,0.0,0.0,0.0,0.0,0.0,0.0,0.0,0.0,0.0,0.0
21.378,0.0,0.0,0.0,datactrl_ref_vx_fallback,datactrl_est_vx_fallback,0.0,datactrl_est_theta_fallback,0.009002208709716797,0.2653993664011359,0.1532284121483884,0.3539976700758393,0.3537339736605231,0.3538875082214401,0.35384413551492233,0.35381694462183355,0.3539146991145289,0.0,0.0,0.0,0.0,0.0,0.0,0.0,0.0,0.0,0.0,0.0,0.0,0.0,0.0,0.0,0.0
21.437,0.0,0.0,0.0,datactrl_ref_vx_fallback,datactrl_est_vx_fallback,0.0,datactrl_est_theta_fallback,0.009003336541354656,0.27289935924857855,0.15755852733947628,0.36395024120690933,0.3637813834559668,0.36389472367576453,0.3638369009871116,0.36380970774898164,0.36392191691389447,0.0,0.0,0.0,0.0,0.0,0.0,0.0,0.0,0.0,0.0,0.0,0.0,0.0,0.0,0.0,0.0
21.501,0.0,0.0,0.0,datactrl_ref_vx_fallback,datactrl_est_vx_fallback,0.0,datactrl_est_theta_fallback,0.009003336541354656,0.2803993520960212,0.16188867246547514,0.3738781878251971,0.3738534177641927,0.373993083638714,0.3737385219506758,0.37371132871254586,0.3740202768768439,0.0,0.0,0.0,0.0,0.0,0.0,0.0,0.0,0.0,0.0,0.0,0.0,0.0,0.0,0.0,0.0
21.551,0.0,0.0,0.0,datactrl_ref_vx_fallback,datactrl_est_vx_fallback,0.0,datactrl_est_theta_fallback,-0.06369565427303314,0.2841493485197425,0.1640537155856955,0.37888521626241906,0.37884637979022756,0.3789935191869423,0.3787380768657043,0.3788619856502972,0.3788696104023494,0.0,0.0,0.0,0.0,0.0,0.0,0.0,0.0,0.0,0.0,0.0,0.0,0.0,0.0,0.0,0.0
21.605,0.0,0.0,0.0,datactrl_ref_vx_fallback,datactrl_est_vx_fallback,-0.009999999776482582,states_theta,-0.08070162683725357,0.2878993449434638,0.1662187841467496,0.3838881114849922,0.38384347503091126,0.3840108544750299,0.38372073204087354,0.3839354127061446,0.38379617380975883,0.0,0.0,0.0,0.0,0.0,0.0,0.0,0.0,0.0,0.0,0.0,0.009999999776482582,0.0,0.0,0.0,0.0
21.661,0.0,0.0,0.0,datactrl_ref_vx_fallback,datactrl_est_vx_fallback,-0.009999999776482582,states_theta,0.012030452489852905,0.29539933779090644,0.17054889810709012,0.39386711263560253,0.3938644548068146,0.39379116792816893,0.3939403995142482,0.3939623401630227,0.39376922727939445,0.0,0.0,0.0,0.0,0.0,0.0,0.0,0.0,0.0,0.0,0.0,0.009999999776482582,0.0,0.0,0.0,0.0
21.745,0.0,0.0,0.0,datactrl_ref_vx_fallback,datactrl_est_vx_fallback,-0.009999999776482582,states_theta,0.012003462761640549,0.29914933421462775,0.17271395941110146,0.39886707957970463,0.39886447832596933,0.3987912101632479,0.39894034774242604,0.3989623444866841,0.39876921341898985,0.0,0.0,0.0,0.0,0.0,0.0,0.0,0.0,0.0,0.0,0.0,0.009999999776482582,0.0,0.0,0.0,0.0
21.848,0.0,0.0,0.0,datactrl_ref_vx_fallback,datactrl_est_vx_fallback,-0.009999999776482582,states_theta,0.01200444158166647,0.30289934851974243,0.17487903104610814,0.40386709906669815,0.4038644969859484,0.4037912286028807,0.40394036744976586,0.40396236215950404,0.4037692338931425,0.0,0.0,0.0,0.0,0.0,0.0,0.0,0.0,0.0,0.0,0.0,0.009999999776482582,0.0,0.0,0.0,0.0
21.946,0.0,0.0,0.0,datactrl_ref_vx_fallback,datactrl_est_vx_fallback,-0.009999999776482582,states_theta,0.012004447169601917,0.3066493628248572,0.17704411091666378,0.4088911181462362,0.40884051605338306,0.40876353483937666,0.4089680993602426,0.40899009405989883,0.4087415401397204,0.0,0.0,0.0,0.0,0.0,0.0,0.0,0.0,0.0,0.0,0.0,0.009999999776482582,0.0,0.0,0.0,0.0
22.046,0.0,0.0,0.0,datactrl_ref_vx_fallback,datactrl_est_vx_fallback,-0.009999999776482582,states_theta,0.012004447169601917,0.310399377129972,0.17920918245874753,0.4138911372162301,0.41384053513036184,0.41376355391689573,0.4139681184296962,0.41399011312935247,0.4137415592172395,0.0,0.0,0.0,0.0,0.0,0.0,0.0,0.0,0.0,0.0,0.0,0.009999999776482582,0.0,0.0,0.0,0.0
22.147,0.0,0.0,0.0,datactrl_ref_vx_fallback,datactrl_est_vx_fallback,-0.009999999776482582,states_theta,0.012341947294771671,0.3141493914350867,0.18137426478361282,0.4189151765450523,0.41881653394851226,0.4187359223771064,0.41899578811645816,0.4190170813342287,0.4187146291593358,0.0,0.0,0.0,0.0,0.0,0.0,0.0,0.0,0.0,0.0,0.0,0.009999999776482582,0.0,0.0,0.0,0.0
22.247,0.0,0.0,0.0,datactrl_ref_vx_fallback,datactrl_est_vx_fallback,0.0,datactrl_est_theta_fallback,0.10211170464754105,0.3178994057402015,0.1835393281222825,0.4239069341750783,0.42382481446545894,0.4237093278641412,0.424022420776396,0.423801705429343,0.42393004321119426,0.0,0.0,0.0,0.0,0.0,0.0,0.0,0.0,0.0,0.0,0.0,0.0,0.0,0.0,0.0,0.0
22.347,0.0,0.0,0.0,datactrl_ref_vx_fallback,datactrl_est_vx_fallback,0.0,datactrl_est_theta_fallback,0.00835389643907547,0.32164942004531616,0.1857043987864561,0.4288708671606566,0.42886091962685324,0.4289726975458084,0.4287590892417014,0.4287332458399597,0.42899854094755013,0.0,0.0,0.0,0.0,0.0,0.0,0.0,0.0,0.0,0.0,0.0,0.0,0.0,0.0,0.0,0.0
22.448,0.0,0.0,0.0,datactrl_ref_vx_fallback,datactrl_est_vx_fallback,0.0,datactrl_est_theta_fallback,-0.011085337027907372,0.32539943435043095,0.18786948877239626,0.43384424897343676,0.43388757596104577,0.4340407788937427,0.4336910460407398,0.4337056063284799,0.43402621860600266,0.0,0.0,0.0,0.0,0.0,0.0,0.0,0.0,0.0,0.0,0.0,0.0,0.0,0.0,0.0,0.0
22.613,0.0,0.0,0.0,datactrl_ref_vx_fallback,datactrl_est_vx_fallback,0.0,datactrl_est_theta_fallback,0.0524226576089859,0.32914944865554574,0.1900345283267103,0.43886190483617893,0.4388699582452763,0.43877970805229327,0.43895215502916196,0.4388347164195492,0.43889714666190605,0.0,0.0,0.0,0.0,0.0,0.0,0.0,0.0,0.0,0.0,0.0,0.0,0.0,0.0,0.0,0.0
22.683,0.0,0.0,0.0,datactrl_ref_vx_fallback,datactrl_est_vx_fallback,0.0,datactrl_est_theta_fallback,0.0524226576089859,0.3328994629606604,0.19219961524735904,0.44387034515845136,0.44386155606997646,0.44372824779739534,0.4440036534310325,0.443979253565502,0.4437526476629258,0.0,0.0,0.0,0.0,0.0,0.0,0.0,0.0,0.0,0.0,0.0,0.0,0.0,0.0,0.0,0.0
22.798,0.0,0.0,0.0,datactrl_ref_vx_fallback,datactrl_est_vx_fallback,0.0,datactrl_est_theta_fallback,0.007659374736249447,0.3366494772657752,0.19436467647482694,0.44888453067938106,0.44884740869601947,0.448920885156858,0.4488110542185425,0.4489774446975816,0.4487544946778189,0.0,0.0,0.0,0.0,0.0,0.0,0.0,0.0,0.0,0.0,0.0,0.0,0.0,0.0,0.0,0.0
22.865,0.0,0.0,0.0,datactrl_ref_vx_fallback,datactrl_est_vx_fallback,0.0,datactrl_est_theta_fallback,-0.08413466811180115,0.3366494772657752,0.19436467647482694,0.44888453067938106,0.44884740869601947,0.448920885156858,0.4488110542185425,0.4489774446975816,0.4487544946778189,0.0,0.0,0.0,0.0,0.0,0.0,0.0,0.0,0.0,0.0,0.0,0.0,0.0,0.0,0.0,0.0
23.212,0.0,0.0,0.0,datactrl_ref_vx_fallback,datactrl_est_vx_fallback,0.0,datactrl_est_theta_fallback,-0.003009436186403036,0.3441495058760047,0.19869482386027565,0.4588480975485532,0.4588839181207926,0.45896961538804915,0.45876240028129667,0.4587601751232385,0.4589718405461073,0.0,0.0,0.0,0.0,0.0,0.0,0.0,0.0,0.0,0.0,0.0,0.0,0.0,0.0,0.0,0.0
23.551,0.0,0.0,0.0,datactrl_ref_vx_fallback,datactrl_est_vx_fallback,0.0,datactrl_est_theta_fallback,-0.003001110628247261,0.35164953448623415,0.20302497608194991,0.468824139914652,0.4689079520486391,0.4689973781870636,0.4687347137762275,0.46873247131416446,0.46899962064912665,0.0,0.0,0.0,0.0,0.0,0.0,0.0,0.0,0.0,0.0,0.0,0.0,0.0,0.0,0.0,0.0
23.914,0.0,0.0,0.0,datactrl_ref_vx_fallback,datactrl_est_vx_fallback,0.0,datactrl_est_theta_fallback,-0.0030011117924004793,0.3591495630964636,0.20735510481706385,0.4788423004921087,0.4788898677651277,0.4789440517689842,0.4787881164882522,0.47878587402820555,0.47894629422903084,0.0,0.0,0.0,0.0,0.0,0.0,0.0,0.0,0.0,0.0,0.0,0.0,0.0,0.0,0.0,0.0
24.287,0.0,0.0,0.0,datactrl_ref_vx_fallback,datactrl_est_vx_fallback,0.0,datactrl_est_theta_fallback,-0.0030011117924004793,0.3666495917066932,0.21168524363870175,0.48883392692614325,0.48889831762503855,0.4889115137938181,0.4888207307573637,0.48881848829731706,0.48891375625386474,0.0,0.0,0.0,0.0,0.0,0.0,0.0,0.0,0.0,0.0,0.0,0.0,0.0,0.0,0.0,0.0
24.645,0.0,0.0,0.0,datactrl_ref_vx_fallback,datactrl_est_vx_fallback,0.0,datactrl_est_theta_fallback,-0.0030011117924004793,0.37414962031692267,0.21601540125424934,0.4988491347413672,0.49888318610375987,0.49874356350343974,0.49898875734168735,0.4989865148816407,0.4987458059634864,0.0,0.0,0.0,0.0,0.0,0.0,0.0,0.0,0.0,0.0,0.0,0.0,0.0,0.0,0.0,0.0
24.993,0.0,0.0,0.0,datactrl_ref_vx_fallback,datactrl_est_vx_fallback,0.0,datactrl_est_theta_fallback,-0.012261779047548771,0.38164964892715214,0.2203455695010882,0.5088214208447268,0.5089109762943456,0.5090641880351158,0.5086682091039566,0.5086852145801136,0.5090471825589588,0.0,0.0,0.0,0.0,0.0,0.0,0.0,0.0,0.0,0.0,0.0,0.0,0.0,0.0,0.0,0.0
25.363,0.0,0.0,0.0,datactrl_ref_vx_fallback,datactrl_est_vx_fallback,0.0,datactrl_est_theta_fallback,0.002229589968919754,0.38914967753738167,0.22467572136992198,0.5188561723170823,0.5188763011159355,0.5186473098204138,0.5190851636126039,0.5190720493427425,0.5186604240902752,0.0,0.0,0.0,0.0,0.0,0.0,0.0,0.0,0.0,0.0,0.0,0.0,0.0,0.0,0.0,0.0
25.728,0.0,0.0,0.0,datactrl_ref_vx_fallback,datactrl_est_vx_fallback,-0.009999999776482582,states_theta,0.00977875106036663,0.3966497061476111,0.22900586344773613,0.5288196718173231,0.5289128779096398,0.5290880697750524,0.5286444799519106,0.5286711006738976,0.5290614490530654,0.0,0.0,0.0,0.0,0.0,0.0,0.0,0.0,0.0,0.0,0.0,0.009999999776482582,0.0,0.0,0.0,0.0
26.079,0.0,0.0,0.0,datactrl_ref_vx_fallback,datactrl_est_vx_fallback,0.0,datactrl_est_theta_fallback,-0.040927954018116,0.40414973475784066,0.23333599814575817,0.5388756675615575,0.5388569584593509,0.5387153589160435,0.5390172671048649,0.5390938541105411,0.5386387719103672,0.0,0.0,0.0,0.0,0.0,0.0,0.0,0.0,0.0,0.0,0.0,0.0,0.0,0.0,0.0,0.0
26.447,0.0,0.0,0.0,datactrl_ref_vx_fallback,datactrl_est_vx_fallback,-0.009999999776482582,states_theta,0.08399626612663269,0.4116497633680701,0.23766613130363995,0.5488238132613068,0.5489088890535467,0.548954758504754,0.5487779438100996,0.5486503063157336,0.5490823959991199,0.0,0.0,0.0,0.0,0.0,0.0,0.0,0.0,0.0,0.0,0.0,0.009999999776482582,0.0,0.0,0.0,0.0
26.785,0.0,0.0,0.0,datactrl_ref_vx_fallback,datactrl_est_vx_fallback,0.0,datactrl_est_theta_fallback,-0.12458832561969757,0.4191497919782996,0.24199628115858582,0.5588717532512821,0.5588610253575168,0.558853493216981,0.558879285391818,0.5591297572177533,0.5586030213910457,0.0,0.0,0.0,0.0,0.0,0.0,0.0,0.0,0.0,0.0,0.0,0.0,0.0,0.0,0.0,0.0
27.115,3.568587271729484e-05,1.784293635864742e-05,1.784293635864742e-05,datactrl_ref_vx_fallback,datactrl_est_vx_fallback,-3.4819793654605746e-05,datactrl_est_theta_fallback,0.13698875904083252,0.4266498205885291,0.2463264146730208,0.5688230892498025,0.5689097656529418,0.5687750995589753,0.568957755343769,0.5686643563972842,0.5690684985054602,0.0,0.0,0.0,1.784293635864742e-05,1.784293635864742e-05,0.0,0.0,0.0,0.0,0.0,-3.4819793654605746e-05,-3.4819793654605746e-05,0.0,0.0,0.0,0.0
27.46,3.568587271729484e-05,1.784293635864742e-05,1.784293635864742e-05,datactrl_ref_vx_fallback,datactrl_est_vx_fallback,-0.009999999776482582,states_theta,-0.12348753213882446,0.4303998348936438,0.2484914874714182,0.5738118473846862,0.5739210456650307,0.5740657776494836,0.5736671154002332,0.5739705319100917,0.5737623611396251,0.0,0.0,0.0,1.784293635864742e-05,1.784293635864742e-05,0.0,0.0,0.0,0.0,0.0,-3.4819793654605746e-05,0.009965180419385433,0.0,0.0,0.0,0.0
27.832,3.568587271729484e-05,1.784293635864742e-05,1.784293635864742e-05,datactrl_ref_vx_fallback,datactrl_est_vx_fallback,-3.4819793654605746e-05,datactrl_est_theta_fallback,0.10396386682987213,0.41933796656289135,0.24210490791505776,0.5590700561785434,0.5591645213225002,0.5590801508292661,0.5591544266717775,0.5589296686754065,0.5593049088256371,0.0,0.0,0.0,1.784293635864742e-05,1.784293635864742e-05,0.0,0.0,0.0,0.0,0.0,-3.4819793654605746e-05,-3.4819793654605746e-05,0.0,0.0,0.0,0.0
28.181,3.568587271729484e-05,1.784293635864742e-05,1.784293635864742e-05,datactrl_ref_vx_fallback,datactrl_est_vx_fallback,-3.55901283910498e-05,datactrl_est_theta_fallback,-0.03470560163259506,0.40703592549741163,0.2350023128407194,0.5427335805976083,0.5426955540621561,0.5426473170200903,0.5427818176396741,0.5428452723218753,0.5425838623378891,0.0,0.0,0.0,1.784293635864742e-05,1.784293635864742e-05,0.0,0.0,0.0,0.0,0.0,-3.55901283910498e-05,-3.55901283910498e-05,0.0,0.0,0.0,0.0
28.523,3.568587271729484e-05,1.784293635864742e-05,1.784293635864742e-05,datactrl_ref_vx_fallback,datactrl_est_vx_fallback,-3.6990735679864883e-05,datactrl_est_theta_fallback,0.016033951193094254,0.39668632546405325,0.22902695839679052,0.528919493692584,0.5289107075448914,0.5289260373833639,0.5289041638541115,0.5288621465639306,0.5289680546735448,0.0,0.0,0.0,1.784293635864742e-05,1.784293635864742e-05,0.0,0.0,0.0,0.0,0.0,-3.6990735679864883e-05,-3.6990735679864883e-05,0.0,0.0,0.0,0.0
28.877,3.568587271729484e-05,1.784293635864742e-05,1.784293635864742e-05,datactrl_ref_vx_fallback,datactrl_est_vx_fallback,-3.8391342968679965e-05,datactrl_est_theta_fallback,0.016050059348344803,0.3900300951264574,0.22518398199028272,0.5200455416077907,0.5200347120627624,0.5200501350222171,0.520030118648336,0.5199880559372541,0.5200921977332991,0.0,0.0,0.0,1.784293635864742e-05,1.784293635864742e-05,0.0,0.0,0.0,0.0,0.0,-3.8391342968679965e-05,-3.8391342968679965e-05,0.0,0.0,0.0,0.0
29.242,3.568587271729484e-05,1.784293635864742e-05,1.784293635864742e-05,datactrl_ref_vx_fallback,datactrl_est_vx_fallback,-3.9791950257495046e-05,datactrl_est_theta_fallback,-0.019013537093997,0.38666865900068814,0.22324325665619904,0.515571682646646,0.5155447413551891,0.5155321240694151,0.51558429993242,0.515615103445701,0.5155013205561341,0.0,0.0,0.0,1.784293635864742e-05,1.784293635864742e-05,0.0,0.0,0.0,0.0,0.0,-3.9791950257495046e-05,-3.9791950257495046e-05,0.0,0.0,0.0,0.0
29.596,3.568587271729484e-05,1.784293635864742e-05,1.784293635864742e-05,datactrl_ref_vx_fallback,datactrl_est_vx_fallback,-4.119255754631013e-05,datactrl_est_theta_fallback,-0.019007042050361633,0.38607985640053044,0.22290330960287655,0.5147566236665506,0.5147896600681972,0.5148005759030586,0.5147457078316892,0.5147764855917697,0.5147697981429781,0.0,0.0,0.0,1.784293635864742e-05,1.784293635864742e-05,0.0,0.0,0.0,0.0,0.0,-4.119255754631013e-05,-4.119255754631013e-05,0.0,0.0,0.0,0.0
29.918,3.568587271729484e-05,1.784293635864742e-05,1.784293635864742e-05,datactrl_ref_vx_fallback,datactrl_est_vx_fallback,-4.25931611971464e-05,datactrl_est_theta_fallback,1.842085475800559e-05,0.3870649714869352,0.22347206599022396,0.5160970217369915,0.5160762355615024,0.516062716408647,0.5161105408898469,0.5161017625605441,0.5160714947379498,0.0,0.0,0.0,1.784293635864742e-05,1.784293635864742e-05,0.0,0.0,0.0,0.0,0.0,-4.25931611971464e-05,-4.25931611971464e-05,0.0,0.0,0.0,0.0
30.266,3.568587271729484e-05,1.784293635864742e-05,1.784293635864742e-05,datactrl_ref_vx_fallback,datactrl_est_vx_fallback,-4.399376848596148e-05,datactrl_est_theta_fallback,-3.1714300074980883e-09,0.38871592630162244,0.22442524779335998,0.5183215709850928,0.5182542324859003,0.5182366080411059,0.5183391954298872,0.5183304428321193,0.5182453606388738,0.0,0.0,0.0,1.784293635864742e-05,1.784293635864742e-05,0.0,0.0,0.0,0.0,0.0,-4.399376848596148e-05,-4.399376848596148e-05,0.0,0.0,0.0,0.0
30.61,3.568587271729484e-05,1.784293635864742e-05,1.784293635864742e-05,datactrl_ref_vx_fallback,datactrl_est_vx_fallback,-4.539437577477656e-05,datactrl_est_theta_fallback,5.290728792572974e-13,0.3906933506767211,0.22556691917489688,0.5209816194910653,0.5208673156468577,0.5208455347380813,0.5210034003998417,0.5209946350781339,0.520854300059789,0.0,0.0,0.0,1.784293635864742e-05,1.784293635864742e-05,0.0,0.0,0.0,0.0,0.0,-4.539437577477656e-05,-4.539437577477656e-05,0.0,0.0,0.0,0.0
30.968,3.568587271729484e-05,1.784293635864742e-05,1.784293635864742e-05,datactrl_ref_vx_fallback,datactrl_est_vx_fallback,-4.686501415562816e-05,datactrl_est_theta_fallback,-0.002023411449044943,0.3923147534791696,0.22650304330572799,0.5230262753810431,0.5231464005634092,0.5231916597950391,0.5229810161494132,0.5229764428893376,0.5231962330551146,0.0,0.0,0.0,1.784293635864742e-05,1.784293635864742e-05,0.0,0.0,0.0,0.0,0.0,-4.686501415562816e-05,-4.686501415562816e-05,0.0,0.0,0.0,0.0
31.315,3.568587271729484e-05,1.784293635864742e-05,1.784293635864742e-05,datactrl_ref_vx_fallback,datactrl_est_vx_fallback,-4.826562144444324e-05,datactrl_est_theta_fallback,1.6263491886547854e-07,0.3908489946756021,0.22565677618936963,0.5211618890981873,0.5211020967034183,0.521072326045173,0.5211916597564327,0.5211828675407556,0.52108111826085,0.0,0.0,0.0,1.784293635864742e-05,1.784293635864742e-05,0.0,0.0,0.0,0.0,0.0,-4.826562144444324e-05,-4.826562144444324e-05,0.0,0.0,0.0,0.0
31.677,3.568587271729484e-05,1.784293635864742e-05,1.784293635864742e-05,datactrl_ref_vx_fallback,datactrl_est_vx_fallback,-4.966622873325832e-05,datactrl_est_theta_fallback,-2.433021666081725e-11,0.3902540174922988,0.22531327171279283,0.5202815218228236,0.5203958581566399,0.5204182742243096,0.5202591057551539,0.5202503006866707,0.5204270792927929,0.0,0.0,0.0,1.784293635864742e-05,1.784293635864742e-05,0.0,0.0,0.0,0.0,0.0,-4.966622873325832e-05,-4.966622873325832e-05,0.0,0.0,0.0,0.0
32.001,3.568587271729484e-05,1.784293635864742e-05,1.784293635864742e-05,datactrl_ref_vx_fallback,datactrl_est_vx_fallback,-0.009999999776482582,states_theta,-0.018995342776179314,0.3898496404318661,0.22507982565590992,0.5198635579482517,0.5197354832033912,0.5196884630869012,0.5199105780647417,0.5199971097657095,0.5196019313859335,0.0,0.0,0.0,1.784293635864742e-05,1.784293635864742e-05,0.0,0.0,0.0,0.0,0.0,-5.10668360220734e-05,0.009948932565748692,0.0,0.0,0.0,0.0
32.348,-0.0066273813135921955,-0.0033136906567960978,-0.0033136906567960978,datactrl_ref_vx_fallback,datactrl_est_vx_fallback,-0.009999999776482582,states_theta,0.002523918403312564,0.389608777483399,0.2249407787865736,0.5195553852296941,0.5194013547260365,0.5193254299502013,0.5196313100055294,0.5197104611127223,0.5192462788430083,0.0,0.0,0.0,-0.0033136906567960978,-0.0033136906567960978,0.0,0.0,0.0,0.0,0.0,0.0064750416204333305,0.016475042328238487,0.0,0.0,0.0,0.0
32.697,-0.0066273813135921955,-0.0033136906567960978,-0.0033136906567960978,datactrl_ref_vx_fallback,datactrl_est_vx_fallback,0.006735154427587986,datactrl_est_theta_fallback,0.037060610949993134,0.3898634580923477,0.22508779721005917,0.5199067883692386,0.5197290998770218,0.5196618317434861,0.5199740565027743,0.519928726944184,0.5197071613020764,0.0,0.0,0.0,-0.0033136906567960978,-0.0033136906567960978,0.0,0.0,0.0,0.0,0.0,0.006735154427587986,0.006735154427587986,0.0,0.0,0.0,0.0
33.029,-0.0066273813135921955,-0.0033136906567960978,-0.0033136906567960978,datactrl_ref_vx_fallback,datactrl_est_vx_fallback,0.006865210831165314,datactrl_est_theta_fallback,-0.009266447275876999,0.3878959072986662,0.22395182924718146,0.5171702769216875,0.5172188092080889,0.5173603317208085,0.5170287544089679,0.5170819116445401,0.5173071744852363,0.0,0.0,0.0,-0.0033136906567960978,-0.0033136906567960978,0.0,0.0,0.0,0.0,0.0,0.006865210831165314,0.006865210831165314,0.0,0.0,0.0,0.0
33.195,-0.006626480724662542,-0.003313240362331271,-0.003313240362331271,datactrl_ref_vx_fallback,datactrl_est_vx_fallback,0.007124423980712891,datactrl_est_theta_fallback,-0.019036410376429558,0.38596122129558286,0.222834862633374,0.5144916779402516,0.514738245514636,0.5148351626558922,0.5143947607989954,0.514469336545152,0.5147605869097356,0.0,0.0,0.0,-0.003313240362331271,-0.003313240362331271,0.0,0.0,0.0,0.0,0.0,0.007124423980712891,0.007124423980712891,0.0,0.0,0.0,0.0
33.55,-0.006626480724662542,-0.003313240362331271,-0.003313240362331271,datactrl_ref_vx_fallback,datactrl_est_vx_fallback,0.007384501397609711,datactrl_est_theta_fallback,0.022502567619085312,0.38315257002304115,0.22121324105376847,0.5108253468383478,0.5109148398897619,0.5108853626725411,0.5108548240555686,0.5108453083128985,0.5108948784152112,0.0,0.0,0.0,-0.003313240362331271,-0.003313240362331271,0.0,0.0,0.0,0.0,0.0,0.007384501397609711,0.007384501397609711,0.0,0.0,0.0,0.0
33.92,-0.006626480724662542,-0.003313240362331271,-0.003313240362331271,datactrl_ref_vx_fallback,datactrl_est_vx_fallback,0.007644579280167818,datactrl_est_theta_fallback,0.0370219424366951,0.38181362450694306,0.22044019960498362,0.5090878323759662,0.5090818329758819,0.5090494957132475,0.5091201696386006,0.5090827504379606,0.5090869149138876,0.0,0.0,0.0,-0.003313240362331271,-0.003313240362331271,0.0,0.0,0.0,0.0,0.0,0.007644579280167818,0.007644579280167818,0.0,0.0,0.0,0.0
34.247,-0.006626480724662542,-0.003313240362331271,-0.003313240362331271,datactrl_ref_vx_fallback,datactrl_est_vx_fallback,0.007904657162725925,datactrl_est_theta_fallback,-0.00010205322178080678,0.3812398618708763,0.2201089378041387,0.5083145295127615,0.5083251021429086,0.5083598224785745,0.5082798091770956,0.5083218540756865,0.5083177775799835,0.0,0.0,0.0,-0.003313240362331271,-0.003313240362331271,0.0,0.0,0.0,0.0,0.0,0.007904657162725925,0.007904657162725925,0.0,0.0,0.0,0.0
34.598,-0.006626480724662542,-0.003313240362331271,-0.003313240362331271,datactrl_ref_vx_fallback,datactrl_est_vx_fallback,0.009999999776482582,states_theta,0.02926095388829708,0.3804284251302199,0.21964045690846629,0.5072620391744037,0.5072137611728494,0.5071662671473696,0.5073095331998836,0.507237233054924,0.5072385672923292,0.0,0.0,0.0,-0.003313240362331271,-0.003313240362331271,0.0,0.0,0.0,0.0,0.0,0.008164734579622746,-0.0018352654296904802,0.0,0.0,0.0,0.0
34.958,-0.006626480724662542,-0.003313240362331271,-0.003313240362331271,datactrl_ref_vx_fallback,datactrl_est_vx_fallback,0.008424811996519566,datactrl_est_theta_fallback,-0.03229806572198868,0.380811039683323,0.2198613615133849,0.5077451413780013,0.5077509644441934,0.5078422732978836,0.5076538325243112,0.5077663247777588,0.5077297810444359,0.0,0.0,0.0,-0.003313240362331271,-0.003313240362331271,0.0,0.0,0.0,0.0,0.0,0.008424811996519566,0.008424811996519566,0.0,0.0,0.0,0.0
35.314,-0.006626480724662542,-0.003313240362331271,-0.003313240362331271,datactrl_ref_vx_fallback,datactrl_est_vx_fallback,0.008684889413416386,datactrl_est_theta_fallback,0.01832144893705845,0.38159812191377296,0.22031577850632247,0.5087953798047531,0.5087996119653082,0.5087945861265708,0.5088004056434905,0.5088100770205868,0.5087849147494745,0.0,0.0,0.0,-0.003313240362331271,-0.003313240362331271,0.0,0.0,0.0,0.0,0.0,0.008684889413416386,0.008684889413416386,0.0,0.0,0.0,0.0
35.655,-0.006626480724662542,-0.003313240362331271,-0.003313240362331271,datactrl_ref_vx_fallback,datactrl_est_vx_fallback,0.009999999776482582,states_theta,0.03717051446437836,0.38233488084699313,0.22074117428697204,0.5098627177373337,0.5096969645213146,0.5095987236507327,0.5099609586079157,0.5098778916930862,0.5096817905655622,0.0,0.0,0.0,-0.003313240362331271,-0.003313240362331271,0.0,0.0,0.0,0.0,0.0,0.008944966830313206,-0.001055032596923411,0.0,0.0,0.0,0.0
35.976,-0.006626480724662542,-0.003313240362331271,-0.003313240362331271,datactrl_ref_vx_fallback,datactrl_est_vx_fallback,0.009999999776482582,states_theta,-0.015854261815547943,0.38265747285530216,0.22092740278854134,0.510232684441277,0.510187243172862,0.5103045593672194,0.5101153682469196,0.5101438502232895,0.5102760773908496,0.0,0.0,0.0,-0.003313240362331271,-0.003313240362331271,0.0,0.0,0.0,0.0,0.0,0.0092050451785326,-0.000794955063611269,0.0,0.0,0.0,0.0
36.337,-0.013324333354830742,-0.006662166677415371,-0.006662166677415371,datactrl_ref_vx_fallback,datactrl_est_vx_fallback,0.009999999776482582,states_theta,-0.01800685189664364,0.3834228420559353,0.22136930179796288,0.5111838274914285,0.5112770846577323,0.511392767041371,0.5110681451077898,0.5111400053806824,0.5113209067684784,0.0,0.0,0.0,-0.006662166677415371,-0.006662166677415371,0.0,0.0,0.0,0.0,0.0,0.016158148646354675,0.006158148869872093,0.0,0.0,0.0,0.0
36.709,-0.013324333354830742,-0.006662166677415371,-0.006662166677415371,datactrl_ref_vx_fallback,datactrl_est_vx_fallback,0.009999999776482582,states_theta,-1.6119854990392923e-05,0.38393169083091006,0.22166313071311544,0.5119824285951166,0.5118354136206437,0.5116931093249865,0.5121247328907738,0.5121628102709815,0.5116550319447787,0.0,0.0,0.0,-0.006662166677415371,-0.006662166677415371,0.0,0.0,0.0,0.0,0.0,0.01668110489845276,0.006681105121970177,0.0,0.0,0.0,0.0
37.035,-0.013324333354830742,-0.006662166677415371,-0.006662166677415371,datactrl_ref_vx_fallback,datactrl_est_vx_fallback,0.009999999776482582,states_theta,0.05617339536547661,0.384331654989847,0.22189403108369612,0.5123794014302997,0.512505011875959,0.5125996117829448,0.5122848015233139,0.5122097593001746,0.512674654006084,0.0,0.0,0.0,-0.006662166677415371,-0.006662166677415371,0.0,0.0,0.0,0.0,0.0,0.017204061150550842,0.00720406137406826,0.0,0.0,0.0,0.0
37.403,-0.013324333354830742,-0.006662166677415371,-0.006662166677415371,datactrl_ref_vx_fallback,datactrl_est_vx_fallback,0.019999999552965164,states_theta,0.00412160437554121,0.3849551476540275,0.22225396997357336,0.5132365019753322,0.5133105584354078,0.5133625133939478,0.5131845470167923,0.513164995204816,0.5133820652059241,0.0,0.0,0.0,-0.006662166677415371,-0.006662166677415371,0.0,0.0,0.0,0.0,0.0,0.017727017402648926,-0.0022729819174855947,0.0,0.0,0.0,0.0
37.751,-0.013324333354830742,-0.006662166677415371,-0.006662166677415371,datactrl_ref_vx_fallback,datactrl_est_vx_fallback,0.019999999552965164,states_theta,-0.02552511915564537,0.38514544813207313,0.22236384843261076,0.5135771918629121,0.513477336489283,0.5134220110804081,0.5136325172717869,0.5136772605617678,0.5133772677904272,0.0,0.0,0.0,-0.006662166677415371,-0.006662166677415371,0.0,0.0,0.0,0.0,0.0,0.01824997365474701,-0.0017500254325568676,0.0,0.0,0.0,0.0
38.107,-0.013324333354830742,-0.006662166677415371,-0.006662166677415371,datactrl_ref_vx_fallback,datactrl_est_vx_fallback,0.009999999776482582,states_theta,-0.0023091239854693413,0.38581092120403543,0.2227480446257639,0.5144617771432838,0.5143673460674774,0.514387720581819,0.5144414026289421,0.5144963840699943,0.5143327391407668,0.0,0.0,0.0,-0.006662166677415371,-0.006662166677415371,0.0,0.0,0.0,0.0,0.0,0.018772929906845093,0.008772931061685085,0.0,0.0,0.0,0.0
38.453,-0.013360018841922283,-0.006680009420961142,-0.006680009420961142,datactrl_ref_vx_fallback,datactrl_est_vx_fallback,0.019999999552965164,states_theta,0.018874946981668472,0.385907336260151,0.2228037423829899,0.5144722274323354,0.5146140025947339,0.5146980602573273,0.514388169769742,0.5143467976391406,0.5147394323879287,0.0,0.0,0.0,-0.006680009420961142,-0.006680009420961142,0.0,0.0,0.0,0.0,0.0,0.019331546500325203,-0.0006684528198093176,0.0,0.0,0.0,0.0
38.794,-0.013360018841922283,-0.006680009420961142,-0.006680009420961142,datactrl_ref_vx_fallback,datactrl_est_vx_fallback,0.019999999552965164,states_theta,0.012788835912942886,0.38654555692734516,0.2231721822810862,0.5153982155949332,0.5153899362113207,0.5153554758520476,0.5154326759542063,0.5154068148144824,0.5153813369917715,0.0,0.0,0.0,-0.006680009420961142,-0.006680009420961142,0.0,0.0,0.0,0.0,0.0,0.019855903461575508,-0.0001440958585590124,0.0,0.0,0.0,0.0
39.143,-0.013360018841922283,-0.006680009420961142,-0.006680009420961142,datactrl_ref_vx_fallback,datactrl_est_vx_fallback,0.019999999552965164,states_theta,-0.03702761232852936,0.38662601592153195,0.22321864169115227,0.5155561833629114,0.5154465257611738,0.5154832466707303,0.5155194624533549,0.5156000622284728,0.5154026468956124,0.0,0.0,0.0,-0.006680009420961142,-0.006680009420961142,0.0,0.0,0.0,0.0,0.0,0.020380260422825813,0.0003802611317951232,0.0,0.0,0.0,0.0
39.517,-0.013360018841922283,-0.006680009420961142,-0.006680009420961142,datactrl_ref_vx_fallback,datactrl_est_vx_fallback,0.009999999776482582,states_theta,-0.031482502818107605,0.3867886738352937,0.22331255391454743,0.5157732773161251,0.515663186244658,0.5157337102031939,0.5157027533575892,0.5158310623515595,0.5156054012092236,0.0,0.0,0.0,-0.006680009420961142,-0.006680009420961142,0.0,0.0,0.0,0.0,0.0,0.02090461738407612,0.010904617607593536,0.0,0.0,0.0,0.0
39.911,-0.013360018841922283,-0.006680009420961142,-0.006680009420961142,datactrl_ref_vx_fallback,datactrl_est_vx_fallback,0.019999999552965164,states_theta,0.08603628724813461,0.38707552678968654,0.22347817281832222,0.5160455510351833,0.5161558537373141,0.5160741069073581,0.5161272978651393,0.5159596237269922,0.5162417810455052,0.0,0.0,0.0,-0.006680009420961142,-0.006680009420961142,0.0,0.0,0.0,0.0,0.0,0.021428974345326424,0.001428975141607225,0.0,0.0,0.0,0.0
40.206,-0.013395704329013824,-0.006697852164506912,-0.006697852164506912,datactrl_ref_vx_fallback,datactrl_est_vx_fallback,0.029999999329447746,states_theta,0.01902066171169281,0.3874842600606482,0.22371414601827502,0.5166360068101861,0.5166553533515423,0.5165600016882531,0.5167313584734753,0.5166502321358549,0.5166411280258735,0.0,0.0,0.0,-0.006697852164506912,-0.006697852164506912,0.0,0.0,0.0,0.0,0.0,0.021988991647958755,-0.00801100768148899,0.0,0.0,0.0,0.0
40.55,-0.006733538582921028,-0.003366769291460514,-0.003366769291460514,datactrl_ref_vx_fallback,datactrl_est_vx_fallback,0.029999999329447746,states_theta,0.009416175074875355,0.3876535154766652,0.22381186466102101,0.516876061328142,0.5168666466096319,0.5168005626287943,0.5169421453089796,0.5168467902386172,0.5168959176991567,0.0,0.0,0.0,-0.003366769291460514,-0.003366769291460514,0.0,0.0,0.0,0.0,0.0,0.015988122671842575,-0.014011876657605171,0.0,0.0,0.0,0.0
40.89,-0.006733538582921028,-0.003366769291460514,-0.003366769291460514,datactrl_ref_vx_fallback,datactrl_est_vx_fallback,0.019999999552965164,states_theta,-0.037934571504592896,0.38790431202954384,0.22395666308098092,0.5171893638481256,0.5172221348973246,0.5172868853028458,0.5171246134426044,0.5171830823082793,0.517228416437171,0.0,0.0,0.0,-0.003366769291460514,-0.003366769291460514,0.0,0.0,0.0,0.0,0.0,0.01625240221619606,-0.0037475971039384604,0.0,0.0,0.0,0.0
41.191,-0.006733538582921028,-0.003366769291460514,-0.003366769291460514,datactrl_ref_vx_fallback,datactrl_est_vx_fallback,0.019999999552965164,states_theta,-0.03801409900188446,0.3882337810690394,0.22414687938601144,0.5176360764235828,0.5176540064271888,0.5176574631631242,0.5176326196876474,0.5176923178547937,0.5175977649959779,0.0,0.0,0.0,-0.003366769291460514,-0.003366769291460514,0.0,0.0,0.0,0.0,0.0,0.016516681760549545,-0.003483317792415619,0.0,0.0,0.0,0.0
41.517,-0.006733538582921028,-0.003366769291460514,-0.003366769291460514,datactrl_ref_vx_fallback,datactrl_est_vx_fallback,0.009999999776482582,states_theta,-0.03801408410072327,0.38825405768835497,0.22415858900603483,0.5176630319565735,0.5176811218790397,0.5177111920227819,0.5176329618128312,0.5177500102636738,0.5175941435719393,0.0,0.0,0.0,-0.003366769291460514,-0.003366769291460514,0.0,0.0,0.0,0.0,0.0,0.01678096130490303,0.006780961528420448,0.0,0.0,0.0,0.0
41.863,-0.006769224070012569,-0.0033846120350062847,-0.0033846120350062847,datactrl_ref_vx_fallback,datactrl_est_vx_fallback,0.009999999776482582,states_theta,7.333172106882557e-05,0.3886023087917716,0.22435964946407802,0.5181396481957048,0.5181331752490195,0.5181209072024577,0.5181519162422665,0.5181922267480643,0.51808059669666,0.0,0.0,0.0,-0.0033846120350062847,-0.0033846120350062847,0.0,0.0,0.0,0.0,0.0,0.01708020083606243,0.007080200593918562,0.0,0.0,0.0,0.0
42.209,-0.006769224070012569,-0.0033846120350062847,-0.0033846120350062847,datactrl_ref_vx_fallback,datactrl_est_vx_fallback,0.009999999776482582,states_theta,0.0529661662876606,0.38876678513373225,0.2244546147609547,0.5184088016993207,0.5183026253239653,0.5182630210579672,0.5184484059653188,0.5183810528946134,0.5183303741286726,0.0,0.0,0.0,-0.0033846120350062847,-0.0033846120350062847,0.0,0.0,0.0,0.0,0.0,0.017345881089568138,0.007345880381762981,0.0,0.0,0.0,0.0
42.549,-0.006769224070012569,-0.0033846120350062847,-0.0033846120350062847,datactrl_ref_vx_fallback,datactrl_est_vx_fallback,0.019999999552965164,states_theta,0.017213014885783195,0.38861717904516674,0.22436823379853757,0.5181561772563268,0.5181563001974512,0.5181473559800636,0.5181651214737144,0.5181178473697456,0.5181946300840323,0.0,0.0,0.0,-0.0033846120350062847,-0.0033846120350062847,0.0,0.0,0.0,0.0,0.0,0.017611559480428696,-0.0023884393740445375,0.0,0.0,0.0,0.0
42.914,0.0032307757064700127,-0.009999999776482582,0.013230775482952595,datactrl_ref_vx_fallback,states_vx_gs,0.019999999552965164,states_theta,0.017006278038024902,0.3888645760574474,0.2245110748814535,0.5184884784989947,0.5184837243208651,0.5184202439757166,0.5185519588441432,0.5183932660762163,0.5185789367436435,0.0,0.0,0.0,-0.0033846120350062847,0.006615387741476297,0.0,0.0,0.0,0.0,0.0,-0.0022260923869907856,-0.022226091474294662,0.0,0.0,0.0,0.0
43.275,0.00989294227474602,-0.009999999776482582,0.0198929420512286,datactrl_ref_vx_fallback,states_vx_gs,0.029999999329447746,states_theta,0.017006296664476395,0.3888265487553699,0.2244891330011621,0.5184159533447895,0.518454843336197,0.5183471135645028,0.5185236831164837,0.5182666358005497,0.5186041608804368,0.0,0.0,0.0,-5.3528805437963456e-05,0.009946471080183983,0.0,0.0,0.0,0.0,0.0,-0.009402742609381676,-0.03940274193882942,0.0,0.0,0.0,0.0
43.636,0.00989294227474602,-0.009999999776482582,0.0198929420512286,datactrl_ref_vx_fallback,states_vx_gs,0.029999999329447746,states_theta,0.01599864289164543,0.3891421688591092,0.22467136132510576,0.5188148606433128,0.518897589647645,0.5187913387061319,0.5189211115848259,0.5186569808960412,0.5190554693949166,0.0,0.0,0.0,-5.3528805437963456e-05,0.009946471080183983,0.0,0.0,0.0,0.0,0.0,-0.01022254303097725,-0.040222544223070145,0.0,0.0,0.0,0.0
43.976,0.00989294227474602,-0.009999999776482582,0.0198929420512286,datactrl_ref_vx_fallback,states_vx_gs,0.019999999552965164,states_theta,-0.07888730615377426,0.3888000787763134,0.2244738335385692,0.5183946822837291,0.5184055277864399,0.5183359838568271,0.5184642262133419,0.5184443518811175,0.5183558581890515,0.0,0.0,0.0,-5.3528805437963456e-05,0.009946471080183983,0.0,0.0,0.0,0.0,0.0,-0.01100330613553524,-0.031003305688500404,0.0,0.0,0.0,0.0
44.358,0.00989294227474602,-0.009999999776482582,0.0198929420512286,datactrl_ref_vx_fallback,states_vx_gs,-0.011784068308770657,datactrl_est_theta_fallback,-0.07902929931879044,0.389240963328322,0.22472838078688395,0.5189823191200814,0.5189935830887772,0.5189715220172588,0.5190043801915998,0.5190888424546032,0.5188870597542554,0.0,0.0,0.0,-5.3528805437963456e-05,0.009946471080183983,0.0,0.0,0.0,0.0,0.0,-0.011784068308770657,-0.011784068308770657,0.0,0.0,0.0,0.0
44.734,0.016555108362808824,-0.009999999776482582,0.026555108139291406,datactrl_ref_vx_fallback,states_vx_gs,-0.019104531034827232,datactrl_est_theta_fallback,0.014246887527406216,0.3893871215451007,0.22481277641404537,0.5191890690241251,0.5191765884294767,0.5192046181001339,0.5191610393534679,0.5190095986020574,0.5193560588515443,0.0,0.0,0.0,0.0032775544095784426,0.013277553953230381,0.0,0.0,0.0,0.0,0.0,-0.019104531034827232,-0.019104531034827232,0.0,0.0,0.0,0.0
45.076,0.016555108362808824,-0.009999999776482582,0.026555108139291406,datactrl_ref_vx_fallback,states_vx_gs,-0.009999999776482582,states_theta,-0.15450556576251984,0.3895405922546653,0.22490141561830979,0.5194337027636691,0.5193412099154384,0.5193420030143072,0.5194329096648003,0.51967974316528,0.5190951695138275,0.0,0.0,0.0,0.0032775544095784426,0.013277553953230381,0.0,0.0,0.0,0.0,0.0,-0.020146772265434265,-0.010146772488951683,0.0,0.0,0.0,0.0
45.423,0.016555108362808824,-0.009999999776482582,0.026555108139291406,datactrl_ref_vx_fallback,states_vx_gs,-0.019999999552965164,states_theta,0.0456056222319603,0.38934182594516925,0.22478662821258774,0.5192160475237416,0.5190288216633764,0.518961569208043,0.519283299979075,0.5191633970845494,0.5190814721025686,0.0,0.0,0.0,0.0032775544095784426,0.013277553953230381,0.0,0.0,0.0,0.0,0.0,-0.021189013496041298,-0.0011890135938301682,0.0,0.0,0.0,0.0
45.822,0.016555108362808824,-0.009999999776482582,0.026555108139291406,datactrl_ref_vx_fallback,states_vx_gs,-0.029999999329447746,states_theta,-0.13912273943424225,0.38956607058958,0.22491614356403086,0.5193699636222273,0.5194728912833193,0.5197655987112954,0.5190772561942513,0.5193903199867921,0.5194525349187545,0.0,0.0,0.0,0.0032775544095784426,0.013277553953230381,0.0,0.0,0.0,0.0,0.0,-0.02223125472664833,0.00776874553412199,0.0,0.0,0.0,0.0
46.163,0.023217274341732264,-0.009999999776482582,0.033217274118214846,datactrl_ref_vx_fallback,states_vx_gs,-0.04999999701976776,states_theta,-0.039027247577905655,0.3894073378882077,0.22482447872743747,0.519099218029213,0.5193203496726743,0.5194672736837024,0.5189522940181849,0.519128055438791,0.5192915122630962,0.0,0.0,0.0,0.006608637515455484,0.01660863682627678,0.0,0.0,0.0,0.0,0.0,-0.029813194647431374,0.020186802372336388,0.0,0.0,0.0,0.0
46.529,0.023217274341732264,-0.009999999776482582,0.033217274118214846,datactrl_ref_vx_fallback,states_vx_gs,-0.019999999552965164,states_theta,0.16507214307785034,0.3896599489943762,0.22497033248978743,0.5194525468391763,0.5196406504791603,0.5192952136924613,0.5197979836258753,0.5193768094295719,0.5197163878887647,0.0,0.0,0.0,0.006608637515455484,0.01660863682627678,0.0,0.0,0.0,0.0,0.0,-0.031116914004087448,-0.011116914451122284,0.0,0.0,0.0,0.0
46.901,0.013217275030910969,0.006608637515455484,0.006608637515455484,datactrl_ref_vx_fallback,datactrl_est_vx_fallback,-0.012199555523693562,datactrl_est_theta_fallback,0.16411282122135162,0.3895691913033763,0.22491793578977506,0.5193269923741907,0.5195241844348127,0.5191651440078229,0.5196860328011805,0.5192600884030658,0.5195910884059376,0.0,0.0,0.0,0.006608637515455484,0.006608637515455484,0.0,0.0,0.0,0.0,0.0,-0.012199555523693562,-0.012199555523693562,0.0,0.0,0.0,0.0
47.269,0.02321996772661805,-0.009999999776482582,0.033219967503100634,datactrl_ref_vx_fallback,states_vx_gs,0.029999999329447746,states_theta,0.00010640639811754227,0.3898619818761971,0.2250869846482446,0.5197790219932652,0.5198529296765937,0.5194787711809272,0.5201531804889317,0.5197842004305944,0.5198477512392645,0.0,0.0,0.0,0.006609984207898378,0.016609983518719673,0.0,0.0,0.0,0.0,0.0,-0.03262804448604584,-0.06262804567813873,0.0,0.0,0.0,0.0
47.628,0.02321996772661805,-0.009999999776482582,0.033219967503100634,datactrl_ref_vx_fallback,states_vx_gs,-0.009999999776482582,states_theta,-0.2895936369895935,0.3897863112797664,0.22504328930446568,0.5196716177612335,0.5197585456514768,0.5198949145792044,0.5195352488335059,0.519978520759089,0.5194516426536213,0.0,0.0,0.0,0.006609984207898378,0.016609983518719673,0.0,0.0,0.0,0.0,0.0,-0.03393187001347542,-0.023931870236992836,0.0,0.0,0.0,0.0
47.957,0.019882142543792725,0.009941071271896362,0.009941071271896362,datactrl_ref_vx_fallback,datactrl_est_vx_fallback,-0.05999999865889549,states_theta,-0.2560735046863556,0.3897145028084471,0.22500191768298455,0.5195737385839405,0.5196649355719185,0.5199660801867383,0.5192725939691207,0.5199907332220892,0.5192479409337698,0.0,0.0,0.0,0.009941071271896362,0.009941071271896362,0.0,0.0,0.0,0.0,0.0,-0.021986056119203568,0.038013942539691925,0.0,0.0,0.0,0.0
48.327,0.019882142543792725,0.009941071271896362,0.009941071271896362,datactrl_ref_vx_fallback,datactrl_est_vx_fallback,-0.05999999865889549,states_theta,0.24198809266090393,0.38969269930140515,0.22498921738103525,0.5195413075128816,0.519639223957532,0.5194888713309395,0.5196916601394742,0.5193760506493555,0.5198044808210581,0.0,0.0,0.0,0.009941071271896362,0.009941071271896362,0.0,0.0,0.0,0.0,0.0,-0.022766394540667534,0.03723360225558281,0.0,0.0,0.0,0.0
48.693,0.019915128126740456,0.009957564063370228,0.009957564063370228,datactrl_ref_vx_fallback,datactrl_est_vx_fallback,-0.0235797967761755,datactrl_est_theta_fallback,0.22333422303199768,0.390035572298527,0.22518725046223834,0.5200398771696461,0.5200549822930925,0.5197967853520301,0.5202980741107085,0.5196850408894834,0.5204098185732552,0.0,0.0,0.0,0.009957564063370228,0.009957564063370228,0.0,0.0,0.0,0.0,0.0,-0.0235797967761755,-0.0235797967761755,0.0,0.0,0.0,0.0
49.03,0.019915128126740456,0.009957564063370228,0.009957564063370228,datactrl_ref_vx_fallback,datactrl_est_vx_fallback,-0.029999999329447746,states_theta,-0.21495579183101654,0.3900247004088558,0.22518094929560833,0.5199810123704365,0.5200848553865123,0.5204081799219127,0.5196576878350361,0.5201163518558003,0.5199495159011485,0.0,0.0,0.0,0.009957564063370228,0.009957564063370228,0.0,0.0,0.0,0.0,0.0,-0.02436142973601818,0.005638570059090853,0.0,0.0,0.0,0.0
49.398,0.019915128126740456,0.009957564063370228,0.009957564063370228,datactrl_ref_vx_fallback,datactrl_est_vx_fallback,-0.009999999776482582,states_theta,0.18963907659053802,0.3899748309382577,0.22515216470336127,0.5198537431716717,0.5200791393303488,0.5198356410117003,0.5200972414903201,0.5196000364909733,0.5203328460110471,0.0,0.0,0.0,0.009957564063370228,0.009957564063370228,0.0,0.0,0.0,0.0,0.0,-0.025143062695860863,-0.01514306291937828,0.0,0.0,0.0,0.0
49.775,0.019915128126740456,0.009957564063370228,0.009957564063370228,datactrl_ref_vx_fallback,datactrl_est_vx_fallback,-0.03999999910593033,states_theta,-0.20453211665153503,0.38995894450137975,0.22514297884735482,0.5200894408528559,0.5198010778174901,0.5201589027557777,0.5197316159145683,0.5202149561657358,0.5196755625046102,0.0,0.0,0.0,0.009957564063370228,0.009957564063370228,0.0,0.0,0.0,0.0,0.0,-0.025924695655703545,0.01407530251890421,0.0,0.0,0.0,0.0
50.139,0.019950812682509422,0.009975406341254711,0.009975406341254711,datactrl_ref_vx_fallback,datactrl_est_vx_fallback,-0.009999999776482582,states_theta,0.11287924647331238,0.3899609774939593,0.22514411581666904,0.5198789865545543,0.5200169534293371,0.5197113421320223,0.5201845978518691,0.5198376433810719,0.5200582966028195,0.0,0.0,0.0,0.009975406341254711,0.009975406341254711,0.0,0.0,0.0,0.0,0.0,-0.026742057874798775,-0.016742058098316193,0.0,0.0,0.0,0.0
50.519,0.019950812682509422,0.009975406341254711,0.009975406341254711,datactrl_ref_vx_fallback,datactrl_est_vx_fallback,-0.04999999701976776,states_theta,-0.19422568380832672,0.38995381206983337,0.22514003462323418,0.5199090647672321,0.5199677674189903,0.5203395085258797,0.5195373236603427,0.5200462442177973,0.5198305879684251,0.0,0.0,0.0,0.009975406341254711,0.009975406341254711,0.0,0.0,0.0,0.0,0.0,-0.02752509154379368,0.022474905475974083,0.0,0.0,0.0,0.0
50.852,0.019986499100923538,0.009993249550461769,0.009993249550461769,datactrl_ref_vx_fallback,datactrl_est_vx_fallback,-0.019999999552965164,states_theta,0.19172805547714233,0.3899644996815502,0.22514620670500324,0.5199879530389396,0.5199173794451942,0.5195370122170527,0.5203683202670811,0.5199056342749658,0.519999698209168,0.0,0.0,0.0,0.009993249550461769,0.009993249550461769,0.0,0.0,0.0,0.0,0.0,-0.02834315598011017,-0.008343157358467579,0.0,0.0,0.0,0.0
51.187,0.019986499100923538,0.009993249550461769,0.009993249550461769,datactrl_ref_vx_fallback,datactrl_est_vx_fallback,-0.029999999329447746,states_theta,-0.06555984914302826,0.3899661092663974,0.2251471314071372,0.5197782738929877,0.5201313508174055,0.5202702983953763,0.5196393263150169,0.5197617898568164,0.5201478348535767,0.0,0.0,0.0,0.009993249550461769,0.009993249550461769,0.0,0.0,0.0,0.0,0.0,-0.029127590358257294,0.0008724080980755389,0.0,0.0,0.0,0.0
51.546,0.019986499100923538,0.009993249550461769,0.009993249550461769,datactrl_ref_vx_fallback,datactrl_est_vx_fallback,-0.029999999329447746,states_theta,-0.0090129803866148,0.3899856922523362,0.22515851640553294,0.520188854615133,0.5197729913910969,0.5196161473283057,0.5203456986779241,0.5203463372007892,0.5196155088054407,0.0,0.0,0.0,0.009993249550461769,0.009993249550461769,0.0,0.0,0.0,0.0,0.0,-0.029912026599049568,8.79735525813885e-05,0.0,0.0,0.0,0.0
51.928,0.020022185519337654,0.010011092759668827,0.010011092759668827,datactrl_ref_vx_fallback,datactrl_est_vx_fallback,-0.029999999329447746,states_theta,-0.009003335610032082,0.3899961578376942,0.22516469826654276,0.5196967160054643,0.5202930382283869,0.5204788524946581,0.5195109017391931,0.5195069439725165,0.5204828102613347,0.0,0.0,0.0,0.010011092759668827,0.010011092759668827,0.0,0.0,0.0,0.0,0.0,-0.03073148988187313,-0.0007314914255402982,0.0,0.0,0.0,0.0
52.278,0.020022185519337654,0.010011092759668827,0.010011092759668827,datactrl_ref_vx_fallback,datactrl_est_vx_fallback,-0.03999999910593033,states_theta,-0.03445672616362572,0.3899975059732975,0.22516538774955103,0.5202433146891066,0.5197500345730202,0.51963725025735,0.5203560990047768,0.5204561568407663,0.5195371924213604,0.0,0.0,0.0,0.010011092759668827,0.010011092759668827,0.0,0.0,0.0,0.0,0.0,-0.03151732683181763,0.008482673205435276,0.0,0.0,0.0,0.0
52.609,0.020022185519337654,0.010011092759668827,0.010011092759668827,datactrl_ref_vx_fallback,datactrl_est_vx_fallback,-0.03999999910593033,states_theta,0.020971210673451424,0.39004386552355536,0.2251920993514382,0.5198398873568012,0.5202770873726797,0.5204067960831503,0.5197101786463306,0.5196915728940338,0.5204254018354472,0.0,0.0,0.0,0.010011092759668827,0.010011092759668827,0.0,0.0,0.0,0.0,0.0,-0.032303161919116974,0.007696838118135929,0.0,0.0,0.0,0.0
52.971,0.020059630274772644,0.010029815137386322,0.010029815137386322,datactrl_ref_vx_fallback,datactrl_est_vx_fallback,-0.03999999910593033,states_theta,0.009665952995419502,0.3900541359649946,0.22519793190934798,0.5201783678181461,0.5199659947551728,0.5198303087113227,0.5203140538619961,0.5203151954203293,0.5198291671529895,0.0,0.0,0.0,0.010029815137386322,0.010029815137386322,0.0,0.0,0.0,0.0,0.0,-0.033125754445791245,0.006874246522784233,0.0,0.0,0.0,0.0
53.332,0.010057870298624039,0.009999999776482582,5.7870522141456604e-05,datactrl_ref_vx_fallback,states_vx_gs,-0.03999999910593033,states_theta,0.01000376045703888,0.3897046481321095,0.2249961315985181,0.5194855838838414,0.5197268111351173,0.5198412754852233,0.5193711195337354,0.519476736340482,0.5197356586784767,0.0,0.0,0.0,0.01002893503755331,2.8935261070728302e-05,0.0,0.0,0.0,0.0,0.0,-0.014318189583718777,0.025681808590888977,0.0,0.0,0.0,0.0
53.707,0.0033957045525312424,0.009999999776482582,-0.00660429522395134,datactrl_ref_vx_fallback,states_vx_gs,-0.029999999329447746,states_theta,0.04899343103170395,0.38973434519802097,0.2250132307202657,0.5196633161761982,0.5196282710185244,0.51961368792225,0.5196778992724725,0.5196852435322626,0.51960634366246,0.0,0.0,0.0,0.006697852164506912,-0.00330214761197567,0.0,0.0,0.0,0.0,0.0,-0.007780760992318392,0.022219238802790642,0.0,0.0,0.0,0.0
54.127,0.0033957045525312424,0.009999999776482582,-0.00660429522395134,datactrl_ref_vx_fallback,states_vx_gs,-0.019999999552965164,states_theta,0.049018170684576035,0.38978111832695544,0.2250402390995695,0.5197469650254785,0.5196693505130694,0.5196248554016288,0.519791460136919,0.5197465208849944,0.5196697946535535,0.0,0.0,0.0,0.006697852164506912,-0.00330214761197567,0.0,0.0,0.0,0.0,0.0,-0.007521554362028837,0.012478445656597614,0.0,0.0,0.0,0.0
54.479,0.003431391902267933,0.009999999776482582,-0.006568607874214649,datactrl_ref_vx_fallback,states_vx_gs,-0.009999999776482582,states_theta,0.050016459077596664,0.3901929418055138,0.22527803847110267,0.5203791142270358,0.5201353972543343,0.5200497459893192,0.5204647654920509,0.5203642447188657,0.5201502667625044,0.0,0.0,0.0,0.0067156958393752575,-0.0032843039371073246,0.0,0.0,0.0,0.0,0.0,-0.007297378499060869,0.0027026210445910692,0.0,0.0,0.0,0.0
54.852,0.003431391902267933,0.009999999776482582,-0.006568607874214649,datactrl_ref_vx_fallback,states_vx_gs,-0.007039572577923536,datactrl_est_theta_fallback,0.02253590151667595,0.39021978875796104,0.22529354197397491,0.520433826457027,0.5201522768975357,0.5200846140058004,0.5205014893487623,0.5204036824671419,0.5201824208874208,0.0,0.0,0.0,0.0067156958393752575,-0.0032843039371073246,0.0,0.0,0.0,0.0,0.0,-0.007039572577923536,-0.007039572577923536,0.0,0.0,0.0,0.0
55.227,0.003431391902267933,0.009999999776482582,-0.006568607874214649,datactrl_ref_vx_fallback,states_vx_gs,-0.009999999776482582,states_theta,-0.044005703181028366,0.3898888574187801,0.22510245881061589,0.5200210768145147,0.5196825429688988,0.5198441730606181,0.5198594467227954,0.5199564758618967,0.5197471439215168,0.0,0.0,0.0,0.0067156958393752575,-0.0032843039371073246,0.0,0.0,0.0,0.0,0.0,-0.006781766191124916,0.003218233585357666,0.0,0.0,0.0,0.0
55.601,-0.0032281074672937393,0.009999999776482582,-0.013228107243776321,datactrl_ref_vx_fallback,states_vx_gs,-0.019999999552965164,states_theta,-0.042518701404333115,0.38993875950096113,0.22513126025370517,0.5199830539892526,0.5198536380133104,0.5200279465015748,0.5198087455009882,0.5199976729294254,0.5198390190731376,0.0,0.0,0.0,0.0033859461545944214,-0.006614053621888161,0.0,0.0,0.0,0.0,0.0,0.00014380917127709836,0.02014380879700184,0.0,0.0,0.0,0.0
55.955,-0.0032281074672937393,0.009999999776482582,-0.013228107243776321,datactrl_ref_vx_fallback,states_vx_gs,0.0006629888666793704,datactrl_est_theta_fallback,0.12786507606506348,0.3899791139503614,0.22515457649369208,0.5200497800906524,0.519894523776978,0.5197612968329488,0.5201830070346816,0.5199114213887193,0.5200328824789111,0.0,0.0,0.0,0.0033859461545944214,-0.006614053621888161,0.0,0.0,0.0,0.0,0.0,0.0006629888666793704,0.0006629888666793704,0.0,0.0,0.0,0.0
56.309,-0.0032281074672937393,0.009999999776482582,-0.013228107243776321,datactrl_ref_vx_fallback,states_vx_gs,-0.019999999552965164,states_theta,-0.22192972898483276,0.39003381154014183,0.22518623507604563,0.5198612465169893,0.5202289175900555,0.520325914743009,0.5197642493640358,0.5203343610731965,0.5197558030338483,0.0,0.0,0.0,0.0033859461545944214,-0.006614053621888161,0.0,0.0,0.0,0.0,0.0,0.0011821686057373881,0.021182168275117874,0.0,0.0,0.0,0.0
56.68,-0.00989294227474602,0.009999999776482582,-0.0198929420512286,datactrl_ref_vx_fallback,states_vx_gs,0.008243720047175884,datactrl_est_theta_fallback,0.29966193437576294,0.39006560206028523,0.2252045846795089,0.5202200661582739,0.5199548726691534,0.519788228355897,0.5203867104715303,0.519803154970484,0.5203717838569433,0.0,0.0,0.0,5.3528805437963456e-05,-0.009946471080183983,0.0,0.0,0.0,0.0,0.0,0.008243720047175884,0.008243720047175884,0.0,0.0,0.0,0.0
57.426,-0.00989294227474602,0.009999999776482582,-0.0198929420512286,datactrl_ref_vx_fallback,states_vx_gs,0.009844283573329449,datactrl_est_theta_fallback,0.09248023480176926,0.3901748080842384,0.22526755298333098,0.520350549644776,0.5201156052465263,0.5200706748523957,0.5203954800389067,0.5202526386782139,0.5202135162130884,0.0,0.0,0.0,5.3528805437963456e-05,-0.009946471080183983,0.0,0.0,0.0,0.0,0.0,0.009844283573329449,0.009844283573329449,0.0,0.0,0.0,0.0
57.824,-0.00989294227474602,0.009999999776482582,-0.0198929420512286,datactrl_ref_vx_fallback,states_vx_gs,0.009999999776482582,states_theta,0.0360192209482193,0.38984131143922934,0.2250750172378942,0.5199056874906487,0.5196711430139629,0.5198905297574631,0.5196863007471485,0.5196098500657876,0.519966980438824,0.0,0.0,0.0,5.3528805437963456e-05,-0.009946471080183983,0.0,0.0,0.0,0.0,0.0,0.01062504667788744,0.0006250465521588922,0.0,0.0,0.0,0.0
58.201,-0.016552423825487494,0.009999999776482582,-0.026552423601970077,datactrl_ref_vx_fallback,states_vx_gs,0.019999999552965164,states_theta,0.03701452165842056,0.39026144752451986,0.2253175885291158,0.5204743856160617,0.520222807782658,0.5204535028975301,0.5202436905011896,0.5201500799569745,0.5205471134417452,0.0,0.0,0.0,-0.0032762119080871344,-0.01327621191740036,0.0,0.0,0.0,0.0,0.0,0.01795588992536068,-0.0020441096276044846,0.0,0.0,0.0,0.0
58.551,-0.016552423825487494,0.009999999776482582,-0.026552423601970077,datactrl_ref_vx_fallback,states_vx_gs,0.019999999552965164,states_theta,-0.05441626161336899,0.3899440069259509,0.22513428923228607,0.5200208093750747,0.5198298757607944,0.5199169867193462,0.5199336984165229,0.5200357304612625,0.5198149546746066,0.0,0.0,0.0,-0.0032762119080871344,-0.01327621191740036,0.0,0.0,0.0,0.0,0.0,0.018998024985194206,-0.0010019741021096706,0.0,0.0,0.0,0.0
58.938,-0.01658900221809745,0.009999999776482582,-0.02658900199458003,datactrl_ref_vx_fallback,states_vx_gs,0.029999999329447746,states_theta,0.11441779136657715,0.3899948543961428,0.2251636914140169,0.519846857355343,0.520139421034371,0.5199802735647744,0.5200060048249396,0.5197075633659355,0.5202787150237785,0.0,0.0,0.0,-0.0032945009879767895,-0.013294501230120659,0.0,0.0,0.0,0.0,0.0,0.02007608488202095,-0.009923913516104221,0.0,0.0,0.0,0.0
59.315,-0.01658900221809745,0.009999999776482582,-0.02658900199458003,datactrl_ref_vx_fallback,states_vx_gs,0.009999999776482582,states_theta,-0.279121458530426,0.3900193898261798,0.22517795021554446,0.5202315187614409,0.5198201874417051,0.5202278193138912,0.5198238868892548,0.5204594933536593,0.5195922128494868,0.0,0.0,0.0,-0.0032945009879767895,-0.013294501230120659,0.0,0.0,0.0,0.0,0.0,0.021119656041264534,0.011119657196104527,0.0,0.0,0.0,0.0
59.684,-0.023251159582287073,0.009999999776482582,-0.033251159358769655,datactrl_ref_vx_fallback,states_vx_gs,0.029999999329447746,states_theta,0.32158711552619934,0.3900745138021067,0.22520980099555313,0.5198397424203959,0.5203589610518887,0.5198529521080976,0.520345751364187,0.5196657726932684,0.5205329307790162,0.0,0.0,0.0,-0.006625580135732889,-0.016625579446554184,0.0,0.0,0.0,0.0,0.0,0.028715994209051132,-0.001284005120396614,0.0,0.0,0.0,0.0
60.052,-0.013252961449325085,-0.006626480724662542,-0.006626480724662542,datactrl_ref_vx_fallback,datactrl_est_vx_fallback,0.029999999329447746,states_theta,-0.202536940574646,0.3901332557600952,0.2252436280321403,0.5203641031122728,0.5199912455813145,0.5201352139178179,0.5202201347757693,0.5205264595570478,0.5198288891365395,0.0,0.0,0.0,-0.006626480724662542,-0.006626480724662542,0.0,0.0,0.0,0.0,0.0,0.01035124808549881,-0.019648751243948936,0.0,0.0,0.0,0.0
60.415,-0.013252961449325085,-0.006626480724662542,-0.006626480724662542,datactrl_ref_vx_fallback,datactrl_est_vx_fallback,0.019999999552965164,states_theta,0.08408579230308533,0.3901685906332699,0.22526399041330042,0.5201118833279228,0.5203376916941302,0.5202665323753978,0.5201830426466553,0.5199511782344156,0.5204983967876374,0.0,0.0,0.0,-0.006626480724662542,-0.006626480724662542,0.0,0.0,0.0,0.0,0.0,0.01087140291929245,-0.009128596633672714,0.0,0.0,0.0,0.0
60.79,-0.0132886478677392,-0.0066443239338696,-0.0066443239338696,datactrl_ref_vx_fallback,datactrl_est_vx_fallback,0.019999999552965164,states_theta,0.0010307751363143325,0.38983080099139356,0.2250689330430251,0.5196880128171482,0.5198607898265679,0.5196504728408706,0.5198983298028454,0.5198411930788114,0.5197076095649047,0.0,0.0,0.0,-0.0066443239338696,-0.0066443239338696,0.0,0.0,0.0,0.0,0.0,0.011427358724176884,-0.00857264082878828,0.0,0.0,0.0,0.0
61.15,-0.01328955590724945,-0.006644777953624725,-0.006644777953624725,datactrl_ref_vx_fallback,datactrl_est_vx_fallback,0.019999999552965164,states_theta,0.001000366872176528,0.3902573990492128,0.22531524469977443,0.5202172066145846,0.5204691908499829,0.5201792044761318,0.5205071929884357,0.5204520938122732,0.5202343036522943,0.0,0.0,0.0,-0.006644777953624725,-0.006644777953624725,0.0,0.0,0.0,0.0,0.0,0.011949808336794376,-0.008050191216170788,0.0,0.0,0.0,0.0
61.565,-0.01328955590724945,-0.006644777953624725,-0.006644777953624725,datactrl_ref_vx_fallback,datactrl_est_vx_fallback,0.019999999552965164,states_theta,-0.12802736461162567,0.3898941347490766,0.22510551047559632,0.519709954004157,0.5200077386600472,0.5199276761578536,0.5197900165063506,0.5200051239341955,0.5197125687300087,0.0,0.0,0.0,-0.006644777953624725,-0.006644777953624725,0.0,0.0,0.0,0.0,0.0,0.012471399269998074,-0.007528599817305803,0.0,0.0,0.0,0.0
61.941,-0.01328955590724945,-0.006644777953624725,-0.006644777953624725,datactrl_ref_vx_fallback,datactrl_est_vx_fallback,0.019999999552965164,states_theta,0.1355442851781845,0.38993829166362043,0.22513102413254266,0.5200739085560782,0.519761535880243,0.5197032757793884,0.5201321686569328,0.5198023141054638,0.5200331303308573,0.0,0.0,0.0,-0.006644777953624725,-0.006644777953624725,0.0,0.0,0.0,0.0,0.0,0.012993008829653263,-0.007006990723311901,0.0,0.0,0.0,0.0
62.31,-0.019986525177955627,-0.009993262588977814,-0.009993262588977814,datactrl_ref_vx_fallback,datactrl_est_vx_fallback,0.020233027637004852,datactrl_est_theta_fallback,-0.23767438530921936,0.38998224552502025,0.22515650585551394,0.5197725858242145,0.5201800689091728,0.5204378302497922,0.5195148244835951,0.5201114362594396,0.5198412184739477,0.0,0.0,0.0,-0.009993262588977814,-0.009993262588977814,0.0,0.0,0.0,0.0,0.0,0.020233027637004852,0.020233027637004852,0.0,0.0,0.0,0.0
62.678,-0.019986525177955627,-0.009993262588977814,-0.009993262588977814,datactrl_ref_vx_fallback,datactrl_est_vx_fallback,0.029999999329447746,states_theta,0.18899410963058472,0.39001574490462526,0.2251758211946698,0.5202514447941733,0.5197905416181607,0.5196057956907365,0.5204361907215975,0.5199852928127411,0.520056693599593,0.0,0.0,0.0,-0.009993262588977814,-0.009993262588977814,0.0,0.0,0.0,0.0,0.0,0.021017463877797127,-0.00898253545165062,0.0,0.0,0.0,0.0
63.037,-0.019986500963568687,-0.009993250481784344,-0.009993250481784344,datactrl_ref_vx_fallback,datactrl_est_vx_fallback,0.009999999776482582,states_theta,-0.04299181327223778,0.390065855318141,0.225204719817442,0.5199072274746978,0.5202683867070116,0.5204107617709511,0.5197648524107582,0.5199114833643056,0.5202641308174037,0.0,0.0,0.0,-0.009993250481784344,-0.009993250481784344,0.0,0.0,0.0,0.0,0.0,0.02180187590420246,0.011801875196397305,0.0,0.0,0.0,0.0
63.418,-0.019986500963568687,-0.009993250481784344,-0.009993250481784344,datactrl_ref_vx_fallback,datactrl_est_vx_fallback,0.019999999552965164,states_theta,-0.013223432935774326,0.3901191106955343,0.22523543636879248,0.5202851500085572,0.5200324785128676,0.5199561426765456,0.5203614858448793,0.5203956868772703,0.5199219416441545,0.0,0.0,0.0,-0.009993250481784344,-0.009993250481784344,0.0,0.0,0.0,0.0,0.0,0.022586310282349586,0.0025863100308924913,0.0,0.0,0.0,0.0
63.821,-0.020022187381982803,-0.010011093690991402,-0.010011093690991402,datactrl_ref_vx_fallback,datactrl_est_vx_fallback,0.019999999552965164,states_theta,0.011323927901685238,0.39013469745757645,0.2252444113344005,0.5201229726827307,0.5202362205374732,0.5203560032322206,0.5200031899879832,0.5199912435621267,0.5203679496580772,0.0,0.0,0.0,-0.010011093690991402,-0.010011093690991402,0.0,0.0,0.0,0.0,0.0,0.02340584434568882,0.003405845258384943,0.0,0.0,0.0,0.0
64.176,1.0,0.029988905414938927,0.9700110945850611,gncbus_cmd,datactrl_est_vx_fallback,0.019999999552965164,states_theta,0.0019642619881778955,0.38978894634041394,0.2250447840000185,0.5196874326056906,0.5197497576354133,0.5195526282875212,0.5198845619535827,0.5198832790838651,0.5195539111572388,0.0,0.0,0.0,0.029988905414938927,0.029988905414938927,0.0,0.0,0.0,0.0,0.0,-0.05425924062728882,-0.07425923645496368,0.0,0.0,0.0,0.0
64.518,1.0,0.22998890280723572,0.7700110971927643,gncbus_cmd,datactrl_est_vx_fallback,0.019999999552965164,states_theta,-0.07916349172592163,0.389847919707788,0.22507889795713615,0.5197459205750617,0.5198485319790395,0.5193972565569358,0.5201971959971654,0.5196910172518745,0.5199034353022267,0.0,0.0,0.0,0.22998890280723572,0.22998890280723572,0.0,0.0,0.0,0.0,0.0,-0.4551475942134857,-0.4751475751399994,0.0,0.0,0.0,0.0
64.915,1.0,0.42998892068862915,0.5700110793113708,gncbus_cmd,datactrl_est_vx_fallback,-0.04999999701976776,states_theta,-0.6214675903320312,0.39023989745953447,0.22530550867388674,0.5202217755865872,0.5204179509721714,0.5198386929051887,0.5208010336535699,0.5196286927020214,0.5210110338567372,0.0,0.0,0.0,0.42998892068862915,0.42998892068862915,0.0,0.0,0.0,0.0,0.0,-0.8717352151870728,-0.8217352032661438,0.0,0.0,0.0,0.0
65.307,1.0,0.6299889087677002,0.3700110912322998,gncbus_cmd,datactrl_est_vx_fallback,-0.25999999046325684,states_theta,-1.5019043684005737,0.38988602080956797,0.22510130571235892,0.5197416254371826,0.5199544300549986,0.5191542912722423,0.5205417642199389,0.5192001247719887,0.5204959307201925,0.0,0.0,0.0,0.6299889087677002,0.6299889087677002,0.0,0.0,0.0,0.0,0.0,-1.3040220737457275,-1.0440220832824707,0.0,0.0,0.0,0.0
65.705,1.0,0.019999999552965164,0.9800000004470348,gncbus_cmd,states_vx_gs,-0.6599999666213989,states_theta,-2.2795379161834717,0.3899247691389428,0.2251233555787906,0.5197998448720509,0.5199995394984633,0.5194725653579265,0.5203268190125877,0.5195241250648707,0.5202752593056436,0.0,0.0,0.0,0.8299888968467712,0.8099889159202576,0.0,0.0,0.0,0.0,0.0,-1.7124688625335693,-1.0524688959121704,0.0,0.0,0.0,0.0
66.093,1.0,0.04999999701976776,0.9500000029802322,gncbus_cmd,states_vx_gs,-1.209999918937683,states_theta,-3.0201416015625,0.39033820394937185,0.22536204889731348,0.520608595101894,0.520293282096431,0.5206940331553915,0.5202078440429334,0.520944664922599,0.5199572122757259,0.0,0.0,0.0,1.0,0.949999988079071,0.0,0.0,0.0,0.0,0.0,-2.056419610977173,-0.8464196920394897,0.0,0.0,0.0,0.0
66.45,1.0,0.09999999403953552,0.9000000059604645,gncbus_cmd,states_vx_gs,-1.75,states_theta,-2.2807741165161133,0.39001971932939317,0.2251790564701776,0.5199886810643346,0.5200639038140471,0.5212228443002658,0.5188297405781159,0.5207249477103042,0.5193276371680775,0.0,0.0,0.0,1.0,0.8999999761581421,0.0,0.0,0.0,0.0,0.0,-2.0316128730773926,-0.2816127836704254,0.0,0.0,0.0,0.0
66.8,1.0,0.1599999964237213,0.8400000035762787,gncbus_cmd,states_vx_gs,-2.0199999809265137,states_theta,-0.9607370495796204,0.39004920359220213,0.2251956811085331,0.5202530485901938,0.5198781609890119,0.5202940043540262,0.5198372052251795,0.5211224370012536,0.5190087725779521,0.0,0.0,0.0,1.0,0.8400000333786011,0.0,0.0,0.0,0.0,0.0,-1.9827384948730469,0.03726143389940262,0.0,0.0,0.0,0.0
67.172,1.0,0.22999998927116394,0.7700000107288361,gncbus_cmd,states_vx_gs,-2.069999933242798,states_theta,0.15607556700706482,0.39009477186557606,0.22522132983886525,0.5200310842960824,0.5202216406787871,0.5201059104604856,0.5201468145143838,0.5202001562600048,0.5200525687148646,0.0,0.0,0.0,1.0,0.7699999809265137,0.0,0.0,0.0,0.0,0.0,-1.9091297388076782,0.1608702391386032,0.0,0.0,0.0,0.0
67.559,1.0,0.29999998211860657,0.7000000178813934,gncbus_cmd,states_vx_gs,-1.9900000095367432,states_theta,0.4029512405395508,0.39012945417689004,0.22524140021788355,0.5202469664027868,0.5200982447355867,0.5198744171294452,0.5204707940089284,0.5201066200068978,0.5202385911314757,0.0,0.0,0.0,1.0,0.7000000476837158,0.0,0.0,0.0,0.0,0.0,-1.8300260305404663,0.15997393429279327,0.0,0.0,0.0,0.0
67.921,1.0,0.3700000047683716,0.6299999952316284,gncbus_cmd,states_vx_gs,-1.9199999570846558,states_theta,0.39656201004981995,0.39018017945091243,0.22527066045866836,0.5203141173724415,0.5201663611633249,0.5201606299861491,0.5203198485496173,0.5200398815919863,0.5204405969437801,0.0,0.0,0.0,1.0,0.6299999952316284,0.0,0.0,0.0,0.0,0.0,-1.7456239461898804,0.17437605559825897,0.0,0.0,0.0,0.0
68.301,1.0,0.429999977350235,0.570000022649765,gncbus_cmd,states_vx_gs,-1.809999942779541,states_theta,0.6254777312278748,0.390192791175246,0.2252781423978391,0.520344581028089,0.5201695287725671,0.5197589659187724,0.5207551438818837,0.5198600218343074,0.5206540879663487,0.0,0.0,0.0,1.0,0.5700000524520874,0.0,0.0,0.0,0.0,0.0,-1.6756341457366943,0.1343657672405243,0.0,0.0,0.0,0.0
68.667,1.0,0.47999998927116394,0.5200000107288361,gncbus_cmd,states_vx_gs,-1.6999999284744263,states_theta,0.5165750980377197,0.39023457394548167,0.22530231866705686,0.5204419451113688,0.5201835854099156,0.5197344995048143,0.52089103101647,0.5199154764389415,0.5207100540823428,0.0,0.0,0.0,1.0,0.5199999809265137,0.0,0.0,0.0,0.0,0.0,-1.6206454038619995,0.07935450971126556,0.0,0.0,0.0,0.0
69.025,1.0,0.5399999618530273,0.46000003814697266,gncbus_cmd,states_vx_gs,-1.5899999141693115,states_theta,0.581133246421814,0.3902477421721751,0.22531012982052895,0.5205435773881418,0.5201170684043251,0.519566525752141,0.521094120040326,0.5198245151809723,0.5208361306114947,0.0,0.0,0.0,1.0,0.46000003814697266,0.0,0.0,0.0,0.0,0.0,-1.5417070388793945,0.048292823135852814,0.0,0.0,0.0,0.0
69.415,1.0,0.5899999737739563,0.4100000262260437,gncbus_cmd,states_vx_gs,-1.46999990940094,states_theta,0.7010841369628906,0.3902751028940945,0.22532636309086088,0.5203908880513792,0.520342719666206,0.5195667209004369,0.5211668868171484,0.5193514302487716,0.5213821774688137,0.0,0.0,0.0,1.0,0.4100000262260437,0.0,0.0,0.0,0.0,0.0,-1.478279948234558,-0.008280063979327679,0.0,0.0,0.0,0.0
69.806,1.0,0.6299999952316284,0.3700000047683716,gncbus_cmd,states_vx_gs,-1.350000023841858,states_theta,0.5044685006141663,0.38991638457492567,0.22511926680765804,0.5198926781639678,0.5198843473691673,0.5190289969475116,0.5207480285856235,0.5189143016491568,0.5208627238839784,0.0,0.0,0.0,1.0,0.3700000047683716,0.0,0.0,0.0,0.0,0.0,-1.430599570274353,-0.0805995911359787,0.0,0.0,0.0,0.0
70.163,1.0,0.6699999570846558,0.33000004291534424,gncbus_cmd,states_vx_gs,-1.25,states_theta,0.46719926595687866,0.38996367289161205,0.22514680179071325,0.519865013991273,0.5200381137196923,0.518889251206603,0.5210138765043624,0.5189657340109575,0.5209373937000079,0.0,0.0,0.0,1.0,0.33000004291534424,0.0,0.0,0.0,0.0,0.0,-1.3796617984771729,-0.12966178357601166,0.0,0.0,0.0,0.0
70.498,1.0,0.7099999785423279,0.2900000214576721,gncbus_cmd,states_vx_gs,-1.159999966621399,states_theta,0.5234194993972778,0.3899841935663672,0.22515909116255442,0.5202144365018158,0.5197434130084968,0.518733155460905,0.5212246940494075,0.518840380278074,0.5211174692322386,0.0,0.0,0.0,1.0,0.2900000214576721,0.0,0.0,0.0,0.0,0.0,-1.3256231546401978,-0.1656232476234436,0.0,0.0,0.0,0.0
70.891,1.0,0.75,0.25,gncbus_cmd,states_vx_gs,-1.100000023841858,states_theta,0.11470300704240799,0.3900410993744579,0.22519109315138744,0.5198601412534942,0.5202494570783935,0.519363712544025,0.5207458857878627,0.5191314114911917,0.5209781868406961,0.0,0.0,0.0,1.0,0.25,0.0,0.0,0.0,0.0,0.0,-1.2697792053222656,-0.1697791963815689,0.0,0.0,0.0,0.0
71.257,1.0,0.7799999713897705,0.2200000286102295,gncbus_cmd,states_vx_gs,-1.0099999904632568,states_theta,0.6520149111747742,0.3900633153272226,0.22520570997376912,0.5202662128324205,0.5199026280401731,0.5184388902281191,0.5217299506444745,0.5187231285508832,0.5214457123217103,0.0,0.0,0.0,1.0,0.2200000286102295,0.0,0.0,0.0,0.0,0.0,-1.2297213077545166,-0.21972137689590454,0.0,0.0,0.0,0.0
71.595,1.0,0.8100000023841858,0.1899999976158142,gncbus_cmd,states_vx_gs,-0.9099999666213989,states_theta,0.3514326214790344,0.3900874752529093,0.22521931080240115,0.5199107246140493,0.5203225427270421,0.5187932733968451,0.5214399939442463,0.5186422908694243,0.5215909764716672,0.0,0.0,0.0,1.0,0.1899999976158142,0.0,0.0,0.0,0.0,0.0,-1.187504768371582,-0.2775047719478607,0.0,0.0,0.0,0.0
71.956,1.0,0.8299999833106995,0.17000001668930054,gncbus_cmd,states_vx_gs,-0.8700000047683716,states_theta,0.18341219425201416,0.39011361970987174,0.22523404618943485,0.5202655144589443,0.520037471434047,0.5187732762237659,0.5215297096692254,0.5189648765946099,0.5213381092983814,0.0,0.0,0.0,1.0,0.17000001668930054,0.0,0.0,0.0,0.0,0.0,-1.162683367729187,-0.2926834225654602,0.0,0.0,0.0,0.0
72.33,1.0,0.8499999642372131,0.15000003576278687,gncbus_cmd,states_vx_gs,-0.8299999833106995,states_theta,0.29473528265953064,0.3901416811556155,0.225250758184888,0.520355508827695,0.5200223075872796,0.5187261735349955,0.5216516428799791,0.5187488608452497,0.5216289555697249,0.0,0.0,0.0,1.0,0.15000003576278687,0.0,0.0,0.0,0.0,0.0,-1.1359782218933105,-0.3059781789779663,0.0,0.0,0.0,0.0
72.693,1.0,0.8700000047683716,0.12999999523162842,gncbus_cmd,states_vx_gs,-0.7599999904632568,states_theta,0.3940476179122925,0.3901715383853044,0.2252688228949266,0.5203527344089738,0.5201047012851712,0.5186440190457839,0.521813416648361,0.5184386148170459,0.522018820877099,0.0,0.0,0.0,1.0,0.12999999523162842,0.0,0.0,0.0,0.0,0.0,-1.1075066328048706,-0.34750667214393616,0.0,0.0,0.0,0.0
73.031,1.0,0.8899999856948853,0.11000001430511475,gncbus_cmd,states_vx_gs,-0.6699999570846558,states_theta,0.3842022120952606,0.38979809822632705,0.22505391790557475,0.5198812957692774,0.5195802995009281,0.5177786249673788,0.5216829703028267,0.5179549251823077,0.5215066700878979,0.0,0.0,0.0,1.0,0.11000001430511475,0.0,0.0,0.0,0.0,0.0,-1.0775045156478882,-0.4075046181678772,0.0,0.0,0.0,0.0
73.393,1.0,0.9099999666213989,0.09000003337860107,gncbus_cmd,states_vx_gs,-0.6299999952316284,states_theta,0.13367363810539246,0.38982857018822636,0.22507066849712926,0.5199142145194561,0.5196286393158142,0.518163531583907,0.5213793222513632,0.5180786849765109,0.5214641688587593,0.0,0.0,0.0,1.0,0.09000003337860107,0.0,0.0,0.0,0.0,0.0,-1.0461680889129639,-0.4161680340766907,0.0,0.0,0.0,0.0
73.726,1.0,0.9199999570846558,0.08000004291534424,gncbus_cmd,states_vx_gs,-0.5799999833106995,states_theta,0.2956598997116089,0.3902071912932872,0.22529044299688067,0.5204332625599725,0.52011924755546,0.5182740859901912,0.5222784241252413,0.5183880527563601,0.5221644573590724,0.0,0.0,0.0,1.0,0.08000004291534424,0.0,0.0,0.0,0.0,0.0,-1.0332471132278442,-0.45324715971946716,0.0,0.0,0.0,0.0
74.491,1.0,0.949999988079071,0.050000011920928955,gncbus_cmd,states_vx_gs,-0.5199999809265137,states_theta,0.1913614273071289,0.3898550259115039,0.2250870193647086,0.5199696876876891,0.519643714742988,0.5179622438107089,0.5216511586199682,0.5178113097830753,0.5218020926476018,0.0,0.0,0.0,1.0,0.050000011920928955,0.0,0.0,0.0,0.0,0.0,-0.984790027141571,-0.46479007601737976,0.0,0.0,0.0,0.0
74.839,1.0,0.9599999785423279,0.04000002145767212,gncbus_cmd,states_vx_gs,-0.47999998927116394,states_theta,0.14333076775074005,0.38989081236254064,0.22510786593301002,0.5200021239714492,0.5197067089953258,0.517840410450671,0.521868422516104,0.5179396243558295,0.5217692086109454,0.0,0.0,0.0,1.0,0.04000002145767212,0.0,0.0,0.0,0.0,0.0,-0.9690433144569397,-0.48904329538345337,0.0,0.0,0.0,0.0
75.188,1.0,0.9699999690055847,0.030000030994415283,gncbus_cmd,states_vx_gs,-0.4599999785423279,states_theta,0.02511083334684372,0.3899015551985362,0.22511369063917783,0.5198520238295362,0.5198854566998937,0.5179908520752778,0.5217466284541521,0.5179878412886008,0.5217496392408292,0.0,0.0,0.0,1.0,0.030000030994415283,0.0,0.0,0.0,0.0,0.0,-0.9526293277740479,-0.4926293194293976,0.0,0.0,0.0,0.0
75.556,1.0,0.9699999690055847,0.030000030994415283,gncbus_cmd,states_vx_gs,-0.44999998807907104,states_theta,0.18727946281433105,0.39031363915081074,0.22535264141464165,0.520384821830548,0.5204515492382806,0.5181789842410998,0.5226573868277289,0.5184380445150778,0.5223983265537508,0.0,0.0,0.0,1.0,0.030000030994415283,0.0,0.0,0.0,0.0,0.0,-0.954984188079834,-0.5049842000007629,0.0,0.0,0.0,0.0
75.979,1.0,0.9799999594688416,0.020000040531158447,gncbus_cmd,states_vx_gs,-0.4099999964237213,states_theta,0.12472282350063324,0.38995098728110256,0.22514338898172728,0.5198576972449088,0.5200116021713647,0.5176704455453204,0.5221988538709531,0.5179296830762964,0.5219396163399771,0.0,0.0,0.0,1.0,0.020000040531158447,0.0,0.0,0.0,0.0,0.0,-0.9371572732925415,-0.5271573066711426,0.0,0.0,0.0,0.0
76.368,1.0,0.9899999499320984,0.010000050067901611,gncbus_cmd,states_vx_gs,-0.41999998688697815,states_theta,-0.0706111490726471,0.39036731473194536,0.22538261332924683,0.5205826730606808,0.5203968328911734,0.5186767863896486,0.5223027195622056,0.5185386333507394,0.5224408726011149,0.0,0.0,0.0,1.0,0.010000050067901611,0.0,0.0,0.0,0.0,0.0,-0.9189379215240479,-0.4989379048347473,0.0,0.0,0.0,0.0
76.725,1.0,0.9899999499320984,0.010000050067901611,gncbus_cmd,states_vx_gs,-0.4099999964237213,states_theta,0.1401466578245163,0.3900052913539006,0.22517485526993677,0.519872050888125,0.5201420593889433,0.5177484757444842,0.5222656345325841,0.5179480915805451,0.5220660186965232,0.0,0.0,0.0,1.0,0.010000050067901611,0.0,0.0,0.0,0.0,0.0,-0.919722855091095,-0.509722888469696,0.0,0.0,0.0,0.0
77.123,1.0,1.0,0.0,gncbus_cmd,states_vx_gs,-0.4099999964237213,states_theta,-0.043523699045181274,0.39001969931352826,0.22518217429938,0.5201591835509436,0.5198933479517984,0.5180506370530469,0.5220018944496951,0.5181189353123179,0.5219335961904241,0.0,0.0,0.0,1.0,0.0,0.0,0.0,0.0,0.0,0.0,-0.9003258943557739,-0.4903258979320526,0.0,0.0,0.0,0.0
77.501,1.0,1.0099999904632568,-0.009999990463256836,gncbus_cmd,states_vx_gs,-0.38999998569488525,states_theta,0.19488516449928284,0.39004912413471754,0.22520046279807196,0.5199832659970749,0.5201477316955052,0.5180240001697932,0.5221069975227869,0.5176723876714461,0.522458610021134,0.0,0.0,0.0,1.0,-0.009999990463256836,0.0,0.0,0.0,0.0,0.0,-0.8806543350219727,-0.490654319524765,0.0,0.0,0.0,0.0
77.844,1.0,1.0099999904632568,-0.009999990463256836,gncbus_cmd,states_vx_gs,-0.35999998450279236,states_theta,0.04280898720026016,0.39006648827065893,0.22521026387624044,0.520186673222185,0.5199906288329054,0.5177129697900066,0.5224643322650838,0.5181278717458372,0.5220494303092532,0.0,0.0,0.0,1.0,-0.009999990463256836,0.0,0.0,0.0,0.0,0.0,-0.8798693418502808,-0.5198693871498108,0.0,0.0,0.0,0.0
78.221,1.0,1.0199999809265137,-0.019999980926513672,gncbus_cmd,states_vx_gs,-0.35999998450279236,states_theta,-0.06322070956230164,0.3900852426106408,0.22522042089196834,0.5200471162257154,0.5201801974026601,0.5182277533040159,0.5219995603243596,0.5179390571149628,0.5222882565134127,0.0,0.0,0.0,1.0,-0.019999980926513672,0.0,0.0,0.0,0.0,0.0,-0.8594912886619568,-0.49949130415916443,0.0,0.0,0.0,0.0
78.574,1.0,1.0199999809265137,-0.019999980926513672,gncbus_cmd,states_vx_gs,-0.35999998450279236,states_theta,0.08359919488430023,0.390105387726309,0.22523287107974896,0.5201991312715591,0.5200819026652649,0.5178130829703693,0.5224679509664547,0.5180557074974255,0.5222253264393986,0.0,0.0,0.0,1.0,-0.019999980926513672,0.0,0.0,0.0,0.0,0.0,-0.8579213619232178,-0.4979213774204254,0.0,0.0,0.0,0.0
78.943,1.0,1.0199999809265137,-0.019999980926513672,gncbus_cmd,states_vx_gs,-0.3499999940395355,states_theta,-0.044845785945653915,0.3897374246011236,0.22502006991692045,0.5195487587961113,0.5197510401402182,0.5177261727202012,0.5215736262161283,0.5173254651990624,0.5219743337372671,0.0,0.0,0.0,1.0,-0.019999980926513672,0.0,0.0,0.0,0.0,0.0,-0.8563514351844788,-0.5063514709472656,0.0,0.0,0.0,0.0
79.31,1.0,1.0299999713897705,-0.029999971389770508,gncbus_cmd,states_vx_gs,-0.3499999940395355,states_theta,0.07586430013179779,0.3901306587149944,0.22524752643452084,0.5199803688598486,0.5203680543801366,0.5180413229705347,0.5223071002694504,0.5178724634553526,0.5224759597846325,0.0,0.0,0.0,1.0,-0.029999971389770508,0.0,0.0,0.0,0.0,0.0,-0.8348351716995239,-0.4848352074623108,0.0,0.0,0.0,0.0
79.653,1.0,1.0299999713897705,-0.029999971389770508,gncbus_cmd,states_vx_gs,-0.3400000035762787,states_theta,0.036510590463876724,0.3901244345701181,0.22524398318059974,0.5202630818290046,0.5200687436913103,0.5177590342716155,0.5225727912486994,0.5181231861125483,0.5222086394077666,0.0,0.0,0.0,1.0,-0.029999971389770508,0.0,0.0,0.0,0.0,0.0,-0.8324803113937378,-0.4924803078174591,0.0,0.0,0.0,0.0
80.009,1.0,1.0299999713897705,-0.029999971389770508,gncbus_cmd,states_vx_gs,-0.32999998331069946,states_theta,0.10637703537940979,0.39013132254258565,0.22524854970355027,0.52031302000008,0.5200371734468151,0.5179083051690796,0.5224418882778155,0.5177500670341795,0.5226001264127156,0.0,0.0,0.0,1.0,-0.029999971389770508,0.0,0.0,0.0,0.0,0.0,-0.8301253914833069,-0.5001254081726074,0.0,0.0,0.0,0.0
80.393,1.0,1.0399999618530273,-0.039999961853027344,gncbus_cmd,states_vx_gs,-0.32999998331069946,states_theta,-0.13640467822551727,0.38977845189274035,0.2250434189819255,0.5198460716450334,0.5195631334022742,0.5177177573157261,0.5216914477315815,0.5175741735284527,0.5218350315188549,0.0,0.0,0.0,1.0,-0.039999961853027344,0.0,0.0,0.0,0.0,0.0,-0.8077456951141357,-0.4777457118034363,0.0,0.0,0.0,0.0
80.759,1.0,1.0399999618530273,-0.039999961853027344,gncbus_cmd,states_vx_gs,-0.32999998331069946,states_theta,0.11041803658008575,0.38978898703613035,0.22505083486936672,0.5198737397741258,0.5195635589888885,0.5174180774699306,0.5220192212930836,0.5173542189549112,0.5220830798081031,0.0,0.0,0.0,1.0,-0.039999961853027344,0.0,0.0,0.0,0.0,0.0,-0.8046058416366577,-0.47460585832595825,0.0,0.0,0.0,0.0
81.113,1.0,1.0399999618530273,-0.039999961853027344,gncbus_cmd,states_vx_gs,-0.3100000023841858,states_theta,0.044796422123909,0.3901617207571888,0.2252660482560232,0.5203074829738522,0.5201237723786513,0.5179357964095606,0.5224954589429429,0.5178199105409962,0.5226113448115073,0.0,0.0,0.0,1.0,-0.039999961853027344,0.0,0.0,0.0,0.0,0.0,-0.8014659881591797,-0.4914659857749939,0.0,0.0,0.0,0.0
81.453,1.0,1.0399999618530273,-0.039999961853027344,gncbus_cmd,states_vx_gs,-0.3199999928474426,states_theta,-0.043449267745018005,0.39018680985902804,0.22528001346252743,0.520300425373851,0.5201977342502238,0.5179750384543986,0.5225231211696761,0.5180501759284077,0.522447983695667,0.0,0.0,0.0,1.0,-0.039999961853027344,0.0,0.0,0.0,0.0,0.0,-0.7983261346817017,-0.47832614183425903,0.0,0.0,0.0,0.0
81.864,1.0,1.0499999523162842,-0.04999995231628418,gncbus_cmd,states_vx_gs,-0.3199999928474426,states_theta,0.015265710651874542,0.3901705329208231,0.22527072476233073,0.5202337942900946,0.5202209601654336,0.5180159333838651,0.5224388210716632,0.517922121977063,0.5225326324784653,0.0,0.0,0.0,1.0,-0.04999995231628418,0.0,0.0,0.0,0.0,0.0,-0.775004506111145,-0.45500448346138,0.0,0.0,0.0,0.0
82.196,1.0,1.0499999523162842,-0.04999995231628418,gncbus_cmd,states_vx_gs,-0.3100000023841858,states_theta,0.05376579239964485,0.3898224067491307,0.22507015591003018,0.5197424177107627,0.5197840002869193,0.5174119644303848,0.5221144535672971,0.5174337303912541,0.5220926876064279,0.0,0.0,0.0,1.0,-0.04999995231628418,0.0,0.0,0.0,0.0,0.0,-0.7710796594619751,-0.4610796570777893,0.0,0.0,0.0,0.0
82.542,1.0,1.0499999523162842,-0.04999995231628418,gncbus_cmd,states_vx_gs,-0.3100000023841858,states_theta,-0.026023006066679955,0.38983676089469554,0.22507809360556089,0.5197738383468818,0.5197908573723063,0.5174797684326327,0.5220849272865555,0.5175409018528443,0.5220237938663439,0.0,0.0,0.0,1.0,-0.04999995231628418,0.0,0.0,0.0,0.0,0.0,-0.76715487241745,-0.4571548402309418,0.0,0.0,0.0,0.0
82.901,1.0,1.0499999523162842,-0.04999995231628418,gncbus_cmd,states_vx_gs,-0.3199999928474426,states_theta,-0.03369984030723572,0.3898389961494691,0.2250792756115729,0.5197499471070383,0.519820709291546,0.517506721255812,0.5220639351427723,0.5175633067181502,0.522007349680434,0.0,0.0,0.0,1.0,-0.04999995231628418,0.0,0.0,0.0,0.0,0.0,-0.76323002576828,-0.4432300329208374,0.0,0.0,0.0,0.0
83.242,1.0,1.059999942779541,-0.059999942779541016,gncbus_cmd,states_vx_gs,-0.3199999928474426,states_theta,-0.07187771052122116,0.38985208127061405,0.2250864392257982,0.519727451340839,0.5198780987141318,0.5175478638658314,0.5220576861891394,0.5177203483936853,0.5218852016612855,0.0,0.0,0.0,1.0,-0.059999942779541016,0.0,0.0,0.0,0.0,0.0,-0.7394374012947083,-0.41943737864494324,0.0,0.0,0.0,0.0
83.569,1.0,1.059999942779541,-0.059999942779541016,gncbus_cmd,states_vx_gs,-0.3199999928474426,states_theta,0.16295751929283142,0.3898838227766643,0.22510607494868815,0.5197209304086856,0.5199692636624191,0.5175541328296276,0.5221360612414772,0.5172912182313749,0.5223989758397298,0.0,0.0,0.0,1.0,-0.059999942779541016,0.0,0.0,0.0,0.0,0.0,-0.7347276210784912,-0.4147275984287262,0.0,0.0,0.0,0.0
83.924,1.0,1.059999942779541,-0.059999942779541016,gncbus_cmd,states_vx_gs,-0.28999999165534973,states_theta,0.034507233649492264,0.3898855346498895,0.22510685524961752,0.5197030195476491,0.519991739518723,0.5175955400940747,0.5220992189722974,0.5173334194730864,0.5223613395932857,0.0,0.0,0.0,1.0,-0.059999942779541016,0.0,0.0,0.0,0.0,0.0,-0.7300178408622742,-0.44001781940460205,0.0,0.0,0.0,0.0
84.302,1.0,1.059999942779541,-0.059999942779541016,gncbus_cmd,states_vx_gs,-0.3100000023841858,states_theta,-0.13377109169960022,0.3899047246646421,0.22511681058816504,0.5197545805871604,0.5199913518518853,0.5177959046937833,0.5219500277452623,0.5176235922182512,0.5221223402207945,0.0,0.0,0.0,1.0,-0.059999942779541016,0.0,0.0,0.0,0.0,0.0,-0.7253080606460571,-0.41530802845954895,0.0,0.0,0.0,0.0
84.701,1.0,1.059999942779541,-0.059999942779541016,gncbus_cmd,states_vx_gs,-0.3100000023841858,states_theta,-0.0594882071018219,0.3899336881496376,0.22513394951913862,0.5199256222356402,0.5198975461633933,0.5175994264433266,0.522223741955707,0.5177222703458524,0.5221008980531812,0.0,0.0,0.0,1.0,-0.059999942779541016,0.0,0.0,0.0,0.0,0.0,-0.7203627824783325,-0.41036275029182434,0.0,0.0,0.0,0.0
85.038,1.0,1.0699999332427979,-0.06999993324279785,gncbus_cmd,states_vx_gs,-0.3499999940395355,states_theta,-0.1849030703306198,0.39030298616198444,0.2253458109350116,0.5204511075940629,0.5203568555045622,0.5184117724899598,0.5223961906086653,0.5184703588485836,0.5223376042500415,0.0,0.0,0.0,1.0,-0.06999993324279785,0.0,0.0,0.0,0.0,0.0,-0.6959028840065002,-0.3459029197692871,0.0,0.0,0.0,0.0
85.432,1.0,1.0699999332427979,-0.06999993324279785,gncbus_cmd,states_vx_gs,-0.3400000035762787,states_theta,0.06744375824928284,0.38996168501561046,0.225150171986594,0.5197918647144194,0.5201059619938752,0.5178227487265188,0.5220750779817758,0.5175614107984343,0.5223364159098602,0.0,0.0,0.0,1.0,-0.06999993324279785,0.0,0.0,0.0,0.0,0.0,-0.6904081702232361,-0.3504081666469574,0.0,0.0,0.0,0.0
85.781,1.0,1.0699999332427979,-0.06999993324279785,gncbus_cmd,states_vx_gs,-0.3499999940395355,states_theta,-0.10925450921058655,0.389968527017102,0.22515311449288675,0.5201220036782965,0.5197940683673088,0.5178679814057304,0.5220480906398749,0.5179492475382047,0.5219668245074006,0.0,0.0,0.0,1.0,-0.06999993324279785,0.0,0.0,0.0,0.0,0.0,-0.6849133968353271,-0.3349134027957916,0.0,0.0,0.0,0.0
86.161,1.0,1.0699999332427979,-0.06999993324279785,gncbus_cmd,states_vx_gs,-0.3499999940395355,states_theta,0.16356219351291656,0.3899899280399223,0.22516685670006792,0.5198585881038252,0.5201145533359676,0.5176653739893416,0.5223077674504512,0.5176362953816868,0.522336846058106,0.0,0.0,0.0,1.0,-0.06999993324279785,0.0,0.0,0.0,0.0,0.0,-0.679418683052063,-0.3294186592102051,0.0,0.0,0.0,0.0
86.555,1.0,1.0799999237060547,-0.07999992370605469,gncbus_cmd,states_vx_gs,-0.29999998211860657,states_theta,0.21892207860946655,0.38999876789809973,0.22517294786736447,0.5201387426370425,0.5198579717578902,0.5170732217765606,0.5229234926183721,0.5179658553487021,0.5220308590462306,0.0,0.0,0.0,1.0,-0.07999992370605469,0.0,0.0,0.0,0.0,0.0,-0.6536636352539062,-0.3536636233329773,0.0,0.0,0.0,0.0
86.912,1.0,1.0799999237060547,-0.07999992370605469,gncbus_cmd,states_vx_gs,-0.25999999046325684,states_theta,0.16504740715026855,0.3900221669052902,0.22518667883797747,0.5198999783195766,0.5201591334278639,0.517161520722196,0.5228975910252445,0.5178239603358463,0.5222351514115942,0.0,0.0,0.0,1.0,-0.07999992370605469,0.0,0.0,0.0,0.0,0.0,-0.6473839282989502,-0.38738390803337097,0.0,0.0,0.0,0.0
87.249,1.0,1.0799999237060547,-0.07999992370605469,gncbus_cmd,states_vx_gs,-0.25,states_theta,0.02610965259373188,0.39006005690656137,0.22520788918986984,0.5201209415346413,0.520039210216189,0.5173800905629828,0.5227800611878475,0.5179311620092633,0.5222289897415671,0.0,0.0,0.0,1.0,-0.07999992370605469,0.0,0.0,0.0,0.0,0.0,-0.6411042213439941,-0.39110419154167175,0.0,0.0,0.0,0.0
87.432,1.0,1.0799999237060547,-0.07999992370605469,gncbus_cmd,states_vx_gs,-0.23999999463558197,states_theta,0.04713404178619385,0.3900455818743569,0.22519977409949096,0.5198282674710449,0.5202932841939069,0.5176992535691969,0.5224222980957549,0.5174695887104483,0.5226519629545034,0.0,0.0,0.0,1.0,-0.07999992370605469,0.0,0.0,0.0,0.0,0.0,-0.6379643082618713,-0.39796432852745056,0.0,0.0,0.0,0.0
87.819,1.0,1.0799999237060547,-0.07999992370605469,gncbus_cmd,states_vx_gs,-0.25,states_theta,-0.07741759717464447,0.39007124884632427,0.22521374740013964,0.520238811462051,0.5199511854614803,0.517730647233447,0.5224593496900843,0.5178120914470853,0.522377905476446,0.0,0.0,0.0,1.0,-0.07999992370605469,0.0,0.0,0.0,0.0,0.0,-0.6316846013069153,-0.38168463110923767,0.0,0.0,0.0,0.0
88.172,1.0,1.0799999237060547,-0.07999992370605469,gncbus_cmd,states_vx_gs,-0.2800000011920929,states_theta,-0.19664882123470306,0.3900842468914296,0.2252202960435969,0.5199221417030425,0.5203025166741032,0.5181922898032181,0.5220323685739277,0.517793267553144,0.5224313908240017,0.0,0.0,0.0,1.0,-0.07999992370605469,0.0,0.0,0.0,0.0,0.0,-0.6254048943519592,-0.3454049229621887,0.0,0.0,0.0,0.0
88.535,1.0,1.0799999237060547,-0.07999992370605469,gncbus_cmd,states_vx_gs,-0.28999999165534973,states_theta,-0.03263261914253235,0.3900844007746694,0.22522108638372615,0.5202501021202275,0.5199749666122242,0.5176258421069058,0.5225992266255459,0.5180724018852396,0.5221526668472121,0.0,0.0,0.0,1.0,-0.07999992370605469,0.0,0.0,0.0,0.0,0.0,-0.6191251873970032,-0.32912522554397583,0.0,0.0,0.0,0.0
88.931,1.0,1.0799999237060547,-0.07999992370605469,gncbus_cmd,states_vx_gs,-0.28999999165534973,states_theta,0.02529640682041645,0.3896935082267693,0.22499566568635085,0.5195047833620102,0.519677905242708,0.517346014047452,0.5218366745572662,0.5171881163944991,0.521994572210219,0.0,0.0,0.0,1.0,-0.07999992370605469,0.0,0.0,0.0,0.0,0.0,-0.6128454804420471,-0.3228455185890198,0.0,0.0,0.0,0.0
89.292,1.0,1.0799999237060547,-0.07999992370605469,gncbus_cmd,states_vx_gs,-0.26999998092651367,states_theta,0.07246458530426025,0.3896929341494608,0.22499588557297606,0.5195414304954025,0.519639727236493,0.5171040448427101,0.5220771128891853,0.5172174801802757,0.5219636775516198,0.0,0.0,0.0,1.0,-0.07999992370605469,0.0,0.0,0.0,0.0,0.0,-0.6065657734870911,-0.3365658223628998,0.0,0.0,0.0,0.0
89.659,1.0,1.0799999237060547,-0.07999992370605469,gncbus_cmd,states_vx_gs,-0.25,states_theta,0.12439730018377304,0.3896925120396215,0.22499628931821378,0.5195241217267471,0.5196559103789103,0.5172301723822382,0.5219498597234192,0.5168680613663091,0.5223119707393483,0.0,0.0,0.0,1.0,-0.07999992370605469,0.0,0.0,0.0,0.0,0.0,-0.600286066532135,-0.350286066532135,0.0,0.0,0.0,0.0
90.019,1.0,1.0799999237060547,-0.07999992370605469,gncbus_cmd,states_vx_gs,-0.23999999463558197,states_theta,-0.0005791797302663326,0.3900665050233176,0.2252116483634061,0.5200627467882533,0.5201145999405936,0.517479453993239,0.5226978927356078,0.5178156984720936,0.5223616482567532,0.0,0.0,0.0,1.0,-0.07999992370605469,0.0,0.0,0.0,0.0,0.0,-0.594006359577179,-0.3540063798427582,0.0,0.0,0.0,0.0
90.36,1.0,1.0799999237060547,-0.07999992370605469,gncbus_cmd,states_vx_gs,-0.25,states_theta,-0.06558532267808914,0.39007919544293274,0.22521848884847,0.5200792009611181,0.5201319868867025,0.5175640946461497,0.5226470932016709,0.5179516815815264,0.5222595062662942,0.0,0.0,0.0,1.0,-0.07999992370605469,0.0,0.0,0.0,0.0,0.0,-0.5877266526222229,-0.3377266526222229,0.0,0.0,0.0,0.0
90.718,1.0,1.0799999237060547,-0.07999992370605469,gncbus_cmd,states_vx_gs,-0.25,states_theta,-0.0659598782658577,0.38970467035041445,0.2250022393595316,0.5196101394394455,0.5196023148283264,0.517141835694725,0.5220706185730468,0.5173737017676994,0.5218387525000725,0.0,0.0,0.0,1.0,-0.07999992370605469,0.0,0.0,0.0,0.0,0.0,-0.5814469456672668,-0.33144694566726685,0.0,0.0,0.0,0.0
91.084,1.0,1.0799999237060547,-0.07999992370605469,gncbus_cmd,states_vx_gs,-0.25,states_theta,-0.010844484902918339,0.3897067833520469,0.2250037762837622,0.5195916174577491,0.5196264714810426,0.5173566680540171,0.5218614208847745,0.5170488601406755,0.5221692287981161,0.0,0.0,0.0,1.0,-0.07999992370605469,0.0,0.0,0.0,0.0,0.0,-0.5751672387123108,-0.3251672387123108,0.0,0.0,0.0,0.0
91.452,1.0,1.0799999237060547,-0.07999992370605469,gncbus_cmd,states_vx_gs,-0.25,states_theta,0.057927802205085754,0.3900693087522955,0.22521343658184886,0.5200703039535184,0.5201145193859362,0.5175922069335742,0.5225926164058804,0.5176369996417388,0.5225478236977158,0.0,0.0,0.0,1.0,-0.07999992370605469,0.0,0.0,0.0,0.0,0.0,-0.5688875317573547,-0.31888753175735474,0.0,0.0,0.0,0.0
91.997,1.0,1.0699999332427979,-0.06999993324279785,gncbus_cmd,states_vx_gs,-0.25,states_theta,0.021037712693214417,0.38969673468678606,0.22499813874622027,0.519548791746048,0.5196425007520482,0.5172830299042075,0.5219082625938887,0.5170319250032369,0.5221593674948593,0.0,0.0,0.0,1.0,-0.06999993324279785,0.0,0.0,0.0,0.0,0.0,-0.5793750286102295,-0.3293750286102295,0.0,0.0,0.0,0.0
92.069,1.0,1.0699999332427979,-0.06999993324279785,gncbus_cmd,states_vx_gs,-0.25,states_theta,-0.03526231274008751,0.39008793258046354,0.22522448677018678,0.5200974545593609,0.5201370323218752,0.5175403458890628,0.5226941409921733,0.5176319310287116,0.5226025558525245,0.0,0.0,0.0,1.0,-0.06999993324279785,0.0,0.0,0.0,0.0,0.0,-0.5766276717185974,-0.3266276717185974,0.0,0.0,0.0,0.0
92.289,1.0,1.0699999332427979,-0.06999993324279785,gncbus_cmd,states_vx_gs,-0.25,states_theta,0.00223248777911067,0.3897146480564935,0.22500869972777726,0.5196247736327722,0.5196142878512104,0.5170452152707911,0.5221938462131915,0.517234129578347,0.5220049319056356,0.0,0.0,0.0,1.0,-0.06999993324279785,0.0,0.0,0.0,0.0,0.0,-0.5711328983306885,-0.32113292813301086,0.0,0.0,0.0,0.0
92.631,1.0,1.0699999332427979,-0.06999993324279785,gncbus_cmd,states_vx_gs,-0.25,states_theta,0.023541489616036415,0.3900929611122639,0.2252272517494381,0.5200847746073827,0.5201631216919878,0.5177264005079978,0.5225214957913726,0.517512650762151,0.5227352455372194,0.0,0.0,0.0,1.0,-0.06999993324279785,0.0,0.0,0.0,0.0,0.0,-0.5656381845474243,-0.3156381845474243,0.0,0.0,0.0,0.0
92.76,1.0,1.0699999332427979,-0.06999993324279785,gncbus_cmd,states_vx_gs,-0.25,states_theta,-0.045433081686496735,0.38970531608822384,0.22500306826485364,0.5196098744839032,0.5196043017513604,0.5172982719511293,0.5219159042841343,0.5170482293923967,0.5221659468428669,0.0,0.0,0.0,1.0,-0.06999993324279785,0.0,0.0,0.0,0.0,0.0,-0.5628908276557922,-0.31289079785346985,0.0,0.0,0.0,0.0
92.815,1.0,1.0699999332427979,-0.06999993324279785,gncbus_cmd,states_vx_gs,-0.25,states_theta,-0.008475380018353462,0.3897105639531911,0.22500630971473598,0.519605513295706,0.5196226572461369,0.5170505509046494,0.5221776196371936,0.5172292047924417,0.5219989657494012,0.0,0.0,0.0,1.0,-0.06999993324279785,0.0,0.0,0.0,0.0,0.0,-0.5601434111595154,-0.31014344096183777,0.0,0.0,0.0,0.0
92.871,1.0,1.0699999332427979,-0.06999993324279785,gncbus_cmd,states_vx_gs,-0.25999999046325684,states_theta,-0.061990052461624146,0.3901034789422123,0.22523307454769315,0.5201463721362778,0.5201295717096217,0.5177069932150797,0.5225689506308198,0.517646110029574,0.5226298338163256,0.0,0.0,0.0,1.0,-0.06999993324279785,0.0,0.0,0.0,0.0,0.0,-0.5546486973762512,-0.2946487069129944,0.0,0.0,0.0,0.0
92.938,1.0,1.0699999332427979,-0.06999993324279785,gncbus_cmd,states_vx_gs,-0.25999999046325684,states_theta,-0.05934317409992218,0.39010790486076885,0.2252352603115114,0.5201810471336747,0.5201066991617089,0.5177424990165704,0.5225452472788132,0.5177594673637009,0.5225282789316827,0.0,0.0,0.0,1.0,-0.06999993324279785,0.0,0.0,0.0,0.0,0.0,-0.5491539239883423,-0.28915396332740784,0.0,0.0,0.0,0.0
92.998,1.0,1.0699999332427979,-0.06999993324279785,gncbus_cmd,states_vx_gs,-0.26999998092651367,states_theta,-0.021701637655496597,0.3897382728861872,0.22502155435337992,0.5196847252100442,0.5196173358197883,0.5171940674730857,0.5221079935567468,0.5174449581425178,0.5218571028873147,0.0,0.0,0.0,1.0,-0.06999993324279785,0.0,0.0,0.0,0.0,0.0,-0.5436592102050781,-0.27365919947624207,0.0,0.0,0.0,0.0
93.061,1.0,1.0699999332427979,-0.06999993324279785,gncbus_cmd,states_vx_gs,-0.2800000011920929,states_theta,0.010569950565695763,0.38973205331019944,0.22501799720991378,0.5197310358835667,0.5195544396102985,0.5173298655444853,0.5219556099493798,0.51727463107455,0.5220108444193152,0.0,0.0,0.0,1.0,-0.06999993324279785,0.0,0.0,0.0,0.0,0.0,-0.5381644368171692,-0.2581644356250763,0.0,0.0,0.0,0.0
93.112,1.0,1.0699999332427979,-0.06999993324279785,gncbus_cmd,states_vx_gs,-0.2800000011920929,states_theta,-0.012081252411007881,0.3901237762507697,0.2252444098209383,0.5202668414579039,0.5200632285441487,0.5176842692064844,0.5226458007955682,0.5178706220837394,0.5224594479183132,0.0,0.0,0.0,1.0,-0.06999993324279785,0.0,0.0,0.0,0.0,0.0,-0.532669723033905,-0.25266969203948975,0.0,0.0,0.0,0.0
93.162,1.0,1.0699999332427979,-0.06999993324279785,gncbus_cmd,states_vx_gs,-0.2800000011920929,states_theta,-0.02518044039607048,0.3901153762292908,0.2252395074998451,0.5202317615700083,0.5200759083747672,0.5176037367883589,0.5227039331564166,0.5179572798452013,0.5223503900995742,0.0,0.0,0.0,1.0,-0.06999993324279785,0.0,0.0,0.0,0.0,0.0,-0.5299223065376282,-0.24992232024669647,0.0,0.0,0.0,0.0
93.23,1.0,1.0799999237060547,-0.07999992370605469,gncbus_cmd,states_vx_gs,-0.28999999165534973,states_theta,0.0327642597258091,0.39012196226057916,0.2252431388547225,0.5202348783812479,0.5200903543136298,0.517825803772272,0.5224994289226057,0.5178046711320985,0.5225205615627793,0.0,0.0,0.0,1.0,-0.07999992370605469,0.0,0.0,0.0,0.0,0.0,-0.5043635368347168,-0.21436353027820587,0.0,0.0,0.0,0.0
93.281,1.0,1.0799999237060547,-0.07999992370605469,gncbus_cmd,states_vx_gs,-0.2800000011920929,states_theta,0.10368704050779343,0.39012946311172225,0.2252479826443174,0.5202791392536696,0.5200660957109231,0.517712496845112,0.5226327381194807,0.5177462586642384,0.5225989763003543,0.0,0.0,0.0,1.0,-0.07999992370605469,0.0,0.0,0.0,0.0,0.0,-0.5012236833572388,-0.21122367680072784,0.0,0.0,0.0,0.0
93.338,1.0,1.0799999237060547,-0.07999992370605469,gncbus_cmd,states_vx_gs,-0.26999998092651367,states_theta,0.09010954946279526,0.38977524610676895,0.22504316744261185,0.5198190033399314,0.5195816529447858,0.5172490540085335,0.5221516022761836,0.5173845737780702,0.5220160825066469,0.0,0.0,0.0,1.0,-0.07999992370605469,0.0,0.0,0.0,0.0,0.0,-0.4949439465999603,-0.22494396567344666,0.0,0.0,0.0,0.0
93.389,1.0,1.0799999237060547,-0.07999992370605469,gncbus_cmd,states_vx_gs,-0.26999998092651367,states_theta,-0.021989181637763977,0.3901409160729559,0.2252540163991282,0.5203173594831592,0.52005841671139,0.5177893667652887,0.5225864094292604,0.5179210056547706,0.5224547705397785,0.0,0.0,0.0,1.0,-0.07999992370605469,0.0,0.0,0.0,0.0,0.0,-0.4886642396450043,-0.2186642587184906,0.0,0.0,0.0,0.0
93.442,1.0,1.0799999237060547,-0.07999992370605469,gncbus_cmd,states_vx_gs,-0.26999998092651367,states_theta,-0.025182198733091354,0.3897849520785308,0.22504846989315108,0.5198408563026051,0.519585682573477,0.5173814485690725,0.5220450903070096,0.5173916933488883,0.5220348455271938,0.0,0.0,0.0,1.0,-0.07999992370605469,0.0,0.0,0.0,0.0,0.0,-0.48552438616752625,-0.21552440524101257,0.0,0.0,0.0,0.0
93.495,1.0,1.0799999237060547,-0.07999992370605469,gncbus_cmd,states_vx_gs,-0.2800000011920929,states_theta,0.017224324867129326,0.39016867100469466,0.2252700616977533,0.5203442680151992,0.5201055213306532,0.5179519571063119,0.5224978322395405,0.5178235375631034,0.522626251782749,0.0,0.0,0.0,1.0,-0.07999992370605469,0.0,0.0,0.0,0.0,0.0,-0.4823845326900482,-0.21238455176353455,0.0,0.0,0.0,0.0
93.555,1.0,1.0799999237060547,-0.07999992370605469,gncbus_cmd,states_vx_gs,-0.26999998092651367,states_theta,0.0887821614742279,0.3897878294088899,0.22505034592217074,0.5198377834751282,0.5195964282819114,0.5173321353150544,0.5221020764419853,0.5173660329265477,0.522068178830492,0.0,0.0,0.0,1.0,-0.07999992370605469,0.0,0.0,0.0,0.0,0.0,-0.47610482573509216,-0.2061048448085785,0.0,0.0,0.0,0.0
93.609,1.0,1.0799999237060547,-0.07999992370605469,gncbus_cmd,states_vx_gs,-0.26999998092651367,states_theta,-0.03618624806404114,0.3901825134152874,0.22527785930595506,0.5203671559704242,0.5201195464703423,0.5179265416524467,0.5225601607883198,0.5179598729649079,0.5225268294758586,0.0,0.0,0.0,1.0,-0.07999992370605469,0.0,0.0,0.0,0.0,0.0,-0.4698251187801361,-0.19982513785362244,0.0,0.0,0.0,0.0
93.666,1.0,1.0799999237060547,-0.07999992370605469,gncbus_cmd,states_vx_gs,-0.2800000011920929,states_theta,-0.09681431949138641,0.3897969773913422,0.22505480309456805,0.5197847101760826,0.51967389620083,0.5175997598445442,0.5218588465323685,0.5174471738357423,0.5220114325411703,0.0,0.0,0.0,1.0,-0.07999992370605469,0.0,0.0,0.0,0.0,0.0,-0.4663712680339813,-0.18637126684188843,0.0,0.0,0.0,0.0
93.734,1.0,1.0799999237060547,-0.07999992370605469,gncbus_cmd,states_vx_gs,-0.26999998092651367,states_theta,0.14746569097042084,0.38980846833558147,0.22506287138983333,0.5198323810220634,0.5196568678728205,0.5171755656722449,0.522313683222639,0.5173528537162867,0.5221363951785972,0.0,0.0,0.0,1.0,-0.07999992370605469,0.0,0.0,0.0,0.0,0.0,-0.46009156107902527,-0.1900915801525116,0.0,0.0,0.0,0.0
93.8,1.0,1.0799999237060547,-0.07999992370605469,gncbus_cmd,states_vx_gs,-0.25,states_theta,0.035176485776901245,0.39020647425182486,0.22529229861567274,0.5203898266061993,0.5201607713986671,0.5177377636012983,0.5228128344035681,0.5179868507079912,0.5225637472968752,0.0,0.0,0.0,1.0,-0.07999992370605469,0.0,0.0,0.0,0.0,0.0,-0.4538118541240692,-0.2038118541240692,0.0,0.0,0.0,0.0
93.864,1.0,1.0799999237060547,-0.07999992370605469,gncbus_cmd,states_vx_gs,-0.25,states_theta,0.06449192017316818,0.3902174912508417,0.22529877532431383,0.5204264882802186,0.5201534883886926,0.5178389313735093,0.5227410452954019,0.5178666915551428,0.5227132851137685,0.0,0.0,0.0,1.0,-0.07999992370605469,0.0,0.0,0.0,0.0,0.0,-0.44753214716911316,-0.19753214716911316,0.0,0.0,0.0,0.0
93.916,1.0,1.0799999237060547,-0.07999992370605469,gncbus_cmd,states_vx_gs,-0.23999999463558197,states_theta,-0.02943340875208378,0.38985442321905095,0.22508875916878454,0.5199344723422413,0.5196773229085613,0.5174818733551183,0.5221299218956843,0.517407566602833,0.5222042286479696,0.0,0.0,0.0,1.0,-0.07999992370605469,0.0,0.0,0.0,0.0,0.0,-0.44439229369163513,-0.20439229905605316,0.0,0.0,0.0,0.0
93.974,1.0,1.0799999237060547,-0.07999992370605469,gncbus_cmd,states_vx_gs,-0.25,states_theta,-0.09696086496114731,0.38986614513969736,0.22509507945823207,0.5199438789015276,0.519699174804332,0.5175058102294332,0.5221372434764264,0.5175884041640217,0.5220546495418379,0.0,0.0,0.0,1.0,-0.07999992370605469,0.0,0.0,0.0,0.0,0.0,-0.4381125867366791,-0.18811258673667908,0.0,0.0,0.0,0.0
94.043,1.0,1.0799999237060547,-0.07999992370605469,gncbus_cmd,states_vx_gs,-0.25999999046325684,states_theta,-0.0742354691028595,0.3902399280496284,0.22531056882773406,0.5204566585921122,0.5201831495402303,0.5180680695330451,0.5225717385992974,0.5181477356171011,0.5224920725152413,0.0,0.0,0.0,1.0,-0.07999992370605469,0.0,0.0,0.0,0.0,0.0,-0.431832879781723,-0.171832874417305,0.0,0.0,0.0,0.0
94.094,1.0,1.0799999237060547,-0.07999992370605469,gncbus_cmd,states_vx_gs,-0.25999999046325684,states_theta,0.1801833212375641,0.3898845730687903,0.2251069376240677,0.5199803021594733,0.5197118926906341,0.5173534301759536,0.5223387646741539,0.5173304843836043,0.5223617104665031,0.0,0.0,0.0,1.0,-0.07999992370605469,0.0,0.0,0.0,0.0,0.0,-0.42555317282676697,-0.16555316746234894,0.0,0.0,0.0,0.0
94.146,1.0,1.0799999237060547,-0.07999992370605469,gncbus_cmd,states_vx_gs,-0.23999999463558197,states_theta,0.21648967266082764,0.38987620303147486,0.22510260943643715,0.5199483232491745,0.5197215515014252,0.5172804948450376,0.5223893799055621,0.5172025467528045,0.5224673279977952,0.0,0.0,0.0,1.0,-0.07999992370605469,0.0,0.0,0.0,0.0,0.0,-0.42241331934928894,-0.18241330981254578,0.0,0.0,0.0,0.0
94.214,1.0,1.0699999332427979,-0.06999993324279785,gncbus_cmd,states_vx_gs,-0.20999999344348907,states_theta,0.07565203309059143,0.39026256196325176,0.22532558453642376,0.5204824613338074,0.5202177039015307,0.5177960249362653,0.5229041402990727,0.5177464137065882,0.5229537515287498,0.0,0.0,0.0,1.0,-0.06999993324279785,0.0,0.0,0.0,0.0,0.0,-0.43592292070388794,-0.22592292726039886,0.0,0.0,0.0,0.0
94.28,1.0,1.0699999332427979,-0.06999993324279785,gncbus_cmd,states_vx_gs,-0.2199999988079071,states_theta,-0.07294154167175293,0.38991471987582876,0.2251237478840984,0.5199525374947687,0.5198200488407747,0.5176013801557191,0.5221712061798243,0.5173835223124645,0.5223890640230788,0.0,0.0,0.0,1.0,-0.06999993324279785,0.0,0.0,0.0,0.0,0.0,-0.4304281771183014,-0.2104281783103943,0.0,0.0,0.0,0.0
94.33,1.0,1.0699999332427979,-0.06999993324279785,gncbus_cmd,states_vx_gs,-0.23999999463558197,states_theta,-0.10096514970064163,0.3899289799392621,0.22513150491458062,0.5199750814325244,0.5198355317388412,0.5175978135875211,0.5222127995838445,0.517602533043858,0.5222080801275076,0.0,0.0,0.0,1.0,-0.06999993324279785,0.0,0.0,0.0,0.0,0.0,-0.4276808202266693,-0.19768081605434418,0.0,0.0,0.0,0.0
94.38,1.0,1.0699999332427979,-0.06999993324279785,gncbus_cmd,states_vx_gs,-0.25,states_theta,-0.1782863587141037,0.38994377989498663,0.22513885841608572,0.5200206395888611,0.5198294401311032,0.5178288560512239,0.5220212236687405,0.5179041873983112,0.5219458923216531,0.0,0.0,0.0,1.0,-0.06999993324279785,0.0,0.0,0.0,0.0,0.0,-0.4221860468387604,-0.17218606173992157,0.0,0.0,0.0,0.0
94.446,1.0,1.0699999332427979,-0.06999993324279785,gncbus_cmd,states_vx_gs,-0.2800000011920929,states_theta,-0.024159319698810577,0.38992946977323717,0.2251311642007959,0.5197754946125582,0.5200364247827408,0.5178994269273106,0.5219124924679884,0.5175680149002807,0.5222439044950183,0.0,0.0,0.0,1.0,-0.06999993324279785,0.0,0.0,0.0,0.0,0.0,-0.41669130325317383,-0.13669131696224213,0.0,0.0,0.0,0.0
94.512,1.0,1.0699999332427979,-0.06999993324279785,gncbus_cmd,states_vx_gs,-0.29999998211860657,states_theta,-0.023068498820066452,0.39033374717641983,0.2253647908527439,0.5206031566915212,0.5202868357789316,0.5179849068231707,0.5229050856472822,0.5184871428073287,0.5224028496631242,0.0,0.0,0.0,1.0,-0.06999993324279785,0.0,0.0,0.0,0.0,0.0,-0.4111965596675873,-0.11119658499956131,0.0,0.0,0.0,0.0
94.578,1.0,1.0699999332427979,-0.06999993324279785,gncbus_cmd,states_vx_gs,-0.28999999165534973,states_theta,0.07799378037452698,0.3899724341586473,0.22515685647510467,0.5197551760433067,0.5201713150464194,0.5177942610648782,0.5221322300248479,0.5174413918117995,0.5224850992779266,0.0,0.0,0.0,1.0,-0.06999993324279785,0.0,0.0,0.0,0.0,0.0,-0.40570181608200073,-0.1157018318772316,0.0,0.0,0.0,0.0
94.644,1.0,1.0699999332427979,-0.06999993324279785,gncbus_cmd,states_vx_gs,-0.2800000011920929,states_theta,0.0012350666802376509,0.3899865800991843,0.225164177505334,0.5201568472562562,0.5198073663415687,0.517783225563069,0.5221809880347559,0.5178099718075411,0.5221542417902838,0.0,0.0,0.0,1.0,-0.06999993324279785,0.0,0.0,0.0,0.0,0.0,-0.4002070724964142,-0.12020707875490189,0.0,0.0,0.0,0.0
94.712,1.0,1.0799999237060547,-0.07999992370605469,gncbus_cmd,states_vx_gs,-0.29999998211860657,states_theta,-0.14183330535888672,0.38998784102054723,0.225164146557063,0.5197938184173252,0.5201737576374674,0.5180324491032736,0.521935126951519,0.5178926379747998,0.5220749380799928,0.0,0.0,0.0,1.0,-0.07999992370605469,0.0,0.0,0.0,0.0,0.0,-0.3748445212841034,-0.07484452426433563,0.0,0.0,0.0,0.0
94.762,1.0,1.0799999237060547,-0.07999992370605469,gncbus_cmd,states_vx_gs,-0.29999998211860657,states_theta,0.17103521525859833,0.3900087910481287,0.22517783488628998,0.5200886210296198,0.5199348217653901,0.5172391392299968,0.5227843035650132,0.5181696090820228,0.5218538337129871,0.0,0.0,0.0,1.0,-0.07999992370605469,0.0,0.0,0.0,0.0,0.0,-0.36856478452682495,-0.06856481730937958,0.0,0.0,0.0,0.0
94.823,1.0,1.0799999237060547,-0.07999992370605469,gncbus_cmd,states_vx_gs,-0.26999998092651367,states_theta,0.4138396978378296,0.39000298601780986,0.22517611826845482,0.520113514728202,0.5198944479859576,0.5171248104584877,0.522883152255672,0.5176102686000258,0.5223976941141338,0.0,0.0,0.0,1.0,-0.07999992370605469,0.0,0.0,0.0,0.0,0.0,-0.3654249310493469,-0.09542496502399445,0.0,0.0,0.0,0.0
94.89,1.0,1.0799999237060547,-0.07999992370605469,gncbus_cmd,states_vx_gs,-0.17999999225139618,states_theta,0.4317963719367981,0.390018589981764,0.2251866510760452,0.5199218246665538,0.5201277486181501,0.5171702670561963,0.5228793062285076,0.5170890812204564,0.5229604920642476,0.0,0.0,0.0,1.0,-0.07999992370605469,0.0,0.0,0.0,0.0,0.0,-0.35914522409439087,-0.17914524674415588,0.0,0.0,0.0,0.0
94.956,1.0,1.0699999332427979,-0.06999993324279785,gncbus_cmd,states_vx_gs,-0.11999999731779099,states_theta,0.09904514253139496,0.39003457195328195,0.22519507843443923,0.5200807161983088,0.5200114756771097,0.5173906529840541,0.5227015388913644,0.5171678319660388,0.5229243599093797,0.0,0.0,0.0,1.0,-0.06999993324279785,0.0,0.0,0.0,0.0,0.0,-0.3730080723762512,-0.253008097410202,0.0,0.0,0.0,0.0
95.022,1.0,1.0699999332427979,-0.06999993324279785,gncbus_cmd,states_vx_gs,-0.14999999105930328,states_theta,-0.1782633364200592,0.3900376553048001,0.22519477039308686,0.5200668959654545,0.5200335181806791,0.5178994969076862,0.5222009172384474,0.5174140717785256,0.522686342367608,0.0,0.0,0.0,1.0,-0.06999993324279785,0.0,0.0,0.0,0.0,0.0,-0.3675133287906647,-0.21751335263252258,0.0,0.0,0.0,0.0
95.08,1.0,1.059999942779541,-0.059999942779541016,gncbus_cmd,states_vx_gs,-0.17000000178813934,states_theta,-0.17710748314857483,0.390027395275417,0.2251887662369732,0.5200202071314876,0.5200528469362912,0.5176483702032685,0.5224246838645102,0.5176435976926951,0.5224294563750836,0.0,0.0,0.0,1.0,-0.06999993324279785,0.0,0.0,0.0,0.0,0.0,-0.3647659718990326,-0.20476597547531128,0.0,0.0,0.0,0.0
95.132,1.0,1.059999942779541,-0.059999942779541016,gncbus_cmd,states_vx_gs,-0.19999998807907104,states_theta,-0.284471333026886,0.3900445382569102,0.2251967910979496,0.5201362229907124,0.5199825456943815,0.5179963359212171,0.5221224327638768,0.5181114679619309,0.522007300723163,0.0,0.0,0.0,1.0,-0.059999942779541016,0.0,0.0,0.0,0.0,0.0,-0.37945303320884705,-0.179453045129776,0.0,0.0,0.0,0.0
95.199,1.0,1.059999942779541,-0.059999942779541016,gncbus_cmd,states_vx_gs,-0.26999998092651367,states_theta,-0.3200759291648865,0.3900348181883404,0.2251926305097949,0.5198930080979022,0.520199840404339,0.5180755239749932,0.5220173245272479,0.517445880656568,0.5226469678456731,0.0,0.0,0.0,1.0,-0.059999942779541016,0.0,0.0,0.0,0.0,0.0,-0.37474325299263,-0.10474327206611633,0.0,0.0,0.0,0.0
95.265,1.0,1.059999942779541,-0.059999942779541016,gncbus_cmd,states_vx_gs,-0.26999998092651367,states_theta,0.12729035317897797,0.39002509811977065,0.2251885786720613,0.5202092722070344,0.519857656112354,0.517331018194931,0.5227359101244574,0.5175541799360402,0.5225127483833482,0.0,0.0,0.0,1.0,-0.059999942779541016,0.0,0.0,0.0,0.0,0.0,-0.37003347277641296,-0.1000334843993187,0.0,0.0,0.0,0.0
95.315,1.0,1.059999942779541,-0.059999942779541016,gncbus_cmd,states_vx_gs,-0.22999998927116394,states_theta,0.10526475310325623,0.39004726312379284,0.225200840282892,0.5201887274528689,0.519937307543912,0.517454711457085,0.5226713235396959,0.5176759343543825,0.5224501006423984,0.0,0.0,0.0,1.0,-0.059999942779541016,0.0,0.0,0.0,0.0,0.0,-0.3653236925601959,-0.13532370328903198,0.0,0.0,0.0,0.0
95.367,1.0,1.059999942779541,-0.059999942779541016,gncbus_cmd,states_vx_gs,-0.22999998927116394,states_theta,-0.010149296373128891,0.3900426730699145,0.22519751634641885,0.5199125904467,0.5202012044064054,0.5177094158753631,0.5224043789777423,0.5176544903948973,0.5224593044582081,0.0,0.0,0.0,1.0,-0.059999942779541016,0.0,0.0,0.0,0.0,0.0,-0.3629688024520874,-0.13296879827976227,0.0,0.0,0.0,0.0
95.419,1.0,1.059999942779541,-0.059999942779541016,gncbus_cmd,states_vx_gs,-0.25999999046325684,states_theta,-0.237197607755661,0.39003349296215817,0.22519064699114694,0.5202167834977226,0.5198725310680324,0.5178452059680111,0.522244108597744,0.5181450311891501,0.5219442833766049,0.0,0.0,0.0,1.0,-0.059999942779541016,0.0,0.0,0.0,0.0,0.0,-0.3606139123439789,-0.12061391025781631,0.0,0.0,0.0,0.0
95.473,1.0,1.059999942779541,-0.059999942779541016,gncbus_cmd,states_vx_gs,-0.2800000011920929,states_theta,-0.20595523715019226,0.39002431285440176,0.22518673374147538,0.5197499589560212,0.5203148753223835,0.5181937612805572,0.5218710729978475,0.5172913192033912,0.5227735150750135,0.0,0.0,0.0,1.0,-0.059999942779541016,0.0,0.0,0.0,0.0,0.0,-0.35590413212776184,-0.07590412348508835,0.0,0.0,0.0,0.0
95.54,1.0,1.059999942779541,-0.059999942779541016,gncbus_cmd,states_vx_gs,-0.25999999046325684,states_theta,0.3104550242424011,0.38998791872205363,0.2251673644853169,0.5201823649959122,0.5197854182628975,0.517126141229735,0.5228416420290747,0.5175909180639988,0.5223768651948109,0.0,0.0,0.0,1.0,-0.059999942779541016,0.0,0.0,0.0,0.0,0.0,-0.3511943519115448,-0.09119434654712677,0.0,0.0,0.0,0.0
95.603,1.0,1.059999942779541,-0.059999942779541016,gncbus_cmd,states_vx_gs,-0.20999999344348907,states_theta,0.13522394001483917,0.3899781986534838,0.22516060018746747,0.5198810801092258,0.5200607829667311,0.5173796181600399,0.5225622449159171,0.5177052538323881,0.5222366092435689,0.0,0.0,0.0,1.0,-0.059999942779541016,0.0,0.0,0.0,0.0,0.0,-0.34648454189300537,-0.1364845633506775,0.0,0.0,0.0,0.0
95.666,1.0,1.059999942779541,-0.059999942779541016,gncbus_cmd,states_vx_gs,-0.20999999344348907,states_theta,-0.10618700832128525,0.38996847858491407,0.22515379185701417,0.5200227499248833,0.5198931929682209,0.5175501873680848,0.5223657555250194,0.5179833127832034,0.5219326301099008,0.0,0.0,0.0,1.0,-0.059999942779541016,0.0,0.0,0.0,0.0,0.0,-0.34177476167678833,-0.13177478313446045,0.0,0.0,0.0,0.0
95.733,1.0,1.059999942779541,-0.059999942779541016,gncbus_cmd,states_vx_gs,-0.22999998927116394,states_theta,0.04752630740404129,0.3899587585163443,0.2251487333537186,0.5198241032152837,0.5200659194949677,0.5179286833213191,0.5219613393889323,0.5173726193154123,0.5225174033948391,0.0,0.0,0.0,1.0,-0.059999942779541016,0.0,0.0,0.0,0.0,0.0,-0.3370649814605713,-0.10706499963998795,0.0,0.0,0.0,0.0
95.797,1.0,1.059999942779541,-0.059999942779541016,gncbus_cmd,states_vx_gs,-0.22999998927116394,states_theta,-0.028985220938920975,0.3899490384477745,0.22514239110881035,0.5199735366001982,0.5198905659272005,0.5177889854041804,0.5220751171232183,0.5177440850847741,0.5221200174426246,0.0,0.0,0.0,1.0,-0.059999942779541016,0.0,0.0,0.0,0.0,0.0,-0.33235520124435425,-0.1023552194237709,0.0,0.0,0.0,0.0
95.871,1.0,1.059999942779541,-0.059999942779541016,gncbus_cmd,states_vx_gs,-0.26999998092651367,states_theta,-0.25021666288375854,0.3899393183792047,0.22513671572383917,0.5200063409493971,0.5198318413951488,0.5175014279665842,0.5223367543779618,0.5180712990531187,0.5217668832914273,0.0,0.0,0.0,1.0,-0.059999942779541016,0.0,0.0,0.0,0.0,0.0,-0.3276454210281372,-0.05764544755220413,0.0,0.0,0.0,0.0
95.921,1.0,1.059999942779541,-0.059999942779541016,gncbus_cmd,states_vx_gs,-0.2800000011920929,states_theta,-0.05330894887447357,0.3899344583449199,0.22513535636894008,0.5200641356916151,0.5197610865615045,0.517304694775193,0.5225205274779267,0.5176658009964034,0.5221594212567163,0.0,0.0,0.0,1.0,-0.059999942779541016,0.0,0.0,0.0,0.0,0.0,-0.3252905309200287,-0.04529053717851639,0.0,0.0,0.0,0.0
95.972,1.0,1.059999942779541,-0.059999942779541016,gncbus_cmd,states_vx_gs,-0.23999999463558197,states_theta,0.25443902611732483,0.38992959831063495,0.22513323353067766,0.5197718446878205,0.5200404174738728,0.5174979175710958,0.5223143445905974,0.5172070602815039,0.5226052018801893,0.0,0.0,0.0,1.0,-0.059999942779541016,0.0,0.0,0.0,0.0,0.0,-0.32293564081192017,-0.05293566361069679,0.0,0.0,0.0,0.0
96.028,1.0,1.059999942779541,-0.059999942779541016,gncbus_cmd,states_vx_gs,-0.22999998927116394,states_theta,0.12737363576889038,0.38989234024098546,0.22511051210154437,0.5199625433860169,0.5197503639232777,0.5176190211050895,0.522093886204205,0.5174266449701117,0.5222862623391828,0.0,0.0,0.0,1.0,-0.059999942779541016,0.0,0.0,0.0,0.0,0.0,-0.3182258605957031,-0.08822587132453918,0.0,0.0,0.0,0.0
96.093,1.0,1.059999942779541,-0.059999942779541016,gncbus_cmd,states_vx_gs,-0.22999998927116394,states_theta,-0.1350160837173462,0.38990932123423466,0.22511893485398643,0.5198479247448129,0.5199102652131462,0.517914074852297,0.5218441151056621,0.5177408722661478,0.5220173176918113,0.0,0.0,0.0,1.0,-0.059999942779541016,0.0,0.0,0.0,0.0,0.0,-0.3135160803794861,-0.08351609110832214,0.0,0.0,0.0,0.0
96.16,1.0,1.059999942779541,-0.059999942779541016,gncbus_cmd,states_vx_gs,-0.25999999046325684,states_theta,-0.11882924288511276,0.38989960116566497,0.22511437796203568,0.5197719277442412,0.5199603420308654,0.5175478090998918,0.5221844606752147,0.5176411631347843,0.5220911066403223,0.0,0.0,0.0,1.0,-0.059999942779541016,0.0,0.0,0.0,0.0,0.0,-0.30880630016326904,-0.04880630970001221,0.0,0.0,0.0,0.0
96.227,1.0,1.059999942779541,-0.059999942779541016,gncbus_cmd,states_vx_gs,-0.25999999046325684,states_theta,0.046531252562999725,0.3898898810970951,0.22510803596407136,0.519685110284569,0.5200212393076846,0.5177945774048444,0.5219117721874093,0.517673072895321,0.5220332766969326,0.0,0.0,0.0,1.0,-0.059999942779541016,0.0,0.0,0.0,0.0,0.0,-0.304096519947052,-0.04409652575850487,0.0,0.0,0.0,0.0
96.293,1.0,1.059999942779541,-0.059999942779541016,gncbus_cmd,states_vx_gs,-0.26999998092651367,states_theta,-0.046505995094776154,0.3899075100433204,0.22511910225730483,0.5200507638543836,0.5197025962611375,0.517314165396841,0.5224391947186801,0.5178711459457422,0.5218822141697789,0.0,0.0,0.0,1.0,-0.059999942779541016,0.0,0.0,0.0,0.0,0.0,-0.29938673973083496,-0.02938675321638584,0.0,0.0,0.0,0.0
96.356,1.0,1.059999942779541,-0.059999942779541016,gncbus_cmd,states_vx_gs,-0.23999999463558197,states_theta,0.20224063098430634,0.38992511195280843,0.2251295438815014,0.519866404635092,0.5199338939057305,0.5176872741181239,0.5221130244226987,0.5174053046891908,0.5223949938516318,0.0,0.0,0.0,1.0,-0.059999942779541016,0.0,0.0,0.0,0.0,0.0,-0.2946769595146179,-0.05467695742845535,0.0,0.0,0.0,0.0
96.42,1.0,1.059999942779541,-0.059999942779541016,gncbus_cmd,states_vx_gs,-0.22999998927116394,states_theta,-0.03937876224517822,0.3903074703773152,0.22534889418407325,0.5204623203309747,0.5203576006751992,0.518433309780462,0.522386611225712,0.5182440179393671,0.5225759030668068,0.0,0.0,0.0,1.0,-0.059999942779541016,0.0,0.0,0.0,0.0,0.0,-0.2897316813468933,-0.05973169207572937,0.0,0.0,0.0,0.0
96.485,1.0,1.059999942779541,-0.059999942779541016,gncbus_cmd,states_vx_gs,-0.23999999463558197,states_theta,0.03246093541383743,0.3899523343533745,0.2251443451227807,0.5199885636245128,0.5198843279844859,0.5177836277255335,0.5220892638834652,0.5177372495300644,0.5221356420789344,0.0,0.0,0.0,1.0,-0.059999942779541016,0.0,0.0,0.0,0.0,0.0,-0.28502190113067627,-0.0450219064950943,0.0,0.0,0.0,0.0
96.557,1.0,1.059999942779541,-0.059999942779541016,gncbus_cmd,states_vx_gs,-0.25999999046325684,states_theta,-0.16594034433364868,0.389971907287749,0.22515516092911725,0.5199443223428806,0.5199807637577833,0.5177284424860342,0.5221966436146297,0.518062594836582,0.5218624912640819,0.0,0.0,0.0,1.0,-0.059999942779541016,0.0,0.0,0.0,0.0,0.0,-0.28031212091445923,-0.020312126725912094,0.0,0.0,0.0,0.0
96.609,1.0,1.059999942779541,-0.059999942779541016,gncbus_cmd,states_vx_gs,-0.25,states_theta,0.1832941472530365,0.38998180819250305,0.22516255209633462,0.5202529103768027,0.5196985781365387,0.517143496222502,0.5228079922908394,0.5180995633767339,0.5218519251366075,0.0,0.0,0.0,1.0,-0.059999942779541016,0.0,0.0,0.0,0.0,0.0,-0.2756023406982422,-0.02560233511030674,0.0,0.0,0.0,0.0
96.662,1.0,1.059999942779541,-0.059999942779541016,gncbus_cmd,states_vx_gs,-0.2199999988079071,states_theta,0.4019697904586792,0.39000537722351164,0.22517756089894594,0.5200346589996334,0.5199796802630643,0.5173280310863491,0.5226863081763486,0.5173680713799496,0.5226462678827482,0.0,0.0,0.0,1.0,-0.059999942779541016,0.0,0.0,0.0,0.0,0.0,-0.27324745059013367,-0.053247444331645966,0.0,0.0,0.0,0.0
96.726,1.0,1.0499999523162842,-0.04999995231628418,gncbus_cmd,states_vx_gs,-0.17000000178813934,states_theta,0.157928004860878,0.3900259222508321,0.22518903180678074,0.5200471136097555,0.5200220123924635,0.5174980863497004,0.5225710396525186,0.5173876258722653,0.5226815001299537,0.0,0.0,0.0,1.0,-0.04999995231628418,0.0,0.0,0.0,0.0,0.0,-0.28852322697639465,-0.11852323263883591,0.0,0.0,0.0,0.0
96.792,1.0,1.0499999523162842,-0.04999995231628418,gncbus_cmd,states_vx_gs,-0.17000000178813934,states_theta,-0.13807328045368195,0.39001998216639805,0.22518391874771776,0.5199879600291137,0.5200653257479477,0.5178094916453996,0.5222437941316619,0.5176836087701479,0.5223696770069136,0.0,0.0,0.0,1.0,-0.04999995231628418,0.0,0.0,0.0,0.0,0.0,-0.2845984101295471,-0.11459840834140778,0.0,0.0,0.0,0.0
96.858,1.0,1.0499999523162842,-0.04999995231628418,gncbus_cmd,states_vx_gs,-0.2199999988079071,states_theta,-0.27046775817871094,0.39004152606918563,0.22519504333297968,0.5201564691541622,0.5199542670303328,0.5179035573076117,0.5222071788768833,0.5182113928428175,0.5218993433416775,0.0,0.0,0.0,1.0,-0.04999995231628418,0.0,0.0,0.0,0.0,0.0,-0.2806735932826996,-0.06067359447479248,0.0,0.0,0.0,0.0
96.923,1.0,1.0499999523162842,-0.04999995231628418,gncbus_cmd,states_vx_gs,-0.20999999344348907,states_theta,0.19285228848457336,0.39004977996904,0.22520232266038887,0.5199725928532815,0.5201601537308251,0.5177540266174541,0.5223787199666525,0.5173804260179324,0.5227523205661742,0.0,0.0,0.0,1.0,-0.04999995231628418,0.0,0.0,0.0,0.0,0.0,-0.27674877643585205,-0.06674878299236298,0.0,0.0,0.0,0.0
96.99,1.0,1.0499999523162842,-0.04999995231628418,gncbus_cmd,states_vx_gs,-0.19999998807907104,states_theta,0.024202222004532814,0.39007207996326543,0.2252143368001754,0.5201489467631789,0.5200432664721956,0.5178567616354994,0.522335451599875,0.5176461159679839,0.5225460972673905,0.0,0.0,0.0,1.0,-0.04999995231628418,0.0,0.0,0.0,0.0,0.0,-0.2728239595890045,-0.07282397150993347,0.0,0.0,0.0,0.0
97.04,1.0,1.0399999618530273,-0.039999961853027344,gncbus_cmd,states_vx_gs,-0.2199999988079071,states_theta,-0.24385815858840942,0.3900674899093873,0.22521029811034401,0.5199607034072502,0.5202192696844492,0.5181600447961366,0.5220199282955628,0.5179044587912199,0.5222755143004795,0.0,0.0,0.0,1.0,-0.04999995231628418,0.0,0.0,0.0,0.0,0.0,-0.27086153626441956,-0.0708615630865097,0.0,0.0,0.0,0.0
97.095,1.0,1.0399999618530273,-0.039999961853027344,gncbus_cmd,states_vx_gs,-0.25,states_theta,-0.24830669164657593,0.3900901408781413,0.225224112227521,0.520307539980424,0.5199328356946196,0.5176217162621927,0.5226186594128509,0.5182312445992275,0.522009131075816,0.0,0.0,0.0,1.0,-0.039999961853027344,0.0,0.0,0.0,0.0,0.0,-0.28692230582237244,-0.03692229837179184,0.0,0.0,0.0,0.0
97.167,1.0,1.0399999618530273,-0.039999961853027344,gncbus_cmd,states_vx_gs,-0.23999999463558197,states_theta,0.18832916021347046,0.3900860907850765,0.2252225509123795,0.5199053582165728,0.5203242172102979,0.5180736780579275,0.5221558973689432,0.5174623416850354,0.5227672337418353,0.0,0.0,0.0,1.0,-0.039999961853027344,0.0,0.0,0.0,0.0,0.0,-0.2837824523448944,-0.04378245025873184,0.0,0.0,0.0,0.0
97.23,1.0,1.0399999618530273,-0.039999961853027344,gncbus_cmd,states_vx_gs,-0.22999998927116394,states_theta,-0.017669757828116417,0.39008204069201174,0.22521960006492708,0.5202899594809712,0.5199288156977268,0.5177194834498491,0.5224992917288489,0.5180123726411403,0.5222064025375577,0.0,0.0,0.0,1.0,-0.039999961853027344,0.0,0.0,0.0,0.0,0.0,-0.2806425988674164,-0.050642598420381546,0.0,0.0,0.0,0.0
97.296,1.0,1.0399999618530273,-0.039999961853027344,gncbus_cmd,states_vx_gs,-0.23999999463558197,states_theta,-0.1382083147764206,0.3900505605900299,0.22520046998462032,0.5198493081298182,0.5202855201102615,0.5182894186949072,0.5218454095451726,0.5177845507662813,0.5223502774737985,0.0,0.0,0.0,1.0,-0.039999961853027344,0.0,0.0,0.0,0.0,0.0,-0.27750274538993835,-0.03750273957848549,0.0,0.0,0.0,0.0
97.36,1.0,1.0399999618530273,-0.039999961853027344,gncbus_cmd,states_vx_gs,-0.25999999046325684,states_theta,0.008166145533323288,0.3900459705361516,0.22519890546929686,0.5202910250613886,0.5198315630350157,0.5174116922679477,0.5227108958284565,0.518243945147481,0.5218786429489233,0.0,0.0,0.0,1.0,-0.039999961853027344,0.0,0.0,0.0,0.0,0.0,-0.2743628919124603,-0.014362889342010021,0.0,0.0,0.0,0.0
97.427,1.0,1.0399999618530273,-0.039999961853027344,gncbus_cmd,states_vx_gs,-0.23999999463558197,states_theta,0.24068281054496765,0.39001413945964103,0.2251813461008306,0.5197878536987668,0.5202498515269427,0.5178476688899335,0.522190036335776,0.5173576830807235,0.522680022144986,0.0,0.0,0.0,1.0,-0.039999961853027344,0.0,0.0,0.0,0.0,0.0,-0.2712230384349823,-0.031223030760884285,0.0,0.0,0.0,0.0
97.493,1.0,1.0399999618530273,-0.039999961853027344,gncbus_cmd,states_vx_gs,-0.2199999988079071,states_theta,-0.03581060469150543,0.38999532841019724,0.22516843541163184,0.5201737974302435,0.5198137449969492,0.5180328532604882,0.5219546891667045,0.5179254292380392,0.5220621131891535,0.0,0.0,0.0,1.0,-0.039999961853027344,0.0,0.0,0.0,0.0,0.0,-0.2680831551551819,-0.048083171248435974,0.0,0.0,0.0,0.0
97.566,1.0,1.0399999618530273,-0.039999961853027344,gncbus_cmd,states_vx_gs,-0.25999999046325684,states_theta,-0.24152781069278717,0.3899628222713304,0.22515163402939672,0.5198631173501753,0.520037742040039,0.5175167392052297,0.5223841201849847,0.5175492328084442,0.5223516265817701,0.0,0.0,0.0,1.0,-0.039999961853027344,0.0,0.0,0.0,0.0,0.0,-0.26494330167770386,-0.004943324718624353,0.0,0.0,0.0,0.0
97.636,1.0,1.0399999618530273,-0.039999961853027344,gncbus_cmd,states_vx_gs,-0.22999998927116394,states_theta,0.15389348566532135,0.3899568821868962,0.22514713716063453,0.5200090617866712,0.5198759573783854,0.5175732401906554,0.5223117789744012,0.5179039643566297,0.5219810548084269,0.0,0.0,0.0,1.0,-0.039999961853027344,0.0,0.0,0.0,0.0,0.0,-0.26180344820022583,-0.031803470104932785,0.0,0.0,0.0,0.0
97.705,1.0,1.0399999618530273,-0.039999961853027344,gncbus_cmd,states_vx_gs,-0.23999999463558197,states_theta,-0.10834410786628723,0.3899235390561372,0.22512727191617182,0.5197730281618536,0.5200230759878457,0.5179139242312742,0.521882179918425,0.5177270076312479,0.5220690965184513,0.0,0.0,0.0,1.0,-0.039999961853027344,0.0,0.0,0.0,0.0,0.0,-0.2586635947227478,-0.018663611263036728,0.0,0.0,0.0,0.0
97.772,1.0,1.0399999618530273,-0.039999961853027344,gncbus_cmd,states_vx_gs,-0.25,states_theta,-0.06510750949382782,0.3899170590101913,0.22512386754941863,0.519978278626321,0.5198005454008559,0.5176870621234428,0.522091761903734,0.5177884178576575,0.5219904061695193,0.0,0.0,0.0,1.0,-0.039999961853027344,0.0,0.0,0.0,0.0,0.0,-0.2555237412452698,-0.005523751024156809,0.0,0.0,0.0,0.0
97.822,1.0,1.0399999618530273,-0.039999961853027344,gncbus_cmd,states_vx_gs,-0.25,states_theta,0.10233835875988007,0.3898866319606673,0.22510693149020886,0.519683739769359,0.5200139454590871,0.5179412965116518,0.5217563887167943,0.5172522962239047,0.5224453890045414,0.0,0.0,0.0,1.0,-0.039999961853027344,0.0,0.0,0.0,0.0,0.0,-0.25238388776779175,-0.0023838961496949196,0.0,0.0,0.0,0.0
97.874,1.0,1.0399999618530273,-0.039999961853027344,gncbus_cmd,states_vx_gs,-0.23999999463558197,states_theta,0.08571802079677582,0.38988312195728747,0.22510484355041968,0.5197201055607182,0.5199682196587151,0.5177865281665537,0.5219017970528796,0.5173848821794964,0.5223034430399369,0.0,0.0,0.0,1.0,-0.039999961853027344,0.0,0.0,0.0,0.0,0.0,-0.25081396102905273,-0.010813973844051361,0.0,0.0,0.0,0.0
97.924,1.0,1.0399999618530273,-0.039999961853027344,gncbus_cmd,states_vx_gs,-0.22999998927116394,states_theta,-0.045180290937423706,0.3898761019505282,0.22510019121357708,0.5199369998890747,0.5197326053123338,0.5175756449918327,0.5220939602095758,0.5178090671827527,0.5218605380186558,0.0,0.0,0.0,1.0,-0.039999961853027344,0.0,0.0,0.0,0.0,0.0,-0.2476741075515747,-0.017674123868346214,0.0,0.0,0.0,0.0
97.976,1.0,1.0399999618530273,-0.039999961853027344,gncbus_cmd,states_vx_gs,-0.22999998927116394,states_theta,-0.05420365557074547,0.38986906843832225,0.22509613459060374,0.5199190042497903,0.5197318449190691,0.5178277794554339,0.5218230697134255,0.5175394118936057,0.5221114372752537,0.0,0.0,0.0,1.0,-0.039999961853027344,0.0,0.0,0.0,0.0,0.0,-0.2461041808128357,-0.0161041971296072,0.0,0.0,0.0,0.0
98.042,1.0,1.0399999618530273,-0.039999961853027344,gncbus_cmd,states_vx_gs,-0.23999999463558197,states_theta,0.002003156114369631,0.3898620484315629,0.2250922516171151,0.5200074735476822,0.5196246556031522,0.5174777318491491,0.5221543973016852,0.5178093827592088,0.5218227463916255,0.0,0.0,0.0,1.0,-0.039999961853027344,0.0,0.0,0.0,0.0,0.0,-0.24296432733535767,-0.0029643371235579252,0.0,0.0,0.0,0.0
98.109,1.0,1.0399999618530273,-0.039999961853027344,gncbus_cmd,states_vx_gs,-0.22999998927116394,states_theta,0.03732550889253616,0.3898824584337206,0.22510382403278112,0.5198046752596961,0.5198818805635588,0.5178628191856685,0.5218237366375864,0.5175569101883539,0.5221296456349009,0.0,0.0,0.0,1.0,-0.039999961853027344,0.0,0.0,0.0,0.0,0.0,-0.23982447385787964,-0.009824487380683422,0.0,0.0,0.0,0.0
98.178,1.0,1.0399999618530273,-0.039999961853027344,gncbus_cmd,states_vx_gs,-0.23999999463558197,states_theta,-0.024747958406805992,0.39027891544110715,0.2253330791927918,0.5203311001089888,0.5204126744006303,0.5180424285292615,0.5227013459803576,0.5182784478299793,0.5224653266796397,0.0,0.0,0.0,1.0,-0.039999961853027344,0.0,0.0,0.0,0.0,0.0,-0.2366846203804016,0.0033153723925352097,0.0,0.0,0.0,0.0
98.243,1.0,1.0399999618530273,-0.039999961853027344,gncbus_cmd,states_vx_gs,-0.22999998927116394,states_theta,0.10742120444774628,0.38992776037597854,0.2251311934298204,0.5198363826750351,0.5199709783275744,0.5175487440558227,0.5222586169467868,0.5174976429332111,0.5223097180693984,0.0,0.0,0.0,1.0,-0.039999961853027344,0.0,0.0,0.0,0.0,0.0,-0.23354476690292358,-0.003544778097420931,0.0,0.0,0.0,0.0
98.295,1.0,1.0399999618530273,-0.039999961853027344,gncbus_cmd,states_vx_gs,-0.19999998807907104,states_theta,-0.01741330511868,0.38992506031399354,0.22512876276158678,0.5198310845660281,0.5199690762712881,0.5177153808475585,0.5220847799897577,0.5176659355906992,0.522134225246617,0.0,0.0,0.0,1.0,-0.039999961853027344,0.0,0.0,0.0,0.0,0.0,-0.23040491342544556,-0.03040492534637451,0.0,0.0,0.0,0.0
98.348,1.0,1.0399999618530273,-0.039999961853027344,gncbus_cmd,states_vx_gs,-0.2199999988079071,states_theta,-0.20728977024555206,0.39031129472920073,0.2253505668153474,0.520333283491108,0.5204968357867606,0.5184961657918115,0.5223339534860572,0.5184282806346374,0.5224018386432312,0.0,0.0,0.0,1.0,-0.039999961853027344,0.0,0.0,0.0,0.0,0.0,-0.22883498668670654,-0.008834986947476864,0.0,0.0,0.0,0.0
98.403,1.0,1.0399999618530273,-0.039999961853027344,gncbus_cmd,states_vx_gs,-0.23999999463558197,states_theta,0.052183590829372406,0.38996191573570166,0.2251497930935515,0.5198807736086446,0.5200176683532265,0.5177413680434323,0.5221570739184388,0.517841207311997,0.5220572346498741,0.0,0.0,0.0,1.0,-0.039999961853027344,0.0,0.0,0.0,0.0,0.0,-0.22726505994796753,0.01273493655025959,0.0,0.0,0.0,0.0
98.462,1.0,1.0399999618530273,-0.039999961853027344,gncbus_cmd,states_vx_gs,-0.23999999463558197,states_theta,-0.06456557661294937,0.3899846746966185,0.22516269737386,0.5199938443808225,0.5199652881434935,0.5180170534708489,0.5219420790534671,0.5177329027954608,0.5222262297288552,0.0,0.0,0.0,1.0,-0.039999961853027344,0.0,0.0,0.0,0.0,0.0,-0.2241252064704895,0.015874791890382767,0.0,0.0,0.0,0.0
98.512,1.0,1.0399999618530273,-0.039999961853027344,gncbus_cmd,states_vx_gs,-0.22999998927116394,states_theta,0.07693484425544739,0.3900096747058729,0.22517776792761857,0.5197737013113335,0.5202520979043275,0.5182251712173102,0.5218006279983508,0.5174064330481377,0.5226193661675232,0.0,0.0,0.0,1.0,-0.039999961853027344,0.0,0.0,0.0,0.0,0.0,-0.22098535299301147,0.009014640934765339,0.0,0.0,0.0,0.0
98.565,1.0,1.0399999618530273,-0.039999961853027344,gncbus_cmd,states_vx_gs,-0.20999999344348907,states_theta,0.25347205996513367,0.3900079196399217,0.22517774768039933,0.5200356780543695,0.5199854409854218,0.5175069677906597,0.5225141512491315,0.5176510913517035,0.5223700276880877,0.0,0.0,0.0,1.0,-0.039999961853027344,0.0,0.0,0.0,0.0,0.0,-0.21941542625427246,-0.009415427222847939,0.0,0.0,0.0,0.0
98.617,1.0,1.0399999618530273,-0.039999961853027344,gncbus_cmd,states_vx_gs,-0.1899999976158142,states_theta,-0.0066852574236691,0.3900181715577612,0.2251825709337359,0.5200612568171132,0.51998720067025,0.5175911866083645,0.5224572708789987,0.5180390124199856,0.5220094450673776,0.0,0.0,0.0,1.0,-0.039999961853027344,0.0,0.0,0.0,0.0,0.0,-0.21784549951553345,-0.02784549631178379,0.0,0.0,0.0,0.0
98.676,1.0,1.0299999713897705,-0.029999971389770508,gncbus_cmd,states_vx_gs,-0.17999999225139618,states_theta,0.06496945023536682,0.3900423615525761,0.22519613650317502,0.5199822934993285,0.5201306706408745,0.5180462833858931,0.5220666807543098,0.5177993215119702,0.5223136426282328,0.0,0.0,0.0,1.0,-0.029999971389770508,0.0,0.0,0.0,0.0,0.0,-0.2342987209558487,-0.05429873242974281,0.0,0.0,0.0,0.0
98.744,1.0,1.0299999713897705,-0.029999971389770508,gncbus_cmd,states_vx_gs,-0.2199999988079071,states_theta,-0.22582000494003296,0.3900667945169833,0.22521040231538317,0.5200985534065323,0.5200795653054231,0.5179661659628456,0.5222119527491098,0.5178704491170922,0.5223076695948632,0.0,0.0,0.0,1.0,-0.029999971389770508,0.0,0.0,0.0,0.0,0.0,-0.23182609677314758,-0.011826091445982456,0.0,0.0,0.0,0.0
98.812,1.0,1.0299999713897705,-0.029999971389770508,gncbus_cmd,states_vx_gs,-0.2199999988079071,states_theta,0.016504084691405296,0.3900646344159862,0.2252098339749487,0.520049050343135,0.5201233080994949,0.5178266300428817,0.5223457283997482,0.5177314027386802,0.5224409557039497,0.0,0.0,0.0,1.0,-0.029999971389770508,0.0,0.0,0.0,0.0,0.0,-0.22947120666503906,-0.009471200406551361,0.0,0.0,0.0,0.0
98.879,1.0,1.0299999713897705,-0.029999971389770508,gncbus_cmd,states_vx_gs,-0.19999998807907104,states_theta,0.10692617297172546,0.39008979633174357,0.22522386388195736,0.5202235580490409,0.5200158988356087,0.5176879007789638,0.5225515561056858,0.5181621929729027,0.5220772639117469,0.0,0.0,0.0,1.0,-0.029999971389770508,0.0,0.0,0.0,0.0,0.0,-0.22711630165576935,-0.0271163210272789,0.0,0.0,0.0,0.0
98.945,1.0,1.0299999713897705,-0.029999971389770508,gncbus_cmd,states_vx_gs,-0.19999998807907104,states_theta,0.015859859064221382,0.39008817619156,0.22522231216368202,0.5200416839439784,0.5201934525668482,0.5181440945161621,0.5220910419946646,0.5179391232943361,0.5222960132164906,0.0,0.0,0.0,1.0,-0.029999971389770508,0.0,0.0,0.0,0.0,0.0,-0.22476141154766083,-0.02476142905652523,0.0,0.0,0.0,0.0
99.011,1.0,1.0299999713897705,-0.029999971389770508,gncbus_cmd,states_vx_gs,-0.2199999988079071,states_theta,-0.12475930899381638,0.3900865560513763,0.22522139388550244,0.5201633677790436,0.5200674483579599,0.5180822440942486,0.5221485720427549,0.5179845124031922,0.5222463037338113,0.0,0.0,0.0,1.0,-0.029999971389770508,0.0,0.0,0.0,0.0,0.0,-0.2224065214395523,-0.0024065272882580757,0.0,0.0,0.0,0.0
99.077,1.0,1.0299999713897705,-0.029999971389770508,gncbus_cmd,states_vx_gs,-0.22999998927116394,states_theta,0.013068979606032372,0.39008493591119275,0.22522127608732395,0.5200767823945575,0.5201497133686231,0.51783853648322,0.5223879592799606,0.5178829560889527,0.5223435396742279,0.0,0.0,0.0,1.0,-0.029999971389770508,0.0,0.0,0.0,0.0,0.0,-0.2200516313314438,0.009948354214429855,0.0,0.0,0.0,0.0
99.145,1.0,1.0299999713897705,-0.029999971389770508,gncbus_cmd,states_vx_gs,-0.20999999344348907,states_theta,0.05583479255437851,0.3900559937542547,0.22520430005615777,0.5200899051848885,0.520059411493124,0.5178003360798888,0.5223489805981236,0.5179541404528296,0.5221951762251829,0.0,0.0,0.0,1.0,-0.029999971389770508,0.0,0.0,0.0,0.0,0.0,-0.21769674122333527,-0.007696750573813915,0.0,0.0,0.0,0.0
99.212,1.0,1.0299999713897705,-0.029999971389770508,gncbus_cmd,states_vx_gs,-0.19999998807907104,states_theta,0.029048742726445198,0.3900538336532577,0.22520262837747493,0.5200629634175564,0.5200805929911307,0.5180126450486677,0.5221309113600194,0.5179120694350654,0.5222314869736218,0.0,0.0,0.0,1.0,-0.029999971389770508,0.0,0.0,0.0,0.0,0.0,-0.21534185111522675,-0.01534186489880085,0.0,0.0,0.0,0.0
99.276,1.0,1.0299999713897705,-0.029999971389770508,gncbus_cmd,states_vx_gs,-0.20999999344348907,states_theta,-0.020494181662797928,0.39002416254032457,0.22518613994421458,0.519873390022341,0.5201910434185245,0.517950298364942,0.5221141350759235,0.5176445271327295,0.5224199063081361,0.0,0.0,0.0,1.0,-0.029999971389770508,0.0,0.0,0.0,0.0,0.0,-0.21298696100711823,-0.002986968494951725,0.0,0.0,0.0,0.0
99.345,1.0,1.0199999809265137,-0.019999980926513672,gncbus_cmd,states_vx_gs,-0.20999999344348907,states_theta,-0.020526953041553497,0.3899941134546999,0.22516888160028425,0.5201017006919594,0.519882601853907,0.5176058014997956,0.5223785010460708,0.517867002081332,0.5221173004645344,0.0,0.0,0.0,1.0,-0.019999980926513672,0.0,0.0,0.0,0.0,0.0,-0.23057839274406433,-0.020578397437930107,0.0,0.0,0.0,0.0
99.409,1.0,1.0199999809265137,-0.019999980926513672,gncbus_cmd,states_vx_gs,-0.20999999344348907,states_theta,-0.04646087810397148,0.3899772464364499,0.22515896577893144,0.5199754660736837,0.5199638577568493,0.5177748726842655,0.5221644511462675,0.5177145865533543,0.5222247372771787,0.0,0.0,0.0,1.0,-0.019999980926513672,0.0,0.0,0.0,0.0,0.0,-0.22900846600532532,-0.019008470699191093,0.0,0.0,0.0,0.0
99.475,1.0,1.0199999809265137,-0.019999980926513672,gncbus_cmd,states_vx_gs,-0.20999999344348907,states_theta,-0.054259367287158966,0.3899462522817726,0.22514089013378816,0.5199534187020673,0.5199032540493262,0.5176940634953947,0.5221626092559989,0.5177875861073725,0.5220690866440211,0.0,0.0,0.0,1.0,-0.019999980926513672,0.0,0.0,0.0,0.0,0.0,-0.2274385392665863,-0.01743854396045208,0.0,0.0,0.0,0.0
99.529,1.0,1.0199999809265137,-0.019999980926513672,gncbus_cmd,states_vx_gs,-0.2199999988079071,states_theta,-0.06160994619131088,0.3899170672067298,0.22512381814790838,0.5200983994769961,0.5196804464076168,0.5174256957469019,0.522353150137711,0.5181397653696946,0.5216390805149183,0.0,0.0,0.0,1.0,-0.019999980926513672,0.0,0.0,0.0,0.0,0.0,-0.2258686125278473,-0.005868610925972462,0.0,0.0,0.0,0.0
99.58,1.0,1.0199999809265137,-0.019999980926513672,gncbus_cmd,states_vx_gs,-0.2199999988079071,states_theta,0.00322234770283103,0.3898853981184633,0.2251054815051961,0.5196971241441889,0.5199972708383799,0.5180126449373583,0.5216817500452104,0.51746149947911,0.5222328955034587,0.0,0.0,0.0,1.0,-0.019999980926513672,0.0,0.0,0.0,0.0,0.0,-0.22508364915847778,-0.0050836470909416676,0.0,0.0,0.0,0.0
99.642,1.0,1.0199999809265137,-0.019999980926513672,gncbus_cmd,states_vx_gs,-0.2199999988079071,states_theta,-0.009225946851074696,0.3898828331111175,0.22510414203856402,0.5199251754059541,0.519762379557026,0.517547934384391,0.5221396205785891,0.5178296298069818,0.5218579251559983,0.0,0.0,0.0,1.0,-0.019999980926513672,0.0,0.0,0.0,0.0,0.0,-0.22351372241973877,-0.003513719653710723,0.0,0.0,0.0,0.0
99.707,1.0,1.0199999809265137,-0.019999980926513672,gncbus_cmd,states_vx_gs,-0.23999999463558197,states_theta,-0.1180172860622406,0.38986392752342625,0.22509241423799836,0.5199344302194293,0.5197027098430407,0.5178097218723259,0.5218274181901441,0.517863682958952,0.521773457103518,0.0,0.0,0.0,1.0,-0.019999980926513672,0.0,0.0,0.0,0.0,0.0,-0.22194379568099976,0.018056202679872513,0.0,0.0,0.0,0.0
99.77,1.0,1.0199999809265137,-0.019999980926513672,gncbus_cmd,states_vx_gs,-0.23999999463558197,states_theta,0.07301576435565948,0.38985852739945615,0.22509018933350491,0.5199178542458897,0.5197048854859935,0.5176998027523152,0.5219229369795679,0.5175734912401386,0.5220492484917445,0.0,0.0,0.0,1.0,-0.019999980926513672,0.0,0.0,0.0,0.0,0.0,-0.22037386894226074,0.019626131281256676,0.0,0.0,0.0,0.0
99.82,1.0,1.0199999809265137,-0.019999980926513672,gncbus_cmd,states_vx_gs,-0.22999998927116394,states_theta,-0.026447772979736328,0.38985312727548616,0.22508669851779933,0.5199494656229853,0.5196588737783112,0.5176222600152951,0.5219860793860014,0.5177980717081705,0.521810267693126,0.0,0.0,0.0,1.0,-0.019999980926513672,0.0,0.0,0.0,0.0,0.0,-0.21958890557289124,0.010411089286208153,0.0,0.0,0.0,0.0
99.886,1.0,1.0199999809265137,-0.019999980926513672,gncbus_cmd,states_vx_gs,-0.22999998927116394,states_theta,-0.04665685072541237,0.3898477271515161,0.22508405546991572,0.5199725459272596,0.51962139314345,0.5176977634464284,0.5218961756242813,0.5175114804718843,0.5220824585988253,0.0,0.0,0.0,1.0,-0.019999980926513672,0.0,0.0,0.0,0.0,0.0,-0.21801897883415222,0.011981016956269741,0.0,0.0,0.0,0.0
99.939,1.0,1.0199999809265137,-0.019999980926513672,gncbus_cmd,states_vx_gs,-0.2199999988079071,states_theta,0.059000395238399506,0.38985860008057194,0.22509038105606696,0.5200015783377665,0.5196213552104254,0.5175615409310838,0.5220613926171082,0.5176551911010284,0.5219677424471635,0.0,0.0,0.0,1.0,-0.019999980926513672,0.0,0.0,0.0,0.0,0.0,-0.2164490520954132,0.0035509534645825624,0.0,0.0,0.0,0.0
99.99,1.0,1.0199999809265137,-0.019999980926513672,gncbus_cmd,states_vx_gs,-0.2199999988079071,states_theta,-0.05706603080034256,0.3898831141076145,0.2251039397337127,0.5199767691369763,0.5197115351499957,0.5177099868405656,0.5219783174464064,0.5178179247589528,0.5218703795280192,0.0,0.0,0.0,1.0,-0.019999980926513672,0.0,0.0,0.0,0.0,0.0,-0.2156640887260437,0.004335917066782713,0.0,0.0,0.0,0.0
100.057,1.0,1.0199999809265137,-0.019999980926513672,gncbus_cmd,states_vx_gs,-0.22999998927116394,states_theta,0.029173724353313446,0.3899089780880995,0.22511919730543833,0.5197222119875874,0.5200350629140112,0.5179735277118647,0.521783747189734,0.5175101333951111,0.5222471415064875,0.0,0.0,0.0,1.0,-0.019999980926513672,0.0,0.0,0.0,0.0,0.0,-0.2140941470861435,0.01590583473443985,0.0,0.0,0.0,0.0
100.107,1.0,1.0199999809265137,-0.019999980926513672,gncbus_cmd,states_vx_gs,-0.2199999988079071,states_theta,-0.0009779944084584713,0.38993195305082146,0.22513239724428108,0.5200537612659457,0.5197647802029115,0.5175959131083921,0.5222226283604651,0.5179662555251593,0.5218522859436979,0.0,0.0,0.0,1.0,-0.019999980926513672,0.0,0.0,0.0,0.0,0.0,-0.213309183716774,0.016690798103809357,0.0,0.0,0.0,0.0
100.162,1.0,1.0199999809265137,-0.019999980926513672,gncbus_cmd,states_vx_gs,-0.22999998927116394,states_theta,-0.09368611127138138,0.38994472192506974,0.22513962217744618,0.5199403108893713,0.5199122809108147,0.5178445293327743,0.5220080624674117,0.5177934405231683,0.5220591512770176,0.0,0.0,0.0,1.0,-0.019999980926513672,0.0,0.0,0.0,0.0,0.0,-0.21173925697803497,0.01826072670519352,0.0,0.0,0.0,0.0
100.229,1.0,1.0199999809265137,-0.019999980926513672,gncbus_cmd,states_vx_gs,-0.22999998927116394,states_theta,-0.012190583162009716,0.38997209793351356,0.22515557816641182,0.519950017889327,0.5199755766000425,0.5177365877359218,0.5221890067534477,0.5179137836214859,0.5220118108678836,0.0,0.0,0.0,1.0,-0.019999980926513672,0.0,0.0,0.0,0.0,0.0,-0.21016933023929596,0.019830653443932533,0.0,0.0,0.0,0.0
100.299,1.0,1.0199999809265137,-0.019999980926513672,gncbus_cmd,states_vx_gs,-0.22999998927116394,states_theta,0.0005625761114060879,0.3899965849068719,0.22516870237786957,0.5200229129585273,0.5199679801264644,0.5180750443044481,0.5219158487805436,0.5180872787623295,0.5219036143226622,0.0,0.0,0.0,1.0,-0.019999980926513672,0.0,0.0,0.0,0.0,0.0,-0.20859940350055695,0.021400580182671547,0.0,0.0,0.0,0.0
100.368,1.0,1.0199999809265137,-0.019999980926513672,gncbus_cmd,states_vx_gs,-0.23999999463558197,states_theta,0.10794306546449661,0.3900215848343852,0.2251852078956948,0.5199546593118334,0.5201029002465272,0.5178302626175478,0.5222272969408127,0.5175340654492223,0.5225234941091382,0.0,0.0,0.0,1.0,-0.019999980926513672,0.0,0.0,0.0,0.0,0.0,-0.20702947676181793,0.03297051414847374,0.0,0.0,0.0,0.0
100.432,1.0,1.0199999809265137,-0.019999980926513672,gncbus_cmd,states_vx_gs,-0.20999999344348907,states_theta,0.006974482908844948,0.39003368624091017,0.22519114797513862,0.5201803849888598,0.5199094449869006,0.5177678776575719,0.5223219523181885,0.5180514128547739,0.5220384171209865,0.0,0.0,0.0,1.0,-0.019999980926513672,0.0,0.0,0.0,0.0,0.0,-0.20545955002307892,0.004540439695119858,0.0,0.0,0.0,0.0
100.498,1.0,1.0199999809265137,-0.019999980926513672,gncbus_cmd,states_vx_gs,-0.20999999344348907,states_theta,-0.013521960005164146,0.39005965823109,0.22520664523446982,0.5199433770352151,0.5202157115810249,0.5180486571163447,0.5221104314998952,0.5176423572124782,0.5225167314037618,0.0,0.0,0.0,1.0,-0.019999980926513672,0.0,0.0,0.0,0.0,0.0,-0.2038896232843399,0.006110367365181446,0.0,0.0,0.0,0.0
100.566,1.0,1.0199999809265137,-0.019999980926513672,gncbus_cmd,states_vx_gs,-0.19999998807907104,states_theta,-0.011956433765590191,0.39008600819390016,0.22522172966115506,0.520220958267919,0.5200083969158148,0.5177571084615679,0.522472246722166,0.5180453217513564,0.5221840334323774,0.0,0.0,0.0,1.0,-0.019999980926513672,0.0,0.0,0.0,0.0,0.0,-0.2023196965456009,-0.0023197107948362827,0.0,0.0,0.0,0.0
100.632,1.0,1.0199999809265137,-0.019999980926513672,gncbus_cmd,states_vx_gs,-0.19999998807907104,states_theta,-0.033182766288518906,0.3900857380847091,0.225221585289531,0.5200070000344554,0.5202216348581021,0.5180635000965973,0.5221651347959603,0.5177362629824417,0.5224923719101159,0.0,0.0,0.0,1.0,-0.019999980926513672,0.0,0.0,0.0,0.0,0.0,-0.20074976980686188,-0.0007497833576053381,0.0,0.0,0.0,0.0
100.7,1.0,1.0099999904632568,-0.009999990463256836,gncbus_cmd,states_vx_gs,-0.20999999344348907,states_theta,-0.10075677186250687,0.39009904096217135,0.2252288158942565,0.5202647670663069,0.5199993421661501,0.517793148981557,0.5224709602508999,0.518241481983712,0.5220226272487449,0.0,0.0,0.0,1.0,-0.009999990463256836,0.0,0.0,0.0,0.0,0.0,-0.21936164796352386,-0.009361661039292812,0.0,0.0,0.0,0.0
100.751,1.0,1.0099999904632568,-0.009999990463256836,gncbus_cmd,states_vx_gs,-0.2199999988079071,states_theta,-0.07067209482192993,0.39009904096217135,0.22522862736792673,0.5202375935917751,0.5200265156406818,0.5177869473584079,0.522477161874049,0.518339849783871,0.5219242594485859,0.0,0.0,0.0,1.0,-0.009999990463256836,0.0,0.0,0.0,0.0,0.0,-0.21857668459415436,0.0014233083929866552,0.0,0.0,0.0,0.0
100.808,1.0,1.0099999904632568,-0.009999990463256836,gncbus_cmd,states_vx_gs,-0.2199999988079071,states_theta,0.014178294688463211,0.39009904096217135,0.22522902421662472,0.5200060909989535,0.5202580182335035,0.5182290817368617,0.5220350274955953,0.5177236223035461,0.5225404869289109,0.0,0.0,0.0,1.0,-0.009999990463256836,0.0,0.0,0.0,0.0,0.0,-0.2181842029094696,0.0018157901940867305,0.0,0.0,0.0,0.0
100.875,1.0,1.0099999904632568,-0.009999990463256836,gncbus_cmd,states_vx_gs,-0.2199999988079071,states_theta,0.023920690640807152,0.39009904096217135,0.22522900395020926,0.5202100185124711,0.5200540907199859,0.5178392880397514,0.5224248211927055,0.518097762307893,0.522166346924564,0.0,0.0,0.0,1.0,-0.009999990463256836,0.0,0.0,0.0,0.0,0.0,-0.2173992395401001,0.002600753912702203,0.0,0.0,0.0,0.0
100.936,1.0,1.0099999904632568,-0.009999990463256836,gncbus_cmd,states_vx_gs,-0.23999999463558197,states_theta,-0.1275365948677063,0.3900854814809775,0.22522017696583924,0.5202139454974537,0.5200140051184863,0.5182045729294125,0.5220233776865275,0.5181274820109696,0.5221004686049704,0.0,0.0,0.0,1.0,-0.009999990463256836,0.0,0.0,0.0,0.0,0.0,-0.2166142761707306,0.02338571287691593,0.0,0.0,0.0,0.0
101.0,1.0,1.0099999904632568,-0.009999990463256836,gncbus_cmd,states_vx_gs,-0.23999999463558197,states_theta,0.10203014314174652,0.3900852113717864,0.22522112006712386,0.5201106030305926,0.5201166272941711,0.5177709577221207,0.522456272602643,0.5180902179590946,0.5221370123656691,0.0,0.0,0.0,1.0,-0.009999990463256836,0.0,0.0,0.0,0.0,0.0,-0.21582931280136108,0.02417067624628544,0.0,0.0,0.0,0.0
101.05,1.0,1.0099999904632568,-0.009999990463256836,gncbus_cmd,states_vx_gs,-0.23999999463558197,states_theta,0.005966415628790855,0.39005761924142296,0.22520467443058442,0.5200984702549489,0.5200551810555123,0.5180053177277385,0.5221483335827227,0.5179884075352436,0.5221652437752177,0.0,0.0,0.0,1.0,-0.009999990463256836,0.0,0.0,0.0,0.0,0.0,-0.21543683111667633,0.014563153497874737,0.0,0.0,0.0,0.0
101.106,1.0,1.0099999904632568,-0.009999990463256836,gncbus_cmd,states_vx_gs,-0.22999998927116394,states_theta,0.04747737944126129,0.39002616614627394,0.2251865366931615,0.5199742118254687,0.5200955645645953,0.5180573961649599,0.522012380225104,0.5178491686162807,0.5222206077737832,0.0,0.0,0.0,1.0,-0.009999990463256836,0.0,0.0,0.0,0.0,0.0,-0.21465186774730682,0.015348116867244244,0.0,0.0,0.0,0.0
101.156,1.0,1.0099999904632568,-0.009999990463256836,gncbus_cmd,states_vx_gs,-0.22999998927116394,states_theta,-0.03699621185660362,0.3900254911307777,0.22518608060928524,0.5201371376165791,0.5199308387321615,0.5177668159494976,0.522301160399243,0.5181843264281204,0.5218836499206202,0.0,0.0,0.0,1.0,-0.009999990463256836,0.0,0.0,0.0,0.0,0.0,-0.21386690437793732,0.016133081167936325,0.0,0.0,0.0,0.0
101.207,1.0,1.0099999904632568,-0.009999990463256836,gncbus_cmd,states_vx_gs,-0.23999999463558197,states_theta,-0.05012277141213417,0.38963392560972887,0.22495977064557396,0.5194742626744279,0.5195495389515158,0.5175599650877276,0.521463836538216,0.517433235086671,0.5215905665392726,0.0,0.0,0.0,1.0,-0.009999990463256836,0.0,0.0,0.0,0.0,0.0,-0.21347442269325256,0.02652556821703911,0.0,0.0,0.0,0.0
101.268,1.0,1.0099999904632568,-0.009999990463256836,gncbus_cmd,states_vx_gs,-0.22999998927116394,states_theta,0.09689590334892273,0.3899796594550338,0.22516045011430524,0.520264924608573,0.5196808339381839,0.5173505376690596,0.5225952208776973,0.5182108259674111,0.5217349325793458,0.0,0.0,0.0,1.0,-0.009999990463256836,0.0,0.0,0.0,0.0,0.0,-0.21265020966529846,0.01734977401793003,0.0,0.0,0.0,0.0
101.334,1.0,1.0099999904632568,-0.009999990463256836,gncbus_cmd,states_vx_gs,-0.20999999344348907,states_theta,0.12257503718137741,0.3899499883421007,0.2251436201335404,0.5197213359521553,0.5201452996267799,0.5180095947569915,0.5218570408219437,0.5173137968282823,0.522552838750653,0.0,0.0,0.0,1.0,-0.009999990463256836,0.0,0.0,0.0,0.0,0.0,-0.21186524629592896,-0.0018652573926374316,0.0,0.0,0.0,0.0
101.396,1.0,1.0099999904632568,-0.009999990463256836,gncbus_cmd,states_vx_gs,-0.20999999344348907,states_theta,0.06496061384677887,0.3899198852603772,0.2251258420228166,0.5200624986421039,0.5197238620522353,0.5174644941595026,0.5223218665348366,0.5179025593323687,0.5218838013619704,0.0,0.0,0.0,1.0,-0.009999990463256836,0.0,0.0,0.0,0.0,0.0,-0.21108028292655945,-0.0010802937904372811,0.0,0.0,0.0,0.0
101.458,1.0,1.0099999904632568,-0.009999990463256836,gncbus_cmd,states_vx_gs,-0.20999999344348907,states_theta,-0.02453175187110901,0.38990299123123423,0.22511566958685528,0.5197061346418838,0.5200351753080742,0.5180441932045788,0.5216971167453791,0.5174680904016894,0.5222732195482686,0.0,0.0,0.0,1.0,-0.009999990463256836,0.0,0.0,0.0,0.0,0.0,-0.21029531955718994,-0.00029533004271797836,0.0,0.0,0.0,0.0
101.508,1.0,1.0099999904632568,-0.009999990463256836,gncbus_cmd,states_vx_gs,-0.2199999988079071,states_theta,-0.007552416063845158,0.38987199707655706,0.22509769583481215,0.51993964107649,0.5197190177943287,0.5174589986591429,0.5221996602116759,0.5179959615048586,0.5216626973659602,0.0,0.0,0.0,1.0,-0.009999990463256836,0.0,0.0,0.0,0.0,0.0,-0.20951035618782043,0.010489638894796371,0.0,0.0,0.0,0.0
101.563,1.0,1.0099999904632568,-0.009999990463256836,gncbus_cmd,states_vx_gs,-0.2199999988079071,states_theta,-0.06136166676878929,0.3898679469834922,0.22509463936588267,0.5199454409557478,0.5197024176668981,0.5179082580034641,0.5217396006191818,0.5178204299002497,0.5218274287223962,0.0,0.0,0.0,1.0,-0.009999990463256836,0.0,0.0,0.0,0.0,0.0,-0.20911787450313568,0.010882120579481125,0.0,0.0,0.0,0.0
101.628,1.0,1.0099999904632568,-0.009999990463256836,gncbus_cmd,states_vx_gs,-0.23999999463558197,states_theta,-0.050784021615982056,0.3898634919198173,0.2250927008650088,0.5199179486002781,0.5197180298525681,0.5178435152827636,0.5217924631700825,0.517597415193565,0.5220385632592812,0.0,0.0,0.0,1.0,-0.009999990463256836,0.0,0.0,0.0,0.0,0.0,-0.20833291113376617,0.0316670797765255,0.0,0.0,0.0,0.0
101.694,1.0,1.0099999904632568,-0.009999990463256836,gncbus_cmd,states_vx_gs,-0.22999998927116394,states_theta,0.10118300467729568,0.3898594418267525,0.22509043032808268,0.5199757030490286,0.5196494751556446,0.5176119055478186,0.5220132726568547,0.5177897581892208,0.5218354200154525,0.0,0.0,0.0,1.0,-0.009999990463256836,0.0,0.0,0.0,0.0,0.0,-0.20754794776439667,0.022452037781476974,0.0,0.0,0.0,0.0
101.76,1.0,1.0099999904632568,-0.009999990463256836,gncbus_cmd,states_vx_gs,-0.2199999988079071,states_theta,-0.0052097029983997345,0.38988244378753245,0.2251031935983299,0.51992996051166,0.5197565562550933,0.5179527402964335,0.5217337764703198,0.5177338670521812,0.5219526497145721,0.0,0.0,0.0,1.0,-0.009999990463256836,0.0,0.0,0.0,0.0,0.0,-0.20676298439502716,0.01323701161891222,0.0,0.0,0.0,0.0
101.826,1.0,1.0099999904632568,-0.009999990463256836,gncbus_cmd,states_vx_gs,-0.22999998927116394,states_theta,0.015307190828025341,0.39025718871318826,0.2253199266115464,0.520428678491419,0.5202571580770831,0.5183823029194279,0.5223035336490742,0.5181380398112672,0.522547796757235,0.0,0.0,0.0,1.0,-0.009999990463256836,0.0,0.0,0.0,0.0,0.0,-0.20597802102565765,0.024021966382861137,0.0,0.0,0.0,0.0
101.89,1.0,1.0099999904632568,-0.009999990463256836,gncbus_cmd,states_vx_gs,-0.20999999344348907,states_theta,0.10560356825590134,0.38989507914483656,0.2251115538393772,0.5199803724215619,0.5197398386313357,0.5176312986688072,0.5220889123840904,0.5176312817777637,0.5220889292751338,0.0,0.0,0.0,1.0,-0.009999990463256836,0.0,0.0,0.0,0.0,0.0,-0.20519305765628815,0.0048069339245557785,0.0,0.0,0.0,0.0
101.941,0.7899999842047691,1.0099999904632568,-0.2200000062584877,datactrl_ref_vx_fallback,states_vx_gs,-0.20999999344348907,states_theta,0.21915338933467865,0.39029547512540946,0.22533889920320688,0.5202708424610107,0.5205170912067478,0.5192995387798051,0.5214883948879535,0.5190321642601138,0.5217557694076448,0.0,0.0,0.0,0.8999999761581421,-0.10999999195337296,0.0,0.0,0.0,0.0,0.0,-0.007495829835534096,0.21250416338443756,0.0,0.0,0.0,0.0
101.997,0.38999998569488525,1.0099999904632568,-0.6200000047683716,datactrl_ref_vx_fallback,states_vx_gs,-0.14000000059604645,states_theta,0.8593242764472961,0.3899467860837311,0.22513976314496278,0.5199511860334263,0.5199069101898568,0.5181482744730376,0.5217098217502455,0.5179748607275813,0.5218832354957018,0.0,0.0,0.0,0.699999988079071,-0.3100000023841858,0.0,0.0,0.0,0.0,0.0,0.39967310428619385,0.5396730899810791,0.0,0.0,0.0,0.0
102.062,0.0,1.0,-1.0,datactrl_ref_vx_fallback,states_vx_gs,0.14999999105930328,states_theta,1.8447142839431763,0.3899856289783046,0.22516244241343958,0.5198743246826901,0.5200873525927888,0.5180572814774423,0.5219043957980366,0.5180479485308586,0.5219137287446204,0.0,0.0,0.0,0.5,-0.5,0.0,0.0,0.0,0.0,0.0,0.8027127385139465,0.6527127623558044,0.0,0.0,0.0,0.0
102.128,-0.37999993562698364,0.9799999594688416,-1.3599998950958252,datactrl_ref_vx_fallback,states_vx_gs,0.4699999988079071,states_theta,1.5909353494644165,0.3900113309880341,0.22517754210515942,0.520081688399508,0.519948527568583,0.5179868259162166,0.5220433900518744,0.5180659763206863,0.5219642396474047,0.0,0.0,0.0,0.30000001192092896,-0.6799999475479126,0.0,0.0,0.0,0.0,0.0,1.20087730884552,0.7308772802352905,0.0,0.0,0.0,0.0
102.193,-0.749999962747097,0.949999988079071,-1.699999950826168,datactrl_ref_vx_fallback,states_vx_gs,0.8700000047683716,states_theta,2.188279867172241,0.3900105209179423,0.22517629463877728,0.519914848777754,0.5201132070034254,0.5183667797770998,0.5216612760040796,0.5180673630741316,0.5219606927070478,0.0,0.0,0.0,0.10000000149011612,-0.8499999642372131,0.0,0.0,0.0,0.0,0.0,1.5933034420013428,0.7233034372329712,0.0,0.0,0.0,0.0
102.256,-0.9099999666213989,0.9099999666213989,-1.8199999332427979,datactrl_ref_vx_fallback,states_vx_gs,1.2200000286102295,states_theta,1.575273036956787,0.3900372488533831,0.22519440482932673,0.5202774044760068,0.5198219257996815,0.5173904263064327,0.5227089039692555,0.5179964257747135,0.5221029045009747,0.0,0.0,0.0,0.0,-0.9099999666213989,0.0,0.0,0.0,0.0,0.0,1.781744360923767,0.5617442727088928,0.0,0.0,0.0,0.0
102.321,-0.85999995470047,0.85999995470047,-1.71999990940094,datactrl_ref_vx_fallback,states_vx_gs,1.46999990940094,states_theta,0.8264915943145752,0.3900778468312171,0.22521539840282867,0.519871429040019,0.5203361625098932,0.518582233540838,0.5216253580090743,0.5179672611017995,0.5222403304481128,0.0,0.0,0.0,0.0,-0.85999995470047,0.0,0.0,0.0,0.0,0.0,1.7534443140029907,0.28344443440437317,0.0,0.0,0.0,0.0
102.389,-0.7999999523162842,0.7999999523162842,-1.5999999046325684,datactrl_ref_vx_fallback,states_vx_gs,1.5399999618530273,states_theta,0.13087807595729828,0.3900783867921178,0.22521387047969701,0.5203022262781541,0.5199068051674934,0.5185910595829953,0.5216179718626522,0.5189688527546391,0.5212401786910085,0.0,0.0,0.0,0.0,-0.7999999523162842,0.0,0.0,0.0,0.0,0.0,1.70131254196167,0.1613125205039978,0.0,0.0,0.0,0.0
102.453,-0.75,0.75,-1.5,datactrl_ref_vx_fallback,states_vx_gs,1.5,states_theta,-0.3927679657936096,0.39010643776050613,0.22522896475292775,0.5199840122338193,0.520299821794197,0.5193374060897858,0.5209464279382304,0.5191602313718654,0.5211236026561509,0.0,0.0,0.0,0.0,-0.75,0.0,0.0,0.0,0.0,0.0,1.664299488067627,0.16429953277111053,0.0,0.0,0.0,0.0
102.523,-0.6899999976158142,0.6899999976158142,-1.3799999952316284,datactrl_ref_vx_fallback,states_vx_gs,1.409999966621399,states_theta,-0.3938634991645813,0.39013470470885847,0.22524558678301945,0.5202772073323257,0.5200820052246301,0.518938015584367,0.5214211969725888,0.5193863241941519,0.520972888362804,0.0,0.0,0.0,0.0,-0.6899999976158142,0.0,0.0,0.0,0.0,0.0,1.6034153699874878,0.19341535866260529,0.0,0.0,0.0,0.0
102.59,-0.6399999856948853,0.6399999856948853,-1.2799999713897705,datactrl_ref_vx_fallback,states_vx_gs,1.3399999141693115,states_theta,-0.3746126890182495,0.39013632459147324,0.22524601773824932,0.5203118016171355,0.5200517306267931,0.5195917445074069,0.5207717877365218,0.5192295903510359,0.5211339418928927,0.0,0.0,0.0,0.0,-0.6399999856948853,0.0,0.0,0.0,0.0,0.0,1.5580424070358276,0.21804247796535492,0.0,0.0,0.0,0.0
102.655,-0.5899999737739563,0.5899999737739563,-1.1799999475479126,datactrl_ref_vx_fallback,states_vx_gs,1.2599999904632568,states_theta,-0.41354626417160034,0.39013794447408795,0.22524682610870964,0.5203423176519827,0.5200255342789185,0.5193452323589046,0.5210226195719966,0.5196230617438501,0.5207447901870511,0.0,0.0,0.0,0.0,-0.5899999737739563,0.0,0.0,0.0,0.0,0.0,1.5087445974349976,0.2487446367740631,0.0,0.0,0.0,0.0
102.721,-0.550000011920929,0.550000011920929,-1.100000023841858,datactrl_ref_vx_fallback,states_vx_gs,1.1899999380111694,states_theta,-0.3224477767944336,0.39011237733015164,0.2252318783563246,0.5202876790101636,0.5200119938702408,0.5196422801466297,0.5206573927337746,0.5194939125644477,0.5208057603159567,0.0,0.0,0.0,0.0,-0.550000011920929,0.0,0.0,0.0,0.0,0.0,1.4754685163497925,0.28546854853630066,0.0,0.0,0.0,0.0
102.786,-0.5099999904632568,0.5099999904632568,-1.0199999809265137,datactrl_ref_vx_fallback,states_vx_gs,1.1100000143051147,states_theta,-0.3748009204864502,0.390113457251953,0.2252325146754024,0.5200511236875967,0.5202514289842781,0.5199432076360667,0.520359345035808,0.5193286953635948,0.5209738573082799,0.0,0.0,0.0,0.0,-0.5099999904632568,0.0,0.0,0.0,0.0,0.0,1.4388169050216675,0.32881686091423035,0.0,0.0,0.0,0.0
102.85,-0.4699999988079071,0.4699999988079071,-0.9399999976158142,datactrl_ref_vx_fallback,states_vx_gs,1.0299999713897705,states_theta,-0.45186781883239746,0.39008729614671717,0.22521718853976017,0.5199995290967572,0.5202332606278219,0.5199230166585864,0.5203097730659927,0.5195883334360722,0.5206444562885069,0.0,0.0,0.0,0.0,-0.4699999988079071,0.0,0.0,0.0,0.0,0.0,1.3989862203598022,0.36898624897003174,0.0,0.0,0.0,0.0
102.917,-0.429999977350235,0.429999977350235,-0.85999995470047,datactrl_ref_vx_fallback,states_vx_gs,0.9599999785423279,states_theta,-0.3196469843387604,0.3900606760747158,0.225201745994494,0.5202384941397217,0.5199233087261871,0.5196654917631351,0.5204963111027736,0.5200679116848572,0.5200938911810515,0.0,0.0,0.0,0.0,-0.429999977350235,0.0,0.0,0.0,0.0,0.0,1.356290340423584,0.3962904214859009,0.0,0.0,0.0,0.0
102.984,-0.3999999761581421,0.3999999761581421,-0.7999999523162842,datactrl_ref_vx_fallback,states_vx_gs,0.8899999856948853,states_theta,-0.38120323419570923,0.3900432315389542,0.22519172926130643,0.51980082726946,0.5203144568344179,0.5201373111437996,0.5199779729600783,0.5195842317368763,0.5205310523670016,0.0,0.0,0.0,0.0,-0.3999999761581421,0.0,0.0,0.0,0.0,0.0,1.330401062965393,0.4404011070728302,0.0,0.0,0.0,0.0
103.049,-0.3700000047683716,0.3700000047683716,-0.7400000095367432,datactrl_ref_vx_fallback,states_vx_gs,0.8399999737739563,states_theta,-0.06707737594842911,0.39001558541250075,0.22517571548812404,0.5201678786594705,0.5198736824405316,0.5196212103419292,0.5204203507580728,0.5198760902770253,0.5201654708229767,0.0,0.0,0.0,0.0,-0.3700000047683716,0.0,0.0,0.0,0.0,0.0,1.3021177053451538,0.4621177017688751,0.0,0.0,0.0,0.0
103.099,-0.3400000035762787,0.3400000035762787,-0.6800000071525574,datactrl_ref_vx_fallback,states_vx_gs,0.7999999523162842,states_theta,-0.3540755808353424,0.3899881283367328,0.22515976836462254,0.5200451572081107,0.5199231850231768,0.519823525222941,0.5201448170083466,0.52002861791841,0.5199397243128775,0.0,0.0,0.0,0.0,-0.3400000035762787,0.0,0.0,0.0,0.0,0.0,1.2714793682098389,0.4714793860912323,0.0,0.0,0.0,0.0
103.155,-0.32999998331069946,0.32999998331069946,-0.6599999666213989,datactrl_ref_vx_fallback,states_vx_gs,0.7699999809265137,states_theta,-0.3358346223831177,0.3899874533212366,0.22515945527381176,0.5197607669778791,0.5202057752120851,0.5202300200239528,0.5197365221660114,0.5197400845323635,0.5202264576576007,0.0,0.0,0.0,0.0,-0.32999998331069946,0.0,0.0,0.0,0.0,0.0,1.2650736570358276,0.4950736165046692,0.0,0.0,0.0,0.0
103.209,-0.3100000023841858,0.29999998211860657,-0.6099999845027924,datactrl_ref_vx_fallback,states_vx_gs,0.7400000095367432,states_theta,-0.1542746126651764,0.3899724627762929,0.22515095067272478,0.5201741101053112,0.5197524572981365,0.5193820179648243,0.5205445494386234,0.5202035737100816,0.519722993693366,0.0,0.0,0.0,0.0,-0.3100000023841858,0.0,0.0,0.0,0.0,0.0,1.2386038303375244,0.4886038601398468,0.0,0.0,0.0,0.0
103.263,-0.28999999165534973,0.28999999165534973,-0.5799999833106995,datactrl_ref_vx_fallback,states_vx_gs,0.7299999594688416,states_theta,-0.08129684627056122,0.3899433316330702,0.2251341029262734,0.519658364311589,0.5201905200432649,0.5201050921867192,0.5197437921681347,0.5193909726998658,0.5204579116549881,0.0,0.0,0.0,0.0,-0.28999999165534973,0.0,0.0,0.0,0.0,0.0,1.223123550415039,0.4931235909461975,0.0,0.0,0.0,0.0
103.315,-0.25999999046325684,0.25999999046325684,-0.5199999809265137,datactrl_ref_vx_fallback,states_vx_gs,0.699999988079071,states_theta,-0.1887071430683136,0.3899150915452777,0.22511759675732643,0.5198959813731289,0.5198775960809451,0.519807502478175,0.519966074975899,0.5197515530813819,0.5200220243726921,0.0,0.0,0.0,0.0,-0.25999999046325684,0.0,0.0,0.0,0.0,0.0,1.1862839460372925,0.4862839877605438,0.0,0.0,0.0,0.0
103.37,-0.25,0.25,-0.5,datactrl_ref_vx_fallback,states_vx_gs,0.6800000071525574,states_theta,-0.1793888509273529,0.3899137415142853,0.22511692064655534,0.5200651101001003,0.5197048672713273,0.5195217206481771,0.5202482567232504,0.5201002620012954,0.5196697153701321,0.0,0.0,0.0,0.0,-0.25,0.0,0.0,0.0,0.0,0.0,1.1768561601638794,0.4968561828136444,0.0,0.0,0.0,0.0
103.421,-0.23999999463558197,0.22999998927116394,-0.4699999839067459,datactrl_ref_vx_fallback,states_vx_gs,0.6499999761581421,states_theta,-0.15959246456623077,0.3898837734228088,0.22509962476981346,0.5196955334619284,0.519994528998895,0.5201185527073925,0.5195715097534309,0.5194918297987218,0.5201982326621016,0.0,0.0,0.0,0.0,-0.23999999463558197,0.0,0.0,0.0,0.0,0.0,1.1669573783874512,0.4969574213027954,0.0,0.0,0.0,0.0
103.474,-0.2199999988079071,0.2199999988079071,-0.4399999976158142,datactrl_ref_vx_fallback,states_vx_gs,0.6399999856948853,states_theta,-0.09811684489250183,0.38988053339983575,0.22509771090079092,0.5197793691495491,0.5199020532500129,0.5195259634662582,0.5201554589333038,0.520043729919797,0.5196376924797651,0.0,0.0,0.0,0.0,-0.2199999988079071,0.0,0.0,0.0,0.0,0.0,1.1458253860473633,0.5058253407478333,0.0,0.0,0.0,0.0
103.524,-0.19999998807907104,0.19999998807907104,-0.3999999761581421,datactrl_ref_vx_fallback,states_vx_gs,0.6200000047683716,states_theta,-0.1312745362520218,0.38987891338834935,0.22509670038823637,0.5197642974964528,0.5199128048724787,0.5197902033338181,0.5198868990351134,0.5198106515847732,0.5198664507841583,0.0,0.0,0.0,0.0,-0.19999998807907104,0.0,0.0,0.0,0.0,0.0,1.1229270696640015,0.5029271245002747,0.0,0.0,0.0,0.0
103.576,-0.1899999976158142,0.1899999976158142,-0.3799999952316284,datactrl_ref_vx_fallback,states_vx_gs,0.5999999642372131,states_theta,-0.13736078143119812,0.3898636798870322,0.22508793925132714,0.5197040324237207,0.5199324472750319,0.5199906115719028,0.5196458681268497,0.5196540137490961,0.5199824659496564,0.0,0.0,0.0,0.0,-0.1899999976158142,0.0,0.0,0.0,0.0,0.0,1.1108696460723877,0.5108697414398193,0.0,0.0,0.0,0.0
103.63,-0.17000000178813934,0.1599999964237213,-0.32999999821186066,datactrl_ref_vx_fallback,states_vx_gs,0.5699999928474426,states_theta,-0.23063792288303375,0.38987376973951415,0.2250937422368859,0.519712943156477,0.5199504428155607,0.5199148340447388,0.5197485519272989,0.5199232808233296,0.519740105148708,0.0,0.0,0.0,0.0,-0.17000000178813934,0.0,0.0,0.0,0.0,0.0,1.078865885734558,0.4888659417629242,0.0,0.0,0.0,0.0
103.685,-0.14999999105930328,0.14999999105930328,-0.29999998211860657,datactrl_ref_vx_fallback,states_vx_gs,0.550000011920929,states_theta,-0.1947723925113678,0.38987036771539246,0.2250917771501839,0.5197137177103135,0.5199405961973997,0.5198682415689274,0.5197860723387858,0.5199419439631644,0.5197123699445488,0.0,0.0,0.0,0.0,-0.14999999105930328,0.0,0.0,0.0,0.0,0.0,1.0533380508422852,0.5033380389213562,0.0,0.0,0.0,0.0
103.752,-0.14000000059604645,0.14000000059604645,-0.2800000011920929,datactrl_ref_vx_fallback,states_vx_gs,0.5199999809265137,states_theta,-0.12391966581344604,0.3898986017160284,0.225108074506305,0.519746332372246,0.5199832722038298,0.5198953514171909,0.5198342531588849,0.5199446138715678,0.519784990704508,0.0,0.0,0.0,0.0,-0.14000000059604645,0.0,0.0,0.0,0.0,0.0,1.045166254043579,0.5251662135124207,0.0,0.0,0.0,0.0
103.817,-0.11999999731779099,0.11999999731779099,-0.23999999463558197,datactrl_ref_vx_fallback,states_vx_gs,0.5,states_theta,-0.04869558662176132,0.39030122367122944,0.225340530701197,0.5202518145350062,0.5205514485882722,0.5203464598321964,0.520456803291082,0.5204059576677601,0.5203973054555183,0.0,0.0,0.0,0.0,-0.11999999731779099,0.0,0.0,0.0,0.0,0.0,1.016027569770813,0.5160275101661682,0.0,0.0,0.0,0.0
103.889,-0.09999999403953552,0.09999999403953552,-0.19999998807907104,datactrl_ref_vx_fallback,states_vx_gs,0.5,states_theta,-0.005357120186090469,0.38996602956017545,0.22514701158939313,0.5201128050356354,0.5197966071248326,0.5199206201333487,0.5199887920271192,0.5200488982717021,0.5198605138887659,0.0,0.0,0.0,0.0,-0.09999999403953552,0.0,0.0,0.0,0.0,0.0,0.9855936765670776,0.48559367656707764,0.0,0.0,0.0,0.0
103.939,-0.07999999821186066,0.07999999821186066,-0.1599999964237213,datactrl_ref_vx_fallback,states_vx_gs,0.47999998927116394,states_theta,-0.12926124036312103,0.39034222953628334,0.22536422717301413,0.5204900715236718,0.5204225405730838,0.5206759022550784,0.5202367098416771,0.5203325505784042,0.5205800615183513,0.0,0.0,0.0,0.0,-0.07999999821186066,0.0,0.0,0.0,0.0,0.0,0.9538646340370178,0.4738646447658539,0.0,0.0,0.0,0.0
103.992,-0.07999999821186066,0.07999999821186066,-0.1599999964237213,datactrl_ref_vx_fallback,states_vx_gs,0.47999998927116394,states_theta,-0.00043467123759910464,0.38996692952916623,0.22514758961699882,0.5199130126358638,0.5199987994419129,0.5201469892901491,0.5197648227876275,0.5196366566314088,0.5202751554463678,0.0,0.0,0.0,0.0,-0.07999999821186066,0.0,0.0,0.0,0.0,0.0,0.9570044875144958,0.4770044982433319,0.0,0.0,0.0,0.0
104.045,-0.07000000029802322,0.05999999865889549,-0.12999999895691872,datactrl_ref_vx_fallback,states_vx_gs,0.4699999988079071,states_theta,-0.1352066546678543,0.3899931175037063,0.22516264684410858,0.5200384436029131,0.5199432030736371,0.5199188728870573,0.5200627737894928,0.5201337352311405,0.5198479114454096,0.0,0.0,0.0,0.0,-0.07000000029802322,0.0,0.0,0.0,0.0,0.0,0.9402765035629272,0.4602765142917633,0.0,0.0,0.0,0.0
104.106,-0.04999999701976776,0.04999999701976776,-0.09999999403953552,datactrl_ref_vx_fallback,states_vx_gs,0.44999998807907104,states_theta,-0.11421303451061249,0.39001976444501196,0.22517804360456367,0.5199519739067245,0.520100731279974,0.5200867806482252,0.5199659245384733,0.5198249601419467,0.5202277450447519,0.0,0.0,0.0,0.0,-0.04999999701976776,0.0,0.0,0.0,0.0,0.0,0.9058785438537598,0.4558785855770111,0.0,0.0,0.0,0.0
104.156,-0.03999999910593033,0.03999999910593033,-0.07999999821186066,datactrl_ref_vx_fallback,states_vx_gs,0.4399999976158142,states_theta,-0.07008851319551468,0.39003317536615073,0.22518596112008732,0.5202889162273465,0.5197995514157221,0.5196498874847493,0.5204385801583193,0.5204303886180575,0.5196580790250112,0.0,0.0,0.0,0.0,-0.03999999910593033,0.0,0.0,0.0,0.0,0.0,0.8898570537567139,0.44985705614089966,0.0,0.0,0.0,0.0
104.206,-0.029999999329447746,0.029999999329447746,-0.05999999865889549,datactrl_ref_vx_fallback,states_vx_gs,0.429999977350235,states_theta,-0.1002328097820282,0.3900602004088277,0.22520136210119113,0.520090945045089,0.5200695893784515,0.5201020238267605,0.52005851059678,0.5200914144554832,0.5200691199680573,0.0,0.0,0.0,0.0,-0.029999999329447746,0.0,0.0,0.0,0.0,0.0,0.8715983629226685,0.44159841537475586,0.0,0.0,0.0,0.0
104.256,-0.019999999552965164,0.009999999776482582,-0.029999999329447746,datactrl_ref_vx_fallback,states_vx_gs,0.41999998688697815,states_theta,-0.07902289927005768,0.3900607403697284,0.2252016959245407,0.5201544266686193,0.5200075476506563,0.5199042686874584,0.5202577056318172,0.5201431375402126,0.520018836779063,0.0,0.0,0.0,0.0,-0.019999999552965164,0.0,0.0,0.0,0.0,0.0,0.853065013885498,0.4330649971961975,0.0,0.0,0.0,0.0
104.314,-0.009999999776482582,0.009999999776482582,-0.019999999552965164,datactrl_ref_vx_fallback,states_vx_gs,0.4099999964237213,states_theta,-0.09297657012939453,0.3900886023518013,0.22521779570681175,0.5200219981455687,0.5202142747925682,0.5202723116037162,0.5199639613344207,0.5199390092824792,0.5202972636556578,0.0,0.0,0.0,0.0,-0.009999999776482582,0.0,0.0,0.0,0.0,0.0,0.8346886038780212,0.42468857765197754,0.0,0.0,0.0,0.0
104.364,0.0,0.0,0.0,datactrl_ref_vx_fallback,datactrl_est_vx_fallback,0.38999998569488525,states_theta,-0.11638059467077255,0.390089142312702,0.22521820900620482,0.5199425338266082,0.5202951790072639,0.5204918978024788,0.5197458150313932,0.51983989051736,0.520397822316512,0.0,0.0,0.0,0.0,0.0,0.0,0.0,0.0,0.0,0.0,0.815291702747345,0.4252917170524597,0.0,0.0,0.0,0.0
104.419,0.0,0.0,0.0,datactrl_ref_vx_fallback,datactrl_est_vx_fallback,0.3799999952316284,states_theta,-0.11556541174650192,0.39008968227360274,0.22521843737536115,0.5202380679914014,0.5200010847382059,0.5200196850631429,0.5202194676664644,0.5203912898776484,0.5198478628519589,0.0,0.0,0.0,0.0,0.0,0.0,0.0,0.0,0.0,0.0,0.815291702747345,0.43529170751571655,0.0,0.0,0.0,0.0
104.489,0.019999999552965164,-0.019999999552965164,0.03999999910593033,datactrl_ref_vx_fallback,states_vx_gs,0.35999998450279236,states_theta,-0.04583000764250755,0.3901178952258737,0.2252347567214475,0.5200420055448856,0.520272381724111,0.520403579418922,0.5199108078500746,0.5198761243546773,0.5204382629143193,0.0,0.0,0.0,0.0,0.019999999552965164,0.0,0.0,0.0,0.0,0.0,0.7755952477455139,0.41559529304504395,0.0,0.0,0.0,0.0
104.539,0.019999999552965164,-0.029999999329447746,0.04999999888241291,datactrl_ref_vx_fallback,states_vx_gs,0.3499999940395355,states_theta,-0.06160235032439232,0.3901195151084885,0.2252356664265579,0.5202217792159325,0.5200969277400369,0.5199231808716789,0.5203955260842905,0.5203768161498574,0.519941890806112,0.0,0.0,0.0,0.0,0.019999999552965164,0.0,0.0,0.0,0.0,0.0,0.7748103141784668,0.41481032967567444,0.0,0.0,0.0,0.0
104.599,0.029999999329447746,-0.029999999329447746,0.05999999865889549,datactrl_ref_vx_fallback,states_vx_gs,0.3499999940395355,states_theta,-0.0819406509399414,0.39012113499110324,0.22523658058698665,0.520189775672805,0.520133250970137,0.5203306107318943,0.5199924159110476,0.5199625416760705,0.5203604849668715,0.0,0.0,0.0,0.0,0.029999999329447746,0.0,0.0,0.0,0.0,0.0,0.7531370520591736,0.40313705801963806,0.0,0.0,0.0,0.0
104.653,0.03999999910593033,-0.03999999910593033,0.07999999821186066,datactrl_ref_vx_fallback,states_vx_gs,0.32999998331069946,states_theta,-0.08489979803562164,0.39009467691173766,0.22522129401659072,0.5201968410432597,0.5200556307213741,0.5203076820326066,0.5199447897320272,0.5200200925568533,0.5202323792077804,0.0,0.0,0.0,0.0,0.03999999910593033,0.0,0.0,0.0,0.0,0.0,0.7305610775947571,0.4005610942840576,0.0,0.0,0.0,0.0
104.705,0.04999999701976776,-0.04999999701976776,0.09999999403953552,datactrl_ref_vx_fallback,states_vx_gs,0.3199999928474426,states_theta,-0.07933256775140762,0.3900952168726383,0.22522164685918764,0.5202638572454543,0.5199900544149145,0.5199093803277414,0.5203445313326275,0.5203659932347015,0.5198879184256674,0.0,0.0,0.0,0.0,0.04999999701976776,0.0,0.0,0.0,0.0,0.0,0.7090840339660645,0.3890840709209442,0.0,0.0,0.0,0.0
104.757,0.05999999865889549,-0.05999999865889549,0.11999999731779099,datactrl_ref_vx_fallback,states_vx_gs,0.3100000023841858,states_theta,-0.08428497612476349,0.3900690827654475,0.22520661549275084,0.5199917423309866,0.5201924783768734,0.5204193021823448,0.5197649185255152,0.5197618388550941,0.5204223818527659,0.0,0.0,0.0,0.0,0.05999999865889549,0.0,0.0,0.0,0.0,0.0,0.6875285506248474,0.3775285482406616,0.0,0.0,0.0,0.0
104.813,0.07000000029802322,-0.07000000029802322,0.14000000059604645,datactrl_ref_vx_fallback,states_vx_gs,0.29999998211860657,states_theta,-0.09181372821331024,0.3896640607038081,0.22497278678406496,0.5196397904058206,0.5194643714710009,0.519250162473308,0.5198539994035135,0.5199351217566964,0.5191690401201251,0.0,0.0,0.0,0.0,0.07000000029802322,0.0,0.0,0.0,0.0,0.0,0.6631863713264465,0.36318641901016235,0.0,0.0,0.0,0.0
104.883,0.07999999821186066,-0.07999999821186066,0.1599999964237213,datactrl_ref_vx_fallback,states_vx_gs,0.26999998092651367,states_theta,-0.1288541853427887,0.3900249506432608,0.2251810636006178,0.5198342654042106,0.5202322696444849,0.5202672019508131,0.5197993330978824,0.5199909470234892,0.5200755880252063,0.0,0.0,0.0,0.0,0.07999999821186066,0.0,0.0,0.0,0.0,0.0,0.6380593180656433,0.36805930733680725,0.0,0.0,0.0,0.0
104.934,0.07999999821186066,-0.07999999821186066,0.1599999964237213,datactrl_ref_vx_fallback,states_vx_gs,0.25,states_theta,-0.08147499710321426,0.3899977095518532,0.2251654053586204,0.5198311706685407,0.5201627214697345,0.5203668462936448,0.5196270458446304,0.5197585500422552,0.52023534209602,0.0,0.0,0.0,0.0,0.07999999821186066,0.0,0.0,0.0,0.0,0.0,0.6317795515060425,0.38177958130836487,0.0,0.0,0.0,0.0
104.987,0.08999999612569809,-0.08999999612569809,0.17999999225139618,datactrl_ref_vx_fallback,states_vx_gs,0.23999999463558197,states_theta,-0.08678929507732391,0.38999730451680725,0.2251650943336226,0.520110060886071,0.5198827511587484,0.5198611941717185,0.5201316178731009,0.5202220567193322,0.5197707553254872,0.0,0.0,0.0,0.0,0.08999999612569809,0.0,0.0,0.0,0.0,0.0,0.6087326407432556,0.36873263120651245,0.0,0.0,0.0,0.0
105.054,0.09999999403953552,-0.09999999403953552,0.19999998807907104,datactrl_ref_vx_fallback,states_vx_gs,0.2199999988079071,states_theta,-0.08637726306915283,0.38996914542749817,0.22514892703572056,0.5197739973141051,0.5201437238258899,0.5203263342171894,0.5195913869228056,0.5196838040258099,0.5202339171141851,0.0,0.0,0.0,0.0,0.09999999403953552,0.0,0.0,0.0,0.0,0.0,0.5819178819656372,0.3619178533554077,0.0,0.0,0.0,0.0
105.119,0.09999999403953552,-0.09999999403953552,0.19999998807907104,datactrl_ref_vx_fallback,states_vx_gs,0.2199999988079071,states_theta,-0.055842116475105286,0.38992707583528763,0.22512472117605117,0.5201455178738925,0.5196600176868744,0.5195059811131595,0.5202995544476074,0.5203246822675387,0.5194808532932282,0.0,0.0,0.0,0.0,0.09999999403953552,0.0,0.0,0.0,0.0,0.0,0.5740681886672974,0.35406821966171265,0.0,0.0,0.0,0.0
105.187,0.10999999940395355,-0.10999999940395355,0.2199999988079071,datactrl_ref_vx_fallback,states_vx_gs,0.19999998807907104,states_theta,-0.09465139359235764,0.3899249157342906,0.22512342704082966,0.5196989728866683,0.5201008024047733,0.5203129061577683,0.5194868691336734,0.5195855965792073,0.5202141787122343,0.0,0.0,0.0,0.0,0.10999999940395355,0.0,0.0,0.0,0.0,0.0,0.5459190011024475,0.34591901302337646,0.0,0.0,0.0,0.0
105.237,0.11999999731779099,-0.11999999731779099,0.23999999463558197,datactrl_ref_vx_fallback,states_vx_gs,0.17999999225139618,states_theta,-0.05600263923406601,0.3898952446213575,0.22510633534218316,0.5200889932284767,0.5196316590951433,0.5194598723819962,0.5202607799416238,0.5202691722146097,0.5194514801090103,0.0,0.0,0.0,0.0,0.11999999731779099,0.0,0.0,0.0,0.0,0.0,0.5220085978507996,0.33200857043266296,0.0,0.0,0.0,0.0
105.292,0.11999999731779099,-0.11999999731779099,0.23999999463558197,datactrl_ref_vx_fallback,states_vx_gs,0.17999999225139618,states_theta,-0.06793016195297241,0.38986519553573284,0.2250889241108057,0.519650860645074,0.5199896607835468,0.5201929207488807,0.5194476006797402,0.5195042374000494,0.5201362840285715,0.0,0.0,0.0,0.0,0.11999999731779099,0.0,0.0,0.0,0.0,0.0,0.5125890374183655,0.3325890302658081,0.0,0.0,0.0,0.0
105.359,0.12999999523162842,-0.12999999523162842,0.25999999046325684,datactrl_ref_vx_fallback,states_vx_gs,0.1599999964237213,states_theta,-0.06301950663328171,0.3898619555127598,0.22508696547196844,0.5196446453687411,0.5199872359986184,0.5197016602896125,0.519930221077747,0.5200739286270082,0.5195579527403513,0.0,0.0,0.0,0.0,0.12999999523162842,0.0,0.0,0.0,0.0,0.0,0.4833408296108246,0.32334083318710327,0.0,0.0,0.0,0.0
105.425,0.12999999523162842,-0.12999999523162842,0.25999999046325684,datactrl_ref_vx_fallback,states_vx_gs,0.14999999105930328,states_theta,-0.0378546379506588,0.38984496694549164,0.22507712968317148,0.5195765133715098,0.5200100651498012,0.5197446971554686,0.5198418813658424,0.5196922824620839,0.5198942960592271,0.0,0.0,0.0,0.0,0.12999999523162842,0.0,0.0,0.0,0.0,0.0,0.473136305809021,0.3231363296508789,0.0,0.0,0.0,0.0
105.49,0.14000000059604645,-0.14000000059604645,0.2800000011920929,datactrl_ref_vx_fallback,states_vx_gs,0.14999999105930328,states_theta,-0.006346575450152159,0.38985504329252707,0.22508292515278536,0.5197815083119709,0.5198319404681012,0.5196713269286438,0.5199421218514283,0.51983451269978,0.5197789360802921,0.0,0.0,0.0,0.0,0.14000000059604645,0.0,0.0,0.0,0.0,0.0,0.4430246651172638,0.2930246889591217,0.0,0.0,0.0,0.0
105.542,0.14000000059604645,-0.14000000059604645,0.2800000011920929,datactrl_ref_vx_fallback,states_vx_gs,0.14000000059604645,states_theta,-0.07163795828819275,0.3898534232810405,0.2250819936989238,0.5198032480108478,0.5198058807385936,0.5196659964377547,0.5199431323116867,0.5198911006600623,0.5197180280893791,0.0,0.0,0.0,0.0,0.14000000059604645,0.0,0.0,0.0,0.0,0.0,0.4320351779460907,0.29203516244888306,0.0,0.0,0.0,0.0
105.604,0.14000000059604645,-0.14000000059604645,0.2800000011920929,datactrl_ref_vx_fallback,states_vx_gs,0.12999999523162842,states_theta,-0.10615237057209015,0.38985180326955404,0.2250810675892389,0.519825196027441,0.5197796126913697,0.5196899862135882,0.5199148225052226,0.5199759203022847,0.5196288884165261,0.0,0.0,0.0,0.0,0.14000000059604645,0.0,0.0,0.0,0.0,0.0,0.42654040455818176,0.29654040932655334,0.0,0.0,0.0,0.0
105.656,0.14999999105930328,-0.14999999105930328,0.29999998211860657,datactrl_ref_vx_fallback,states_vx_gs,0.09999999403953552,states_theta,-0.17850124835968018,0.389880466266286,0.2250976437109334,0.5198882761393044,0.5197929672374582,0.5197821550995909,0.5198990882771717,0.5201358496452482,0.5195453937315144,0.0,0.0,0.0,0.0,0.14999999105930328,0.0,0.0,0.0,0.0,0.0,0.4012170732021332,0.281217098236084,0.0,0.0,0.0,0.0
105.713,0.14999999105930328,-0.14999999105930328,0.29999998211860657,datactrl_ref_vx_fallback,states_vx_gs,0.07999999821186066,states_theta,-0.13384702801704407,0.39028241921564083,0.22532967236184603,0.5204042405970805,0.5203488773112951,0.5204271005106892,0.5203260173976864,0.5202375110694349,0.5205156068389406,0.0,0.0,0.0,0.0,0.14999999105930328,0.0,0.0,0.0,0.0,0.0,0.3894426226615906,0.3094426095485687,0.0,0.0,0.0,0.0
105.779,0.14999999105930328,-0.14999999105930328,0.29999998211860657,datactrl_ref_vx_fallback,states_vx_gs,0.07999999821186066,states_theta,0.001991329248994589,0.389946998613131,0.22513602416916695,0.5199927069008626,0.5198659560674866,0.5199323058678227,0.5199263571005266,0.5201059279817293,0.51975273498662,0.0,0.0,0.0,0.0,0.14999999105930328,0.0,0.0,0.0,0.0,0.0,0.3776681423187256,0.2976681590080261,0.0,0.0,0.0,0.0
105.848,0.14999999105930328,-0.14999999105930328,0.29999998211860657,datactrl_ref_vx_fallback,states_vx_gs,0.07000000029802322,states_theta,-0.06329672783613205,0.3899764776208776,0.2251531204252508,0.5200483725228989,0.5198889011327746,0.5197079370650615,0.5202293365906121,0.5202829031375638,0.5196543705181098,0.0,0.0,0.0,0.0,0.14999999105930328,0.0,0.0,0.0,0.0,0.0,0.365893691778183,0.29589369893074036,0.0,0.0,0.0,0.0
105.914,0.1599999964237213,-0.1599999964237213,0.3199999928474426,datactrl_ref_vx_fallback,states_vx_gs,0.04999999701976776,states_theta,-0.12391592562198639,0.3899756675507857,0.22515259397606452,0.5199191350487993,0.5200159784199627,0.5201758537996138,0.5197592596691482,0.5198208528355278,0.5201142606332342,0.0,0.0,0.0,0.0,0.1599999964237213,0.0,0.0,0.0,0.0,0.0,0.3338196277618408,0.28381964564323425,0.0,0.0,0.0,0.0
105.981,0.1599999964237213,-0.1599999964237213,0.3199999928474426,datactrl_ref_vx_fallback,states_vx_gs,0.029999999329447746,states_theta,-0.07628949731588364,0.39000236848818143,0.22516797531240157,0.5199735696223318,0.520032746346152,0.5200567872683265,0.5199495287001573,0.5200410840381354,0.5199652319303484,0.0,0.0,0.0,0.0,0.1599999964237213,0.0,0.0,0.0,0.0,0.0,0.3212602138519287,0.2912602126598358,0.0,0.0,0.0,0.0
106.031,0.1599999964237213,-0.1599999964237213,0.3199999928474426,datactrl_ref_vx_fallback,states_vx_gs,0.019999999552965164,states_theta,-0.05232621729373932,0.39001580642023936,0.22517591682572752,0.5197860862133842,0.5202560642405875,0.5204488603963916,0.51959329005758,0.5197098790391302,0.5203322714148414,0.0,0.0,0.0,0.0,0.1599999964237213,0.0,0.0,0.0,0.0,0.0,0.3087007701396942,0.28870078921318054,0.0,0.0,0.0,0.0
106.085,0.1599999964237213,-0.1599999964237213,0.3199999928474426,datactrl_ref_vx_fallback,states_vx_gs,0.009999999776482582,states_theta,-0.08156325668096542,0.39001580642023936,0.22517575413260835,0.5200625840311461,0.5199795664228255,0.5200347430999213,0.5200074073540504,0.5202212671128521,0.5198208833411195,0.0,0.0,0.0,0.0,0.1599999964237213,0.0,0.0,0.0,0.0,0.0,0.30242106318473816,0.2924210727214813,0.0,0.0,0.0,0.0
106.153,0.1599999964237213,-0.1599999964237213,0.3199999928474426,datactrl_ref_vx_fallback,states_vx_gs,0.009999999776482582,states_theta,-0.037456195801496506,0.39004337142381695,0.22519165502722546,0.5200293823423188,0.5200862747878598,0.5201795879402672,0.5199360691899114,0.5200184306747405,0.5200972264554381,0.0,0.0,0.0,0.0,0.1599999964237213,0.0,0.0,0.0,0.0,0.0,0.28923365473747253,0.2792336642742157,0.0,0.0,0.0,0.0
106.206,0.1599999964237213,-0.1599999964237213,0.3199999928474426,datactrl_ref_vx_fallback,states_vx_gs,0.2829539477825165,datactrl_est_theta_fallback,-0.04694269597530365,0.390071260403935,0.2252077525833932,0.5200935001237703,0.5200965276200564,0.520118435160793,0.5200715925830337,0.5201906851000258,0.519999342643801,0.0,0.0,0.0,0.0,0.1599999964237213,0.0,0.0,0.0,0.0,0.0,0.2829539477825165,0.2829539477825165,0.0,0.0,0.0,0.0
106.264,0.1599999964237213,-0.1599999964237213,0.3199999928474426,datactrl_ref_vx_fallback,states_vx_gs,0.270394504070282,datactrl_est_theta_fallback,-0.033524442464113235,0.39007234032573646,0.22520838992075512,0.5200568932072263,0.5201360143280709,0.5202644948471384,0.5199284126881587,0.5200268571417075,0.5201660503935897,0.0,0.0,0.0,0.0,0.1599999964237213,0.0,0.0,0.0,0.0,0.0,0.270394504070282,0.270394504070282,0.0,0.0,0.0,0.0
106.331,0.1599999964237213,-0.1599999964237213,0.3199999928474426,datactrl_ref_vx_fallback,states_vx_gs,0.2578350901603699,datactrl_est_theta_fallback,-0.04498504102230072,0.3901008232584141,0.22522484279595287,0.5202016161315893,0.5200672458908483,0.5200898347284221,0.5201790272940156,0.5203418066477498,0.5199270553746879,0.0,0.0,0.0,0.0,0.1599999964237213,0.0,0.0,0.0,0.0,0.0,0.2578350901603699,0.2578350901603699,0.0,0.0,0.0,0.0
106.396,0.1599999964237213,-0.1599999964237213,0.3199999928474426,datactrl_ref_vx_fallback,states_vx_gs,-0.019999999552965164,states_theta,-0.046075064688920975,0.39010244314102893,0.22522576888297136,0.5201170400407082,0.5201561416687022,0.5203156243935427,0.5199575573158677,0.5201124870396134,0.520160694669797,0.0,0.0,0.0,0.0,0.1599999964237213,0.0,0.0,0.0,0.0,0.0,0.24527564644813538,0.26527565717697144,0.0,0.0,0.0,0.0
106.466,0.1599999964237213,-0.1599999964237213,0.3199999928474426,datactrl_ref_vx_fallback,states_vx_gs,-0.029999999329447746,states_theta,-0.04425976797938347,0.39010406302364364,0.2252267080825451,0.5201760255407448,0.5201014758556382,0.5201864789977634,0.5200910223986196,0.5203297585224812,0.5199477428739018,0.0,0.0,0.0,0.0,0.1599999964237213,0.0,0.0,0.0,0.0,0.0,0.23271621763706207,0.2627162039279938,0.0,0.0,0.0,0.0
106.532,0.1599999964237213,-0.1599999964237213,0.3199999928474426,datactrl_ref_vx_fallback,states_vx_gs,-0.03999999910593033,states_theta,-0.013525575399398804,0.3901056829062584,0.22522762718636816,0.5202012990466761,0.5200805220366796,0.5202217206875634,0.5200601003957923,0.520110900359241,0.5201709207241147,0.0,0.0,0.0,0.0,0.1599999964237213,0.0,0.0,0.0,0.0,0.0,0.22015678882598877,0.2601567804813385,0.0,0.0,0.0,0.0
106.604,0.14999999105930328,-0.14999999105930328,0.29999998211860657,datactrl_ref_vx_fallback,states_vx_gs,-0.03999999910593033,states_theta,0.0036679378245025873,0.39008008876428146,0.225212861837382,0.5202231170347356,0.5199904530033483,0.5200375499968283,0.5201760200412556,0.5202223452879272,0.5199912247501567,0.0,0.0,0.0,0.0,0.14999999105930328,0.0,0.0,0.0,0.0,0.0,0.22750446200370789,0.2675044536590576,0.0,0.0,0.0,0.0
106.655,0.14999999105930328,-0.14999999105930328,0.29999998211860657,datactrl_ref_vx_fallback,states_vx_gs,-0.029999999329447746,states_theta,0.053874772042036057,0.3900806287251821,0.22521320051231108,0.5201525095482619,0.5200625003855571,0.519877042230761,0.520337967703058,0.5202658063593089,0.5199492035745101,0.0,0.0,0.0,0.0,0.14999999105930328,0.0,0.0,0.0,0.0,0.0,0.2157299965620041,0.24572999775409698,0.0,0.0,0.0,0.0
106.712,0.14999999105930328,-0.14999999105930328,0.29999998211860657,datactrl_ref_vx_fallback,states_vx_gs,-0.029999999329447746,states_theta,0.025340203195810318,0.3900541436434059,0.22519798621950937,0.519853133362854,0.5202912496862284,0.5203478902257376,0.5197964928233448,0.5197644657001134,0.520379917348969,0.0,0.0,0.0,0.0,0.14999999105930328,0.0,0.0,0.0,0.0,0.0,0.2098427563905716,0.2398427575826645,0.0,0.0,0.0,0.0
106.764,0.14999999105930328,-0.14999999105930328,0.29999998211860657,datactrl_ref_vx_fallback,states_vx_gs,-0.029999999329447746,states_theta,-0.03369615226984024,0.389678933612694,0.22498145652711293,0.519788171371757,0.5193556515954271,0.5191812726558885,0.5199625503112956,0.5200139015024067,0.5191299214647774,0.0,0.0,0.0,0.0,0.14999999105930328,0.0,0.0,0.0,0.0,0.0,0.2039555311203003,0.2339555323123932,0.0,0.0,0.0,0.0
106.824,0.14999999105930328,-0.14999999105930328,0.29999998211860657,datactrl_ref_vx_fallback,states_vx_gs,-0.03999999910593033,states_theta,-0.01247151754796505,0.3900114605492475,0.22517326618197608,0.519935966110676,0.5200945953539841,0.520246871704862,0.5197836897597982,0.5198733627792179,0.5201571986854422,0.0,0.0,0.0,0.0,0.14999999105930328,0.0,0.0,0.0,0.0,0.0,0.1921810656785965,0.23218105733394623,0.0,0.0,0.0,0.0
106.894,0.14999999105930328,-0.14999999105930328,0.29999998211860657,datactrl_ref_vx_fallback,states_vx_gs,-0.03999999910593033,states_theta,-0.043439771980047226,0.38998400340910927,0.22515746843792606,0.5201365030331315,0.5198208393911599,0.5198002947166063,0.5201570477076851,0.520327609291539,0.5196297331327524,0.0,0.0,0.0,0.0,0.14999999105930328,0.0,0.0,0.0,0.0,0.0,0.1804066002368927,0.22040659189224243,0.0,0.0,0.0,0.0
106.944,0.14999999105930328,-0.14999999105930328,0.29999998211860657,datactrl_ref_vx_fallback,states_vx_gs,-0.04999999701976776,states_theta,0.00023238989524543285,0.3899835983740634,0.22515724915778865,0.520165404890321,0.5197908574405146,0.5196823246177668,0.5202739377130688,0.5202647538059996,0.519691508524836,0.0,0.0,0.0,0.0,0.14999999105930328,0.0,0.0,0.0,0.0,0.0,0.1686321347951889,0.21863213181495667,0.0,0.0,0.0,0.0
106.999,0.14999999105930328,-0.14999999105930328,0.29999998211860657,datactrl_ref_vx_fallback,states_vx_gs,-0.04999999701976776,states_theta,-0.0346740297973156,0.38995606030416036,0.22514133033717834,0.5197915548602801,0.5200912726174809,0.5202328008668861,0.5196500266108749,0.519692718651045,0.5201901088267159,0.0,0.0,0.0,0.0,0.14999999105930328,0.0,0.0,0.0,0.0,0.0,0.1627448946237564,0.21274489164352417,0.0,0.0,0.0,0.0
107.055,0.14000000059604645,-0.14000000059604645,0.2800000011920929,datactrl_ref_vx_fallback,states_vx_gs,-0.07000000029802322,states_theta,-0.08333512395620346,0.389941150791974,0.2251326998126452,0.5200588801385775,0.5197841886400199,0.5199178856275203,0.519925183151077,0.5202528669444958,0.5195902018341015,0.0,0.0,0.0,0.0,0.14000000059604645,0.0,0.0,0.0,0.0,0.0,0.17672549188137054,0.23672549426555634,0.0,0.0,0.0,0.0
107.118,0.14000000059604645,-0.14000000059604645,0.2800000011920929,datactrl_ref_vx_fallback,states_vx_gs,-0.07000000029802322,states_theta,0.03807231783866882,0.3899121816369953,0.225115968364158,0.5197433022952771,0.5200225154033771,0.5201180324438875,0.5196477852547666,0.5196758054756049,0.5200900122230493,0.0,0.0,0.0,0.0,0.14000000059604645,0.0,0.0,0.0,0.0,0.0,0.16573598980903625,0.23573598265647888,0.0,0.0,0.0,0.0
107.169,0.14000000059604645,-0.14000000059604645,0.2800000011920929,datactrl_ref_vx_fallback,states_vx_gs,-0.05999999865889549,states_theta,-0.015043766237795353,0.3899111015864968,0.22511529160442573,0.5198136778004233,0.5199492597635681,0.5200044554931923,0.5197584820707991,0.5198351218260927,0.5199278157378987,0.0,0.0,0.0,0.0,0.14000000059604645,0.0,0.0,0.0,0.0,0.0,0.15474648773670197,0.21474649012088776,0.0,0.0,0.0,0.0
107.229,0.14000000059604645,-0.14000000059604645,0.2800000011920929,datactrl_ref_vx_fallback,states_vx_gs,-0.07000000029802322,states_theta,-0.030981406569480896,0.38988278050455627,0.22509908727730113,0.5200296458582644,0.5196577688205523,0.5195699358395831,0.5201174788392335,0.5202641868798508,0.5194232277989659,0.0,0.0,0.0,0.0,0.14000000059604645,0.0,0.0,0.0,0.0,0.0,0.14925172924995422,0.21925173699855804,0.0,0.0,0.0,0.0
107.282,0.14000000059604645,-0.14000000059604645,0.2800000011920929,datactrl_ref_vx_fallback,states_vx_gs,-0.07000000029802322,states_theta,-0.003171945456415415,0.3898800804425713,0.2250975202113232,0.5196739065819128,0.5200063079316105,0.5202142549627812,0.5194659595507422,0.5195176519313077,0.5201625625822156,0.0,0.0,0.0,0.0,0.14000000059604645,0.0,0.0,0.0,0.0,0.0,0.14375698566436768,0.2137569785118103,0.0,0.0,0.0,0.0
107.343,0.12999999523162842,-0.12999999523162842,0.25999999046325684,datactrl_ref_vx_fallback,states_vx_gs,-0.07000000029802322,states_theta,-0.005069198086857796,0.3898498693686501,0.22507995772519881,0.5197029319639179,0.5198967196858157,0.5196835737655717,0.5199160778841619,0.5199797693609446,0.5196198822887891,0.0,0.0,0.0,0.0,0.12999999523162842,0.0,0.0,0.0,0.0,0.0,0.1526353359222412,0.22263532876968384,0.0,0.0,0.0,0.0
107.394,0.12999999523162842,-0.12999999523162842,0.25999999046325684,datactrl_ref_vx_fallback,states_vx_gs,-0.05999999865889549,states_theta,0.010552482679486275,0.38984824935716356,0.22507903603276067,0.5197212161230059,0.519874115496097,0.5196194500077651,0.5199758816113378,0.5200031032134227,0.5195922284056802,0.0,0.0,0.0,0.0,0.12999999523162842,0.0,0.0,0.0,0.0,0.0,0.14243079721927643,0.20243079960346222,0.0,0.0,0.0,0.0
107.45,0.12999999523162842,-0.12999999523162842,0.25999999046325684,datactrl_ref_vx_fallback,states_vx_gs,-0.05999999865889549,states_theta,0.09270050376653671,0.38984662934567715,0.22507808595323214,0.5196733740251941,0.5199176375632782,0.5196024714691662,0.5199885401193062,0.5198278190769287,0.5197631925115437,0.0,0.0,0.0,0.0,0.12999999523162842,0.0,0.0,0.0,0.0,0.0,0.13732853531837463,0.19732852280139923,0.0,0.0,0.0,0.0
107.502,0.12999999523162842,-0.12999999523162842,0.25999999046325684,datactrl_ref_vx_fallback,states_vx_gs,-0.04999999701976776,states_theta,0.0034366119652986526,0.3898433893227041,0.22507619986975352,0.5196426481550763,0.5199397233721347,0.5197343391968404,0.5198480323303706,0.5197812795857334,0.5198010919414776,0.0,0.0,0.0,0.0,0.12999999523162842,0.0,0.0,0.0,0.0,0.0,0.13222625851631165,0.1822262555360794,0.0,0.0,0.0,0.0
107.564,0.12999999523162842,-0.12999999523162842,0.25999999046325684,datactrl_ref_vx_fallback,states_vx_gs,-0.04999999701976776,states_theta,-0.023420540615916252,0.38986739033117324,0.22509005717155245,0.5196667081256596,0.5199796660908023,0.5198007159696264,0.5198456582468355,0.5198542970386505,0.5197920771778114,0.0,0.0,0.0,0.0,0.12999999523162842,0.0,0.0,0.0,0.0,0.0,0.12202171981334686,0.17202171683311462,0.0,0.0,0.0,0.0
107.617,0.12999999523162842,-0.12999999523162842,0.25999999046325684,datactrl_ref_vx_fallback,states_vx_gs,-0.05999999865889549,states_theta,-0.07789795845746994,0.3902436652917792,0.2253073046503984,0.5201522334365652,0.5204975406748459,0.520369043732123,0.5202807303792881,0.5203822375211019,0.5202675365903092,0.0,0.0,0.0,0.0,0.12999999523162842,0.0,0.0,0.0,0.0,0.0,0.11181718856096268,0.17181718349456787,0.0,0.0,0.0,0.0
107.671,0.11999999731779099,-0.11999999731779099,0.23999999463558197,datactrl_ref_vx_fallback,states_vx_gs,-0.07000000029802322,states_theta,-0.10458128899335861,0.3898964043025474,0.22510683151064653,0.5197182128813831,0.52000553192541,0.5200011180957906,0.5197226267110024,0.5200278831118197,0.5196958616949734,0.0,0.0,0.0,0.0,0.11999999731779099,0.0,0.0,0.0,0.0,0.0,0.1266220062971115,0.19662199914455414,0.0,0.0,0.0,0.0
107.726,0.11999999731779099,-0.11999999731779099,0.23999999463558197,datactrl_ref_vx_fallback,states_vx_gs,-0.05999999865889549,states_theta,0.14080160856246948,0.39029830621970546,0.22533887881006737,0.5204654182055286,0.5203300650470193,0.5201159125083303,0.5206795707442176,0.5203883369906868,0.5204071462618611,0.0,0.0,0.0,0.0,0.11999999731779099,0.0,0.0,0.0,0.0,0.0,0.12191221863031387,0.1919122189283371,0.0,0.0,0.0,0.0
107.781,0.11999999731779099,-0.11999999731779099,0.23999999463558197,datactrl_ref_vx_fallback,states_vx_gs,-0.04999999701976776,states_theta,0.06698188185691833,0.38993729614005784,0.22513041273659742,0.5198465158463949,0.5199862738604261,0.520023207117144,0.5198095825896769,0.5198785023480694,0.5199542873587515,0.0,0.0,0.0,0.0,0.11999999731779099,0.0,0.0,0.0,0.0,0.0,0.1124926432967186,0.16249264776706696,0.0,0.0,0.0,0.0
107.856,0.11999999731779099,-0.11999999731779099,0.23999999463558197,datactrl_ref_vx_fallback,states_vx_gs,-0.07000000029802322,states_theta,-0.1533607542514801,0.39034062915102286,0.22536334364153435,0.5203257156992812,0.5205826287034464,0.520801456093041,0.5201068883096867,0.5204317972213359,0.5204765471813917,0.0,0.0,0.0,0.0,0.11999999731779099,0.0,0.0,0.0,0.0,0.0,0.10307306796312332,0.17307306826114655,0.0,0.0,0.0,0.0
108.197,0.10999999940395355,-0.10999999940395355,0.2199999988079071,datactrl_ref_vx_fallback,states_vx_gs,-0.07999999821186066,states_theta,-0.0011941725388169289,0.3899933981280687,0.22516280059715554,0.5200158421382785,0.5199665528699048,0.5200250097106773,0.5199573852975059,0.5200971649046191,0.5198852301035641,0.0,0.0,0.0,0.0,0.10999999940395355,0.0,0.0,0.0,0.0,0.0,0.11320735514163971,0.19320735335350037,0.0,0.0,0.0,0.0
108.53,0.10999999940395355,-0.10999999940395355,0.2199999988079071,datactrl_ref_vx_fallback,states_vx_gs,-0.04999999701976776,states_theta,0.03358931839466095,0.3900066604891524,0.22517051907433525,0.519834640068525,0.5201831212358814,0.5201516280411159,0.5198661332632905,0.5197388133341968,0.5202789479702096,0.0,0.0,0.0,0.0,0.10999999940395355,0.0,0.0,0.0,0.0,0.0,0.10457274317741394,0.1545727401971817,0.0,0.0,0.0,0.0
108.883,0.10999999940395355,-0.10999999940395355,0.2199999988079071,datactrl_ref_vx_fallback,states_vx_gs,-0.07000000029802322,states_theta,0.0308493971824646,0.39003398251032473,0.22518629536973928,0.520184428545421,0.5199061914821116,0.5197938574504201,0.5202967625771125,0.5202563942307045,0.5198342257968281,0.0,0.0,0.0,0.0,0.10999999940395355,0.0,0.0,0.0,0.0,0.0,0.09593813121318817,0.165938138961792,0.0,0.0,0.0,0.0
109.248,0.10999999940395355,-0.10999999940395355,0.2199999988079071,datactrl_ref_vx_fallback,states_vx_gs,-0.07000000029802322,states_theta,-0.038533516228199005,0.3900617904963076,0.22520229420933432,0.5200290704597595,0.5201357041970608,0.520220550714541,0.5199442239422793,0.5200181232892609,0.5201466513675594,0.0,0.0,0.0,0.0,0.10999999940395355,0.0,0.0,0.0,0.0,0.0,0.087303526699543,0.15730352699756622,0.0,0.0,0.0,0.0
109.562,0.09999999403953552,-0.09999999403953552,0.19999998807907104,datactrl_ref_vx_fallback,states_vx_gs,-0.07000000029802322,states_theta,0.00024254826712422073,0.39009003044661933,0.22521859158048113,0.520182119392918,0.5200579617980668,0.5200962768921222,0.5201438042988626,0.5202153490372021,0.5200247321537828,0.0,0.0,0.0,0.0,0.09999999403953552,0.0,0.0,0.0,0.0,0.0,0.09830128401517868,0.1683012843132019,0.0,0.0,0.0,0.0
109.909,0.09999999403953552,-0.09999999403953552,0.19999998807907104,datactrl_ref_vx_fallback,states_vx_gs,-0.07000000029802322,states_theta,0.0199932511895895,0.39009165032923404,0.22521954627151244,0.5200608420373369,0.5201835588406205,0.5202744213063214,0.519969979571636,0.5199751874328308,0.5202692134451267,0.0,0.0,0.0,0.0,0.09999999403953552,0.0,0.0,0.0,0.0,0.0,0.09045163542032242,0.16045163571834564,0.0,0.0,0.0,0.0
110.27,0.09999999403953552,-0.09999999403953552,0.19999998807907104,datactrl_ref_vx_fallback,states_vx_gs,-0.07000000029802322,states_theta,-0.01459929347038269,0.3901069377411371,0.22522835888797396,0.5202123907294728,0.5200727765802261,0.5200734017379948,0.5202117655717041,0.5202627167400963,0.5200224505696026,0.0,0.0,0.0,0.0,0.09999999403953552,0.0,0.0,0.0,0.0,0.0,0.08260199427604675,0.15260198712348938,0.0,0.0,0.0,0.0
110.623,0.09999999403953552,-0.09999999403953552,0.19999998807907104,datactrl_ref_vx_fallback,states_vx_gs,-0.07000000029802322,states_theta,0.00801778119057417,0.39013585277133733,0.2252450613003455,0.5200546130412153,0.5203076610156844,0.5202763563484036,0.520085917708496,0.5200628340734355,0.5202994399834642,0.0,0.0,0.0,0.0,0.09999999403953552,0.0,0.0,0.0,0.0,0.0,0.07475235313177109,0.1447523534297943,0.0,0.0,0.0,0.0
110.944,0.08999999612569809,-0.08999999612569809,0.17999999225139618,datactrl_ref_vx_fallback,states_vx_gs,-0.07000000029802322,states_theta,-0.02037787437438965,0.39011114969357424,0.22523080658228659,0.5199935084968983,0.5203028906859664,0.5201032183017549,0.5201931808811098,0.5203119937367029,0.5199844054461618,0.0,0.0,0.0,0.0,0.08999999612569809,0.0,0.0,0.0,0.0,0.0,0.08673129975795746,0.15673129260540009,0.0,0.0,0.0,0.0
111.295,0.08999999612569809,-0.08999999612569809,0.17999999225139618,datactrl_ref_vx_fallback,states_vx_gs,-0.05999999865889549,states_theta,0.07742591202259064,0.3901130396854674,0.22523187809788747,0.5202094273391032,0.5200920118221432,0.5200508741483715,0.5202505650128749,0.520088108757126,0.5202133304041204,0.0,0.0,0.0,0.0,0.08999999612569809,0.0,0.0,0.0,0.0,0.0,0.0796666145324707,0.1396666169166565,0.0,0.0,0.0,0.0
111.657,0.08999999612569809,-0.08999999612569809,0.17999999225139618,datactrl_ref_vx_fallback,states_vx_gs,-0.04999999701976776,states_theta,-0.003351515857502818,0.38972430612368464,0.2250074501714842,0.519744184965219,0.5195206313646067,0.5195069665017942,0.5197578498280315,0.5196832960610522,0.5195815202687735,0.0,0.0,0.0,0.0,0.08999999612569809,0.0,0.0,0.0,0.0,0.0,0.07260193675756454,0.1226019337773323,0.0,0.0,0.0,0.0
111.984,0.08999999612569809,-0.08999999612569809,0.17999999225139618,datactrl_ref_vx_fallback,states_vx_gs,-0.05999999865889549,states_theta,0.020343665033578873,0.39007129998510726,0.22520780094939932,0.5200451370832658,0.5201449962103536,0.5202038530551499,0.5199862802384695,0.5198917352645674,0.520298398029052,0.0,0.0,0.0,0.0,0.08999999612569809,0.0,0.0,0.0,0.0,0.0,0.06518402695655823,0.12518402934074402,0.0,0.0,0.0,0.0
112.334,0.07999999821186066,-0.07999999821186066,0.1599999964237213,datactrl_ref_vx_fallback,states_vx_gs,-0.05999999865889549,states_theta,-0.019721491262316704,0.3900411998935842,0.22519043124433422,0.5199063340870622,0.5202035322958289,0.5202436870711928,0.5198661793116983,0.5199390291503425,0.5201708372325486,0.0,0.0,0.0,0.0,0.07999999821186066,0.0,0.0,0.0,0.0,0.0,0.07783018797636032,0.13783018290996552,0.0,0.0,0.0,0.0
112.681,0.07999999821186066,-0.07999999821186066,0.1599999964237213,datactrl_ref_vx_fallback,states_vx_gs,-0.05999999865889549,states_theta,0.06903532892465591,0.3900008178614881,0.22516719155845538,0.5201919336910804,0.5198102472728879,0.5196518934606608,0.5203502875033076,0.5202194497246825,0.5197827312392859,0.0,0.0,0.0,0.0,0.07999999821186066,0.0,0.0,0.0,0.0,0.0,0.07155047357082367,0.13155047595500946,0.0,0.0,0.0,0.0
113.041,0.07999999821186066,-0.07999999821186066,0.1599999964237213,datactrl_ref_vx_fallback,states_vx_gs,-0.05999999865889549,states_theta,-0.030156349763274193,0.38997346871353,0.2251513745824946,0.5198252797132,0.5201039701895466,0.5202532360504868,0.5196760138522598,0.5197305491762538,0.5201987007264928,0.0,0.0,0.0,0.0,0.07999999821186066,0.0,0.0,0.0,0.0,0.0,0.06527075916528702,0.1252707540988922,0.0,0.0,0.0,0.0
113.378,0.07999999821186066,-0.07999999821186066,0.1599999964237213,datactrl_ref_vx_fallback,states_vx_gs,-0.05999999865889549,states_theta,-0.01429410744458437,0.3899456066027162,0.22513523990229561,0.5200007700405738,0.5198541809000028,0.5197476254315239,0.5201073255090527,0.5201076244250398,0.5197473265155368,0.0,0.0,0.0,0.0,0.07999999821186066,0.0,0.0,0.0,0.0,0.0,0.058991044759750366,0.11899103969335556,0.0,0.0,0.0,0.0
113.724,0.07999999821186066,-0.07999999821186066,0.1599999964237213,datactrl_ref_vx_fallback,states_vx_gs,-0.07000000029802322,states_theta,-0.014952084049582481,0.38993073760690844,0.22512663055576843,0.5198248160865969,0.5199904841984923,0.5200205143661888,0.5197947859189004,0.5198299700092731,0.5199853302758161,0.0,0.0,0.0,0.0,0.07999999821186066,0.0,0.0,0.0,0.0,0.0,0.052711330354213715,0.12271133065223694,0.0,0.0,0.0,0.0
114.473,0.07000000029802322,-0.07000000029802322,0.14000000059604645,datactrl_ref_vx_fallback,states_vx_gs,-0.05999999865889549,states_theta,0.0021745027042925358,0.3898725833038509,0.22509305221775158,0.5198067207971152,0.5198535013464872,0.5199390008580177,0.5197212212855847,0.5197410042125826,0.5199192179310198,0.0,0.0,0.0,0.0,0.07000000029802322,0.0,0.0,0.0,0.0,0.0,0.06115793436765671,0.1211579367518425,0.0,0.0,0.0,0.0
114.838,0.07000000029802322,-0.07000000029802322,0.14000000059604645,datactrl_ref_vx_fallback,states_vx_gs,-0.05999999865889549,states_theta,0.003781021572649479,0.3898698832418659,0.22509151975169026,0.5200049120279584,0.5196481099503507,0.5196917482253706,0.5199612737529385,0.5199603885484271,0.519692633429882,0.0,0.0,0.0,0.0,0.07000000029802322,0.0,0.0,0.0,0.0,0.0,0.05566318333148956,0.11566318571567535,0.0,0.0,0.0,0.0
115.978,0.05999999865889549,-0.05999999865889549,0.11999999731779099,datactrl_ref_vx_fallback,states_vx_gs,-0.04999999701976776,states_theta,0.13012449443340302,0.38983332711224583,0.22507041296207075,0.5195959323922942,0.5199596065736948,0.5196343887437415,0.5199211502222475,0.5196668444333491,0.5198886945326399,0.0,0.0,0.0,0.0,0.05999999865889549,0.0,0.0,0.0,0.0,0.0,0.05998873710632324,0.109988734126091,0.0,0.0,0.0,0.0
116.396,0.05999999865889549,-0.05999999865889549,0.11999999731779099,datactrl_ref_vx_fallback,states_vx_gs,-0.019999999552965164,states_theta,0.08097583055496216,0.3898572741246162,0.22508425458030953,0.519617716799037,0.5200016808666061,0.5196143820002121,0.520005015665431,0.5196704737399873,0.5199489239256558,0.0,0.0,0.0,0.0,0.05999999865889549,0.0,0.0,0.0,0.0,0.0,0.055278949439525604,0.07527894526720047,0.0,0.0,0.0,0.0
116.771,0.05999999865889549,-0.05999999865889549,0.11999999731779099,datactrl_ref_vx_fallback,states_vx_gs,-0.029999999329447746,states_theta,-0.04835229367017746,0.3902589300954276,0.2253161040090296,0.5203963684082316,0.5202941118462421,0.520271240956401,0.5204192392980727,0.5203912938910265,0.5202991863634472,0.0,0.0,0.0,0.0,0.05999999865889549,0.0,0.0,0.0,0.0,0.0,0.050569161772727966,0.08056916296482086,0.0,0.0,0.0,0.0
117.152,0.05999999865889549,-0.05999999865889549,0.11999999731779099,datactrl_ref_vx_fallback,states_vx_gs,-0.03999999910593033,states_theta,-0.06090203672647476,0.3899110720391434,0.22511527996231895,0.5200129368504066,0.5197499219206424,0.5198170661224334,0.5199457926486156,0.5199823662863757,0.5197804924846733,0.0,0.0,0.0,0.0,0.05999999865889549,0.0,0.0,0.0,0.0,0.0,0.04585937783122063,0.08585937321186066,0.0,0.0,0.0,0.0
117.888,0.04999999701976776,-0.04999999701976776,0.09999999403953552,datactrl_ref_vx_fallback,states_vx_gs,-0.04999999701976776,states_theta,0.029794996604323387,0.3899569799194107,0.22514177566087765,0.5200344472337456,0.5198508325513497,0.5199909333512542,0.519894346433841,0.5198774765423322,0.5200078032427631,0.0,0.0,0.0,0.0,0.04999999701976776,0.0,0.0,0.0,0.0,0.0,0.056425392627716064,0.10642538964748383,0.0,0.0,0.0,0.0
118.276,0.04999999701976776,-0.04999999701976776,0.09999999403953552,datactrl_ref_vx_fallback,states_vx_gs,-0.04999999701976776,states_theta,-0.022568197920918465,0.3899834648724462,0.22515709761659572,0.5198470119841232,0.5201088943423999,0.5198604277379864,0.5200954785885368,0.5201770481344998,0.5197788581920233,0.0,0.0,0.0,0.0,0.04999999701976776,0.0,0.0,0.0,0.0,0.0,0.05250057205557823,0.10250057280063629,0.0,0.0,0.0,0.0
118.644,0.04999999701976776,-0.04999999701976776,0.09999999403953552,datactrl_ref_vx_fallback,states_vx_gs,-0.019999999552965164,states_theta,0.13612502813339233,0.3899968082662872,0.22516483094448958,0.5200905588152412,0.5199009298948579,0.5198911720263344,0.5201003166837648,0.5196735000891055,0.5203179886209937,0.0,0.0,0.0,0.0,0.04999999701976776,0.0,0.0,0.0,0.0,0.0,0.0485757514834404,0.06857574731111526,0.0,0.0,0.0,0.0
119.016,0.04999999701976776,-0.04999999701976776,0.09999999403953552,datactrl_ref_vx_fallback,states_vx_gs,-0.04999999701976776,states_theta,-0.22644779086112976,0.39002429227572977,0.22518071604797862,0.519996535287669,0.520068244114277,0.5201341373237826,0.5199306420781634,0.520410712083773,0.519654067318173,0.0,0.0,0.0,0.0,0.04999999701976776,0.0,0.0,0.0,0.0,0.0,0.04465092718601227,0.09465092420578003,0.0,0.0,0.0,0.0
119.365,0.04999999701976776,-0.04999999701976776,0.09999999403953552,datactrl_ref_vx_fallback,states_vx_gs,-0.04999999701976776,states_theta,0.06615987420082092,0.3900522352519378,0.2251967698910487,0.5201000273080256,0.5200392666971418,0.5200303250581373,0.5201089689470302,0.5199701069331046,0.5201691870720628,0.0,0.0,0.0,0.0,0.04999999701976776,0.0,0.0,0.0,0.0,0.0,0.040726106613874435,0.0907260999083519,0.0,0.0,0.0,0.0
119.729,0.04999999701976776,-0.04999999701976776,0.09999999403953552,datactrl_ref_vx_fallback,states_vx_gs,-0.04999999701976776,states_theta,-0.03638811036944389,0.3900806101924529,0.22521314834783235,0.520165499068916,0.5200494614442916,0.5201291796694033,0.5200857808438043,0.5201481468120158,0.5200668137011918,0.0,0.0,0.0,0.0,0.04999999701976776,0.0,0.0,0.0,0.0,0.0,0.0368012860417366,0.08680128306150436,0.0,0.0,0.0,0.0
120.124,0.03999999910593033,-0.03999999910593033,0.07999999821186066,datactrl_ref_vx_fallback,states_vx_gs,-0.05999999865889549,states_theta,-0.005957803688943386,0.39008223007506765,0.22521411467565314,0.5199867046634972,0.5202325755366832,0.5203183775726683,0.5199009026275121,0.520056552296035,0.5201627279041454,0.0,0.0,0.0,0.0,0.03999999910593033,0.0,0.0,0.0,0.0,0.0,0.05301903933286667,0.11301904171705246,0.0,0.0,0.0,0.0
120.474,0.03999999910593033,-0.03999999910593033,0.07999999821186066,datactrl_ref_vx_fallback,states_vx_gs,-0.04999999701976776,states_theta,0.06241854280233383,0.3900975985197542,0.22522297957539417,0.5202473216186708,0.5200129411006736,0.5199795292544847,0.5202807334648598,0.5202327936719762,0.5200274690473683,0.0,0.0,0.0,0.0,0.03999999910593033,0.0,0.0,0.0,0.0,0.0,0.04987918213009834,0.0998791754245758,0.0,0.0,0.0,0.0
120.83,0.03999999910593033,-0.03999999910593033,0.07999999821186066,datactrl_ref_vx_fallback,states_vx_gs,-0.03999999910593033,states_theta,-0.0006224254611879587,0.39012675653232043,0.22523981606469745,0.5200813481967551,0.520256669222766,0.5203254257473966,0.5200125916721245,0.5200326407937157,0.5203053766258054,0.0,0.0,0.0,0.0,0.03999999910593033,0.0,0.0,0.0,0.0,0.0,0.04673932492733002,0.08673932403326035,0.0,0.0,0.0,0.0
121.195,0.03999999910593033,-0.03999999910593033,0.07999999821186066,datactrl_ref_vx_fallback,states_vx_gs,-0.03999999910593033,states_theta,0.00617134477943182,0.390129186485027,0.2252412076140012,0.5200557139047888,0.5202887833886165,0.5200799889256286,0.5202645083677767,0.5202624751779253,0.5200820221154799,0.0,0.0,0.0,0.0,0.03999999910593033,0.0,0.0,0.0,0.0,0.0,0.04359946772456169,0.08359946310520172,0.0,0.0,0.0,0.0
121.948,0.03999999910593033,-0.03999999910593033,0.07999999821186066,datactrl_ref_vx_fallback,states_vx_gs,-0.03999999910593033,states_theta,-0.007945135235786438,0.3900923683750296,0.22522004638614737,0.5202797390545537,0.5199665766121919,0.5198298987690254,0.5204164168977202,0.5204267566412649,0.5198195590254807,0.0,0.0,0.0,0.0,0.03999999910593033,0.0,0.0,0.0,0.0,0.0,0.03731974959373474,0.07731974869966507,0.0,0.0,0.0,0.0
122.282,0.029999999329447746,-0.029999999329447746,0.05999999865889549,datactrl_ref_vx_fallback,states_vx_gs,-0.03999999910593033,states_theta,0.03886767104268074,0.3896897912492858,0.22498766571649095,0.5193950845885531,0.5197776920762092,0.5199496472574328,0.5192231294073295,0.5192412233908057,0.5199315532739566,0.0,0.0,0.0,0.0,0.029999999329447746,0.0,0.0,0.0,0.0,0.0,0.0544009692966938,0.09440097212791443,0.0,0.0,0.0,0.0
122.627,0.029999999329447746,-0.029999999329447746,0.05999999865889549,datactrl_ref_vx_fallback,states_vx_gs,-0.029999999329447746,states_theta,0.08672821521759033,0.3900366741415471,0.22518778613374915,0.5200049962497597,0.5200928014610324,0.5200057408338523,0.5200920568769398,0.5199519210718941,0.520145876638898,0.0,0.0,0.0,0.0,0.029999999329447746,0.0,0.0,0.0,0.0,0.0,0.05204607546329498,0.08204607665538788,0.0,0.0,0.0,0.0
122.974,0.029999999329447746,-0.029999999329447746,0.05999999865889549,datactrl_ref_vx_fallback,states_vx_gs,-0.019999999552965164,states_theta,-0.031550657004117966,0.3900100000734555,0.22517239515878779,0.5200964624155952,0.5199302044469528,0.5199309551173057,0.5200957117452423,0.5201408474989637,0.5198858193635842,0.0,0.0,0.0,0.0,0.029999999329447746,0.0,0.0,0.0,0.0,0.0,0.04969118535518646,0.06969118118286133,0.0,0.0,0.0,0.0
123.316,0.029999999329447746,-0.029999999329447746,0.05999999865889549,datactrl_ref_vx_fallback,states_vx_gs,-0.029999999329447746,states_theta,0.0018991780234500766,0.3896197515242209,0.22494714886983722,0.5193097197235288,0.5196762843410603,0.5197416346545636,0.5192443694100255,0.5192708361143914,0.5197151679501977,0.0,0.0,0.0,0.0,0.029999999329447746,0.0,0.0,0.0,0.0,0.0,0.04733629152178764,0.07733628898859024,0.0,0.0,0.0,0.0
124.014,0.029999999329447746,-0.029999999329447746,0.05999999865889549,datactrl_ref_vx_fallback,states_vx_gs,-0.029999999329447746,states_theta,-0.042908839881420135,0.3899384363098539,0.22513106834709165,0.5199470102367615,0.519888819922849,0.5199170820534302,0.5199187481061802,0.5200278127169728,0.5198080174426376,0.0,0.0,0.0,0.0,0.029999999329447746,0.0,0.0,0.0,0.0,0.0,0.042626503854990005,0.0726265013217926,0.0,0.0,0.0,0.0
124.354,0.029999999329447746,-0.029999999329447746,0.05999999865889549,datactrl_ref_vx_fallback,states_vx_gs,-0.029999999329447746,states_theta,0.029050804674625397,0.3899234862812889,0.2251224312771054,0.5199319221497632,0.5198640412670071,0.5198913672262387,0.5199045961905316,0.5198589635598193,0.5199369998569511,0.0,0.0,0.0,0.0,0.029999999329447746,0.0,0.0,0.0,0.0,0.0,0.040271610021591187,0.07027161121368408,0.0,0.0,0.0,0.0
124.702,0.029999999329447746,-0.029999999329447746,0.05999999865889549,datactrl_ref_vx_fallback,states_vx_gs,-0.019999999552965164,states_theta,-0.011370026506483555,0.3898945171263102,0.22510570609048197,0.5199081245386755,0.5198105877981517,0.519860915602366,0.5198577967344612,0.5198342501162038,0.5198844622206235,0.0,0.0,0.0,0.0,0.029999999329447746,0.0,0.0,0.0,0.0,0.0,0.03791671618819237,0.05791671574115753,0.0,0.0,0.0,0.0
125.048,0.029999999329447746,-0.029999999329447746,0.05999999865889549,datactrl_ref_vx_fallback,states_vx_gs,-0.029999999329447746,states_theta,0.003348190803080797,0.3898922490202633,0.22510440957470823,0.5199280336694266,0.5197846303846089,0.5199569680874656,0.5197556959665699,0.5197509293178386,0.5199617347361969,0.0,0.0,0.0,0.0,0.029999999329447746,0.0,0.0,0.0,0.0,0.0,0.03544408082962036,0.06544408202171326,0.0,0.0,0.0,0.0
125.382,0.019999999552965164,-0.019999999552965164,0.03999999910593033,datactrl_ref_vx_fallback,states_vx_gs,-0.019999999552965164,states_theta,0.03666751831769943,0.3898625509092808,0.22508725786116332,0.5198818506563885,0.519751618435027,0.5197286765095354,0.5199047925818802,0.5198836388324176,0.5197498302589979,0.0,0.0,0.0,0.0,0.019999999552965164,0.0,0.0,0.0,0.0,0.0,0.05338875949382782,0.07338876277208328,0.0,0.0,0.0,0.0
125.719,0.019999999552965164,-0.019999999552965164,0.03999999910593033,datactrl_ref_vx_fallback,states_vx_gs,-0.019999999552965164,states_theta,0.017428196966648102,0.3898598508472958,0.22508572450944367,0.5198741098343089,0.5197521590918133,0.5196511136252471,0.5199751553008751,0.5199933365234586,0.5196329324026636,0.0,0.0,0.0,0.0,0.019999999552965164,0.0,0.0,0.0,0.0,0.0,0.051818832755088806,0.07181882858276367,0.0,0.0,0.0,0.0
126.422,0.019999999552965164,-0.019999999552965164,0.03999999910593033,datactrl_ref_vx_fallback,states_vx_gs,-0.019999999552965164,states_theta,0.005714600905776024,0.3898820157313607,0.22509851305419087,0.5199466991958335,0.5197386760877951,0.5197289584105773,0.5199564168730513,0.5199964507416617,0.5196889245419669,0.0,0.0,0.0,0.0,0.019999999552965164,0.0,0.0,0.0,0.0,0.0,0.04867897182703018,0.06867897510528564,0.0,0.0,0.0,0.0
126.821,0.019999999552965164,-0.019999999552965164,0.03999999910593033,datactrl_ref_vx_fallback,states_vx_gs,0.04710904508829117,datactrl_est_theta_fallback,0.08303715288639069,0.3902994736144425,0.22533952605657578,0.5204603045255614,0.5203382917796187,0.5203305371935069,0.5204680591116732,0.5202336917500724,0.5205649045551076,0.0,0.0,0.0,0.0,0.019999999552965164,0.0,0.0,0.0,0.0,0.0,0.04710904508829117,0.04710904508829117,0.0,0.0,0.0,0.0
127.191,0.019999999552965164,-0.019999999552965164,0.03999999910593033,datactrl_ref_vx_fallback,states_vx_gs,0.045539114624261856,datactrl_est_theta_fallback,-0.11233601719141006,0.39029924858344156,0.22533941921008455,0.5205050322798734,0.5202929639426375,0.5203216777613614,0.5204763184611495,0.5206444602725583,0.5201535359499526,0.0,0.0,0.0,0.0,0.019999999552965164,0.0,0.0,0.0,0.0,0.0,0.045539114624261856,0.045539114624261856,0.0,0.0,0.0,0.0
127.571,0.019999999552965164,-0.019999999552965164,0.03999999910593033,datactrl_ref_vx_fallback,states_vx_gs,-0.009999999776482582,states_theta,-0.08907655626535416,0.3899538115663384,0.22513995227568726,0.5199590701929484,0.5199177606506207,0.5199525775281039,0.5199242533154652,0.520096346175483,0.5197804846680861,0.0,0.0,0.0,0.0,0.019999999552965164,0.0,0.0,0.0,0.0,0.0,0.04396918788552284,0.053969185799360275,0.0,0.0,0.0,0.0
127.956,0.019999999552965164,-0.019999999552965164,0.03999999910593033,datactrl_ref_vx_fallback,states_vx_gs,-0.009999999776482582,states_theta,0.042206160724163055,0.38998053950177924,0.22515538367155438,0.520033436757499,0.5199146685805789,0.5198310820981189,0.520117023239959,0.5200144418628949,0.519933663475183,0.0,0.0,0.0,0.0,0.019999999552965164,0.0,0.0,0.0,0.0,0.0,0.04239925742149353,0.05239925906062126,0.0,0.0,0.0,0.0
128.306,0.019999999552965164,-0.019999999552965164,0.03999999910593033,datactrl_ref_vx_fallback,states_vx_gs,-0.009999999776482582,states_theta,0.001976105384528637,0.3900211374796133,0.22517887211452725,0.5199068332510276,0.5201495333612746,0.5202399730957133,0.5198163935165888,0.5197944488205525,0.5202619177917497,0.0,0.0,0.0,0.0,0.019999999552965164,0.0,0.0,0.0,0.0,0.0,0.04082933068275452,0.05082932859659195,0.0,0.0,0.0,0.0
128.675,0.019999999552965164,-0.019999999552965164,0.03999999910593033,datactrl_ref_vx_fallback,states_vx_gs,-0.019999999552965164,states_theta,-0.018037525936961174,0.39002167744051397,0.22517922221861772,0.5201874092601689,0.5198703972478683,0.5197860011191524,0.5202718053888848,0.5203438407752015,0.5197139657328358,0.0,0.0,0.0,0.0,0.019999999552965164,0.0,0.0,0.0,0.0,0.0,0.039259400218725204,0.05925939977169037,0.0,0.0,0.0,0.0
129.044,0.019999999552965164,-0.019999999552965164,0.03999999910593033,datactrl_ref_vx_fallback,states_vx_gs,-0.019999999552965164,states_theta,0.0011921859113499522,0.39004970141085715,0.22519539147224363,0.5199205790142477,0.5202119580813714,0.5203485213542074,0.5197840157414118,0.5198138634576781,0.520318673637941,0.0,0.0,0.0,0.0,0.019999999552965164,0.0,0.0,0.0,0.0,0.0,0.03768946975469589,0.057689469307661057,0.0,0.0,0.0,0.0
129.412,0.019999999552965164,-0.019999999552965164,0.03999999910593033,datactrl_ref_vx_fallback,states_vx_gs,-0.009999999776482582,states_theta,0.0059436047449707985,0.39007799535725024,0.22521180351889256,0.5203143852618148,0.5198936023575191,0.5197258497866145,0.5204821378327195,0.5204434594032356,0.5197645282160984,0.0,0.0,0.0,0.0,0.019999999552965164,0.0,0.0,0.0,0.0,0.0,0.03611954301595688,0.04611954092979431,0.0,0.0,0.0,0.0
129.825,0.019999999552965164,-0.019999999552965164,0.03999999910593033,datactrl_ref_vx_fallback,states_vx_gs,-0.019999999552965164,states_theta,0.005036791320890188,0.39007961523986495,0.22521273905644928,0.5199237179099918,0.5202885893963147,0.5204811069841299,0.5197312003221767,0.5197467659455358,0.5204655413607707,0.0,0.0,0.0,0.0,0.019999999552965164,0.0,0.0,0.0,0.0,0.0,0.034549612551927567,0.05454961210489273,0.0,0.0,0.0,0.0
130.195,0.019999999552965164,-0.019999999552965164,0.03999999910593033,datactrl_ref_vx_fallback,states_vx_gs,-0.009999999776482582,states_theta,0.009403906762599945,0.39009476759712886,0.22522146024689646,0.5202781968038348,0.5199745167885088,0.5197610236657788,0.5204916899265648,0.5204391246803792,0.5198135889119644,0.0,0.0,0.0,0.0,0.019999999552965164,0.0,0.0,0.0,0.0,0.0,0.03297968581318855,0.042979683727025986,0.0,0.0,0.0,0.0
130.538,0.019999999552965164,-0.019999999552965164,0.03999999910593033,datactrl_ref_vx_fallback,states_vx_gs,-0.019999999552965164,states_theta,-0.013635789975523949,0.390096657589022,0.22522253999013545,0.5199678708754616,0.5202898826952638,0.5204737820959517,0.5197839714747736,0.5198308057299328,0.5204269478407926,0.0,0.0,0.0,0.0,0.019999999552965164,0.0,0.0,0.0,0.0,0.0,0.03140975534915924,0.051409754902124405,0.0,0.0,0.0,0.0
131.129,0.009999999776482582,-0.009999999776482582,0.019999999552965164,datactrl_ref_vx_fallback,states_vx_gs,-0.009999999776482582,states_theta,0.0282221008092165,0.39009949257686183,0.2252240474065652,0.5201565569765176,0.5201087565617806,0.5201333575358438,0.5201319560024544,0.5201410691323016,0.5201242444059966,0.0,0.0,0.0,0.0,0.009999999776482582,0.0,0.0,0.0,0.0,0.0,0.04876571148633957,0.0587657131254673,0.0,0.0,0.0,0.0
131.461,0.009999999776482582,-0.009999999776482582,0.019999999552965164,datactrl_ref_vx_fallback,states_vx_gs,-0.009999999776482582,states_theta,0.027012057602405548,0.390087674523075,0.22521722462367239,0.5200847926093,0.5201490061189,0.5201140185947218,0.5201197801334781,0.5201335283240526,0.5201002704041474,0.0,0.0,0.0,0.0,0.009999999776482582,0.0,0.0,0.0,0.0,0.0,0.04798074811697006,0.057980749756097794,0.0,0.0,0.0,0.0
131.822,0.009999999776482582,-0.009999999776482582,0.019999999552965164,datactrl_ref_vx_fallback,states_vx_gs,0.047195784747600555,datactrl_est_theta_fallback,0.025731530040502548,0.39008929440568973,0.2252181603260676,0.5201564500884271,0.5200816683267454,0.5200954533863912,0.5201426650287814,0.5201051278785201,0.5201329905366524,0.0,0.0,0.0,0.0,0.009999999776482582,0.0,0.0,0.0,0.0,0.0,0.047195784747600555,0.047195784747600555,0.0,0.0,0.0,0.0
132.206,0.009999999776482582,-0.009999999776482582,0.019999999552965164,datactrl_ref_vx_fallback,states_vx_gs,0.04641082137823105,datactrl_est_theta_fallback,0.02398405596613884,0.39006361926959077,0.22520333708410567,0.5200441240089746,0.5201255273766008,0.5200840238006478,0.5200856275849276,0.5200525599802793,0.520117091405296,0.0,0.0,0.0,0.0,0.009999999776482582,0.0,0.0,0.0,0.0,0.0,0.04641082137823105,0.04641082137823105,0.0,0.0,0.0,0.0
132.564,0.009999999776482582,-0.009999999776482582,0.019999999552965164,datactrl_ref_vx_fallback,states_vx_gs,0.04562585428357124,datactrl_est_theta_fallback,-0.01407710276544094,0.3900376201526251,0.22518833388546056,0.5199997428898981,0.5201005775171021,0.5201522644258005,0.5199480559811998,0.5199948474898821,0.5201054729171182,0.0,0.0,0.0,0.0,0.009999999776482582,0.0,0.0,0.0,0.0,0.0,0.04562585428357124,0.04562585428357124,0.0,0.0,0.0,0.0
132.947,0.009999999776482582,-0.009999999776482582,0.019999999552965164,datactrl_ref_vx_fallback,states_vx_gs,0.044840890914201736,datactrl_est_theta_fallback,0.021983571350574493,0.3900381601135259,0.2251887105168198,0.5202187146334718,0.5198830456692638,0.5198086910079196,0.520293069294816,0.5202655735569719,0.5198361867457637,0.0,0.0,0.0,0.0,0.009999999776482582,0.0,0.0,0.0,0.0,0.0,0.044840890914201736,0.044840890914201736,0.0,0.0,0.0,0.0
133.331,0.009999999776482582,-0.009999999776482582,0.019999999552965164,datactrl_ref_vx_fallback,states_vx_gs,0.04405592754483223,datactrl_est_theta_fallback,-0.016003821045160294,0.3896214100687925,0.22494813835054456,0.5193347175441172,0.5196557093059961,0.5198171182764026,0.5191733085737107,0.5192253445996771,0.5197650822504363,0.0,0.0,0.0,0.0,0.009999999776482582,0.0,0.0,0.0,0.0,0.0,0.04405592754483223,0.04405592754483223,0.0,0.0,0.0,0.0
133.7,0.009999999776482582,-0.009999999776482582,0.019999999552965164,datactrl_ref_vx_fallback,states_vx_gs,0.043270960450172424,datactrl_est_theta_fallback,0.0010060082422569394,0.3899678009222357,0.22514803454803817,0.5198508778236186,0.5200632579690099,0.5200753761480507,0.5198387596445778,0.5198559308353411,0.5200582049572874,0.0,0.0,0.0,0.0,0.009999999776482582,0.0,0.0,0.0,0.0,0.0,0.043270960450172424,0.043270960450172424,0.0,0.0,0.0,0.0
134.061,0.009999999776482582,-0.009999999776482582,0.019999999552965164,datactrl_ref_vx_fallback,states_vx_gs,0.04248599708080292,datactrl_est_theta_fallback,-1.356092980131507e-07,0.3899398308192417,0.22513186914598743,0.5199602983894646,0.5198792504618467,0.5198889497370784,0.5199505991142328,0.5199702639544148,0.5198692848968964,0.0,0.0,0.0,0.0,0.009999999776482582,0.0,0.0,0.0,0.0,0.0,0.04248599708080292,0.04248599708080292,0.0,0.0,0.0,0.0
134.811,0.009999999776482582,-0.009999999776482582,0.019999999552965164,datactrl_ref_vx_fallback,states_vx_gs,0.040916070342063904,datactrl_est_theta_fallback,0.036060631275177,0.3898960736496989,0.22510662382883043,0.5197889135209194,0.5199339495449443,0.5199577791081007,0.519765083957763,0.5197103416951725,0.5200125213706912,0.0,0.0,0.0,0.0,0.009999999776482582,0.0,0.0,0.0,0.0,0.0,0.040916070342063904,0.040916070342063904,0.0,0.0,0.0,0.0
135.18,0.009999999776482582,-0.009999999776482582,0.019999999552965164,datactrl_ref_vx_fallback,states_vx_gs,0.0401311032474041,datactrl_est_theta_fallback,-0.0025506424717605114,0.389866888501655,0.22508977737954852,0.5198973134532824,0.519747722551131,0.519697624413794,0.5199474115906194,0.519973062729883,0.5196719732745304,0.0,0.0,0.0,0.0,0.009999999776482582,0.0,0.0,0.0,0.0,0.0,0.0401311032474041,0.0401311032474041,0.0,0.0,0.0,0.0
135.549,0.009999999776482582,-0.009999999776482582,0.019999999552965164,datactrl_ref_vx_fallback,states_vx_gs,0.03934613987803459,datactrl_est_theta_fallback,0.025177806615829468,0.38986418843967,0.22508821101021426,0.5199645909393199,0.5196732448998002,0.5198686907222069,0.5197691451169132,0.5197372181173116,0.5199006177218085,0.0,0.0,0.0,0.0,0.009999999776482582,0.0,0.0,0.0,0.0,0.0,0.03934613987803459,0.03934613987803459,0.0,0.0,0.0,0.0
136.344,0.009999999776482582,-0.009999999776482582,0.019999999552965164,datactrl_ref_vx_fallback,states_vx_gs,0.009999999776482582,states_theta,0.01216342393308878,0.38985878831570003,0.22508510895277115,0.519969907568196,0.5196535279403374,0.5196550553259981,0.5199683801825353,0.5199070383117944,0.519716397196739,0.0,0.0,0.0,0.0,0.009999999776482582,0.0,0.0,0.0,0.0,0.0,0.03777620941400528,0.027776211500167847,0.0,0.0,0.0,0.0
136.701,0.019999999552965164,-0.019999999552965164,0.03999999910593033,datactrl_ref_vx_fallback,states_vx_gs,0.017123403027653694,datactrl_est_theta_fallback,-0.046049926429986954,0.38985608825371504,0.2250835230561212,0.5197478972830547,0.5198683380601854,0.5198659711938145,0.5197502641494256,0.5197530367133563,0.5198631986298838,0.0,0.0,0.0,0.0,0.019999999552965164,0.0,0.0,0.0,0.0,0.0,0.017123403027653694,0.017123403027653694,0.0,0.0,0.0,0.0
137.052,0.019999999552965164,-0.019999999552965164,0.03999999910593033,datactrl_ref_vx_fallback,states_vx_gs,0.015553474426269531,datactrl_est_theta_fallback,-0.047018229961395264,0.3902584971972153,0.22531587194975602,0.5201886900808261,0.5205006357784145,0.5204387435911129,0.5202505822681278,0.5202484771207845,0.5204408487384562,0.0,0.0,0.0,0.0,0.019999999552965164,0.0,0.0,0.0,0.0,0.0,0.015553474426269531,0.015553474426269531,0.0,0.0,0.0,0.0
137.449,0.019999999552965164,-0.019999999552965164,0.03999999910593033,datactrl_ref_vx_fallback,states_vx_gs,0.013983545824885368,datactrl_est_theta_fallback,-0.048017069697380066,0.38992389410911915,0.2251226653203303,0.5199087793942562,0.5198882715633949,0.5198992871310043,0.5198977638266468,0.5198906704067848,0.5199063805508662,0.0,0.0,0.0,0.0,0.019999999552965164,0.0,0.0,0.0,0.0,0.0,0.013983545824885368,0.013983545824885368,0.0,0.0,0.0,0.0
137.824,0.009999999776482582,-0.009999999776482582,0.019999999552965164,datactrl_ref_vx_fallback,states_vx_gs,-0.009999999776482582,states_theta,-0.04996664077043533,0.3899542041109952,0.22514025030914672,0.5201955595468399,0.5196823180824806,0.5198236530012114,0.5200542246281091,0.5202128370725853,0.5196650405567352,0.0,0.0,0.0,0.0,0.009999999776482582,0.0,0.0,0.0,0.0,0.0,0.032438453286886215,0.04243845120072365,0.0,0.0,0.0,0.0
138.577,0.009999999776482582,-0.009999999776482582,0.019999999552965164,datactrl_ref_vx_fallback,states_vx_gs,0.030829275026917458,datactrl_est_theta_fallback,-0.013889936730265617,0.38998016246697464,0.22515528182443345,0.5201827109954852,0.5197643889164473,0.5196795192692726,0.5202675806426599,0.5202961038549353,0.5196509960569972,0.0,0.0,0.0,0.0,0.009999999776482582,0.0,0.0,0.0,0.0,0.0,0.030829275026917458,0.030829275026917458,0.0,0.0,0.0,0.0
138.949,0.009999999776482582,-0.009999999776482582,0.019999999552965164,datactrl_ref_vx_fallback,states_vx_gs,0.03004431165754795,datactrl_est_theta_fallback,0.021568993106484413,0.39002078745572794,0.22517875998752157,0.5198061086647864,0.5202493245504881,0.5203408635683958,0.5197145696468787,0.5196684160966515,0.520387017118623,0.0,0.0,0.0,0.0,0.009999999776482582,0.0,0.0,0.0,0.0,0.0,0.03004431165754795,0.03004431165754795,0.0,0.0,0.0,0.0
139.321,0.009999999776482582,-0.009999999776482582,0.019999999552965164,datactrl_ref_vx_fallback,states_vx_gs,0.029259346425533295,datactrl_est_theta_fallback,-0.01552607398480177,0.3900213274166286,0.22517913251531738,0.5202826049225414,0.5197742681884682,0.5196429324905144,0.5204139406204952,0.5204438239511745,0.5196130491598351,0.0,0.0,0.0,0.0,0.009999999776482582,0.0,0.0,0.0,0.0,0.0,0.029259346425533295,0.029259346425533295,0.0,0.0,0.0,0.0
139.658,0.009999999776482582,-0.009999999776482582,0.019999999552965164,datactrl_ref_vx_fallback,states_vx_gs,0.028474383056163788,datactrl_est_theta_fallback,0.018184632062911987,0.3900494053830618,0.22519526829224082,0.5198428833737656,0.5202888643143992,0.5203614449314612,0.5197703027567037,0.5197289689124954,0.5204027787756694,0.0,0.0,0.0,0.0,0.009999999776482582,0.0,0.0,0.0,0.0,0.0,0.028474383056163788,0.028474383056163788,0.0,0.0,0.0,0.0
140.015,0.009999999776482582,-0.009999999776482582,0.019999999552965164,datactrl_ref_vx_fallback,states_vx_gs,0.027689417824149132,datactrl_est_theta_fallback,-0.018543526530265808,0.3900777263274955,0.22521156945639148,0.520282513042379,0.5199247571642757,0.519867471992392,0.5203397982142627,0.520373564614156,0.5198337055924988,0.0,0.0,0.0,0.0,0.009999999776482582,0.0,0.0,0.0,0.0,0.0,0.027689417824149132,0.027689417824149132,0.0,0.0,0.0,0.0
140.392,0.009999999776482582,-0.009999999776482582,0.019999999552965164,datactrl_ref_vx_fallback,states_vx_gs,0.026904454454779625,datactrl_est_theta_fallback,0.016810987144708633,0.3900793462101103,0.22521249113953776,0.5199597877419584,0.5202518021516691,0.520324071089195,0.5198875188044325,0.5198464774108578,0.5203651124827697,0.0,0.0,0.0,0.0,0.009999999776482582,0.0,0.0,0.0,0.0,0.0,0.026904454454779625,0.026904454454779625,0.0,0.0,0.0,0.0
140.77,0.009999999776482582,-0.009999999776482582,0.019999999552965164,datactrl_ref_vx_fallback,states_vx_gs,0.02611948922276497,datactrl_est_theta_fallback,0.015981215983629227,0.39008096609272513,0.22521343790993764,0.5202261570482984,0.5199897525323018,0.5198209610215634,0.5203949485590369,0.5203542199818305,0.5198616895987698,0.0,0.0,0.0,0.0,0.009999999776482582,0.0,0.0,0.0,0.0,0.0,0.02611948922276497,0.02611948922276497,0.0,0.0,0.0,0.0
141.12,0.009999999776482582,-0.009999999776482582,0.019999999552965164,datactrl_ref_vx_fallback,states_vx_gs,0.025334523990750313,datactrl_est_theta_fallback,0.014958906918764114,0.3900963345374117,0.2252222812527568,0.5200283374234459,0.5202285546763187,0.5203237691251682,0.5199331229745964,0.5198930203848867,0.5203638717148779,0.0,0.0,0.0,0.0,0.009999999776482582,0.0,0.0,0.0,0.0,0.0,0.025334523990750313,0.025334523990750313,0.0,0.0,0.0,0.0
141.47,0.009999999776482582,-0.009999999776482582,0.019999999552965164,datactrl_ref_vx_fallback,states_vx_gs,0.024549560621380806,datactrl_est_theta_fallback,-0.004079017322510481,0.39009822452930487,0.22522333207839607,0.5201543100180721,0.5201076220600742,0.5200067639228275,0.5202551681553188,0.5202530492903391,0.5200088827878072,0.0,0.0,0.0,0.0,0.009999999776482582,0.0,0.0,0.0,0.0,0.0,0.024549560621380806,0.024549560621380806,0.0,0.0,0.0,0.0
141.847,0.009999999776482582,-0.009999999776482582,0.019999999552965164,datactrl_ref_vx_fallback,states_vx_gs,0.02376459538936615,datactrl_est_theta_fallback,-0.0050686197355389595,0.3900865145192294,0.22521655616132674,0.5200735128561956,0.520157192528416,0.5201448572270196,0.520085848157592,0.5200841132705313,0.5201465921140803,0.0,0.0,0.0,0.0,0.009999999776482582,0.0,0.0,0.0,0.0,0.0,0.02376459538936615,0.02376459538936615,0.0,0.0,0.0,0.0
142.202,0.009999999776482582,-0.009999999776482582,0.019999999552965164,datactrl_ref_vx_fallback,states_vx_gs,0.022979632019996643,datactrl_est_theta_fallback,-0.006950701586902142,0.39008813440184414,0.22521750408367855,0.5201533878892849,0.5200816371822995,0.5200055587192682,0.5202294663523161,0.5202298834129628,0.5200051416586216,0.0,0.0,0.0,0.0,0.009999999776482582,0.0,0.0,0.0,0.0,0.0,0.022979632019996643,0.022979632019996643,0.0,0.0,0.0,0.0
142.55,0.019999999552965164,-0.019999999552965164,0.03999999910593033,datactrl_ref_vx_fallback,states_vx_gs,0.0022875757422298193,datactrl_est_theta_fallback,-0.00803576223552227,0.3900627022481112,0.22520282045576803,0.52003503730675,0.5201321686882131,0.5201213325403371,0.520045873454626,0.5199352700768634,0.5202319359180998,0.0,0.0,0.0,0.0,0.019999999552965164,0.0,0.0,0.0,0.0,0.0,0.0022875757422298193,0.0022875757422298193,0.0,0.0,0.0,0.0
142.874,0.019999999552965164,-0.019999999552965164,0.03999999910593033,datactrl_ref_vx_fallback,states_vx_gs,0.0007176469662226737,datactrl_est_theta_fallback,-0.08601071685552597,0.3900637821699125,0.2252034337142454,0.5200071727837767,0.5201629130026566,0.5201199350264252,0.5200501507600082,0.5200930804264956,0.5200770053599377,0.0,0.0,0.0,0.0,0.019999999552965164,0.0,0.0,0.0,0.0,0.0,0.0007176469662226737,0.0007176469662226737,0.0,0.0,0.0,0.0
143.259,0.009999999776482582,-0.009999999776482582,0.019999999552965164,datactrl_ref_vx_fallback,states_vx_gs,-0.009999999776482582,states_theta,-0.04902852326631546,0.3900374590764066,0.2251882628159831,0.5201750612099683,0.5199248296604493,0.5199652836218451,0.5201346072485724,0.5202307999862319,0.5198690908841856,0.0,0.0,0.0,0.0,0.009999999776482582,0.0,0.0,0.0,0.0,0.0,0.019251050427556038,0.02925105020403862,0.0,0.0,0.0,0.0
143.675,0.009999999776482582,-0.009999999776482582,0.019999999552965164,datactrl_ref_vx_fallback,states_vx_gs,-0.009999999776482582,states_theta,0.026001349091529846,0.38999715805131974,0.2251649974046097,0.5199173345077436,0.5200750869624423,0.520185738161328,0.5198066833088579,0.5198631745534039,0.520129246916782,0.0,0.0,0.0,0.0,0.009999999776482582,0.0,0.0,0.0,0.0,0.0,0.01846608705818653,0.028466086834669113,0.0,0.0,0.0,0.0
144.055,0.009999999776482582,-0.009999999776482582,0.019999999552965164,datactrl_ref_vx_fallback,states_vx_gs,0.017681121826171875,datactrl_est_theta_fallback,0.06299038976430893,0.3885149985596826,0.2243092422756008,0.5180627749671243,0.5179772211920293,0.5179681113018505,0.518071884857303,0.5180567559821675,0.517983240176986,0.0,0.0,0.0,0.0,0.009999999776482582,0.0,0.0,0.0,0.0,0.0,0.017681121826171875,0.017681121826171875,0.0,0.0,0.0,0.0
144.415,0.016626481199637055,-0.009999999776482582,0.026626480976119637,datactrl_ref_vx_fallback,states_vx_gs,0.010234738700091839,datactrl_est_theta_fallback,0.023980654776096344,0.3825103685508703,0.22084246834673732,0.5100483054817186,0.5099793439872689,0.5099495013532274,0.5100781481157601,0.5100575313612465,0.509970118107741,0.0,0.0,0.0,0.0033132408279925585,0.013313240371644497,0.0,0.0,0.0,0.0,0.0,0.010234738700091839,0.010234738700091839,0.0,0.0,0.0,0.0
144.797,0.016626481199637055,-0.009999999776482582,0.026626480976119637,datactrl_ref_vx_fallback,states_vx_gs,0.009189696982502937,datactrl_est_theta_fallback,-0.012816054746508598,0.3760907547483861,0.21713611358423268,0.5013984009990278,0.5015102783300018,0.5015640277256898,0.5013446516033399,0.5013492065432626,0.501559472785767,0.0,0.0,0.0,0.0033132408279925585,0.013313240371644497,0.0,0.0,0.0,0.0,0.0,0.009189696982502937,0.009189696982502937,0.0,0.0,0.0,0.0
145.124,0.016626481199637055,-0.009999999776482582,0.026626480976119637,datactrl_ref_vx_fallback,states_vx_gs,0.008144654333591461,datactrl_est_theta_fallback,-0.014332345686852932,0.37560117058799997,0.2168534740006313,0.5008680644483969,0.500735057119603,0.5006252408861237,0.5009778806818762,0.5009711790564074,0.5006319425115925,0.0,0.0,0.0,0.0033132408279925585,0.013313240371644497,0.0,0.0,0.0,0.0,0.0,0.008144654333591461,0.008144654333591461,0.0,0.0,0.0,0.0
145.494,0.023288647178560495,-0.009999999776482582,0.03328864695504308,datactrl_ref_vx_fallback,states_vx_gs,0.00040302524575963616,datactrl_est_theta_fallback,-0.03303145244717598,0.3770616233291791,0.21769665428746326,0.5027109953006604,0.5027866669104838,0.5028833963154297,0.5026142658957146,0.5025964205973369,0.5029012416138073,0.0,0.0,0.0,0.0066443239338696,0.016644323244690895,0.0,0.0,0.0,0.0,0.0,0.00040302524575963616,0.00040302524575963616,0.0,0.0,0.0,0.0
145.884,0.023288647178560495,-0.009999999776482582,0.03328864695504308,datactrl_ref_vx_fallback,states_vx_gs,-0.009999999776482582,states_theta,-0.049994271248579025,0.3794230601151046,0.21906000655347713,0.5058794258990762,0.5059154010745361,0.505918809707062,0.5058760172665503,0.5059167527170959,0.5058780742565164,0.0,0.0,0.0,0.0066443239338696,0.016644323244690895,0.0,0.0,0.0,0.0,0.0,-0.0009034949471242726,0.009096505120396614,0.0,0.0,0.0,0.0
146.256,0.023252961691468954,-0.009999999776482582,0.033252961467951536,datactrl_ref_vx_fallback,states_vx_gs,-0.019999999552965164,states_theta,-0.036888957023620605,0.38168710990480925,0.22036716037718357,0.5089382678398583,0.5088940252396331,0.5088885450823063,0.5089437479971851,0.5090003069406087,0.5088319861388827,0.0,0.0,0.0,0.006626480724662542,0.016626480966806412,0.0,0.0,0.0,0.0,0.0,-0.0021748447325080633,0.017825154587626457,0.0,0.0,0.0,0.0
146.617,0.029915129765868187,-0.009999999776482582,0.03991512954235077,datactrl_ref_vx_fallback,states_vx_gs,-0.019999999552965164,states_theta,-0.019028039649128914,0.383995723226355,0.22170003572000688,0.512029440869349,0.5119591544009311,0.5119609525116603,0.5120276427586198,0.512014244812432,0.5119743504578481,0.0,0.0,0.0,0.009957564994692802,0.019957564771175385,0.0,0.0,0.0,0.0,0.0,-0.010176554322242737,0.009823445230722427,0.0,0.0,0.0,0.0
146.988,0.029915129765868187,-0.009999999776482582,0.03991512954235077,datactrl_ref_vx_fallback,states_vx_gs,-0.029999999329447746,states_theta,-0.05681067332625389,0.38580407048444515,0.22274408905745277,0.5143672849509136,0.5144435696742735,0.5144925001676306,0.5143183544575565,0.5144136204204899,0.5143972342046972,0.0,0.0,0.0,0.009957564994692802,0.019957564771175385,0.0,0.0,0.0,0.0,0.0,-0.0117431515827775,0.01825684681534767,0.0,0.0,0.0,0.0
147.38,0.029915129765868187,-0.009999999776482582,0.03991512954235077,datactrl_ref_vx_fallback,states_vx_gs,-0.029999999329447746,states_theta,-0.006878956221044064,0.386901980231075,0.22337797174227067,0.5159239410379659,0.5158146729115676,0.5157844770127976,0.5159541369367359,0.5159496113320882,0.5157890026174453,0.0,0.0,0.0,0.009957564994692802,0.019957564771175385,0.0,0.0,0.0,0.0,0.0,-0.013309749774634838,0.016690250486135483,0.0,0.0,0.0,0.0
147.748,0.03657729737460613,-0.009999999776482582,0.046577297151088715,datactrl_ref_vx_fallback,states_vx_gs,-0.03999999910593033,states_theta,-0.0009996554581448436,0.38779914067309607,0.22389597677526668,0.5171912459442137,0.516939795850709,0.5168992887899831,0.5172317530049396,0.517225361379645,0.5169056804152777,0.0,0.0,0.0,0.013288648799061775,0.023288648575544357,0.0,0.0,0.0,0.0,0.0,-0.021442197263240814,0.018557801842689514,0.0,0.0,0.0,0.0
148.096,0.036541612818837166,-0.009999999776482582,0.04654161259531975,datactrl_ref_vx_fallback,states_vx_gs,-0.03999999910593033,states_theta,-0.002050495008006692,0.3884383392557272,0.2242650799610789,0.5177941460663451,0.5180414252822607,0.5181978666055448,0.517637704743061,0.5176243757462843,0.5182111956023215,0.0,0.0,0.0,0.013270806521177292,0.023270806297659874,0.0,0.0,0.0,0.0,0.0,-0.023234404623508453,0.016765594482421875,0.0,0.0,0.0,0.0
148.444,0.036541612818837166,-0.009999999776482582,0.04654161259531975,datactrl_ref_vx_fallback,states_vx_gs,-0.03999999910593033,states_theta,-0.0020007339771836996,0.3887781701636647,0.22446144030894236,0.5186343540713491,0.5181074330317569,0.5179148068369325,0.5188269802661735,0.5188043155701744,0.5179374715329316,0.0,0.0,0.0,0.013270806521177292,0.023270806297659874,0.0,0.0,0.0,0.0,0.0,-0.02506108023226261,0.014938918873667717,0.0,0.0,0.0,0.0
149.199,0.026541613042354584,0.013270806521177292,0.013270806521177292,datactrl_ref_vx_fallback,datactrl_est_vx_fallback,-0.029999999329447746,states_theta,0.05930422991514206,0.38916571183618887,0.2246850243866575,0.5187830667103671,0.5189921648528032,0.5191139746996885,0.5186612568634819,0.5185556413247994,0.5192195902383709,0.0,0.0,0.0,0.013270806521177292,0.013270806521177292,0.0,0.0,0.0,0.0,0.0,-0.008140119723975658,0.021859878674149513,0.0,0.0,0.0,0.0
149.95,0.033168092370033264,0.016584046185016632,0.016584046185016632,datactrl_ref_vx_fallback,datactrl_est_vx_fallback,-0.029999999329447746,states_theta,0.03535734489560127,0.4049951698795303,0.23382411454416838,0.5398811928909645,0.5401059267877831,0.5401201171571484,0.5398670025215992,0.5397611262527762,0.5402259934259714,0.0,0.0,0.0,0.016584046185016632,0.016584046185016632,0.0,0.0,0.0,0.0,0.0,-0.017145035788416862,0.012854963541030884,0.0,0.0,0.0,0.0
150.314,0.033168092370033264,0.016584046185016632,0.016584046185016632,datactrl_ref_vx_fallback,datactrl_est_vx_fallback,-0.029999999329447746,states_theta,-0.03170442208647728,0.39881835063289794,0.2302578912110938,0.5317505180446823,0.5317650836430455,0.5316789945558205,0.5318366071319074,0.531860405534603,0.5316551961531248,0.0,0.0,0.0,0.016584046185016632,0.016584046185016632,0.0,0.0,0.0,0.0,0.0,-0.018446825444698334,0.011553174816071987,0.0,0.0,0.0,0.0
150.696,0.033168092370033264,0.016584046185016632,0.016584046185016632,datactrl_ref_vx_fallback,datactrl_est_vx_fallback,-0.03999999910593033,states_theta,-0.05379563570022583,0.3950126448811827,0.22806066071798112,0.526684932788414,0.5266821202280731,0.5267380798861835,0.5266289731303037,0.5267473157703114,0.5266197372461757,0.0,0.0,0.0,0.016584046185016632,0.016584046185016632,0.0,0.0,0.0,0.0,0.0,-0.019748613238334656,0.020251385867595673,0.0,0.0,0.0,0.0
151.443,0.0331324078142643,0.01656620390713215,0.01656620390713215,datactrl_ref_vx_fallback,datactrl_est_vx_fallback,-0.03999999910593033,states_theta,0.014996463432908058,0.39158118288861277,0.22607964030984604,0.5222200955145262,0.5219963921884412,0.5217456659231186,0.5224708217798488,0.5224358926093666,0.5217805950936008,0.0,0.0,0.0,0.01656620390713215,0.01656620390713215,0.0,0.0,0.0,0.0,0.0,-0.022381341084837914,0.017618658021092415,0.0,0.0,0.0,0.0
